victim_age,offender_age,incident_hour,latitude,longitude,month_num,relationship_name,victim_sex,offender_sex,victim_ethnicity,offender_ethnicity,victim_race,offender_race,location_name,offense_name,offense_category_name,crime_against,ct_flag,hc_flag
10,56,21,-74.06,39.74,4,Relationship Unknown,M,F,Not Hispanic or Latino,Not Hispanic or Latino,White,Black or African American,Highway/Road/Alley/Street/Sidewalk,Murder and Nonnegligent Manslaughter,Counterfeiting/Forgery,Property,True,True
32,33,4,-74.92,39.58,8,Victim Was Friend,F,F,Not Hispanic or Latino,Not Hispanic or Latino,White,Black or African American,Residence/Home,Identity Theft,Assault Offenses,Property,False,False
65,24,3,-74.73,39.78,6,Victim Was Sibling,F,F,Hispanic or Latino,Hispanic or Latino,Black or African American,Black or African American,Residence/Home,Simple Assault,Bribery,Property,False,True
93,100,12,-75.06,39.58,10,Victim Was Friend,F,F,Not Hispanic or Latino,Not Hispanic or Latino,White,White,Residence/Home,Intimidation,Sex Offenses,Property,True,True
17,56,2,-75.39,39.79,12,Victim Was Ex-Relationship (Ex-Boyfriend/Girlfriend),F,F,Not Hispanic or Latino,Not Hispanic or Latino,White,White,Department/Discount Store,Impersonation,Counterfeiting/Forgery,Property,True,True
1,93,9,-75.39,39.0,6,Victim Was Friend,F,F,Not Hispanic or Latino,Hispanic or Latino,Black or African American,Native Hawaiian or Other Pacific Islander,Residence/Home,Impersonation,Homicide Offenses,Person,True,False
47,52,1,-74.49,40.8,1,Victim was Otherwise Known,F,F,Not Hispanic or Latino,Not Hispanic or Latino,Asian,Black or African American,Highway/Road/Alley/Street/Sidewalk,Theft From Motor Vehicle,Stolen Property Offenses,Person,True,True
50,35,10,-75.38,39.72,4,Victim was Otherwise Known,F,F,Not Hispanic or Latino,Not Hispanic or Latino,Black or African American,White,Residence/Home,Theft From Building,Sex Offenses,Property,True,False
3,89,9,-75.33,38.99,5,Victim Was Boyfriend/Girlfriend,M,F,Not Hispanic or Latino,Not Hispanic or Latino,White,Black or African American,Parking/Drop Lot/Garage,Aggravated Assault,Extortion/Blackmail,Person,True,True
90,76,23,-75.54,39.59,7,Victim Was Neighbor,F,F,Hispanic or Latino,Hispanic or Latino,White,Black or African American,Highway/Road/Alley/Street/Sidewalk,False Pretenses/Swindle/Confidence Game,Robbery,Property,True,True
20,43,4,-74.08,40.67,6,Victim Was Ex-Relationship (Ex-Boyfriend/Girlfriend),F,M,Not Hispanic or Latino,Not Hispanic or Latino,White,White,Residence/Home,Motor Vehicle Theft,Larceny/Theft Offenses,Property,False,True
14,55,6,-74.74,40.29,2,Victim Was Ex-Relationship (Ex-Boyfriend/Girlfriend),M,M,Hispanic or Latino,Not Hispanic or Latino,White,Black or African American,Residence/Home,Rape,Counterfeiting/Forgery,Property,False,True
2,42,9,-74.57,39.75,1,Victim was Otherwise Known,F,F,Not Hispanic or Latino,Not Hispanic or Latino,White,Black or African American,Residence/Home,Destruction/Damage/Vandalism of Property,Embezzlement,Person,True,True
69,68,13,-75.35,41.13,12,Relationship Unknown,M,F,Hispanic or Latino,Not Hispanic or Latino,White,White,Highway/Road/Alley/Street/Sidewalk,Extortion/Blackmail,Counterfeiting/Forgery,Property,True,True
19,32,14,-74.09,39.64,6,Victim Was Sibling,M,M,Not Hispanic or Latino,Hispanic or Latino,Black or African American,White,Residence/Home,False Pretenses/Swindle/Confidence Game,Sex Offenses,Property,True,True
30,60,14,-74.56,40.12,10,Victim was Otherwise Known,F,F,Not Hispanic or Latino,Not Hispanic or Latino,White,White,Parking/Drop Lot/Garage,Statutory Rape,Destruction/Damage/Vandalism of Property,Person,True,True
1,81,1,-75.25,39.01,3,Victim Was Neighbor,M,M,Hispanic or Latino,Not Hispanic or Latino,White,White,Highway/Road/Alley/Street/Sidewalk,Fondling,Arson,Property,True,True
16,54,23,-74.94,39.32,2,Victim Was Boyfriend/Girlfriend,F,F,Hispanic or Latino,Hispanic or Latino,White,White,Residence/Home,Fondling,Extortion/Blackmail,Person,True,False
90,16,21,-74.93,39.85,4,Victim Was Neighbor,F,F,Not Hispanic or Latino,Not Hispanic or Latino,White,Asian,Highway/Road/Alley/Street/Sidewalk,Destruction/Damage/Vandalism of Property,Bribery,Property,True,True
64,74,9,-75.0,40.38,5,Victim Was Boyfriend/Girlfriend,F,F,Hispanic or Latino,Hispanic or Latino,White,White,Residence/Home,Wire Fraud,Robbery,Property,True,True
87,79,23,-74.82,40.87,11,Victim Was Spouse,M,M,Hispanic or Latino,Not Hispanic or Latino,White,Black or African American,Highway/Road/Alley/Street/Sidewalk,False Pretenses/Swindle/Confidence Game,Extortion/Blackmail,Property,True,True
62,8,3,-75.5,39.19,6,Victim Was Sibling,M,F,Not Hispanic or Latino,Not Hispanic or Latino,Black or African American,White,Residence/Home,Aggravated Assault,Stolen Property Offenses,Person,True,True
50,9,15,-75.07,40.17,12,Victim Was Spouse,F,F,Not Hispanic or Latino,Hispanic or Latino,White,White,Highway/Road/Alley/Street/Sidewalk,Burglary/Breaking & Entering,Motor Vehicle Theft,Person,True,False
28,72,9,-75.34,40.08,12,Victim Was Ex-Relationship (Ex-Boyfriend/Girlfriend),F,F,Not Hispanic or Latino,Not Hispanic or Latino,Black or African American,White,Highway/Road/Alley/Street/Sidewalk,Theft From Building,Fraud Offenses,Property,True,True
93,77,7,-73.92,41.18,12,Victim Was Sibling,M,M,Hispanic or Latino,Not Hispanic or Latino,White,Black or African American,Residence/Home,Kidnapping/Abduction,Motor Vehicle Theft,Person,False,True
85,4,10,-75.53,39.69,10,Victim Was Sibling,M,F,Not Hispanic or Latino,Hispanic or Latino,American Indian or Alaska Native,White,Highway/Road/Alley/Street/Sidewalk,Shoplifting,Extortion/Blackmail,Property,True,True
10,43,7,-74.48,40.16,6,Victim Was Boyfriend/Girlfriend,F,M,Hispanic or Latino,Not Hispanic or Latino,Black or African American,Asian,Drug Store/Doctor's Office/Hospital,Theft From Building,Counterfeiting/Forgery,Person,True,False
28,11,21,-74.32,40.22,9,Victim was Ex-Spouse,F,M,Not Hispanic or Latino,Hispanic or Latino,Black or African American,White,Residence/Home,Fondling,Arson,Property,True,True
19,73,20,-75.24,39.71,8,Victim Was Spouse,F,F,Not Hispanic or Latino,Not Hispanic or Latino,Black or African American,White,Residence/Home,Murder and Nonnegligent Manslaughter,Counterfeiting/Forgery,Person,True,True
75,65,13,-75.3,39.19,11,Victim Was Other Family Member,M,F,Not Hispanic or Latino,Not Hispanic or Latino,White,White,Residence/Home,Counterfeiting/Forgery,Arson,Person,True,True
61,84,11,-73.99,40.13,8,Victim Was Sibling,M,F,Not Hispanic or Latino,Hispanic or Latino,White,Asian,Highway/Road/Alley/Street/Sidewalk,Statutory Rape,Motor Vehicle Theft,Property,True,True
72,17,7,-75.05,40.7,4,Victim Was Neighbor,F,F,Hispanic or Latino,Hispanic or Latino,White,White,Highway/Road/Alley/Street/Sidewalk,Extortion/Blackmail,Burglary/Breaking & Entering,Person,False,True
13,34,20,-74.79,40.82,10,Victim Was Stranger,M,M,Not Hispanic or Latino,Not Hispanic or Latino,White,White,Residence/Home,Stolen Property Offenses,Robbery,Property,False,True
3,43,5,-74.75,39.01,3,Victim was Ex-Spouse,M,F,Not Hispanic or Latino,Hispanic or Latino,White,White,Residence/Home,Identity Theft,Burglary/Breaking & Entering,Person,True,True
74,23,13,-74.0,40.41,5,Victim Was Stranger,F,M,Hispanic or Latino,Hispanic or Latino,White,White,Residence/Home,Simple Assault,Extortion/Blackmail,Property,True,False
12,39,19,-75.25,40.47,10,Victim Was Friend,M,F,Not Hispanic or Latino,Hispanic or Latino,White,White,Convenience Store,Extortion/Blackmail,Assault Offenses,Person,True,True
48,6,13,-74.01,39.8,4,Victim Was Spouse,F,F,Hispanic or Latino,Not Hispanic or Latino,American Indian or Alaska Native,White,Highway/Road/Alley/Street/Sidewalk,Motor Vehicle Theft,Fraud Offenses,Property,True,False
56,92,19,-74.11,39.67,4,Victim Was Spouse,F,F,Hispanic or Latino,Not Hispanic or Latino,White,Black or African American,Residence/Home,Shoplifting,Larceny/Theft Offenses,Person,True,True
8,27,12,-74.73,41.21,10,Relationship Unknown,F,M,Not Hispanic or Latino,Not Hispanic or Latino,White,Asian,Cyberspace,Counterfeiting/Forgery,Kidnapping/Abduction,Property,False,True
39,37,21,-75.1,39.43,10,Victim Was Neighbor,F,M,Not Hispanic or Latino,Not Hispanic or Latino,Black or African American,White,Residence/Home,Sodomy,Bribery,Property,True,False
2,64,3,-74.38,39.94,1,Victim was Otherwise Known,M,F,Hispanic or Latino,Not Hispanic or Latino,Black or African American,Black or African American,Residence/Home,Murder and Nonnegligent Manslaughter,Robbery,Property,False,True
88,84,15,-74.81,39.11,10,Victim Was Stranger,F,F,Hispanic or Latino,Hispanic or Latino,White,Black or African American,Residence/Home,All Other Larceny,Human Trafficking,Person,False,True
79,67,18,-74.16,40.92,2,Victim Was Boyfriend/Girlfriend,F,M,Not Hispanic or Latino,Not Hispanic or Latino,White,Black or African American,Highway/Road/Alley/Street/Sidewalk,Rape,Sex Offenses,Property,True,True
22,2,19,-74.61,39.86,7,Victim Was Other Family Member,F,F,Hispanic or Latino,Not Hispanic or Latino,Black or African American,White,Highway/Road/Alley/Street/Sidewalk,Shoplifting,Fraud Offenses,Property,False,True
4,88,16,-74.55,40.68,2,Victim Was Friend,M,M,Not Hispanic or Latino,Hispanic or Latino,Black or African American,Black or African American,Residence/Home,Sexual Assault With An Object,Kidnapping/Abduction,Person,True,True
13,67,14,-74.67,39.17,9,Victim Was Other Family Member,F,F,Not Hispanic or Latino,Not Hispanic or Latino,Black or African American,Black or African American,Residence/Home,Motor Vehicle Theft,Assault Offenses,Person,True,True
8,57,4,-74.61,39.97,8,Victim Was Ex-Relationship (Ex-Boyfriend/Girlfriend),M,F,Hispanic or Latino,Not Hispanic or Latino,White,White,Convenience Store,Burglary/Breaking & Entering,Bribery,Property,False,True
1,59,12,-75.1,41.05,4,Victim Was Child,M,M,Hispanic or Latino,Not Hispanic or Latino,Black or African American,White,Residence/Home,Shoplifting,Bribery,Person,True,True
55,70,5,-74.34,40.91,2,Victim Was Stranger,F,F,Not Hispanic or Latino,Not Hispanic or Latino,White,White,Residence/Home,Wire Fraud,Fraud Offenses,Person,True,False
66,5,15,-73.92,39.46,8,Victim Was Stranger,F,M,Hispanic or Latino,Not Hispanic or Latino,White,White,Residence/Home,Shoplifting,Burglary/Breaking & Entering,Person,True,True
66,16,11,-75.35,39.01,4,Victim Was Acquaintance,F,F,Not Hispanic or Latino,Hispanic or Latino,White,White,Residence/Home,Credit Card/Automated Teller Machine Fraud,Sex Offenses,Person,True,True
87,47,9,-74.78,39.99,6,Victim Was Friend,M,M,Not Hispanic or Latino,Not Hispanic or Latino,Black or African American,Black or African American,Residence/Home,Statutory Rape,Stolen Property Offenses,Property,True,True
12,77,2,-74.04,40.58,12,Victim Was Other Family Member,M,F,Hispanic or Latino,Not Hispanic or Latino,White,Black or African American,Residence/Home,Shoplifting,Bribery,Person,True,True
3,69,6,-74.66,39.52,3,Victim Was Parent,M,F,Not Hispanic or Latino,Hispanic or Latino,White,Black or African American,Bar/Nightclub,Purse-snatching,Sex Offenses,Person,True,True
96,99,16,-75.34,41.27,2,Victim Was Sibling,F,M,Hispanic or Latino,Not Hispanic or Latino,White,White,Residence/Home,Theft From Building,Assault Offenses,Person,True,True
44,34,14,-74.87,39.02,8,Victim was Ex-Spouse,M,F,Hispanic or Latino,Not Hispanic or Latino,Black or African American,White,Residence/Home,Identity Theft,Fraud Offenses,Person,True,True
4,72,4,-75.17,41.06,6,Victim Was Other Family Member,F,F,Hispanic or Latino,Not Hispanic or Latino,White,White,Residence/Home,Wire Fraud,Sex Offenses,Person,True,True
11,2,15,-74.05,40.43,8,Victim Was Boyfriend/Girlfriend,M,M,Not Hispanic or Latino,Not Hispanic or Latino,Black or African American,Black or African American,Convenience Store,Theft of Motor Vehicle Parts or Accessories,Counterfeiting/Forgery,Property,False,True
66,97,21,-74.3,39.39,1,Relationship Unknown,M,F,Not Hispanic or Latino,Hispanic or Latino,White,Black or African American,Residence/Home,False Pretenses/Swindle/Confidence Game,Assault Offenses,Property,True,True
47,68,21,-74.48,40.15,9,Victim Was Stranger,M,F,Hispanic or Latino,Hispanic or Latino,American Indian or Alaska Native,Black or African American,Highway/Road/Alley/Street/Sidewalk,Statutory Rape,Bribery,Property,False,True
25,44,17,-74.77,40.58,1,Victim Was Spouse,M,F,Hispanic or Latino,Not Hispanic or Latino,Black or African American,White,Cyberspace,False Pretenses/Swindle/Confidence Game,Embezzlement,Person,True,True
78,40,5,-74.72,40.71,1,Victim Was Other Family Member,M,F,Not Hispanic or Latino,Not Hispanic or Latino,White,White,Cyberspace,Counterfeiting/Forgery,Kidnapping/Abduction,Person,True,True
75,68,0,-75.2,40.18,11,Victim Was Neighbor,F,F,Hispanic or Latino,Not Hispanic or Latino,White,Black or African American,Residence/Home,Statutory Rape,Stolen Property Offenses,Property,True,True
41,72,8,-74.35,40.95,4,Victim was Ex-Spouse,F,M,Not Hispanic or Latino,Hispanic or Latino,White,White,Residence/Home,Simple Assault,Sex Offenses,Person,True,True
58,75,1,-74.07,40.39,11,Victim Was Neighbor,F,F,Not Hispanic or Latino,Not Hispanic or Latino,White,White,Residence/Home,Intimidation,Extortion/Blackmail,Person,True,True
71,21,22,-75.48,41.13,3,Victim Was Ex-Relationship (Ex-Boyfriend/Girlfriend),F,M,Hispanic or Latino,Not Hispanic or Latino,White,White,Residence/Home,Intimidation,Kidnapping/Abduction,Person,True,True
31,83,0,-74.85,40.2,1,Victim Was Acquaintance,F,F,Not Hispanic or Latino,Hispanic or Latino,White,Black or African American,Residence/Home,Sodomy,Fraud Offenses,Person,False,True
36,29,19,-74.08,39.21,9,Victim was Ex-Spouse,F,M,Not Hispanic or Latino,Not Hispanic or Latino,Black or African American,White,Residence/Home,Stolen Property Offenses,Larceny/Theft Offenses,Person,False,True
4,90,8,-73.92,40.33,8,Victim was Ex-Spouse,F,F,Hispanic or Latino,Not Hispanic or Latino,Black or African American,White,Highway/Road/Alley/Street/Sidewalk,Burglary/Breaking & Entering,Extortion/Blackmail,Person,True,False
19,93,10,-74.25,39.39,1,Victim Was Sibling,M,F,Hispanic or Latino,Not Hispanic or Latino,White,Black or African American,Highway/Road/Alley/Street/Sidewalk,Wire Fraud,Fraud Offenses,Property,True,False
10,57,12,-74.21,39.3,6,Victim was Ex-Spouse,F,F,Not Hispanic or Latino,Hispanic or Latino,Black or African American,White,Highway/Road/Alley/Street/Sidewalk,False Pretenses/Swindle/Confidence Game,Burglary/Breaking & Entering,Person,False,False
67,1,12,-74.44,41.02,6,Victim was Otherwise Known,F,F,Not Hispanic or Latino,Hispanic or Latino,White,Black or African American,Residence/Home,Stolen Property Offenses,Fraud Offenses,Property,True,True
49,36,5,-74.61,40.61,10,Victim Was Child,M,F,Not Hispanic or Latino,Not Hispanic or Latino,White,Black or African American,Residence/Home,Theft of Motor Vehicle Parts or Accessories,Burglary/Breaking & Entering,Person,False,True
21,71,11,-75.55,39.79,7,Victim Was Ex-Relationship (Ex-Boyfriend/Girlfriend),M,F,Hispanic or Latino,Hispanic or Latino,White,White,Specialty Store,Statutory Rape,Larceny/Theft Offenses,Property,True,True
63,31,22,-74.73,39.16,9,Victim Was Spouse,M,M,Not Hispanic or Latino,Not Hispanic or Latino,Black or African American,White,Residence/Home,Identity Theft,Destruction/Damage/Vandalism of Property,Property,True,True
81,87,3,-74.33,39.65,2,Victim Was Sibling,M,F,Not Hispanic or Latino,Not Hispanic or Latino,White,White,Residence/Home,Identity Theft,Extortion/Blackmail,Property,True,True
80,26,2,-74.01,40.32,11,Victim was Ex-Spouse,M,M,Not Hispanic or Latino,Not Hispanic or Latino,White,Black or African American,Residence/Home,Identity Theft,Burglary/Breaking & Entering,Property,True,True
27,40,11,-75.42,39.14,12,Victim Was Other Family Member,F,M,Not Hispanic or Latino,Not Hispanic or Latino,Unknown,Black or African American,Residence/Home,Purse-snatching,Extortion/Blackmail,Property,True,True
86,90,19,-75.18,40.88,9,Victim Was Other Family Member,F,M,Hispanic or Latino,Not Hispanic or Latino,Asian,White,Residence/Home,Destruction/Damage/Vandalism of Property,Burglary/Breaking & Entering,Property,True,True
10,2,7,-73.9,39.01,6,Victim was Otherwise Known,F,M,Not Hispanic or Latino,Hispanic or Latino,Black or African American,Black or African American,Highway/Road/Alley/Street/Sidewalk,Counterfeiting/Forgery,Robbery,Property,True,True
53,72,2,-74.38,39.48,8,Victim Was Neighbor,F,M,Not Hispanic or Latino,Hispanic or Latino,Unknown,Black or African American,Drug Store/Doctor's Office/Hospital,Wire Fraud,Larceny/Theft Offenses,Property,True,True
33,4,16,-74.78,40.48,12,Victim Was Ex-Relationship (Ex-Boyfriend/Girlfriend),F,F,Hispanic or Latino,Hispanic or Latino,Black or African American,White,Residence/Home,Sexual Assault With An Object,Extortion/Blackmail,Person,True,True
86,50,8,-75.26,39.03,2,Victim was Otherwise Known,F,F,Not Hispanic or Latino,Hispanic or Latino,Black or African American,White,Residence/Home,False Pretenses/Swindle/Confidence Game,Robbery,Property,False,True
55,53,2,-74.64,39.15,4,Victim Was Acquaintance,F,M,Hispanic or Latino,Hispanic or Latino,White,Black or African American,Residence/Home,Impersonation,Homicide Offenses,Property,True,True
58,27,16,-75.44,40.01,6,Relationship Unknown,M,M,Hispanic or Latino,Not Hispanic or Latino,White,White,Residence/Home,False Pretenses/Swindle/Confidence Game,Burglary/Breaking & Entering,Person,True,True
46,5,2,-74.36,39.8,1,Victim Was Child,M,F,Not Hispanic or Latino,Not Hispanic or Latino,White,Black or African American,Hotel/Motel/Etc.,Sodomy,Assault Offenses,Person,True,False
51,78,21,-75.51,40.74,5,Victim Was Other Family Member,M,M,Not Hispanic or Latino,Not Hispanic or Latino,Black or African American,White,Residence/Home,Impersonation,Robbery,Property,False,True
87,99,11,-74.62,39.06,11,Victim Was Ex-Relationship (Ex-Boyfriend/Girlfriend),F,F,Hispanic or Latino,Hispanic or Latino,White,Black or African American,Residence/Home,Credit Card/Automated Teller Machine Fraud,Extortion/Blackmail,Property,True,True
42,93,12,-75.19,39.95,2,Victim Was Friend,M,F,Not Hispanic or Latino,Not Hispanic or Latino,White,Black or African American,Residence/Home,Credit Card/Automated Teller Machine Fraud,Assault Offenses,Person,True,True
86,39,4,-74.44,39.94,4,Victim Was Boyfriend/Girlfriend,F,M,Hispanic or Latino,Not Hispanic or Latino,Black or African American,Black or African American,Residence/Home,Intimidation,Kidnapping/Abduction,Person,True,True
87,3,13,-74.17,39.97,1,Victim Was Boyfriend/Girlfriend,F,F,Not Hispanic or Latino,Hispanic or Latino,White,White,Residence/Home,Motor Vehicle Theft,Robbery,Property,True,True
32,49,23,-75.35,40.14,4,Victim was Ex-Spouse,F,M,Hispanic or Latino,Not Hispanic or Latino,Black or African American,Black or African American,Residence/Home,Intimidation,Bribery,Property,True,True
74,85,12,-74.25,39.38,1,Relationship Unknown,F,M,Hispanic or Latino,Not Hispanic or Latino,Black or African American,White,Residence/Home,Rape,Destruction/Damage/Vandalism of Property,Property,False,True
39,81,9,-74.73,41.04,1,Victim Was Parent,F,M,Not Hispanic or Latino,Not Hispanic or Latino,Black or African American,Black or African American,Residence/Home,Wire Fraud,Homicide Offenses,Property,True,True
62,13,3,-75.1,41.2,3,Relationship Unknown,M,F,Not Hispanic or Latino,Not Hispanic or Latino,White,White,Residence/Home,Sexual Assault With An Object,Larceny/Theft Offenses,Property,True,False
42,45,0,-75.14,40.13,6,Relationship Unknown,F,F,Not Hispanic or Latino,Not Hispanic or Latino,White,White,Residence/Home,Intimidation,Destruction/Damage/Vandalism of Property,Person,True,True
25,19,3,-75.54,40.02,12,Victim Was Child,F,F,Not Hispanic or Latino,Not Hispanic or Latino,White,White,Highway/Road/Alley/Street/Sidewalk,Robbery,Sex Offenses,Person,False,True
67,68,7,-74.04,39.9,1,Victim Was Neighbor,M,F,Not Hispanic or Latino,Not Hispanic or Latino,White,White,Highway/Road/Alley/Street/Sidewalk,Counterfeiting/Forgery,Motor Vehicle Theft,Property,True,True
40,31,2,-74.49,39.36,9,Victim Was Parent,F,F,Not Hispanic or Latino,Hispanic or Latino,Black or African American,American Indian or Alaska Native,Cyberspace,Theft From Building,Bribery,Property,True,True
10,82,0,-74.42,39.75,2,Relationship Unknown,M,F,Not Hispanic or Latino,Not Hispanic or Latino,White,Black or African American,Restaurant,All Other Larceny,Bribery,Person,True,True
16,78,5,-75.17,40.42,3,Victim Was Neighbor,F,F,Hispanic or Latino,Hispanic or Latino,White,Black or African American,Residence/Home,False Pretenses/Swindle/Confidence Game,Fraud Offenses,Property,True,True
59,32,13,-74.93,41.07,2,Victim Was Parent,F,M,Not Hispanic or Latino,Hispanic or Latino,Native Hawaiian or Other Pacific Islander,Black or African American,Hotel/Motel/Etc.,Shoplifting,Motor Vehicle Theft,Property,True,False
83,75,20,-74.1,40.64,6,Victim Was Boyfriend/Girlfriend,M,F,Hispanic or Latino,Not Hispanic or Latino,White,Black or African American,Parking/Drop Lot/Garage,Credit Card/Automated Teller Machine Fraud,Arson,Property,True,False
43,60,5,-75.26,39.5,6,Victim Was Child,M,F,Not Hispanic or Latino,Not Hispanic or Latino,Asian,White,Residence/Home,Stolen Property Offenses,Robbery,Person,True,True
25,7,2,-75.15,39.77,10,Victim Was Acquaintance,M,M,Not Hispanic or Latino,Hispanic or Latino,Black or African American,American Indian or Alaska Native,Residence/Home,Wire Fraud,Larceny/Theft Offenses,Person,True,True
60,20,3,-75.19,40.1,7,Victim Was Spouse,F,F,Not Hispanic or Latino,Not Hispanic or Latino,White,White,Residence/Home,Stolen Property Offenses,Motor Vehicle Theft,Person,True,True
76,96,21,-74.59,39.13,12,Victim Was Parent,F,M,Not Hispanic or Latino,Not Hispanic or Latino,White,White,Residence/Home,Identity Theft,Kidnapping/Abduction,Person,True,True
37,86,22,-75.19,40.31,3,Victim was Ex-Spouse,F,M,Hispanic or Latino,Not Hispanic or Latino,White,White,Residence/Home,Theft From Motor Vehicle,Larceny/Theft Offenses,Person,True,True
56,3,15,-74.33,39.22,2,Victim was Ex-Spouse,F,M,Not Hispanic or Latino,Hispanic or Latino,White,Black or African American,Residence/Home,Aggravated Assault,Larceny/Theft Offenses,Person,True,True
88,34,9,-74.12,40.8,3,Victim was Ex-Spouse,M,F,Not Hispanic or Latino,Not Hispanic or Latino,White,White,Highway/Road/Alley/Street/Sidewalk,Burglary/Breaking & Entering,Homicide Offenses,Person,True,False
62,1,5,-74.98,39.67,1,Victim Was Other Family Member,F,F,Hispanic or Latino,Not Hispanic or Latino,White,White,Residence/Home,Impersonation,Destruction/Damage/Vandalism of Property,Person,True,True
25,60,15,-74.97,40.01,6,Victim Was Stranger,M,F,Hispanic or Latino,Not Hispanic or Latino,White,Black or African American,Highway/Road/Alley/Street/Sidewalk,Theft of Motor Vehicle Parts or Accessories,Homicide Offenses,Person,True,True
44,86,18,-74.93,39.96,4,Victim Was Neighbor,M,F,Not Hispanic or Latino,Hispanic or Latino,White,Black or African American,Residence/Home,Intimidation,Motor Vehicle Theft,Person,False,True
11,66,19,-74.01,39.32,8,Victim Was Spouse,F,F,Hispanic or Latino,Hispanic or Latino,Black or African American,Black or African American,Highway/Road/Alley/Street/Sidewalk,Simple Assault,Counterfeiting/Forgery,Person,True,True
38,95,12,-74.16,40.23,2,Victim Was Neighbor,M,F,Not Hispanic or Latino,Not Hispanic or Latino,White,Black or African American,Residence/Home,Fondling,Fraud Offenses,Person,False,True
53,94,23,-75.26,39.19,2,Victim Was Stranger,F,F,Hispanic or Latino,Not Hispanic or Latino,White,White,Highway/Road/Alley/Street/Sidewalk,Extortion/Blackmail,Fraud Offenses,Property,False,True
85,13,15,-74.84,40.89,6,Victim Was Sibling,M,F,Not Hispanic or Latino,Hispanic or Latino,Unknown,White,Highway/Road/Alley/Street/Sidewalk,Sexual Assault With An Object,Burglary/Breaking & Entering,Property,True,True
84,83,10,-74.27,39.94,5,Victim was Ex-Spouse,M,M,Not Hispanic or Latino,Not Hispanic or Latino,White,Black or African American,Highway/Road/Alley/Street/Sidewalk,Murder and Nonnegligent Manslaughter,Arson,Person,True,True
36,84,20,-75.42,39.99,10,Victim Was Sibling,M,M,Not Hispanic or Latino,Not Hispanic or Latino,Black or African American,Black or African American,Residence/Home,Purse-snatching,Bribery,Person,True,True
96,9,1,-74.89,41.27,4,Victim Was Spouse,F,F,Not Hispanic or Latino,Hispanic or Latino,Black or African American,Asian,Highway/Road/Alley/Street/Sidewalk,Sodomy,Homicide Offenses,Property,True,False
37,11,13,-74.52,39.48,6,Victim Was Ex-Relationship (Ex-Boyfriend/Girlfriend),M,F,Not Hispanic or Latino,Not Hispanic or Latino,White,White,Residence/Home,Robbery,Sex Offenses,Person,True,True
17,76,9,-74.01,39.88,9,Victim was Ex-Spouse,F,F,Hispanic or Latino,Not Hispanic or Latino,White,Asian,Residence/Home,Shoplifting,Motor Vehicle Theft,Property,True,True
35,96,6,-73.92,39.86,11,Victim Was Friend,M,F,Hispanic or Latino,Hispanic or Latino,American Indian or Alaska Native,Black or African American,Residence/Home,Simple Assault,Stolen Property Offenses,Person,False,True
45,28,6,-73.94,39.23,12,Victim Was Parent,M,F,Hispanic or Latino,Hispanic or Latino,White,White,Residence/Home,Simple Assault,Arson,Person,True,False
23,18,18,-73.96,40.98,5,Victim Was Child,F,F,Not Hispanic or Latino,Not Hispanic or Latino,Black or African American,White,Highway/Road/Alley/Street/Sidewalk,Theft From Motor Vehicle,Human Trafficking,Person,True,True
12,43,7,-75.38,40.68,10,Victim Was Spouse,F,F,Not Hispanic or Latino,Hispanic or Latino,White,White,Residence/Home,False Pretenses/Swindle/Confidence Game,Robbery,Property,True,True
88,69,2,-74.11,40.75,9,Victim Was Acquaintance,F,F,Hispanic or Latino,Hispanic or Latino,White,White,Residence/Home,Impersonation,Homicide Offenses,Person,True,True
72,73,17,-74.86,40.56,5,Victim Was Spouse,F,F,Not Hispanic or Latino,Not Hispanic or Latino,White,White,Residence/Home,Impersonation,Homicide Offenses,Property,True,True
13,81,5,-74.34,39.8,8,Victim was Otherwise Known,M,F,Not Hispanic or Latino,Not Hispanic or Latino,White,Black or African American,Residence/Home,Robbery,Larceny/Theft Offenses,Property,True,False
96,87,3,-74.58,39.18,6,Victim Was Other Family Member,M,F,Not Hispanic or Latino,Hispanic or Latino,White,White,Residence/Home,All Other Larceny,Burglary/Breaking & Entering,Person,True,True
29,73,19,-75.39,41.21,9,Victim Was Spouse,F,F,Not Hispanic or Latino,Not Hispanic or Latino,White,Asian,Grocery/Supermarket,Rape,Sex Offenses,Property,True,True
77,53,6,-73.94,40.15,3,Victim was Ex-Spouse,M,F,Not Hispanic or Latino,Hispanic or Latino,White,Asian,Highway/Road/Alley/Street/Sidewalk,Rape,Kidnapping/Abduction,Person,True,True
70,83,17,-74.98,39.25,1,Victim Was Child,F,F,Not Hispanic or Latino,Hispanic or Latino,Black or African American,Black or African American,Cyberspace,All Other Larceny,Robbery,Property,True,True
46,96,18,-74.41,40.83,4,Victim Was Ex-Relationship (Ex-Boyfriend/Girlfriend),M,M,Hispanic or Latino,Not Hispanic or Latino,White,Black or African American,Residence/Home,Purse-snatching,Destruction/Damage/Vandalism of Property,Person,False,True
36,23,11,-74.06,40.55,1,Victim Was Sibling,M,F,Not Hispanic or Latino,Not Hispanic or Latino,Black or African American,White,Residence/Home,Statutory Rape,Counterfeiting/Forgery,Person,True,False
94,97,3,-74.09,41.0,7,Victim Was Spouse,M,M,Not Hispanic or Latino,Hispanic or Latino,Black or African American,White,Residence/Home,Sodomy,Burglary/Breaking & Entering,Property,True,True
38,17,19,-74.73,39.78,7,Victim was Otherwise Known,M,F,Hispanic or Latino,Hispanic or Latino,Black or African American,White,Residence/Home,Aggravated Assault,Bribery,Property,True,True
29,65,23,-74.52,40.76,9,Victim Was Parent,F,M,Hispanic or Latino,Not Hispanic or Latino,White,White,Bar/Nightclub,All Other Larceny,Embezzlement,Person,True,True
31,9,2,-75.54,40.03,5,Victim Was Other Family Member,F,F,Not Hispanic or Latino,Not Hispanic or Latino,Black or African American,White,Residence/Home,All Other Larceny,Robbery,Property,True,True
56,77,17,-74.57,41.03,5,Victim Was Neighbor,F,F,Not Hispanic or Latino,Hispanic or Latino,White,White,Hotel/Motel/Etc.,Intimidation,Arson,Person,True,True
58,40,5,-75.27,40.09,1,Victim Was Spouse,F,M,Not Hispanic or Latino,Not Hispanic or Latino,Black or African American,White,Residence/Home,Sodomy,Embezzlement,Property,False,True
55,44,19,-74.66,39.51,1,Victim Was Friend,M,F,Not Hispanic or Latino,Not Hispanic or Latino,Black or African American,White,Residence/Home,Motor Vehicle Theft,Destruction/Damage/Vandalism of Property,Property,True,True
56,15,2,-74.83,39.42,8,Victim Was Boyfriend/Girlfriend,F,M,Not Hispanic or Latino,Not Hispanic or Latino,White,White,Highway/Road/Alley/Street/Sidewalk,Statutory Rape,Kidnapping/Abduction,Person,True,True
66,64,12,-74.1,39.96,4,Victim Was Boyfriend/Girlfriend,F,F,Not Hispanic or Latino,Hispanic or Latino,White,Black or African American,Parking/Drop Lot/Garage,Sodomy,Arson,Property,True,True
41,21,22,-73.91,41.24,9,Victim Was Acquaintance,F,F,Not Hispanic or Latino,Hispanic or Latino,White,Black or African American,Highway/Road/Alley/Street/Sidewalk,Stolen Property Offenses,Assault Offenses,Person,False,True
22,10,6,-75.4,40.33,3,Victim was Ex-Spouse,M,F,Not Hispanic or Latino,Hispanic or Latino,Asian,White,Residence/Home,Impersonation,Fraud Offenses,Person,True,True
24,4,22,-75.03,40.11,7,Victim was Otherwise Known,M,F,Not Hispanic or Latino,Hispanic or Latino,White,White,Convenience Store,Statutory Rape,Larceny/Theft Offenses,Person,True,True
34,24,13,-73.9,39.26,10,Victim Was Stranger,F,F,Hispanic or Latino,Hispanic or Latino,White,Black or African American,Residence/Home,Counterfeiting/Forgery,Burglary/Breaking & Entering,Person,True,True
41,97,22,-74.03,40.76,4,Victim was Ex-Spouse,F,F,Hispanic or Latino,Not Hispanic or Latino,Black or African American,White,Cyberspace,Destruction/Damage/Vandalism of Property,Kidnapping/Abduction,Property,True,True
55,62,22,-75.34,40.41,8,Victim Was Spouse,F,F,Not Hispanic or Latino,Hispanic or Latino,Black or African American,White,Highway/Road/Alley/Street/Sidewalk,Aggravated Assault,Embezzlement,Property,False,True
56,9,15,-74.43,38.98,2,Victim Was Child,F,M,Hispanic or Latino,Not Hispanic or Latino,Asian,Black or African American,Residence/Home,Intimidation,Kidnapping/Abduction,Property,True,True
7,1,0,-74.12,40.61,10,Victim Was Stranger,F,F,Not Hispanic or Latino,Not Hispanic or Latino,White,Black or African American,Residence/Home,Destruction/Damage/Vandalism of Property,Larceny/Theft Offenses,Property,False,True
82,75,17,-74.6,40.58,6,Victim Was Friend,F,F,Not Hispanic or Latino,Not Hispanic or Latino,Native Hawaiian or Other Pacific Islander,Black or African American,Highway/Road/Alley/Street/Sidewalk,Impersonation,Counterfeiting/Forgery,Property,True,True
84,41,23,-74.83,39.51,12,Victim Was Boyfriend/Girlfriend,M,M,Not Hispanic or Latino,Not Hispanic or Latino,White,American Indian or Alaska Native,Highway/Road/Alley/Street/Sidewalk,Extortion/Blackmail,Assault Offenses,Property,True,True
30,19,8,-74.26,40.26,10,Victim Was Parent,F,F,Hispanic or Latino,Not Hispanic or Latino,White,Unknown,Residence/Home,Stolen Property Offenses,Fraud Offenses,Person,True,True
6,92,4,-75.35,39.71,1,Victim Was Stranger,F,M,Not Hispanic or Latino,Not Hispanic or Latino,Black or African American,White,Residence/Home,Theft of Motor Vehicle Parts or Accessories,Fraud Offenses,Property,True,True
76,93,23,-74.01,40.81,2,Victim Was Stranger,F,F,Not Hispanic or Latino,Not Hispanic or Latino,White,White,Other/Unknown,Purse-snatching,Sex Offenses,Person,False,True
15,33,6,-75.03,40.79,12,Victim Was Friend,F,F,Hispanic or Latino,Not Hispanic or Latino,Black or African American,White,Residence/Home,Robbery,Fraud Offenses,Property,True,True
83,70,20,-74.75,39.69,6,Victim Was Parent,F,F,Not Hispanic or Latino,Not Hispanic or Latino,Black or African American,Black or African American,Bar/Nightclub,Simple Assault,Burglary/Breaking & Entering,Person,True,True
68,44,5,-74.92,40.84,12,Relationship Unknown,F,F,Hispanic or Latino,Not Hispanic or Latino,Black or African American,White,Highway/Road/Alley/Street/Sidewalk,Stolen Property Offenses,Bribery,Property,True,True
55,44,0,-75.42,39.01,11,Victim Was Spouse,M,M,Not Hispanic or Latino,Hispanic or Latino,Black or African American,White,Residence/Home,Wire Fraud,Destruction/Damage/Vandalism of Property,Person,False,False
32,45,13,-74.96,39.9,7,Victim Was Parent,M,M,Not Hispanic or Latino,Not Hispanic or Latino,Black or African American,Black or African American,Drug Store/Doctor's Office/Hospital,Counterfeiting/Forgery,Robbery,Property,True,True
56,35,2,-74.84,40.14,2,Relationship Unknown,F,M,Not Hispanic or Latino,Not Hispanic or Latino,Black or African American,Black or African American,Residence/Home,Sexual Assault With An Object,Counterfeiting/Forgery,Property,True,False
6,33,20,-74.76,39.48,10,Victim Was Acquaintance,F,F,Hispanic or Latino,Not Hispanic or Latino,Black or African American,Black or African American,Residence/Home,Aggravated Assault,Destruction/Damage/Vandalism of Property,Property,True,True
61,39,10,-73.97,41.16,7,Victim Was Boyfriend/Girlfriend,F,F,Not Hispanic or Latino,Hispanic or Latino,White,Black or African American,Residence/Home,Stolen Property Offenses,Burglary/Breaking & Entering,Property,False,True
18,54,23,-74.09,40.18,9,Victim Was Child,F,F,Not Hispanic or Latino,Not Hispanic or Latino,Black or African American,Black or African American,Residence/Home,Rape,Destruction/Damage/Vandalism of Property,Property,True,False
26,22,8,-74.56,40.29,12,Victim Was Acquaintance,F,F,Not Hispanic or Latino,Not Hispanic or Latino,Black or African American,White,Residence/Home,Theft of Motor Vehicle Parts or Accessories,Human Trafficking,Property,True,True
76,1,23,-75.37,39.07,5,Victim Was Boyfriend/Girlfriend,F,F,Not Hispanic or Latino,Hispanic or Latino,White,White,Residence/Home,Purse-snatching,Arson,Person,False,True
79,70,5,-75.46,40.07,5,Victim was Otherwise Known,F,M,Not Hispanic or Latino,Not Hispanic or Latino,Black or African American,Asian,Residence/Home,Rape,Robbery,Property,True,True
22,94,2,-74.41,39.69,3,Victim Was Stranger,M,F,Not Hispanic or Latino,Not Hispanic or Latino,Black or African American,White,Residence/Home,Kidnapping/Abduction,Destruction/Damage/Vandalism of Property,Property,True,False
59,54,13,-74.7,39.07,3,Victim Was Sibling,F,F,Not Hispanic or Latino,Hispanic or Latino,White,Asian,Highway/Road/Alley/Street/Sidewalk,Statutory Rape,Embezzlement,Property,True,True
53,50,17,-74.66,39.46,12,Victim Was Boyfriend/Girlfriend,F,F,Hispanic or Latino,Not Hispanic or Latino,White,White,Highway/Road/Alley/Street/Sidewalk,Rape,Sex Offenses,Property,True,True
35,98,8,-74.36,40.75,2,Victim was Ex-Spouse,M,F,Not Hispanic or Latino,Not Hispanic or Latino,White,White,Residence/Home,Identity Theft,Embezzlement,Property,False,True
32,85,19,-74.0,40.76,8,Victim Was Other Family Member,F,F,Not Hispanic or Latino,Not Hispanic or Latino,White,White,Residence/Home,Sodomy,Sex Offenses,Property,True,True
23,63,15,-75.29,39.1,1,Victim Was Spouse,M,F,Not Hispanic or Latino,Not Hispanic or Latino,White,Black or African American,Residence/Home,Theft of Motor Vehicle Parts or Accessories,Bribery,Property,True,True
23,3,21,-74.77,41.19,6,Victim Was Other Family Member,F,M,Not Hispanic or Latino,Not Hispanic or Latino,White,White,Highway/Road/Alley/Street/Sidewalk,False Pretenses/Swindle/Confidence Game,Extortion/Blackmail,Property,True,True
86,3,19,-75.02,39.71,5,Victim Was Stranger,F,M,Hispanic or Latino,Not Hispanic or Latino,White,White,Bar/Nightclub,Theft of Motor Vehicle Parts or Accessories,Robbery,Person,True,True
65,73,23,-75.43,40.37,8,Victim Was Sibling,F,F,Not Hispanic or Latino,Hispanic or Latino,White,White,Residence/Home,Murder and Nonnegligent Manslaughter,Destruction/Damage/Vandalism of Property,Person,True,True
7,8,17,-74.04,40.91,6,Victim Was Boyfriend/Girlfriend,F,M,Not Hispanic or Latino,Not Hispanic or Latino,White,White,Residence/Home,Stolen Property Offenses,Human Trafficking,Property,False,True
80,34,8,-75.08,39.81,10,Victim Was Sibling,F,M,Not Hispanic or Latino,Not Hispanic or Latino,White,Black or African American,Residence/Home,Simple Assault,Embezzlement,Person,True,True
47,51,9,-75.38,40.56,11,Victim Was Ex-Relationship (Ex-Boyfriend/Girlfriend),F,F,Not Hispanic or Latino,Hispanic or Latino,Black or African American,Black or African American,Residence/Home,Stolen Property Offenses,Stolen Property Offenses,Person,True,False
100,14,4,-74.47,39.17,4,Relationship Unknown,F,M,Not Hispanic or Latino,Not Hispanic or Latino,White,White,Residence/Home,Intimidation,Extortion/Blackmail,Person,True,False
81,40,12,-74.0,41.24,11,Victim Was Boyfriend/Girlfriend,M,M,Not Hispanic or Latino,Not Hispanic or Latino,Black or African American,White,Residence/Home,Statutory Rape,Burglary/Breaking & Entering,Property,True,True
58,53,22,-75.43,40.61,12,Relationship Unknown,M,F,Not Hispanic or Latino,Not Hispanic or Latino,Black or African American,White,Residence/Home,Destruction/Damage/Vandalism of Property,Stolen Property Offenses,Person,True,True
60,90,10,-74.35,39.27,9,Victim was Ex-Spouse,F,M,Not Hispanic or Latino,Not Hispanic or Latino,Black or African American,Black or African American,Residence/Home,Purse-snatching,Destruction/Damage/Vandalism of Property,Property,False,True
35,24,17,-75.32,39.54,2,Victim Was Spouse,F,F,Not Hispanic or Latino,Hispanic or Latino,White,White,Residence/Home,Rape,Robbery,Property,True,True
8,89,22,-75.23,41.1,1,Victim Was Spouse,F,F,Not Hispanic or Latino,Hispanic or Latino,Black or African American,Black or African American,Hotel/Motel/Etc.,Identity Theft,Human Trafficking,Property,True,True
65,15,4,-75.13,39.85,6,Victim was Ex-Spouse,M,F,Not Hispanic or Latino,Not Hispanic or Latino,Asian,Black or African American,Residence/Home,Counterfeiting/Forgery,Robbery,Property,True,False
31,79,12,-74.77,39.35,9,Relationship Unknown,M,F,Not Hispanic or Latino,Hispanic or Latino,Black or African American,White,Highway/Road/Alley/Street/Sidewalk,Impersonation,Robbery,Property,True,True
38,73,21,-74.01,39.03,10,Victim Was Other Family Member,F,F,Not Hispanic or Latino,Not Hispanic or Latino,Black or African American,Black or African American,Residence/Home,Impersonation,Burglary/Breaking & Entering,Property,True,True
54,33,10,-75.36,39.12,2,Victim Was Acquaintance,F,F,Hispanic or Latino,Not Hispanic or Latino,Black or African American,Black or African American,Highway/Road/Alley/Street/Sidewalk,False Pretenses/Swindle/Confidence Game,Embezzlement,Person,True,True
8,81,8,-74.68,39.64,3,Victim Was Friend,M,F,Not Hispanic or Latino,Not Hispanic or Latino,American Indian or Alaska Native,White,Highway/Road/Alley/Street/Sidewalk,Purse-snatching,Embezzlement,Person,True,True
62,9,0,-75.02,41.04,6,Victim Was Other Family Member,M,F,Hispanic or Latino,Not Hispanic or Latino,White,Black or African American,Highway/Road/Alley/Street/Sidewalk,Identity Theft,Homicide Offenses,Person,True,True
14,57,11,-75.32,39.8,10,Victim Was Ex-Relationship (Ex-Boyfriend/Girlfriend),F,F,Not Hispanic or Latino,Hispanic or Latino,White,Black or African American,Residence/Home,Statutory Rape,Motor Vehicle Theft,Property,True,False
29,23,5,-74.26,39.38,1,Relationship Unknown,F,F,Not Hispanic or Latino,Not Hispanic or Latino,White,White,Residence/Home,Counterfeiting/Forgery,Fraud Offenses,Property,False,True
15,9,16,-74.83,41.11,5,Victim Was Friend,F,F,Not Hispanic or Latino,Hispanic or Latino,Black or African American,White,Residence/Home,Shoplifting,Homicide Offenses,Person,True,True
66,5,4,-75.46,39.84,7,Victim was Ex-Spouse,F,F,Not Hispanic or Latino,Not Hispanic or Latino,White,White,Highway/Road/Alley/Street/Sidewalk,Burglary/Breaking & Entering,Sex Offenses,Property,True,True
47,35,22,-74.77,41.24,4,Relationship Unknown,F,F,Not Hispanic or Latino,Hispanic or Latino,White,White,Hotel/Motel/Etc.,Intimidation,Counterfeiting/Forgery,Property,True,True
74,17,9,-74.08,40.15,9,Victim Was Sibling,F,F,Not Hispanic or Latino,Not Hispanic or Latino,Black or African American,Black or African American,Residence/Home,Impersonation,Destruction/Damage/Vandalism of Property,Person,True,True
7,50,9,-74.12,40.02,12,Victim was Otherwise Known,M,M,Hispanic or Latino,Not Hispanic or Latino,Black or African American,White,Highway/Road/Alley/Street/Sidewalk,Theft of Motor Vehicle Parts or Accessories,Extortion/Blackmail,Property,True,True
60,54,23,-73.93,39.06,6,Victim Was Friend,M,F,Hispanic or Latino,Not Hispanic or Latino,White,White,Service/Gas Station,Wire Fraud,Embezzlement,Property,True,True
61,17,15,-74.09,40.7,1,Victim Was Other Family Member,M,M,Hispanic or Latino,Not Hispanic or Latino,Black or African American,Black or African American,Residence/Home,Motor Vehicle Theft,Sex Offenses,Person,True,True
45,51,23,-73.94,40.14,8,Victim Was Friend,M,F,Not Hispanic or Latino,Not Hispanic or Latino,White,Black or African American,Residence/Home,Stolen Property Offenses,Sex Offenses,Person,True,True
1,52,10,-74.12,39.27,9,Victim was Otherwise Known,F,F,Not Hispanic or Latino,Not Hispanic or Latino,White,White,Parking/Drop Lot/Garage,Robbery,Burglary/Breaking & Entering,Property,True,True
95,20,13,-74.11,40.78,2,Victim was Ex-Spouse,F,F,Not Hispanic or Latino,Not Hispanic or Latino,White,White,Drug Store/Doctor's Office/Hospital,Credit Card/Automated Teller Machine Fraud,Burglary/Breaking & Entering,Property,True,True
73,29,17,-75.01,39.61,9,Relationship Unknown,M,F,Not Hispanic or Latino,Hispanic or Latino,Black or African American,White,Residence/Home,Rape,Homicide Offenses,Person,True,True
49,58,14,-74.98,38.97,11,Victim Was Neighbor,F,F,Not Hispanic or Latino,Hispanic or Latino,White,White,Parking/Drop Lot/Garage,Kidnapping/Abduction,Counterfeiting/Forgery,Person,True,True
87,5,17,-74.35,39.7,9,Victim Was Acquaintance,F,F,Not Hispanic or Latino,Not Hispanic or Latino,Black or African American,Black or African American,Residence/Home,Counterfeiting/Forgery,Destruction/Damage/Vandalism of Property,Person,True,True
34,75,11,-75.38,40.36,11,Victim Was Friend,F,F,Not Hispanic or Latino,Not Hispanic or Latino,White,White,Highway/Road/Alley/Street/Sidewalk,Stolen Property Offenses,Kidnapping/Abduction,Property,True,True
12,31,3,-75.19,39.62,8,Victim Was Sibling,F,F,Hispanic or Latino,Not Hispanic or Latino,Asian,White,Residence/Home,Simple Assault,Larceny/Theft Offenses,Property,True,True
33,45,10,-75.36,39.37,10,Victim Was Child,F,M,Hispanic or Latino,Not Hispanic or Latino,White,Black or African American,Drug Store/Doctor's Office/Hospital,Stolen Property Offenses,Arson,Person,True,True
10,34,14,-74.1,40.02,2,Victim Was Parent,M,F,Hispanic or Latino,Hispanic or Latino,White,Black or African American,Residence/Home,Intimidation,Assault Offenses,Person,True,True
64,2,17,-74.39,39.79,6,Victim Was Neighbor,F,F,Not Hispanic or Latino,Hispanic or Latino,White,White,Residence/Home,Purse-snatching,Burglary/Breaking & Entering,Property,False,True
49,66,16,-74.78,39.02,8,Victim Was Child,M,F,Hispanic or Latino,Not Hispanic or Latino,White,Black or African American,Parking/Drop Lot/Garage,Sodomy,Motor Vehicle Theft,Person,False,True
12,65,18,-74.67,39.94,4,Victim Was Ex-Relationship (Ex-Boyfriend/Girlfriend),M,F,Not Hispanic or Latino,Not Hispanic or Latino,Black or African American,Black or African American,Residence/Home,Burglary/Breaking & Entering,Larceny/Theft Offenses,Property,True,False
60,33,16,-73.95,41.19,12,Victim was Otherwise Known,F,F,Not Hispanic or Latino,Not Hispanic or Latino,White,White,Residence/Home,All Other Larceny,Fraud Offenses,Person,True,True
93,69,23,-74.37,40.84,2,Relationship Unknown,M,F,Not Hispanic or Latino,Not Hispanic or Latino,White,White,Highway/Road/Alley/Street/Sidewalk,Shoplifting,Sex Offenses,Person,True,True
93,92,14,-74.47,40.1,9,Victim Was Neighbor,M,F,Hispanic or Latino,Not Hispanic or Latino,White,White,School-Elementary/Secondary,Impersonation,Bribery,Property,True,True
86,63,6,-74.01,40.86,5,Victim Was Neighbor,M,F,Not Hispanic or Latino,Not Hispanic or Latino,White,Black or African American,Highway/Road/Alley/Street/Sidewalk,Kidnapping/Abduction,Larceny/Theft Offenses,Property,False,True
59,42,12,-74.87,41.19,7,Victim Was Neighbor,F,M,Not Hispanic or Latino,Hispanic or Latino,Asian,Black or African American,Residence/Home,Counterfeiting/Forgery,Assault Offenses,Person,False,True
19,68,16,-74.39,39.73,11,Victim was Ex-Spouse,M,M,Not Hispanic or Latino,Not Hispanic or Latino,White,Black or African American,Highway/Road/Alley/Street/Sidewalk,Theft From Building,Sex Offenses,Person,True,True
96,50,8,-74.13,39.71,10,Victim was Otherwise Known,M,F,Not Hispanic or Latino,Hispanic or Latino,Black or African American,Unknown,Residence/Home,Statutory Rape,Homicide Offenses,Property,True,True
78,15,10,-74.75,39.04,11,Victim Was Other Family Member,F,F,Hispanic or Latino,Not Hispanic or Latino,White,Black or African American,Residence/Home,Counterfeiting/Forgery,Robbery,Person,True,True
41,94,6,-75.3,41.2,11,Victim Was Other Family Member,M,M,Not Hispanic or Latino,Not Hispanic or Latino,Black or African American,White,Residence/Home,Destruction/Damage/Vandalism of Property,Stolen Property Offenses,Property,True,True
3,97,10,-74.67,38.98,1,Victim Was Child,F,F,Hispanic or Latino,Not Hispanic or Latino,White,Black or African American,School-College/University,Sexual Assault With An Object,Destruction/Damage/Vandalism of Property,Property,True,True
35,97,21,-74.65,40.56,12,Victim Was Ex-Relationship (Ex-Boyfriend/Girlfriend),F,F,Not Hispanic or Latino,Not Hispanic or Latino,Black or African American,Black or African American,Highway/Road/Alley/Street/Sidewalk,Sodomy,Fraud Offenses,Person,True,False
67,66,9,-74.26,40.71,9,Victim Was Sibling,M,F,Hispanic or Latino,Not Hispanic or Latino,White,White,Cyberspace,Impersonation,Larceny/Theft Offenses,Property,True,True
19,37,3,-73.93,41.23,1,Victim Was Ex-Relationship (Ex-Boyfriend/Girlfriend),F,F,Hispanic or Latino,Hispanic or Latino,White,White,Residence/Home,Kidnapping/Abduction,Destruction/Damage/Vandalism of Property,Person,True,True
82,90,17,-75.09,39.36,10,Victim Was Boyfriend/Girlfriend,F,F,Not Hispanic or Latino,Not Hispanic or Latino,Asian,White,Hotel/Motel/Etc.,Fondling,Embezzlement,Property,True,True
38,60,8,-74.42,39.07,6,Victim Was Other Family Member,M,F,Not Hispanic or Latino,Not Hispanic or Latino,White,White,Residence/Home,Counterfeiting/Forgery,Counterfeiting/Forgery,Person,True,True
24,74,15,-75.53,39.45,10,Victim Was Sibling,F,M,Hispanic or Latino,Not Hispanic or Latino,Unknown,White,Restaurant,Robbery,Robbery,Person,True,True
18,7,11,-73.94,39.9,1,Relationship Unknown,M,F,Not Hispanic or Latino,Hispanic or Latino,White,Black or African American,Commercial/Office Building,Counterfeiting/Forgery,Fraud Offenses,Person,True,True
7,98,19,-75.13,40.77,3,Victim Was Other Family Member,M,F,Not Hispanic or Latino,Hispanic or Latino,White,Black or African American,Residence/Home,Murder and Nonnegligent Manslaughter,Counterfeiting/Forgery,Property,True,True
61,44,18,-75.35,41.23,4,Victim was Ex-Spouse,M,M,Not Hispanic or Latino,Hispanic or Latino,Black or African American,White,Department/Discount Store,Counterfeiting/Forgery,Larceny/Theft Offenses,Property,False,True
80,15,17,-74.22,40.66,1,Victim Was Stranger,F,M,Not Hispanic or Latino,Hispanic or Latino,White,White,Residence/Home,Motor Vehicle Theft,Arson,Property,False,True
55,87,12,-73.97,39.37,11,Victim Was Stranger,M,F,Hispanic or Latino,Not Hispanic or Latino,Black or African American,Black or African American,Residence/Home,Theft From Building,Embezzlement,Person,False,True
34,68,10,-73.92,41.26,6,Victim Was Child,F,F,Hispanic or Latino,Not Hispanic or Latino,White,White,Residence/Home,Theft From Motor Vehicle,Destruction/Damage/Vandalism of Property,Property,True,True
94,10,2,-75.23,39.91,10,Victim Was Boyfriend/Girlfriend,F,M,Not Hispanic or Latino,Not Hispanic or Latino,White,White,Highway/Road/Alley/Street/Sidewalk,Counterfeiting/Forgery,Kidnapping/Abduction,Property,True,True
78,16,16,-74.26,40.75,2,Victim Was Friend,M,M,Not Hispanic or Latino,Hispanic or Latino,White,Black or African American,Residence/Home,Sexual Assault With An Object,Robbery,Property,True,True
44,55,16,-74.12,39.38,3,Victim Was Friend,F,F,Hispanic or Latino,Hispanic or Latino,White,Black or African American,Highway/Road/Alley/Street/Sidewalk,Sodomy,Counterfeiting/Forgery,Property,True,True
87,50,6,-75.3,40.89,4,Victim Was Boyfriend/Girlfriend,M,F,Not Hispanic or Latino,Hispanic or Latino,White,White,Service/Gas Station,Destruction/Damage/Vandalism of Property,Robbery,Person,True,False
88,49,5,-74.27,40.9,9,Victim Was Child,M,F,Hispanic or Latino,Hispanic or Latino,White,Black or African American,Residence/Home,Sexual Assault With An Object,Bribery,Property,False,True
83,79,21,-74.69,39.4,5,Victim Was Child,F,F,Hispanic or Latino,Not Hispanic or Latino,White,Black or African American,Highway/Road/Alley/Street/Sidewalk,Shoplifting,Sex Offenses,Property,True,False
4,6,18,-75.1,40.79,10,Victim Was Sibling,F,F,Not Hispanic or Latino,Not Hispanic or Latino,White,White,Restaurant,Rape,Homicide Offenses,Property,True,True
48,84,14,-75.44,40.81,2,Relationship Unknown,F,M,Not Hispanic or Latino,Not Hispanic or Latino,White,White,Highway/Road/Alley/Street/Sidewalk,Burglary/Breaking & Entering,Bribery,Property,False,True
83,92,10,-74.14,40.42,2,Victim Was Spouse,F,M,Hispanic or Latino,Not Hispanic or Latino,White,Black or African American,Cyberspace,Intimidation,Sex Offenses,Property,True,True
81,20,13,-74.27,41.04,10,Victim Was Child,F,M,Hispanic or Latino,Hispanic or Latino,White,Black or African American,Restaurant,All Other Larceny,Burglary/Breaking & Entering,Property,True,True
88,47,4,-74.18,40.08,10,Victim Was Boyfriend/Girlfriend,M,F,Not Hispanic or Latino,Hispanic or Latino,White,White,Residence/Home,Kidnapping/Abduction,Human Trafficking,Property,False,True
38,83,21,-74.9,39.98,11,Victim Was Spouse,M,F,Not Hispanic or Latino,Hispanic or Latino,White,Black or African American,Residence/Home,Identity Theft,Extortion/Blackmail,Person,True,True
14,87,11,-75.09,40.61,2,Victim Was Acquaintance,F,F,Hispanic or Latino,Not Hispanic or Latino,Black or African American,Black or African American,Residence/Home,Shoplifting,Homicide Offenses,Person,True,True
48,86,3,-74.38,40.76,3,Victim Was Friend,M,M,Hispanic or Latino,Hispanic or Latino,Black or African American,Black or African American,Residence/Home,Sodomy,Robbery,Person,True,True
5,35,11,-74.99,39.44,8,Victim was Otherwise Known,M,F,Hispanic or Latino,Not Hispanic or Latino,White,Black or African American,Residence/Home,Purse-snatching,Arson,Person,True,True
48,82,17,-74.64,39.85,1,Victim was Ex-Spouse,M,F,Not Hispanic or Latino,Not Hispanic or Latino,Black or African American,Black or African American,Commercial/Office Building,Rape,Fraud Offenses,Property,True,True
28,51,5,-73.98,40.2,12,Victim Was Neighbor,F,F,Not Hispanic or Latino,Not Hispanic or Latino,White,Black or African American,Commercial/Office Building,Fondling,Bribery,Property,True,True
52,45,9,-75.32,39.07,3,Victim Was Other Family Member,M,F,Not Hispanic or Latino,Hispanic or Latino,Black or African American,White,Convenience Store,Theft From Motor Vehicle,Counterfeiting/Forgery,Property,True,True
74,51,13,-74.81,39.33,8,Victim Was Child,F,F,Not Hispanic or Latino,Not Hispanic or Latino,Black or African American,Black or African American,Commercial/Office Building,Motor Vehicle Theft,Counterfeiting/Forgery,Property,True,True
58,97,12,-74.57,39.82,4,Victim Was Stranger,M,M,Not Hispanic or Latino,Hispanic or Latino,White,Black or African American,Residence/Home,Credit Card/Automated Teller Machine Fraud,Embezzlement,Property,True,False
25,23,15,-74.31,39.27,1,Victim Was Parent,M,F,Not Hispanic or Latino,Hispanic or Latino,Black or African American,White,Residence/Home,Stolen Property Offenses,Stolen Property Offenses,Person,True,True
2,93,15,-74.01,40.73,3,Victim Was Other Family Member,F,M,Hispanic or Latino,Not Hispanic or Latino,White,White,Residence/Home,Motor Vehicle Theft,Assault Offenses,Property,True,True
96,84,17,-74.0,39.68,5,Relationship Unknown,F,F,Hispanic or Latino,Not Hispanic or Latino,Black or African American,White,Residence/Home,Stolen Property Offenses,Sex Offenses,Person,True,True
92,90,19,-74.29,39.97,7,Victim was Otherwise Known,F,M,Not Hispanic or Latino,Hispanic or Latino,White,White,Highway/Road/Alley/Street/Sidewalk,Kidnapping/Abduction,Arson,Person,True,True
28,58,15,-74.6,40.86,4,Victim was Ex-Spouse,M,F,Hispanic or Latino,Hispanic or Latino,White,White,Cyberspace,Aggravated Assault,Arson,Person,True,True
77,90,16,-75.38,39.23,12,Victim Was Child,F,F,Not Hispanic or Latino,Not Hispanic or Latino,Asian,American Indian or Alaska Native,Convenience Store,Sexual Assault With An Object,Extortion/Blackmail,Person,True,True
25,32,6,-74.6,39.99,2,Victim Was Child,M,F,Hispanic or Latino,Hispanic or Latino,White,White,Highway/Road/Alley/Street/Sidewalk,False Pretenses/Swindle/Confidence Game,Destruction/Damage/Vandalism of Property,Person,True,True
93,96,5,-75.03,41.12,12,Victim Was Stranger,F,F,Not Hispanic or Latino,Hispanic or Latino,Black or African American,Black or African American,Highway/Road/Alley/Street/Sidewalk,Identity Theft,Homicide Offenses,Person,True,True
3,8,7,-74.87,40.05,2,Victim was Otherwise Known,F,F,Hispanic or Latino,Not Hispanic or Latino,White,White,Specialty Store,All Other Larceny,Human Trafficking,Person,False,True
59,17,21,-74.9,40.02,8,Victim Was Boyfriend/Girlfriend,F,M,Hispanic or Latino,Not Hispanic or Latino,White,White,School-Elementary/Secondary,Extortion/Blackmail,Extortion/Blackmail,Property,True,True
51,40,14,-75.29,38.96,5,Victim Was Other Family Member,M,F,Hispanic or Latino,Not Hispanic or Latino,White,White,Residence/Home,Theft of Motor Vehicle Parts or Accessories,Burglary/Breaking & Entering,Person,True,True
19,5,10,-74.56,39.15,11,Victim Was Child,F,F,Not Hispanic or Latino,Hispanic or Latino,Black or African American,Asian,Residence/Home,Aggravated Assault,Robbery,Property,True,False
36,5,12,-74.11,39.69,5,Victim Was Sibling,F,F,Not Hispanic or Latino,Hispanic or Latino,White,White,Highway/Road/Alley/Street/Sidewalk,Credit Card/Automated Teller Machine Fraud,Extortion/Blackmail,Property,False,True
31,64,4,-74.64,39.24,5,Victim Was Ex-Relationship (Ex-Boyfriend/Girlfriend),F,F,Not Hispanic or Latino,Not Hispanic or Latino,White,Asian,Residence/Home,Robbery,Fraud Offenses,Property,True,False
25,60,17,-74.16,39.7,10,Victim Was Ex-Relationship (Ex-Boyfriend/Girlfriend),F,M,Hispanic or Latino,Hispanic or Latino,Black or African American,White,Cyberspace,Kidnapping/Abduction,Robbery,Property,True,True
42,76,3,-74.36,40.52,5,Victim Was Ex-Relationship (Ex-Boyfriend/Girlfriend),F,F,Hispanic or Latino,Hispanic or Latino,White,Black or African American,Residence/Home,Theft From Building,Extortion/Blackmail,Property,False,True
14,33,8,-74.92,39.56,1,Victim Was Friend,F,M,Hispanic or Latino,Hispanic or Latino,Black or African American,Black or African American,Residence/Home,Extortion/Blackmail,Destruction/Damage/Vandalism of Property,Property,True,True
74,40,18,-74.47,39.82,4,Victim Was Child,F,F,Not Hispanic or Latino,Not Hispanic or Latino,White,White,Residence/Home,Fondling,Kidnapping/Abduction,Property,True,False
75,71,21,-75.19,39.64,8,Relationship Unknown,F,F,Hispanic or Latino,Hispanic or Latino,Black or African American,White,Parking/Drop Lot/Garage,Fondling,Extortion/Blackmail,Person,True,True
6,24,2,-73.99,39.88,12,Victim Was Sibling,F,F,Not Hispanic or Latino,Not Hispanic or Latino,White,White,Residence/Home,Theft of Motor Vehicle Parts or Accessories,Extortion/Blackmail,Person,True,True
53,43,15,-74.4,39.1,2,Victim Was Child,F,M,Hispanic or Latino,Hispanic or Latino,White,White,Residence/Home,Stolen Property Offenses,Counterfeiting/Forgery,Person,True,True
64,57,20,-74.97,40.59,6,Victim Was Sibling,F,F,Hispanic or Latino,Not Hispanic or Latino,White,White,Highway/Road/Alley/Street/Sidewalk,Theft of Motor Vehicle Parts or Accessories,Kidnapping/Abduction,Property,True,True
16,21,11,-74.0,40.11,2,Victim Was Ex-Relationship (Ex-Boyfriend/Girlfriend),F,F,Not Hispanic or Latino,Not Hispanic or Latino,Black or African American,White,Residence/Home,Aggravated Assault,Arson,Person,False,True
19,46,5,-75.37,40.67,12,Victim Was Neighbor,F,F,Not Hispanic or Latino,Hispanic or Latino,Black or African American,Black or African American,Residence/Home,Purse-snatching,Destruction/Damage/Vandalism of Property,Property,True,True
75,86,21,-74.31,40.62,9,Victim Was Parent,F,F,Hispanic or Latino,Hispanic or Latino,Black or African American,Black or African American,Residence/Home,Sodomy,Counterfeiting/Forgery,Person,True,True
49,64,21,-75.51,40.82,6,Victim Was Parent,M,M,Not Hispanic or Latino,Not Hispanic or Latino,Black or African American,Black or African American,Residence/Home,Sodomy,Kidnapping/Abduction,Property,True,True
88,62,1,-74.19,39.59,3,Victim Was Friend,M,F,Hispanic or Latino,Not Hispanic or Latino,Black or African American,White,Residence/Home,Aggravated Assault,Bribery,Property,True,True
51,51,21,-75.47,39.1,3,Victim Was Boyfriend/Girlfriend,F,F,Hispanic or Latino,Hispanic or Latino,Black or African American,White,Residence/Home,Wire Fraud,Human Trafficking,Person,False,True
41,91,3,-74.4,39.99,8,Victim Was Sibling,F,F,Not Hispanic or Latino,Not Hispanic or Latino,White,Black or African American,Residence/Home,Sexual Assault With An Object,Kidnapping/Abduction,Property,False,True
55,13,23,-74.79,40.02,9,Victim Was Ex-Relationship (Ex-Boyfriend/Girlfriend),F,F,Not Hispanic or Latino,Not Hispanic or Latino,White,Black or African American,Residence/Home,Theft From Building,Kidnapping/Abduction,Property,True,False
49,12,3,-74.18,39.52,7,Victim Was Parent,F,M,Not Hispanic or Latino,Not Hispanic or Latino,Black or African American,White,Residence/Home,Stolen Property Offenses,Stolen Property Offenses,Property,True,True
18,97,11,-74.73,39.66,5,Victim Was Boyfriend/Girlfriend,F,F,Not Hispanic or Latino,Not Hispanic or Latino,Black or African American,White,Residence/Home,Counterfeiting/Forgery,Bribery,Property,True,True
86,49,0,-74.05,40.96,6,Victim Was Ex-Relationship (Ex-Boyfriend/Girlfriend),M,F,Not Hispanic or Latino,Not Hispanic or Latino,White,Black or African American,Residence/Home,False Pretenses/Swindle/Confidence Game,Human Trafficking,Property,True,True
67,24,20,-74.93,40.97,1,Victim was Ex-Spouse,F,F,Not Hispanic or Latino,Hispanic or Latino,White,White,Residence/Home,Theft of Motor Vehicle Parts or Accessories,Bribery,Property,False,True
72,68,16,-75.16,39.16,10,Victim Was Parent,M,F,Not Hispanic or Latino,Not Hispanic or Latino,Black or African American,Black or African American,Residence/Home,Rape,Embezzlement,Property,True,True
11,74,8,-74.02,40.97,10,Victim Was Parent,F,F,Not Hispanic or Latino,Not Hispanic or Latino,Black or African American,Black or African American,Parking/Drop Lot/Garage,Kidnapping/Abduction,Homicide Offenses,Person,False,True
72,33,6,-75.13,39.0,1,Victim Was Friend,F,F,Not Hispanic or Latino,Hispanic or Latino,White,Black or African American,Residence/Home,Sodomy,Kidnapping/Abduction,Person,True,True
58,21,0,-74.87,41.21,7,Victim Was Friend,F,M,Not Hispanic or Latino,Hispanic or Latino,Black or African American,Black or African American,School/College,Stolen Property Offenses,Burglary/Breaking & Entering,Property,False,True
11,12,5,-74.89,40.22,5,Victim Was Acquaintance,M,F,Not Hispanic or Latino,Hispanic or Latino,Black or African American,White,Convenience Store,Fondling,Extortion/Blackmail,Property,True,True
47,91,9,-74.86,39.11,3,Victim Was Spouse,M,M,Not Hispanic or Latino,Hispanic or Latino,White,Native Hawaiian or Other Pacific Islander,Highway/Road/Alley/Street/Sidewalk,All Other Larceny,Counterfeiting/Forgery,Property,True,True
84,67,20,-74.96,40.18,7,Victim Was Acquaintance,F,M,Not Hispanic or Latino,Hispanic or Latino,White,Black or African American,Residence/Home,Motor Vehicle Theft,Sex Offenses,Property,True,True
8,13,13,-74.11,40.74,6,Victim Was Parent,F,F,Hispanic or Latino,Not Hispanic or Latino,White,Black or African American,Residence/Home,Extortion/Blackmail,Robbery,Property,True,True
17,22,11,-74.71,40.79,12,Victim Was Spouse,F,F,Not Hispanic or Latino,Not Hispanic or Latino,White,Black or African American,Residence/Home,Stolen Property Offenses,Embezzlement,Property,True,True
65,89,2,-75.22,40.87,10,Victim was Otherwise Known,F,M,Not Hispanic or Latino,Hispanic or Latino,Black or African American,White,Residence/Home,Kidnapping/Abduction,Burglary/Breaking & Entering,Person,True,True
79,75,3,-74.69,39.26,6,Victim Was Neighbor,F,F,Not Hispanic or Latino,Not Hispanic or Latino,White,Black or African American,Highway/Road/Alley/Street/Sidewalk,Intimidation,Human Trafficking,Person,True,True
91,18,9,-74.87,40.49,3,Victim Was Neighbor,F,M,Hispanic or Latino,Not Hispanic or Latino,White,White,Specialty Store,Credit Card/Automated Teller Machine Fraud,Larceny/Theft Offenses,Person,False,True
49,18,3,-74.16,40.45,6,Victim Was Ex-Relationship (Ex-Boyfriend/Girlfriend),F,F,Not Hispanic or Latino,Hispanic or Latino,White,Black or African American,Residence/Home,Purse-snatching,Burglary/Breaking & Entering,Person,True,True
35,44,0,-74.37,40.08,12,Victim Was Child,F,F,Not Hispanic or Latino,Not Hispanic or Latino,Black or African American,White,Specialty Store,Burglary/Breaking & Entering,Kidnapping/Abduction,Person,True,True
6,63,17,-74.09,39.13,10,Victim Was Other Family Member,M,F,Not Hispanic or Latino,Not Hispanic or Latino,Black or African American,Black or African American,Restaurant,Fondling,Destruction/Damage/Vandalism of Property,Person,True,True
21,42,17,-75.03,39.01,4,Victim Was Stranger,M,M,Not Hispanic or Latino,Not Hispanic or Latino,White,White,Residence/Home,Motor Vehicle Theft,Human Trafficking,Person,True,True
28,7,5,-75.12,39.25,6,Victim Was Child,F,F,Hispanic or Latino,Not Hispanic or Latino,White,Black or African American,Highway/Road/Alley/Street/Sidewalk,All Other Larceny,Arson,Person,True,True
85,75,22,-74.75,39.03,7,Victim Was Stranger,M,M,Not Hispanic or Latino,Not Hispanic or Latino,Black or African American,White,Residence/Home,Wire Fraud,Destruction/Damage/Vandalism of Property,Property,True,True
11,69,17,-74.35,40.94,9,Relationship Unknown,M,F,Not Hispanic or Latino,Not Hispanic or Latino,Black or African American,White,Residence/Home,Shoplifting,Robbery,Person,True,True
77,66,9,-74.48,40.65,2,Victim Was Acquaintance,F,F,Not Hispanic or Latino,Hispanic or Latino,Asian,Black or African American,Residence/Home,Extortion/Blackmail,Robbery,Property,True,True
34,28,11,-74.17,41.03,12,Victim Was Parent,F,F,Hispanic or Latino,Not Hispanic or Latino,Black or African American,White,Residence/Home,Purse-snatching,Fraud Offenses,Person,True,True
5,31,4,-74.82,40.79,3,Victim Was Neighbor,M,M,Not Hispanic or Latino,Not Hispanic or Latino,Black or African American,Black or African American,Residence/Home,Theft From Motor Vehicle,Kidnapping/Abduction,Property,True,True
35,13,2,-74.88,39.49,3,Victim was Ex-Spouse,M,F,Hispanic or Latino,Hispanic or Latino,Black or African American,Black or African American,Hotel/Motel/Etc.,Sexual Assault With An Object,Destruction/Damage/Vandalism of Property,Property,True,True
18,30,5,-75.51,39.1,6,Victim Was Parent,F,F,Hispanic or Latino,Not Hispanic or Latino,Black or African American,Black or African American,Residence/Home,Sexual Assault With An Object,Robbery,Person,True,False
24,27,13,-74.92,39.81,2,Victim was Otherwise Known,M,F,Hispanic or Latino,Not Hispanic or Latino,White,White,Residence/Home,Motor Vehicle Theft,Human Trafficking,Person,False,True
8,71,5,-74.68,41.18,4,Victim Was Friend,F,F,Not Hispanic or Latino,Hispanic or Latino,White,White,Highway/Road/Alley/Street/Sidewalk,Stolen Property Offenses,Embezzlement,Person,True,False
17,11,13,-75.01,39.49,10,Victim Was Acquaintance,F,F,Not Hispanic or Latino,Not Hispanic or Latino,White,White,Residence/Home,Identity Theft,Embezzlement,Person,False,True
26,11,6,-74.09,40.2,6,Victim Was Sibling,F,F,Not Hispanic or Latino,Hispanic or Latino,White,White,Residence/Home,Robbery,Robbery,Property,True,True
44,1,9,-74.78,40.9,9,Victim was Ex-Spouse,M,F,Not Hispanic or Latino,Not Hispanic or Latino,Black or African American,White,Highway/Road/Alley/Street/Sidewalk,Murder and Nonnegligent Manslaughter,Human Trafficking,Person,True,True
13,100,13,-75.05,39.35,8,Victim was Otherwise Known,M,F,Not Hispanic or Latino,Hispanic or Latino,Asian,White,Parking/Drop Lot/Garage,Counterfeiting/Forgery,Extortion/Blackmail,Person,True,True
8,67,10,-74.29,41.22,2,Victim Was Sibling,F,F,Not Hispanic or Latino,Not Hispanic or Latino,White,Black or African American,Residence/Home,Wire Fraud,Assault Offenses,Property,True,True
92,41,8,-75.23,39.89,11,Victim Was Boyfriend/Girlfriend,M,M,Hispanic or Latino,Hispanic or Latino,Black or African American,White,Highway/Road/Alley/Street/Sidewalk,Counterfeiting/Forgery,Robbery,Person,True,False
84,16,18,-75.2,39.82,5,Victim was Otherwise Known,F,M,Not Hispanic or Latino,Hispanic or Latino,Black or African American,Black or African American,Residence/Home,Stolen Property Offenses,Counterfeiting/Forgery,Property,True,True
41,72,13,-74.5,40.11,6,Victim Was Spouse,M,M,Not Hispanic or Latino,Not Hispanic or Latino,White,Black or African American,Parking/Drop Lot/Garage,Sexual Assault With An Object,Motor Vehicle Theft,Property,False,True
49,76,13,-74.13,40.68,8,Victim Was Parent,F,M,Hispanic or Latino,Not Hispanic or Latino,White,Black or African American,Residence/Home,Identity Theft,Burglary/Breaking & Entering,Person,True,True
57,97,3,-74.74,40.92,7,Relationship Unknown,M,M,Not Hispanic or Latino,Hispanic or Latino,Unknown,White,Residence/Home,Theft of Motor Vehicle Parts or Accessories,Sex Offenses,Property,True,True
97,51,15,-74.65,39.12,11,Victim was Otherwise Known,F,F,Hispanic or Latino,Not Hispanic or Latino,White,Black or African American,Cyberspace,Destruction/Damage/Vandalism of Property,Robbery,Property,True,True
21,76,23,-74.02,39.19,7,Victim Was Spouse,M,F,Hispanic or Latino,Hispanic or Latino,White,Black or African American,Highway/Road/Alley/Street/Sidewalk,Rape,Robbery,Property,True,True
80,91,14,-74.77,40.23,5,Victim Was Acquaintance,M,F,Hispanic or Latino,Not Hispanic or Latino,White,White,Residence/Home,Impersonation,Sex Offenses,Person,True,True
12,80,21,-74.38,40.97,8,Victim Was Neighbor,M,F,Hispanic or Latino,Not Hispanic or Latino,White,Black or African American,Residence/Home,Simple Assault,Human Trafficking,Person,True,True
69,9,9,-74.29,38.98,1,Victim Was Neighbor,M,F,Not Hispanic or Latino,Hispanic or Latino,Black or African American,White,Residence/Home,Shoplifting,Sex Offenses,Property,True,False
68,75,0,-74.82,41.04,2,Victim Was Other Family Member,M,F,Not Hispanic or Latino,Not Hispanic or Latino,White,White,Parking/Drop Lot/Garage,Wire Fraud,Counterfeiting/Forgery,Person,False,True
12,51,17,-75.52,39.5,9,Victim Was Acquaintance,F,F,Not Hispanic or Latino,Not Hispanic or Latino,White,Black or African American,Residence/Home,Statutory Rape,Extortion/Blackmail,Person,True,True
78,71,19,-74.85,38.97,5,Victim Was Child,F,F,Not Hispanic or Latino,Not Hispanic or Latino,White,Black or African American,Highway/Road/Alley/Street/Sidewalk,Shoplifting,Larceny/Theft Offenses,Property,True,True
9,85,6,-74.62,39.58,8,Victim Was Neighbor,F,F,Not Hispanic or Latino,Not Hispanic or Latino,Black or African American,Black or African American,Residence/Home,Credit Card/Automated Teller Machine Fraud,Robbery,Person,True,True
29,96,9,-75.38,39.75,7,Victim Was Child,M,F,Hispanic or Latino,Not Hispanic or Latino,White,White,Residence/Home,Counterfeiting/Forgery,Arson,Property,True,True
80,9,3,-74.12,40.99,9,Victim was Otherwise Known,F,F,Not Hispanic or Latino,Not Hispanic or Latino,Black or African American,White,Highway/Road/Alley/Street/Sidewalk,Sexual Assault With An Object,Burglary/Breaking & Entering,Person,False,True
45,97,18,-74.73,40.1,1,Victim Was Ex-Relationship (Ex-Boyfriend/Girlfriend),M,F,Not Hispanic or Latino,Not Hispanic or Latino,White,White,Other/Unknown,Fondling,Arson,Property,True,True
16,47,14,-74.74,40.9,8,Victim Was Neighbor,F,F,Hispanic or Latino,Not Hispanic or Latino,White,Black or African American,Residence/Home,Aggravated Assault,Motor Vehicle Theft,Person,False,True
80,8,23,-74.2,40.01,7,Victim Was Child,M,F,Not Hispanic or Latino,Not Hispanic or Latino,White,Black or African American,Residence/Home,Credit Card/Automated Teller Machine Fraud,Burglary/Breaking & Entering,Person,True,True
71,37,3,-74.99,39.81,8,Victim Was Friend,M,M,Not Hispanic or Latino,Not Hispanic or Latino,White,Black or African American,Hotel/Motel/Etc.,Simple Assault,Fraud Offenses,Property,True,False
52,49,4,-75.22,40.59,9,Victim was Ex-Spouse,M,M,Hispanic or Latino,Hispanic or Latino,White,White,Residence/Home,Kidnapping/Abduction,Embezzlement,Person,True,True
48,22,2,-73.92,39.91,1,Victim Was Spouse,M,F,Not Hispanic or Latino,Not Hispanic or Latino,White,Unknown,Residence/Home,Sodomy,Human Trafficking,Person,True,True
70,37,3,-75.05,41.29,10,Victim Was Spouse,F,F,Hispanic or Latino,Not Hispanic or Latino,Black or African American,White,Highway/Road/Alley/Street/Sidewalk,Murder and Nonnegligent Manslaughter,Bribery,Person,True,True
17,81,18,-74.48,40.25,3,Victim Was Stranger,F,M,Hispanic or Latino,Not Hispanic or Latino,White,White,Residence/Home,Intimidation,Embezzlement,Person,True,True
79,41,9,-75.46,39.98,2,Victim Was Child,F,F,Hispanic or Latino,Not Hispanic or Latino,White,American Indian or Alaska Native,Bank/Savings and Loan,Theft From Motor Vehicle,Kidnapping/Abduction,Property,True,True
52,22,19,-74.91,39.11,3,Victim Was Stranger,M,F,Not Hispanic or Latino,Hispanic or Latino,Black or African American,White,Residence/Home,Theft of Motor Vehicle Parts or Accessories,Stolen Property Offenses,Person,True,True
47,97,13,-74.05,39.17,6,Relationship Unknown,M,M,Hispanic or Latino,Hispanic or Latino,White,White,Residence/Home,Shoplifting,Motor Vehicle Theft,Person,False,True
45,72,0,-75.25,39.85,4,Victim Was Neighbor,F,M,Not Hispanic or Latino,Not Hispanic or Latino,Black or African American,Black or African American,Residence/Home,Statutory Rape,Stolen Property Offenses,Person,True,False
64,84,18,-75.01,39.29,8,Victim Was Sibling,F,F,Hispanic or Latino,Not Hispanic or Latino,Unknown,White,Highway/Road/Alley/Street/Sidewalk,Sodomy,Stolen Property Offenses,Property,True,True
67,66,14,-74.88,39.28,12,Victim Was Sibling,M,F,Hispanic or Latino,Not Hispanic or Latino,White,Black or African American,Hotel/Motel/Etc.,Kidnapping/Abduction,Kidnapping/Abduction,Property,True,True
34,40,2,-74.97,40.37,4,Victim Was Boyfriend/Girlfriend,M,F,Not Hispanic or Latino,Not Hispanic or Latino,White,Asian,Residence/Home,Identity Theft,Burglary/Breaking & Entering,Person,True,True
62,16,12,-75.37,40.05,2,Victim Was Spouse,M,F,Not Hispanic or Latino,Hispanic or Latino,White,Black or African American,Residence/Home,Murder and Nonnegligent Manslaughter,Arson,Property,True,True
73,16,20,-75.1,39.26,8,Victim Was Child,F,M,Hispanic or Latino,Hispanic or Latino,Black or African American,White,Residence/Home,Kidnapping/Abduction,Motor Vehicle Theft,Person,True,True
19,92,22,-74.0,39.9,6,Victim Was Acquaintance,F,M,Hispanic or Latino,Not Hispanic or Latino,Black or African American,White,Highway/Road/Alley/Street/Sidewalk,Sodomy,Burglary/Breaking & Entering,Person,True,True
71,48,8,-74.81,39.05,6,Victim Was Boyfriend/Girlfriend,F,F,Hispanic or Latino,Not Hispanic or Latino,White,Asian,Residence/Home,Murder and Nonnegligent Manslaughter,Sex Offenses,Property,True,True
12,3,9,-75.31,39.92,5,Victim Was Child,M,F,Hispanic or Latino,Hispanic or Latino,Black or African American,Black or African American,Residence/Home,All Other Larceny,Assault Offenses,Property,True,True
80,38,16,-74.68,40.46,1,Victim was Ex-Spouse,M,F,Not Hispanic or Latino,Not Hispanic or Latino,Black or African American,White,Convenience Store,Murder and Nonnegligent Manslaughter,Human Trafficking,Property,True,True
44,75,8,-75.48,39.47,6,Victim Was Neighbor,F,M,Not Hispanic or Latino,Hispanic or Latino,Black or African American,White,Residence/Home,Stolen Property Offenses,Robbery,Person,True,True
58,61,21,-73.98,39.63,6,Relationship Unknown,F,F,Hispanic or Latino,Not Hispanic or Latino,White,White,Residence/Home,Burglary/Breaking & Entering,Sex Offenses,Person,False,True
16,76,23,-75.09,39.27,2,Victim Was Stranger,M,F,Hispanic or Latino,Not Hispanic or Latino,American Indian or Alaska Native,Black or African American,Residence/Home,Stolen Property Offenses,Destruction/Damage/Vandalism of Property,Property,False,True
87,27,20,-74.9,40.04,6,Victim Was Spouse,F,M,Hispanic or Latino,Not Hispanic or Latino,Black or African American,White,Hotel/Motel/Etc.,Theft of Motor Vehicle Parts or Accessories,Embezzlement,Person,False,True
29,32,1,-75.31,39.43,7,Victim Was Spouse,M,F,Hispanic or Latino,Hispanic or Latino,White,Black or African American,Highway/Road/Alley/Street/Sidewalk,Identity Theft,Larceny/Theft Offenses,Person,True,True
93,88,15,-74.64,40.69,2,Victim Was Friend,M,F,Hispanic or Latino,Hispanic or Latino,White,Asian,Residence/Home,Intimidation,Arson,Person,True,True
88,77,9,-74.19,40.86,9,Victim was Otherwise Known,F,F,Not Hispanic or Latino,Hispanic or Latino,Black or African American,Black or African American,Cyberspace,Fondling,Extortion/Blackmail,Property,True,False
50,88,16,-74.33,41.01,9,Victim Was Parent,F,F,Hispanic or Latino,Not Hispanic or Latino,Black or African American,White,Residence/Home,Sodomy,Robbery,Property,True,False
86,76,6,-74.23,40.49,1,Victim Was Parent,F,F,Hispanic or Latino,Not Hispanic or Latino,Black or African American,White,Commercial/Office Building,Wire Fraud,Counterfeiting/Forgery,Property,True,True
62,18,5,-74.14,39.17,11,Victim was Otherwise Known,F,M,Not Hispanic or Latino,Not Hispanic or Latino,Black or African American,Black or African American,School-College/University,Sexual Assault With An Object,Robbery,Property,True,True
16,6,19,-74.59,40.49,4,Victim was Otherwise Known,F,M,Not Hispanic or Latino,Not Hispanic or Latino,Black or African American,White,Residence/Home,Identity Theft,Burglary/Breaking & Entering,Person,True,True
53,99,22,-74.58,40.92,7,Victim Was Stranger,M,F,Not Hispanic or Latino,Not Hispanic or Latino,White,White,Residence/Home,Counterfeiting/Forgery,Fraud Offenses,Property,True,True
18,40,17,-73.97,39.07,3,Victim Was Child,F,F,Not Hispanic or Latino,Not Hispanic or Latino,White,Black or African American,Residence/Home,Credit Card/Automated Teller Machine Fraud,Counterfeiting/Forgery,Property,True,True
59,24,11,-74.14,39.35,7,Victim Was Other Family Member,M,F,Not Hispanic or Latino,Not Hispanic or Latino,White,Black or African American,Residence/Home,Robbery,Extortion/Blackmail,Person,True,True
98,76,22,-74.63,41.19,10,Victim Was Boyfriend/Girlfriend,F,F,Not Hispanic or Latino,Hispanic or Latino,White,White,Residence/Home,Kidnapping/Abduction,Bribery,Property,True,True
42,28,6,-74.65,39.02,10,Victim Was Boyfriend/Girlfriend,F,F,Not Hispanic or Latino,Not Hispanic or Latino,Black or African American,White,Residence/Home,Purse-snatching,Fraud Offenses,Property,True,False
40,86,14,-75.28,39.19,11,Victim Was Boyfriend/Girlfriend,F,F,Hispanic or Latino,Not Hispanic or Latino,White,Black or African American,Residence/Home,Impersonation,Larceny/Theft Offenses,Property,True,True
28,61,20,-74.0,40.94,7,Victim was Otherwise Known,M,M,Not Hispanic or Latino,Hispanic or Latino,Black or African American,Black or African American,Parking/Drop Lot/Garage,Intimidation,Fraud Offenses,Property,True,True
37,68,14,-74.5,40.8,10,Victim Was Spouse,F,F,Hispanic or Latino,Not Hispanic or Latino,White,White,Cyberspace,Murder and Nonnegligent Manslaughter,Destruction/Damage/Vandalism of Property,Person,True,True
54,67,10,-75.0,39.7,11,Victim Was Spouse,M,F,Not Hispanic or Latino,Not Hispanic or Latino,White,White,Residence/Home,Wire Fraud,Arson,Person,True,False
57,46,8,-74.94,39.58,3,Victim was Otherwise Known,F,M,Not Hispanic or Latino,Not Hispanic or Latino,White,White,Residence/Home,False Pretenses/Swindle/Confidence Game,Larceny/Theft Offenses,Person,False,True
62,33,11,-73.9,39.55,5,Victim Was Ex-Relationship (Ex-Boyfriend/Girlfriend),F,F,Not Hispanic or Latino,Not Hispanic or Latino,Asian,White,Hotel/Motel/Etc.,False Pretenses/Swindle/Confidence Game,Sex Offenses,Person,True,True
75,64,16,-75.13,39.68,7,Relationship Unknown,M,F,Not Hispanic or Latino,Hispanic or Latino,White,Black or African American,Parking/Drop Lot/Garage,Extortion/Blackmail,Assault Offenses,Person,True,True
42,23,4,-74.34,40.1,5,Victim Was Other Family Member,F,F,Not Hispanic or Latino,Not Hispanic or Latino,Black or African American,White,Residence/Home,Aggravated Assault,Burglary/Breaking & Entering,Person,False,True
98,83,19,-74.46,41.05,3,Victim Was Other Family Member,F,F,Hispanic or Latino,Hispanic or Latino,Black or African American,Black or African American,Residence/Home,Destruction/Damage/Vandalism of Property,Counterfeiting/Forgery,Person,True,True
78,19,5,-75.28,39.63,11,Victim Was Other Family Member,F,M,Not Hispanic or Latino,Hispanic or Latino,Black or African American,White,Residence/Home,Theft of Motor Vehicle Parts or Accessories,Fraud Offenses,Property,True,True
51,57,19,-74.81,39.19,9,Victim Was Sibling,M,M,Hispanic or Latino,Not Hispanic or Latino,White,Black or African American,Residence/Home,Stolen Property Offenses,Bribery,Person,False,True
73,32,19,-74.19,40.72,6,Victim Was Sibling,F,M,Not Hispanic or Latino,Hispanic or Latino,Black or African American,White,Highway/Road/Alley/Street/Sidewalk,Rape,Extortion/Blackmail,Property,True,True
77,72,5,-75.07,39.09,11,Victim Was Ex-Relationship (Ex-Boyfriend/Girlfriend),F,F,Not Hispanic or Latino,Hispanic or Latino,Black or African American,Black or African American,Residence/Home,Aggravated Assault,Robbery,Property,True,True
36,46,18,-74.07,39.92,9,Victim Was Other Family Member,F,F,Not Hispanic or Latino,Hispanic or Latino,White,White,Residence/Home,Motor Vehicle Theft,Motor Vehicle Theft,Property,False,True
91,65,18,-75.18,39.7,2,Victim Was Sibling,F,F,Not Hispanic or Latino,Not Hispanic or Latino,White,White,Other/Unknown,Burglary/Breaking & Entering,Sex Offenses,Property,True,False
8,51,5,-75.33,41.21,6,Victim Was Parent,M,F,Not Hispanic or Latino,Not Hispanic or Latino,White,Black or African American,Highway/Road/Alley/Street/Sidewalk,Extortion/Blackmail,Fraud Offenses,Property,False,True
33,88,15,-73.9,40.15,9,Victim Was Parent,F,F,Not Hispanic or Latino,Hispanic or Latino,Black or African American,Black or African American,Residence/Home,Impersonation,Sex Offenses,Property,True,True
90,38,2,-74.48,40.61,4,Victim Was Child,F,M,Not Hispanic or Latino,Hispanic or Latino,White,Black or African American,Highway/Road/Alley/Street/Sidewalk,Kidnapping/Abduction,Larceny/Theft Offenses,Property,True,False
83,84,18,-74.65,41.17,2,Relationship Unknown,M,M,Not Hispanic or Latino,Not Hispanic or Latino,White,Native Hawaiian or Other Pacific Islander,Residence/Home,False Pretenses/Swindle/Confidence Game,Motor Vehicle Theft,Person,True,True
10,100,11,-73.96,40.85,9,Victim Was Stranger,F,M,Not Hispanic or Latino,Hispanic or Latino,White,White,Residence/Home,Rape,Stolen Property Offenses,Person,True,False
92,4,0,-75.3,40.9,12,Victim Was Child,F,F,Not Hispanic or Latino,Not Hispanic or Latino,White,White,Residence/Home,Intimidation,Assault Offenses,Property,True,True
65,31,6,-74.35,41.18,4,Victim Was Other Family Member,F,M,Not Hispanic or Latino,Not Hispanic or Latino,Black or African American,Black or African American,Residence/Home,Murder and Nonnegligent Manslaughter,Assault Offenses,Person,True,True
24,75,4,-75.43,39.44,1,Victim Was Child,F,F,Not Hispanic or Latino,Not Hispanic or Latino,White,White,Department/Discount Store,Rape,Extortion/Blackmail,Person,False,True
89,77,0,-75.54,40.84,10,Victim Was Other Family Member,M,M,Not Hispanic or Latino,Hispanic or Latino,White,Black or African American,Residence/Home,Fondling,Larceny/Theft Offenses,Person,True,True
17,20,2,-74.58,39.58,11,Victim Was Friend,M,M,Hispanic or Latino,Hispanic or Latino,Black or African American,White,Convenience Store,Counterfeiting/Forgery,Homicide Offenses,Person,True,True
19,15,2,-74.97,39.18,8,Victim Was Boyfriend/Girlfriend,F,F,Not Hispanic or Latino,Not Hispanic or Latino,White,Black or African American,School/College,Aggravated Assault,Assault Offenses,Property,True,True
67,74,0,-74.34,40.71,9,Victim Was Other Family Member,F,F,Not Hispanic or Latino,Not Hispanic or Latino,Black or African American,Unknown,Residence/Home,Theft From Building,Stolen Property Offenses,Property,True,True
30,50,12,-74.87,41.11,10,Victim Was Ex-Relationship (Ex-Boyfriend/Girlfriend),M,M,Hispanic or Latino,Hispanic or Latino,White,White,Residence/Home,Impersonation,Burglary/Breaking & Entering,Property,True,False
39,40,8,-74.35,39.31,4,Victim Was Other Family Member,M,F,Not Hispanic or Latino,Not Hispanic or Latino,White,White,Residence/Home,Theft of Motor Vehicle Parts or Accessories,Fraud Offenses,Person,True,True
71,22,1,-75.1,40.18,4,Victim Was Child,F,F,Not Hispanic or Latino,Not Hispanic or Latino,White,White,Parking/Drop Lot/Garage,All Other Larceny,Sex Offenses,Property,True,True
75,94,16,-74.96,40.55,9,Victim Was Parent,M,M,Not Hispanic or Latino,Not Hispanic or Latino,Black or African American,White,Parking/Drop Lot/Garage,Wire Fraud,Human Trafficking,Person,True,True
46,87,12,-74.72,39.72,2,Victim was Ex-Spouse,M,F,Not Hispanic or Latino,Hispanic or Latino,White,Asian,School-Elementary/Secondary,Theft of Motor Vehicle Parts or Accessories,Robbery,Person,True,True
69,72,3,-75.03,39.74,7,Relationship Unknown,M,M,Not Hispanic or Latino,Hispanic or Latino,White,White,Highway/Road/Alley/Street/Sidewalk,All Other Larceny,Assault Offenses,Person,False,True
24,63,18,-75.05,40.05,12,Victim Was Stranger,M,M,Not Hispanic or Latino,Not Hispanic or Latino,White,Black or African American,Highway/Road/Alley/Street/Sidewalk,Robbery,Kidnapping/Abduction,Person,False,True
64,55,22,-74.61,40.63,10,Victim Was Other Family Member,M,M,Hispanic or Latino,Not Hispanic or Latino,Black or African American,Black or African American,Residence/Home,Statutory Rape,Stolen Property Offenses,Property,True,True
22,58,9,-74.13,40.38,4,Victim Was Parent,F,M,Not Hispanic or Latino,Not Hispanic or Latino,White,White,Residence/Home,Stolen Property Offenses,Counterfeiting/Forgery,Person,True,True
94,53,10,-74.23,39.65,8,Victim was Ex-Spouse,M,F,Hispanic or Latino,Not Hispanic or Latino,White,Black or African American,Residence/Home,Intimidation,Burglary/Breaking & Entering,Property,True,True
44,65,20,-74.86,40.64,7,Victim Was Neighbor,F,F,Not Hispanic or Latino,Hispanic or Latino,Black or African American,Asian,Highway/Road/Alley/Street/Sidewalk,Stolen Property Offenses,Stolen Property Offenses,Property,True,True
27,23,2,-75.27,39.76,10,Victim Was Neighbor,F,F,Not Hispanic or Latino,Hispanic or Latino,White,White,Residence/Home,Theft of Motor Vehicle Parts or Accessories,Sex Offenses,Person,True,True
31,17,0,-74.26,39.95,7,Victim Was Spouse,F,F,Hispanic or Latino,Not Hispanic or Latino,Black or African American,Black or African American,Residence/Home,Impersonation,Larceny/Theft Offenses,Property,False,True
16,54,8,-74.24,40.21,12,Victim Was Friend,F,F,Not Hispanic or Latino,Hispanic or Latino,Black or African American,White,Highway/Road/Alley/Street/Sidewalk,Purse-snatching,Embezzlement,Property,True,False
83,83,0,-75.37,39.83,7,Victim Was Child,M,F,Hispanic or Latino,Not Hispanic or Latino,White,White,Residence/Home,Sodomy,Larceny/Theft Offenses,Property,False,True
91,40,13,-74.93,40.31,6,Victim Was Friend,F,F,Hispanic or Latino,Not Hispanic or Latino,White,American Indian or Alaska Native,Residence/Home,Sodomy,Stolen Property Offenses,Property,True,True
59,13,15,-75.02,40.78,8,Victim was Ex-Spouse,M,M,Not Hispanic or Latino,Hispanic or Latino,Black or African American,White,Residence/Home,Impersonation,Motor Vehicle Theft,Property,True,True
94,84,20,-74.16,39.63,5,Victim Was Sibling,M,F,Hispanic or Latino,Hispanic or Latino,White,White,Residence/Home,Rape,Counterfeiting/Forgery,Property,True,True
51,27,19,-75.44,40.93,3,Relationship Unknown,M,F,Hispanic or Latino,Not Hispanic or Latino,Black or African American,Black or African American,Residence/Home,Robbery,Embezzlement,Person,True,True
60,18,4,-74.44,39.21,12,Relationship Unknown,F,F,Not Hispanic or Latino,Not Hispanic or Latino,Black or African American,White,Residence/Home,Murder and Nonnegligent Manslaughter,Robbery,Person,True,True
96,20,7,-73.95,40.45,11,Victim Was Neighbor,F,F,Not Hispanic or Latino,Hispanic or Latino,Black or African American,White,Residence/Home,Theft of Motor Vehicle Parts or Accessories,Motor Vehicle Theft,Property,True,True
41,51,1,-73.95,39.32,6,Victim Was Acquaintance,F,M,Not Hispanic or Latino,Hispanic or Latino,Black or African American,White,Highway/Road/Alley/Street/Sidewalk,Identity Theft,Assault Offenses,Property,True,False
58,94,13,-74.06,40.91,7,Victim Was Boyfriend/Girlfriend,M,F,Not Hispanic or Latino,Not Hispanic or Latino,Black or African American,Black or African American,Residence/Home,Simple Assault,Motor Vehicle Theft,Person,False,True
43,34,22,-75.47,39.43,9,Victim Was Spouse,F,F,Hispanic or Latino,Not Hispanic or Latino,White,Black or African American,Residence/Home,Wire Fraud,Counterfeiting/Forgery,Property,True,True
8,9,13,-75.2,40.67,9,Victim Was Parent,F,F,Not Hispanic or Latino,Not Hispanic or Latino,Black or African American,White,Cyberspace,Theft From Motor Vehicle,Sex Offenses,Person,True,True
20,72,15,-74.29,39.17,9,Victim Was Other Family Member,F,F,Hispanic or Latino,Hispanic or Latino,White,Black or African American,Highway/Road/Alley/Street/Sidewalk,Identity Theft,Bribery,Property,True,True
7,99,11,-74.19,40.87,1,Victim Was Ex-Relationship (Ex-Boyfriend/Girlfriend),F,M,Not Hispanic or Latino,Not Hispanic or Latino,Black or African American,White,Highway/Road/Alley/Street/Sidewalk,Murder and Nonnegligent Manslaughter,Robbery,Person,True,True
8,81,15,-75.46,39.31,9,Victim was Otherwise Known,M,F,Not Hispanic or Latino,Not Hispanic or Latino,White,White,Residence/Home,Credit Card/Automated Teller Machine Fraud,Destruction/Damage/Vandalism of Property,Person,True,True
68,34,0,-74.2,39.65,10,Victim Was Boyfriend/Girlfriend,F,F,Not Hispanic or Latino,Hispanic or Latino,White,White,Residence/Home,Murder and Nonnegligent Manslaughter,Robbery,Person,True,True
90,1,6,-74.09,39.88,1,Victim Was Sibling,M,F,Not Hispanic or Latino,Hispanic or Latino,White,Black or African American,School/College,False Pretenses/Swindle/Confidence Game,Assault Offenses,Property,True,True
33,6,5,-74.05,40.88,10,Victim Was Acquaintance,F,F,Hispanic or Latino,Not Hispanic or Latino,Black or African American,White,Residence/Home,Burglary/Breaking & Entering,Counterfeiting/Forgery,Property,True,True
28,100,17,-75.14,39.47,1,Victim Was Sibling,F,F,Not Hispanic or Latino,Hispanic or Latino,Black or African American,White,Cyberspace,Credit Card/Automated Teller Machine Fraud,Stolen Property Offenses,Property,True,True
10,99,1,-75.27,40.85,6,Victim Was Parent,F,F,Not Hispanic or Latino,Hispanic or Latino,Black or African American,White,Highway/Road/Alley/Street/Sidewalk,Sodomy,Counterfeiting/Forgery,Property,True,False
75,29,13,-75.49,40.45,11,Victim Was Stranger,F,F,Not Hispanic or Latino,Not Hispanic or Latino,Black or African American,Black or African American,Residence/Home,Intimidation,Kidnapping/Abduction,Property,True,True
18,28,15,-75.27,39.78,10,Victim Was Sibling,M,M,Not Hispanic or Latino,Hispanic or Latino,Unknown,Black or African American,Residence/Home,Burglary/Breaking & Entering,Counterfeiting/Forgery,Property,True,True
53,21,17,-74.19,39.46,7,Relationship Unknown,F,F,Hispanic or Latino,Not Hispanic or Latino,Black or African American,Black or African American,Cyberspace,Kidnapping/Abduction,Burglary/Breaking & Entering,Property,True,True
70,74,11,-75.16,40.98,5,Victim was Otherwise Known,F,F,Not Hispanic or Latino,Hispanic or Latino,White,Black or African American,Residence/Home,Fondling,Arson,Property,True,True
9,1,5,-75.53,39.8,12,Victim Was Neighbor,F,F,Not Hispanic or Latino,Hispanic or Latino,White,White,Highway/Road/Alley/Street/Sidewalk,Sexual Assault With An Object,Arson,Person,True,False
96,14,0,-74.25,40.26,9,Victim Was Child,F,M,Not Hispanic or Latino,Not Hispanic or Latino,White,Black or African American,Restaurant,False Pretenses/Swindle/Confidence Game,Destruction/Damage/Vandalism of Property,Property,True,False
41,38,4,-74.11,39.28,9,Victim Was Acquaintance,F,F,Not Hispanic or Latino,Hispanic or Latino,White,White,Residence/Home,Statutory Rape,Bribery,Person,False,True
26,45,23,-74.74,40.54,10,Victim Was Neighbor,F,M,Not Hispanic or Latino,Not Hispanic or Latino,White,Black or African American,Parking/Drop Lot/Garage,Shoplifting,Fraud Offenses,Person,False,False
61,12,2,-75.11,40.98,12,Victim was Otherwise Known,F,M,Not Hispanic or Latino,Not Hispanic or Latino,Black or African American,Black or African American,Bar/Nightclub,Counterfeiting/Forgery,Homicide Offenses,Property,True,True
83,17,18,-74.66,39.18,3,Victim Was Child,M,F,Not Hispanic or Latino,Hispanic or Latino,White,Black or African American,Residence/Home,Fondling,Assault Offenses,Person,True,True
5,79,19,-75.39,40.62,6,Victim was Ex-Spouse,M,M,Not Hispanic or Latino,Not Hispanic or Latino,Black or African American,White,Highway/Road/Alley/Street/Sidewalk,Rape,Bribery,Person,True,True
8,77,6,-74.19,39.95,6,Victim was Ex-Spouse,F,F,Not Hispanic or Latino,Hispanic or Latino,Black or African American,Black or African American,Residence/Home,Impersonation,Burglary/Breaking & Entering,Property,True,True
83,9,17,-74.65,40.11,6,Victim Was Other Family Member,M,F,Not Hispanic or Latino,Not Hispanic or Latino,White,White,Residence/Home,Sexual Assault With An Object,Burglary/Breaking & Entering,Property,True,True
10,93,22,-74.04,39.89,7,Victim was Otherwise Known,M,F,Hispanic or Latino,Not Hispanic or Latino,Black or African American,Black or African American,Residence/Home,Fondling,Human Trafficking,Property,True,True
8,35,9,-75.27,40.64,9,Victim Was Friend,M,M,Hispanic or Latino,Not Hispanic or Latino,White,White,Cyberspace,Rape,Counterfeiting/Forgery,Property,True,True
50,76,23,-74.74,39.65,7,Victim Was Parent,F,F,Not Hispanic or Latino,Not Hispanic or Latino,White,White,Bar/Nightclub,Purse-snatching,Human Trafficking,Person,True,True
67,68,19,-75.51,39.44,7,Victim Was Friend,F,M,Not Hispanic or Latino,Hispanic or Latino,White,White,Highway/Road/Alley/Street/Sidewalk,Kidnapping/Abduction,Counterfeiting/Forgery,Person,True,True
49,31,14,-75.14,39.96,11,Victim Was Stranger,M,F,Not Hispanic or Latino,Not Hispanic or Latino,White,Black or African American,Highway/Road/Alley/Street/Sidewalk,Simple Assault,Assault Offenses,Property,True,True
61,100,20,-75.5,39.11,7,Victim Was Other Family Member,M,F,Hispanic or Latino,Not Hispanic or Latino,White,White,Residence/Home,Theft of Motor Vehicle Parts or Accessories,Destruction/Damage/Vandalism of Property,Person,True,True
83,69,20,-74.09,40.59,4,Victim was Otherwise Known,F,F,Hispanic or Latino,Not Hispanic or Latino,White,White,Cyberspace,Fondling,Assault Offenses,Property,True,False
20,34,23,-75.35,39.36,11,Relationship Unknown,F,F,Not Hispanic or Latino,Hispanic or Latino,Asian,Black or African American,Residence/Home,Simple Assault,Motor Vehicle Theft,Property,True,True
66,28,17,-75.55,41.04,11,Victim Was Boyfriend/Girlfriend,M,F,Not Hispanic or Latino,Not Hispanic or Latino,Black or African American,White,Residence/Home,Counterfeiting/Forgery,Robbery,Property,True,True
88,63,5,-74.94,41.16,8,Victim Was Acquaintance,F,F,Not Hispanic or Latino,Not Hispanic or Latino,White,White,Residence/Home,Identity Theft,Assault Offenses,Person,True,True
23,28,18,-75.41,40.69,4,Victim Was Stranger,F,F,Hispanic or Latino,Hispanic or Latino,Black or African American,Black or African American,Parking/Drop Lot/Garage,All Other Larceny,Assault Offenses,Person,False,True
46,88,15,-74.09,39.78,5,Victim Was Ex-Relationship (Ex-Boyfriend/Girlfriend),M,M,Not Hispanic or Latino,Not Hispanic or Latino,White,Asian,Highway/Road/Alley/Street/Sidewalk,Rape,Sex Offenses,Person,True,True
58,65,8,-74.65,40.34,8,Victim Was Parent,F,M,Not Hispanic or Latino,Not Hispanic or Latino,White,Black or African American,Residence/Home,Shoplifting,Assault Offenses,Person,True,True
92,29,4,-74.94,39.82,6,Victim Was Ex-Relationship (Ex-Boyfriend/Girlfriend),M,M,Hispanic or Latino,Hispanic or Latino,White,Unknown,Highway/Road/Alley/Street/Sidewalk,Fondling,Counterfeiting/Forgery,Person,False,True
98,6,7,-74.25,39.31,3,Victim Was Other Family Member,F,F,Hispanic or Latino,Not Hispanic or Latino,White,Black or African American,Residence/Home,Murder and Nonnegligent Manslaughter,Bribery,Property,True,True
72,87,16,-74.12,39.75,9,Victim Was Acquaintance,M,F,Not Hispanic or Latino,Not Hispanic or Latino,White,White,Residence/Home,Simple Assault,Assault Offenses,Person,True,False
42,51,4,-73.91,39.97,7,Victim Was Child,M,F,Hispanic or Latino,Not Hispanic or Latino,White,Black or African American,Parking/Drop Lot/Garage,Stolen Property Offenses,Embezzlement,Person,True,True
15,53,4,-74.33,41.03,6,Victim Was Boyfriend/Girlfriend,M,F,Not Hispanic or Latino,Hispanic or Latino,Black or African American,White,Convenience Store,Destruction/Damage/Vandalism of Property,Motor Vehicle Theft,Person,True,True
66,46,3,-75.42,39.13,8,Victim was Otherwise Known,F,F,Not Hispanic or Latino,Not Hispanic or Latino,White,Black or African American,Residence/Home,Purse-snatching,Fraud Offenses,Property,True,True
79,1,2,-75.31,40.0,9,Victim Was Parent,F,M,Hispanic or Latino,Not Hispanic or Latino,White,Black or African American,Residence/Home,Statutory Rape,Robbery,Person,True,True
37,53,21,-74.1,40.9,12,Victim Was Ex-Relationship (Ex-Boyfriend/Girlfriend),F,F,Not Hispanic or Latino,Not Hispanic or Latino,White,White,Residence/Home,Intimidation,Counterfeiting/Forgery,Person,True,True
35,69,0,-75.48,40.65,8,Victim Was Acquaintance,F,M,Not Hispanic or Latino,Not Hispanic or Latino,White,Black or African American,Residence/Home,Burglary/Breaking & Entering,Larceny/Theft Offenses,Property,True,True
79,5,6,-74.88,41.24,10,Victim was Ex-Spouse,F,M,Not Hispanic or Latino,Not Hispanic or Latino,Black or African American,American Indian or Alaska Native,Residence/Home,Credit Card/Automated Teller Machine Fraud,Arson,Person,True,True
29,13,5,-74.83,39.01,1,Victim Was Stranger,F,F,Not Hispanic or Latino,Not Hispanic or Latino,White,Black or African American,Residence/Home,Rape,Assault Offenses,Person,True,False
94,86,8,-74.07,39.99,2,Victim Was Spouse,F,F,Not Hispanic or Latino,Not Hispanic or Latino,Asian,White,Cyberspace,Extortion/Blackmail,Bribery,Person,True,True
26,75,11,-74.88,40.61,12,Victim Was Neighbor,F,F,Not Hispanic or Latino,Hispanic or Latino,White,Black or African American,Hotel/Motel/Etc.,Motor Vehicle Theft,Counterfeiting/Forgery,Person,True,True
52,40,9,-74.48,39.4,8,Victim Was Friend,M,M,Hispanic or Latino,Not Hispanic or Latino,Black or African American,White,Cyberspace,Intimidation,Counterfeiting/Forgery,Person,False,True
73,15,23,-74.29,40.65,6,Victim Was Ex-Relationship (Ex-Boyfriend/Girlfriend),M,F,Hispanic or Latino,Not Hispanic or Latino,White,Black or African American,Parking/Drop Lot/Garage,Rape,Larceny/Theft Offenses,Property,True,False
64,22,13,-75.43,39.97,8,Victim Was Spouse,M,F,Not Hispanic or Latino,Not Hispanic or Latino,White,Black or African American,Cyberspace,Robbery,Arson,Person,True,False
98,31,14,-74.82,40.83,1,Victim Was Neighbor,F,F,Not Hispanic or Latino,Not Hispanic or Latino,White,Black or African American,Highway/Road/Alley/Street/Sidewalk,Intimidation,Stolen Property Offenses,Person,False,True
9,18,13,-74.35,39.88,6,Victim Was Other Family Member,F,F,Not Hispanic or Latino,Not Hispanic or Latino,White,White,Cyberspace,Sodomy,Assault Offenses,Property,True,True
57,78,12,-74.15,39.87,3,Victim was Otherwise Known,M,F,Not Hispanic or Latino,Hispanic or Latino,White,Black or African American,Residence/Home,Shoplifting,Extortion/Blackmail,Property,True,True
42,86,8,-74.82,39.46,4,Victim Was Boyfriend/Girlfriend,F,M,Not Hispanic or Latino,Hispanic or Latino,White,White,Residence/Home,Fondling,Sex Offenses,Person,True,True
4,18,21,-74.47,40.11,11,Victim Was Child,M,F,Not Hispanic or Latino,Not Hispanic or Latino,White,White,Highway/Road/Alley/Street/Sidewalk,Extortion/Blackmail,Extortion/Blackmail,Person,False,True
49,70,19,-74.09,41.03,5,Relationship Unknown,F,F,Not Hispanic or Latino,Not Hispanic or Latino,Black or African American,White,Residence/Home,Extortion/Blackmail,Sex Offenses,Property,True,False
27,91,4,-74.08,40.6,3,Victim Was Spouse,M,F,Not Hispanic or Latino,Hispanic or Latino,White,White,Residence/Home,False Pretenses/Swindle/Confidence Game,Larceny/Theft Offenses,Person,True,True
17,13,6,-74.22,40.99,9,Victim Was Parent,F,F,Not Hispanic or Latino,Not Hispanic or Latino,White,White,Residence/Home,Wire Fraud,Motor Vehicle Theft,Property,False,True
66,32,20,-74.8,41.26,2,Relationship Unknown,M,M,Hispanic or Latino,Hispanic or Latino,White,White,Residence/Home,Burglary/Breaking & Entering,Arson,Person,False,True
12,68,5,-75.44,39.61,11,Victim Was Ex-Relationship (Ex-Boyfriend/Girlfriend),F,F,Hispanic or Latino,Hispanic or Latino,White,White,Residence/Home,Theft of Motor Vehicle Parts or Accessories,Bribery,Person,True,False
49,64,2,-75.39,40.51,7,Victim Was Boyfriend/Girlfriend,M,F,Not Hispanic or Latino,Not Hispanic or Latino,Black or African American,Asian,Residence/Home,Shoplifting,Burglary/Breaking & Entering,Property,True,True
99,67,16,-75.34,40.11,10,Victim was Otherwise Known,M,F,Hispanic or Latino,Not Hispanic or Latino,White,Asian,Residence/Home,Burglary/Breaking & Entering,Motor Vehicle Theft,Person,True,True
1,69,1,-74.69,40.56,2,Victim Was Ex-Relationship (Ex-Boyfriend/Girlfriend),F,F,Not Hispanic or Latino,Not Hispanic or Latino,Asian,White,Cyberspace,Theft From Motor Vehicle,Larceny/Theft Offenses,Property,True,True
77,100,21,-75.13,39.97,9,Victim Was Ex-Relationship (Ex-Boyfriend/Girlfriend),F,F,Not Hispanic or Latino,Not Hispanic or Latino,White,White,Drug Store/Doctor's Office/Hospital,Destruction/Damage/Vandalism of Property,Assault Offenses,Property,True,True
36,30,13,-75.03,41.23,1,Victim Was Sibling,F,F,Not Hispanic or Latino,Not Hispanic or Latino,White,Black or African American,Residence/Home,Wire Fraud,Counterfeiting/Forgery,Property,False,True
90,83,21,-75.26,39.01,7,Victim Was Stranger,F,F,Not Hispanic or Latino,Hispanic or Latino,White,White,Parking/Drop Lot/Garage,Extortion/Blackmail,Destruction/Damage/Vandalism of Property,Person,True,True
22,37,19,-75.19,40.54,11,Victim Was Parent,F,F,Not Hispanic or Latino,Not Hispanic or Latino,White,White,Residence/Home,Murder and Nonnegligent Manslaughter,Counterfeiting/Forgery,Person,True,True
10,73,23,-74.26,39.22,3,Victim Was Stranger,M,F,Hispanic or Latino,Not Hispanic or Latino,Black or African American,White,Residence/Home,Impersonation,Arson,Person,False,True
68,45,12,-74.19,39.81,8,Victim Was Ex-Relationship (Ex-Boyfriend/Girlfriend),M,F,Not Hispanic or Latino,Hispanic or Latino,White,Black or African American,Highway/Road/Alley/Street/Sidewalk,Sexual Assault With An Object,Counterfeiting/Forgery,Person,True,False
18,21,3,-74.91,39.02,6,Victim Was Child,M,F,Not Hispanic or Latino,Not Hispanic or Latino,White,Black or African American,Bank/Savings and Loan,Burglary/Breaking & Entering,Arson,Property,True,False
97,16,2,-75.12,41.22,3,Victim Was Ex-Relationship (Ex-Boyfriend/Girlfriend),M,F,Hispanic or Latino,Hispanic or Latino,Black or African American,Black or African American,Residence/Home,Theft of Motor Vehicle Parts or Accessories,Assault Offenses,Person,False,True
17,33,0,-74.81,39.0,3,Relationship Unknown,M,F,Not Hispanic or Latino,Not Hispanic or Latino,White,Black or African American,Grocery/Supermarket,Counterfeiting/Forgery,Motor Vehicle Theft,Property,False,True
25,77,1,-73.93,40.17,8,Victim Was Spouse,F,F,Hispanic or Latino,Not Hispanic or Latino,Black or African American,Black or African American,Highway/Road/Alley/Street/Sidewalk,Impersonation,Kidnapping/Abduction,Person,True,True
3,11,0,-74.8,40.47,4,Victim Was Spouse,M,F,Hispanic or Latino,Hispanic or Latino,Black or African American,Black or African American,School/College,Theft From Motor Vehicle,Burglary/Breaking & Entering,Property,True,True
17,30,0,-75.46,41.23,7,Victim Was Boyfriend/Girlfriend,F,F,Not Hispanic or Latino,Not Hispanic or Latino,Black or African American,Black or African American,Residence/Home,Extortion/Blackmail,Assault Offenses,Person,True,True
64,64,20,-75.26,41.14,2,Victim Was Spouse,M,F,Hispanic or Latino,Not Hispanic or Latino,Black or African American,Asian,Parking/Drop Lot/Garage,Theft From Motor Vehicle,Kidnapping/Abduction,Property,True,True
45,76,0,-75.25,40.5,10,Victim Was Ex-Relationship (Ex-Boyfriend/Girlfriend),F,F,Not Hispanic or Latino,Hispanic or Latino,White,White,Residence/Home,False Pretenses/Swindle/Confidence Game,Arson,Person,True,True
31,36,16,-75.33,40.46,6,Victim Was Acquaintance,M,F,Hispanic or Latino,Hispanic or Latino,White,White,Residence/Home,Impersonation,Destruction/Damage/Vandalism of Property,Property,True,True
68,18,2,-74.87,39.52,9,Victim Was Sibling,F,F,Not Hispanic or Latino,Not Hispanic or Latino,White,American Indian or Alaska Native,Residence/Home,Wire Fraud,Burglary/Breaking & Entering,Person,True,False
74,10,0,-75.35,39.78,5,Victim Was Sibling,M,M,Hispanic or Latino,Hispanic or Latino,White,Asian,Residence/Home,Wire Fraud,Fraud Offenses,Property,True,True
10,91,0,-74.19,40.6,1,Victim Was Other Family Member,M,M,Not Hispanic or Latino,Not Hispanic or Latino,Black or African American,Native Hawaiian or Other Pacific Islander,Residence/Home,Destruction/Damage/Vandalism of Property,Sex Offenses,Property,True,True
54,67,22,-73.94,39.57,10,Victim Was Boyfriend/Girlfriend,F,F,Not Hispanic or Latino,Hispanic or Latino,Black or African American,White,Cyberspace,Credit Card/Automated Teller Machine Fraud,Stolen Property Offenses,Person,True,True
40,44,16,-74.56,39.21,1,Victim Was Sibling,M,F,Not Hispanic or Latino,Not Hispanic or Latino,White,White,Residence/Home,Shoplifting,Extortion/Blackmail,Person,True,True
4,62,14,-73.96,39.91,6,Relationship Unknown,F,F,Not Hispanic or Latino,Hispanic or Latino,White,White,Residence/Home,Theft From Building,Motor Vehicle Theft,Property,True,True
22,25,12,-75.17,40.49,1,Victim Was Spouse,M,M,Not Hispanic or Latino,Hispanic or Latino,American Indian or Alaska Native,White,Residence/Home,Theft From Building,Sex Offenses,Person,False,True
40,67,9,-73.93,39.76,5,Victim was Ex-Spouse,M,F,Not Hispanic or Latino,Hispanic or Latino,Black or African American,White,Highway/Road/Alley/Street/Sidewalk,Purse-snatching,Extortion/Blackmail,Property,True,False
81,6,10,-74.83,39.14,7,Victim Was Spouse,M,F,Not Hispanic or Latino,Not Hispanic or Latino,Black or African American,Black or African American,Residence/Home,Sexual Assault With An Object,Embezzlement,Person,False,True
30,76,6,-74.55,39.86,10,Victim was Otherwise Known,F,M,Not Hispanic or Latino,Not Hispanic or Latino,White,Black or African American,Parking/Drop Lot/Garage,Fondling,Burglary/Breaking & Entering,Property,False,True
42,65,18,-75.16,39.09,7,Victim was Ex-Spouse,M,F,Hispanic or Latino,Not Hispanic or Latino,Black or African American,Asian,Residence/Home,Aggravated Assault,Destruction/Damage/Vandalism of Property,Person,True,True
23,43,10,-75.15,40.49,6,Victim Was Acquaintance,F,F,Hispanic or Latino,Hispanic or Latino,White,Black or African American,Residence/Home,Theft of Motor Vehicle Parts or Accessories,Human Trafficking,Person,False,True
12,75,3,-75.2,41.21,11,Victim Was Other Family Member,F,F,Not Hispanic or Latino,Not Hispanic or Latino,White,Asian,Cyberspace,All Other Larceny,Burglary/Breaking & Entering,Property,True,True
88,51,21,-74.37,39.73,4,Victim was Ex-Spouse,F,F,Not Hispanic or Latino,Not Hispanic or Latino,Black or African American,Black or African American,Parking/Drop Lot/Garage,Credit Card/Automated Teller Machine Fraud,Bribery,Property,True,True
98,60,20,-74.22,40.62,12,Victim Was Neighbor,M,F,Hispanic or Latino,Not Hispanic or Latino,Black or African American,White,Residence/Home,Intimidation,Fraud Offenses,Person,True,True
14,67,17,-75.52,39.51,12,Victim Was Stranger,F,F,Hispanic or Latino,Hispanic or Latino,Black or African American,American Indian or Alaska Native,Residence/Home,Purse-snatching,Destruction/Damage/Vandalism of Property,Person,True,True
52,76,13,-74.3,39.97,1,Victim was Ex-Spouse,M,F,Hispanic or Latino,Not Hispanic or Latino,White,White,Highway/Road/Alley/Street/Sidewalk,Kidnapping/Abduction,Homicide Offenses,Person,True,True
46,94,11,-73.96,39.75,11,Victim Was Neighbor,M,F,Hispanic or Latino,Not Hispanic or Latino,White,White,Residence/Home,Purse-snatching,Extortion/Blackmail,Person,True,True
9,21,18,-75.41,38.97,2,Victim Was Spouse,M,M,Not Hispanic or Latino,Not Hispanic or Latino,White,Asian,Highway/Road/Alley/Street/Sidewalk,Identity Theft,Robbery,Person,True,True
31,91,4,-74.99,39.37,7,Victim Was Other Family Member,F,F,Hispanic or Latino,Not Hispanic or Latino,Unknown,Black or African American,Residence/Home,Counterfeiting/Forgery,Homicide Offenses,Property,True,True
100,81,16,-75.09,41.07,11,Victim Was Sibling,F,F,Not Hispanic or Latino,Not Hispanic or Latino,White,White,Residence/Home,Robbery,Bribery,Property,True,True
44,96,21,-74.44,39.45,7,Victim Was Other Family Member,F,F,Not Hispanic or Latino,Not Hispanic or Latino,White,White,Highway/Road/Alley/Street/Sidewalk,Robbery,Stolen Property Offenses,Property,True,True
21,1,7,-74.47,40.12,1,Victim Was Neighbor,M,F,Not Hispanic or Latino,Not Hispanic or Latino,White,Black or African American,Cyberspace,Purse-snatching,Robbery,Person,True,True
11,85,22,-73.92,40.36,8,Victim Was Child,M,F,Not Hispanic or Latino,Hispanic or Latino,Unknown,Asian,Department/Discount Store,Motor Vehicle Theft,Motor Vehicle Theft,Property,True,True
86,74,2,-74.72,40.15,5,Victim Was Neighbor,F,F,Hispanic or Latino,Not Hispanic or Latino,Black or African American,White,Highway/Road/Alley/Street/Sidewalk,All Other Larceny,Motor Vehicle Theft,Person,True,True
23,100,18,-75.23,41.08,1,Victim was Otherwise Known,F,M,Not Hispanic or Latino,Not Hispanic or Latino,Black or African American,Black or African American,Residence/Home,Credit Card/Automated Teller Machine Fraud,Motor Vehicle Theft,Property,True,True
30,26,15,-74.78,39.9,10,Victim was Otherwise Known,M,F,Hispanic or Latino,Not Hispanic or Latino,White,Black or African American,Highway/Road/Alley/Street/Sidewalk,Simple Assault,Counterfeiting/Forgery,Person,True,True
49,87,15,-74.25,40.07,3,Victim Was Sibling,F,M,Not Hispanic or Latino,Hispanic or Latino,White,White,Residence/Home,Counterfeiting/Forgery,Assault Offenses,Property,True,True
71,53,12,-74.48,40.16,4,Victim Was Child,M,F,Not Hispanic or Latino,Hispanic or Latino,Black or African American,White,Residence/Home,Kidnapping/Abduction,Human Trafficking,Person,True,True
81,93,9,-74.99,40.3,5,Victim Was Sibling,F,F,Not Hispanic or Latino,Not Hispanic or Latino,White,White,Parking/Drop Lot/Garage,Identity Theft,Extortion/Blackmail,Property,True,True
21,39,20,-74.54,41.25,10,Victim Was Spouse,F,F,Not Hispanic or Latino,Hispanic or Latino,White,Black or African American,Highway/Road/Alley/Street/Sidewalk,Statutory Rape,Homicide Offenses,Property,True,True
81,70,0,-74.64,40.16,9,Victim Was Spouse,M,F,Not Hispanic or Latino,Not Hispanic or Latino,Black or African American,Black or African American,Restaurant,Theft From Building,Stolen Property Offenses,Property,True,True
25,78,18,-74.31,40.22,9,Victim Was Other Family Member,M,M,Not Hispanic or Latino,Not Hispanic or Latino,White,Black or African American,Residence/Home,Burglary/Breaking & Entering,Assault Offenses,Property,False,True
1,43,15,-74.15,41.26,9,Victim Was Acquaintance,M,F,Hispanic or Latino,Not Hispanic or Latino,White,Black or African American,Residence/Home,Impersonation,Assault Offenses,Property,True,True
94,28,19,-74.17,40.7,5,Victim Was Friend,F,F,Not Hispanic or Latino,Not Hispanic or Latino,Black or African American,Native Hawaiian or Other Pacific Islander,Residence/Home,Kidnapping/Abduction,Motor Vehicle Theft,Property,True,True
19,61,16,-73.92,40.17,1,Victim Was Sibling,F,F,Not Hispanic or Latino,Not Hispanic or Latino,Black or African American,Black or African American,Residence/Home,Sodomy,Sex Offenses,Person,False,False
9,25,18,-74.31,40.39,1,Victim Was Sibling,M,F,Hispanic or Latino,Not Hispanic or Latino,White,Asian,Residence/Home,Burglary/Breaking & Entering,Counterfeiting/Forgery,Property,True,True
78,67,13,-75.26,39.6,7,Victim Was Boyfriend/Girlfriend,F,F,Not Hispanic or Latino,Not Hispanic or Latino,White,White,Parking/Drop Lot/Garage,Theft of Motor Vehicle Parts or Accessories,Assault Offenses,Property,True,True
82,92,7,-74.44,39.77,10,Victim Was Other Family Member,M,F,Hispanic or Latino,Hispanic or Latino,Black or African American,Black or African American,Residence/Home,Motor Vehicle Theft,Human Trafficking,Person,True,True
68,48,20,-74.09,40.74,3,Victim Was Other Family Member,F,M,Hispanic or Latino,Not Hispanic or Latino,White,Black or African American,Parking/Drop Lot/Garage,Destruction/Damage/Vandalism of Property,Bribery,Property,True,False
15,81,12,-75.27,41.2,9,Victim Was Friend,F,M,Not Hispanic or Latino,Not Hispanic or Latino,Black or African American,White,Highway/Road/Alley/Street/Sidewalk,Theft From Motor Vehicle,Arson,Property,False,True
69,86,15,-75.11,40.97,7,Victim Was Neighbor,M,F,Not Hispanic or Latino,Hispanic or Latino,White,White,Residence/Home,Statutory Rape,Human Trafficking,Person,True,True
98,33,10,-75.06,39.42,1,Victim Was Ex-Relationship (Ex-Boyfriend/Girlfriend),F,F,Hispanic or Latino,Hispanic or Latino,White,Black or African American,Highway/Road/Alley/Street/Sidewalk,Simple Assault,Extortion/Blackmail,Person,True,False
35,27,16,-75.42,39.96,11,Victim Was Friend,F,M,Not Hispanic or Latino,Not Hispanic or Latino,White,Unknown,Highway/Road/Alley/Street/Sidewalk,Burglary/Breaking & Entering,Sex Offenses,Property,True,True
25,56,22,-75.27,39.47,11,Victim Was Parent,F,F,Not Hispanic or Latino,Not Hispanic or Latino,White,Black or African American,Residence/Home,Rape,Burglary/Breaking & Entering,Property,True,True
69,64,2,-75.34,40.08,5,Victim Was Neighbor,F,M,Not Hispanic or Latino,Hispanic or Latino,White,White,Residence/Home,Sexual Assault With An Object,Extortion/Blackmail,Person,True,False
36,66,7,-74.23,40.72,4,Victim Was Ex-Relationship (Ex-Boyfriend/Girlfriend),M,F,Not Hispanic or Latino,Not Hispanic or Latino,Black or African American,Black or African American,Residence/Home,Aggravated Assault,Sex Offenses,Property,True,True
2,97,10,-74.59,40.92,1,Victim was Ex-Spouse,M,F,Hispanic or Latino,Hispanic or Latino,White,Black or African American,Residence/Home,False Pretenses/Swindle/Confidence Game,Destruction/Damage/Vandalism of Property,Person,False,True
95,57,2,-75.23,40.59,12,Victim was Otherwise Known,F,M,Not Hispanic or Latino,Hispanic or Latino,Black or African American,Unknown,Highway/Road/Alley/Street/Sidewalk,Murder and Nonnegligent Manslaughter,Human Trafficking,Property,True,True
19,7,23,-74.35,39.86,12,Victim Was Other Family Member,F,F,Not Hispanic or Latino,Not Hispanic or Latino,Unknown,Black or African American,Residence/Home,Aggravated Assault,Kidnapping/Abduction,Person,True,True
67,45,20,-75.14,40.33,6,Victim Was Spouse,F,M,Not Hispanic or Latino,Hispanic or Latino,White,White,Commercial/Office Building,All Other Larceny,Stolen Property Offenses,Person,False,True
92,5,22,-74.68,41.28,6,Victim Was Sibling,M,F,Not Hispanic or Latino,Not Hispanic or Latino,White,White,Highway/Road/Alley/Street/Sidewalk,Wire Fraud,Bribery,Property,True,True
19,100,20,-75.41,39.58,12,Victim Was Ex-Relationship (Ex-Boyfriend/Girlfriend),F,F,Hispanic or Latino,Not Hispanic or Latino,Black or African American,Black or African American,Highway/Road/Alley/Street/Sidewalk,Fondling,Stolen Property Offenses,Person,True,True
57,2,8,-74.89,40.52,11,Victim Was Parent,M,M,Not Hispanic or Latino,Not Hispanic or Latino,White,White,Residence/Home,Fondling,Embezzlement,Person,False,False
17,41,6,-75.33,41.11,4,Victim Was Sibling,M,F,Not Hispanic or Latino,Hispanic or Latino,White,Black or African American,Restaurant,Counterfeiting/Forgery,Burglary/Breaking & Entering,Person,False,True
76,71,17,-75.16,39.5,12,Relationship Unknown,M,F,Not Hispanic or Latino,Not Hispanic or Latino,Unknown,Black or African American,Residence/Home,Murder and Nonnegligent Manslaughter,Bribery,Person,True,False
17,55,1,-74.47,40.13,12,Victim Was Spouse,F,F,Not Hispanic or Latino,Not Hispanic or Latino,White,White,Restaurant,Shoplifting,Counterfeiting/Forgery,Property,True,False
7,1,20,-74.22,41.09,9,Victim was Otherwise Known,F,F,Hispanic or Latino,Not Hispanic or Latino,Black or African American,Unknown,Residence/Home,Sexual Assault With An Object,Motor Vehicle Theft,Person,True,True
10,11,22,-75.53,39.93,7,Victim Was Sibling,M,M,Not Hispanic or Latino,Hispanic or Latino,White,Black or African American,Residence/Home,Theft From Building,Sex Offenses,Person,True,True
40,20,16,-74.69,40.65,4,Relationship Unknown,F,F,Not Hispanic or Latino,Hispanic or Latino,White,Asian,Residence/Home,Counterfeiting/Forgery,Sex Offenses,Person,True,False
87,58,9,-73.95,40.96,3,Victim Was Other Family Member,M,M,Hispanic or Latino,Not Hispanic or Latino,White,Black or African American,School/College,Shoplifting,Larceny/Theft Offenses,Property,True,True
12,55,1,-74.57,39.48,10,Victim Was Parent,F,F,Not Hispanic or Latino,Not Hispanic or Latino,Black or African American,Black or African American,Highway/Road/Alley/Street/Sidewalk,Robbery,Arson,Property,True,True
83,5,18,-75.06,39.8,4,Victim Was Neighbor,F,F,Not Hispanic or Latino,Hispanic or Latino,White,Asian,Residence/Home,Statutory Rape,Counterfeiting/Forgery,Property,True,True
62,65,17,-75.2,39.22,10,Relationship Unknown,M,F,Not Hispanic or Latino,Hispanic or Latino,Black or African American,White,Residence/Home,Destruction/Damage/Vandalism of Property,Stolen Property Offenses,Person,True,True
85,16,20,-74.93,39.22,5,Victim Was Spouse,F,F,Not Hispanic or Latino,Hispanic or Latino,Black or African American,Black or African American,Residence/Home,Burglary/Breaking & Entering,Arson,Person,True,True
21,2,21,-75.09,40.27,3,Relationship Unknown,F,F,Not Hispanic or Latino,Not Hispanic or Latino,White,Black or African American,Residence/Home,Simple Assault,Stolen Property Offenses,Property,False,True
89,18,7,-74.74,39.19,10,Victim Was Acquaintance,M,F,Hispanic or Latino,Not Hispanic or Latino,White,White,Residence/Home,Destruction/Damage/Vandalism of Property,Fraud Offenses,Property,True,True
65,59,15,-74.84,40.99,9,Victim Was Neighbor,F,F,Not Hispanic or Latino,Not Hispanic or Latino,Black or African American,White,Highway/Road/Alley/Street/Sidewalk,Counterfeiting/Forgery,Extortion/Blackmail,Property,True,True
50,1,19,-75.28,39.94,2,Victim Was Ex-Relationship (Ex-Boyfriend/Girlfriend),M,F,Hispanic or Latino,Hispanic or Latino,White,White,Parking/Drop Lot/Garage,False Pretenses/Swindle/Confidence Game,Motor Vehicle Theft,Person,True,True
96,18,6,-74.79,39.96,12,Victim Was Sibling,F,F,Not Hispanic or Latino,Not Hispanic or Latino,White,White,Cyberspace,Statutory Rape,Robbery,Person,True,True
49,14,5,-74.35,39.77,4,Victim Was Child,F,M,Hispanic or Latino,Hispanic or Latino,Black or African American,White,Specialty Store,Simple Assault,Counterfeiting/Forgery,Property,True,True
41,66,10,-75.31,40.27,4,Victim was Otherwise Known,M,M,Hispanic or Latino,Hispanic or Latino,White,Black or African American,Residence/Home,False Pretenses/Swindle/Confidence Game,Human Trafficking,Person,True,True
40,4,10,-75.33,40.05,12,Victim Was Parent,M,M,Not Hispanic or Latino,Hispanic or Latino,White,White,Residence/Home,Theft of Motor Vehicle Parts or Accessories,Extortion/Blackmail,Person,True,True
17,14,5,-74.19,40.91,5,Victim Was Spouse,F,F,Not Hispanic or Latino,Not Hispanic or Latino,White,White,Highway/Road/Alley/Street/Sidewalk,Rape,Fraud Offenses,Person,False,True
8,43,8,-75.11,39.85,11,Victim Was Neighbor,F,M,Not Hispanic or Latino,Hispanic or Latino,White,White,Highway/Road/Alley/Street/Sidewalk,Statutory Rape,Homicide Offenses,Property,True,True
82,68,19,-75.0,39.2,9,Victim Was Parent,M,F,Hispanic or Latino,Not Hispanic or Latino,White,Black or African American,Residence/Home,Credit Card/Automated Teller Machine Fraud,Sex Offenses,Property,True,True
66,100,23,-75.5,40.11,9,Victim was Ex-Spouse,F,F,Not Hispanic or Latino,Not Hispanic or Latino,White,White,Residence/Home,Sodomy,Motor Vehicle Theft,Property,True,True
92,81,2,-74.55,39.54,7,Victim Was Other Family Member,F,M,Hispanic or Latino,Hispanic or Latino,White,Asian,Residence/Home,All Other Larceny,Stolen Property Offenses,Property,True,True
17,83,1,-75.21,39.53,3,Victim Was Sibling,M,F,Hispanic or Latino,Not Hispanic or Latino,White,White,Highway/Road/Alley/Street/Sidewalk,Purse-snatching,Human Trafficking,Property,True,True
50,73,16,-75.13,40.48,8,Victim Was Sibling,F,F,Not Hispanic or Latino,Not Hispanic or Latino,Asian,Native Hawaiian or Other Pacific Islander,Parking/Drop Lot/Garage,Purse-snatching,Kidnapping/Abduction,Person,False,False
44,94,0,-74.64,39.08,6,Victim Was Acquaintance,F,M,Not Hispanic or Latino,Hispanic or Latino,Black or African American,White,Residence/Home,Theft of Motor Vehicle Parts or Accessories,Fraud Offenses,Property,True,True
65,19,13,-75.19,39.72,11,Victim Was Parent,F,F,Not Hispanic or Latino,Not Hispanic or Latino,White,Asian,Residence/Home,Sexual Assault With An Object,Extortion/Blackmail,Property,True,True
45,54,7,-74.24,39.45,10,Victim was Ex-Spouse,M,F,Hispanic or Latino,Not Hispanic or Latino,Asian,Black or African American,Residence/Home,Stolen Property Offenses,Motor Vehicle Theft,Property,True,True
47,88,16,-73.96,39.65,8,Victim Was Neighbor,F,F,Hispanic or Latino,Hispanic or Latino,American Indian or Alaska Native,White,Residence/Home,Credit Card/Automated Teller Machine Fraud,Robbery,Property,True,True
41,15,20,-74.59,40.1,7,Victim was Ex-Spouse,F,F,Not Hispanic or Latino,Not Hispanic or Latino,Black or African American,Black or African American,Highway/Road/Alley/Street/Sidewalk,Extortion/Blackmail,Burglary/Breaking & Entering,Person,False,True
93,71,4,-73.93,40.46,7,Relationship Unknown,F,F,Hispanic or Latino,Hispanic or Latino,White,Black or African American,Highway/Road/Alley/Street/Sidewalk,Sodomy,Embezzlement,Property,True,True
94,97,11,-75.08,39.54,7,Victim was Otherwise Known,F,M,Not Hispanic or Latino,Not Hispanic or Latino,Black or African American,White,Residence/Home,Motor Vehicle Theft,Burglary/Breaking & Entering,Person,True,True
23,89,2,-75.3,40.92,7,Victim Was Neighbor,F,M,Not Hispanic or Latino,Not Hispanic or Latino,Black or African American,White,Residence/Home,False Pretenses/Swindle/Confidence Game,Motor Vehicle Theft,Person,True,True
19,38,23,-73.96,39.59,7,Victim Was Other Family Member,F,F,Not Hispanic or Latino,Not Hispanic or Latino,White,Black or African American,Highway/Road/Alley/Street/Sidewalk,Murder and Nonnegligent Manslaughter,Stolen Property Offenses,Property,True,True
50,19,23,-74.04,41.11,5,Relationship Unknown,M,M,Not Hispanic or Latino,Not Hispanic or Latino,Black or African American,Black or African American,Commercial/Office Building,Fondling,Motor Vehicle Theft,Property,True,True
90,62,22,-73.95,40.02,12,Victim Was Sibling,F,M,Not Hispanic or Latino,Not Hispanic or Latino,White,White,Residence/Home,Rape,Extortion/Blackmail,Property,True,True
44,25,7,-74.21,39.68,12,Victim Was Boyfriend/Girlfriend,M,F,Hispanic or Latino,Not Hispanic or Latino,White,Black or African American,Grocery/Supermarket,Shoplifting,Extortion/Blackmail,Person,True,True
13,12,11,-74.13,40.6,6,Victim Was Sibling,F,F,Hispanic or Latino,Hispanic or Latino,White,White,Highway/Road/Alley/Street/Sidewalk,Kidnapping/Abduction,Stolen Property Offenses,Property,True,False
20,46,15,-74.19,40.48,11,Victim Was Child,F,F,Not Hispanic or Latino,Hispanic or Latino,White,Black or African American,Residence/Home,Fondling,Burglary/Breaking & Entering,Person,False,True
77,26,1,-74.11,40.76,11,Victim Was Acquaintance,F,M,Not Hispanic or Latino,Not Hispanic or Latino,Black or African American,White,Residence/Home,Intimidation,Human Trafficking,Property,False,True
51,98,14,-74.04,39.15,4,Victim was Otherwise Known,F,M,Hispanic or Latino,Not Hispanic or Latino,White,Native Hawaiian or Other Pacific Islander,Residence/Home,Theft of Motor Vehicle Parts or Accessories,Robbery,Person,True,True
40,32,3,-75.42,38.97,2,Victim Was Acquaintance,F,M,Not Hispanic or Latino,Hispanic or Latino,Black or African American,Black or African American,Residence/Home,Murder and Nonnegligent Manslaughter,Burglary/Breaking & Entering,Person,True,True
72,15,21,-73.91,39.97,3,Victim Was Boyfriend/Girlfriend,F,F,Hispanic or Latino,Not Hispanic or Latino,Black or African American,Black or African American,Parking/Drop Lot/Garage,Shoplifting,Homicide Offenses,Property,True,True
61,71,7,-74.75,40.11,9,Victim was Ex-Spouse,F,M,Not Hispanic or Latino,Not Hispanic or Latino,White,White,Residence/Home,Intimidation,Burglary/Breaking & Entering,Property,True,True
12,94,8,-75.26,39.22,12,Victim was Otherwise Known,F,F,Not Hispanic or Latino,Not Hispanic or Latino,White,White,Residence/Home,Impersonation,Robbery,Person,False,True
97,31,18,-74.85,38.96,5,Victim was Ex-Spouse,M,F,Not Hispanic or Latino,Not Hispanic or Latino,White,Black or African American,Residence/Home,Theft From Building,Destruction/Damage/Vandalism of Property,Person,True,True
29,42,1,-74.17,39.14,3,Victim was Ex-Spouse,F,F,Not Hispanic or Latino,Not Hispanic or Latino,White,White,Residence/Home,Counterfeiting/Forgery,Sex Offenses,Person,False,True
24,27,4,-74.08,39.62,3,Victim Was Spouse,M,F,Not Hispanic or Latino,Hispanic or Latino,White,Black or African American,Residence/Home,Aggravated Assault,Fraud Offenses,Property,True,True
26,94,22,-73.94,39.23,4,Victim Was Child,F,M,Hispanic or Latino,Hispanic or Latino,White,White,Highway/Road/Alley/Street/Sidewalk,Motor Vehicle Theft,Destruction/Damage/Vandalism of Property,Person,True,True
45,98,4,-74.16,39.71,1,Victim Was Stranger,F,F,Not Hispanic or Latino,Hispanic or Latino,White,Black or African American,Residence/Home,Destruction/Damage/Vandalism of Property,Counterfeiting/Forgery,Property,False,True
93,13,14,-74.96,40.96,9,Victim Was Child,F,F,Hispanic or Latino,Hispanic or Latino,White,White,Commercial/Office Building,Theft From Motor Vehicle,Stolen Property Offenses,Property,True,True
48,75,4,-75.54,39.29,6,Victim Was Parent,M,F,Hispanic or Latino,Not Hispanic or Latino,White,Black or African American,Highway/Road/Alley/Street/Sidewalk,Intimidation,Burglary/Breaking & Entering,Property,True,True
61,7,23,-75.12,40.16,12,Victim Was Spouse,F,F,Not Hispanic or Latino,Not Hispanic or Latino,White,White,Highway/Road/Alley/Street/Sidewalk,Fondling,Larceny/Theft Offenses,Property,True,True
91,32,1,-75.39,39.6,12,Relationship Unknown,M,F,Not Hispanic or Latino,Not Hispanic or Latino,White,Black or African American,Drug Store/Doctor's Office/Hospital,Murder and Nonnegligent Manslaughter,Sex Offenses,Property,True,True
31,50,22,-73.97,39.18,4,Victim was Otherwise Known,M,F,Not Hispanic or Latino,Hispanic or Latino,Black or African American,White,Parking/Drop Lot/Garage,Stolen Property Offenses,Assault Offenses,Person,True,True
53,99,2,-74.7,40.53,12,Relationship Unknown,F,F,Not Hispanic or Latino,Not Hispanic or Latino,Black or African American,White,Residence/Home,Murder and Nonnegligent Manslaughter,Motor Vehicle Theft,Person,True,True
12,42,14,-75.34,39.18,12,Victim Was Other Family Member,M,M,Not Hispanic or Latino,Hispanic or Latino,White,White,Residence/Home,Rape,Destruction/Damage/Vandalism of Property,Property,False,True
28,96,17,-74.89,40.49,7,Relationship Unknown,F,F,Not Hispanic or Latino,Not Hispanic or Latino,White,White,Highway/Road/Alley/Street/Sidewalk,Simple Assault,Human Trafficking,Property,False,False
64,5,8,-74.99,39.16,3,Victim was Otherwise Known,M,F,Not Hispanic or Latino,Not Hispanic or Latino,Black or African American,White,Residence/Home,Burglary/Breaking & Entering,Larceny/Theft Offenses,Property,True,False
40,35,2,-75.11,40.0,9,Victim Was Acquaintance,F,M,Hispanic or Latino,Hispanic or Latino,White,White,Residence/Home,All Other Larceny,Robbery,Property,True,True
95,33,12,-74.04,40.38,1,Victim Was Spouse,F,F,Not Hispanic or Latino,Hispanic or Latino,White,Black or African American,Residence/Home,Theft From Motor Vehicle,Homicide Offenses,Property,False,True
90,87,6,-75.08,40.89,10,Victim Was Ex-Relationship (Ex-Boyfriend/Girlfriend),M,M,Hispanic or Latino,Hispanic or Latino,White,White,Residence/Home,Identity Theft,Bribery,Person,True,True
36,64,0,-74.91,40.16,1,Victim Was Friend,F,M,Not Hispanic or Latino,Not Hispanic or Latino,Black or African American,Black or African American,Residence/Home,Fondling,Homicide Offenses,Property,True,True
99,71,21,-74.02,40.27,7,Victim Was Boyfriend/Girlfriend,F,F,Not Hispanic or Latino,Not Hispanic or Latino,Asian,Black or African American,Residence/Home,Murder and Nonnegligent Manslaughter,Stolen Property Offenses,Property,True,True
17,13,17,-74.68,39.99,8,Victim Was Neighbor,M,F,Not Hispanic or Latino,Not Hispanic or Latino,White,Black or African American,Parking/Drop Lot/Garage,Rape,Larceny/Theft Offenses,Person,False,True
44,69,14,-75.43,40.86,10,Victim Was Child,F,M,Not Hispanic or Latino,Not Hispanic or Latino,White,White,Residence/Home,Theft of Motor Vehicle Parts or Accessories,Counterfeiting/Forgery,Property,True,False
61,73,0,-74.54,39.64,4,Victim Was Ex-Relationship (Ex-Boyfriend/Girlfriend),M,F,Hispanic or Latino,Hispanic or Latino,Asian,White,Residence/Home,Wire Fraud,Sex Offenses,Property,False,True
65,43,3,-74.88,39.55,8,Victim Was Spouse,M,M,Hispanic or Latino,Not Hispanic or Latino,Black or African American,Black or African American,Commercial/Office Building,Shoplifting,Motor Vehicle Theft,Property,True,True
83,91,7,-75.51,41.12,10,Victim Was Acquaintance,F,M,Not Hispanic or Latino,Hispanic or Latino,Black or African American,Black or African American,Highway/Road/Alley/Street/Sidewalk,Extortion/Blackmail,Homicide Offenses,Property,True,True
52,96,3,-73.94,40.79,12,Victim Was Neighbor,M,M,Not Hispanic or Latino,Hispanic or Latino,White,Black or African American,Residence/Home,Burglary/Breaking & Entering,Stolen Property Offenses,Person,False,True
25,61,11,-75.16,40.54,6,Victim was Ex-Spouse,M,F,Hispanic or Latino,Hispanic or Latino,White,Black or African American,School-Elementary/Secondary,Impersonation,Embezzlement,Person,True,True
57,30,9,-74.42,39.06,11,Victim Was Neighbor,M,M,Not Hispanic or Latino,Not Hispanic or Latino,White,Asian,Residence/Home,Rape,Fraud Offenses,Person,False,False
65,53,11,-74.55,40.58,2,Victim Was Ex-Relationship (Ex-Boyfriend/Girlfriend),F,F,Not Hispanic or Latino,Not Hispanic or Latino,White,Asian,Residence/Home,Rape,Arson,Property,True,True
72,16,9,-74.64,39.44,7,Victim Was Friend,M,F,Not Hispanic or Latino,Hispanic or Latino,Black or African American,White,Residence/Home,Kidnapping/Abduction,Sex Offenses,Property,False,True
90,58,5,-73.98,39.57,5,Relationship Unknown,F,M,Not Hispanic or Latino,Not Hispanic or Latino,White,White,Parking/Drop Lot/Garage,Wire Fraud,Counterfeiting/Forgery,Property,True,True
30,89,21,-74.23,41.12,6,Victim Was Ex-Relationship (Ex-Boyfriend/Girlfriend),M,F,Not Hispanic or Latino,Not Hispanic or Latino,White,White,Residence/Home,Extortion/Blackmail,Human Trafficking,Person,True,True
50,36,15,-75.17,39.78,4,Victim was Otherwise Known,F,F,Hispanic or Latino,Hispanic or Latino,Black or African American,Black or African American,Residence/Home,Impersonation,Kidnapping/Abduction,Person,True,True
100,91,18,-75.49,40.93,6,Victim Was Spouse,F,F,Not Hispanic or Latino,Hispanic or Latino,White,White,Highway/Road/Alley/Street/Sidewalk,Theft of Motor Vehicle Parts or Accessories,Embezzlement,Property,True,True
29,71,9,-74.27,40.83,5,Victim Was Friend,F,F,Hispanic or Latino,Not Hispanic or Latino,White,White,Highway/Road/Alley/Street/Sidewalk,Shoplifting,Kidnapping/Abduction,Property,True,True
78,96,17,-74.29,39.57,11,Victim Was Boyfriend/Girlfriend,F,M,Not Hispanic or Latino,Hispanic or Latino,Black or African American,Black or African American,Residence/Home,Purse-snatching,Human Trafficking,Person,True,False
42,6,20,-75.52,40.07,10,Victim Was Spouse,F,F,Hispanic or Latino,Not Hispanic or Latino,White,White,Residence/Home,All Other Larceny,Arson,Person,True,True
17,19,20,-74.71,39.84,1,Victim was Otherwise Known,F,M,Not Hispanic or Latino,Not Hispanic or Latino,Black or African American,White,Residence/Home,Kidnapping/Abduction,Larceny/Theft Offenses,Property,True,True
10,80,11,-74.79,39.03,8,Victim was Otherwise Known,M,F,Not Hispanic or Latino,Not Hispanic or Latino,Black or African American,White,Residence/Home,Theft From Building,Extortion/Blackmail,Person,True,True
63,73,20,-74.71,39.87,4,Victim Was Parent,F,F,Not Hispanic or Latino,Not Hispanic or Latino,Black or African American,Black or African American,Residence/Home,Burglary/Breaking & Entering,Larceny/Theft Offenses,Person,True,True
81,87,15,-75.48,40.4,8,Victim Was Friend,F,F,Not Hispanic or Latino,Not Hispanic or Latino,Black or African American,Asian,Highway/Road/Alley/Street/Sidewalk,Intimidation,Bribery,Property,True,True
98,69,17,-74.17,39.49,1,Victim Was Sibling,M,F,Not Hispanic or Latino,Not Hispanic or Latino,Black or African American,White,Service/Gas Station,Statutory Rape,Homicide Offenses,Property,True,True
19,29,21,-74.14,39.63,11,Victim was Otherwise Known,M,F,Not Hispanic or Latino,Not Hispanic or Latino,White,Black or African American,Residence/Home,Shoplifting,Bribery,Property,True,True
92,77,18,-74.96,40.5,11,Victim Was Spouse,M,F,Hispanic or Latino,Hispanic or Latino,White,White,Residence/Home,Sodomy,Motor Vehicle Theft,Person,True,False
33,13,6,-74.79,40.47,4,Victim Was Friend,M,F,Not Hispanic or Latino,Not Hispanic or Latino,White,Black or African American,Residence/Home,Theft of Motor Vehicle Parts or Accessories,Larceny/Theft Offenses,Person,True,True
47,75,23,-74.19,40.5,6,Victim Was Acquaintance,F,M,Not Hispanic or Latino,Hispanic or Latino,Black or African American,White,Highway/Road/Alley/Street/Sidewalk,Extortion/Blackmail,Sex Offenses,Person,True,True
55,41,3,-75.25,41.27,1,Victim Was Sibling,M,F,Hispanic or Latino,Hispanic or Latino,Black or African American,White,Residence/Home,Motor Vehicle Theft,Arson,Property,True,True
96,83,18,-75.02,40.36,4,Relationship Unknown,F,F,Not Hispanic or Latino,Not Hispanic or Latino,White,Black or African American,Cyberspace,Counterfeiting/Forgery,Homicide Offenses,Person,True,True
25,41,15,-74.28,40.31,2,Victim Was Friend,F,F,Not Hispanic or Latino,Hispanic or Latino,Black or African American,Black or African American,Highway/Road/Alley/Street/Sidewalk,Counterfeiting/Forgery,Homicide Offenses,Property,True,True
68,34,1,-74.02,39.58,8,Relationship Unknown,F,M,Not Hispanic or Latino,Not Hispanic or Latino,White,White,Residence/Home,Intimidation,Arson,Property,True,True
10,36,23,-75.17,39.7,11,Victim Was Parent,F,F,Not Hispanic or Latino,Hispanic or Latino,Black or African American,Black or African American,Highway/Road/Alley/Street/Sidewalk,Stolen Property Offenses,Motor Vehicle Theft,Person,True,False
43,12,16,-75.05,39.6,6,Victim Was Friend,F,F,Not Hispanic or Latino,Not Hispanic or Latino,White,White,Residence/Home,Burglary/Breaking & Entering,Human Trafficking,Person,True,True
2,94,0,-74.31,39.43,5,Victim Was Parent,F,F,Hispanic or Latino,Hispanic or Latino,Black or African American,White,Residence/Home,Counterfeiting/Forgery,Stolen Property Offenses,Property,True,True
20,80,5,-74.76,40.91,5,Victim Was Other Family Member,M,F,Not Hispanic or Latino,Not Hispanic or Latino,White,Black or African American,Cyberspace,Credit Card/Automated Teller Machine Fraud,Bribery,Property,False,True
26,7,20,-75.25,39.81,2,Relationship Unknown,F,M,Not Hispanic or Latino,Not Hispanic or Latino,White,White,Residence/Home,Counterfeiting/Forgery,Kidnapping/Abduction,Person,True,False
87,76,17,-74.37,40.06,11,Victim Was Stranger,M,M,Hispanic or Latino,Not Hispanic or Latino,White,Black or African American,Highway/Road/Alley/Street/Sidewalk,Robbery,Extortion/Blackmail,Property,True,True
73,72,4,-75.51,40.58,7,Relationship Unknown,M,F,Hispanic or Latino,Not Hispanic or Latino,Asian,Black or African American,Residence/Home,All Other Larceny,Counterfeiting/Forgery,Person,True,True
94,91,5,-74.49,40.79,1,Victim was Ex-Spouse,F,F,Hispanic or Latino,Not Hispanic or Latino,White,White,Highway/Road/Alley/Street/Sidewalk,Fondling,Embezzlement,Property,True,False
23,24,1,-75.19,39.91,5,Victim Was Sibling,F,F,Hispanic or Latino,Hispanic or Latino,Black or African American,White,Highway/Road/Alley/Street/Sidewalk,Impersonation,Embezzlement,Property,True,True
94,17,3,-75.12,41.26,8,Victim Was Boyfriend/Girlfriend,F,F,Hispanic or Latino,Not Hispanic or Latino,Black or African American,Black or African American,Residence/Home,Theft of Motor Vehicle Parts or Accessories,Arson,Person,True,True
10,12,18,-74.7,39.68,4,Victim Was Spouse,F,F,Not Hispanic or Latino,Not Hispanic or Latino,Black or African American,Black or African American,Residence/Home,Rape,Homicide Offenses,Property,True,False
2,84,1,-74.06,39.0,6,Victim Was Boyfriend/Girlfriend,F,F,Hispanic or Latino,Not Hispanic or Latino,Asian,Black or African American,Residence/Home,Sodomy,Destruction/Damage/Vandalism of Property,Property,True,True
29,58,16,-73.93,40.62,5,Victim was Otherwise Known,M,F,Hispanic or Latino,Hispanic or Latino,White,Black or African American,Residence/Home,Aggravated Assault,Kidnapping/Abduction,Property,True,True
17,88,11,-75.3,40.34,1,Victim Was Boyfriend/Girlfriend,F,M,Not Hispanic or Latino,Hispanic or Latino,Black or African American,Black or African American,Residence/Home,Sodomy,Destruction/Damage/Vandalism of Property,Property,True,True
79,42,13,-75.14,40.13,3,Victim Was Parent,F,M,Hispanic or Latino,Hispanic or Latino,Black or African American,White,Cyberspace,Stolen Property Offenses,Stolen Property Offenses,Property,False,True
28,37,11,-75.39,39.66,4,Victim Was Friend,F,F,Not Hispanic or Latino,Not Hispanic or Latino,White,White,Parking/Drop Lot/Garage,All Other Larceny,Burglary/Breaking & Entering,Person,True,True
13,61,1,-74.72,40.84,1,Victim Was Spouse,F,F,Not Hispanic or Latino,Not Hispanic or Latino,White,White,Residence/Home,Credit Card/Automated Teller Machine Fraud,Motor Vehicle Theft,Property,False,True
4,94,11,-75.1,39.37,10,Victim Was Child,F,F,Not Hispanic or Latino,Not Hispanic or Latino,White,White,Residence/Home,Sodomy,Destruction/Damage/Vandalism of Property,Person,True,True
44,20,22,-75.33,41.2,8,Victim Was Parent,F,F,Not Hispanic or Latino,Not Hispanic or Latino,White,Unknown,Residence/Home,Theft From Building,Homicide Offenses,Person,False,True
6,45,12,-74.34,39.27,10,Victim Was Acquaintance,F,F,Not Hispanic or Latino,Not Hispanic or Latino,Black or African American,Black or African American,Residence/Home,Stolen Property Offenses,Assault Offenses,Person,True,True
12,2,7,-75.4,40.24,1,Victim Was Boyfriend/Girlfriend,F,F,Hispanic or Latino,Not Hispanic or Latino,White,Black or African American,Residence/Home,Extortion/Blackmail,Destruction/Damage/Vandalism of Property,Property,True,True
85,17,15,-74.09,41.27,5,Victim Was Spouse,F,F,Not Hispanic or Latino,Hispanic or Latino,White,Black or African American,Department/Discount Store,Purse-snatching,Motor Vehicle Theft,Property,True,True
85,3,10,-75.2,39.25,1,Victim Was Stranger,M,F,Not Hispanic or Latino,Not Hispanic or Latino,White,White,Highway/Road/Alley/Street/Sidewalk,Shoplifting,Bribery,Person,True,True
10,38,1,-75.52,41.2,3,Victim Was Sibling,F,M,Not Hispanic or Latino,Not Hispanic or Latino,Asian,White,Residence/Home,Sodomy,Stolen Property Offenses,Person,True,False
33,7,20,-74.01,39.13,12,Victim was Otherwise Known,M,M,Not Hispanic or Latino,Not Hispanic or Latino,Asian,Black or African American,Residence/Home,Kidnapping/Abduction,Bribery,Property,True,True
64,61,1,-74.08,40.25,5,Victim Was Boyfriend/Girlfriend,F,F,Not Hispanic or Latino,Not Hispanic or Latino,Black or African American,White,Residence/Home,Statutory Rape,Motor Vehicle Theft,Property,True,True
91,21,2,-73.96,39.92,8,Victim Was Parent,M,F,Not Hispanic or Latino,Not Hispanic or Latino,White,Asian,Residence/Home,Aggravated Assault,Human Trafficking,Person,False,True
10,40,5,-74.24,39.34,11,Victim Was Friend,M,M,Not Hispanic or Latino,Not Hispanic or Latino,White,Black or African American,Residence/Home,Identity Theft,Motor Vehicle Theft,Person,True,False
84,22,14,-75.46,40.64,12,Victim was Ex-Spouse,F,M,Hispanic or Latino,Hispanic or Latino,White,Black or African American,Highway/Road/Alley/Street/Sidewalk,Burglary/Breaking & Entering,Fraud Offenses,Person,True,True
36,63,6,-74.6,40.13,12,Victim Was Acquaintance,F,M,Not Hispanic or Latino,Hispanic or Latino,White,Black or African American,Highway/Road/Alley/Street/Sidewalk,Rape,Fraud Offenses,Property,True,True
70,92,22,-75.41,39.97,10,Victim Was Friend,F,M,Not Hispanic or Latino,Hispanic or Latino,White,Black or African American,Residence/Home,Murder and Nonnegligent Manslaughter,Kidnapping/Abduction,Property,True,True
32,46,9,-75.12,39.09,2,Victim Was Parent,F,F,Not Hispanic or Latino,Hispanic or Latino,White,White,Cyberspace,All Other Larceny,Destruction/Damage/Vandalism of Property,Person,True,True
53,66,13,-74.73,40.69,4,Victim Was Spouse,F,M,Not Hispanic or Latino,Not Hispanic or Latino,White,White,Department/Discount Store,Theft From Motor Vehicle,Counterfeiting/Forgery,Person,True,True
55,91,7,-75.01,39.08,9,Victim Was Stranger,F,F,Hispanic or Latino,Hispanic or Latino,White,White,Residence/Home,Impersonation,Kidnapping/Abduction,Person,False,True
54,28,15,-74.07,39.95,11,Victim Was Neighbor,F,F,Not Hispanic or Latino,Hispanic or Latino,Black or African American,White,Residence/Home,Murder and Nonnegligent Manslaughter,Embezzlement,Person,False,True
29,18,11,-75.01,40.66,1,Relationship Unknown,F,F,Not Hispanic or Latino,Not Hispanic or Latino,Black or African American,Asian,Cyberspace,Statutory Rape,Robbery,Person,True,True
67,58,23,-73.98,39.71,2,Victim Was Spouse,M,M,Not Hispanic or Latino,Not Hispanic or Latino,White,Unknown,Residence/Home,Shoplifting,Kidnapping/Abduction,Person,False,True
1,1,16,-74.05,40.69,3,Victim Was Spouse,F,F,Hispanic or Latino,Not Hispanic or Latino,Black or African American,White,School-College/University,Wire Fraud,Extortion/Blackmail,Property,True,True
97,80,12,-74.35,41.04,5,Victim Was Other Family Member,F,F,Not Hispanic or Latino,Hispanic or Latino,White,Black or African American,Residence/Home,Extortion/Blackmail,Extortion/Blackmail,Property,True,True
15,73,16,-75.24,41.15,12,Victim was Ex-Spouse,F,F,Hispanic or Latino,Hispanic or Latino,Black or African American,White,Highway/Road/Alley/Street/Sidewalk,Simple Assault,Arson,Property,False,True
36,35,19,-75.12,39.53,5,Victim was Otherwise Known,F,F,Not Hispanic or Latino,Not Hispanic or Latino,White,Black or African American,Highway/Road/Alley/Street/Sidewalk,Wire Fraud,Kidnapping/Abduction,Property,True,True
69,74,20,-74.29,38.97,10,Victim Was Other Family Member,M,F,Hispanic or Latino,Hispanic or Latino,White,Black or African American,Highway/Road/Alley/Street/Sidewalk,Destruction/Damage/Vandalism of Property,Assault Offenses,Person,True,False
70,8,8,-74.78,40.31,12,Victim Was Child,F,F,Hispanic or Latino,Hispanic or Latino,White,Asian,Parking/Drop Lot/Garage,Wire Fraud,Human Trafficking,Property,True,True
58,30,2,-74.11,41.08,1,Victim was Otherwise Known,M,F,Not Hispanic or Latino,Not Hispanic or Latino,White,White,Highway/Road/Alley/Street/Sidewalk,Kidnapping/Abduction,Kidnapping/Abduction,Person,False,True
60,79,17,-74.98,39.27,9,Relationship Unknown,M,M,Hispanic or Latino,Not Hispanic or Latino,White,White,Residence/Home,Identity Theft,Destruction/Damage/Vandalism of Property,Property,True,True
44,83,1,-74.93,40.15,6,Victim Was Other Family Member,F,M,Not Hispanic or Latino,Not Hispanic or Latino,White,White,Parking/Drop Lot/Garage,Simple Assault,Embezzlement,Person,True,True
25,24,12,-75.13,39.28,8,Victim Was Parent,F,F,Not Hispanic or Latino,Not Hispanic or Latino,White,White,Residence/Home,Robbery,Embezzlement,Person,True,True
1,82,13,-74.84,40.36,10,Victim Was Sibling,M,F,Not Hispanic or Latino,Not Hispanic or Latino,Black or African American,Asian,Residence/Home,Aggravated Assault,Larceny/Theft Offenses,Person,True,True
88,5,6,-74.92,39.89,5,Victim Was Acquaintance,M,F,Not Hispanic or Latino,Not Hispanic or Latino,Black or African American,White,Residence/Home,Purse-snatching,Robbery,Property,True,True
25,79,0,-74.71,40.77,7,Victim was Ex-Spouse,M,M,Not Hispanic or Latino,Not Hispanic or Latino,White,White,Parking/Drop Lot/Garage,All Other Larceny,Stolen Property Offenses,Person,False,True
23,39,1,-75.16,41.07,3,Victim was Otherwise Known,M,F,Not Hispanic or Latino,Hispanic or Latino,Black or African American,White,Residence/Home,Theft From Motor Vehicle,Arson,Person,True,True
82,58,13,-75.23,40.26,5,Victim was Otherwise Known,F,M,Not Hispanic or Latino,Not Hispanic or Latino,Black or African American,White,Parking/Drop Lot/Garage,Theft of Motor Vehicle Parts or Accessories,Fraud Offenses,Person,True,False
95,11,17,-74.99,39.59,5,Victim Was Other Family Member,M,M,Not Hispanic or Latino,Not Hispanic or Latino,Black or African American,White,Grocery/Supermarket,Robbery,Homicide Offenses,Property,True,True
82,33,20,-75.4,40.61,11,Victim was Ex-Spouse,F,M,Not Hispanic or Latino,Hispanic or Latino,White,White,Residence/Home,Sodomy,Embezzlement,Property,False,True
68,68,4,-74.61,39.42,3,Victim Was Boyfriend/Girlfriend,F,M,Not Hispanic or Latino,Not Hispanic or Latino,White,Black or African American,Residence/Home,Theft From Building,Larceny/Theft Offenses,Person,True,False
20,22,5,-74.26,39.43,5,Victim was Ex-Spouse,M,M,Not Hispanic or Latino,Hispanic or Latino,Black or African American,Black or African American,Residence/Home,Burglary/Breaking & Entering,Assault Offenses,Person,True,True
95,39,8,-74.66,39.47,2,Victim Was Friend,M,F,Not Hispanic or Latino,Hispanic or Latino,Black or African American,Black or African American,Residence/Home,Counterfeiting/Forgery,Motor Vehicle Theft,Property,False,True
97,3,15,-74.19,41.01,8,Victim Was Neighbor,F,M,Hispanic or Latino,Not Hispanic or Latino,Black or African American,Black or African American,Department/Discount Store,Destruction/Damage/Vandalism of Property,Larceny/Theft Offenses,Property,True,True
27,80,22,-75.37,39.6,8,Victim Was Stranger,F,F,Hispanic or Latino,Hispanic or Latino,White,White,Highway/Road/Alley/Street/Sidewalk,Sodomy,Embezzlement,Person,True,True
1,16,19,-75.28,39.19,6,Victim Was Parent,F,F,Not Hispanic or Latino,Hispanic or Latino,White,Black or African American,Residence/Home,Extortion/Blackmail,Extortion/Blackmail,Property,True,True
81,92,11,-74.54,40.8,8,Victim Was Other Family Member,F,F,Hispanic or Latino,Not Hispanic or Latino,White,Black or African American,Residence/Home,Credit Card/Automated Teller Machine Fraud,Robbery,Person,True,True
71,87,16,-75.06,39.29,7,Victim Was Spouse,M,F,Not Hispanic or Latino,Not Hispanic or Latino,Black or African American,Black or African American,Residence/Home,Simple Assault,Arson,Person,True,True
80,78,12,-74.07,39.01,11,Victim Was Spouse,F,M,Hispanic or Latino,Not Hispanic or Latino,Black or African American,Black or African American,Highway/Road/Alley/Street/Sidewalk,False Pretenses/Swindle/Confidence Game,Embezzlement,Person,True,True
65,85,9,-74.88,40.51,1,Victim Was Sibling,F,F,Not Hispanic or Latino,Hispanic or Latino,White,Black or African American,Residence/Home,Theft From Motor Vehicle,Robbery,Person,True,True
55,40,23,-74.03,39.05,6,Relationship Unknown,F,M,Hispanic or Latino,Not Hispanic or Latino,Black or African American,Native Hawaiian or Other Pacific Islander,Grocery/Supermarket,Theft From Motor Vehicle,Homicide Offenses,Property,True,True
89,5,16,-74.34,39.92,5,Relationship Unknown,F,F,Hispanic or Latino,Not Hispanic or Latino,White,Black or African American,Residence/Home,Murder and Nonnegligent Manslaughter,Larceny/Theft Offenses,Person,True,True
27,6,1,-75.45,39.81,9,Victim was Otherwise Known,M,M,Not Hispanic or Latino,Not Hispanic or Latino,White,White,Residence/Home,Counterfeiting/Forgery,Sex Offenses,Person,True,False
25,31,10,-74.05,40.36,3,Victim Was Friend,M,F,Hispanic or Latino,Not Hispanic or Latino,White,White,Residence/Home,Sodomy,Human Trafficking,Property,True,True
62,87,21,-74.1,39.86,12,Relationship Unknown,F,M,Hispanic or Latino,Not Hispanic or Latino,White,Black or African American,Residence/Home,Shoplifting,Human Trafficking,Property,True,True
80,12,3,-74.24,40.77,8,Victim Was Child,F,F,Hispanic or Latino,Hispanic or Latino,Black or African American,Black or African American,Residence/Home,Simple Assault,Sex Offenses,Person,True,True
1,84,22,-74.63,39.52,9,Victim was Otherwise Known,M,F,Not Hispanic or Latino,Hispanic or Latino,White,White,Highway/Road/Alley/Street/Sidewalk,Kidnapping/Abduction,Bribery,Property,False,True
57,62,20,-74.4,39.47,2,Victim Was Spouse,F,F,Not Hispanic or Latino,Hispanic or Latino,White,Asian,Highway/Road/Alley/Street/Sidewalk,Motor Vehicle Theft,Homicide Offenses,Property,True,True
10,53,11,-74.44,39.47,1,Victim Was Neighbor,F,F,Hispanic or Latino,Not Hispanic or Latino,Black or African American,Unknown,Residence/Home,Robbery,Destruction/Damage/Vandalism of Property,Property,True,False
70,46,11,-74.17,39.73,11,Victim Was Spouse,M,F,Hispanic or Latino,Not Hispanic or Latino,White,White,Bar/Nightclub,Destruction/Damage/Vandalism of Property,Counterfeiting/Forgery,Person,True,False
21,27,3,-73.9,40.45,9,Victim Was Parent,M,M,Not Hispanic or Latino,Hispanic or Latino,White,White,Residence/Home,Stolen Property Offenses,Stolen Property Offenses,Person,True,True
68,66,1,-74.12,39.31,2,Victim was Otherwise Known,F,F,Hispanic or Latino,Hispanic or Latino,White,Black or African American,Residence/Home,Shoplifting,Assault Offenses,Property,True,True
11,49,18,-75.37,40.24,12,Victim Was Stranger,F,F,Hispanic or Latino,Not Hispanic or Latino,Black or African American,Black or African American,Department/Discount Store,Impersonation,Destruction/Damage/Vandalism of Property,Property,False,True
93,12,23,-74.03,41.04,9,Victim Was Stranger,F,M,Hispanic or Latino,Not Hispanic or Latino,White,Black or African American,Residence/Home,Sexual Assault With An Object,Bribery,Property,False,True
28,56,7,-74.66,40.74,7,Victim Was Child,M,M,Not Hispanic or Latino,Not Hispanic or Latino,Black or African American,White,Residence/Home,Theft From Motor Vehicle,Destruction/Damage/Vandalism of Property,Property,True,True
32,30,4,-75.4,40.24,4,Victim was Otherwise Known,F,F,Not Hispanic or Latino,Not Hispanic or Latino,White,White,Residence/Home,Shoplifting,Extortion/Blackmail,Person,False,True
93,22,7,-74.72,39.23,2,Victim Was Friend,F,F,Not Hispanic or Latino,Hispanic or Latino,Black or African American,White,Residence/Home,Stolen Property Offenses,Human Trafficking,Property,True,True
15,79,8,-74.97,40.83,3,Victim Was Child,M,M,Not Hispanic or Latino,Not Hispanic or Latino,White,Black or African American,Residence/Home,Theft From Motor Vehicle,Larceny/Theft Offenses,Person,True,True
39,62,7,-74.73,40.08,6,Victim was Ex-Spouse,F,M,Not Hispanic or Latino,Not Hispanic or Latino,Black or African American,White,Highway/Road/Alley/Street/Sidewalk,Credit Card/Automated Teller Machine Fraud,Assault Offenses,Person,True,True
78,72,1,-75.19,41.16,3,Victim Was Boyfriend/Girlfriend,F,F,Hispanic or Latino,Hispanic or Latino,Black or African American,Black or African American,Residence/Home,Theft From Motor Vehicle,Assault Offenses,Person,True,True
63,66,13,-75.07,40.08,9,Victim Was Other Family Member,F,F,Not Hispanic or Latino,Not Hispanic or Latino,White,White,Residence/Home,Destruction/Damage/Vandalism of Property,Fraud Offenses,Property,False,True
88,81,11,-74.71,39.5,2,Victim was Otherwise Known,F,M,Hispanic or Latino,Hispanic or Latino,Black or African American,Black or African American,Residence/Home,Credit Card/Automated Teller Machine Fraud,Burglary/Breaking & Entering,Person,True,True
26,88,18,-74.71,40.48,12,Victim Was Sibling,F,F,Hispanic or Latino,Not Hispanic or Latino,Black or African American,White,Residence/Home,Rape,Arson,Person,True,True
2,88,6,-74.11,39.99,4,Victim Was Neighbor,M,M,Hispanic or Latino,Not Hispanic or Latino,Black or African American,White,Residence/Home,Simple Assault,Assault Offenses,Person,False,False
57,31,4,-74.58,40.69,1,Victim Was Boyfriend/Girlfriend,F,F,Hispanic or Latino,Not Hispanic or Latino,White,Asian,Highway/Road/Alley/Street/Sidewalk,All Other Larceny,Extortion/Blackmail,Property,True,True
83,11,19,-74.0,39.9,7,Victim Was Parent,M,F,Hispanic or Latino,Not Hispanic or Latino,Black or African American,White,Highway/Road/Alley/Street/Sidewalk,Aggravated Assault,Human Trafficking,Person,True,True
24,34,18,-74.9,39.24,8,Victim Was Spouse,F,M,Hispanic or Latino,Not Hispanic or Latino,Black or African American,White,Restaurant,Impersonation,Homicide Offenses,Property,True,True
59,67,6,-74.88,40.1,3,Relationship Unknown,F,F,Not Hispanic or Latino,Not Hispanic or Latino,Unknown,White,Residence/Home,Sexual Assault With An Object,Stolen Property Offenses,Person,False,True
67,78,15,-74.64,39.11,2,Relationship Unknown,F,F,Not Hispanic or Latino,Not Hispanic or Latino,White,White,Residence/Home,Counterfeiting/Forgery,Kidnapping/Abduction,Property,True,True
7,5,12,-74.81,39.87,11,Victim Was Boyfriend/Girlfriend,M,M,Not Hispanic or Latino,Not Hispanic or Latino,Black or African American,White,Residence/Home,Motor Vehicle Theft,Bribery,Person,True,True
91,1,11,-75.55,39.94,3,Victim Was Friend,F,M,Not Hispanic or Latino,Hispanic or Latino,White,Black or African American,Residence/Home,Theft From Motor Vehicle,Motor Vehicle Theft,Property,True,True
63,6,22,-75.48,39.12,6,Victim was Otherwise Known,M,F,Hispanic or Latino,Not Hispanic or Latino,Black or African American,Black or African American,Residence/Home,Sexual Assault With An Object,Destruction/Damage/Vandalism of Property,Property,True,True
87,36,5,-74.02,39.77,12,Victim Was Ex-Relationship (Ex-Boyfriend/Girlfriend),F,M,Hispanic or Latino,Hispanic or Latino,White,White,Residence/Home,Murder and Nonnegligent Manslaughter,Burglary/Breaking & Entering,Property,True,True
41,77,23,-75.54,40.4,10,Victim Was Stranger,M,M,Not Hispanic or Latino,Not Hispanic or Latino,Asian,White,Residence/Home,Purse-snatching,Larceny/Theft Offenses,Property,False,True
37,30,14,-74.91,41.24,6,Victim Was Acquaintance,M,M,Not Hispanic or Latino,Not Hispanic or Latino,Asian,White,Residence/Home,Destruction/Damage/Vandalism of Property,Assault Offenses,Property,False,True
68,54,4,-74.24,40.82,6,Victim Was Stranger,F,M,Hispanic or Latino,Not Hispanic or Latino,White,Black or African American,Residence/Home,Counterfeiting/Forgery,Counterfeiting/Forgery,Person,False,True
78,91,6,-74.77,40.48,11,Victim Was Other Family Member,F,M,Hispanic or Latino,Not Hispanic or Latino,White,Black or African American,Highway/Road/Alley/Street/Sidewalk,All Other Larceny,Motor Vehicle Theft,Property,True,True
2,34,2,-74.51,39.31,8,Victim Was Child,F,F,Not Hispanic or Latino,Not Hispanic or Latino,White,Black or African American,Residence/Home,Intimidation,Fraud Offenses,Property,True,True
52,51,2,-75.51,41.04,4,Victim Was Other Family Member,F,M,Not Hispanic or Latino,Not Hispanic or Latino,White,Asian,Residence/Home,Sodomy,Destruction/Damage/Vandalism of Property,Property,True,False
95,84,5,-74.45,39.49,11,Relationship Unknown,F,F,Hispanic or Latino,Not Hispanic or Latino,Black or African American,Black or African American,Highway/Road/Alley/Street/Sidewalk,Shoplifting,Homicide Offenses,Property,True,False
82,95,20,-75.28,39.6,6,Victim Was Friend,F,M,Hispanic or Latino,Not Hispanic or Latino,White,White,Cyberspace,Statutory Rape,Stolen Property Offenses,Property,True,True
48,78,6,-74.54,40.34,5,Victim Was Stranger,M,M,Hispanic or Latino,Hispanic or Latino,White,White,Residence/Home,Kidnapping/Abduction,Homicide Offenses,Person,True,True
94,45,21,-74.03,39.94,12,Victim Was Neighbor,F,F,Not Hispanic or Latino,Not Hispanic or Latino,White,Black or African American,Highway/Road/Alley/Street/Sidewalk,Sexual Assault With An Object,Stolen Property Offenses,Property,True,True
94,42,2,-74.07,41.12,9,Victim was Ex-Spouse,M,F,Not Hispanic or Latino,Hispanic or Latino,White,Black or African American,School-College/University,Intimidation,Stolen Property Offenses,Person,True,True
77,92,1,-75.41,39.82,4,Victim Was Parent,F,F,Not Hispanic or Latino,Not Hispanic or Latino,White,White,Highway/Road/Alley/Street/Sidewalk,Murder and Nonnegligent Manslaughter,Extortion/Blackmail,Person,True,True
98,16,18,-74.28,40.21,2,Victim Was Acquaintance,F,M,Hispanic or Latino,Not Hispanic or Latino,White,Black or African American,Highway/Road/Alley/Street/Sidewalk,Identity Theft,Sex Offenses,Property,True,True
21,63,21,-75.21,39.66,10,Victim Was Stranger,F,F,Not Hispanic or Latino,Hispanic or Latino,White,Black or African American,Residence/Home,Statutory Rape,Robbery,Property,False,True
28,35,9,-73.97,40.18,9,Victim Was Other Family Member,F,F,Hispanic or Latino,Not Hispanic or Latino,White,White,Restaurant,Murder and Nonnegligent Manslaughter,Arson,Property,True,True
35,76,16,-74.08,40.17,7,Relationship Unknown,F,M,Hispanic or Latino,Not Hispanic or Latino,White,White,Highway/Road/Alley/Street/Sidewalk,Murder and Nonnegligent Manslaughter,Counterfeiting/Forgery,Person,False,True
3,19,3,-74.21,39.51,6,Victim Was Neighbor,M,F,Not Hispanic or Latino,Hispanic or Latino,Black or African American,White,Residence/Home,Burglary/Breaking & Entering,Homicide Offenses,Person,False,True
16,74,23,-74.85,41.03,11,Victim was Otherwise Known,F,M,Not Hispanic or Latino,Not Hispanic or Latino,Black or African American,White,Residence/Home,Purse-snatching,Bribery,Property,True,True
18,21,2,-73.94,40.31,9,Victim Was Child,F,M,Not Hispanic or Latino,Hispanic or Latino,Black or African American,White,Residence/Home,Wire Fraud,Sex Offenses,Property,True,True
44,30,0,-74.83,41.08,6,Victim Was Boyfriend/Girlfriend,M,M,Not Hispanic or Latino,Not Hispanic or Latino,Black or African American,White,Highway/Road/Alley/Street/Sidewalk,Credit Card/Automated Teller Machine Fraud,Counterfeiting/Forgery,Property,False,True
77,85,6,-74.5,39.69,10,Victim Was Parent,F,F,Not Hispanic or Latino,Hispanic or Latino,Black or African American,White,Restaurant,Intimidation,Destruction/Damage/Vandalism of Property,Property,True,True
87,88,12,-75.41,39.99,1,Victim Was Ex-Relationship (Ex-Boyfriend/Girlfriend),M,F,Hispanic or Latino,Hispanic or Latino,Black or African American,Black or African American,Highway/Road/Alley/Street/Sidewalk,Sexual Assault With An Object,Stolen Property Offenses,Property,True,True
37,68,0,-74.07,40.24,7,Victim Was Boyfriend/Girlfriend,M,F,Hispanic or Latino,Not Hispanic or Latino,Black or African American,White,Residence/Home,Kidnapping/Abduction,Robbery,Person,True,True
23,34,7,-74.71,39.82,9,Victim Was Ex-Relationship (Ex-Boyfriend/Girlfriend),M,F,Not Hispanic or Latino,Not Hispanic or Latino,White,White,Bar/Nightclub,Burglary/Breaking & Entering,Assault Offenses,Person,True,True
25,76,0,-74.11,40.29,5,Victim Was Parent,M,F,Not Hispanic or Latino,Hispanic or Latino,Unknown,White,Residence/Home,Rape,Sex Offenses,Property,True,True
66,71,11,-75.48,39.06,9,Victim Was Ex-Relationship (Ex-Boyfriend/Girlfriend),F,M,Hispanic or Latino,Not Hispanic or Latino,White,White,Cyberspace,Counterfeiting/Forgery,Burglary/Breaking & Entering,Property,True,True
23,77,18,-74.66,40.38,8,Victim Was Sibling,M,F,Not Hispanic or Latino,Not Hispanic or Latino,White,White,Residence/Home,Extortion/Blackmail,Kidnapping/Abduction,Property,True,True
99,86,2,-74.49,39.0,4,Victim Was Boyfriend/Girlfriend,M,M,Hispanic or Latino,Hispanic or Latino,White,White,Residence/Home,Impersonation,Assault Offenses,Property,True,True
79,89,5,-75.26,39.04,9,Relationship Unknown,F,F,Hispanic or Latino,Hispanic or Latino,Black or African American,White,Restaurant,Sodomy,Extortion/Blackmail,Property,False,True
21,12,20,-74.92,40.56,5,Victim Was Spouse,F,F,Hispanic or Latino,Not Hispanic or Latino,Black or African American,Black or African American,Cyberspace,Stolen Property Offenses,Human Trafficking,Property,True,False
80,69,3,-74.54,40.17,8,Victim Was Friend,F,M,Not Hispanic or Latino,Not Hispanic or Latino,White,Black or African American,Hotel/Motel/Etc.,Extortion/Blackmail,Extortion/Blackmail,Person,True,False
36,89,14,-74.36,39.99,7,Victim Was Other Family Member,F,F,Not Hispanic or Latino,Not Hispanic or Latino,White,Black or African American,Highway/Road/Alley/Street/Sidewalk,Intimidation,Robbery,Property,True,True
36,77,22,-75.35,40.23,7,Victim was Otherwise Known,M,F,Not Hispanic or Latino,Hispanic or Latino,White,Black or African American,Highway/Road/Alley/Street/Sidewalk,Shoplifting,Stolen Property Offenses,Property,False,True
90,7,8,-74.92,39.95,9,Victim Was Acquaintance,F,F,Not Hispanic or Latino,Not Hispanic or Latino,Black or African American,White,Residence/Home,Intimidation,Motor Vehicle Theft,Property,True,False
93,71,11,-75.0,40.06,4,Victim Was Spouse,F,M,Not Hispanic or Latino,Not Hispanic or Latino,White,Black or African American,Grocery/Supermarket,Identity Theft,Fraud Offenses,Person,True,True
50,23,17,-74.84,39.38,5,Victim Was Friend,M,F,Not Hispanic or Latino,Hispanic or Latino,White,Black or African American,Other/Unknown,Purse-snatching,Homicide Offenses,Property,True,True
15,18,12,-75.37,40.1,4,Victim Was Parent,F,M,Not Hispanic or Latino,Hispanic or Latino,White,White,Convenience Store,Counterfeiting/Forgery,Robbery,Property,True,False
20,12,5,-73.9,40.08,6,Victim Was Stranger,F,F,Hispanic or Latino,Not Hispanic or Latino,Asian,Black or African American,Residence/Home,Kidnapping/Abduction,Fraud Offenses,Person,True,True
45,88,0,-75.06,39.47,9,Relationship Unknown,M,M,Hispanic or Latino,Hispanic or Latino,White,Black or African American,Parking/Drop Lot/Garage,Aggravated Assault,Fraud Offenses,Property,False,True
21,29,8,-74.78,40.58,7,Victim Was Stranger,M,F,Not Hispanic or Latino,Not Hispanic or Latino,Black or African American,White,Residence/Home,Statutory Rape,Fraud Offenses,Person,False,True
34,32,13,-75.51,40.72,3,Victim Was Friend,M,F,Not Hispanic or Latino,Not Hispanic or Latino,White,Black or African American,Residence/Home,Destruction/Damage/Vandalism of Property,Burglary/Breaking & Entering,Property,True,False
13,72,5,-75.27,39.73,12,Victim Was Ex-Relationship (Ex-Boyfriend/Girlfriend),F,F,Not Hispanic or Latino,Not Hispanic or Latino,White,White,Residence/Home,Statutory Rape,Bribery,Property,True,True
38,32,6,-74.03,40.2,2,Victim Was Ex-Relationship (Ex-Boyfriend/Girlfriend),F,F,Not Hispanic or Latino,Hispanic or Latino,Black or African American,White,Residence/Home,All Other Larceny,Extortion/Blackmail,Person,True,True
80,52,14,-73.91,39.11,1,Victim Was Ex-Relationship (Ex-Boyfriend/Girlfriend),M,F,Not Hispanic or Latino,Not Hispanic or Latino,White,Black or African American,Restaurant,All Other Larceny,Assault Offenses,Property,False,True
2,27,7,-74.28,40.34,3,Victim Was Neighbor,F,F,Hispanic or Latino,Not Hispanic or Latino,White,Black or African American,Residence/Home,Shoplifting,Homicide Offenses,Property,True,True
40,34,10,-74.62,38.98,3,Victim was Ex-Spouse,M,F,Not Hispanic or Latino,Hispanic or Latino,Black or African American,White,Highway/Road/Alley/Street/Sidewalk,Rape,Embezzlement,Person,False,True
39,94,6,-74.06,39.15,2,Victim Was Parent,F,F,Not Hispanic or Latino,Not Hispanic or Latino,Black or African American,White,Hotel/Motel/Etc.,Wire Fraud,Bribery,Person,True,True
44,14,8,-74.89,40.24,2,Victim was Ex-Spouse,M,F,Not Hispanic or Latino,Not Hispanic or Latino,Black or African American,Black or African American,Residence/Home,Credit Card/Automated Teller Machine Fraud,Bribery,Property,True,True
73,65,4,-75.12,40.42,9,Relationship Unknown,F,F,Not Hispanic or Latino,Not Hispanic or Latino,Asian,White,Highway/Road/Alley/Street/Sidewalk,Kidnapping/Abduction,Destruction/Damage/Vandalism of Property,Property,True,True
73,22,21,-74.94,40.18,2,Victim was Ex-Spouse,F,F,Hispanic or Latino,Not Hispanic or Latino,White,White,Residence/Home,Theft From Building,Assault Offenses,Property,True,True
11,75,2,-74.98,40.42,4,Victim Was Parent,F,F,Hispanic or Latino,Not Hispanic or Latino,Black or African American,White,Hotel/Motel/Etc.,Murder and Nonnegligent Manslaughter,Extortion/Blackmail,Property,False,True
16,75,6,-74.21,39.96,1,Relationship Unknown,M,M,Not Hispanic or Latino,Not Hispanic or Latino,Black or African American,Black or African American,Residence/Home,Simple Assault,Embezzlement,Property,False,True
91,42,11,-75.42,39.46,4,Victim Was Boyfriend/Girlfriend,F,F,Not Hispanic or Latino,Not Hispanic or Latino,Black or African American,Black or African American,Residence/Home,Aggravated Assault,Larceny/Theft Offenses,Property,True,True
12,41,21,-74.47,40.7,12,Victim was Otherwise Known,F,F,Not Hispanic or Latino,Not Hispanic or Latino,White,White,Residence/Home,Stolen Property Offenses,Bribery,Person,True,True
91,77,22,-74.16,41.2,7,Relationship Unknown,M,F,Not Hispanic or Latino,Not Hispanic or Latino,White,Black or African American,Highway/Road/Alley/Street/Sidewalk,Purse-snatching,Arson,Person,False,True
64,16,16,-74.82,40.68,7,Victim Was Stranger,F,F,Hispanic or Latino,Hispanic or Latino,Black or African American,White,Highway/Road/Alley/Street/Sidewalk,Destruction/Damage/Vandalism of Property,Burglary/Breaking & Entering,Property,True,True
85,91,4,-75.28,39.21,2,Victim Was Acquaintance,M,F,Not Hispanic or Latino,Not Hispanic or Latino,White,White,Parking/Drop Lot/Garage,All Other Larceny,Arson,Person,False,True
73,74,1,-73.97,40.2,1,Victim was Ex-Spouse,F,F,Not Hispanic or Latino,Hispanic or Latino,White,Black or African American,Residence/Home,Shoplifting,Counterfeiting/Forgery,Person,True,False
61,84,13,-74.44,40.69,3,Victim was Otherwise Known,F,F,Not Hispanic or Latino,Not Hispanic or Latino,Black or African American,Black or African American,Highway/Road/Alley/Street/Sidewalk,Extortion/Blackmail,Burglary/Breaking & Entering,Property,True,True
27,6,14,-74.19,40.29,6,Victim was Otherwise Known,M,F,Hispanic or Latino,Hispanic or Latino,Black or African American,White,Residence/Home,Kidnapping/Abduction,Counterfeiting/Forgery,Property,True,True
88,51,14,-74.2,40.71,12,Victim was Otherwise Known,F,F,Hispanic or Latino,Not Hispanic or Latino,White,White,Parking/Drop Lot/Garage,Identity Theft,Stolen Property Offenses,Person,False,True
49,64,7,-75.26,39.02,7,Victim was Ex-Spouse,F,F,Not Hispanic or Latino,Hispanic or Latino,Black or African American,Black or African American,Residence/Home,Rape,Human Trafficking,Person,False,True
16,5,18,-74.4,41.01,4,Victim Was Child,M,F,Not Hispanic or Latino,Not Hispanic or Latino,White,Asian,Residence/Home,Theft From Motor Vehicle,Larceny/Theft Offenses,Property,False,True
11,85,21,-74.96,39.21,2,Relationship Unknown,F,F,Hispanic or Latino,Not Hispanic or Latino,White,White,Residence/Home,Extortion/Blackmail,Fraud Offenses,Person,True,True
48,74,8,-74.92,39.26,7,Victim Was Neighbor,F,M,Hispanic or Latino,Not Hispanic or Latino,Native Hawaiian or Other Pacific Islander,Asian,Highway/Road/Alley/Street/Sidewalk,Wire Fraud,Arson,Person,True,True
94,2,10,-75.06,40.15,3,Victim Was Stranger,F,F,Hispanic or Latino,Not Hispanic or Latino,Black or African American,Black or African American,Highway/Road/Alley/Street/Sidewalk,Shoplifting,Human Trafficking,Person,True,True
59,76,23,-75.29,39.06,12,Victim Was Spouse,F,F,Not Hispanic or Latino,Hispanic or Latino,White,White,Cyberspace,Counterfeiting/Forgery,Counterfeiting/Forgery,Property,True,True
100,96,4,-74.91,39.39,9,Victim Was Child,F,F,Not Hispanic or Latino,Not Hispanic or Latino,White,Black or African American,Residence/Home,Murder and Nonnegligent Manslaughter,Robbery,Person,True,True
7,85,9,-74.2,39.87,3,Victim Was Other Family Member,M,M,Not Hispanic or Latino,Hispanic or Latino,White,White,Highway/Road/Alley/Street/Sidewalk,Wire Fraud,Motor Vehicle Theft,Person,True,True
80,87,0,-74.56,39.47,2,Victim Was Stranger,F,F,Not Hispanic or Latino,Not Hispanic or Latino,Unknown,Black or African American,Highway/Road/Alley/Street/Sidewalk,Extortion/Blackmail,Assault Offenses,Property,False,True
87,4,20,-74.49,39.02,12,Victim Was Ex-Relationship (Ex-Boyfriend/Girlfriend),M,F,Not Hispanic or Latino,Not Hispanic or Latino,White,Black or African American,Highway/Road/Alley/Street/Sidewalk,Robbery,Robbery,Property,True,False
85,94,16,-74.63,41.2,8,Victim Was Stranger,F,F,Not Hispanic or Latino,Not Hispanic or Latino,White,Asian,Residence/Home,Sexual Assault With An Object,Destruction/Damage/Vandalism of Property,Property,True,True
9,37,5,-74.9,40.57,5,Victim Was Spouse,F,M,Not Hispanic or Latino,Not Hispanic or Latino,White,White,Restaurant,Credit Card/Automated Teller Machine Fraud,Bribery,Property,False,True
1,25,11,-75.4,40.03,5,Victim Was Other Family Member,F,F,Not Hispanic or Latino,Not Hispanic or Latino,White,Asian,Cyberspace,Destruction/Damage/Vandalism of Property,Extortion/Blackmail,Property,True,True
83,34,2,-74.04,41.22,8,Victim Was Acquaintance,F,F,Not Hispanic or Latino,Hispanic or Latino,White,White,Convenience Store,All Other Larceny,Larceny/Theft Offenses,Person,True,True
14,53,8,-75.16,39.99,11,Victim Was Friend,M,F,Not Hispanic or Latino,Not Hispanic or Latino,White,White,Residence/Home,Impersonation,Fraud Offenses,Property,True,True
2,18,8,-74.86,41.18,9,Victim Was Acquaintance,F,F,Not Hispanic or Latino,Hispanic or Latino,White,White,Highway/Road/Alley/Street/Sidewalk,Simple Assault,Stolen Property Offenses,Person,True,True
87,8,23,-74.36,39.08,2,Victim Was Parent,F,F,Not Hispanic or Latino,Not Hispanic or Latino,White,White,Highway/Road/Alley/Street/Sidewalk,Robbery,Arson,Person,True,True
82,67,1,-74.96,39.09,5,Victim was Ex-Spouse,F,M,Not Hispanic or Latino,Not Hispanic or Latino,White,White,Residence/Home,Aggravated Assault,Destruction/Damage/Vandalism of Property,Property,True,True
84,19,18,-74.36,40.37,10,Victim Was Neighbor,F,F,Not Hispanic or Latino,Not Hispanic or Latino,White,Native Hawaiian or Other Pacific Islander,Highway/Road/Alley/Street/Sidewalk,Extortion/Blackmail,Kidnapping/Abduction,Property,True,True
24,74,4,-74.44,39.7,10,Victim Was Neighbor,M,F,Hispanic or Latino,Hispanic or Latino,Black or African American,Black or African American,Residence/Home,Impersonation,Motor Vehicle Theft,Property,True,True
74,28,4,-75.21,40.82,11,Victim Was Spouse,F,F,Hispanic or Latino,Hispanic or Latino,White,White,Service/Gas Station,Rape,Bribery,Person,True,True
57,9,21,-74.84,40.67,7,Victim was Otherwise Known,F,F,Not Hispanic or Latino,Hispanic or Latino,White,White,Parking/Drop Lot/Garage,Statutory Rape,Extortion/Blackmail,Person,True,True
14,43,3,-74.98,39.72,8,Victim Was Sibling,F,F,Hispanic or Latino,Hispanic or Latino,Black or African American,White,Residence/Home,Rape,Robbery,Person,True,True
98,8,9,-74.37,39.9,12,Victim Was Child,F,F,Not Hispanic or Latino,Hispanic or Latino,Unknown,Black or African American,Highway/Road/Alley/Street/Sidewalk,Aggravated Assault,Extortion/Blackmail,Property,False,True
1,74,14,-75.2,39.27,3,Victim Was Stranger,F,F,Hispanic or Latino,Not Hispanic or Latino,Black or African American,Black or African American,Residence/Home,Purse-snatching,Embezzlement,Person,False,True
67,10,5,-75.34,39.43,10,Victim Was Sibling,F,F,Not Hispanic or Latino,Not Hispanic or Latino,White,Black or African American,Residence/Home,Theft of Motor Vehicle Parts or Accessories,Homicide Offenses,Property,True,True
64,96,9,-74.85,39.38,9,Victim Was Spouse,F,F,Hispanic or Latino,Hispanic or Latino,White,Black or African American,Residence/Home,Robbery,Fraud Offenses,Person,True,True
68,46,4,-74.51,39.78,10,Victim Was Child,F,M,Not Hispanic or Latino,Not Hispanic or Latino,Black or African American,White,Hotel/Motel/Etc.,Intimidation,Robbery,Property,True,True
8,12,1,-74.45,39.79,7,Victim Was Parent,M,F,Not Hispanic or Latino,Not Hispanic or Latino,White,White,Parking/Drop Lot/Garage,Theft of Motor Vehicle Parts or Accessories,Extortion/Blackmail,Person,True,False
53,20,14,-74.55,39.92,8,Victim Was Neighbor,F,F,Not Hispanic or Latino,Not Hispanic or Latino,White,White,Residence/Home,False Pretenses/Swindle/Confidence Game,Fraud Offenses,Person,True,True
33,77,9,-74.95,40.26,7,Victim Was Sibling,F,F,Hispanic or Latino,Not Hispanic or Latino,Asian,Asian,Cyberspace,Credit Card/Automated Teller Machine Fraud,Sex Offenses,Person,False,True
78,48,21,-75.16,40.5,12,Victim Was Acquaintance,F,M,Not Hispanic or Latino,Not Hispanic or Latino,Black or African American,Black or African American,Highway/Road/Alley/Street/Sidewalk,Credit Card/Automated Teller Machine Fraud,Larceny/Theft Offenses,Person,True,True
16,90,7,-75.03,41.05,1,Victim Was Sibling,M,M,Hispanic or Latino,Hispanic or Latino,White,White,Highway/Road/Alley/Street/Sidewalk,Aggravated Assault,Robbery,Person,True,True
97,18,5,-74.42,41.11,6,Relationship Unknown,M,F,Hispanic or Latino,Hispanic or Latino,Black or African American,White,Highway/Road/Alley/Street/Sidewalk,Wire Fraud,Embezzlement,Property,True,True
77,53,17,-75.32,41.07,7,Victim Was Child,M,F,Not Hispanic or Latino,Hispanic or Latino,White,Black or African American,Highway/Road/Alley/Street/Sidewalk,Credit Card/Automated Teller Machine Fraud,Counterfeiting/Forgery,Person,True,True
42,7,8,-74.09,41.16,3,Victim Was Acquaintance,F,F,Hispanic or Latino,Hispanic or Latino,White,White,Residence/Home,Wire Fraud,Motor Vehicle Theft,Person,True,False
87,73,22,-75.48,40.42,2,Victim Was Child,F,M,Not Hispanic or Latino,Not Hispanic or Latino,White,White,Highway/Road/Alley/Street/Sidewalk,Burglary/Breaking & Entering,Stolen Property Offenses,Property,True,True
88,26,21,-74.4,41.18,8,Victim Was Parent,M,M,Hispanic or Latino,Hispanic or Latino,White,Black or African American,Residence/Home,All Other Larceny,Fraud Offenses,Property,True,True
20,78,19,-74.87,39.55,2,Victim Was Child,F,F,Not Hispanic or Latino,Hispanic or Latino,White,Black or African American,Residence/Home,Destruction/Damage/Vandalism of Property,Motor Vehicle Theft,Property,True,True
55,88,14,-75.21,40.44,6,Victim was Ex-Spouse,F,F,Hispanic or Latino,Hispanic or Latino,White,White,Highway/Road/Alley/Street/Sidewalk,Purse-snatching,Motor Vehicle Theft,Person,True,True
72,34,21,-74.86,40.16,7,Victim Was Child,M,M,Not Hispanic or Latino,Not Hispanic or Latino,White,White,Highway/Road/Alley/Street/Sidewalk,Destruction/Damage/Vandalism of Property,Homicide Offenses,Property,True,False
78,70,14,-75.34,40.69,3,Victim Was Acquaintance,F,F,Not Hispanic or Latino,Not Hispanic or Latino,Black or African American,White,Residence/Home,Theft From Motor Vehicle,Bribery,Property,True,True
10,13,7,-74.24,40.86,3,Victim Was Ex-Relationship (Ex-Boyfriend/Girlfriend),F,M,Hispanic or Latino,Not Hispanic or Latino,White,White,Residence/Home,Kidnapping/Abduction,Fraud Offenses,Property,True,True
72,57,20,-74.11,40.64,8,Victim Was Sibling,F,M,Not Hispanic or Latino,Not Hispanic or Latino,American Indian or Alaska Native,Black or African American,Residence/Home,Impersonation,Homicide Offenses,Property,True,True
11,70,12,-73.99,40.48,6,Victim Was Other Family Member,F,F,Not Hispanic or Latino,Not Hispanic or Latino,White,White,Residence/Home,Destruction/Damage/Vandalism of Property,Bribery,Property,False,True
36,95,3,-74.71,39.58,7,Victim was Ex-Spouse,F,F,Not Hispanic or Latino,Hispanic or Latino,White,Black or African American,Residence/Home,Theft From Building,Arson,Person,True,True
50,70,23,-73.95,41.12,5,Victim Was Parent,F,F,Hispanic or Latino,Hispanic or Latino,White,White,Residence/Home,Sodomy,Assault Offenses,Property,True,True
94,68,12,-75.12,40.42,12,Victim Was Friend,F,M,Hispanic or Latino,Not Hispanic or Latino,Black or African American,White,Residence/Home,Kidnapping/Abduction,Fraud Offenses,Property,False,True
84,10,0,-74.48,41.2,1,Victim Was Other Family Member,F,F,Not Hispanic or Latino,Not Hispanic or Latino,White,White,Highway/Road/Alley/Street/Sidewalk,Impersonation,Stolen Property Offenses,Person,True,True
98,16,2,-75.03,40.99,7,Victim Was Neighbor,M,F,Hispanic or Latino,Not Hispanic or Latino,White,White,Residence/Home,Statutory Rape,Sex Offenses,Property,True,True
23,29,4,-75.4,39.37,8,Victim Was Neighbor,M,F,Not Hispanic or Latino,Hispanic or Latino,White,White,Residence/Home,Theft From Motor Vehicle,Robbery,Property,True,True
34,62,4,-75.51,41.28,4,Victim Was Stranger,F,M,Hispanic or Latino,Not Hispanic or Latino,White,Black or African American,Highway/Road/Alley/Street/Sidewalk,Identity Theft,Stolen Property Offenses,Person,True,True
44,81,1,-74.35,40.64,11,Victim Was Other Family Member,F,M,Not Hispanic or Latino,Not Hispanic or Latino,Black or African American,White,Residence/Home,Burglary/Breaking & Entering,Extortion/Blackmail,Property,True,True
33,11,11,-73.91,39.02,4,Victim Was Child,M,F,Not Hispanic or Latino,Hispanic or Latino,Native Hawaiian or Other Pacific Islander,Black or African American,Highway/Road/Alley/Street/Sidewalk,Statutory Rape,Robbery,Property,True,True
89,77,13,-75.47,40.7,9,Relationship Unknown,F,F,Not Hispanic or Latino,Not Hispanic or Latino,White,White,Cyberspace,Aggravated Assault,Extortion/Blackmail,Property,True,False
75,90,17,-74.1,39.28,1,Victim Was Stranger,M,M,Hispanic or Latino,Not Hispanic or Latino,White,White,Residence/Home,Sexual Assault With An Object,Motor Vehicle Theft,Person,True,False
73,45,19,-74.38,40.6,1,Victim Was Friend,F,F,Not Hispanic or Latino,Not Hispanic or Latino,White,White,Residence/Home,Theft From Building,Embezzlement,Property,True,False
65,65,16,-74.98,39.83,9,Victim Was Sibling,F,M,Hispanic or Latino,Hispanic or Latino,White,Black or African American,Residence/Home,False Pretenses/Swindle/Confidence Game,Arson,Person,True,False
98,60,3,-75.46,40.2,7,Victim Was Child,M,F,Not Hispanic or Latino,Not Hispanic or Latino,White,Black or African American,Residence/Home,Theft From Motor Vehicle,Homicide Offenses,Property,True,True
11,5,9,-74.65,40.91,4,Victim was Otherwise Known,M,F,Not Hispanic or Latino,Hispanic or Latino,Native Hawaiian or Other Pacific Islander,Black or African American,Residence/Home,Statutory Rape,Robbery,Person,True,True
18,18,4,-74.06,39.65,10,Relationship Unknown,F,F,Hispanic or Latino,Not Hispanic or Latino,White,White,Commercial/Office Building,Fondling,Robbery,Person,True,False
38,52,22,-75.43,40.05,6,Victim Was Friend,F,M,Not Hispanic or Latino,Hispanic or Latino,White,White,Residence/Home,Credit Card/Automated Teller Machine Fraud,Sex Offenses,Person,True,True
63,30,8,-74.94,39.94,7,Victim Was Other Family Member,M,M,Hispanic or Latino,Not Hispanic or Latino,White,White,Residence/Home,False Pretenses/Swindle/Confidence Game,Human Trafficking,Person,True,True
19,67,9,-74.62,41.26,5,Victim Was Acquaintance,F,F,Hispanic or Latino,Not Hispanic or Latino,White,White,Residence/Home,Robbery,Burglary/Breaking & Entering,Person,True,True
44,36,11,-74.37,39.93,7,Relationship Unknown,F,F,Not Hispanic or Latino,Not Hispanic or Latino,Black or African American,White,Highway/Road/Alley/Street/Sidewalk,Fondling,Motor Vehicle Theft,Person,True,True
3,50,2,-74.06,40.54,7,Victim Was Acquaintance,M,F,Not Hispanic or Latino,Not Hispanic or Latino,Black or African American,Black or African American,Drug Store/Doctor's Office/Hospital,Simple Assault,Assault Offenses,Person,False,True
58,62,19,-74.42,40.32,4,Victim Was Friend,F,F,Hispanic or Latino,Not Hispanic or Latino,White,Black or African American,Residence/Home,Kidnapping/Abduction,Fraud Offenses,Property,True,True
79,34,5,-74.09,40.2,10,Victim Was Friend,M,M,Not Hispanic or Latino,Hispanic or Latino,White,White,Residence/Home,Murder and Nonnegligent Manslaughter,Sex Offenses,Property,True,True
59,34,3,-75.39,39.35,11,Victim Was Spouse,F,M,Hispanic or Latino,Hispanic or Latino,White,White,Convenience Store,Fondling,Destruction/Damage/Vandalism of Property,Person,False,True
29,13,12,-75.15,40.78,6,Victim was Ex-Spouse,M,F,Not Hispanic or Latino,Hispanic or Latino,White,White,Residence/Home,Shoplifting,Robbery,Property,True,True
9,86,14,-74.02,40.31,11,Relationship Unknown,F,M,Hispanic or Latino,Not Hispanic or Latino,White,Native Hawaiian or Other Pacific Islander,Residence/Home,Sexual Assault With An Object,Arson,Property,True,True
74,42,23,-75.02,39.96,7,Victim Was Child,F,F,Not Hispanic or Latino,Hispanic or Latino,White,Black or African American,Residence/Home,Theft of Motor Vehicle Parts or Accessories,Larceny/Theft Offenses,Property,True,True
98,12,4,-74.07,40.06,10,Victim Was Child,F,F,Hispanic or Latino,Hispanic or Latino,Black or African American,White,Residence/Home,Wire Fraud,Embezzlement,Person,True,True
82,95,21,-74.71,40.18,2,Victim Was Parent,F,M,Not Hispanic or Latino,Not Hispanic or Latino,White,Black or African American,Residence/Home,Shoplifting,Destruction/Damage/Vandalism of Property,Person,True,False
85,79,22,-74.78,39.23,10,Victim was Otherwise Known,F,M,Not Hispanic or Latino,Not Hispanic or Latino,White,White,Residence/Home,False Pretenses/Swindle/Confidence Game,Sex Offenses,Property,True,False
6,74,0,-74.01,40.71,7,Victim Was Sibling,F,M,Not Hispanic or Latino,Hispanic or Latino,White,Black or African American,Residence/Home,Stolen Property Offenses,Destruction/Damage/Vandalism of Property,Person,False,True
43,63,15,-74.81,41.05,5,Victim Was Acquaintance,F,F,Not Hispanic or Latino,Hispanic or Latino,White,White,Residence/Home,Extortion/Blackmail,Stolen Property Offenses,Property,True,True
24,12,3,-75.26,41.07,4,Victim Was Other Family Member,F,F,Hispanic or Latino,Not Hispanic or Latino,Black or African American,Black or African American,Highway/Road/Alley/Street/Sidewalk,Murder and Nonnegligent Manslaughter,Motor Vehicle Theft,Property,True,True
67,45,5,-74.72,41.14,8,Victim Was Stranger,M,F,Hispanic or Latino,Not Hispanic or Latino,Black or African American,Black or African American,Highway/Road/Alley/Street/Sidewalk,All Other Larceny,Destruction/Damage/Vandalism of Property,Property,True,True
8,73,6,-74.4,39.39,5,Victim Was Acquaintance,F,F,Not Hispanic or Latino,Not Hispanic or Latino,Black or African American,White,Residence/Home,Robbery,Stolen Property Offenses,Property,False,True
87,68,5,-74.53,39.7,7,Relationship Unknown,F,F,Not Hispanic or Latino,Not Hispanic or Latino,White,White,Parking/Drop Lot/Garage,Impersonation,Larceny/Theft Offenses,Property,False,True
52,3,12,-75.17,39.11,10,Victim Was Parent,F,M,Hispanic or Latino,Hispanic or Latino,White,White,Residence/Home,Identity Theft,Extortion/Blackmail,Person,True,True
17,73,17,-74.32,40.14,9,Victim Was Other Family Member,F,M,Not Hispanic or Latino,Not Hispanic or Latino,White,Black or African American,Residence/Home,Theft From Motor Vehicle,Destruction/Damage/Vandalism of Property,Property,True,True
45,14,23,-75.11,39.34,11,Victim Was Spouse,M,F,Not Hispanic or Latino,Not Hispanic or Latino,White,White,Residence/Home,Identity Theft,Bribery,Person,True,True
34,62,2,-75.25,39.52,7,Victim Was Neighbor,F,F,Hispanic or Latino,Hispanic or Latino,Black or African American,White,Residence/Home,Theft of Motor Vehicle Parts or Accessories,Stolen Property Offenses,Property,True,True
10,59,13,-75.41,39.56,1,Victim Was Sibling,F,F,Not Hispanic or Latino,Hispanic or Latino,White,White,Cyberspace,False Pretenses/Swindle/Confidence Game,Extortion/Blackmail,Person,True,True
79,76,2,-75.05,39.62,4,Victim was Ex-Spouse,F,F,Not Hispanic or Latino,Not Hispanic or Latino,Black or African American,Black or African American,Cyberspace,Murder and Nonnegligent Manslaughter,Kidnapping/Abduction,Person,True,True
1,99,3,-74.78,39.18,3,Victim Was Sibling,F,M,Not Hispanic or Latino,Not Hispanic or Latino,White,Black or African American,Residence/Home,Destruction/Damage/Vandalism of Property,Assault Offenses,Property,True,True
35,95,23,-75.02,41.09,4,Victim Was Ex-Relationship (Ex-Boyfriend/Girlfriend),M,F,Hispanic or Latino,Hispanic or Latino,Black or African American,Black or African American,Highway/Road/Alley/Street/Sidewalk,Theft of Motor Vehicle Parts or Accessories,Burglary/Breaking & Entering,Property,True,False
64,8,3,-74.56,39.17,8,Victim Was Boyfriend/Girlfriend,M,F,Hispanic or Latino,Not Hispanic or Latino,White,White,Drug Store/Doctor's Office/Hospital,Sexual Assault With An Object,Fraud Offenses,Property,False,True
33,92,13,-74.32,39.38,10,Victim Was Parent,F,M,Not Hispanic or Latino,Not Hispanic or Latino,Black or African American,Black or African American,Residence/Home,Statutory Rape,Stolen Property Offenses,Person,True,True
32,20,18,-74.52,40.88,8,Victim Was Boyfriend/Girlfriend,F,M,Hispanic or Latino,Hispanic or Latino,White,Black or African American,Hotel/Motel/Etc.,Aggravated Assault,Counterfeiting/Forgery,Person,False,True
79,15,15,-74.15,39.02,7,Victim Was Sibling,M,F,Not Hispanic or Latino,Not Hispanic or Latino,White,White,Parking/Drop Lot/Garage,Theft From Motor Vehicle,Homicide Offenses,Person,True,True
92,43,17,-75.54,41.07,8,Victim Was Neighbor,M,M,Not Hispanic or Latino,Hispanic or Latino,White,Black or African American,Residence/Home,Rape,Motor Vehicle Theft,Person,True,True
57,31,11,-75.05,39.13,6,Victim Was Spouse,F,F,Not Hispanic or Latino,Not Hispanic or Latino,White,Unknown,Residence/Home,Theft From Building,Stolen Property Offenses,Property,True,True
67,47,23,-75.19,40.94,11,Victim Was Sibling,M,F,Not Hispanic or Latino,Hispanic or Latino,Black or African American,White,Highway/Road/Alley/Street/Sidewalk,Sodomy,Homicide Offenses,Property,True,True
52,2,14,-74.76,39.79,7,Victim Was Spouse,M,M,Not Hispanic or Latino,Hispanic or Latino,Unknown,Black or African American,Cyberspace,Identity Theft,Destruction/Damage/Vandalism of Property,Person,True,True
31,36,10,-74.57,40.77,9,Victim Was Spouse,M,F,Hispanic or Latino,Not Hispanic or Latino,Black or African American,White,Residence/Home,Kidnapping/Abduction,Human Trafficking,Property,True,True
51,51,17,-74.11,40.34,10,Victim Was Spouse,M,F,Hispanic or Latino,Hispanic or Latino,White,Black or African American,Cyberspace,Stolen Property Offenses,Human Trafficking,Person,True,True
49,3,3,-75.0,40.46,10,Victim Was Ex-Relationship (Ex-Boyfriend/Girlfriend),F,F,Not Hispanic or Latino,Hispanic or Latino,Black or African American,Asian,School-Elementary/Secondary,False Pretenses/Swindle/Confidence Game,Kidnapping/Abduction,Person,True,True
53,28,23,-75.11,39.77,6,Victim Was Sibling,F,F,Not Hispanic or Latino,Not Hispanic or Latino,Black or African American,White,Residence/Home,Destruction/Damage/Vandalism of Property,Burglary/Breaking & Entering,Property,True,True
55,61,10,-74.39,39.13,7,Victim Was Sibling,F,F,Hispanic or Latino,Hispanic or Latino,White,White,School/College,Simple Assault,Burglary/Breaking & Entering,Property,True,True
66,67,10,-75.34,39.39,1,Victim Was Parent,F,M,Hispanic or Latino,Not Hispanic or Latino,White,Black or African American,Residence/Home,Stolen Property Offenses,Kidnapping/Abduction,Property,False,True
93,1,15,-74.21,40.95,7,Victim Was Stranger,F,M,Not Hispanic or Latino,Not Hispanic or Latino,Black or African American,White,Highway/Road/Alley/Street/Sidewalk,Intimidation,Arson,Property,False,False
90,29,22,-74.67,40.99,4,Victim Was Neighbor,M,F,Not Hispanic or Latino,Not Hispanic or Latino,White,White,Highway/Road/Alley/Street/Sidewalk,Purse-snatching,Human Trafficking,Property,True,True
16,34,11,-74.74,41.05,7,Victim Was Other Family Member,F,F,Hispanic or Latino,Not Hispanic or Latino,White,White,Residence/Home,Wire Fraud,Stolen Property Offenses,Person,True,False
80,55,3,-74.56,39.11,3,Victim Was Stranger,F,F,Not Hispanic or Latino,Not Hispanic or Latino,Black or African American,Black or African American,Residence/Home,Extortion/Blackmail,Stolen Property Offenses,Property,True,True
23,56,18,-74.27,40.68,11,Victim Was Neighbor,F,F,Not Hispanic or Latino,Not Hispanic or Latino,White,White,Residence/Home,Stolen Property Offenses,Sex Offenses,Person,True,True
100,85,5,-75.31,39.89,9,Victim Was Boyfriend/Girlfriend,M,M,Hispanic or Latino,Not Hispanic or Latino,White,White,Highway/Road/Alley/Street/Sidewalk,Shoplifting,Arson,Property,True,True
76,26,17,-74.46,39.21,4,Victim Was Child,F,F,Not Hispanic or Latino,Not Hispanic or Latino,White,Black or African American,Residence/Home,Extortion/Blackmail,Larceny/Theft Offenses,Person,False,True
36,16,7,-74.85,38.99,10,Victim Was Stranger,F,F,Not Hispanic or Latino,Not Hispanic or Latino,Unknown,White,Residence/Home,Statutory Rape,Kidnapping/Abduction,Person,True,True
61,73,3,-75.02,39.36,12,Victim Was Ex-Relationship (Ex-Boyfriend/Girlfriend),F,M,Hispanic or Latino,Hispanic or Latino,White,Black or African American,Residence/Home,Extortion/Blackmail,Destruction/Damage/Vandalism of Property,Property,True,True
95,40,17,-74.83,40.24,6,Victim Was Spouse,M,F,Hispanic or Latino,Hispanic or Latino,Black or African American,Native Hawaiian or Other Pacific Islander,Highway/Road/Alley/Street/Sidewalk,Fondling,Extortion/Blackmail,Property,True,True
41,13,10,-74.48,39.36,7,Victim was Otherwise Known,F,M,Not Hispanic or Latino,Not Hispanic or Latino,Black or African American,White,Drug Store/Doctor's Office/Hospital,Simple Assault,Human Trafficking,Property,True,True
5,94,15,-74.62,39.52,8,Victim Was Spouse,M,F,Hispanic or Latino,Not Hispanic or Latino,White,Black or African American,Drug Store/Doctor's Office/Hospital,Statutory Rape,Destruction/Damage/Vandalism of Property,Property,True,False
39,57,4,-74.54,39.25,5,Victim Was Child,F,M,Not Hispanic or Latino,Hispanic or Latino,White,Black or African American,Residence/Home,Theft of Motor Vehicle Parts or Accessories,Assault Offenses,Person,False,True
79,45,15,-75.21,39.47,7,Victim Was Spouse,M,F,Not Hispanic or Latino,Not Hispanic or Latino,Black or African American,White,Residence/Home,Identity Theft,Sex Offenses,Property,False,True
80,98,6,-74.31,40.0,2,Victim Was Acquaintance,F,M,Not Hispanic or Latino,Hispanic or Latino,Black or African American,Black or African American,Residence/Home,Kidnapping/Abduction,Larceny/Theft Offenses,Person,True,True
73,85,10,-74.25,40.07,8,Victim was Otherwise Known,F,F,Not Hispanic or Latino,Not Hispanic or Latino,Native Hawaiian or Other Pacific Islander,Asian,Residence/Home,Burglary/Breaking & Entering,Larceny/Theft Offenses,Person,True,True
54,31,2,-74.57,39.63,8,Victim Was Child,F,M,Hispanic or Latino,Hispanic or Latino,White,Black or African American,Residence/Home,Motor Vehicle Theft,Kidnapping/Abduction,Property,True,True
37,94,23,-74.03,40.09,10,Victim Was Stranger,M,F,Hispanic or Latino,Not Hispanic or Latino,White,White,Residence/Home,Wire Fraud,Embezzlement,Person,True,True
8,88,23,-74.95,40.08,2,Victim Was Parent,F,F,Hispanic or Latino,Not Hispanic or Latino,White,White,Residence/Home,Sodomy,Assault Offenses,Property,False,False
73,39,11,-74.96,40.19,8,Victim Was Parent,F,M,Hispanic or Latino,Hispanic or Latino,White,Unknown,Residence/Home,Motor Vehicle Theft,Assault Offenses,Person,True,False
11,64,5,-74.08,41.16,7,Relationship Unknown,M,F,Not Hispanic or Latino,Not Hispanic or Latino,Black or African American,White,School-Elementary/Secondary,Rape,Destruction/Damage/Vandalism of Property,Person,True,True
38,78,9,-74.58,40.14,6,Victim was Otherwise Known,M,M,Not Hispanic or Latino,Hispanic or Latino,White,Black or African American,Highway/Road/Alley/Street/Sidewalk,Destruction/Damage/Vandalism of Property,Burglary/Breaking & Entering,Property,True,True
10,60,0,-75.51,40.8,11,Victim Was Friend,F,F,Hispanic or Latino,Not Hispanic or Latino,Black or African American,White,Residence/Home,Sodomy,Robbery,Property,False,True
22,93,9,-75.25,39.83,3,Victim Was Ex-Relationship (Ex-Boyfriend/Girlfriend),M,F,Not Hispanic or Latino,Not Hispanic or Latino,Black or African American,Black or African American,Residence/Home,Wire Fraud,Destruction/Damage/Vandalism of Property,Property,True,True
6,77,2,-74.48,39.81,11,Victim Was Parent,F,F,Not Hispanic or Latino,Hispanic or Latino,Black or African American,Black or African American,Residence/Home,Purse-snatching,Arson,Property,True,True
47,64,13,-75.45,40.38,6,Victim Was Friend,M,F,Not Hispanic or Latino,Not Hispanic or Latino,White,Black or African American,Residence/Home,Burglary/Breaking & Entering,Stolen Property Offenses,Property,True,True
25,94,2,-75.07,40.75,5,Victim Was Sibling,F,M,Hispanic or Latino,Not Hispanic or Latino,Unknown,Black or African American,Residence/Home,Wire Fraud,Destruction/Damage/Vandalism of Property,Person,True,True
43,90,0,-75.23,40.13,9,Victim Was Ex-Relationship (Ex-Boyfriend/Girlfriend),F,F,Not Hispanic or Latino,Not Hispanic or Latino,Black or African American,White,Residence/Home,Fondling,Embezzlement,Property,False,True
64,69,7,-75.4,41.17,1,Victim was Otherwise Known,F,M,Not Hispanic or Latino,Not Hispanic or Latino,White,Black or African American,Residence/Home,Sodomy,Motor Vehicle Theft,Person,True,False
6,58,2,-74.2,41.26,6,Victim was Ex-Spouse,F,F,Not Hispanic or Latino,Not Hispanic or Latino,White,Unknown,Residence/Home,Shoplifting,Extortion/Blackmail,Property,True,True
53,32,2,-74.61,41.26,2,Victim was Otherwise Known,F,F,Hispanic or Latino,Hispanic or Latino,Black or African American,White,Residence/Home,False Pretenses/Swindle/Confidence Game,Kidnapping/Abduction,Property,True,True
82,57,12,-74.29,41.08,11,Victim Was Spouse,F,F,Hispanic or Latino,Not Hispanic or Latino,White,White,Residence/Home,Rape,Larceny/Theft Offenses,Person,True,True
58,1,18,-75.04,40.59,1,Victim Was Neighbor,M,M,Not Hispanic or Latino,Not Hispanic or Latino,Black or African American,White,Residence/Home,False Pretenses/Swindle/Confidence Game,Homicide Offenses,Person,True,False
56,92,21,-74.22,40.91,8,Relationship Unknown,F,F,Not Hispanic or Latino,Not Hispanic or Latino,Asian,Black or African American,Highway/Road/Alley/Street/Sidewalk,Theft of Motor Vehicle Parts or Accessories,Larceny/Theft Offenses,Property,True,True
67,56,9,-75.13,39.55,7,Victim Was Ex-Relationship (Ex-Boyfriend/Girlfriend),M,F,Not Hispanic or Latino,Hispanic or Latino,Asian,Black or African American,Cyberspace,Simple Assault,Motor Vehicle Theft,Property,True,True
47,59,16,-74.18,39.79,2,Victim Was Stranger,F,F,Not Hispanic or Latino,Not Hispanic or Latino,Black or African American,White,Residence/Home,Theft From Motor Vehicle,Embezzlement,Person,True,True
93,61,4,-74.24,38.98,8,Victim Was Acquaintance,F,F,Hispanic or Latino,Not Hispanic or Latino,American Indian or Alaska Native,Black or African American,Park/Playground,Intimidation,Sex Offenses,Person,True,True
67,45,6,-74.66,39.94,9,Relationship Unknown,F,F,Not Hispanic or Latino,Not Hispanic or Latino,White,White,Highway/Road/Alley/Street/Sidewalk,Purse-snatching,Larceny/Theft Offenses,Property,True,True
65,82,7,-74.17,40.33,2,Victim Was Boyfriend/Girlfriend,M,F,Hispanic or Latino,Hispanic or Latino,White,White,Residence/Home,All Other Larceny,Counterfeiting/Forgery,Property,True,True
15,91,22,-74.51,40.39,4,Victim was Ex-Spouse,F,M,Not Hispanic or Latino,Not Hispanic or Latino,White,White,Residence/Home,Robbery,Human Trafficking,Property,True,True
42,73,5,-74.34,41.18,9,Victim Was Neighbor,F,M,Not Hispanic or Latino,Not Hispanic or Latino,White,White,Residence/Home,Kidnapping/Abduction,Embezzlement,Person,True,False
68,1,18,-75.34,40.9,8,Victim Was Ex-Relationship (Ex-Boyfriend/Girlfriend),F,F,Not Hispanic or Latino,Not Hispanic or Latino,American Indian or Alaska Native,Black or African American,Highway/Road/Alley/Street/Sidewalk,Extortion/Blackmail,Sex Offenses,Property,True,False
21,58,6,-74.63,40.8,7,Victim Was Boyfriend/Girlfriend,F,M,Hispanic or Latino,Not Hispanic or Latino,White,Black or African American,Residence/Home,Counterfeiting/Forgery,Stolen Property Offenses,Property,False,True
87,52,4,-74.97,40.56,2,Relationship Unknown,F,M,Not Hispanic or Latino,Not Hispanic or Latino,Asian,White,Parking/Drop Lot/Garage,Impersonation,Fraud Offenses,Property,False,False
82,7,8,-74.75,39.58,9,Victim Was Friend,F,F,Not Hispanic or Latino,Hispanic or Latino,White,White,Highway/Road/Alley/Street/Sidewalk,All Other Larceny,Kidnapping/Abduction,Property,True,True
58,17,5,-74.11,41.06,4,Victim Was Other Family Member,F,F,Hispanic or Latino,Hispanic or Latino,White,White,Highway/Road/Alley/Street/Sidewalk,Theft of Motor Vehicle Parts or Accessories,Fraud Offenses,Property,False,True
5,61,21,-73.92,39.68,2,Relationship Unknown,F,F,Hispanic or Latino,Not Hispanic or Latino,White,Black or African American,Highway/Road/Alley/Street/Sidewalk,Intimidation,Stolen Property Offenses,Person,True,True
35,98,6,-74.85,39.26,6,Victim was Ex-Spouse,M,F,Hispanic or Latino,Not Hispanic or Latino,White,Black or African American,Highway/Road/Alley/Street/Sidewalk,Rape,Assault Offenses,Person,True,True
70,14,23,-74.8,40.06,7,Victim was Otherwise Known,M,F,Not Hispanic or Latino,Not Hispanic or Latino,White,Black or African American,Residence/Home,Stolen Property Offenses,Bribery,Property,False,True
18,74,14,-74.89,40.7,6,Victim Was Spouse,F,F,Not Hispanic or Latino,Not Hispanic or Latino,Black or African American,Black or African American,Residence/Home,Extortion/Blackmail,Kidnapping/Abduction,Property,True,True
24,53,14,-74.84,41.15,5,Victim Was Acquaintance,F,F,Not Hispanic or Latino,Not Hispanic or Latino,Native Hawaiian or Other Pacific Islander,Black or African American,Residence/Home,Kidnapping/Abduction,Robbery,Property,True,True
40,60,17,-74.51,40.13,7,Victim Was Ex-Relationship (Ex-Boyfriend/Girlfriend),F,M,Not Hispanic or Latino,Not Hispanic or Latino,White,White,Residence/Home,Motor Vehicle Theft,Fraud Offenses,Person,False,True
84,25,15,-73.97,39.45,5,Victim Was Sibling,F,M,Not Hispanic or Latino,Not Hispanic or Latino,White,Black or African American,Residence/Home,Murder and Nonnegligent Manslaughter,Sex Offenses,Property,False,True
44,54,23,-74.85,39.72,4,Victim Was Friend,F,M,Not Hispanic or Latino,Not Hispanic or Latino,White,Black or African American,Residence/Home,Shoplifting,Arson,Person,False,True
7,95,19,-74.04,39.02,5,Victim Was Neighbor,M,F,Hispanic or Latino,Not Hispanic or Latino,White,White,Highway/Road/Alley/Street/Sidewalk,Intimidation,Stolen Property Offenses,Person,False,True
40,84,22,-75.27,40.39,10,Victim Was Sibling,M,F,Not Hispanic or Latino,Hispanic or Latino,White,White,Highway/Road/Alley/Street/Sidewalk,Kidnapping/Abduction,Larceny/Theft Offenses,Property,True,True
71,70,22,-74.91,41.29,12,Relationship Unknown,F,F,Hispanic or Latino,Hispanic or Latino,White,White,Highway/Road/Alley/Street/Sidewalk,Counterfeiting/Forgery,Assault Offenses,Property,True,True
51,67,16,-74.6,39.11,3,Victim Was Boyfriend/Girlfriend,M,F,Hispanic or Latino,Hispanic or Latino,American Indian or Alaska Native,Black or African American,Convenience Store,All Other Larceny,Larceny/Theft Offenses,Property,True,True
36,24,3,-75.39,41.18,11,Relationship Unknown,M,F,Not Hispanic or Latino,Not Hispanic or Latino,White,White,Residence/Home,Shoplifting,Extortion/Blackmail,Property,True,True
58,72,9,-74.3,39.67,9,Victim Was Other Family Member,F,F,Not Hispanic or Latino,Not Hispanic or Latino,White,Black or African American,Residence/Home,Robbery,Embezzlement,Person,False,True
99,96,19,-74.47,39.45,1,Victim Was Ex-Relationship (Ex-Boyfriend/Girlfriend),M,F,Hispanic or Latino,Not Hispanic or Latino,White,White,Residence/Home,Intimidation,Extortion/Blackmail,Person,True,True
94,2,5,-74.55,40.11,2,Victim Was Child,F,F,Not Hispanic or Latino,Hispanic or Latino,Asian,White,Commercial/Office Building,Kidnapping/Abduction,Extortion/Blackmail,Property,True,False
99,17,9,-75.34,40.24,10,Victim Was Acquaintance,F,M,Not Hispanic or Latino,Not Hispanic or Latino,Black or African American,Black or African American,Residence/Home,Rape,Sex Offenses,Property,True,True
30,11,17,-74.67,40.4,10,Victim Was Spouse,F,F,Not Hispanic or Latino,Not Hispanic or Latino,Unknown,White,Highway/Road/Alley/Street/Sidewalk,Stolen Property Offenses,Bribery,Property,False,True
64,36,11,-74.09,41.21,3,Victim was Otherwise Known,F,F,Hispanic or Latino,Hispanic or Latino,White,Unknown,Residence/Home,Theft From Motor Vehicle,Kidnapping/Abduction,Person,True,True
5,91,0,-75.0,41.1,9,Victim Was Child,F,F,Not Hispanic or Latino,Hispanic or Latino,Black or African American,Black or African American,Highway/Road/Alley/Street/Sidewalk,Statutory Rape,Destruction/Damage/Vandalism of Property,Person,True,True
24,43,8,-74.26,41.22,5,Victim Was Neighbor,M,F,Not Hispanic or Latino,Not Hispanic or Latino,Black or African American,White,Hotel/Motel/Etc.,Robbery,Extortion/Blackmail,Property,True,True
76,11,8,-75.05,41.28,3,Victim Was Other Family Member,F,F,Not Hispanic or Latino,Hispanic or Latino,White,Black or African American,Specialty Store,Shoplifting,Sex Offenses,Person,True,True
95,46,3,-74.61,39.24,7,Victim was Ex-Spouse,F,F,Not Hispanic or Latino,Hispanic or Latino,Unknown,Black or African American,Park/Playground,Theft of Motor Vehicle Parts or Accessories,Counterfeiting/Forgery,Person,True,True
95,71,23,-74.55,41.08,3,Victim Was Boyfriend/Girlfriend,M,M,Not Hispanic or Latino,Not Hispanic or Latino,Black or African American,White,Restaurant,Kidnapping/Abduction,Larceny/Theft Offenses,Property,True,True
17,26,20,-75.2,39.79,8,Victim Was Parent,F,M,Not Hispanic or Latino,Not Hispanic or Latino,White,White,Residence/Home,Murder and Nonnegligent Manslaughter,Bribery,Property,True,False
12,12,11,-73.94,40.24,10,Victim was Ex-Spouse,M,M,Not Hispanic or Latino,Not Hispanic or Latino,White,White,Residence/Home,Statutory Rape,Motor Vehicle Theft,Property,True,True
66,86,12,-74.52,40.28,4,Victim Was Parent,F,F,Hispanic or Latino,Not Hispanic or Latino,White,Unknown,Residence/Home,Motor Vehicle Theft,Burglary/Breaking & Entering,Property,True,True
44,44,12,-73.91,39.03,1,Victim Was Acquaintance,F,F,Not Hispanic or Latino,Not Hispanic or Latino,White,White,Residence/Home,Credit Card/Automated Teller Machine Fraud,Kidnapping/Abduction,Property,True,True
70,24,3,-74.19,38.98,12,Victim Was Spouse,M,F,Not Hispanic or Latino,Not Hispanic or Latino,White,White,Residence/Home,Credit Card/Automated Teller Machine Fraud,Motor Vehicle Theft,Person,False,True
14,78,15,-74.28,39.44,5,Victim Was Sibling,F,F,Not Hispanic or Latino,Hispanic or Latino,White,White,Residence/Home,Purse-snatching,Robbery,Person,True,True
46,10,20,-74.49,39.43,12,Victim Was Child,F,F,Not Hispanic or Latino,Not Hispanic or Latino,Native Hawaiian or Other Pacific Islander,White,Residence/Home,Theft of Motor Vehicle Parts or Accessories,Stolen Property Offenses,Person,True,True
89,62,3,-74.19,40.9,11,Victim Was Child,M,F,Not Hispanic or Latino,Not Hispanic or Latino,White,Black or African American,Highway/Road/Alley/Street/Sidewalk,Extortion/Blackmail,Destruction/Damage/Vandalism of Property,Person,False,True
85,80,19,-74.74,40.1,4,Victim Was Stranger,F,F,Not Hispanic or Latino,Hispanic or Latino,White,Black or African American,Residence/Home,Simple Assault,Assault Offenses,Person,True,True
32,82,9,-74.49,39.27,2,Victim Was Friend,M,F,Not Hispanic or Latino,Not Hispanic or Latino,Black or African American,White,Highway/Road/Alley/Street/Sidewalk,Stolen Property Offenses,Extortion/Blackmail,Person,True,True
40,24,15,-75.04,40.0,9,Victim Was Ex-Relationship (Ex-Boyfriend/Girlfriend),F,F,Not Hispanic or Latino,Not Hispanic or Latino,White,White,Residence/Home,Simple Assault,Embezzlement,Person,True,True
35,3,20,-74.18,40.94,1,Relationship Unknown,M,M,Not Hispanic or Latino,Not Hispanic or Latino,Black or African American,White,Residence/Home,Theft From Motor Vehicle,Larceny/Theft Offenses,Person,True,True
54,37,12,-74.64,40.42,9,Victim Was Other Family Member,F,M,Not Hispanic or Latino,Not Hispanic or Latino,White,White,Residence/Home,Purse-snatching,Assault Offenses,Person,True,True
93,36,3,-74.06,39.69,11,Victim Was Sibling,F,F,Not Hispanic or Latino,Hispanic or Latino,White,Black or African American,Residence/Home,Rape,Counterfeiting/Forgery,Person,False,True
73,10,1,-75.41,40.26,11,Victim Was Other Family Member,F,F,Hispanic or Latino,Not Hispanic or Latino,Black or African American,Black or African American,Residence/Home,Theft From Building,Arson,Person,False,True
