yearly_agency_id,agency_id,data_year,ori,legacy_ori,covered_by_legacy_ori,direct_contributor_flag,dormant_flag,dormant_year,reporting_type,ucr_agency_name,ncic_agency_name,pub_agency_name,pub_agency_unit,agency_status,state_id,state_name,state_abbr,state_postal_abbr,division_code,division_name,region_code,region_name,region_desc,agency_type_name,population,submitting_agency_id,sai,submitting_agency_name,suburban_area_flag,population_group_id,population_group_code,population_group_desc,parent_pop_group_code,parent_pop_group_desc,mip_flag,pop_sort_order,summary_rape_def,pe_reported_flag,male_officer,male_civilian,male_officer+male_civilian,female_officer,female_civilian,female_officer+female_civilian,officer_rate,employee_rate,nibrs_cert_date,nibrs_start_date,nibrs_leoka_start_date,nibrs_ct_start_date,nibrs_multi_bias_start_date,nibrs_off_eth_start_date,covered_flag,county_name,msa_name,publishable_flag,participated,nibrs_participated
120832022,12083,2022,NJ0010000,NJ0010000,,N,N,,I,ATLANTIC,ATLANTIC CO SHERIFFS OFF MAYS LANDING,Atlantic,,A,35,New Jersey,NJ,NJ,2,Middle Atlantic,1,Northeast,Region I,County,0,23382,NJUCR0001,New Jersey State Police Uniform Crime Reporting Unit,Y,22,9D,"MSA counties under 10,000",9,MSA Counties,N,22,,Y,96,9,105,16,25,41,0,0,2021-01-01,2021-01-01,2021-01-01,2021-05-01,2021-05-01,2021-05-01,N,ATLANTIC,"Atlantic City-Hammonton, NJ",Y,Y,Y
120842022,12084,2022,NJ0010100,NJ0010100,,N,N,,I,ABSECON,ABSECON PD,Absecon,,A,35,New Jersey,NJ,NJ,2,Middle Atlantic,1,Northeast,Region I,City,9153,23382,NJUCR0001,New Jersey State Police Uniform Crime Reporting Unit,Y,10,6,"Cities from 2,500 thru 9,999",6,"Cities from 2,500 thru 9,999",N,10,,Y,24,1,25,2,2,4,2.8,3.2,2021-01-01,2021-01-01,2021-07-01,2021-07-01,2021-07-01,2021-07-01,N,ATLANTIC,"Atlantic City-Hammonton, NJ",Y,Y,Y
120852022,12085,2022,NJ0010200,NJ0010200,,N,N,,I,ATLANTIC CITY,ATLANTIC CITY PD,Atlantic City,,A,35,New Jersey,NJ,NJ,2,Middle Atlantic,1,Northeast,Region I,City,38502,23382,NJUCR0001,New Jersey State Police Uniform Crime Reporting Unit,N,8,4,"Cities from 25,000 thru 49,999",4,"Cities from 25,000 thru 49,999",N,8,,Y,235,23,258,35,49,84,7.0,8.9,2021-01-01,2021-06-01,2021-06-01,2021-06-01,2021-06-01,2021-06-01,N,ATLANTIC,"Atlantic City-Hammonton, NJ",Y,Y,Y
120862022,12086,2022,NJ0010300,NJ0010300,,N,N,,I,BRIGANTINE,BRIGANTINE PD,Brigantine,,A,35,New Jersey,NJ,NJ,2,Middle Atlantic,1,Northeast,Region I,City,7642,23382,NJUCR0001,New Jersey State Police Uniform Crime Reporting Unit,Y,10,6,"Cities from 2,500 thru 9,999",6,"Cities from 2,500 thru 9,999",N,10,,Y,31,3,34,3,7,10,4.4,5.8,2021-01-01,2021-01-01,2021-01-01,2021-01-01,2021-01-01,2021-01-01,N,ATLANTIC,"Atlantic City-Hammonton, NJ",Y,Y,Y
120882022,12088,2022,NJ0010700,NJ0010700,,N,N,,I,EGG HARBOR CITY,EGG HARBOR CITY PD,Egg Harbor City,,A,35,New Jersey,NJ,NJ,2,Middle Atlantic,1,Northeast,Region I,City,4402,23382,NJUCR0001,New Jersey State Police Uniform Crime Reporting Unit,Y,10,6,"Cities from 2,500 thru 9,999",6,"Cities from 2,500 thru 9,999",N,10,,Y,13,0,13,2,1,3,3.4,3.6,2021-01-01,2021-11-01,2022-02-01,2022-02-01,2022-02-01,2022-02-01,N,ATLANTIC,"Atlantic City-Hammonton, NJ",Y,Y,Y
120892022,12089,2022,NJ0010800,NJ0010800,,N,N,,I,EGG HARBOR TOWNSHIP,EGG HARBOR TOWNSHIP POLICE DEPARTMENT,Egg Harbor Township,,A,35,New Jersey,NJ,NJ,2,Middle Atlantic,1,Northeast,Region I,City,47747,23382,NJUCR0001,New Jersey State Police Uniform Crime Reporting Unit,Y,8,4,"Cities from 25,000 thru 49,999",4,"Cities from 25,000 thru 49,999",N,8,,Y,81,14,95,5,27,32,1.8,2.7,2021-01-01,2021-06-01,2021-12-01,2021-12-01,2021-12-01,2021-12-01,N,ATLANTIC,"Atlantic City-Hammonton, NJ",Y,Y,Y
120902022,12090,2022,NJ0011100,NJ0011100,,N,N,,I,GALLOWAY TOWNSHIP,GALLOWAY TOWNSHIP POLICE DEPARTMENT,Galloway Township,,A,35,New Jersey,NJ,NJ,2,Middle Atlantic,1,Northeast,Region I,City,37961,23382,NJUCR0001,New Jersey State Police Uniform Crime Reporting Unit,Y,8,4,"Cities from 25,000 thru 49,999",4,"Cities from 25,000 thru 49,999",N,8,,Y,59,9,68,3,18,21,1.6,2.3,2021-01-01,2021-05-01,2021-10-01,2021-10-01,2021-10-01,2021-10-01,N,ATLANTIC,"Atlantic City-Hammonton, NJ",Y,Y,Y
120912022,12091,2022,NJ0011200,NJ0011200,,N,N,,I,HAMILTON TOWNSHIP,HAMILTON TWP PD MAYS LANDING,"Hamilton Township, Atlantic County",,A,35,New Jersey,NJ,NJ,2,Middle Atlantic,1,Northeast,Region I,City,28658,23382,NJUCR0001,New Jersey State Police Uniform Crime Reporting Unit,Y,8,4,"Cities from 25,000 thru 49,999",4,"Cities from 25,000 thru 49,999",N,8,,Y,43,10,53,10,17,27,1.8,2.8,2021-01-01,2021-12-01,2022-01-01,2022-01-01,2022-01-01,2022-01-01,N,ATLANTIC,"Atlantic City-Hammonton, NJ",Y,Y,Y
120962022,12096,2022,NJ0011700,NJ0011700,,N,N,,I,MULLICA TOWNSHIP,MULLICA TWP PD ELWOOD,Mullica Township,,A,35,New Jersey,NJ,NJ,2,Middle Atlantic,1,Northeast,Region I,City,5798,23382,NJUCR0001,New Jersey State Police Uniform Crime Reporting Unit,Y,10,6,"Cities from 2,500 thru 9,999",6,"Cities from 2,500 thru 9,999",N,10,,Y,14,0,14,1,1,2,2.6,2.8,2021-01-01,2021-01-01,2021-01-01,2021-01-01,2021-01-01,2021-01-01,N,ATLANTIC,"Atlantic City-Hammonton, NJ",Y,Y,Y
120992022,12099,2022,NJ0012100,NJ0012100,,N,N,,I,SOMERS POINT,SOMERS POINT PD,Somers Point,,A,35,New Jersey,NJ,NJ,2,Middle Atlantic,1,Northeast,Region I,City,10467,23382,NJUCR0001,New Jersey State Police Uniform Crime Reporting Unit,Y,9,5,"Cities from 10,000 thru 24,999",5,"Cities from 10,000 thru 24,999",N,9,,Y,29,2,31,0,5,5,2.8,3.4,2021-01-01,2021-01-01,2022-01-01,2022-01-01,2022-01-01,2022-01-01,N,ATLANTIC,"Atlantic City-Hammonton, NJ",Y,Y,Y
121002022,12100,2022,NJ0012200,NJ0012200,,N,N,,I,VENTNOR CITY,VENTNOR CITY PD,Ventnor City,,A,35,New Jersey,NJ,NJ,2,Middle Atlantic,1,Northeast,Region I,City,9226,23382,NJUCR0001,New Jersey State Police Uniform Crime Reporting Unit,Y,10,6,"Cities from 2,500 thru 9,999",6,"Cities from 2,500 thru 9,999",N,10,,Y,32,7,39,3,4,7,3.8,5.0,2021-01-01,2021-06-01,2021-06-01,2021-06-01,2021-06-01,2021-06-01,N,ATLANTIC,"Atlantic City-Hammonton, NJ",Y,Y,Y
121012022,12101,2022,NJ0012400,NJ0012400,,N,N,,I,STOCKTON UNIVERSITY,STOCKTON STATE COLLEGE PD POMONA,Stockton University,,A,35,New Jersey,NJ,NJ,2,Middle Atlantic,1,Northeast,Region I,University or College,0,23382,NJUCR0001,New Jersey State Police Uniform Crime Reporting Unit,Y,11,7,"Cities under 2,500",7,"Cities under 2,500",N,11,,Y,18,9,27,3,9,12,0,0,2021-01-01,2021-02-01,2021-10-01,2021-10-01,2021-10-01,2021-10-01,N,ATLANTIC,"Atlantic City-Hammonton, NJ",Y,Y,Y
121062022,12106,2022,NJ0020100,NJ0020100,,N,N,,I,ALLENDALE,ALLENDALE PD,Allendale,,A,35,New Jersey,NJ,NJ,2,Middle Atlantic,1,Northeast,Region I,City,6785,23382,NJUCR0001,New Jersey State Police Uniform Crime Reporting Unit,Y,10,6,"Cities from 2,500 thru 9,999",6,"Cities from 2,500 thru 9,999",N,10,,Y,14,4,18,2,1,3,2.4,3.1,2021-01-01,2022-02-01,2022-03-01,2022-03-01,2022-03-01,2022-03-01,N,BERGEN,"New York-Newark-Jersey City, NY-NJ-PA",Y,Y,Y
121072022,12107,2022,NJ0020200,NJ0020200,,N,N,,I,ALPINE,ALPINE PD,Alpine,,A,35,New Jersey,NJ,NJ,2,Middle Atlantic,1,Northeast,Region I,City,1743,23382,NJUCR0001,New Jersey State Police Uniform Crime Reporting Unit,Y,11,7,"Cities under 2,500",7,"Cities under 2,500",N,11,,Y,11,0,11,0,0,0,6.3,6.3,2021-01-01,2022-01-01,2022-04-01,2022-04-01,2022-04-01,2022-04-01,N,BERGEN,"New York-Newark-Jersey City, NY-NJ-PA",Y,Y,Y
121092022,12109,2022,NJ0020400,NJ0020400,,N,N,,I,BOGOTA,BOGOTA PD,Bogota,,A,35,New Jersey,NJ,NJ,2,Middle Atlantic,1,Northeast,Region I,City,9652,23382,NJUCR0001,New Jersey State Police Uniform Crime Reporting Unit,Y,10,6,"Cities from 2,500 thru 9,999",6,"Cities from 2,500 thru 9,999",N,10,,Y,17,2,19,0,3,3,1.8,2.3,2021-01-01,2022-05-01,2022-07-01,2022-07-01,2022-07-01,2022-07-01,N,BERGEN,"New York-Newark-Jersey City, NY-NJ-PA",Y,Y,Y
121102022,12110,2022,NJ0020500,NJ0020500,,N,N,,I,CARLSTADT,CARLSTADT PD,Carlstadt,,A,35,New Jersey,NJ,NJ,2,Middle Atlantic,1,Northeast,Region I,City,6316,23382,NJUCR0001,New Jersey State Police Uniform Crime Reporting Unit,Y,10,6,"Cities from 2,500 thru 9,999",6,"Cities from 2,500 thru 9,999",N,10,,Y,23,2,25,1,3,4,3.8,4.6,2021-01-01,2021-04-01,2021-05-01,2021-05-01,2021-05-01,2021-05-01,N,BERGEN,"New York-Newark-Jersey City, NY-NJ-PA",Y,Y,Y
121122022,12112,2022,NJ0020700,NJ0020700,,N,N,,I,CLOSTER,CLOSTER PD,Closter,,A,35,New Jersey,NJ,NJ,2,Middle Atlantic,1,Northeast,Region I,City,8474,23382,NJUCR0001,New Jersey State Police Uniform Crime Reporting Unit,Y,10,6,"Cities from 2,500 thru 9,999",6,"Cities from 2,500 thru 9,999",N,10,,Y,21,0,21,1,1,2,2.6,2.7,2021-01-01,2021-01-01,2021-12-01,2021-12-01,2021-12-01,2021-12-01,N,BERGEN,"New York-Newark-Jersey City, NY-NJ-PA",Y,Y,Y
121132022,12113,2022,NJ0020800,NJ0020800,,N,N,,I,CRESSKILL,CRESSKILL PD,Cresskill,,A,35,New Jersey,NJ,NJ,2,Middle Atlantic,1,Northeast,Region I,City,9069,23382,NJUCR0001,New Jersey State Police Uniform Crime Reporting Unit,Y,10,6,"Cities from 2,500 thru 9,999",6,"Cities from 2,500 thru 9,999",N,10,,Y,22,4,26,0,1,1,2.4,3.0,2021-01-01,2021-01-01,2021-07-01,2021-07-01,2021-07-01,2021-07-01,N,BERGEN,"New York-Newark-Jersey City, NY-NJ-PA",Y,Y,Y
121152022,12115,2022,NJ0021000,NJ0021000,,N,N,,I,DUMONT,DUMONT PD,Dumont,,A,35,New Jersey,NJ,NJ,2,Middle Atlantic,1,Northeast,Region I,City,18533,23382,NJUCR0001,New Jersey State Police Uniform Crime Reporting Unit,Y,9,5,"Cities from 10,000 thru 24,999",5,"Cities from 10,000 thru 24,999",N,9,,Y,29,4,33,2,4,6,1.7,2.1,2021-01-01,2021-01-01,2021-05-01,2021-05-01,2021-05-01,2021-05-01,N,BERGEN,"New York-Newark-Jersey City, NY-NJ-PA",Y,Y,Y
121162022,12116,2022,NJ0021100,NJ0021100,,N,N,,I,ELMWOOD PARK,ELMWOOD PARK PD,Elmwood Park,,A,35,New Jersey,NJ,NJ,2,Middle Atlantic,1,Northeast,Region I,City,21154,23382,NJUCR0001,New Jersey State Police Uniform Crime Reporting Unit,Y,9,5,"Cities from 10,000 thru 24,999",5,"Cities from 10,000 thru 24,999",N,9,,Y,49,3,52,3,2,5,2.5,2.7,2021-01-01,2021-01-01,2022-02-01,2022-02-01,2022-02-01,2022-02-01,N,BERGEN,"New York-Newark-Jersey City, NY-NJ-PA",Y,Y,Y
121182022,12118,2022,NJ0021300,NJ0021300,,N,N,,I,EDGEWATER,EDGEWATER PD,Edgewater,,A,35,New Jersey,NJ,NJ,2,Middle Atlantic,1,Northeast,Region I,City,14793,23382,NJUCR0001,New Jersey State Police Uniform Crime Reporting Unit,Y,9,5,"Cities from 10,000 thru 24,999",5,"Cities from 10,000 thru 24,999",N,9,,Y,28,3,31,5,2,7,2.2,2.6,2021-01-01,2021-01-01,2022-04-01,2022-04-01,2022-04-01,2022-04-01,N,BERGEN,"New York-Newark-Jersey City, NY-NJ-PA",Y,Y,Y
121192022,12119,2022,NJ0021400,NJ0021400,,N,N,,I,EMERSON,EMERSON PD,Emerson,,A,35,New Jersey,NJ,NJ,2,Middle Atlantic,1,Northeast,Region I,City,7215,23382,NJUCR0001,New Jersey State Police Uniform Crime Reporting Unit,Y,10,6,"Cities from 2,500 thru 9,999",6,"Cities from 2,500 thru 9,999",N,10,,Y,22,2,24,0,1,1,3.0,3.5,2021-01-01,2021-01-01,2021-07-01,2021-07-01,2021-07-01,2021-07-01,N,BERGEN,"New York-Newark-Jersey City, NY-NJ-PA",Y,Y,Y
121202022,12120,2022,NJ0021500,NJ0021500,,N,N,,I,ENGLEWOOD,ENGLEWOOD PD,Englewood,,A,35,New Jersey,NJ,NJ,2,Middle Atlantic,1,Northeast,Region I,City,28975,23382,NJUCR0001,New Jersey State Police Uniform Crime Reporting Unit,Y,8,4,"Cities from 25,000 thru 49,999",4,"Cities from 25,000 thru 49,999",N,8,,Y,75,11,86,10,9,19,2.9,3.6,2021-01-01,2021-01-01,2021-01-01,2021-07-01,2021-07-01,2021-07-01,N,BERGEN,"New York-Newark-Jersey City, NY-NJ-PA",Y,Y,Y
121212022,12121,2022,NJ0021600,NJ0021600,,N,N,,I,ENGLEWOOD CLIFFS,ENGLEWOOD CLIFFS PD,Englewood Cliffs,,A,35,New Jersey,NJ,NJ,2,Middle Atlantic,1,Northeast,Region I,City,5352,23382,NJUCR0001,New Jersey State Police Uniform Crime Reporting Unit,Y,10,6,"Cities from 2,500 thru 9,999",6,"Cities from 2,500 thru 9,999",N,10,,Y,24,0,24,0,1,1,4.5,4.7,2021-01-01,2021-01-01,2022-04-01,2022-04-01,2022-04-01,2022-04-01,N,BERGEN,"New York-Newark-Jersey City, NY-NJ-PA",Y,Y,Y
121242022,12124,2022,NJ0021900,NJ0021900,,N,N,,I,FORT LEE,FORT LEE PD,Fort Lee,,A,35,New Jersey,NJ,NJ,2,Middle Atlantic,1,Northeast,Region I,City,39636,23382,NJUCR0001,New Jersey State Police Uniform Crime Reporting Unit,Y,8,4,"Cities from 25,000 thru 49,999",4,"Cities from 25,000 thru 49,999",N,8,,Y,88,8,96,11,13,24,2.5,3.0,2021-01-01,2021-02-01,2021-09-01,2021-09-01,2021-09-01,2021-09-01,N,BERGEN,"New York-Newark-Jersey City, NY-NJ-PA",Y,Y,Y
121252022,12125,2022,NJ0022000,NJ0022000,,N,N,,I,FRANKLIN LAKES,FRANKLIN LAKES PD,Franklin Lakes,,A,35,New Jersey,NJ,NJ,2,Middle Atlantic,1,Northeast,Region I,City,10899,23382,NJUCR0001,New Jersey State Police Uniform Crime Reporting Unit,Y,9,5,"Cities from 10,000 thru 24,999",5,"Cities from 10,000 thru 24,999",N,9,,Y,22,3,25,2,2,4,2.2,2.7,2021-01-01,2021-01-01,2021-08-01,2021-08-01,2021-08-01,2021-08-01,N,BERGEN,"New York-Newark-Jersey City, NY-NJ-PA",Y,Y,Y
121262022,12126,2022,NJ0022100,NJ0022100,,N,N,,I,GARFIELD,GARFIELD PD,Garfield,,A,35,New Jersey,NJ,NJ,2,Middle Atlantic,1,Northeast,Region I,City,32351,23382,NJUCR0001,New Jersey State Police Uniform Crime Reporting Unit,Y,8,4,"Cities from 25,000 thru 49,999",4,"Cities from 25,000 thru 49,999",N,8,,Y,57,7,64,8,1,9,2.0,2.3,2021-01-01,2021-05-01,2021-05-01,2021-05-01,2021-05-01,2021-05-01,N,BERGEN,"New York-Newark-Jersey City, NY-NJ-PA",Y,Y,Y
121272022,12127,2022,NJ0022200,NJ0022200,,N,N,,I,GLEN ROCK,GLEN ROCK PD,Glen Rock,,A,35,New Jersey,NJ,NJ,2,Middle Atlantic,1,Northeast,Region I,City,12017,23382,NJUCR0001,New Jersey State Police Uniform Crime Reporting Unit,Y,9,5,"Cities from 10,000 thru 24,999",5,"Cities from 10,000 thru 24,999",N,9,,Y,23,0,23,3,2,5,2.2,2.3,2021-01-01,2021-01-01,2022-04-01,2022-04-01,2022-04-01,2022-04-01,N,BERGEN,"New York-Newark-Jersey City, NY-NJ-PA",Y,Y,Y
121282022,12128,2022,NJ0022300,NJ0022300,,N,N,,I,HACKENSACK,HACKENSACK PD,Hackensack,,A,35,New Jersey,NJ,NJ,2,Middle Atlantic,1,Northeast,Region I,City,45413,23382,NJUCR0001,New Jersey State Police Uniform Crime Reporting Unit,Y,8,4,"Cities from 25,000 thru 49,999",4,"Cities from 25,000 thru 49,999",N,8,,Y,98,9,107,7,9,16,2.3,2.7,2021-01-01,2021-01-01,2021-01-01,2021-04-01,2021-04-01,2021-04-01,N,BERGEN,"New York-Newark-Jersey City, NY-NJ-PA",Y,Y,Y
121292022,12129,2022,NJ0022400,NJ0022400,,N,N,,I,HARRINGTON PARK,HARRINGTON PARK PD,Harrington Park,,A,35,New Jersey,NJ,NJ,2,Middle Atlantic,1,Northeast,Region I,City,5206,23382,NJUCR0001,New Jersey State Police Uniform Crime Reporting Unit,Y,10,6,"Cities from 2,500 thru 9,999",6,"Cities from 2,500 thru 9,999",N,10,,Y,10,0,10,1,0,1,2.1,2.1,2021-01-01,2022-03-01,2022-04-01,2022-04-01,2022-04-01,2022-04-01,N,BERGEN,"New York-Newark-Jersey City, NY-NJ-PA",Y,Y,Y
121312022,12131,2022,NJ0022600,NJ0022600,,N,N,,I,HAWORTH,HAWORTH PD,Haworth,,A,35,New Jersey,NJ,NJ,2,Middle Atlantic,1,Northeast,Region I,City,3288,23382,NJUCR0001,New Jersey State Police Uniform Crime Reporting Unit,Y,10,6,"Cities from 2,500 thru 9,999",6,"Cities from 2,500 thru 9,999",N,10,,Y,12,1,13,0,0,0,3.6,4.0,2021-01-01,2022-01-01,2022-08-01,2022-08-01,2022-08-01,2022-08-01,N,BERGEN,"New York-Newark-Jersey City, NY-NJ-PA",Y,Y,Y
121332022,12133,2022,NJ0022800,NJ0022800,,N,N,,I,HO-HO-KUS,HO HO KUS PD,Ho-Ho-Kus,,A,35,New Jersey,NJ,NJ,2,Middle Atlantic,1,Northeast,Region I,City,4195,23382,NJUCR0001,New Jersey State Police Uniform Crime Reporting Unit,Y,10,6,"Cities from 2,500 thru 9,999",6,"Cities from 2,500 thru 9,999",N,10,,Y,14,3,17,2,2,4,3.8,5.0,2021-01-01,2021-10-01,2023-02-01,2023-02-01,2023-02-01,2023-02-01,N,BERGEN,"New York-Newark-Jersey City, NY-NJ-PA",Y,Y,Y
121342022,12134,2022,NJ0022900,NJ0022900,,N,N,,I,LEONIA,LEONIA PD,Leonia,,A,35,New Jersey,NJ,NJ,2,Middle Atlantic,1,Northeast,Region I,City,9198,23382,NJUCR0001,New Jersey State Police Uniform Crime Reporting Unit,Y,10,6,"Cities from 2,500 thru 9,999",6,"Cities from 2,500 thru 9,999",N,10,,Y,19,2,21,2,1,3,2.3,2.6,2021-01-01,2021-11-01,2022-02-01,2022-02-01,2022-02-01,2022-02-01,N,BERGEN,"New York-Newark-Jersey City, NY-NJ-PA",Y,Y,Y
121352022,12135,2022,NJ0023000,NJ0023000,,N,N,,I,LITTLE FERRY,LITTLE FERRY PD,Little Ferry,,A,35,New Jersey,NJ,NJ,2,Middle Atlantic,1,Northeast,Region I,City,10859,23382,NJUCR0001,New Jersey State Police Uniform Crime Reporting Unit,Y,9,5,"Cities from 10,000 thru 24,999",5,"Cities from 10,000 thru 24,999",N,9,,Y,26,1,27,1,4,5,2.5,2.9,2021-01-01,2021-10-01,2022-03-01,2022-03-01,2022-03-01,2022-03-01,N,BERGEN,"New York-Newark-Jersey City, NY-NJ-PA",Y,Y,Y
121362022,12136,2022,NJ0023100,NJ0023100,,N,N,,I,LODI,LODI PD,Lodi,,A,35,New Jersey,NJ,NJ,2,Middle Atlantic,1,Northeast,Region I,City,25788,23382,NJUCR0001,New Jersey State Police Uniform Crime Reporting Unit,Y,8,4,"Cities from 25,000 thru 49,999",4,"Cities from 25,000 thru 49,999",N,8,,Y,44,0,44,4,1,5,1.9,1.9,2021-01-01,2021-01-01,2021-05-01,2021-05-01,2021-05-01,2021-05-01,N,BERGEN,"New York-Newark-Jersey City, NY-NJ-PA",Y,Y,Y
121372022,12137,2022,NJ0023200,NJ0023200,,N,N,,I,LYNDHURST TOWNSHIP,LYNDHURST TWP PD LYNDHURST,Lyndhurst Township,,A,35,New Jersey,NJ,NJ,2,Middle Atlantic,1,Northeast,Region I,City,22183,23382,NJUCR0001,New Jersey State Police Uniform Crime Reporting Unit,Y,9,5,"Cities from 10,000 thru 24,999",5,"Cities from 10,000 thru 24,999",N,9,,Y,52,0,52,2,3,5,2.4,2.6,2021-01-01,2021-01-01,2021-06-01,2021-06-01,2021-06-01,2021-06-01,N,BERGEN,"New York-Newark-Jersey City, NY-NJ-PA",Y,Y,Y
121392022,12139,2022,NJ0023400,NJ0023400,,N,N,,I,MAYWOOD,MAYWOOD PD,Maywood,,A,35,New Jersey,NJ,NJ,2,Middle Atlantic,1,Northeast,Region I,City,9966,23382,NJUCR0001,New Jersey State Police Uniform Crime Reporting Unit,Y,10,6,"Cities from 2,500 thru 9,999",6,"Cities from 2,500 thru 9,999",N,10,,Y,20,1,21,3,3,6,2.3,2.7,2021-01-01,2021-01-01,2022-04-01,2022-04-01,2022-04-01,2022-04-01,N,BERGEN,"New York-Newark-Jersey City, NY-NJ-PA",Y,Y,Y
121402022,12140,2022,NJ0023500,NJ0023500,,N,N,,I,MIDLAND PARK,MIDLAND PARK PD,Midland Park,,A,35,New Jersey,NJ,NJ,2,Middle Atlantic,1,Northeast,Region I,City,6930,23382,NJUCR0001,New Jersey State Police Uniform Crime Reporting Unit,Y,10,6,"Cities from 2,500 thru 9,999",6,"Cities from 2,500 thru 9,999",N,10,,Y,16,1,17,0,0,0,2.3,2.5,2021-01-01,2021-08-01,2021-09-01,2021-09-01,2021-09-01,2021-09-01,N,BERGEN,"New York-Newark-Jersey City, NY-NJ-PA",Y,Y,Y
121412022,12141,2022,NJ0023600,NJ0023600,,N,N,,I,MONTVALE,MONTVALE PD,Montvale,,A,35,New Jersey,NJ,NJ,2,Middle Atlantic,1,Northeast,Region I,City,8436,23382,NJUCR0001,New Jersey State Police Uniform Crime Reporting Unit,Y,10,6,"Cities from 2,500 thru 9,999",6,"Cities from 2,500 thru 9,999",N,10,,Y,27,0,27,1,2,3,3.3,3.6,2021-01-01,2021-01-01,2021-09-01,2021-09-01,2021-09-01,2021-09-01,N,BERGEN,"New York-Newark-Jersey City, NY-NJ-PA",Y,Y,Y
121432022,12143,2022,NJ0023800,NJ0023800,,N,N,,I,NEW MILFORD,NEW MILFORD PD,New Milford,,A,35,New Jersey,NJ,NJ,2,Middle Atlantic,1,Northeast,Region I,City,16897,23382,NJUCR0001,New Jersey State Police Uniform Crime Reporting Unit,Y,9,5,"Cities from 10,000 thru 24,999",5,"Cities from 10,000 thru 24,999",N,9,,Y,35,1,36,2,4,6,2.2,2.5,2021-01-01,2021-01-01,2022-04-01,2022-04-01,2022-04-01,2022-04-01,N,BERGEN,"New York-Newark-Jersey City, NY-NJ-PA",Y,Y,Y
121442022,12144,2022,NJ0023900,NJ0023900,,N,N,,I,NORTH ARLINGTON,NORTH ARLINGTON PD,North Arlington,,A,35,New Jersey,NJ,NJ,2,Middle Atlantic,1,Northeast,Region I,City,16259,23382,NJUCR0001,New Jersey State Police Uniform Crime Reporting Unit,Y,9,5,"Cities from 10,000 thru 24,999",5,"Cities from 10,000 thru 24,999",N,9,,Y,30,4,34,2,3,5,2.0,2.4,2021-01-01,2022-08-01,2022-10-01,2022-10-01,2022-10-01,2022-10-01,N,BERGEN,"New York-Newark-Jersey City, NY-NJ-PA",Y,Y,Y
121472022,12147,2022,NJ0024200,NJ0024200,,N,N,,I,OAKLAND,OAKLAND PD,Oakland,,A,35,New Jersey,NJ,NJ,2,Middle Atlantic,1,Northeast,Region I,City,12616,23382,NJUCR0001,New Jersey State Police Uniform Crime Reporting Unit,Y,9,5,"Cities from 10,000 thru 24,999",5,"Cities from 10,000 thru 24,999",N,9,,Y,25,3,28,2,3,5,2.1,2.6,2021-01-01,2021-12-01,2022-01-01,2022-01-01,2022-01-01,2022-01-01,N,BERGEN,"New York-Newark-Jersey City, NY-NJ-PA",Y,Y,Y
121482022,12148,2022,NJ0024300,NJ0024300,,N,N,,I,OLD TAPPAN,OLD TAPPAN PD,Old Tappan,,A,35,New Jersey,NJ,NJ,2,Middle Atlantic,1,Northeast,Region I,City,5799,23382,NJUCR0001,New Jersey State Police Uniform Crime Reporting Unit,Y,10,6,"Cities from 2,500 thru 9,999",6,"Cities from 2,500 thru 9,999",N,10,,Y,13,0,13,1,1,2,2.4,2.6,2021-01-01,2021-01-01,2022-04-01,2022-04-01,2022-04-01,2022-04-01,N,BERGEN,"New York-Newark-Jersey City, NY-NJ-PA",Y,Y,Y
121492022,12149,2022,NJ0024400,NJ0024400,,N,N,,I,ORADELL,ORADELL PD,Oradell,,A,35,New Jersey,NJ,NJ,2,Middle Atlantic,1,Northeast,Region I,City,8139,23382,NJUCR0001,New Jersey State Police Uniform Crime Reporting Unit,Y,10,6,"Cities from 2,500 thru 9,999",6,"Cities from 2,500 thru 9,999",N,10,,Y,22,0,22,0,1,1,2.7,2.8,2021-01-01,2021-01-01,2021-01-01,2022-03-01,2022-03-01,2022-03-01,N,BERGEN,"New York-Newark-Jersey City, NY-NJ-PA",Y,Y,Y
121512022,12151,2022,NJ0024600,NJ0024600,,N,N,,I,PARAMUS,PARAMUS PD,Paramus,,A,35,New Jersey,NJ,NJ,2,Middle Atlantic,1,Northeast,Region I,City,26242,23382,NJUCR0001,New Jersey State Police Uniform Crime Reporting Unit,Y,8,4,"Cities from 25,000 thru 49,999",4,"Cities from 25,000 thru 49,999",N,8,,Y,92,14,106,3,10,13,3.6,4.5,2021-01-01,2021-01-01,2022-01-01,2022-01-01,2022-01-01,2022-01-01,N,BERGEN,"New York-Newark-Jersey City, NY-NJ-PA",Y,Y,Y
121522022,12152,2022,NJ0024700,NJ0024700,,N,N,,I,PARK RIDGE,PARK RIDGE PD,Park Ridge,,A,35,New Jersey,NJ,NJ,2,Middle Atlantic,1,Northeast,Region I,City,10040,23382,NJUCR0001,New Jersey State Police Uniform Crime Reporting Unit,Y,9,5,"Cities from 10,000 thru 24,999",5,"Cities from 10,000 thru 24,999",N,9,,Y,21,21,42,2,1,3,2.3,4.5,2021-01-01,2021-01-01,2022-04-01,2022-04-01,2022-04-01,2022-04-01,N,BERGEN,"New York-Newark-Jersey City, NY-NJ-PA",Y,Y,Y
121552022,12155,2022,NJ0025000,NJ0025000,,N,N,,I,RIDGEFIELD PARK,RIDGEFIELD PARK PD,Ridgefield Park,,A,35,New Jersey,NJ,NJ,2,Middle Atlantic,1,Northeast,Region I,City,13067,23382,NJUCR0001,New Jersey State Police Uniform Crime Reporting Unit,Y,9,5,"Cities from 10,000 thru 24,999",5,"Cities from 10,000 thru 24,999",N,9,,Y,35,5,40,3,2,5,2.9,3.4,2021-01-01,2021-01-01,2021-01-01,2022-04-01,2022-04-01,2022-04-01,N,BERGEN,"New York-Newark-Jersey City, NY-NJ-PA",Y,Y,Y
121562022,12156,2022,NJ0025100,NJ0025100,,N,N,,I,RIDGEWOOD,RIDGEWOOD PD,Ridgewood,,A,35,New Jersey,NJ,NJ,2,Middle Atlantic,1,Northeast,Region I,City,26485,23382,NJUCR0001,New Jersey State Police Uniform Crime Reporting Unit,Y,8,4,"Cities from 25,000 thru 49,999",4,"Cities from 25,000 thru 49,999",N,8,,Y,46,2,48,2,3,5,1.8,2.0,2021-01-01,2021-01-01,2022-04-01,2022-04-01,2022-04-01,2022-04-01,N,BERGEN,"New York-Newark-Jersey City, NY-NJ-PA",Y,Y,Y
121572022,12157,2022,NJ0025200,NJ0025200,,N,N,,I,RIVER EDGE,RIVER EDGE PD,River Edge,,A,35,New Jersey,NJ,NJ,2,Middle Atlantic,1,Northeast,Region I,City,11950,23382,NJUCR0001,New Jersey State Police Uniform Crime Reporting Unit,Y,9,5,"Cities from 10,000 thru 24,999",5,"Cities from 10,000 thru 24,999",N,9,,Y,23,1,24,1,2,3,2.0,2.3,2021-01-01,2021-07-01,2021-08-01,2021-08-01,2021-08-01,2021-08-01,N,BERGEN,"New York-Newark-Jersey City, NY-NJ-PA",Y,Y,Y
121582022,12158,2022,NJ0025300,NJ0025300,,N,N,,I,RIVER VALE TOWNSHIP,RIVER VALE PD,River Vale Township,,A,35,New Jersey,NJ,NJ,2,Middle Atlantic,1,Northeast,Region I,City,9789,23382,NJUCR0001,New Jersey State Police Uniform Crime Reporting Unit,Y,10,6,"Cities from 2,500 thru 9,999",6,"Cities from 2,500 thru 9,999",N,10,,Y,23,0,23,1,1,2,2.5,2.6,2021-01-01,2021-01-01,2022-09-01,2022-09-01,2022-09-01,2022-09-01,N,BERGEN,"New York-Newark-Jersey City, NY-NJ-PA",Y,Y,Y
121592022,12159,2022,NJ0025400,NJ0025400,,N,N,,I,ROCHELLE PARK TOWNSHIP,ROCHELLE PARK PD,Rochelle Park Township,,A,35,New Jersey,NJ,NJ,2,Middle Atlantic,1,Northeast,Region I,City,5841,23382,NJUCR0001,New Jersey State Police Uniform Crime Reporting Unit,Y,10,6,"Cities from 2,500 thru 9,999",6,"Cities from 2,500 thru 9,999",N,10,,Y,23,4,27,0,0,0,3.9,4.6,2021-01-01,2021-01-01,2022-02-01,2022-02-01,2022-02-01,2022-02-01,N,BERGEN,"New York-Newark-Jersey City, NY-NJ-PA",Y,Y,Y
121612022,12161,2022,NJ0025600,NJ0025600,,N,N,,I,RUTHERFORD,RUTHERFORD PD,Rutherford,,A,35,New Jersey,NJ,NJ,2,Middle Atlantic,1,Northeast,Region I,City,18592,23382,NJUCR0001,New Jersey State Police Uniform Crime Reporting Unit,Y,9,5,"Cities from 10,000 thru 24,999",5,"Cities from 10,000 thru 24,999",N,9,,Y,38,0,38,3,2,5,2.2,2.3,2021-01-01,2021-01-01,2021-05-01,2021-05-01,2021-05-01,2021-05-01,N,BERGEN,"New York-Newark-Jersey City, NY-NJ-PA",Y,Y,Y
121632022,12163,2022,NJ0025800,NJ0025800,,N,N,,I,SADDLE RIVER,SADDLE RIVER PD,Saddle River,,A,35,New Jersey,NJ,NJ,2,Middle Atlantic,1,Northeast,Region I,City,3338,23382,NJUCR0001,New Jersey State Police Uniform Crime Reporting Unit,Y,10,6,"Cities from 2,500 thru 9,999",6,"Cities from 2,500 thru 9,999",N,10,,Y,17,5,22,2,0,2,5.7,7.2,2021-01-01,2021-01-01,2021-05-01,2021-05-01,2021-05-01,2021-05-01,N,BERGEN,"New York-Newark-Jersey City, NY-NJ-PA",Y,Y,Y
121642022,12164,2022,NJ0025900,NJ0025900,,N,N,,I,SOUTH HACKENSACK TOWNSHI,SOUTH HACKENSACK PD,South Hackensack Township,,A,35,New Jersey,NJ,NJ,2,Middle Atlantic,1,Northeast,Region I,City,2668,23382,NJUCR0001,New Jersey State Police Uniform Crime Reporting Unit,Y,10,6,"Cities from 2,500 thru 9,999",6,"Cities from 2,500 thru 9,999",N,10,,Y,19,1,20,1,0,1,7.5,7.9,2021-01-01,2022-01-01,2022-07-01,2022-07-01,2022-07-01,2022-07-01,N,BERGEN,"New York-Newark-Jersey City, NY-NJ-PA",Y,Y,Y
121652022,12165,2022,NJ0026000,NJ0026000,,N,N,,I,TEANECK TOWNSHIP,TEANECK TOWNSHIP PD,Teaneck Township,,A,35,New Jersey,NJ,NJ,2,Middle Atlantic,1,Northeast,Region I,City,42128,23382,NJUCR0001,New Jersey State Police Uniform Crime Reporting Unit,Y,8,4,"Cities from 25,000 thru 49,999",4,"Cities from 25,000 thru 49,999",N,8,,Y,83,6,89,9,10,19,2.2,2.6,2021-01-01,2021-01-01,2022-03-01,2022-03-01,2022-03-01,2022-03-01,N,BERGEN,"New York-Newark-Jersey City, NY-NJ-PA",Y,Y,Y
121692022,12169,2022,NJ0026400,NJ0026400,,N,N,,I,WALDWICK,WALDWICK PD,Waldwick,,A,35,New Jersey,NJ,NJ,2,Middle Atlantic,1,Northeast,Region I,City,10055,23382,NJUCR0001,New Jersey State Police Uniform Crime Reporting Unit,Y,9,5,"Cities from 10,000 thru 24,999",5,"Cities from 10,000 thru 24,999",N,9,,Y,21,4,25,0,1,1,2.1,2.6,2021-01-01,2021-03-01,2021-12-01,2021-12-01,2021-12-01,2021-12-01,N,BERGEN,"New York-Newark-Jersey City, NY-NJ-PA",Y,Y,Y
121702022,12170,2022,NJ0026500,NJ0026500,,N,N,,I,WALLINGTON,WALLINGTON PD,Wallington,,A,35,New Jersey,NJ,NJ,2,Middle Atlantic,1,Northeast,Region I,City,11749,23382,NJUCR0001,New Jersey State Police Uniform Crime Reporting Unit,Y,9,5,"Cities from 10,000 thru 24,999",5,"Cities from 10,000 thru 24,999",N,9,,Y,21,0,21,0,0,0,1.8,1.8,2021-01-01,2021-01-01,2022-02-01,2022-02-01,2022-02-01,2022-02-01,N,BERGEN,"New York-Newark-Jersey City, NY-NJ-PA",Y,Y,Y
121712022,12171,2022,NJ0026600,NJ0026600,,N,N,,I,WASHINGTON TOWNSHIP,WASHINGTON TWP PD WASHINGTON TWP,"Washington Township, Bergen County",,A,35,New Jersey,NJ,NJ,2,Middle Atlantic,1,Northeast,Region I,City,9225,23382,NJUCR0001,New Jersey State Police Uniform Crime Reporting Unit,Y,10,6,"Cities from 2,500 thru 9,999",6,"Cities from 2,500 thru 9,999",N,10,,Y,23,3,26,1,2,3,2.6,3.1,2021-01-01,2021-01-01,2022-01-01,2022-01-01,2022-01-01,2022-01-01,N,BERGEN,"New York-Newark-Jersey City, NY-NJ-PA",Y,Y,Y
121722022,12172,2022,NJ0026700,NJ0026700,,N,N,,I,WESTWOOD,WESTWOOD PD,Westwood,,A,35,New Jersey,NJ,NJ,2,Middle Atlantic,1,Northeast,Region I,City,11149,23382,NJUCR0001,New Jersey State Police Uniform Crime Reporting Unit,Y,9,5,"Cities from 10,000 thru 24,999",5,"Cities from 10,000 thru 24,999",N,9,,Y,27,2,29,1,3,4,2.5,3.0,2021-01-01,2021-01-01,2022-02-01,2022-02-01,2022-02-01,2022-02-01,N,BERGEN,"New York-Newark-Jersey City, NY-NJ-PA",Y,Y,Y
121732022,12173,2022,NJ0026800,NJ0026800,,N,N,,I,WOODCLIFF LAKE,WOODCLIFF LAKE PD,Woodcliff Lake,,A,35,New Jersey,NJ,NJ,2,Middle Atlantic,1,Northeast,Region I,City,6058,23382,NJUCR0001,New Jersey State Police Uniform Crime Reporting Unit,Y,10,6,"Cities from 2,500 thru 9,999",6,"Cities from 2,500 thru 9,999",N,10,,Y,19,0,19,1,1,2,3.3,3.5,2021-01-01,2021-01-01,2022-03-01,2022-03-01,2022-03-01,2022-03-01,N,BERGEN,"New York-Newark-Jersey City, NY-NJ-PA",Y,Y,Y
121742022,12174,2022,NJ0026900,NJ0026900,,N,N,,I,WOOD-RIDGE,WOOD-RIDGE PD,Wood-Ridge,,A,35,New Jersey,NJ,NJ,2,Middle Atlantic,1,Northeast,Region I,City,10057,23382,NJUCR0001,New Jersey State Police Uniform Crime Reporting Unit,Y,9,5,"Cities from 10,000 thru 24,999",5,"Cities from 10,000 thru 24,999",N,9,,Y,21,2,23,0,1,1,2.1,2.4,2021-01-01,2022-04-01,2022-05-01,2022-05-01,2022-05-01,2022-05-01,N,BERGEN,"New York-Newark-Jersey City, NY-NJ-PA",Y,Y,Y
121752022,12175,2022,NJ0027000,NJ0027000,,N,N,,I,WYCKOFF TOWNSHIP,WYCKOFF TWP PD WYCKOFF,Wyckoff Township,,A,35,New Jersey,NJ,NJ,2,Middle Atlantic,1,Northeast,Region I,City,17544,23382,NJUCR0001,New Jersey State Police Uniform Crime Reporting Unit,Y,9,5,"Cities from 10,000 thru 24,999",5,"Cities from 10,000 thru 24,999",N,9,,Y,25,0,25,1,1,2,1.5,1.5,2021-01-01,2021-01-01,2021-06-01,2021-06-01,2021-06-01,2021-06-01,N,BERGEN,"New York-Newark-Jersey City, NY-NJ-PA",Y,Y,Y
121832022,12183,2022,NJ0030300,NJ0030300,,N,N,,I,BORDENTOWN CITY,BORDENTOWN CITY PD,Bordentown City,,A,35,New Jersey,NJ,NJ,2,Middle Atlantic,1,Northeast,Region I,City,3990,23382,NJUCR0001,New Jersey State Police Uniform Crime Reporting Unit,Y,10,6,"Cities from 2,500 thru 9,999",6,"Cities from 2,500 thru 9,999",N,10,,Y,13,0,13,0,1,1,3.3,3.5,2021-01-01,2022-02-01,2022-08-01,2022-08-01,2022-08-01,2022-08-01,N,BURLINGTON,"Philadelphia-Camden-Wilmington, PA-NJ-DE-MD",Y,Y,Y
121842022,12184,2022,NJ0030400,NJ0030400,,N,N,,I,BORDENTOWN TOWNSHIP,BORDENTOWN TWP PD BORDENTOWN,Bordentown Township,,A,35,New Jersey,NJ,NJ,2,Middle Atlantic,1,Northeast,Region I,City,12095,23382,NJUCR0001,New Jersey State Police Uniform Crime Reporting Unit,Y,9,5,"Cities from 10,000 thru 24,999",5,"Cities from 10,000 thru 24,999",N,9,,Y,30,0,30,1,2,3,2.6,2.7,2021-01-01,2022-06-01,2022-12-01,2022-12-01,2022-12-01,2022-12-01,N,BURLINGTON,"Philadelphia-Camden-Wilmington, PA-NJ-DE-MD",Y,Y,Y
121852022,12185,2022,NJ0030500,NJ0030500,,N,N,,I,BURLINGTON CITY,BURLINGTON PD,Burlington City,,A,35,New Jersey,NJ,NJ,2,Middle Atlantic,1,Northeast,Region I,City,10202,23382,NJUCR0001,New Jersey State Police Uniform Crime Reporting Unit,Y,9,5,"Cities from 10,000 thru 24,999",5,"Cities from 10,000 thru 24,999",N,9,,Y,31,1,32,3,4,7,3.3,3.8,2021-01-01,2022-01-01,2022-08-01,2022-08-01,2022-08-01,2022-08-01,N,BURLINGTON,"Philadelphia-Camden-Wilmington, PA-NJ-DE-MD",Y,Y,Y
121862022,12186,2022,NJ0030600,NJ0030600,,N,N,,I,BURLINGTON TOWNSHIP,BURLINGTON TWP PD BURLINGTON,Burlington Township,,A,35,New Jersey,NJ,NJ,2,Middle Atlantic,1,Northeast,Region I,City,23927,23382,NJUCR0001,New Jersey State Police Uniform Crime Reporting Unit,Y,9,5,"Cities from 10,000 thru 24,999",5,"Cities from 10,000 thru 24,999",N,9,,Y,40,5,45,3,5,8,1.8,2.2,2021-01-01,2021-11-01,2022-04-01,2022-04-01,2022-04-01,2022-04-01,N,BURLINGTON,"Philadelphia-Camden-Wilmington, PA-NJ-DE-MD",Y,Y,Y
121882022,12188,2022,NJ0030800,NJ0030800,,N,N,,I,CINNAMINSON TOWNSHIP,CINNAMINSON TWP PD CINNAMINSON,Cinnaminson Township,,A,35,New Jersey,NJ,NJ,2,Middle Atlantic,1,Northeast,Region I,City,17302,23382,NJUCR0001,New Jersey State Police Uniform Crime Reporting Unit,Y,9,5,"Cities from 10,000 thru 24,999",5,"Cities from 10,000 thru 24,999",N,9,,Y,32,0,32,0,0,0,1.8,1.8,2021-01-01,2022-10-01,2022-12-01,2022-12-01,2022-12-01,2022-12-01,N,BURLINGTON,"Philadelphia-Camden-Wilmington, PA-NJ-DE-MD",Y,Y,Y
121902022,12190,2022,NJ0031000,NJ0031000,,N,N,,I,DELRAN TOWNSHIP,DELRAN TWP PD DELRAN,Delran Township,,A,35,New Jersey,NJ,NJ,2,Middle Atlantic,1,Northeast,Region I,City,17822,23382,NJUCR0001,New Jersey State Police Uniform Crime Reporting Unit,Y,9,5,"Cities from 10,000 thru 24,999",5,"Cities from 10,000 thru 24,999",N,9,,Y,27,0,27,1,4,5,1.6,1.8,2021-01-01,2022-01-01,2022-08-01,2022-08-01,2022-08-01,2022-08-01,N,BURLINGTON,"Philadelphia-Camden-Wilmington, PA-NJ-DE-MD",Y,Y,Y
121912022,12191,2022,NJ0031100,NJ0031100,,N,N,,I,EASTAMPTON TOWNSHIP,EASTAMPTON TWP POLICE DEPARTMENT,Eastampton Township,,A,35,New Jersey,NJ,NJ,2,Middle Atlantic,1,Northeast,Region I,City,6319,23382,NJUCR0001,New Jersey State Police Uniform Crime Reporting Unit,Y,10,6,"Cities from 2,500 thru 9,999",6,"Cities from 2,500 thru 9,999",N,10,,Y,17,0,17,3,1,4,3.2,3.3,2021-01-01,2022-01-01,2022-08-01,2022-08-01,2022-08-01,2022-08-01,N,BURLINGTON,"Philadelphia-Camden-Wilmington, PA-NJ-DE-MD",Y,Y,Y
121922022,12192,2022,NJ0031200,NJ0031200,,N,N,,I,EDGEWATER PARK TOWNSHIP,EDGEWATER PARK TWP PD BEVERLY,Edgewater Park Township,,A,35,New Jersey,NJ,NJ,2,Middle Atlantic,1,Northeast,Region I,City,8904,23382,NJUCR0001,New Jersey State Police Uniform Crime Reporting Unit,Y,10,6,"Cities from 2,500 thru 9,999",6,"Cities from 2,500 thru 9,999",N,10,,Y,16,0,16,0,2,2,1.8,2.0,2021-01-01,2022-07-01,2022-07-01,2022-07-01,2022-07-01,2022-07-01,N,BURLINGTON,"Philadelphia-Camden-Wilmington, PA-NJ-DE-MD",Y,Y,Y
121932022,12193,2022,NJ0031300,NJ0031300,,N,N,,I,EVESHAM TOWNSHIP,EVESHAM TWP PD MARLTON,Evesham Township,,A,35,New Jersey,NJ,NJ,2,Middle Atlantic,1,Northeast,Region I,City,49166,23382,NJUCR0001,New Jersey State Police Uniform Crime Reporting Unit,Y,8,4,"Cities from 25,000 thru 49,999",4,"Cities from 25,000 thru 49,999",N,8,,Y,68,2,70,10,7,17,1.6,1.8,2021-01-01,2021-12-01,2022-03-01,2022-03-01,2022-03-01,2022-03-01,N,BURLINGTON,"Philadelphia-Camden-Wilmington, PA-NJ-DE-MD",Y,Y,Y
121972022,12197,2022,NJ0031700,NJ0031700,,N,N,,I,WILLINGBORO TOWNSHIP,WILLINGBORO TWP PD WILLINGBORO,Willingboro Township,,A,35,New Jersey,NJ,NJ,2,Middle Atlantic,1,Northeast,Region I,City,31795,23382,NJUCR0001,New Jersey State Police Uniform Crime Reporting Unit,Y,8,4,"Cities from 25,000 thru 49,999",4,"Cities from 25,000 thru 49,999",N,8,,Y,49,1,50,9,8,17,1.8,2.1,2021-01-01,2022-02-01,2022-04-01,2022-04-01,2022-04-01,2022-04-01,N,BURLINGTON,"Philadelphia-Camden-Wilmington, PA-NJ-DE-MD",Y,Y,Y
121982022,12198,2022,NJ0031800,NJ0031800,,N,N,,I,LUMBERTON TOWNSHIP,LUMBERTON TWP PD LUMBERTON,Lumberton Township,,A,35,New Jersey,NJ,NJ,2,Middle Atlantic,1,Northeast,Region I,City,12764,23382,NJUCR0001,New Jersey State Police Uniform Crime Reporting Unit,Y,9,5,"Cities from 10,000 thru 24,999",5,"Cities from 10,000 thru 24,999",N,9,,Y,16,0,16,2,2,4,1.4,1.6,2021-01-01,2022-05-01,2022-12-01,2022-12-01,2022-12-01,2022-12-01,N,BURLINGTON,"Philadelphia-Camden-Wilmington, PA-NJ-DE-MD",Y,Y,Y
121992022,12199,2022,NJ0031900,NJ0031900,,N,N,,I,MANSFIELD TOWNSHIP,MANSFIELD TWP PD COLUMBUS,"Mansfield Township, Burlington County",,A,35,New Jersey,NJ,NJ,2,Middle Atlantic,1,Northeast,Region I,City,8868,23382,NJUCR0001,New Jersey State Police Uniform Crime Reporting Unit,Y,10,6,"Cities from 2,500 thru 9,999",6,"Cities from 2,500 thru 9,999",N,10,,Y,14,0,14,0,2,2,1.6,1.8,2021-01-01,2022-07-01,2022-08-01,2022-08-01,2022-08-01,2022-08-01,N,BURLINGTON,"Philadelphia-Camden-Wilmington, PA-NJ-DE-MD",Y,Y,Y
122002022,12200,2022,NJ0032000,NJ0032000,,N,N,,I,MAPLE SHADE TOWNSHIP,MAPLE SHADE TWP PD MAPLE SHADE,Maple Shade Township,,A,35,New Jersey,NJ,NJ,2,Middle Atlantic,1,Northeast,Region I,City,19911,23382,NJUCR0001,New Jersey State Police Uniform Crime Reporting Unit,Y,9,5,"Cities from 10,000 thru 24,999",5,"Cities from 10,000 thru 24,999",N,9,,Y,34,0,34,3,4,7,1.9,2.1,2021-01-01,2021-11-01,2022-03-01,2022-03-01,2022-03-01,2022-03-01,N,BURLINGTON,"Philadelphia-Camden-Wilmington, PA-NJ-DE-MD",Y,Y,Y
122012022,12201,2022,NJ0032100,NJ0032100,,N,N,,I,MEDFORD TOWNSHIP,MEDFORD TWP PD MEDFORD,Medford Township,,A,35,New Jersey,NJ,NJ,2,Middle Atlantic,1,Northeast,Region I,City,24447,23382,NJUCR0001,New Jersey State Police Uniform Crime Reporting Unit,Y,9,5,"Cities from 10,000 thru 24,999",5,"Cities from 10,000 thru 24,999",N,9,,Y,36,0,36,3,4,7,1.6,1.8,2021-01-01,2021-11-01,2021-12-01,2021-12-01,2021-12-01,2021-12-01,N,BURLINGTON,"Philadelphia-Camden-Wilmington, PA-NJ-DE-MD",Y,Y,Y
122022022,12202,2022,NJ0032200,NJ0032200,,N,N,,I,MEDFORD LAKES,MEDFORD LAKES BORO PD,Medford Lakes,,A,35,New Jersey,NJ,NJ,2,Middle Atlantic,1,Northeast,Region I,City,4257,23382,NJUCR0001,New Jersey State Police Uniform Crime Reporting Unit,Y,10,6,"Cities from 2,500 thru 9,999",6,"Cities from 2,500 thru 9,999",N,10,,Y,10,0,10,0,1,1,2.3,2.6,2021-01-01,2022-03-01,2022-08-01,2022-08-01,2022-08-01,2022-08-01,N,BURLINGTON,"Philadelphia-Camden-Wilmington, PA-NJ-DE-MD",Y,Y,Y
122032022,12203,2022,NJ0032300,NJ0032300,,N,N,,I,MOORESTOWN TOWNSHIP,MOORESTOWN TWP PD MOORESTOWN,Moorestown Township,,A,35,New Jersey,NJ,NJ,2,Middle Atlantic,1,Northeast,Region I,City,21420,23382,NJUCR0001,New Jersey State Police Uniform Crime Reporting Unit,Y,9,5,"Cities from 10,000 thru 24,999",5,"Cities from 10,000 thru 24,999",N,9,,Y,34,0,34,0,4,4,1.6,1.8,2021-01-01,2022-02-01,2022-04-01,2022-04-01,2022-04-01,2022-04-01,N,BURLINGTON,"Philadelphia-Camden-Wilmington, PA-NJ-DE-MD",Y,Y,Y
122042022,12204,2022,NJ0032400,NJ0032400,,N,N,,I,MOUNT HOLLY TOWNSHIP,MOUNT HOLLY TWP PD MOUNT HOLLY,Mount Holly Township,,A,35,New Jersey,NJ,NJ,2,Middle Atlantic,1,Northeast,Region I,City,9968,23382,NJUCR0001,New Jersey State Police Uniform Crime Reporting Unit,Y,10,6,"Cities from 2,500 thru 9,999",6,"Cities from 2,500 thru 9,999",N,10,,Y,21,0,21,2,3,5,2.3,2.6,2021-01-01,2022-07-01,2023-01-01,2023-01-01,2023-01-01,2023-01-01,N,BURLINGTON,"Philadelphia-Camden-Wilmington, PA-NJ-DE-MD",Y,Y,Y
122052022,12205,2022,NJ0032500,NJ0032500,,N,N,,I,MOUNT LAUREL TOWNSHIP,MOUNT LAUREL TWP PD MOUNT LAUREL,Mount Laurel Township,,A,35,New Jersey,NJ,NJ,2,Middle Atlantic,1,Northeast,Region I,City,46518,23382,NJUCR0001,New Jersey State Police Uniform Crime Reporting Unit,Y,8,4,"Cities from 25,000 thru 49,999",4,"Cities from 25,000 thru 49,999",N,8,,Y,73,1,74,3,6,9,1.6,1.8,2021-01-01,2022-02-01,2022-04-01,2022-04-01,2022-04-01,2022-04-01,N,BURLINGTON,"Philadelphia-Camden-Wilmington, PA-NJ-DE-MD",Y,Y,Y
122072022,12207,2022,NJ0032700,NJ0032700,,N,N,,I,NORTH HANOVER TOWNSHIP,NORTH HANOVER TWP PD WRIGHTSTOWN,North Hanover Township,,A,35,New Jersey,NJ,NJ,2,Middle Atlantic,1,Northeast,Region I,City,7925,23382,NJUCR0001,New Jersey State Police Uniform Crime Reporting Unit,Y,10,6,"Cities from 2,500 thru 9,999",6,"Cities from 2,500 thru 9,999",N,10,,Y,9,0,9,1,1,2,1.3,1.4,2021-01-01,2022-06-01,2022-12-01,2022-12-01,2022-12-01,2022-12-01,N,BURLINGTON,"Philadelphia-Camden-Wilmington, PA-NJ-DE-MD",Y,Y,Y
122082022,12208,2022,NJ0032800,NJ0032800,,N,N,,I,PALMYRA,PALMYRA BORO PD,Palmyra,,A,35,New Jersey,NJ,NJ,2,Middle Atlantic,1,Northeast,Region I,City,7418,23382,NJUCR0001,New Jersey State Police Uniform Crime Reporting Unit,Y,10,6,"Cities from 2,500 thru 9,999",6,"Cities from 2,500 thru 9,999",N,10,,Y,14,0,14,1,1,2,2.0,2.2,2021-01-01,2022-01-01,2022-09-01,2022-09-01,2022-09-01,2022-09-01,N,BURLINGTON,"Philadelphia-Camden-Wilmington, PA-NJ-DE-MD",Y,Y,Y
122092022,12209,2022,NJ0032900,NJ0032900,,N,N,,I,PEMBERTON BOROUGH,PEMBERTON PD,Pemberton Borough,,A,35,New Jersey,NJ,NJ,2,Middle Atlantic,1,Northeast,Region I,City,1363,23382,NJUCR0001,New Jersey State Police Uniform Crime Reporting Unit,Y,11,7,"Cities under 2,500",7,"Cities under 2,500",N,11,,Y,6,0,6,0,0,0,4.4,4.4,2021-01-01,2022-10-01,2023-01-01,2023-01-01,2023-01-01,2023-01-01,N,BURLINGTON,"Philadelphia-Camden-Wilmington, PA-NJ-DE-MD",Y,Y,Y
122102022,12210,2022,NJ0033000,NJ0033000,,N,N,,I,PEMBERTON TOWNSHIP,PEMBERTON TWP PD BROWNS MILLS,Pemberton Township,,A,35,New Jersey,NJ,NJ,2,Middle Atlantic,1,Northeast,Region I,City,26759,23382,NJUCR0001,New Jersey State Police Uniform Crime Reporting Unit,Y,8,4,"Cities from 25,000 thru 49,999",4,"Cities from 25,000 thru 49,999",N,8,,Y,40,1,41,6,4,10,1.7,1.9,2021-01-01,2022-04-01,2022-09-01,2022-09-01,2022-09-01,2022-09-01,N,BURLINGTON,"Philadelphia-Camden-Wilmington, PA-NJ-DE-MD",Y,Y,Y
122112022,12211,2022,NJ0033100,NJ0033100,,N,N,,I,RIVERSIDE TOWNSHIP,RIVERSIDE TWP PD RIVERSIDE,Riverside Township,,A,35,New Jersey,NJ,NJ,2,Middle Atlantic,1,Northeast,Region I,City,7975,23382,NJUCR0001,New Jersey State Police Uniform Crime Reporting Unit,Y,10,6,"Cities from 2,500 thru 9,999",6,"Cities from 2,500 thru 9,999",N,10,,Y,18,0,18,1,0,1,2.4,2.4,2021-01-01,2022-03-01,2022-08-01,2022-08-01,2022-08-01,2022-08-01,N,BURLINGTON,"Philadelphia-Camden-Wilmington, PA-NJ-DE-MD",Y,Y,Y
122122022,12212,2022,NJ0033200,NJ0033200,,N,N,,I,RIVERTON,RIVERTON BORO PD,Riverton,,A,35,New Jersey,NJ,NJ,2,Middle Atlantic,1,Northeast,Region I,City,2755,23382,NJUCR0001,New Jersey State Police Uniform Crime Reporting Unit,Y,10,6,"Cities from 2,500 thru 9,999",6,"Cities from 2,500 thru 9,999",N,10,,Y,6,0,6,0,0,0,2.2,2.2,2021-01-01,2022-03-01,2022-04-01,2022-04-01,2022-04-01,2022-04-01,N,BURLINGTON,"Philadelphia-Camden-Wilmington, PA-NJ-DE-MD",Y,Y,Y
122142022,12214,2022,NJ0033800,NJ0033800,,N,N,,I,WESTAMPTON TOWNSHIP,WESTAMPTON TWP POLICE DEPARTMENT,Westampton Township,,A,35,New Jersey,NJ,NJ,2,Middle Atlantic,1,Northeast,Region I,City,9099,23382,NJUCR0001,New Jersey State Police Uniform Crime Reporting Unit,Y,10,6,"Cities from 2,500 thru 9,999",6,"Cities from 2,500 thru 9,999",N,10,,Y,21,0,21,3,2,5,2.6,2.9,2021-01-01,2022-01-01,2022-09-01,2022-09-01,2022-09-01,2022-09-01,N,BURLINGTON,"Philadelphia-Camden-Wilmington, PA-NJ-DE-MD",Y,Y,Y
122202022,12220,2022,NJ0040000,NJ0040000,,N,N,,I,CAMDEN,CAMDEN CO SHERIFFS OFF CAMDEN,Camden,,A,35,New Jersey,NJ,NJ,2,Middle Atlantic,1,Northeast,Region I,County,0,23382,NJUCR0001,New Jersey State Police Uniform Crime Reporting Unit,Y,22,9D,"MSA counties under 10,000",9,MSA Counties,N,22,,Y,170,8,178,18,24,42,0,0,2021-01-01,2021-03-01,2021-06-01,2021-06-01,2021-06-01,2021-06-01,N,CAMDEN,"Philadelphia-Camden-Wilmington, PA-NJ-DE-MD",Y,Y,Y
122212022,12221,2022,NJ0040100,NJ0040100,,N,N,,I,AUDUBON,AUDUBON PD,Audubon,,A,35,New Jersey,NJ,NJ,2,Middle Atlantic,1,Northeast,Region I,City,8665,23382,NJUCR0001,New Jersey State Police Uniform Crime Reporting Unit,Y,10,6,"Cities from 2,500 thru 9,999",6,"Cities from 2,500 thru 9,999",N,10,,Y,15,0,15,2,1,3,2.0,2.1,2021-01-01,2021-04-01,2021-11-01,2021-11-01,2021-11-01,2021-11-01,N,CAMDEN,"Philadelphia-Camden-Wilmington, PA-NJ-DE-MD",Y,Y,Y
122222022,12222,2022,NJ0040200,NJ0040200,,N,N,,I,AUDUBON PARK,AUDUBON PARK PD AUDUBON,Audubon Park,,A,35,New Jersey,NJ,NJ,2,Middle Atlantic,1,Northeast,Region I,City,983,23382,NJUCR0001,New Jersey State Police Uniform Crime Reporting Unit,Y,11,7,"Cities under 2,500",7,"Cities under 2,500",N,11,,Y,21,1,22,3,0,3,24.4,25.4,2021-01-01,2022-03-01,2022-08-01,2022-08-01,2022-08-01,2022-08-01,N,CAMDEN,"Philadelphia-Camden-Wilmington, PA-NJ-DE-MD",Y,Y,Y
122232022,12223,2022,NJ0040300,NJ0040300,,N,N,,I,BARRINGTON,BARRINGTON PD,Barrington,,A,35,New Jersey,NJ,NJ,2,Middle Atlantic,1,Northeast,Region I,City,7013,23382,NJUCR0001,New Jersey State Police Uniform Crime Reporting Unit,Y,10,6,"Cities from 2,500 thru 9,999",6,"Cities from 2,500 thru 9,999",N,10,,Y,16,1,17,1,1,2,2.4,2.7,2021-01-01,2021-09-01,2021-10-01,2021-10-01,2021-10-01,2021-10-01,N,CAMDEN,"Philadelphia-Camden-Wilmington, PA-NJ-DE-MD",Y,Y,Y
122252022,12225,2022,NJ0040500,NJ0040500,,N,N,,I,BERLIN,BERLIN PD,Berlin,,A,35,New Jersey,NJ,NJ,2,Middle Atlantic,1,Northeast,Region I,City,7522,23382,NJUCR0001,New Jersey State Police Uniform Crime Reporting Unit,Y,10,6,"Cities from 2,500 thru 9,999",6,"Cities from 2,500 thru 9,999",N,10,,Y,19,0,19,1,1,2,2.7,2.8,2021-01-01,2021-05-01,2021-06-01,2021-06-01,2021-06-01,2021-06-01,N,CAMDEN,"Philadelphia-Camden-Wilmington, PA-NJ-DE-MD",Y,Y,Y
122262022,12226,2022,NJ0040600,NJ0040600,,N,N,,I,BERLIN TOWNSHIP,BERLIN TWP POLICE DEPARTMENT,Berlin Township,,A,35,New Jersey,NJ,NJ,2,Middle Atlantic,1,Northeast,Region I,City,5975,23382,NJUCR0001,New Jersey State Police Uniform Crime Reporting Unit,Y,10,6,"Cities from 2,500 thru 9,999",6,"Cities from 2,500 thru 9,999",N,10,,Y,18,0,18,1,1,2,3.2,3.3,2021-01-01,2022-01-01,2022-06-01,2022-06-01,2022-06-01,2022-06-01,N,CAMDEN,"Philadelphia-Camden-Wilmington, PA-NJ-DE-MD",Y,Y,Y
122272022,12227,2022,NJ0040700,NJ0040700,,N,N,,I,BROOKLAWN,BROOKLAWN PD,Brooklawn,,A,35,New Jersey,NJ,NJ,2,Middle Atlantic,1,Northeast,Region I,City,1802,23382,NJUCR0001,New Jersey State Police Uniform Crime Reporting Unit,Y,11,7,"Cities under 2,500",7,"Cities under 2,500",N,11,,Y,7,0,7,1,0,1,4.4,4.4,2021-01-01,2021-09-01,2022-02-01,2022-02-01,2022-02-01,2022-02-01,N,CAMDEN,"Philadelphia-Camden-Wilmington, PA-NJ-DE-MD",Y,Y,Y
122312022,12231,2022,NJ0041100,NJ0041100,,N,N,,I,COLLINGSWOOD,COLLINGSWOOD PD,Collingswood,,A,35,New Jersey,NJ,NJ,2,Middle Atlantic,1,Northeast,Region I,City,14108,23382,NJUCR0001,New Jersey State Police Uniform Crime Reporting Unit,Y,9,5,"Cities from 10,000 thru 24,999",5,"Cities from 10,000 thru 24,999",N,9,,Y,24,1,25,1,2,3,1.8,2.0,2021-01-01,2022-01-01,2022-05-01,2022-05-01,2022-05-01,2022-05-01,N,CAMDEN,"Philadelphia-Camden-Wilmington, PA-NJ-DE-MD",Y,Y,Y
122352022,12235,2022,NJ0041500,NJ0041500,,N,N,,I,GLOUCESTER TOWNSHIP,GLOUCESTER TWP PD BLACKWOOD,Gloucester Township,,A,35,New Jersey,NJ,NJ,2,Middle Atlantic,1,Northeast,Region I,City,65848,23382,NJUCR0001,New Jersey State Police Uniform Crime Reporting Unit,N,7,3,"Cities from 50,000 thru 99,999",3,"Cities from 50,000 thru 99,999",N,7,,Y,131,5,136,5,22,27,2.1,2.5,2021-01-01,2021-01-01,2022-01-01,2022-01-01,2022-01-01,2022-01-01,N,CAMDEN,"Philadelphia-Camden-Wilmington, PA-NJ-DE-MD",Y,Y,Y
122362022,12236,2022,NJ0041600,NJ0041600,,N,N,,I,HADDON TOWNSHIP,HADDON TWP PD WESTMONT,Haddon Township,,A,35,New Jersey,NJ,NJ,2,Middle Atlantic,1,Northeast,Region I,City,15358,23382,NJUCR0001,New Jersey State Police Uniform Crime Reporting Unit,Y,9,5,"Cities from 10,000 thru 24,999",5,"Cities from 10,000 thru 24,999",N,9,,Y,21,1,22,3,0,3,1.6,1.6,2021-01-01,2022-01-01,2022-03-01,2022-03-01,2022-03-01,2022-03-01,N,CAMDEN,"Philadelphia-Camden-Wilmington, PA-NJ-DE-MD",Y,Y,Y
122372022,12237,2022,NJ0041700,NJ0041700,,N,N,,I,HADDONFIELD,HADDONFIELD PD,Haddonfield,,A,35,New Jersey,NJ,NJ,2,Middle Atlantic,1,Northeast,Region I,City,12467,23382,NJUCR0001,New Jersey State Police Uniform Crime Reporting Unit,Y,9,5,"Cities from 10,000 thru 24,999",5,"Cities from 10,000 thru 24,999",N,9,,Y,15,0,15,5,1,6,1.6,1.7,2021-01-01,2021-10-01,2022-01-01,2022-01-01,2022-01-01,2022-01-01,N,CAMDEN,"Philadelphia-Camden-Wilmington, PA-NJ-DE-MD",Y,Y,Y
122382022,12238,2022,NJ0041800,NJ0041800,,N,N,,I,HADDON HEIGHTS,HADDON HEIGHTS PD,Haddon Heights,,A,35,New Jersey,NJ,NJ,2,Middle Atlantic,1,Northeast,Region I,City,7461,23382,NJUCR0001,New Jersey State Police Uniform Crime Reporting Unit,Y,10,6,"Cities from 2,500 thru 9,999",6,"Cities from 2,500 thru 9,999",N,10,,Y,14,0,14,1,1,2,2.0,2.1,2021-01-01,2022-01-01,2022-02-01,2022-02-01,2022-02-01,2022-02-01,N,CAMDEN,"Philadelphia-Camden-Wilmington, PA-NJ-DE-MD",Y,Y,Y
122412022,12241,2022,NJ0042100,NJ0042100,,N,N,,I,LAWNSIDE,LAWNSIDE PD,Lawnside,,A,35,New Jersey,NJ,NJ,2,Middle Atlantic,1,Northeast,Region I,City,3343,23382,NJUCR0001,New Jersey State Police Uniform Crime Reporting Unit,Y,10,6,"Cities from 2,500 thru 9,999",6,"Cities from 2,500 thru 9,999",N,10,,Y,10,1,11,1,0,1,3.3,3.6,2021-01-01,2022-01-01,2022-09-01,2022-09-01,2022-09-01,2022-09-01,N,CAMDEN,"Philadelphia-Camden-Wilmington, PA-NJ-DE-MD",Y,Y,Y
122422022,12242,2022,NJ0042200,NJ0042200,,N,N,,I,LINDENWOLD,LINDENWOLD PD,Lindenwold,,A,35,New Jersey,NJ,NJ,2,Middle Atlantic,1,Northeast,Region I,City,21524,23382,NJUCR0001,New Jersey State Police Uniform Crime Reporting Unit,Y,9,5,"Cities from 10,000 thru 24,999",5,"Cities from 10,000 thru 24,999",N,9,,Y,40,0,40,3,3,6,2.0,2.1,2021-01-01,2022-01-01,2022-03-01,2022-03-01,2022-03-01,2022-03-01,N,CAMDEN,"Philadelphia-Camden-Wilmington, PA-NJ-DE-MD",Y,Y,Y
122432022,12243,2022,NJ0042300,NJ0042300,,N,N,,I,MAGNOLIA,MAGNOLIA PD,Magnolia,,A,35,New Jersey,NJ,NJ,2,Middle Atlantic,1,Northeast,Region I,City,4325,23382,NJUCR0001,New Jersey State Police Uniform Crime Reporting Unit,Y,10,6,"Cities from 2,500 thru 9,999",6,"Cities from 2,500 thru 9,999",N,10,,Y,16,0,16,0,0,0,3.7,3.7,2021-01-01,2022-02-01,2022-03-01,2022-03-01,2022-03-01,2022-03-01,N,CAMDEN,"Philadelphia-Camden-Wilmington, PA-NJ-DE-MD",Y,Y,Y
122442022,12244,2022,NJ0042400,NJ0042400,,N,N,,I,MERCHANTVILLE,MERCHANTVILLE PD,Merchantville,,A,35,New Jersey,NJ,NJ,2,Middle Atlantic,1,Northeast,Region I,City,3799,23382,NJUCR0001,New Jersey State Police Uniform Crime Reporting Unit,Y,10,6,"Cities from 2,500 thru 9,999",6,"Cities from 2,500 thru 9,999",N,10,,Y,13,2,15,0,1,1,3.4,4.2,2021-01-01,2022-07-01,2022-07-01,2022-07-01,2022-07-01,2022-07-01,N,CAMDEN,"Philadelphia-Camden-Wilmington, PA-NJ-DE-MD",Y,Y,Y
122452022,12245,2022,NJ0042500,NJ0042500,,N,N,,I,MOUNT EPHRAIM,MOUNT EPHRAIM PD,Mount Ephraim,,A,35,New Jersey,NJ,NJ,2,Middle Atlantic,1,Northeast,Region I,City,4615,23382,NJUCR0001,New Jersey State Police Uniform Crime Reporting Unit,Y,10,6,"Cities from 2,500 thru 9,999",6,"Cities from 2,500 thru 9,999",N,10,,Y,12,0,12,1,1,2,2.8,3.0,2021-01-01,2021-05-01,2021-09-01,2021-09-01,2021-09-01,2021-09-01,N,CAMDEN,"Philadelphia-Camden-Wilmington, PA-NJ-DE-MD",Y,Y,Y
122472022,12247,2022,NJ0042700,NJ0042700,,N,N,,I,PENNSAUKEN TOWNSHIP,PENNSAUKEN TWP PD PENNSAUKEN,Pennsauken Township,,A,35,New Jersey,NJ,NJ,2,Middle Atlantic,1,Northeast,Region I,City,37198,23382,NJUCR0001,New Jersey State Police Uniform Crime Reporting Unit,Y,8,4,"Cities from 25,000 thru 49,999",4,"Cities from 25,000 thru 49,999",N,8,,Y,72,1,73,13,3,16,2.3,2.4,2021-01-01,2021-06-01,2021-08-01,2021-08-01,2021-08-01,2021-08-01,N,CAMDEN,"Philadelphia-Camden-Wilmington, PA-NJ-DE-MD",Y,Y,Y
122482022,12248,2022,NJ0042800,NJ0042800,,N,N,,I,PINE HILL,PINE HILL PD,Pine Hill,,A,35,New Jersey,NJ,NJ,2,Middle Atlantic,1,Northeast,Region I,City,10689,23382,NJUCR0001,New Jersey State Police Uniform Crime Reporting Unit,Y,9,5,"Cities from 10,000 thru 24,999",5,"Cities from 10,000 thru 24,999",N,9,,Y,24,0,24,0,2,2,2.2,2.4,2021-01-01,2022-08-01,2022-09-01,2022-09-01,2022-09-01,2022-09-01,N,CAMDEN,"Philadelphia-Camden-Wilmington, PA-NJ-DE-MD",Y,Y,Y
122502022,12250,2022,NJ0043000,NJ0043000,,N,N,,I,RUNNEMEDE,RUNNEMEDE PD,Runnemede,,A,35,New Jersey,NJ,NJ,2,Middle Atlantic,1,Northeast,Region I,City,8283,23382,NJUCR0001,New Jersey State Police Uniform Crime Reporting Unit,Y,10,6,"Cities from 2,500 thru 9,999",6,"Cities from 2,500 thru 9,999",N,10,,Y,17,0,17,0,1,1,2.1,2.2,2021-01-01,2022-01-01,2022-04-01,2022-04-01,2022-04-01,2022-04-01,N,CAMDEN,"Philadelphia-Camden-Wilmington, PA-NJ-DE-MD",Y,Y,Y
122512022,12251,2022,NJ0043100,NJ0043100,,N,N,,I,SOMERDALE,SOMERDALE PD,Somerdale,,A,35,New Jersey,NJ,NJ,2,Middle Atlantic,1,Northeast,Region I,City,5531,23382,NJUCR0001,New Jersey State Police Uniform Crime Reporting Unit,Y,10,6,"Cities from 2,500 thru 9,999",6,"Cities from 2,500 thru 9,999",N,10,,Y,18,0,18,0,1,1,3.3,3.4,2021-01-01,2022-01-01,2022-04-01,2022-04-01,2022-04-01,2022-04-01,N,CAMDEN,"Philadelphia-Camden-Wilmington, PA-NJ-DE-MD",Y,Y,Y
122522022,12252,2022,NJ0043200,NJ0043200,,N,N,,I,STRATFORD,STRATFORD PD,Stratford,,A,35,New Jersey,NJ,NJ,2,Middle Atlantic,1,Northeast,Region I,City,6954,23382,NJUCR0001,New Jersey State Police Uniform Crime Reporting Unit,Y,10,6,"Cities from 2,500 thru 9,999",6,"Cities from 2,500 thru 9,999",N,10,,Y,15,0,15,0,0,0,2.2,2.2,2021-01-01,2021-01-01,2022-01-01,2022-01-01,2022-01-01,2022-01-01,N,CAMDEN,"Philadelphia-Camden-Wilmington, PA-NJ-DE-MD",Y,Y,Y
122532022,12253,2022,NJ0043300,NJ0043300,,N,N,,I,TAVISTOCK,TAVISTOCK PD HADDONFIELD,Tavistock,,A,35,New Jersey,NJ,NJ,2,Middle Atlantic,1,Northeast,Region I,City,7,23382,NJUCR0001,New Jersey State Police Uniform Crime Reporting Unit,Y,11,7,"Cities under 2,500",7,"Cities under 2,500",N,11,,N,,,,,,,,,2021-01-01,2021-10-01,2022-08-01,2022-08-01,2022-08-01,2022-08-01,N,CAMDEN,"Philadelphia-Camden-Wilmington, PA-NJ-DE-MD",Y,Y,Y
122542022,12254,2022,NJ0043400,NJ0043400,,N,N,,I,VOORHEES TOWNSHIP,VOORHEES TWP POLICE DEPARTMENT,Voorhees Township,,A,35,New Jersey,NJ,NJ,2,Middle Atlantic,1,Northeast,Region I,City,31090,23382,NJUCR0001,New Jersey State Police Uniform Crime Reporting Unit,Y,8,4,"Cities from 25,000 thru 49,999",4,"Cities from 25,000 thru 49,999",N,8,,Y,53,3,56,2,7,9,1.8,2.1,2021-01-01,2022-01-01,2022-06-01,2022-06-01,2022-06-01,2022-06-01,N,CAMDEN,"Philadelphia-Camden-Wilmington, PA-NJ-DE-MD",Y,Y,Y
122552022,12255,2022,NJ0043500,NJ0043500,,N,N,,I,WATERFORD TOWNSHIP,WATERFORD TWP PD ATCO,Waterford Township,,A,35,New Jersey,NJ,NJ,2,Middle Atlantic,1,Northeast,Region I,City,10393,23382,NJUCR0001,New Jersey State Police Uniform Crime Reporting Unit,Y,9,5,"Cities from 10,000 thru 24,999",5,"Cities from 10,000 thru 24,999",N,9,,Y,25,0,25,1,1,2,2.5,2.6,2021-01-01,2022-01-01,2022-02-01,2022-02-01,2022-02-01,2022-02-01,N,CAMDEN,"Philadelphia-Camden-Wilmington, PA-NJ-DE-MD",Y,Y,Y
122582022,12258,2022,NJ0043900,NJ0043900,,N,N,,I,RUTGERS UN: CAMDEN,RUTGERS UNIVERSITY POLICE DEPT CAMDEN,Rutgers University:,Camden,A,35,New Jersey,NJ,NJ,2,Middle Atlantic,1,Northeast,Region I,University or College,0,23382,NJUCR0001,New Jersey State Police Uniform Crime Reporting Unit,Y,11,7,"Cities under 2,500",7,"Cities under 2,500",N,11,,Y,15,26,41,2,11,13,0,0,2021-01-01,2021-01-01,2021-08-01,2021-08-01,2021-08-01,2021-08-01,N,CAMDEN,"Philadelphia-Camden-Wilmington, PA-NJ-DE-MD",Y,Y,Y
122662022,12266,2022,NJ0050200,NJ0050200,,N,N,,I,CAPE MAY,CAPE MAY PD,Cape May,,A,35,New Jersey,NJ,NJ,2,Middle Atlantic,1,Northeast,Region I,City,2845,23382,NJUCR0001,New Jersey State Police Uniform Crime Reporting Unit,Y,10,6,"Cities from 2,500 thru 9,999",6,"Cities from 2,500 thru 9,999",N,10,,Y,22,0,22,2,2,4,8.4,9.1,2021-01-01,2022-01-01,2022-09-01,2022-09-01,2022-09-01,2022-09-01,N,CAPE MAY,"Ocean City, NJ",Y,Y,Y
122672022,12267,2022,NJ0050300,NJ0050300,,N,N,,I,CAPE MAY POINT,CAPE MAY POINT PD,Cape May Point,,A,35,New Jersey,NJ,NJ,2,Middle Atlantic,1,Northeast,Region I,City,301,23382,NJUCR0001,New Jersey State Police Uniform Crime Reporting Unit,Y,11,7,"Cities under 2,500",7,"Cities under 2,500",N,11,,N,0,0,0,0,0,0,0.0,0.0,2021-01-01,2022-12-01,2023-01-01,2023-01-01,2023-01-01,2023-01-01,N,CAPE MAY,"Ocean City, NJ",Y,Y,Y
122682022,12268,2022,NJ0050500,NJ0050500,,N,N,,I,LOWER TOWNSHIP,LOWER TWP PD CAPE MAY,Lower Township,,A,35,New Jersey,NJ,NJ,2,Middle Atlantic,1,Northeast,Region I,City,22238,23382,NJUCR0001,New Jersey State Police Uniform Crime Reporting Unit,Y,9,5,"Cities from 10,000 thru 24,999",5,"Cities from 10,000 thru 24,999",N,9,,Y,47,0,47,2,6,8,2.2,2.5,2021-01-01,2021-11-01,2022-04-01,2022-04-01,2022-04-01,2022-04-01,N,CAPE MAY,"Ocean City, NJ",Y,Y,Y
122692022,12269,2022,NJ0050600,NJ0050600,,N,N,,I,MIDDLE TOWNSHIP,MIDDLE TWP PD CAPE MAY COURT HOUSE,Middle Township,,A,35,New Jersey,NJ,NJ,2,Middle Atlantic,1,Northeast,Region I,City,20845,23382,NJUCR0001,New Jersey State Police Uniform Crime Reporting Unit,Y,9,5,"Cities from 10,000 thru 24,999",5,"Cities from 10,000 thru 24,999",N,9,,Y,49,1,50,5,5,10,2.6,2.9,2021-01-01,2021-03-01,2021-07-01,2021-07-01,2021-07-01,2021-07-01,N,CAPE MAY,"Ocean City, NJ",Y,Y,Y
122702022,12270,2022,NJ0050700,NJ0050700,,N,N,,I,NORTH WILDWOOD,NORTH WILDWOOD PD,North Wildwood,,A,35,New Jersey,NJ,NJ,2,Middle Atlantic,1,Northeast,Region I,City,3602,23382,NJUCR0001,New Jersey State Police Uniform Crime Reporting Unit,Y,10,6,"Cities from 2,500 thru 9,999",6,"Cities from 2,500 thru 9,999",N,10,,Y,24,2,26,4,7,11,7.8,10.3,2021-01-01,2021-01-01,2021-05-01,2021-05-01,2021-05-01,2021-05-01,N,CAPE MAY,"Ocean City, NJ",Y,Y,Y
122722022,12272,2022,NJ0050900,NJ0050900,,N,N,,I,SEA ISLE CITY,SEA ISLE CITY PD,Sea Isle City,,A,35,New Jersey,NJ,NJ,2,Middle Atlantic,1,Northeast,Region I,City,2135,23382,NJUCR0001,New Jersey State Police Uniform Crime Reporting Unit,Y,11,7,"Cities under 2,500",7,"Cities under 2,500",N,11,,Y,21,6,27,1,3,4,10.3,14.5,2021-01-01,2021-11-01,2022-05-01,2022-05-01,2022-05-01,2022-05-01,N,CAPE MAY,"Ocean City, NJ",Y,Y,Y
122742022,12274,2022,NJ0051200,NJ0051200,,N,N,,I,WEST CAPE MAY,WEST CAPE MAY PD CAPE MAY,West Cape May,,A,35,New Jersey,NJ,NJ,2,Middle Atlantic,1,Northeast,Region I,City,995,23382,NJUCR0001,New Jersey State Police Uniform Crime Reporting Unit,Y,11,7,"Cities under 2,500",7,"Cities under 2,500",N,11,,N,0,0,0,0,0,0,0.0,0.0,2021-01-01,2022-12-01,2023-01-01,2023-01-01,2023-01-01,2023-01-01,N,CAPE MAY,"Ocean City, NJ",Y,Y,Y
122752022,12275,2022,NJ0051300,NJ0051300,,N,N,,I,WEST WILDWOOD,WEST WILDWOOD PD WILDWOOD,West Wildwood,,A,35,New Jersey,NJ,NJ,2,Middle Atlantic,1,Northeast,Region I,City,541,23382,NJUCR0001,New Jersey State Police Uniform Crime Reporting Unit,Y,11,7,"Cities under 2,500",7,"Cities under 2,500",N,11,,Y,6,0,6,1,0,1,12.9,12.9,2021-01-01,2021-09-01,2021-12-01,2021-12-01,2021-12-01,2021-12-01,N,CAPE MAY,"Ocean City, NJ",Y,Y,Y
122772022,12277,2022,NJ0051500,NJ0051500,,N,N,,I,WILDWOOD CREST,WILDWOOD CREST PD,Wildwood Crest,,A,35,New Jersey,NJ,NJ,2,Middle Atlantic,1,Northeast,Region I,City,3079,23382,NJUCR0001,New Jersey State Police Uniform Crime Reporting Unit,Y,10,6,"Cities from 2,500 thru 9,999",6,"Cities from 2,500 thru 9,999",N,10,,Y,27,2,29,2,1,3,9.4,10.4,2021-01-01,2022-01-01,2022-03-01,2022-03-01,2022-03-01,2022-03-01,N,CAPE MAY,"Ocean City, NJ",Y,Y,Y
122832022,12283,2022,NJ0060100,NJ0060100,,N,N,,I,BRIDGETON,BRIDGETON PD,Bridgeton,,A,35,New Jersey,NJ,NJ,2,Middle Atlantic,1,Northeast,Region I,City,26524,23382,NJUCR0001,New Jersey State Police Uniform Crime Reporting Unit,N,8,4,"Cities from 25,000 thru 49,999",4,"Cities from 25,000 thru 49,999",N,8,,Y,57,3,60,7,8,15,2.4,2.8,2021-01-01,2022-01-01,2022-04-01,2022-04-01,2022-04-01,2022-04-01,N,CUMBERLAND,"Vineland-Bridgeton, NJ",Y,Y,Y
122872022,12287,2022,NJ0061000,NJ0061000,,N,N,,I,MILLVILLE,MILLVILLE PD,Millville,,A,35,New Jersey,NJ,NJ,2,Middle Atlantic,1,Northeast,Region I,City,27550,23382,NJUCR0001,New Jersey State Police Uniform Crime Reporting Unit,Y,8,4,"Cities from 25,000 thru 49,999",4,"Cities from 25,000 thru 49,999",N,8,,Y,76,9,85,4,6,10,2.9,3.4,2021-01-01,2021-01-01,2021-09-01,2021-09-01,2021-09-01,2021-09-01,N,CUMBERLAND,"Vineland-Bridgeton, NJ",Y,Y,Y
122892022,12289,2022,NJ0061400,NJ0061400,,N,N,,I,VINELAND,VINELAND PD,Vineland,,A,35,New Jersey,NJ,NJ,2,Middle Atlantic,1,Northeast,Region I,City,61110,23382,NJUCR0001,New Jersey State Police Uniform Crime Reporting Unit,N,7,3,"Cities from 50,000 thru 99,999",3,"Cities from 50,000 thru 99,999",N,7,,Y,128,4,132,13,24,37,2.3,2.8,2021-01-01,2021-06-01,2022-04-01,2022-04-01,2022-04-01,2022-04-01,N,CUMBERLAND,"Vineland-Bridgeton, NJ",Y,Y,Y
122942022,12294,2022,NJ0070100,NJ0070100,,N,N,,I,BELLEVILLE,BELLEVILLE PD,Belleville,,A,35,New Jersey,NJ,NJ,2,Middle Atlantic,1,Northeast,Region I,City,37348,23382,NJUCR0001,New Jersey State Police Uniform Crime Reporting Unit,Y,8,4,"Cities from 25,000 thru 49,999",4,"Cities from 25,000 thru 49,999",N,8,,Y,95,1,96,7,5,12,2.7,2.9,2021-01-01,2021-01-01,2022-01-01,2022-01-01,2022-01-01,2022-01-01,N,ESSEX,"New York-Newark-Jersey City, NY-NJ-PA",Y,Y,Y
122952022,12295,2022,NJ0070200,NJ0070200,,N,N,,I,BLOOMFIELD,BLOOMFIELD PD,Bloomfield,,A,35,New Jersey,NJ,NJ,2,Middle Atlantic,1,Northeast,Region I,City,52663,23382,NJUCR0001,New Jersey State Police Uniform Crime Reporting Unit,N,7,3,"Cities from 50,000 thru 99,999",3,"Cities from 50,000 thru 99,999",N,7,,Y,113,9,122,10,14,24,2.3,2.8,2021-01-01,2021-01-01,2021-04-01,2021-04-01,2021-04-01,2021-04-01,N,ESSEX,"New York-Newark-Jersey City, NY-NJ-PA",Y,Y,Y
122962022,12296,2022,NJ0070300,NJ0070300,,N,N,,I,CALDWELL,CALDWELL PD,Caldwell,,A,35,New Jersey,NJ,NJ,2,Middle Atlantic,1,Northeast,Region I,City,8734,23382,NJUCR0001,New Jersey State Police Uniform Crime Reporting Unit,Y,10,6,"Cities from 2,500 thru 9,999",6,"Cities from 2,500 thru 9,999",N,10,,Y,18,0,18,2,1,3,2.3,2.4,2021-01-01,2021-02-01,2021-11-01,2021-11-01,2021-11-01,2021-11-01,N,ESSEX,"New York-Newark-Jersey City, NY-NJ-PA",Y,Y,Y
122972022,12297,2022,NJ0070400,NJ0070400,,N,N,,I,FAIRFIELD TOWNSHIP,FAIRFIELD PD,"Fairfield Township, Essex County",,A,35,New Jersey,NJ,NJ,2,Middle Atlantic,1,Northeast,Region I,City,7777,23382,NJUCR0001,New Jersey State Police Uniform Crime Reporting Unit,Y,10,6,"Cities from 2,500 thru 9,999",6,"Cities from 2,500 thru 9,999",N,10,,Y,41,2,43,2,1,3,5.5,5.9,2021-01-01,2021-01-01,2021-06-01,2021-06-01,2021-06-01,2021-06-01,N,ESSEX,"New York-Newark-Jersey City, NY-NJ-PA",Y,Y,Y
122982022,12298,2022,NJ0070500,NJ0070500,,N,N,,I,CEDAR GROVE TOWNSHIP,CEDAR GROVE TWP PD CEDAR GROVE,Cedar Grove Township,,A,35,New Jersey,NJ,NJ,2,Middle Atlantic,1,Northeast,Region I,City,13822,23382,NJUCR0001,New Jersey State Police Uniform Crime Reporting Unit,Y,9,5,"Cities from 10,000 thru 24,999",5,"Cities from 10,000 thru 24,999",N,9,,Y,28,0,28,3,1,4,2.2,2.3,2021-01-01,2021-01-01,2022-12-01,2022-12-01,2022-12-01,2022-12-01,N,ESSEX,"New York-Newark-Jersey City, NY-NJ-PA",Y,Y,Y
122992022,12299,2022,NJ0070600,NJ0070600,,N,N,,I,EAST ORANGE,EAST ORANGE PD,East Orange,,A,35,New Jersey,NJ,NJ,2,Middle Atlantic,1,Northeast,Region I,City,68279,23382,NJUCR0001,New Jersey State Police Uniform Crime Reporting Unit,N,7,3,"Cities from 50,000 thru 99,999",3,"Cities from 50,000 thru 99,999",N,7,,Y,146,17,163,51,45,96,2.9,3.8,2021-01-01,2022-06-01,2022-09-01,2022-09-01,2022-09-01,2022-09-01,N,ESSEX,"New York-Newark-Jersey City, NY-NJ-PA",Y,Y,Y
123012022,12301,2022,NJ0070800,NJ0070800,,N,N,,I,GLEN RIDGE,GLEN RIDGE PD,Glen Ridge,,A,35,New Jersey,NJ,NJ,2,Middle Atlantic,1,Northeast,Region I,City,7620,23382,NJUCR0001,New Jersey State Police Uniform Crime Reporting Unit,Y,10,6,"Cities from 2,500 thru 9,999",6,"Cities from 2,500 thru 9,999",N,10,,Y,20,3,23,3,2,5,3.0,3.7,2021-01-01,2021-05-01,2021-06-01,2021-06-01,2021-06-01,2021-06-01,N,ESSEX,"New York-Newark-Jersey City, NY-NJ-PA",Y,Y,Y
123022022,12302,2022,NJ0070900,NJ0070900,,N,N,,I,IRVINGTON,IRVINGTON PD,Irvington,,A,35,New Jersey,NJ,NJ,2,Middle Atlantic,1,Northeast,Region I,City,59726,23382,NJUCR0001,New Jersey State Police Uniform Crime Reporting Unit,N,7,3,"Cities from 50,000 thru 99,999",3,"Cities from 50,000 thru 99,999",N,7,,Y,99,21,120,44,33,77,2.4,3.3,2021-01-01,2022-01-01,2022-07-01,2022-07-01,2022-07-01,2022-07-01,N,ESSEX,"New York-Newark-Jersey City, NY-NJ-PA",Y,Y,Y
123032022,12303,2022,NJ0071000,NJ0071000,,N,N,,I,LIVINGSTON TOWNSHIP,LIVINGSTON TWP PD LIVINGSTON,Livingston Township,,A,35,New Jersey,NJ,NJ,2,Middle Atlantic,1,Northeast,Region I,City,30844,23382,NJUCR0001,New Jersey State Police Uniform Crime Reporting Unit,Y,8,4,"Cities from 25,000 thru 49,999",4,"Cities from 25,000 thru 49,999",N,8,,Y,65,5,70,7,5,12,2.3,2.7,2021-01-01,2021-11-01,2022-05-01,2022-05-01,2022-05-01,2022-05-01,N,ESSEX,"New York-Newark-Jersey City, NY-NJ-PA",Y,Y,Y
123042022,12304,2022,NJ0071100,NJ0071100,,N,N,,I,MAPLEWOOD TOWNSHIP,MAPLEWOOD TWP PD MAPLEWOOD,Maplewood Township,,A,35,New Jersey,NJ,NJ,2,Middle Atlantic,1,Northeast,Region I,City,25088,23382,NJUCR0001,New Jersey State Police Uniform Crime Reporting Unit,Y,8,4,"Cities from 25,000 thru 49,999",4,"Cities from 25,000 thru 49,999",N,8,,Y,53,2,55,10,10,20,2.5,3.0,2021-01-01,2021-11-01,2022-03-01,2022-03-01,2022-03-01,2022-03-01,N,ESSEX,"New York-Newark-Jersey City, NY-NJ-PA",Y,Y,Y
123052022,12305,2022,NJ0071200,NJ0071200,,N,N,,I,MILLBURN TOWNSHIP,MILLBURN TWP PD MILLBURN,Millburn Township,,A,35,New Jersey,NJ,NJ,2,Middle Atlantic,1,Northeast,Region I,City,22417,23382,NJUCR0001,New Jersey State Police Uniform Crime Reporting Unit,Y,9,5,"Cities from 10,000 thru 24,999",5,"Cities from 10,000 thru 24,999",N,9,,Y,56,2,58,2,4,6,2.6,2.9,2021-01-01,2021-10-01,2022-03-01,2022-03-01,2022-03-01,2022-03-01,N,ESSEX,"New York-Newark-Jersey City, NY-NJ-PA",Y,Y,Y
123062022,12306,2022,NJ0071300,NJ0071300,,N,N,,I,MONTCLAIR,MONTCLAIR PD,Montclair,,A,35,New Jersey,NJ,NJ,2,Middle Atlantic,1,Northeast,Region I,City,41117,23382,NJUCR0001,New Jersey State Police Uniform Crime Reporting Unit,Y,8,4,"Cities from 25,000 thru 49,999",4,"Cities from 25,000 thru 49,999",N,8,,Y,100,3,103,11,14,25,2.7,3.1,2021-01-01,2021-01-01,2021-01-01,2021-05-01,2021-05-01,2021-05-01,N,ESSEX,"New York-Newark-Jersey City, NY-NJ-PA",Y,Y,Y
123072022,12307,2022,NJ0071500,NJ0071500,,N,N,,I,NORTH CALDWELL,NORTH CALDWELL PD CALDWELL,North Caldwell,,A,35,New Jersey,NJ,NJ,2,Middle Atlantic,1,Northeast,Region I,City,6556,23382,NJUCR0001,New Jersey State Police Uniform Crime Reporting Unit,Y,10,6,"Cities from 2,500 thru 9,999",6,"Cities from 2,500 thru 9,999",N,10,,Y,14,2,16,2,2,4,2.4,3.1,2021-01-01,2021-06-01,2022-05-01,2022-05-01,2022-05-01,2022-05-01,N,ESSEX,"New York-Newark-Jersey City, NY-NJ-PA",Y,Y,Y
123082022,12308,2022,NJ0071600,NJ0071600,,N,N,,I,NUTLEY TOWNSHIP,NUTLEY PD,Nutley Township,,A,35,New Jersey,NJ,NJ,2,Middle Atlantic,1,Northeast,Region I,City,29445,23382,NJUCR0001,New Jersey State Police Uniform Crime Reporting Unit,Y,8,4,"Cities from 25,000 thru 49,999",4,"Cities from 25,000 thru 49,999",N,8,,Y,68,1,69,4,8,12,2.4,2.8,2021-01-01,2022-03-01,2022-04-01,2022-04-01,2022-04-01,2022-04-01,N,ESSEX,"New York-Newark-Jersey City, NY-NJ-PA",Y,Y,Y
123092022,12309,2022,NJ0071700,NJ0071700,,N,N,,I,ORANGE CITY,ORANGE PD,Orange City,,A,35,New Jersey,NJ,NJ,2,Middle Atlantic,1,Northeast,Region I,City,33615,23382,NJUCR0001,New Jersey State Police Uniform Crime Reporting Unit,Y,8,4,"Cities from 25,000 thru 49,999",4,"Cities from 25,000 thru 49,999",N,8,,Y,110,12,122,24,14,38,4.0,4.8,2021-01-01,2021-01-01,2022-02-01,2022-02-01,2022-02-01,2022-02-01,N,ESSEX,"New York-Newark-Jersey City, NY-NJ-PA",Y,Y,Y
123102022,12310,2022,NJ0071800,NJ0071800,,N,N,,I,ROSELAND,ROSELAND PD,Roseland,,A,35,New Jersey,NJ,NJ,2,Middle Atlantic,1,Northeast,Region I,City,6149,23382,NJUCR0001,New Jersey State Police Uniform Crime Reporting Unit,Y,10,6,"Cities from 2,500 thru 9,999",6,"Cities from 2,500 thru 9,999",N,10,,Y,21,1,22,1,0,1,3.6,3.7,2021-01-01,2021-01-01,2021-01-01,2021-08-01,2021-08-01,2021-08-01,N,ESSEX,"New York-Newark-Jersey City, NY-NJ-PA",Y,Y,Y
123112022,12311,2022,NJ0071900,NJ0071900,,N,N,,I,SOUTH ORANGE VILLAGE,SOUTH ORANGE PD,South Orange Village,,A,35,New Jersey,NJ,NJ,2,Middle Atlantic,1,Northeast,Region I,City,18029,23382,NJUCR0001,New Jersey State Police Uniform Crime Reporting Unit,Y,9,5,"Cities from 10,000 thru 24,999",5,"Cities from 10,000 thru 24,999",N,9,,Y,42,4,46,3,2,5,2.5,2.8,2021-01-01,2021-10-01,2021-11-01,2021-11-01,2021-11-01,2021-11-01,N,ESSEX,"New York-Newark-Jersey City, NY-NJ-PA",Y,Y,Y
123122022,12312,2022,NJ0072000,NJ0072000,,N,N,,I,VERONA,VERONA PD,Verona,,A,35,New Jersey,NJ,NJ,2,Middle Atlantic,1,Northeast,Region I,City,14272,23382,NJUCR0001,New Jersey State Police Uniform Crime Reporting Unit,Y,9,5,"Cities from 10,000 thru 24,999",5,"Cities from 10,000 thru 24,999",N,9,,Y,26,1,27,3,5,8,2.0,2.5,2021-01-01,2021-01-01,2021-05-01,2021-05-01,2021-05-01,2021-05-01,N,ESSEX,"New York-Newark-Jersey City, NY-NJ-PA",Y,Y,Y
123142022,12314,2022,NJ0072200,NJ0072200,,N,N,,I,WEST ORANGE,WEST ORANGE PD,West Orange,,A,35,New Jersey,NJ,NJ,2,Middle Atlantic,1,Northeast,Region I,City,47722,23382,NJUCR0001,New Jersey State Police Uniform Crime Reporting Unit,Y,8,4,"Cities from 25,000 thru 49,999",4,"Cities from 25,000 thru 49,999",N,8,,Y,90,6,96,6,7,13,2.0,2.3,2021-01-01,2022-01-01,2022-06-01,2022-06-01,2022-06-01,2022-06-01,N,ESSEX,"New York-Newark-Jersey City, NY-NJ-PA",Y,Y,Y
123172022,12317,2022,NJ0072700,NJ0072700,,N,N,,I,NJ INSTITUTE OF TECHNLGY,NJ INSTITUTE OF TECHNOLOGY PD NEWARK,New Jersey Institute of Technology,,A,35,New Jersey,NJ,NJ,2,Middle Atlantic,1,Northeast,Region I,University or College,0,23382,NJUCR0001,New Jersey State Police Uniform Crime Reporting Unit,Y,11,7,"Cities under 2,500",7,"Cities under 2,500",N,11,,Y,31,24,55,5,15,20,0,0,2021-01-01,2021-01-01,2022-03-01,2022-03-01,2022-03-01,2022-03-01,N,ESSEX,"New York-Newark-Jersey City, NY-NJ-PA",Y,Y,Y
123182022,12318,2022,NJ0072800,NJ0072800,,N,N,,I,MONTCLAIR STATE UNIVERSI,MONTCLAIR ST COL CAMPUS PATROL UPPER MONTCLAIR,Montclair State University,,A,35,New Jersey,NJ,NJ,2,Middle Atlantic,1,Northeast,Region I,University or College,0,23382,NJUCR0001,New Jersey State Police Uniform Crime Reporting Unit,Y,11,7,"Cities under 2,500",7,"Cities under 2,500",N,11,,Y,26,7,33,7,4,11,0,0,2021-01-01,2021-10-01,2021-11-01,2021-11-01,2021-11-01,2021-11-01,N,ESSEX,"New York-Newark-Jersey City, NY-NJ-PA",Y,Y,Y
123192022,12319,2022,NJ0073000,NJ0073000,,N,N,,I,RUTGERS UNIV: NEWARK,UNIV OF MEDICINE & DENTISTRY NJ PD NEWARK,Rutgers University:,Newark,A,35,New Jersey,NJ,NJ,2,Middle Atlantic,1,Northeast,Region I,University or College,0,23382,NJUCR0001,New Jersey State Police Uniform Crime Reporting Unit,Y,11,7,"Cities under 2,500",7,"Cities under 2,500",N,11,,Y,48,44,92,10,38,48,0,0,2021-01-01,2021-01-01,2021-08-01,2021-08-01,2021-08-01,2021-08-01,N,ESSEX,"New York-Newark-Jersey City, NY-NJ-PA",Y,Y,Y
123202022,12320,2022,NJ0073100,NJ0073100,,N,N,,I,ESSEX COUNTY COLLEGE,ESSEX COUNTY COLLEGE CAMPUS PD NEWARK,Essex County College,,A,35,New Jersey,NJ,NJ,2,Middle Atlantic,1,Northeast,Region I,University or College,0,23382,NJUCR0001,New Jersey State Police Uniform Crime Reporting Unit,Y,11,7,"Cities under 2,500",7,"Cities under 2,500",N,11,,Y,8,21,29,1,27,28,0,0,2021-01-01,2021-04-01,2021-11-01,2021-11-01,2021-11-01,2021-11-01,N,ESSEX,"New York-Newark-Jersey City, NY-NJ-PA",Y,Y,Y
123212022,12321,2022,NJ0073200,NJ0073200,,N,N,,I,NJ TRANSIT POLICE,NEW JERSEY TRANSIT PD NEWARK,New Jersey Transit Police,,A,35,New Jersey,NJ,NJ,2,Middle Atlantic,1,Northeast,Region I,Other State Agency,0,23382,NJUCR0001,New Jersey State Police Uniform Crime Reporting Unit,N,11,7,"Cities under 2,500",7,"Cities under 2,500",N,11,,Y,273,39,312,25,0,25,0,0,2021-01-01,2021-08-01,2021-12-01,2021-12-01,2021-12-01,2021-12-01,N,NOT SPECIFIED,Not Specified,Y,Y,Y
123272022,12327,2022,NJ0080100,NJ0080100,,N,N,,I,CLAYTON,CLAYTON PD,Clayton,,A,35,New Jersey,NJ,NJ,2,Middle Atlantic,1,Northeast,Region I,City,9017,23382,NJUCR0001,New Jersey State Police Uniform Crime Reporting Unit,Y,10,6,"Cities from 2,500 thru 9,999",6,"Cities from 2,500 thru 9,999",N,10,,Y,14,0,14,1,1,2,1.7,1.8,2021-01-01,2021-04-01,2022-04-01,2022-04-01,2022-04-01,2022-04-01,N,GLOUCESTER,"Philadelphia-Camden-Wilmington, PA-NJ-DE-MD",Y,Y,Y
123292022,12329,2022,NJ0080300,NJ0080300,,N,N,,I,EAST GREENWICH TOWNSHIP,EAST GREENWICH TWP PD CLARKSBORO,East Greenwich Township,,A,35,New Jersey,NJ,NJ,2,Middle Atlantic,1,Northeast,Region I,City,12353,23382,NJUCR0001,New Jersey State Police Uniform Crime Reporting Unit,Y,9,5,"Cities from 10,000 thru 24,999",5,"Cities from 10,000 thru 24,999",N,9,,Y,21,0,21,1,1,2,1.8,1.9,2021-01-01,2022-02-01,2022-02-01,2022-02-01,2022-02-01,2022-02-01,N,GLOUCESTER,"Philadelphia-Camden-Wilmington, PA-NJ-DE-MD",Y,Y,Y
123302022,12330,2022,NJ0080400,NJ0080400,,N,N,,I,ELK TOWNSHIP,ELK TWP POLICE DEPARTMENT,Elk Township,,A,35,New Jersey,NJ,NJ,2,Middle Atlantic,1,Northeast,Region I,City,4441,23382,NJUCR0001,New Jersey State Police Uniform Crime Reporting Unit,Y,10,6,"Cities from 2,500 thru 9,999",6,"Cities from 2,500 thru 9,999",N,10,,Y,13,1,14,0,0,0,2.9,3.2,2021-01-01,2022-12-01,2022-12-01,2022-12-01,2022-12-01,2022-12-01,N,GLOUCESTER,"Philadelphia-Camden-Wilmington, PA-NJ-DE-MD",Y,Y,Y
123312022,12331,2022,NJ0080500,NJ0080500,,N,N,,I,FRANKLIN TOWNSHIP,FRANKLIN TWP PD FRANKLINVILLE,"Franklin Township, Gloucester County",,A,35,New Jersey,NJ,NJ,2,Middle Atlantic,1,Northeast,Region I,City,16579,23382,NJUCR0001,New Jersey State Police Uniform Crime Reporting Unit,Y,9,5,"Cities from 10,000 thru 24,999",5,"Cities from 10,000 thru 24,999",N,9,,Y,36,0,36,1,3,4,2.2,2.4,2021-01-01,2021-09-01,2021-09-01,2021-09-01,2021-09-01,2021-09-01,N,GLOUCESTER,"Philadelphia-Camden-Wilmington, PA-NJ-DE-MD",Y,Y,Y
123342022,12334,2022,NJ0080800,NJ0080800,,N,N,,I,HARRISON TOWNSHIP,HARRISON TWP PD MULLICA HILL,Harrison Township,,A,35,New Jersey,NJ,NJ,2,Middle Atlantic,1,Northeast,Region I,City,13886,23382,NJUCR0001,New Jersey State Police Uniform Crime Reporting Unit,Y,9,5,"Cities from 10,000 thru 24,999",5,"Cities from 10,000 thru 24,999",N,9,,Y,22,0,22,1,1,2,1.7,1.7,2021-01-01,2021-12-01,2022-02-01,2022-02-01,2022-02-01,2022-02-01,N,GLOUCESTER,"Philadelphia-Camden-Wilmington, PA-NJ-DE-MD",Y,Y,Y
123352022,12335,2022,NJ0080900,NJ0080900,,N,N,,I,LOGAN TOWNSHIP,LOGAN TWP PD BRIDGEPORT,Logan Township,,A,35,New Jersey,NJ,NJ,2,Middle Atlantic,1,Northeast,Region I,City,6103,23382,NJUCR0001,New Jersey State Police Uniform Crime Reporting Unit,Y,10,6,"Cities from 2,500 thru 9,999",6,"Cities from 2,500 thru 9,999",N,10,,Y,20,0,20,3,1,4,3.8,3.9,2021-01-01,2021-10-01,2022-08-01,2022-08-01,2022-08-01,2022-08-01,N,GLOUCESTER,"Philadelphia-Camden-Wilmington, PA-NJ-DE-MD",Y,Y,Y
123362022,12336,2022,NJ0081000,NJ0081000,,N,N,,I,MANTUA TOWNSHIP,MANTUA TWP PD MANTUA,Mantua Township,,A,35,New Jersey,NJ,NJ,2,Middle Atlantic,1,Northeast,Region I,City,15522,23382,NJUCR0001,New Jersey State Police Uniform Crime Reporting Unit,Y,9,5,"Cities from 10,000 thru 24,999",5,"Cities from 10,000 thru 24,999",N,9,,Y,26,0,26,1,2,3,1.7,1.9,2021-01-01,2022-02-01,2022-07-01,2022-07-01,2022-07-01,2022-07-01,N,GLOUCESTER,"Philadelphia-Camden-Wilmington, PA-NJ-DE-MD",Y,Y,Y
123372022,12337,2022,NJ0081100,NJ0081100,,N,N,,I,MONROE TOWNSHIP,MONROE TWP PD WILLIAMSTOWN,"Monroe Township, Gloucester County",,A,35,New Jersey,NJ,NJ,2,Middle Atlantic,1,Northeast,Region I,City,38222,23382,NJUCR0001,New Jersey State Police Uniform Crime Reporting Unit,Y,8,4,"Cities from 25,000 thru 49,999",4,"Cities from 25,000 thru 49,999",N,8,,Y,68,0,68,3,5,8,1.9,2.0,2021-01-01,2021-09-01,2021-09-01,2021-09-01,2021-09-01,2021-09-01,N,GLOUCESTER,"Philadelphia-Camden-Wilmington, PA-NJ-DE-MD",Y,Y,Y
123412022,12341,2022,NJ0081500,NJ0081500,,N,N,,I,PITMAN,PITMAN PD,Pitman,,A,35,New Jersey,NJ,NJ,2,Middle Atlantic,1,Northeast,Region I,City,8837,23382,NJUCR0001,New Jersey State Police Uniform Crime Reporting Unit,Y,10,6,"Cities from 2,500 thru 9,999",6,"Cities from 2,500 thru 9,999",N,10,,Y,14,0,14,2,1,3,1.8,1.9,2021-01-01,2022-02-01,2022-09-01,2022-09-01,2022-09-01,2022-09-01,N,GLOUCESTER,"Philadelphia-Camden-Wilmington, PA-NJ-DE-MD",Y,Y,Y
123462022,12346,2022,NJ0082000,NJ0082000,,N,N,,I,WEST DEPTFORD TOWNSHIP,WEST DEPTFORD TWP PD THOROFARE,West Deptford Township,,A,35,New Jersey,NJ,NJ,2,Middle Atlantic,1,Northeast,Region I,City,22521,23382,NJUCR0001,New Jersey State Police Uniform Crime Reporting Unit,Y,9,5,"Cities from 10,000 thru 24,999",5,"Cities from 10,000 thru 24,999",N,9,,Y,41,0,41,2,3,5,1.9,2.0,2021-01-01,2022-11-01,2022-12-01,2022-12-01,2022-12-01,2022-12-01,N,GLOUCESTER,"Philadelphia-Camden-Wilmington, PA-NJ-DE-MD",Y,Y,Y
123492022,12349,2022,NJ0082300,NJ0082300,,N,N,,I,WOODBURY HEIGHTS,WOODBURY HEIGHTS PD,Woodbury Heights,,A,35,New Jersey,NJ,NJ,2,Middle Atlantic,1,Northeast,Region I,City,3122,23382,NJUCR0001,New Jersey State Police Uniform Crime Reporting Unit,Y,10,6,"Cities from 2,500 thru 9,999",6,"Cities from 2,500 thru 9,999",N,10,,Y,5,0,5,0,1,1,1.6,1.9,2021-01-01,2022-01-01,2022-04-01,2022-04-01,2022-04-01,2022-04-01,N,GLOUCESTER,"Philadelphia-Camden-Wilmington, PA-NJ-DE-MD",Y,Y,Y
123522022,12352,2022,NJ0082600,NJ0082600,,N,N,,I,ROWAN UNIVERSITY,ROWAN UNIVERSITY POLICE DEPT OF GLASSBORO,Rowan University,,A,35,New Jersey,NJ,NJ,2,Middle Atlantic,1,Northeast,Region I,University or College,0,23382,NJUCR0001,New Jersey State Police Uniform Crime Reporting Unit,Y,11,7,"Cities under 2,500",7,"Cities under 2,500",N,11,,Y,32,35,67,3,18,21,0,0,2021-01-01,2021-09-01,2022-05-01,2022-05-01,2022-05-01,2022-05-01,N,GLOUCESTER,"Philadelphia-Camden-Wilmington, PA-NJ-DE-MD",Y,Y,Y
123592022,12359,2022,NJ0090300,NJ0090300,,N,N,,I,GUTTENBERG,GUTTENBERG PD,Guttenberg,,A,35,New Jersey,NJ,NJ,2,Middle Atlantic,1,Northeast,Region I,City,11107,23382,NJUCR0001,New Jersey State Police Uniform Crime Reporting Unit,Y,9,5,"Cities from 10,000 thru 24,999",5,"Cities from 10,000 thru 24,999",N,9,,Y,26,4,30,4,6,10,2.7,3.6,2021-01-01,2022-01-01,2022-10-01,2022-10-01,2022-10-01,2022-10-01,N,HUDSON,"New York-Newark-Jersey City, NY-NJ-PA",Y,Y,Y
123612022,12361,2022,NJ0090500,NJ0090500,,N,N,,I,HOBOKEN,HOBOKEN PD,Hoboken,,A,35,New Jersey,NJ,NJ,2,Middle Atlantic,1,Northeast,Region I,City,56882,23382,NJUCR0001,New Jersey State Police Uniform Crime Reporting Unit,N,7,3,"Cities from 50,000 thru 99,999",3,"Cities from 50,000 thru 99,999",N,7,,Y,121,6,127,13,8,21,2.4,2.6,2021-01-01,2021-01-01,2021-06-01,2021-06-01,2021-06-01,2021-06-01,N,HUDSON,"New York-Newark-Jersey City, NY-NJ-PA",Y,Y,Y
123622022,12362,2022,NJ0090600,NJ0090600,,N,N,,I,JERSEY CITY,JERSEY CITY PD,Jersey City,,A,35,New Jersey,NJ,NJ,2,Middle Atlantic,1,Northeast,Region I,City,276300,23382,NJUCR0001,New Jersey State Police Uniform Crime Reporting Unit,N,5,1C,"Cities from 250,000 thru 499,999",1,"All cities 250,000 or over",Y,5,,Y,761,65,826,160,182,342,3.3,4.2,2021-01-01,2021-01-01,2021-01-01,2021-01-01,2021-01-01,2021-01-01,N,HUDSON,"New York-Newark-Jersey City, NY-NJ-PA",Y,Y,Y
123642022,12364,2022,NJ0090800,NJ0090800,,N,N,,I,NORTH BERGEN TOWNSHIP,NORTH BERGEN TWP PD NORTH BERGEN,North Bergen Township,,A,35,New Jersey,NJ,NJ,2,Middle Atlantic,1,Northeast,Region I,City,58378,23382,NJUCR0001,New Jersey State Police Uniform Crime Reporting Unit,N,7,3,"Cities from 50,000 thru 99,999",3,"Cities from 50,000 thru 99,999",N,7,,Y,106,4,110,19,10,29,2.1,2.4,2021-01-01,2022-01-01,2022-03-01,2022-03-01,2022-03-01,2022-03-01,N,HUDSON,"New York-Newark-Jersey City, NY-NJ-PA",Y,Y,Y
123652022,12365,2022,NJ0090900,NJ0090900,,N,N,,I,SECAUCUS,SECAUCUS PD,Secaucus,,A,35,New Jersey,NJ,NJ,2,Middle Atlantic,1,Northeast,Region I,City,20519,23382,NJUCR0001,New Jersey State Police Uniform Crime Reporting Unit,Y,9,5,"Cities from 10,000 thru 24,999",5,"Cities from 10,000 thru 24,999",N,9,,Y,74,11,85,4,5,9,3.8,4.6,2021-01-01,2021-01-01,2021-01-01,2021-04-01,2021-04-01,2021-04-01,N,HUDSON,"New York-Newark-Jersey City, NY-NJ-PA",Y,Y,Y
123672022,12367,2022,NJ0091100,NJ0091100,,N,N,,I,WEEHAWKEN TOWNSHIP,WEEHAWKEN TWP PD WEEHAWKEN,Weehawken Township,,A,35,New Jersey,NJ,NJ,2,Middle Atlantic,1,Northeast,Region I,City,17499,23382,NJUCR0001,New Jersey State Police Uniform Crime Reporting Unit,Y,9,5,"Cities from 10,000 thru 24,999",5,"Cities from 10,000 thru 24,999",N,9,,Y,58,11,69,2,6,8,3.4,4.4,2021-01-01,2021-01-01,2021-07-01,2021-07-01,2021-07-01,2021-07-01,N,HUDSON,"New York-Newark-Jersey City, NY-NJ-PA",Y,Y,Y
123682022,12368,2022,NJ0091200,NJ0091200,,N,N,,I,WEST NEW YORK,WEST NEW YORK PD,West New York,,A,35,New Jersey,NJ,NJ,2,Middle Atlantic,1,Northeast,Region I,City,52021,23382,NJUCR0001,New Jersey State Police Uniform Crime Reporting Unit,N,7,3,"Cities from 50,000 thru 99,999",3,"Cities from 50,000 thru 99,999",N,7,,Y,114,5,119,11,6,17,2.4,2.6,2021-01-01,2021-03-01,2022-05-01,2022-05-01,2022-05-01,2022-05-01,N,HUDSON,"New York-Newark-Jersey City, NY-NJ-PA",Y,Y,Y
123842022,12384,2022,NJ0100600,NJ0100600,,N,N,,I,CLINTON TOWNSHIP,CLINTON TWP PD ANNANDALE,Clinton Township,,A,35,New Jersey,NJ,NJ,2,Middle Atlantic,1,Northeast,Region I,City,13759,23382,NJUCR0001,New Jersey State Police Uniform Crime Reporting Unit,Y,9,5,"Cities from 10,000 thru 24,999",5,"Cities from 10,000 thru 24,999",N,9,,Y,22,0,22,2,3,5,1.7,2.0,2021-01-01,2021-01-01,2022-03-01,2022-03-01,2022-03-01,2022-03-01,N,HUNTERDON,"New York-Newark-Jersey City, NY-NJ-PA",Y,Y,Y
123922022,12392,2022,NJ0101500,NJ0101500,,N,N,,I,HOLLAND TOWNSHIP,HOLLAND TWP PD MILFORD,Holland Township,,A,35,New Jersey,NJ,NJ,2,Middle Atlantic,1,Northeast,Region I,City,5233,23382,NJUCR0001,New Jersey State Police Uniform Crime Reporting Unit,Y,10,6,"Cities from 2,500 thru 9,999",6,"Cities from 2,500 thru 9,999",N,10,,Y,8,0,8,1,1,2,1.7,1.9,2021-01-01,2021-10-01,2021-10-01,2021-10-01,2021-10-01,2021-10-01,N,HUNTERDON,"New York-Newark-Jersey City, NY-NJ-PA",Y,Y,Y
124052022,12405,2022,NJ0110000,NJ0110000,,N,N,,I,MERCER,MERCER CO SHERIFFS OFF TRENTON,Mercer,,A,35,New Jersey,NJ,NJ,2,Middle Atlantic,1,Northeast,Region I,County,0,23382,NJUCR0001,New Jersey State Police Uniform Crime Reporting Unit,Y,22,9D,"MSA counties under 10,000",9,MSA Counties,N,22,,Y,133,18,151,18,29,47,0,0,2021-01-01,2021-01-01,2021-11-01,2021-11-01,2021-11-01,2021-11-01,N,MERCER,"Trenton-Princeton, NJ",Y,Y,Y
124072022,12407,2022,NJ0110200,NJ0110200,,N,N,,I,EWING TOWNSHIP,EWING TWP PD TRENTON,Ewing Township,,A,35,New Jersey,NJ,NJ,2,Middle Atlantic,1,Northeast,Region I,City,37408,23382,NJUCR0001,New Jersey State Police Uniform Crime Reporting Unit,Y,8,4,"Cities from 25,000 thru 49,999",4,"Cities from 25,000 thru 49,999",N,8,,Y,65,4,69,11,11,22,2.0,2.4,2021-01-01,2021-02-01,2021-06-01,2021-06-01,2021-06-01,2021-06-01,N,MERCER,"Trenton-Princeton, NJ",Y,Y,Y
124082022,12408,2022,NJ0110300,NJ0110300,,N,N,,I,HAMILTON TOWNSHIP,HAMILTON TOWNSHIP POLICE DEPARTMENT,"Hamilton Township, Mercer County",,A,35,New Jersey,NJ,NJ,2,Middle Atlantic,1,Northeast,Region I,City,91408,23382,NJUCR0001,New Jersey State Police Uniform Crime Reporting Unit,N,7,3,"Cities from 50,000 thru 99,999",3,"Cities from 50,000 thru 99,999",N,7,,Y,162,12,174,9,20,29,1.9,2.2,2021-01-01,2021-01-01,2021-06-01,2021-06-01,2021-06-01,2021-06-01,N,MERCER,"Trenton-Princeton, NJ",Y,Y,Y
124092022,12409,2022,NJ0110400,NJ0110400,,N,N,,I,HIGHTSTOWN,HIGHTSTOWN PD,Hightstown,,A,35,New Jersey,NJ,NJ,2,Middle Atlantic,1,Northeast,Region I,City,5859,23382,NJUCR0001,New Jersey State Police Uniform Crime Reporting Unit,Y,10,6,"Cities from 2,500 thru 9,999",6,"Cities from 2,500 thru 9,999",N,10,,Y,12,0,12,1,1,2,2.2,2.4,2021-01-01,2021-01-01,2021-05-01,2021-05-01,2021-05-01,2021-05-01,N,MERCER,"Trenton-Princeton, NJ",Y,Y,Y
124102022,12410,2022,NJ0110500,NJ0110500,,N,N,,I,HOPEWELL BOROUGH,HOPEWELL PD,Hopewell Borough,,A,35,New Jersey,NJ,NJ,2,Middle Atlantic,1,Northeast,Region I,City,1893,23382,NJUCR0001,New Jersey State Police Uniform Crime Reporting Unit,Y,11,7,"Cities under 2,500",7,"Cities under 2,500",N,11,,N,,,,,,,,,2021-01-01,2022-07-01,2022-09-01,2022-09-01,2022-09-01,2022-09-01,N,MERCER,"Trenton-Princeton, NJ",Y,Y,Y
124112022,12411,2022,NJ0110600,NJ0110600,,N,N,,I,HOPEWELL TOWNSHIP,HOPEWELL TWP PD TITUSVILLE,Hopewell Township,,A,35,New Jersey,NJ,NJ,2,Middle Atlantic,1,Northeast,Region I,City,17339,23382,NJUCR0001,New Jersey State Police Uniform Crime Reporting Unit,Y,9,5,"Cities from 10,000 thru 24,999",5,"Cities from 10,000 thru 24,999",N,9,,Y,28,5,33,2,3,5,1.7,2.2,2021-01-01,2022-01-01,2022-07-01,2022-07-01,2022-07-01,2022-07-01,N,MERCER,"Trenton-Princeton, NJ",Y,Y,Y
124122022,12412,2022,NJ0110700,NJ0110700,,N,N,,I,LAWRENCE TOWNSHIP,LAWRENCE TOWNSHIP PD LAWRENCEVILLE,"Lawrence Township, Mercer County",,A,35,New Jersey,NJ,NJ,2,Middle Atlantic,1,Northeast,Region I,City,32949,23382,NJUCR0001,New Jersey State Police Uniform Crime Reporting Unit,Y,8,4,"Cities from 25,000 thru 49,999",4,"Cities from 25,000 thru 49,999",N,8,,Y,55,3,58,5,3,8,1.8,2.0,2021-01-01,2021-01-01,2021-06-01,2021-06-01,2021-06-01,2021-06-01,N,MERCER,"Trenton-Princeton, NJ",Y,Y,Y
124132022,12413,2022,NJ0110800,NJ0110800,,N,N,,I,PENNINGTON,PENNINGTON PD,Pennington,,A,35,New Jersey,NJ,NJ,2,Middle Atlantic,1,Northeast,Region I,City,2790,23382,NJUCR0001,New Jersey State Police Uniform Crime Reporting Unit,Y,10,6,"Cities from 2,500 thru 9,999",6,"Cities from 2,500 thru 9,999",N,10,,Y,6,0,6,1,0,1,2.5,2.5,2021-01-01,2022-01-01,2022-07-01,2022-07-01,2022-07-01,2022-07-01,N,MERCER,"Trenton-Princeton, NJ",Y,Y,Y
124152022,12415,2022,NJ0111000,NJ0111000,,N,N,,I,PRINCETON,PRINCETON TWP POLICE DEPARTMENT,Princeton ,,A,35,New Jersey,NJ,NJ,2,Middle Atlantic,1,Northeast,Region I,City,30797,23382,NJUCR0001,New Jersey State Police Uniform Crime Reporting Unit,N,8,4,"Cities from 25,000 thru 49,999",4,"Cities from 25,000 thru 49,999",N,8,,Y,44,3,47,7,5,12,1.7,1.9,2021-01-01,2021-01-01,2021-01-01,2021-04-01,2021-04-01,2021-04-01,N,MERCER,"Trenton-Princeton, NJ",Y,Y,Y
124172022,12417,2022,NJ0111200,NJ0111200,,N,N,,I,ROBBINSVILLE TOWNSHIP,ROBBINSVILLE TWP POLICE DEPARTMENT,Robbinsville Township,,A,35,New Jersey,NJ,NJ,2,Middle Atlantic,1,Northeast,Region I,City,15303,23382,NJUCR0001,New Jersey State Police Uniform Crime Reporting Unit,Y,9,5,"Cities from 10,000 thru 24,999",5,"Cities from 10,000 thru 24,999",N,9,,Y,27,2,29,1,6,7,1.8,2.4,2021-01-01,2022-03-01,2022-08-01,2022-08-01,2022-08-01,2022-08-01,N,MERCER,"Trenton-Princeton, NJ",Y,Y,Y
124222022,12422,2022,NJ0111800,NJ0111800,,N,N,,I,THE COLLEGE OF NEW JERSE,THE COLLEGE OF NEW JERSEY POLICE DEPARTMENT,The College of New Jersey,,A,35,New Jersey,NJ,NJ,2,Middle Atlantic,1,Northeast,Region I,University or College,0,23382,NJUCR0001,New Jersey State Police Uniform Crime Reporting Unit,Y,11,7,"Cities under 2,500",7,"Cities under 2,500",N,11,,Y,10,15,25,5,2,7,0,0,2021-01-01,2021-02-01,2021-12-01,2021-12-01,2021-12-01,2021-12-01,N,MERCER,"Trenton-Princeton, NJ",Y,Y,Y
124282022,12428,2022,NJ0120100,NJ0120100,,N,N,,I,CARTERET,CARTERET PD,Carteret,,A,35,New Jersey,NJ,NJ,2,Middle Atlantic,1,Northeast,Region I,City,25030,23382,NJUCR0001,New Jersey State Police Uniform Crime Reporting Unit,Y,8,4,"Cities from 25,000 thru 49,999",4,"Cities from 25,000 thru 49,999",N,8,,Y,63,3,66,7,4,11,2.8,3.1,2021-01-01,2022-03-01,2022-08-01,2022-08-01,2022-08-01,2022-08-01,N,MIDDLESEX,"New York-Newark-Jersey City, NY-NJ-PA",Y,Y,Y
124292022,12429,2022,NJ0120200,NJ0120200,,N,N,,I,CRANBURY TOWNSHIP,CRANBURY POLICE DEPARTMENT,Cranbury Township,,A,35,New Jersey,NJ,NJ,2,Middle Atlantic,1,Northeast,Region I,City,3989,23382,NJUCR0001,New Jersey State Police Uniform Crime Reporting Unit,Y,10,6,"Cities from 2,500 thru 9,999",6,"Cities from 2,500 thru 9,999",N,10,,Y,18,0,18,2,1,3,5.0,5.3,2021-01-01,2022-01-01,2022-08-01,2022-08-01,2022-08-01,2022-08-01,N,MIDDLESEX,"New York-Newark-Jersey City, NY-NJ-PA",Y,Y,Y
124312022,12431,2022,NJ0120400,NJ0120400,,N,N,,I,EAST BRUNSWICK TOWNSHIP,EAST BRUNSWICK TWP PD EAST BRUNSWICK,East Brunswick Township,,A,35,New Jersey,NJ,NJ,2,Middle Atlantic,1,Northeast,Region I,City,49038,23382,NJUCR0001,New Jersey State Police Uniform Crime Reporting Unit,Y,8,4,"Cities from 25,000 thru 49,999",4,"Cities from 25,000 thru 49,999",N,8,,Y,78,6,84,6,22,28,1.7,2.3,2021-01-01,2021-01-01,2021-01-01,2021-04-01,2021-04-01,2021-04-01,N,MIDDLESEX,"New York-Newark-Jersey City, NY-NJ-PA",Y,Y,Y
124342022,12434,2022,NJ0120700,NJ0120700,,N,N,,I,HIGHLAND PARK,HIGHLAND PARK PD,Highland Park,,A,35,New Jersey,NJ,NJ,2,Middle Atlantic,1,Northeast,Region I,City,14914,23382,NJUCR0001,New Jersey State Police Uniform Crime Reporting Unit,Y,9,5,"Cities from 10,000 thru 24,999",5,"Cities from 10,000 thru 24,999",N,9,,Y,25,2,27,2,5,7,1.8,2.3,2021-01-01,2021-02-01,2022-04-01,2022-04-01,2022-04-01,2022-04-01,N,MIDDLESEX,"New York-Newark-Jersey City, NY-NJ-PA",Y,Y,Y
124372022,12437,2022,NJ0121000,NJ0121000,,N,N,,I,METUCHEN,METUCHEN PD,Metuchen,,A,35,New Jersey,NJ,NJ,2,Middle Atlantic,1,Northeast,Region I,City,14874,23382,NJUCR0001,New Jersey State Police Uniform Crime Reporting Unit,Y,9,5,"Cities from 10,000 thru 24,999",5,"Cities from 10,000 thru 24,999",N,9,,Y,28,0,28,2,1,3,2.0,2.1,2021-01-01,2021-09-01,2021-09-01,2021-09-01,2021-09-01,2021-09-01,N,MIDDLESEX,"New York-Newark-Jersey City, NY-NJ-PA",Y,Y,Y
124382022,12438,2022,NJ0121100,NJ0121100,,N,N,,I,MIDDLESEX BOROUGH,MIDDLESEX PD,Middlesex Borough,,A,35,New Jersey,NJ,NJ,2,Middle Atlantic,1,Northeast,Region I,City,14423,23382,NJUCR0001,New Jersey State Police Uniform Crime Reporting Unit,Y,9,5,"Cities from 10,000 thru 24,999",5,"Cities from 10,000 thru 24,999",N,9,,Y,27,0,27,2,3,5,2.0,2.2,2021-01-01,2021-08-01,2021-11-01,2021-11-01,2021-11-01,2021-11-01,N,MIDDLESEX,"New York-Newark-Jersey City, NY-NJ-PA",Y,Y,Y
124392022,12439,2022,NJ0121200,NJ0121200,,N,N,,I,MILLTOWN,MILLTOWN PD,Milltown,,A,35,New Jersey,NJ,NJ,2,Middle Atlantic,1,Northeast,Region I,City,6947,23382,NJUCR0001,New Jersey State Police Uniform Crime Reporting Unit,Y,10,6,"Cities from 2,500 thru 9,999",6,"Cities from 2,500 thru 9,999",N,10,,Y,16,1,17,0,2,2,2.3,2.7,2021-01-01,2021-01-01,2022-01-01,2022-01-01,2022-01-01,2022-01-01,N,MIDDLESEX,"New York-Newark-Jersey City, NY-NJ-PA",Y,Y,Y
124412022,12441,2022,NJ0121400,NJ0121400,,N,N,,I,NEW BRUNSWICK,NEW BRUNSWICK PD,New Brunswick,,A,35,New Jersey,NJ,NJ,2,Middle Atlantic,1,Northeast,Region I,City,55971,23382,NJUCR0001,New Jersey State Police Uniform Crime Reporting Unit,N,7,3,"Cities from 50,000 thru 99,999",3,"Cities from 50,000 thru 99,999",N,7,,Y,127,9,136,8,11,19,2.4,2.8,2021-01-01,2021-07-01,2021-08-01,2021-08-01,2021-08-01,2021-08-01,N,MIDDLESEX,"New York-Newark-Jersey City, NY-NJ-PA",Y,Y,Y
124472022,12447,2022,NJ0122000,NJ0122000,,N,N,,I,SOUTH AMBOY,SOUTH AMBOY PD,South Amboy,,A,35,New Jersey,NJ,NJ,2,Middle Atlantic,1,Northeast,Region I,City,9277,23382,NJUCR0001,New Jersey State Police Uniform Crime Reporting Unit,Y,10,6,"Cities from 2,500 thru 9,999",6,"Cities from 2,500 thru 9,999",N,10,,Y,25,2,27,2,4,6,2.9,3.6,2021-01-01,2021-01-01,2021-11-01,2021-11-01,2021-11-01,2021-11-01,N,MIDDLESEX,"New York-Newark-Jersey City, NY-NJ-PA",Y,Y,Y
124482022,12448,2022,NJ0122100,NJ0122100,,N,N,,I,SOUTH BRUNSWICK TOWNSHIP,SOUTH BRUNSWICK TWP POLICE DEPARTMENT,South Brunswick Township,,A,35,New Jersey,NJ,NJ,2,Middle Atlantic,1,Northeast,Region I,City,46442,23382,NJUCR0001,New Jersey State Police Uniform Crime Reporting Unit,Y,8,4,"Cities from 25,000 thru 49,999",4,"Cities from 25,000 thru 49,999",N,8,,Y,80,8,88,7,16,23,1.9,2.4,2021-01-01,2021-01-01,2021-01-01,2021-04-01,2021-04-01,2021-04-01,N,MIDDLESEX,"New York-Newark-Jersey City, NY-NJ-PA",Y,Y,Y
124492022,12449,2022,NJ0122200,NJ0122200,,N,N,,I,SOUTH PLAINFIELD,SOUTH PLAINFIELD PD,South Plainfield,,A,35,New Jersey,NJ,NJ,2,Middle Atlantic,1,Northeast,Region I,City,24211,23382,NJUCR0001,New Jersey State Police Uniform Crime Reporting Unit,Y,9,5,"Cities from 10,000 thru 24,999",5,"Cities from 10,000 thru 24,999",N,9,,Y,55,5,60,3,9,12,2.4,3.0,2021-01-01,2021-03-01,2021-05-01,2021-05-01,2021-05-01,2021-05-01,N,MIDDLESEX,"New York-Newark-Jersey City, NY-NJ-PA",Y,Y,Y
124502022,12450,2022,NJ0122300,NJ0122300,,N,N,,I,SOUTH RIVER,SOUTH RIVER PD,South River,,A,35,New Jersey,NJ,NJ,2,Middle Atlantic,1,Northeast,Region I,City,15877,23382,NJUCR0001,New Jersey State Police Uniform Crime Reporting Unit,Y,9,5,"Cities from 10,000 thru 24,999",5,"Cities from 10,000 thru 24,999",N,9,,Y,30,2,32,2,8,10,2.0,2.6,2021-01-01,2021-01-01,2021-05-01,2021-05-01,2021-05-01,2021-05-01,N,MIDDLESEX,"New York-Newark-Jersey City, NY-NJ-PA",Y,Y,Y
124532022,12453,2022,NJ0122600,NJ0122600,,N,N,,I,MIDDLESEX COUNTY COLLEGE,MIDDLESEX COUNTY COLLEGE PD EDISON,Middlesex County College,,A,35,New Jersey,NJ,NJ,2,Middle Atlantic,1,Northeast,Region I,University or College,0,23382,NJUCR0001,New Jersey State Police Uniform Crime Reporting Unit,Y,11,7,"Cities under 2,500",7,"Cities under 2,500",N,11,,Y,9,1,10,0,6,6,0,0,2021-01-01,2022-04-01,2022-05-01,2022-05-01,2022-05-01,2022-05-01,N,MIDDLESEX,"New York-Newark-Jersey City, NY-NJ-PA",Y,Y,Y
124542022,12454,2022,NJ0123000,NJ0123000,,N,N,,I,RUTGERS UN: NEW BRUNSWCK,RUTGERS UNIV PD NEW BRUNSWICK,Rutgers University:,New Brunswick,A,35,New Jersey,NJ,NJ,2,Middle Atlantic,1,Northeast,Region I,University or College,0,23382,NJUCR0001,New Jersey State Police Uniform Crime Reporting Unit,Y,11,7,"Cities under 2,500",7,"Cities under 2,500",N,11,,Y,49,61,110,6,24,30,0,0,2021-01-01,2021-01-01,2021-08-01,2021-08-01,2021-08-01,2021-08-01,N,MIDDLESEX,"New York-Newark-Jersey City, NY-NJ-PA",Y,Y,Y
124712022,12471,2022,NJ0131000,NJ0131000,,N,N,,I,DEAL,DEAL PD,Deal,,A,35,New Jersey,NJ,NJ,2,Middle Atlantic,1,Northeast,Region I,City,892,23382,NJUCR0001,New Jersey State Police Uniform Crime Reporting Unit,Y,11,7,"Cities under 2,500",7,"Cities under 2,500",N,11,,Y,18,3,21,0,1,1,20.2,24.7,2021-01-01,2021-01-01,2022-05-01,2022-05-01,2022-05-01,2022-05-01,N,MONMOUTH,"New York-Newark-Jersey City, NY-NJ-PA",Y,Y,Y
124722022,12472,2022,NJ0131100,NJ0131100,,N,N,,I,EATONTOWN,EATONTOWN PD,Eatontown,,A,35,New Jersey,NJ,NJ,2,Middle Atlantic,1,Northeast,Region I,City,13607,23382,NJUCR0001,New Jersey State Police Uniform Crime Reporting Unit,Y,9,5,"Cities from 10,000 thru 24,999",5,"Cities from 10,000 thru 24,999",N,9,,Y,35,6,41,3,6,9,2.8,3.7,2021-01-01,2021-01-01,2021-12-01,2021-12-01,2021-12-01,2021-12-01,N,MONMOUTH,"New York-Newark-Jersey City, NY-NJ-PA",Y,Y,Y
124762022,12476,2022,NJ0131500,NJ0131500,,N,N,,I,FREEHOLD BOROUGH,FREEHOLD BORO PD,Freehold Borough,,A,35,New Jersey,NJ,NJ,2,Middle Atlantic,1,Northeast,Region I,City,12539,23382,NJUCR0001,New Jersey State Police Uniform Crime Reporting Unit,Y,9,5,"Cities from 10,000 thru 24,999",5,"Cities from 10,000 thru 24,999",N,9,,Y,31,1,32,1,3,4,2.6,2.9,2021-01-01,2022-02-01,2022-05-01,2022-05-01,2022-05-01,2022-05-01,N,MONMOUTH,"New York-Newark-Jersey City, NY-NJ-PA",Y,Y,Y
124812022,12481,2022,NJ0132000,NJ0132000,,N,N,,I,INTERLAKEN,INTERLAKEN PD ASBURY PARK,Interlaken,,A,35,New Jersey,NJ,NJ,2,Middle Atlantic,1,Northeast,Region I,City,826,23382,NJUCR0001,New Jersey State Police Uniform Crime Reporting Unit,Y,11,7,"Cities under 2,500",7,"Cities under 2,500",N,11,,N,0,0,0,0,0,0,0.0,0.0,2021-01-01,2021-01-01,2022-12-01,2022-12-01,2022-12-01,2022-12-01,N,MONMOUTH,"New York-Newark-Jersey City, NY-NJ-PA",Y,Y,Y
124832022,12483,2022,NJ0132200,NJ0132200,,N,N,,I,KEYPORT,KEYPORT PD,Keyport,,A,35,New Jersey,NJ,NJ,2,Middle Atlantic,1,Northeast,Region I,City,7205,23382,NJUCR0001,New Jersey State Police Uniform Crime Reporting Unit,Y,10,6,"Cities from 2,500 thru 9,999",6,"Cities from 2,500 thru 9,999",N,10,,Y,20,0,20,3,1,4,3.2,3.3,2021-01-01,2022-04-01,2022-05-01,2022-05-01,2022-05-01,2022-05-01,N,MONMOUTH,"New York-Newark-Jersey City, NY-NJ-PA",Y,Y,Y
124842022,12484,2022,NJ0132300,NJ0132300,,N,N,,I,LITTLE SILVER,LITTLE SILVER PD,Little Silver,,A,35,New Jersey,NJ,NJ,2,Middle Atlantic,1,Northeast,Region I,City,6050,23382,NJUCR0001,New Jersey State Police Uniform Crime Reporting Unit,Y,10,6,"Cities from 2,500 thru 9,999",6,"Cities from 2,500 thru 9,999",N,10,,Y,17,2,19,0,2,2,2.8,3.5,2021-01-01,2021-01-01,2022-02-01,2022-02-01,2022-02-01,2022-02-01,N,MONMOUTH,"New York-Newark-Jersey City, NY-NJ-PA",Y,Y,Y
124852022,12485,2022,NJ0132400,NJ0132400,,N,N,,I,LOCH ARBOUR,LOCH ARBOUR VILLAGE PD ALLENHURST,Loch Arbour,,A,35,New Jersey,NJ,NJ,2,Middle Atlantic,1,Northeast,Region I,City,231,23382,NJUCR0001,New Jersey State Police Uniform Crime Reporting Unit,Y,11,7,"Cities under 2,500",7,"Cities under 2,500",N,11,,N,0,0,0,0,0,0,0.0,0.0,2021-01-01,2021-12-01,2022-12-01,2022-12-01,2022-12-01,2022-12-01,N,MONMOUTH,"New York-Newark-Jersey City, NY-NJ-PA",Y,Y,Y
124882022,12488,2022,NJ0132700,NJ0132700,,N,N,,I,MANASQUAN,MANASQUAN PD,Manasquan,,A,35,New Jersey,NJ,NJ,2,Middle Atlantic,1,Northeast,Region I,City,5949,23382,NJUCR0001,New Jersey State Police Uniform Crime Reporting Unit,Y,10,6,"Cities from 2,500 thru 9,999",6,"Cities from 2,500 thru 9,999",N,10,,Y,15,2,17,1,3,4,2.7,3.5,2021-01-01,2022-01-01,2022-05-01,2022-05-01,2022-05-01,2022-05-01,N,MONMOUTH,"New York-Newark-Jersey City, NY-NJ-PA",Y,Y,Y
124912022,12491,2022,NJ0133000,NJ0133000,,N,N,,I,ABERDEEN TOWNSHIP,ABERDEEN TWP PD ABERDEEN,Aberdeen Township,,A,35,New Jersey,NJ,NJ,2,Middle Atlantic,1,Northeast,Region I,City,19345,23382,NJUCR0001,New Jersey State Police Uniform Crime Reporting Unit,Y,9,5,"Cities from 10,000 thru 24,999",5,"Cities from 10,000 thru 24,999",N,9,,Y,41,2,43,2,5,7,2.2,2.6,2021-01-01,2021-01-01,2022-03-01,2022-03-01,2022-03-01,2022-03-01,N,MONMOUTH,"New York-Newark-Jersey City, NY-NJ-PA",Y,Y,Y
124972022,12497,2022,NJ0133700,NJ0133700,,N,N,,I,OCEAN TOWNSHIP,TOWNSHIP OF OCEAN PD,"Ocean Township, Monmouth County",,A,35,New Jersey,NJ,NJ,2,Middle Atlantic,1,Northeast,Region I,City,28119,23382,NJUCR0001,New Jersey State Police Uniform Crime Reporting Unit,Y,8,4,"Cities from 25,000 thru 49,999",4,"Cities from 25,000 thru 49,999",N,8,,Y,55,4,59,6,11,17,2.2,2.7,2021-01-01,2022-01-01,2022-05-01,2022-05-01,2022-05-01,2022-05-01,N,MONMOUTH,"New York-Newark-Jersey City, NY-NJ-PA",Y,Y,Y
124992022,12499,2022,NJ0133900,NJ0133900,,N,N,,I,HAZLET TOWNSHIP,HAZLET TWP PD HAZLET,Hazlet Township,,A,35,New Jersey,NJ,NJ,2,Middle Atlantic,1,Northeast,Region I,City,20547,23382,NJUCR0001,New Jersey State Police Uniform Crime Reporting Unit,Y,9,5,"Cities from 10,000 thru 24,999",5,"Cities from 10,000 thru 24,999",N,9,,Y,40,0,40,3,3,6,2.1,2.2,2021-01-01,2021-09-01,2021-10-01,2021-10-01,2021-10-01,2021-10-01,N,MONMOUTH,"New York-Newark-Jersey City, NY-NJ-PA",Y,Y,Y
125042022,12504,2022,NJ0134500,NJ0134500,,N,N,,I,SHREWSBURY,SHREWSBURY PD,Shrewsbury,,A,35,New Jersey,NJ,NJ,2,Middle Atlantic,1,Northeast,Region I,City,4188,23382,NJUCR0001,New Jersey State Police Uniform Crime Reporting Unit,Y,10,6,"Cities from 2,500 thru 9,999",6,"Cities from 2,500 thru 9,999",N,10,,Y,14,3,17,2,2,4,3.8,5.0,2021-01-01,2021-01-01,2022-02-01,2022-02-01,2022-02-01,2022-02-01,N,MONMOUTH,"New York-Newark-Jersey City, NY-NJ-PA",Y,Y,Y
125342022,12534,2022,NJ0140100,NJ0140100,,N,N,,I,BOONTON,BOONTON PD,Boonton,,A,35,New Jersey,NJ,NJ,2,Middle Atlantic,1,Northeast,Region I,City,8805,23382,NJUCR0001,New Jersey State Police Uniform Crime Reporting Unit,Y,10,6,"Cities from 2,500 thru 9,999",6,"Cities from 2,500 thru 9,999",N,10,,Y,23,0,23,0,1,1,2.6,2.7,2021-01-01,2021-07-01,2022-03-01,2022-03-01,2022-03-01,2022-03-01,N,MORRIS,"New York-Newark-Jersey City, NY-NJ-PA",Y,Y,Y
125352022,12535,2022,NJ0140200,NJ0140200,,N,N,,I,BOONTON TOWNSHIP,BOONTON TWP PD BOONTON,Boonton Township,,A,35,New Jersey,NJ,NJ,2,Middle Atlantic,1,Northeast,Region I,City,4387,23382,NJUCR0001,New Jersey State Police Uniform Crime Reporting Unit,Y,10,6,"Cities from 2,500 thru 9,999",6,"Cities from 2,500 thru 9,999",N,10,,Y,13,0,13,0,1,1,3.0,3.2,2021-01-01,2021-10-01,2021-11-01,2021-11-01,2021-11-01,2021-11-01,N,MORRIS,"New York-Newark-Jersey City, NY-NJ-PA",Y,Y,Y
125412022,12541,2022,NJ0140800,NJ0140800,,N,N,,I,DENVILLE TOWNSHIP,DENVILLE TWP PD DENVILLE,Denville Township,,A,35,New Jersey,NJ,NJ,2,Middle Atlantic,1,Northeast,Region I,City,17119,23382,NJUCR0001,New Jersey State Police Uniform Crime Reporting Unit,Y,9,5,"Cities from 10,000 thru 24,999",5,"Cities from 10,000 thru 24,999",N,9,,Y,33,5,38,1,3,4,2.0,2.5,2021-01-01,2021-11-01,2022-01-01,2022-01-01,2022-01-01,2022-01-01,N,MORRIS,"New York-Newark-Jersey City, NY-NJ-PA",Y,Y,Y
125422022,12542,2022,NJ0140900,NJ0140900,,N,N,,I,DOVER,DOVER PD,Dover,,A,35,New Jersey,NJ,NJ,2,Middle Atlantic,1,Northeast,Region I,City,18434,23382,NJUCR0001,New Jersey State Police Uniform Crime Reporting Unit,Y,9,5,"Cities from 10,000 thru 24,999",5,"Cities from 10,000 thru 24,999",N,9,,Y,34,0,34,0,3,3,1.8,2.0,2021-01-01,2022-01-01,2022-08-01,2022-08-01,2022-08-01,2022-08-01,N,MORRIS,"New York-Newark-Jersey City, NY-NJ-PA",Y,Y,Y
125432022,12543,2022,NJ0141000,NJ0141000,,N,N,,I,EAST HANOVER TOWNSHIP,EAST HANOVER PD,East Hanover Township,,A,35,New Jersey,NJ,NJ,2,Middle Atlantic,1,Northeast,Region I,City,11103,23382,NJUCR0001,New Jersey State Police Uniform Crime Reporting Unit,Y,9,5,"Cities from 10,000 thru 24,999",5,"Cities from 10,000 thru 24,999",N,9,,Y,34,3,37,0,1,1,3.1,3.4,2021-01-01,2021-10-01,2021-12-01,2021-12-01,2021-12-01,2021-12-01,N,MORRIS,"New York-Newark-Jersey City, NY-NJ-PA",Y,Y,Y
125442022,12544,2022,NJ0141100,NJ0141100,,N,N,,I,FLORHAM PARK,FLORHAM PARK PD,Florham Park,,A,35,New Jersey,NJ,NJ,2,Middle Atlantic,1,Northeast,Region I,City,13685,23382,NJUCR0001,New Jersey State Police Uniform Crime Reporting Unit,Y,9,5,"Cities from 10,000 thru 24,999",5,"Cities from 10,000 thru 24,999",N,9,,Y,30,2,32,1,3,4,2.3,2.6,2021-01-01,2021-01-01,2021-06-01,2021-06-01,2021-06-01,2021-06-01,N,MORRIS,"New York-Newark-Jersey City, NY-NJ-PA",Y,Y,Y
125452022,12545,2022,NJ0141200,NJ0141200,,N,N,,I,HANOVER TOWNSHIP,HANOVER TWP PD WHIPPANY,Hanover Township,,A,35,New Jersey,NJ,NJ,2,Middle Atlantic,1,Northeast,Region I,City,14630,23382,NJUCR0001,New Jersey State Police Uniform Crime Reporting Unit,Y,9,5,"Cities from 10,000 thru 24,999",5,"Cities from 10,000 thru 24,999",N,9,,Y,34,4,38,1,3,4,2.4,2.9,2021-01-01,2021-01-01,2021-01-01,2021-04-01,2021-04-01,2021-04-01,N,MORRIS,"New York-Newark-Jersey City, NY-NJ-PA",Y,Y,Y
125472022,12547,2022,NJ0141400,NJ0141400,,N,N,,I,JEFFERSON TOWNSHIP,JEFFERSON TWP PD LAKE HOPATCONG,Jefferson Township,,A,35,New Jersey,NJ,NJ,2,Middle Atlantic,1,Northeast,Region I,City,20498,23382,NJUCR0001,New Jersey State Police Uniform Crime Reporting Unit,Y,9,5,"Cities from 10,000 thru 24,999",5,"Cities from 10,000 thru 24,999",N,9,,Y,35,3,38,1,5,6,1.8,2.1,2021-01-01,2021-01-01,2021-05-01,2021-05-01,2021-05-01,2021-05-01,N,MORRIS,"New York-Newark-Jersey City, NY-NJ-PA",Y,Y,Y
125482022,12548,2022,NJ0141500,NJ0141500,,N,N,,I,KINNELON,KINNELON PD,Kinnelon,,A,35,New Jersey,NJ,NJ,2,Middle Atlantic,1,Northeast,Region I,City,9983,23382,NJUCR0001,New Jersey State Police Uniform Crime Reporting Unit,Y,10,6,"Cities from 2,500 thru 9,999",6,"Cities from 2,500 thru 9,999",N,10,,Y,17,0,17,0,1,1,1.7,1.8,2021-01-01,2021-01-01,2021-12-01,2021-12-01,2021-12-01,2021-12-01,N,MORRIS,"New York-Newark-Jersey City, NY-NJ-PA",Y,Y,Y
125492022,12549,2022,NJ0141600,NJ0141600,,N,N,,I,LINCOLN PARK,LINCOLN PARK PD,Lincoln Park,,A,35,New Jersey,NJ,NJ,2,Middle Atlantic,1,Northeast,Region I,City,10904,23382,NJUCR0001,New Jersey State Police Uniform Crime Reporting Unit,Y,9,5,"Cities from 10,000 thru 24,999",5,"Cities from 10,000 thru 24,999",N,9,,Y,23,2,25,3,4,7,2.4,2.9,2021-01-01,2021-05-01,2021-06-01,2021-06-01,2021-06-01,2021-06-01,N,MORRIS,"New York-Newark-Jersey City, NY-NJ-PA",Y,Y,Y
125502022,12550,2022,NJ0141700,NJ0141700,,N,N,,I,MADISON,MADISON PD,Madison,,A,35,New Jersey,NJ,NJ,2,Middle Atlantic,1,Northeast,Region I,City,16975,23382,NJUCR0001,New Jersey State Police Uniform Crime Reporting Unit,Y,9,5,"Cities from 10,000 thru 24,999",5,"Cities from 10,000 thru 24,999",N,9,,Y,27,5,32,1,3,4,1.6,2.1,2021-01-01,2021-01-01,2021-10-01,2021-10-01,2021-10-01,2021-10-01,N,MORRIS,"New York-Newark-Jersey City, NY-NJ-PA",Y,Y,Y
125522022,12552,2022,NJ0141900,NJ0141900,,N,N,,I,MENDHAM TOWNSHIP,MENDHAM TWP PD BROOKSIDE,Mendham Township,,A,35,New Jersey,NJ,NJ,2,Middle Atlantic,1,Northeast,Region I,City,6007,23382,NJUCR0001,New Jersey State Police Uniform Crime Reporting Unit,Y,10,6,"Cities from 2,500 thru 9,999",6,"Cities from 2,500 thru 9,999",N,10,,Y,14,0,14,1,1,2,2.5,2.7,2021-01-01,2022-02-01,2022-04-01,2022-04-01,2022-04-01,2022-04-01,N,MORRIS,"New York-Newark-Jersey City, NY-NJ-PA",Y,Y,Y
125532022,12553,2022,NJ0142000,NJ0142000,,N,N,,I,MINE HILL TOWNSHIP,MINE HILL TOWNSHIP POLICE DEPARTMENT,Mine Hill Township,,A,35,New Jersey,NJ,NJ,2,Middle Atlantic,1,Northeast,Region I,City,3986,23382,NJUCR0001,New Jersey State Police Uniform Crime Reporting Unit,Y,10,6,"Cities from 2,500 thru 9,999",6,"Cities from 2,500 thru 9,999",N,10,,N,0,0,0,0,0,0,0.0,0.0,2021-01-01,2021-01-01,2021-07-01,2021-07-01,2021-07-01,2021-07-01,N,MORRIS,"New York-Newark-Jersey City, NY-NJ-PA",Y,Y,Y
125542022,12554,2022,NJ0142100,NJ0142100,,N,N,,I,MONTVILLE TOWNSHIP,MONTVILLE TWP PD MONTVILLE,Montville Township,,A,35,New Jersey,NJ,NJ,2,Middle Atlantic,1,Northeast,Region I,City,22415,23382,NJUCR0001,New Jersey State Police Uniform Crime Reporting Unit,Y,9,5,"Cities from 10,000 thru 24,999",5,"Cities from 10,000 thru 24,999",N,9,,Y,41,2,43,1,3,4,1.9,2.1,2021-01-01,2021-12-01,2022-01-01,2022-01-01,2022-01-01,2022-01-01,N,MORRIS,"New York-Newark-Jersey City, NY-NJ-PA",Y,Y,Y
125572022,12557,2022,NJ0142400,NJ0142400,,N,N,,I,MORRISTOWN,MORRISTOWN PD,Morristown,,A,35,New Jersey,NJ,NJ,2,Middle Atlantic,1,Northeast,Region I,City,20418,23382,NJUCR0001,New Jersey State Police Uniform Crime Reporting Unit,Y,9,5,"Cities from 10,000 thru 24,999",5,"Cities from 10,000 thru 24,999",N,9,,Y,49,0,49,2,4,6,2.5,2.7,2021-01-01,2021-01-01,2021-09-01,2021-09-01,2021-09-01,2021-09-01,N,MORRIS,"New York-Newark-Jersey City, NY-NJ-PA",Y,Y,Y
125582022,12558,2022,NJ0142500,NJ0142500,,N,N,,I,MOUNTAIN LAKES,MOUNTAIN LAKES PD,Mountain Lakes,,A,35,New Jersey,NJ,NJ,2,Middle Atlantic,1,Northeast,Region I,City,4666,23382,NJUCR0001,New Jersey State Police Uniform Crime Reporting Unit,Y,10,6,"Cities from 2,500 thru 9,999",6,"Cities from 2,500 thru 9,999",N,10,,Y,13,0,13,0,1,1,2.8,3.0,2021-01-01,2021-08-01,2023-04-01,2023-04-01,2023-04-01,2023-04-01,N,MORRIS,"New York-Newark-Jersey City, NY-NJ-PA",Y,Y,Y
125602022,12560,2022,NJ0142700,NJ0142700,,N,N,,I,MOUNT OLIVE TOWNSHIP,MOUNT OLIVE TWP PD BUDD LAKE,Mount Olive Township,,A,35,New Jersey,NJ,NJ,2,Middle Atlantic,1,Northeast,Region I,City,28970,23382,NJUCR0001,New Jersey State Police Uniform Crime Reporting Unit,Y,8,4,"Cities from 25,000 thru 49,999",4,"Cities from 25,000 thru 49,999",N,8,,Y,48,9,57,4,2,6,1.8,2.2,2021-01-01,2021-01-01,2022-03-01,2022-03-01,2022-03-01,2022-03-01,N,MORRIS,"New York-Newark-Jersey City, NY-NJ-PA",Y,Y,Y
125622022,12562,2022,NJ0142900,NJ0142900,,N,N,,I,PARSIPPANY-TROY HILLS TW,PARSIPPANY TROY HILLS PD PARSIPPANY,Parsippany-Troy Hills Township,,A,35,New Jersey,NJ,NJ,2,Middle Atlantic,1,Northeast,Region I,City,56193,23382,NJUCR0001,New Jersey State Police Uniform Crime Reporting Unit,N,7,3,"Cities from 50,000 thru 99,999",3,"Cities from 50,000 thru 99,999",N,7,,Y,84,14,98,4,16,20,1.6,2.1,2021-01-01,2021-07-01,2021-08-01,2021-08-01,2021-08-01,2021-08-01,N,MORRIS,"New York-Newark-Jersey City, NY-NJ-PA",Y,Y,Y
125662022,12566,2022,NJ0143300,NJ0143300,,N,N,,I,RIVERDALE,RIVERDALE PD,Riverdale,,A,35,New Jersey,NJ,NJ,2,Middle Atlantic,1,Northeast,Region I,City,4105,23382,NJUCR0001,New Jersey State Police Uniform Crime Reporting Unit,Y,10,6,"Cities from 2,500 thru 9,999",6,"Cities from 2,500 thru 9,999",N,10,,Y,17,3,20,0,2,2,4.1,5.4,2021-01-01,2021-07-01,2021-07-01,2021-07-01,2021-07-01,2021-07-01,N,MORRIS,"New York-Newark-Jersey City, NY-NJ-PA",Y,Y,Y
125682022,12568,2022,NJ0143500,NJ0143500,,N,N,,I,ROCKAWAY TOWNSHIP,ROCKAWAY TWP PD ROCKAWAY,Rockaway Township,,A,35,New Jersey,NJ,NJ,2,Middle Atlantic,1,Northeast,Region I,City,26377,23382,NJUCR0001,New Jersey State Police Uniform Crime Reporting Unit,Y,8,4,"Cities from 25,000 thru 49,999",4,"Cities from 25,000 thru 49,999",N,8,,Y,48,4,52,3,7,10,1.9,2.4,2021-01-01,2021-01-01,2021-12-01,2021-12-01,2021-12-01,2021-12-01,N,MORRIS,"New York-Newark-Jersey City, NY-NJ-PA",Y,Y,Y
125692022,12569,2022,NJ0143600,NJ0143600,,N,N,,I,ROXBURY TOWNSHIP,ROXBURY TWP PD SUCCASUNNA,Roxbury Township,,A,35,New Jersey,NJ,NJ,2,Middle Atlantic,1,Northeast,Region I,City,23293,23382,NJUCR0001,New Jersey State Police Uniform Crime Reporting Unit,Y,9,5,"Cities from 10,000 thru 24,999",5,"Cities from 10,000 thru 24,999",N,9,,Y,41,0,41,1,1,2,1.8,1.8,2021-01-01,2021-01-01,2021-06-01,2021-06-01,2021-06-01,2021-06-01,N,MORRIS,"New York-Newark-Jersey City, NY-NJ-PA",Y,Y,Y
125722022,12572,2022,NJ0143900,NJ0143900,,N,N,,I,WHARTON,WHARTON PD,Wharton,,A,35,New Jersey,NJ,NJ,2,Middle Atlantic,1,Northeast,Region I,City,7225,23382,NJUCR0001,New Jersey State Police Uniform Crime Reporting Unit,Y,10,6,"Cities from 2,500 thru 9,999",6,"Cities from 2,500 thru 9,999",N,10,,Y,24,0,24,0,2,2,3.3,3.6,2021-01-01,2021-01-01,2021-07-01,2021-07-01,2021-07-01,2021-07-01,N,MORRIS,"New York-Newark-Jersey City, NY-NJ-PA",Y,Y,Y
125792022,12579,2022,NJ0150200,NJ0150200,,N,N,,I,BAY HEAD,BAY HEAD PD,Bay Head,,A,35,New Jersey,NJ,NJ,2,Middle Atlantic,1,Northeast,Region I,City,967,23382,NJUCR0001,New Jersey State Police Uniform Crime Reporting Unit,Y,11,7,"Cities under 2,500",7,"Cities under 2,500",N,11,,Y,9,0,9,0,1,1,9.3,10.3,2021-01-01,2021-03-01,2021-09-01,2021-09-01,2021-09-01,2021-09-01,N,OCEAN,"New York-Newark-Jersey City, NY-NJ-PA",Y,Y,Y
125802022,12580,2022,NJ0150300,NJ0150300,,N,N,,I,BEACH HAVEN,BEACH HAVEN PD,Beach Haven,,A,35,New Jersey,NJ,NJ,2,Middle Atlantic,1,Northeast,Region I,City,1082,23382,NJUCR0001,New Jersey State Police Uniform Crime Reporting Unit,Y,11,7,"Cities under 2,500",7,"Cities under 2,500",N,11,,Y,9,0,9,3,1,4,11.1,12.0,2021-01-01,2021-12-01,2022-04-01,2022-04-01,2022-04-01,2022-04-01,N,OCEAN,"New York-Newark-Jersey City, NY-NJ-PA",Y,Y,Y
125812022,12581,2022,NJ0150400,NJ0150400,,N,N,,I,BEACHWOOD,BEACHWOOD PD,Beachwood,,A,35,New Jersey,NJ,NJ,2,Middle Atlantic,1,Northeast,Region I,City,11188,23382,NJUCR0001,New Jersey State Police Uniform Crime Reporting Unit,Y,9,5,"Cities from 10,000 thru 24,999",5,"Cities from 10,000 thru 24,999",N,9,,Y,19,1,20,1,2,3,1.8,2.1,2021-01-01,2021-08-01,2022-05-01,2022-05-01,2022-05-01,2022-05-01,N,OCEAN,"New York-Newark-Jersey City, NY-NJ-PA",Y,Y,Y
125842022,12584,2022,NJ0150700,NJ0150700,,N,N,,I,TOMS RIVER TOWNSHIP,TOMS RIVER POLICE DEPARTMENT,Toms River Township,,A,35,New Jersey,NJ,NJ,2,Middle Atlantic,1,Northeast,Region I,City,99239,23382,NJUCR0001,New Jersey State Police Uniform Crime Reporting Unit,N,7,3,"Cities from 50,000 thru 99,999",3,"Cities from 50,000 thru 99,999",N,7,,Y,154,27,181,8,21,29,1.6,2.1,2021-01-01,2021-12-01,2022-03-01,2022-03-01,2022-03-01,2022-03-01,N,OCEAN,"New York-Newark-Jersey City, NY-NJ-PA",Y,Y,Y
125852022,12585,2022,NJ0150900,NJ0150900,,N,N,,I,HARVEY CEDARS,HARVEY CEDARS PD,Harvey Cedars,,A,35,New Jersey,NJ,NJ,2,Middle Atlantic,1,Northeast,Region I,City,410,23382,NJUCR0001,New Jersey State Police Uniform Crime Reporting Unit,Y,11,7,"Cities under 2,500",7,"Cities under 2,500",N,11,,Y,9,0,9,0,1,1,22.0,24.4,2021-01-01,2021-01-01,2022-04-01,2022-04-01,2022-04-01,2022-04-01,N,OCEAN,"New York-Newark-Jersey City, NY-NJ-PA",Y,Y,Y
125862022,12586,2022,NJ0151000,NJ0151000,,N,N,,I,ISLAND HEIGHTS,ISLAND HEIGHTS PD,Island Heights,,A,35,New Jersey,NJ,NJ,2,Middle Atlantic,1,Northeast,Region I,City,1702,23382,NJUCR0001,New Jersey State Police Uniform Crime Reporting Unit,Y,11,7,"Cities under 2,500",7,"Cities under 2,500",N,11,,Y,5,0,5,1,0,1,3.5,3.5,2021-01-01,2021-01-01,2021-05-01,2021-05-01,2021-05-01,2021-05-01,N,OCEAN,"New York-Newark-Jersey City, NY-NJ-PA",Y,Y,Y
125872022,12587,2022,NJ0151100,NJ0151100,,N,N,,I,JACKSON TOWNSHIP,JACKSON TWP PD JACKSON,Jackson Township,,A,35,New Jersey,NJ,NJ,2,Middle Atlantic,1,Northeast,Region I,City,60762,23382,NJUCR0001,New Jersey State Police Uniform Crime Reporting Unit,N,7,3,"Cities from 50,000 thru 99,999",3,"Cities from 50,000 thru 99,999",N,7,,Y,101,3,104,5,17,22,1.7,2.1,2021-01-01,2021-06-01,2021-06-01,2021-06-01,2021-06-01,2021-06-01,N,OCEAN,"New York-Newark-Jersey City, NY-NJ-PA",Y,Y,Y
125882022,12588,2022,NJ0151200,NJ0151200,,N,N,,I,LACEY TOWNSHIP,LACEY TWP PD FORKED RIVER,Lacey Township,,A,35,New Jersey,NJ,NJ,2,Middle Atlantic,1,Northeast,Region I,City,29903,23382,NJUCR0001,New Jersey State Police Uniform Crime Reporting Unit,Y,8,4,"Cities from 25,000 thru 49,999",4,"Cities from 25,000 thru 49,999",N,8,,Y,43,4,47,1,9,10,1.5,1.9,2021-01-01,2021-03-01,2021-08-01,2021-08-01,2021-08-01,2021-08-01,N,OCEAN,"New York-Newark-Jersey City, NY-NJ-PA",Y,Y,Y
125892022,12589,2022,NJ0151300,NJ0151300,,N,N,,I,LAKEHURST,LAKEHURST PD,Lakehurst,,A,35,New Jersey,NJ,NJ,2,Middle Atlantic,1,Northeast,Region I,City,2708,23382,NJUCR0001,New Jersey State Police Uniform Crime Reporting Unit,Y,10,6,"Cities from 2,500 thru 9,999",6,"Cities from 2,500 thru 9,999",N,10,,Y,12,0,12,2,1,3,5.2,5.5,2021-01-01,2021-01-01,2021-08-01,2021-08-01,2021-08-01,2021-08-01,N,OCEAN,"New York-Newark-Jersey City, NY-NJ-PA",Y,Y,Y
125902022,12590,2022,NJ0151400,NJ0151400,,N,N,,I,LAKEWOOD TOWNSHIP,LAKEWOOD TOWNSHIP PD,Lakewood Township,,A,35,New Jersey,NJ,NJ,2,Middle Atlantic,1,Northeast,Region I,City,141190,23382,NJUCR0001,New Jersey State Police Uniform Crime Reporting Unit,N,6,2,"Cities from 100,000 thru 249,999",2,"Cities from 100,000 thru 249,999",Y,6,,Y,146,4,150,9,29,38,1.1,1.3,2021-01-01,2021-01-01,2022-03-01,2022-03-01,2022-03-01,2022-03-01,N,OCEAN,"New York-Newark-Jersey City, NY-NJ-PA",Y,Y,Y
125922022,12592,2022,NJ0151600,NJ0151600,,N,N,,I,LITTLE EGG HARBOR TOWNSH,LITTLE EGG HARBOR TWP PD TUCKERTON,Little Egg Harbor Township,,A,35,New Jersey,NJ,NJ,2,Middle Atlantic,1,Northeast,Region I,City,21498,23382,NJUCR0001,New Jersey State Police Uniform Crime Reporting Unit,Y,9,5,"Cities from 10,000 thru 24,999",5,"Cities from 10,000 thru 24,999",N,9,,Y,41,6,47,4,11,15,2.1,2.9,2021-01-01,2022-02-01,2022-02-01,2022-02-01,2022-02-01,2022-02-01,N,OCEAN,"New York-Newark-Jersey City, NY-NJ-PA",Y,Y,Y
125932022,12593,2022,NJ0151700,NJ0151700,,N,N,,I,LONG BEACH TOWNSHIP,LONG BEACH PD,Long Beach Township,,A,35,New Jersey,NJ,NJ,2,Middle Atlantic,1,Northeast,Region I,City,3143,23382,NJUCR0001,New Jersey State Police Uniform Crime Reporting Unit,Y,10,6,"Cities from 2,500 thru 9,999",6,"Cities from 2,500 thru 9,999",N,10,,Y,34,1,35,2,9,11,11.5,14.6,2021-01-01,2021-01-01,2022-04-01,2022-04-01,2022-04-01,2022-04-01,N,OCEAN,"New York-Newark-Jersey City, NY-NJ-PA",Y,Y,Y
125942022,12594,2022,NJ0151800,NJ0151800,,N,N,,I,MANCHESTER TOWNSHIP,MANCHESTER TWP PD MANCHESTER,Manchester Township,,A,35,New Jersey,NJ,NJ,2,Middle Atlantic,1,Northeast,Region I,City,46265,23382,NJUCR0001,New Jersey State Police Uniform Crime Reporting Unit,Y,8,4,"Cities from 25,000 thru 49,999",4,"Cities from 25,000 thru 49,999",N,8,,Y,70,28,98,2,23,25,1.6,2.7,2021-01-01,2021-12-01,2022-03-01,2022-03-01,2022-03-01,2022-03-01,N,OCEAN,"New York-Newark-Jersey City, NY-NJ-PA",Y,Y,Y
125952022,12595,2022,NJ0151900,NJ0151900,,N,N,,I,MANTOLOKING,MANTOLOKING PD,Mantoloking,,A,35,New Jersey,NJ,NJ,2,Middle Atlantic,1,Northeast,Region I,City,324,23382,NJUCR0001,New Jersey State Police Uniform Crime Reporting Unit,Y,11,7,"Cities under 2,500",7,"Cities under 2,500",N,11,,Y,8,0,8,1,1,2,27.8,30.9,2021-01-01,2021-07-01,2021-08-01,2021-08-01,2021-08-01,2021-08-01,N,OCEAN,"New York-Newark-Jersey City, NY-NJ-PA",Y,Y,Y
125962022,12596,2022,NJ0152000,NJ0152000,,N,N,,I,OCEAN TOWNSHIP,OCEAN TWP PD WARETOWN,"Ocean Township, Ocean County",,A,35,New Jersey,NJ,NJ,2,Middle Atlantic,1,Northeast,Region I,City,9031,23382,NJUCR0001,New Jersey State Police Uniform Crime Reporting Unit,Y,10,6,"Cities from 2,500 thru 9,999",6,"Cities from 2,500 thru 9,999",N,10,,Y,21,4,25,1,6,7,2.4,3.5,2021-01-01,2021-02-01,2021-05-01,2021-05-01,2021-05-01,2021-05-01,N,OCEAN,"New York-Newark-Jersey City, NY-NJ-PA",Y,Y,Y
125972022,12597,2022,NJ0152100,NJ0152100,,N,N,,I,OCEAN GATE,OCEAN GATE PD,Ocean Gate,,A,35,New Jersey,NJ,NJ,2,Middle Atlantic,1,Northeast,Region I,City,2000,23382,NJUCR0001,New Jersey State Police Uniform Crime Reporting Unit,Y,11,7,"Cities under 2,500",7,"Cities under 2,500",N,11,,Y,12,0,12,0,1,1,6.0,6.5,2021-01-01,2021-09-01,2022-03-01,2022-03-01,2022-03-01,2022-03-01,N,OCEAN,"New York-Newark-Jersey City, NY-NJ-PA",Y,Y,Y
125982022,12598,2022,NJ0152200,NJ0152200,,N,N,,I,PINE BEACH,PINE BEACH PD,Pine Beach,,A,35,New Jersey,NJ,NJ,2,Middle Atlantic,1,Northeast,Region I,City,2201,23382,NJUCR0001,New Jersey State Police Uniform Crime Reporting Unit,Y,11,7,"Cities under 2,500",7,"Cities under 2,500",N,11,,Y,5,0,5,1,1,2,2.7,3.2,2021-01-01,2022-04-01,2022-04-01,2022-04-01,2022-04-01,2022-04-01,N,OCEAN,"New York-Newark-Jersey City, NY-NJ-PA",Y,Y,Y
126012022,12601,2022,NJ0152500,NJ0152500,,N,N,,I,POINT PLEASANT BEACH,POINT PLEASANT BEACH PD,Point Pleasant Beach,,A,35,New Jersey,NJ,NJ,2,Middle Atlantic,1,Northeast,Region I,City,4903,23382,NJUCR0001,New Jersey State Police Uniform Crime Reporting Unit,Y,10,6,"Cities from 2,500 thru 9,999",6,"Cities from 2,500 thru 9,999",N,10,,Y,24,3,27,1,3,4,5.1,6.3,2021-01-01,2021-05-01,2021-08-01,2021-08-01,2021-08-01,2021-08-01,N,OCEAN,"New York-Newark-Jersey City, NY-NJ-PA",Y,Y,Y
126022022,12602,2022,NJ0152600,NJ0152600,,N,N,,I,SEASIDE HEIGHTS,SEASIDE HEIGHTS PD,Seaside Heights,,A,35,New Jersey,NJ,NJ,2,Middle Atlantic,1,Northeast,Region I,City,2507,23382,NJUCR0001,New Jersey State Police Uniform Crime Reporting Unit,Y,10,6,"Cities from 2,500 thru 9,999",6,"Cities from 2,500 thru 9,999",N,10,,Y,26,0,26,1,3,4,10.8,12.0,2021-01-01,2022-01-01,2022-01-01,2022-01-01,2022-01-01,2022-01-01,N,OCEAN,"New York-Newark-Jersey City, NY-NJ-PA",Y,Y,Y
126032022,12603,2022,NJ0152700,NJ0152700,,N,N,,I,SEASIDE PARK,SEASIDE PARK PD,Seaside Park,,A,35,New Jersey,NJ,NJ,2,Middle Atlantic,1,Northeast,Region I,City,1486,23382,NJUCR0001,New Jersey State Police Uniform Crime Reporting Unit,Y,11,7,"Cities under 2,500",7,"Cities under 2,500",N,11,,Y,12,0,12,1,1,2,8.7,9.4,2021-01-01,2021-01-01,2021-05-01,2021-05-01,2021-05-01,2021-05-01,N,OCEAN,"New York-Newark-Jersey City, NY-NJ-PA",Y,Y,Y
126042022,12604,2022,NJ0152800,NJ0152800,,N,N,,I,SHIP BOTTOM,SHIP BOTTOM PD,Ship Bottom,,A,35,New Jersey,NJ,NJ,2,Middle Atlantic,1,Northeast,Region I,City,1135,23382,NJUCR0001,New Jersey State Police Uniform Crime Reporting Unit,Y,11,7,"Cities under 2,500",7,"Cities under 2,500",N,11,,Y,13,2,15,0,0,0,11.5,13.2,2021-01-01,2021-10-01,2021-10-01,2021-10-01,2021-10-01,2021-10-01,N,OCEAN,"New York-Newark-Jersey City, NY-NJ-PA",Y,Y,Y
126052022,12605,2022,NJ0152900,NJ0152900,,N,N,,I,SOUTH TOMS RIVER,SOUTH TOMS RIVER PD,South Toms River,,A,35,New Jersey,NJ,NJ,2,Middle Atlantic,1,Northeast,Region I,City,3752,23382,NJUCR0001,New Jersey State Police Uniform Crime Reporting Unit,Y,10,6,"Cities from 2,500 thru 9,999",6,"Cities from 2,500 thru 9,999",N,10,,Y,10,0,10,1,1,2,2.9,3.2,2021-01-01,2021-06-01,2021-06-01,2021-06-01,2021-06-01,2021-06-01,N,OCEAN,"New York-Newark-Jersey City, NY-NJ-PA",Y,Y,Y
126062022,12606,2022,NJ0153000,NJ0153000,,N,N,,I,STAFFORD TOWNSHIP,STAFFORD TWP PD MANAHAWKIN,Stafford Township,,A,35,New Jersey,NJ,NJ,2,Middle Atlantic,1,Northeast,Region I,City,30365,23382,NJUCR0001,New Jersey State Police Uniform Crime Reporting Unit,Y,8,4,"Cities from 25,000 thru 49,999",4,"Cities from 25,000 thru 49,999",N,8,,Y,57,10,67,2,15,17,1.9,2.8,2021-01-01,2021-01-01,2021-08-01,2021-08-01,2021-08-01,2021-08-01,N,OCEAN,"New York-Newark-Jersey City, NY-NJ-PA",Y,Y,Y
126092022,12609,2022,NJ0153300,NJ0153300,,N,N,,I,BARNEGAT TOWNSHIP,BARNEGAT TWP PD BARNEGAT,Barnegat Township,,A,35,New Jersey,NJ,NJ,2,Middle Atlantic,1,Northeast,Region I,City,25142,23382,NJUCR0001,New Jersey State Police Uniform Crime Reporting Unit,Y,8,4,"Cities from 25,000 thru 49,999",4,"Cities from 25,000 thru 49,999",N,8,,Y,48,1,49,4,1,5,2.1,2.1,2021-01-01,2021-09-01,2021-09-01,2021-09-01,2021-09-01,2021-09-01,N,OCEAN,"New York-Newark-Jersey City, NY-NJ-PA",Y,Y,Y
126142022,12614,2022,NJ0160000,NJ0160000,,N,N,,I,PASSAIC,PASSAIC CO SHERIFFS OFF PATERSON,Passaic,,A,35,New Jersey,NJ,NJ,2,Middle Atlantic,1,Northeast,Region I,County,0,23382,NJUCR0001,New Jersey State Police Uniform Crime Reporting Unit,Y,22,9D,"MSA counties under 10,000",9,MSA Counties,N,22,,Y,419,57,476,68,71,139,0,0,2021-01-01,2021-06-01,2022-12-01,2022-12-01,2022-12-01,2022-12-01,N,PASSAIC,"New York-Newark-Jersey City, NY-NJ-PA",Y,Y,Y
126152022,12615,2022,NJ0160100,NJ0160100,,N,N,,I,BLOOMINGDALE,BLOOMINGDALE PD,Bloomingdale,,A,35,New Jersey,NJ,NJ,2,Middle Atlantic,1,Northeast,Region I,City,7616,23382,NJUCR0001,New Jersey State Police Uniform Crime Reporting Unit,Y,10,6,"Cities from 2,500 thru 9,999",6,"Cities from 2,500 thru 9,999",N,10,,Y,17,0,17,1,1,2,2.4,2.5,2021-01-01,2021-01-01,2021-01-01,2021-03-01,2021-03-01,2021-03-01,N,PASSAIC,"New York-Newark-Jersey City, NY-NJ-PA",Y,Y,Y
126182022,12618,2022,NJ0160400,NJ0160400,,N,N,,I,HAWTHORNE,HAWTHORNE PD,Hawthorne,,A,35,New Jersey,NJ,NJ,2,Middle Atlantic,1,Northeast,Region I,City,19163,23382,NJUCR0001,New Jersey State Police Uniform Crime Reporting Unit,Y,9,5,"Cities from 10,000 thru 24,999",5,"Cities from 10,000 thru 24,999",N,9,,Y,34,1,35,2,5,7,1.9,2.2,2021-01-01,2021-01-01,2021-05-01,2021-05-01,2021-05-01,2021-05-01,N,PASSAIC,"New York-Newark-Jersey City, NY-NJ-PA",Y,Y,Y
126202022,12620,2022,NJ0160600,NJ0160600,,N,N,,I,NORTH HALEDON,NORTH HALEDON PD PATERSON,North Haledon,,A,35,New Jersey,NJ,NJ,2,Middle Atlantic,1,Northeast,Region I,City,8788,23382,NJUCR0001,New Jersey State Police Uniform Crime Reporting Unit,Y,10,6,"Cities from 2,500 thru 9,999",6,"Cities from 2,500 thru 9,999",N,10,,Y,23,4,27,2,0,2,2.8,3.3,2021-01-01,2021-03-01,2021-07-01,2021-07-01,2021-07-01,2021-07-01,N,PASSAIC,"New York-Newark-Jersey City, NY-NJ-PA",Y,Y,Y
126212022,12621,2022,NJ0160700,NJ0160700,,N,N,,I,PASSAIC,PASSAIC PD,Passaic,,A,35,New Jersey,NJ,NJ,2,Middle Atlantic,1,Northeast,Region I,City,69003,23382,NJUCR0001,New Jersey State Police Uniform Crime Reporting Unit,N,7,3,"Cities from 50,000 thru 99,999",3,"Cities from 50,000 thru 99,999",N,7,,Y,137,6,143,23,18,41,2.3,2.7,2021-01-01,2021-01-01,2021-12-01,2021-12-01,2021-12-01,2021-12-01,N,PASSAIC,"New York-Newark-Jersey City, NY-NJ-PA",Y,Y,Y
126232022,12623,2022,NJ0160900,NJ0160900,,N,N,,I,POMPTON LAKES,POMPTON LAKES PD,Pompton Lakes,,A,35,New Jersey,NJ,NJ,2,Middle Atlantic,1,Northeast,Region I,City,10875,23382,NJUCR0001,New Jersey State Police Uniform Crime Reporting Unit,Y,9,5,"Cities from 10,000 thru 24,999",5,"Cities from 10,000 thru 24,999",N,9,,Y,23,2,25,1,3,4,2.2,2.7,2021-01-01,2021-01-01,2021-01-01,2021-04-01,2021-04-01,2021-04-01,N,PASSAIC,"New York-Newark-Jersey City, NY-NJ-PA",Y,Y,Y
126252022,12625,2022,NJ0161100,NJ0161100,,N,N,,I,RINGWOOD,RINGWOOD PD,Ringwood,,A,35,New Jersey,NJ,NJ,2,Middle Atlantic,1,Northeast,Region I,City,11456,23382,NJUCR0001,New Jersey State Police Uniform Crime Reporting Unit,Y,9,5,"Cities from 10,000 thru 24,999",5,"Cities from 10,000 thru 24,999",N,9,,Y,18,3,21,1,2,3,1.7,2.1,2021-01-01,2021-01-01,2022-02-01,2022-02-01,2022-02-01,2022-02-01,N,PASSAIC,"New York-Newark-Jersey City, NY-NJ-PA",Y,Y,Y
126272022,12627,2022,NJ0161300,NJ0161300,,N,N,,I,WANAQUE,WANAQUE PD,Wanaque,,A,35,New Jersey,NJ,NJ,2,Middle Atlantic,1,Northeast,Region I,City,11089,23382,NJUCR0001,New Jersey State Police Uniform Crime Reporting Unit,Y,9,5,"Cities from 10,000 thru 24,999",5,"Cities from 10,000 thru 24,999",N,9,,Y,22,2,24,2,3,5,2.2,2.6,2021-01-01,2021-01-01,2021-12-01,2021-12-01,2021-12-01,2021-12-01,N,PASSAIC,"New York-Newark-Jersey City, NY-NJ-PA",Y,Y,Y
126282022,12628,2022,NJ0161400,NJ0161400,,N,N,,I,WAYNE TOWNSHIP,WAYNE TWP PD WAYNE,Wayne Township,,A,35,New Jersey,NJ,NJ,2,Middle Atlantic,1,Northeast,Region I,City,53828,23382,NJUCR0001,New Jersey State Police Uniform Crime Reporting Unit,N,7,3,"Cities from 50,000 thru 99,999",3,"Cities from 50,000 thru 99,999",N,7,,Y,121,11,132,10,14,24,2.4,2.9,2021-01-01,2021-04-01,2021-06-01,2021-06-01,2021-06-01,2021-06-01,N,PASSAIC,"New York-Newark-Jersey City, NY-NJ-PA",Y,Y,Y
126292022,12629,2022,NJ0161500,NJ0161500,,N,N,,I,WEST MILFORD TOWNSHIP,WEST MILFORD PD,West Milford Township,,A,35,New Jersey,NJ,NJ,2,Middle Atlantic,1,Northeast,Region I,City,24373,23382,NJUCR0001,New Jersey State Police Uniform Crime Reporting Unit,Y,9,5,"Cities from 10,000 thru 24,999",5,"Cities from 10,000 thru 24,999",N,9,,Y,40,1,41,5,6,11,1.8,2.1,2021-01-01,2021-01-01,2021-09-01,2021-09-01,2021-09-01,2021-09-01,N,PASSAIC,"New York-Newark-Jersey City, NY-NJ-PA",Y,Y,Y
126302022,12630,2022,NJ0161600,NJ0161600,,N,N,,I,WOODLAND PARK,WOODLAND PARK PD,Woodland Park,,A,35,New Jersey,NJ,NJ,2,Middle Atlantic,1,Northeast,Region I,City,13171,23382,NJUCR0001,New Jersey State Police Uniform Crime Reporting Unit,Y,9,5,"Cities from 10,000 thru 24,999",5,"Cities from 10,000 thru 24,999",N,9,,Y,28,3,31,3,2,5,2.4,2.7,2021-01-01,2021-01-01,2021-04-01,2021-04-01,2021-04-01,2021-04-01,N,PASSAIC,"New York-Newark-Jersey City, NY-NJ-PA",Y,Y,Y
126362022,12636,2022,NJ0170000,NJ0170000,,N,N,,I,SALEM,SALEM CO SHERIFFS OFF SALEM,Salem,,A,35,New Jersey,NJ,NJ,2,Middle Atlantic,1,Northeast,Region I,County,0,23382,NJUCR0001,New Jersey State Police Uniform Crime Reporting Unit,Y,22,9D,"MSA counties under 10,000",9,MSA Counties,N,22,,Y,144,12,156,44,39,83,0,0,2021-01-01,2021-01-01,2021-03-01,2021-03-01,2021-03-01,2021-03-01,N,SALEM,"Philadelphia-Camden-Wilmington, PA-NJ-DE-MD",Y,Y,Y
126372022,12637,2022,NJ0170200,NJ0170200,,N,N,,I,ELMER,ELMER PD,Elmer,,A,35,New Jersey,NJ,NJ,2,Middle Atlantic,1,Northeast,Region I,City,1378,23382,NJUCR0001,New Jersey State Police Uniform Crime Reporting Unit,Y,11,7,"Cities under 2,500",7,"Cities under 2,500",N,11,,Y,2,0,2,0,0,0,1.5,1.5,2021-01-01,2021-01-01,2022-05-01,2022-05-01,2022-05-01,2022-05-01,N,SALEM,"Philadelphia-Camden-Wilmington, PA-NJ-DE-MD",Y,Y,Y
126392022,12639,2022,NJ0170400,NJ0170400,,N,N,,I,LOWER ALLOWAYS CREEK TOW,LOWER ALLOWAYS CREEK TWP PD HANCOCKS BRIDGE,Lower Alloways Creek Township,,A,35,New Jersey,NJ,NJ,2,Middle Atlantic,1,Northeast,Region I,City,1722,23382,NJUCR0001,New Jersey State Police Uniform Crime Reporting Unit,Y,11,7,"Cities under 2,500",7,"Cities under 2,500",N,11,,Y,12,0,12,0,0,0,7.0,7.0,2021-01-01,2021-12-01,2021-12-01,2021-12-01,2021-12-01,2021-12-01,N,SALEM,"Philadelphia-Camden-Wilmington, PA-NJ-DE-MD",Y,Y,Y
126402022,12640,2022,NJ0170500,NJ0170500,,N,N,,I,PENNSVILLE TOWNSHIP,PENNSVILLE TWP PD PENNSVILLE,Pennsville Township,,A,35,New Jersey,NJ,NJ,2,Middle Atlantic,1,Northeast,Region I,City,12651,23382,NJUCR0001,New Jersey State Police Uniform Crime Reporting Unit,Y,9,5,"Cities from 10,000 thru 24,999",5,"Cities from 10,000 thru 24,999",N,9,,Y,22,1,23,0,1,1,1.7,1.9,2021-01-01,2021-02-01,2022-05-01,2022-05-01,2022-05-01,2022-05-01,N,SALEM,"Philadelphia-Camden-Wilmington, PA-NJ-DE-MD",Y,Y,Y
126412022,12641,2022,NJ0170800,NJ0170800,,N,N,,I,PENNS GROVE,PENNS GROVE PD,Penns Grove,,A,35,New Jersey,NJ,NJ,2,Middle Atlantic,1,Northeast,Region I,City,4821,23382,NJUCR0001,New Jersey State Police Uniform Crime Reporting Unit,Y,10,6,"Cities from 2,500 thru 9,999",6,"Cities from 2,500 thru 9,999",N,10,,Y,14,0,14,0,1,1,2.9,3.1,2021-01-01,2022-01-01,2022-06-01,2022-06-01,2022-06-01,2022-06-01,N,SALEM,"Philadelphia-Camden-Wilmington, PA-NJ-DE-MD",Y,Y,Y
126422022,12642,2022,NJ0171200,NJ0171200,,N,N,,I,SALEM,SALEM PD,Salem,,A,35,New Jersey,NJ,NJ,2,Middle Atlantic,1,Northeast,Region I,City,5319,23382,NJUCR0001,New Jersey State Police Uniform Crime Reporting Unit,Y,10,6,"Cities from 2,500 thru 9,999",6,"Cities from 2,500 thru 9,999",N,10,,Y,20,0,20,2,1,3,4.1,4.3,2021-01-01,2021-12-01,2021-12-01,2021-12-01,2021-12-01,2021-12-01,N,SALEM,"Philadelphia-Camden-Wilmington, PA-NJ-DE-MD",Y,Y,Y
126432022,12643,2022,NJ0171300,NJ0171300,,N,N,,I,CARNEY'S POINT TOWNSHIP,CARNEYS POINT TOWNSHIP POLICEDEPARTMENT,Carney's Point Township,,A,35,New Jersey,NJ,NJ,2,Middle Atlantic,1,Northeast,Region I,City,8763,23382,NJUCR0001,New Jersey State Police Uniform Crime Reporting Unit,Y,10,6,"Cities from 2,500 thru 9,999",6,"Cities from 2,500 thru 9,999",N,10,,Y,19,0,19,2,2,4,2.4,2.6,2021-01-01,2021-04-01,2022-05-01,2022-05-01,2022-05-01,2022-05-01,N,SALEM,"Philadelphia-Camden-Wilmington, PA-NJ-DE-MD",Y,Y,Y
126442022,12644,2022,NJ0171500,NJ0171500,,N,N,,I,WOODSTOWN,WOODSTOWN PD,Woodstown,,A,35,New Jersey,NJ,NJ,2,Middle Atlantic,1,Northeast,Region I,City,3692,23382,NJUCR0001,New Jersey State Police Uniform Crime Reporting Unit,Y,10,6,"Cities from 2,500 thru 9,999",6,"Cities from 2,500 thru 9,999",N,10,,Y,9,0,9,0,1,1,2.4,2.7,2021-01-01,2021-05-01,2022-05-01,2022-05-01,2022-05-01,2022-05-01,N,SALEM,"Philadelphia-Camden-Wilmington, PA-NJ-DE-MD",Y,Y,Y
126502022,12650,2022,NJ0180200,NJ0180200,,N,N,,I,BERNARDS TOWNSHIP,BERNARDS TWP PD BASKING RIDGE,Bernards Township,,A,35,New Jersey,NJ,NJ,2,Middle Atlantic,1,Northeast,Region I,City,27682,23382,NJUCR0001,New Jersey State Police Uniform Crime Reporting Unit,Y,8,4,"Cities from 25,000 thru 49,999",4,"Cities from 25,000 thru 49,999",N,8,,Y,35,1,36,3,2,5,1.4,1.5,2021-01-01,2021-01-01,2021-11-01,2021-11-01,2021-11-01,2021-11-01,N,SOMERSET,"New York-Newark-Jersey City, NY-NJ-PA",Y,Y,Y
126512022,12651,2022,NJ0180300,NJ0180300,,N,N,,I,BERNARDSVILLE,BERNARDSVILLE PD,Bernardsville,,A,35,New Jersey,NJ,NJ,2,Middle Atlantic,1,Northeast,Region I,City,7786,23382,NJUCR0001,New Jersey State Police Uniform Crime Reporting Unit,Y,10,6,"Cities from 2,500 thru 9,999",6,"Cities from 2,500 thru 9,999",N,10,,Y,22,4,26,0,2,2,2.8,3.6,2021-01-01,2021-01-01,2021-09-01,2021-09-01,2021-09-01,2021-09-01,N,SOMERSET,"New York-Newark-Jersey City, NY-NJ-PA",Y,Y,Y
126552022,12655,2022,NJ0180700,NJ0180700,,N,N,,I,FAR HILLS,FAR HILLS PD,Far Hills,,A,35,New Jersey,NJ,NJ,2,Middle Atlantic,1,Northeast,Region I,City,908,23382,NJUCR0001,New Jersey State Police Uniform Crime Reporting Unit,Y,11,7,"Cities under 2,500",7,"Cities under 2,500",N,11,,Y,7,0,7,0,1,1,7.7,8.8,2021-01-01,2021-01-01,2021-01-01,2021-04-01,2021-04-01,2021-04-01,N,SOMERSET,"New York-Newark-Jersey City, NY-NJ-PA",Y,Y,Y
126582022,12658,2022,NJ0181000,NJ0181000,,N,N,,I,HILLSBOROUGH TOWNSHIP,HILLSBOROUGH TOWNSHIP POLICE DEPARTMENT,Hillsborough Township,,A,35,New Jersey,NJ,NJ,2,Middle Atlantic,1,Northeast,Region I,City,42893,23382,NJUCR0001,New Jersey State Police Uniform Crime Reporting Unit,Y,8,4,"Cities from 25,000 thru 49,999",4,"Cities from 25,000 thru 49,999",N,8,,Y,55,2,57,2,6,8,1.3,1.5,2021-01-01,2021-01-01,2021-06-01,2021-06-01,2021-06-01,2021-06-01,N,SOMERSET,"New York-Newark-Jersey City, NY-NJ-PA",Y,Y,Y
126612022,12661,2022,NJ0181400,NJ0181400,,N,N,,I,NORTH PLAINFIELD,NORTH PLAINFIELD PD,North Plainfield,,A,35,New Jersey,NJ,NJ,2,Middle Atlantic,1,Northeast,Region I,City,22394,23382,NJUCR0001,New Jersey State Police Uniform Crime Reporting Unit,Y,9,5,"Cities from 10,000 thru 24,999",5,"Cities from 10,000 thru 24,999",N,9,,Y,43,3,46,3,6,9,2.1,2.5,2021-01-01,2021-01-01,2022-02-01,2022-02-01,2022-02-01,2022-02-01,N,SOMERSET,"New York-Newark-Jersey City, NY-NJ-PA",Y,Y,Y
126662022,12666,2022,NJ0182000,NJ0182000,,N,N,,I,WARREN TOWNSHIP,WARREN PD,Warren Township,,A,35,New Jersey,NJ,NJ,2,Middle Atlantic,1,Northeast,Region I,City,15747,23382,NJUCR0001,New Jersey State Police Uniform Crime Reporting Unit,Y,9,5,"Cities from 10,000 thru 24,999",5,"Cities from 10,000 thru 24,999",N,9,,Y,30,3,33,1,4,5,2.0,2.4,2021-01-01,2021-01-01,2021-01-01,2021-05-01,2021-05-01,2021-05-01,N,SOMERSET,"New York-Newark-Jersey City, NY-NJ-PA",Y,Y,Y
126672022,12667,2022,NJ0182100,NJ0182100,,N,N,,I,WATCHUNG,WATCHUNG PD,Watchung,,A,35,New Jersey,NJ,NJ,2,Middle Atlantic,1,Northeast,Region I,City,6468,23382,NJUCR0001,New Jersey State Police Uniform Crime Reporting Unit,Y,10,6,"Cities from 2,500 thru 9,999",6,"Cities from 2,500 thru 9,999",N,10,,Y,26,4,30,2,2,4,4.3,5.3,2021-01-01,2021-03-01,2021-05-01,2021-05-01,2021-05-01,2021-05-01,N,SOMERSET,"New York-Newark-Jersey City, NY-NJ-PA",Y,Y,Y
126732022,12673,2022,NJ0190200,NJ0190200,,N,N,,I,ANDOVER TOWNSHIP,ANDOVER TWP PD NEWTON,Andover Township,,A,35,New Jersey,NJ,NJ,2,Middle Atlantic,1,Northeast,Region I,City,6227,23382,NJUCR0001,New Jersey State Police Uniform Crime Reporting Unit,Y,10,6,"Cities from 2,500 thru 9,999",6,"Cities from 2,500 thru 9,999",N,10,,Y,12,2,14,0,3,3,1.9,2.7,2021-01-01,2021-02-01,2021-09-01,2021-09-01,2021-09-01,2021-09-01,N,SUSSEX,"New York-Newark-Jersey City, NY-NJ-PA",Y,Y,Y
126752022,12675,2022,NJ0190600,NJ0190600,,N,N,,I,FRANKLIN,FRANKLIN PD,Franklin,,A,35,New Jersey,NJ,NJ,2,Middle Atlantic,1,Northeast,Region I,City,4983,23382,NJUCR0001,New Jersey State Police Uniform Crime Reporting Unit,Y,10,6,"Cities from 2,500 thru 9,999",6,"Cities from 2,500 thru 9,999",N,10,,Y,16,0,16,0,1,1,3.2,3.4,2021-01-01,2021-01-01,2021-12-01,2021-12-01,2021-12-01,2021-12-01,N,SUSSEX,"New York-Newark-Jersey City, NY-NJ-PA",Y,Y,Y
126762022,12676,2022,NJ0190900,NJ0190900,,N,N,,I,HAMBURG,HAMBURG PD,Hamburg,,A,35,New Jersey,NJ,NJ,2,Middle Atlantic,1,Northeast,Region I,City,3311,23382,NJUCR0001,New Jersey State Police Uniform Crime Reporting Unit,Y,10,6,"Cities from 2,500 thru 9,999",6,"Cities from 2,500 thru 9,999",N,10,,Y,8,0,8,1,1,2,2.7,3.0,2021-01-01,2021-01-01,2021-12-01,2021-12-01,2021-12-01,2021-12-01,N,SUSSEX,"New York-Newark-Jersey City, NY-NJ-PA",Y,Y,Y
126772022,12677,2022,NJ0191100,NJ0191100,,N,N,,I,HARDYSTON TOWNSHIP,HARDYSTON TWP PD,Hardyston Township,,A,35,New Jersey,NJ,NJ,2,Middle Atlantic,1,Northeast,Region I,City,8351,23382,NJUCR0001,New Jersey State Police Uniform Crime Reporting Unit,Y,10,6,"Cities from 2,500 thru 9,999",6,"Cities from 2,500 thru 9,999",N,10,,Y,20,2,22,0,4,4,2.4,3.1,2021-01-01,2021-02-01,2021-06-01,2021-06-01,2021-06-01,2021-06-01,N,SUSSEX,"New York-Newark-Jersey City, NY-NJ-PA",Y,Y,Y
126782022,12678,2022,NJ0191200,NJ0191200,,N,N,,I,HOPATCONG,HOPATCONG BORO PD,Hopatcong,,A,35,New Jersey,NJ,NJ,2,Middle Atlantic,1,Northeast,Region I,City,14561,23382,NJUCR0001,New Jersey State Police Uniform Crime Reporting Unit,Y,9,5,"Cities from 10,000 thru 24,999",5,"Cities from 10,000 thru 24,999",N,9,,Y,26,1,27,2,6,8,1.9,2.4,2021-01-01,2022-01-01,2022-03-01,2022-03-01,2022-03-01,2022-03-01,N,SUSSEX,"New York-Newark-Jersey City, NY-NJ-PA",Y,Y,Y
126792022,12679,2022,NJ0191500,NJ0191500,,N,N,,I,NEWTON,NEWTON PD,Newton,,A,35,New Jersey,NJ,NJ,2,Middle Atlantic,1,Northeast,Region I,City,8593,23382,NJUCR0001,New Jersey State Police Uniform Crime Reporting Unit,Y,10,6,"Cities from 2,500 thru 9,999",6,"Cities from 2,500 thru 9,999",N,10,,Y,22,4,26,0,1,1,2.6,3.1,2021-01-01,2021-02-01,2022-03-01,2022-03-01,2022-03-01,2022-03-01,N,SUSSEX,"New York-Newark-Jersey City, NY-NJ-PA",Y,Y,Y
126802022,12680,2022,NJ0191600,NJ0191600,,N,N,,I,OGDENSBURG,OGDENSBURG PD,Ogdensburg,,A,35,New Jersey,NJ,NJ,2,Middle Atlantic,1,Northeast,Region I,City,2286,23382,NJUCR0001,New Jersey State Police Uniform Crime Reporting Unit,Y,11,7,"Cities under 2,500",7,"Cities under 2,500",N,11,,Y,7,0,7,0,0,0,3.1,3.1,2021-01-01,2021-01-01,2021-12-01,2021-12-01,2021-12-01,2021-12-01,N,SUSSEX,"New York-Newark-Jersey City, NY-NJ-PA",Y,Y,Y
126812022,12681,2022,NJ0191800,NJ0191800,,N,N,,I,SPARTA TOWNSHIP,SPARTA TWP PD SPARTA,Sparta Township,,A,35,New Jersey,NJ,NJ,2,Middle Atlantic,1,Northeast,Region I,City,20348,23382,NJUCR0001,New Jersey State Police Uniform Crime Reporting Unit,Y,9,5,"Cities from 10,000 thru 24,999",5,"Cities from 10,000 thru 24,999",N,9,,Y,31,6,37,2,7,9,1.6,2.3,2021-01-01,2021-01-01,2021-12-01,2021-12-01,2021-12-01,2021-12-01,N,SUSSEX,"New York-Newark-Jersey City, NY-NJ-PA",Y,Y,Y
126822022,12682,2022,NJ0191900,NJ0191900,,N,N,,I,STANHOPE,STANHOPE PD,Stanhope,,A,35,New Jersey,NJ,NJ,2,Middle Atlantic,1,Northeast,Region I,City,3572,23382,NJUCR0001,New Jersey State Police Uniform Crime Reporting Unit,Y,10,6,"Cities from 2,500 thru 9,999",6,"Cities from 2,500 thru 9,999",N,10,,Y,8,0,8,1,1,2,2.5,2.8,2021-01-01,2021-01-01,2021-12-01,2021-12-01,2021-12-01,2021-12-01,N,SUSSEX,"New York-Newark-Jersey City, NY-NJ-PA",Y,Y,Y
126852022,12685,2022,NJ0192200,NJ0192200,,N,N,,I,VERNON TOWNSHIP,VERNON TWP PD VERNON,Vernon Township,,A,35,New Jersey,NJ,NJ,2,Middle Atlantic,1,Northeast,Region I,City,22623,23382,NJUCR0001,New Jersey State Police Uniform Crime Reporting Unit,Y,9,5,"Cities from 10,000 thru 24,999",5,"Cities from 10,000 thru 24,999",N,9,,Y,31,3,34,1,6,7,1.4,1.8,2021-01-01,2021-01-01,2021-05-01,2021-05-01,2021-05-01,2021-05-01,N,SUSSEX,"New York-Newark-Jersey City, NY-NJ-PA",Y,Y,Y
126902022,12690,2022,NJ0200100,NJ0200100,,N,N,,I,BERKELEY HEIGHTS TOWNSHI,BERKELEY HEIGHTS TWP PD BERKELEY HEIGHTS,Berkeley Heights Township,,A,35,New Jersey,NJ,NJ,2,Middle Atlantic,1,Northeast,Region I,City,13096,23382,NJUCR0001,New Jersey State Police Uniform Crime Reporting Unit,Y,9,5,"Cities from 10,000 thru 24,999",5,"Cities from 10,000 thru 24,999",N,9,,Y,26,1,27,3,2,5,2.2,2.4,2021-01-01,2021-01-01,2022-04-01,2022-04-01,2022-04-01,2022-04-01,N,UNION,"New York-Newark-Jersey City, NY-NJ-PA",Y,Y,Y
126912022,12691,2022,NJ0200200,NJ0200200,,N,N,,I,CLARK TOWNSHIP,CLARK TWP PD CLARK,Clark Township,,A,35,New Jersey,NJ,NJ,2,Middle Atlantic,1,Northeast,Region I,City,15308,23382,NJUCR0001,New Jersey State Police Uniform Crime Reporting Unit,Y,9,5,"Cities from 10,000 thru 24,999",5,"Cities from 10,000 thru 24,999",N,9,,Y,43,3,46,2,8,10,2.9,3.7,2021-01-01,2021-01-01,2022-03-01,2022-03-01,2022-03-01,2022-03-01,N,UNION,"New York-Newark-Jersey City, NY-NJ-PA",Y,Y,Y
126922022,12692,2022,NJ0200300,NJ0200300,,N,N,,I,CRANFORD TOWNSHIP,CRANFORD TWP PD CRANFORD,Cranford Township,,A,35,New Jersey,NJ,NJ,2,Middle Atlantic,1,Northeast,Region I,City,24133,23382,NJUCR0001,New Jersey State Police Uniform Crime Reporting Unit,Y,9,5,"Cities from 10,000 thru 24,999",5,"Cities from 10,000 thru 24,999",N,9,,Y,48,7,55,5,5,10,2.2,2.7,2021-01-01,2021-01-01,2021-05-01,2021-05-01,2021-05-01,2021-05-01,N,UNION,"New York-Newark-Jersey City, NY-NJ-PA",Y,Y,Y
126932022,12693,2022,NJ0200400,NJ0200400,,N,N,,I,ELIZABETH,ELIZABETH PD,Elizabeth,,A,35,New Jersey,NJ,NJ,2,Middle Atlantic,1,Northeast,Region I,City,134065,23382,NJUCR0001,New Jersey State Police Uniform Crime Reporting Unit,N,6,2,"Cities from 100,000 thru 249,999",2,"Cities from 100,000 thru 249,999",Y,6,,Y,303,44,347,40,61,101,2.6,3.3,2021-01-01,2021-01-01,2021-06-01,2021-06-01,2021-06-01,2021-06-01,N,UNION,"New York-Newark-Jersey City, NY-NJ-PA",Y,Y,Y
126942022,12694,2022,NJ0200500,NJ0200500,,N,N,,I,FANWOOD,FANWOOD PD,Fanwood,,A,35,New Jersey,NJ,NJ,2,Middle Atlantic,1,Northeast,Region I,City,7654,23382,NJUCR0001,New Jersey State Police Uniform Crime Reporting Unit,Y,10,6,"Cities from 2,500 thru 9,999",6,"Cities from 2,500 thru 9,999",N,10,,Y,14,1,15,2,1,3,2.1,2.4,2021-01-01,2022-05-01,2023-01-01,2023-01-01,2023-01-01,2023-01-01,N,UNION,"New York-Newark-Jersey City, NY-NJ-PA",Y,Y,Y
126962022,12696,2022,NJ0200700,NJ0200700,,N,N,,I,HILLSIDE TOWNSHIP,HILLSIDE TWP PD HILLSIDE,Hillside Township,,A,35,New Jersey,NJ,NJ,2,Middle Atlantic,1,Northeast,Region I,City,22026,23382,NJUCR0001,New Jersey State Police Uniform Crime Reporting Unit,Y,9,5,"Cities from 10,000 thru 24,999",5,"Cities from 10,000 thru 24,999",N,9,,Y,53,4,57,13,5,18,3.0,3.4,2021-01-01,2021-01-01,2021-04-01,2021-04-01,2021-04-01,2021-04-01,N,UNION,"New York-Newark-Jersey City, NY-NJ-PA",Y,Y,Y
126972022,12697,2022,NJ0200800,NJ0200800,,N,N,,I,KENILWORTH,KENILWORTH PD,Kenilworth,,A,35,New Jersey,NJ,NJ,2,Middle Atlantic,1,Northeast,Region I,City,8280,23382,NJUCR0001,New Jersey State Police Uniform Crime Reporting Unit,Y,10,6,"Cities from 2,500 thru 9,999",6,"Cities from 2,500 thru 9,999",N,10,,Y,25,1,26,1,4,5,3.1,3.7,2021-01-01,2021-01-01,2021-01-01,2021-04-01,2021-04-01,2021-04-01,N,UNION,"New York-Newark-Jersey City, NY-NJ-PA",Y,Y,Y
126992022,12699,2022,NJ0201000,NJ0201000,,N,N,,I,MOUNTAINSIDE,MOUNTAINSIDE PD,Mountainside,,A,35,New Jersey,NJ,NJ,2,Middle Atlantic,1,Northeast,Region I,City,7019,23382,NJUCR0001,New Jersey State Police Uniform Crime Reporting Unit,Y,10,6,"Cities from 2,500 thru 9,999",6,"Cities from 2,500 thru 9,999",N,10,,Y,20,4,24,2,1,3,3.1,3.8,2021-01-01,2022-02-01,2022-05-01,2022-05-01,2022-05-01,2022-05-01,N,UNION,"New York-Newark-Jersey City, NY-NJ-PA",Y,Y,Y
127022022,12702,2022,NJ0201300,NJ0201300,,N,N,,I,RAHWAY,RAHWAY PD,Rahway,,A,35,New Jersey,NJ,NJ,2,Middle Atlantic,1,Northeast,Region I,City,30149,23382,NJUCR0001,New Jersey State Police Uniform Crime Reporting Unit,Y,8,4,"Cities from 25,000 thru 49,999",4,"Cities from 25,000 thru 49,999",N,8,,Y,69,5,74,9,10,19,2.6,3.1,2021-01-01,2021-01-01,2021-01-01,2021-04-01,2021-04-01,2021-04-01,N,UNION,"New York-Newark-Jersey City, NY-NJ-PA",Y,Y,Y
127042022,12704,2022,NJ0201500,NJ0201500,,N,N,,I,ROSELLE PARK,ROSELLE PARK PD,Roselle Park,,A,35,New Jersey,NJ,NJ,2,Middle Atlantic,1,Northeast,Region I,City,13825,23382,NJUCR0001,New Jersey State Police Uniform Crime Reporting Unit,Y,9,5,"Cities from 10,000 thru 24,999",5,"Cities from 10,000 thru 24,999",N,9,,Y,33,0,33,1,2,3,2.5,2.6,2021-01-01,2021-01-01,2022-02-01,2022-02-01,2022-02-01,2022-02-01,N,UNION,"New York-Newark-Jersey City, NY-NJ-PA",Y,Y,Y
127052022,12705,2022,NJ0201600,NJ0201600,,N,N,,I,SCOTCH PLAINS TOWNSHIP,SCOTCH PLAINS PD,Scotch Plains Township,,A,35,New Jersey,NJ,NJ,2,Middle Atlantic,1,Northeast,Region I,City,24490,23382,NJUCR0001,New Jersey State Police Uniform Crime Reporting Unit,Y,9,5,"Cities from 10,000 thru 24,999",5,"Cities from 10,000 thru 24,999",N,9,,Y,44,0,44,5,3,8,2.0,2.1,2021-01-01,2021-01-01,2022-04-01,2022-04-01,2022-04-01,2022-04-01,N,UNION,"New York-Newark-Jersey City, NY-NJ-PA",Y,Y,Y
127062022,12706,2022,NJ0201700,NJ0201700,,N,N,,I,"SPRINGFIELD TOWNSHIP, UNION COUNTY",SPRINGFIELD TWP PD SPRINGFIELD,"Springfield Township, Union County",,A,35,New Jersey,NJ,NJ,2,Middle Atlantic,1,Northeast,Region I,City,16860,23382,NJUCR0001,New Jersey State Police Uniform Crime Reporting Unit,Y,9,5,"Cities from 10,000 thru 24,999",5,"Cities from 10,000 thru 24,999",N,9,,Y,38,0,38,6,4,10,2.6,2.8,2021-01-01,2021-01-01,2021-01-01,2021-04-01,2021-04-01,2021-04-01,N,UNION,"New York-Newark-Jersey City, NY-NJ-PA",Y,Y,Y
127082022,12708,2022,NJ0201900,NJ0201900,,N,N,,I,UNION TOWNSHIP,UNION PD,Union Township,,A,35,New Jersey,NJ,NJ,2,Middle Atlantic,1,Northeast,Region I,City,59622,23382,NJUCR0001,New Jersey State Police Uniform Crime Reporting Unit,N,7,3,"Cities from 50,000 thru 99,999",3,"Cities from 50,000 thru 99,999",N,7,,Y,130,29,159,13,30,43,2.4,3.4,2021-01-01,2022-04-01,2022-08-01,2022-08-01,2022-08-01,2022-08-01,N,UNION,"New York-Newark-Jersey City, NY-NJ-PA",Y,Y,Y
127092022,12709,2022,NJ0202000,NJ0202000,,N,N,,I,WESTFIELD,WESTFIELD PD,Westfield,,A,35,New Jersey,NJ,NJ,2,Middle Atlantic,1,Northeast,Region I,City,30628,23382,NJUCR0001,New Jersey State Police Uniform Crime Reporting Unit,Y,8,4,"Cities from 25,000 thru 49,999",4,"Cities from 25,000 thru 49,999",N,8,,Y,57,7,64,4,8,12,2.0,2.5,2021-01-01,2021-01-01,2021-11-01,2021-11-01,2021-11-01,2021-11-01,N,UNION,"New York-Newark-Jersey City, NY-NJ-PA",Y,Y,Y
127112022,12711,2022,NJ0202400,NJ0202400,,N,N,,I,KEAN UNIVERSITY,KEAN UNIVERSITY POLICE DEPARTMENT,Kean University,,A,35,New Jersey,NJ,NJ,2,Middle Atlantic,1,Northeast,Region I,University or College,0,23382,NJUCR0001,New Jersey State Police Uniform Crime Reporting Unit,Y,11,7,"Cities under 2,500",7,"Cities under 2,500",N,11,,Y,21,12,33,2,7,9,0,0,2021-01-01,2021-12-01,2022-01-01,2022-01-01,2022-01-01,2022-01-01,N,UNION,"New York-Newark-Jersey City, NY-NJ-PA",Y,Y,Y
127402022,12740,2022,NJNPD0000,NJNPD0000,,N,N,,I,NEWARK,PD NEWARK,Newark,,A,35,New Jersey,NJ,NJ,2,Middle Atlantic,1,Northeast,Region I,City,304311,23382,NJUCR0001,New Jersey State Police Uniform Crime Reporting Unit,N,5,1C,"Cities from 250,000 thru 499,999",1,"All cities 250,000 or over",Y,5,,Y,858,72,930,260,133,393,3.7,4.3,2021-01-01,2021-01-01,2021-05-01,2021-05-01,2021-05-01,2021-05-01,N,ESSEX,"New York-Newark-Jersey City, NY-NJ-PA",Y,Y,Y
127432022,12743,2022,NJNYPOA00,NJNYPOA00,,N,N,,I,PORT AUTHORITY OF NY&NJ,NY AND NJ PORT AUTHORITY JERSEY CITY,Port Authority of New York and New Jersey,,A,35,New Jersey,NJ,NJ,2,Middle Atlantic,1,Northeast,Region I,Other State Agency,0,23382,NJUCR0001,New Jersey State Police Uniform Crime Reporting Unit,N,11,7,"Cities under 2,500",7,"Cities under 2,500",N,11,,Y,1521,82,1603,215,99,314,0,0,2021-01-01,2021-03-01,2021-07-01,2021-07-01,2021-07-01,2021-07-01,N,NOT SPECIFIED,Not Specified,Y,Y,Y
227262022,22726,2022,NJNDRPA00,NJNDRPA00,,N,N,,I,DELAWARE RIVER PORT AUTHORITY PD,DELAWARE RIVER PORT AUTHORITY PD,Delaware River Port Authority Police Department,,A,35,New Jersey,NJ,NJ,2,Middle Atlantic,1,Northeast,Region I,Other,0,23382,NJUCR0001,New Jersey State Police Uniform Crime Reporting Unit,N,11,7,"Cities under 2,500",7,"Cities under 2,500",N,11,,Y,114,10,124,8,11,19,0,0,2021-01-01,2021-05-01,2021-06-01,2021-06-01,2021-06-01,2021-06-01,N,NOT SPECIFIED,Not Specified,Y,Y,Y
232782022,23278,2022,NJ0115000,NJ011509E,,N,N,,I,PRINCETON UNIVERSITY,PRINCETON UNIVERSITY,Princeton University,,A,35,New Jersey,NJ,NJ,2,Middle Atlantic,1,Northeast,Region I,University or College,0,23382,NJUCR0001,New Jersey State Police Uniform Crime Reporting Unit,Y,11,7,"Cities under 2,500",7,"Cities under 2,500",N,11,,Y,35,37,72,4,21,25,0,0,2021-01-01,2022-01-01,2022-06-01,2022-06-01,2022-06-01,2022-06-01,N,MERCER,"Trenton-Princeton, NJ",Y,Y,Y
256372022,25637,2022,NJNSP2200,NJNSP2200,,N,N,,I,STATE POLICE,,State Police,,A,35,New Jersey,NJ,NJ,2,Middle Atlantic,1,Northeast,Region I,State Police,0,23382,NJUCR0001,New Jersey State Police Uniform Crime Reporting Unit,N,17,8E,Non-MSA State Police,8,Non-MSA Counties,N,17,,Y,2975,567,3542,174,649,823,0,0,2021-01-01,2021-07-01,2022-01-01,2022-01-01,2022-01-01,2022-01-01,N,NOT SPECIFIED,Not Specified,Y,Y,Y
