data_year,victim_id,injury_id
2022,177976767,7
2022,177976772,5
2022,179957440,4
2022,177976775,5
2022,178236947,4
2022,177976777,5
2022,177976782,4
2022,177976783,5
2022,182448730,5
2022,177976794,4
2022,177976799,5
2022,177931268,4
2022,177976802,5
2022,188607767,2
2022,177976805,5
2022,179957451,4
2022,177976814,5
2022,177976815,5
2022,179957453,5
2022,179957454,5
2022,179957457,5
2022,179957460,5
2022,179957461,5
2022,177976834,4
2022,177976835,4
2022,177976836,4
2022,178089359,5
2022,179957466,5
2022,187807586,5
2022,187807587,5
2022,177976855,4
2022,177976856,5
2022,179957469,5
2022,177931281,4
2022,184818992,5
2022,184818993,4
2022,184818994,4
2022,177976879,5
2022,177976880,5
2022,177976883,5
2022,179957473,3
2022,177976893,5
2022,179957475,5
2022,179957478,5
2022,177976897,4
2022,179957480,5
2022,177931291,5
2022,179957483,5
2022,186197578,5
2022,179957487,5
2022,173460300,4
2022,173377978,4
2022,173377985,4
2022,175042503,4
2022,175042505,4
2022,175042506,4
2022,179959596,4
2022,179959597,4
2022,179959609,4
2022,179959610,4
2022,179959616,5
2022,179959618,4
2022,179959621,3
2022,179959621,6
2022,179959621,7
2022,179959623,4
2022,179959624,4
2022,179959630,4
2022,179959648,4
2022,179959658,4
2022,179959666,3
2022,179959667,4
2022,179959676,5
2022,179959691,3
2022,179959722,5
2022,179959723,4
2022,179959724,4
2022,179959726,4
2022,179959727,4
2022,179959739,5
2022,179959740,5
2022,179959745,5
2022,179959758,5
2022,179959759,4
2022,179957489,5
2022,179957493,4
2022,179957494,4
2022,179957499,4
2022,179957511,4
2022,179957517,4
2022,179957518,5
2022,179957523,5
2022,179957526,5
2022,180388706,5
2022,181548238,5
2022,179957538,5
2022,182451540,5
2022,185169875,4
2022,185169876,5
2022,179957541,5
2022,179957545,4
2022,182451559,4
2022,182451560,4
2022,182451561,4
2022,182451562,4
2022,184327331,5
2022,181020211,5
2022,181020212,5
2022,181424329,5
2022,181424330,5
2022,174331980,4
2022,174331981,4
2022,174331984,3
2022,174331985,4
2022,174331991,4
2022,174331992,6
2022,174331993,4
2022,174331999,4
2022,174332001,4
2022,174332003,4
2022,174332011,4
2022,174332015,4
2022,174332016,5
2022,174332018,4
2022,174332022,4
2022,174332025,4
2022,174332029,4
2022,174332033,4
2022,174332048,4
2022,174332053,3
2022,174332056,4
2022,174332068,4
2022,174332072,5
2022,174332077,4
2022,174332080,4
2022,174332085,4
2022,174332093,4
2022,174332095,4
2022,174332097,4
2022,174332103,5
2022,174332107,4
2022,174332108,4
2022,174332113,6
2022,174332114,5
2022,174332115,5
2022,174332116,5
2022,174332117,5
2022,174332118,5
2022,174332120,4
2022,174332130,4
2022,174332131,4
2022,176794127,3
2022,176794130,4
2022,176794138,4
2022,176794140,6
2022,180992372,5
2022,176794144,6
2022,185169877,5
2022,176794153,5
2022,181111711,5
2022,176794157,5
2022,176794161,4
2022,176794162,3
2022,176794162,6
2022,181424331,4
2022,176713772,4
2022,176713773,4
2022,176713796,6
2022,176713816,4
2022,176713830,3
2022,177672583,4
2022,177672584,3
2022,177672615,4
2022,177672626,4
2022,177672627,4
2022,177672630,5
2022,177672641,4
2022,182820454,4
2022,182820457,4
2022,182820458,4
2022,182820459,4
2022,182820463,4
2022,182820464,4
2022,182820467,4
2022,182820472,5
2022,182820476,5
2022,182820479,4
2022,182820480,4
2022,182820482,4
2022,182820485,4
2022,182820489,8
2022,182820491,3
2022,182820492,4
2022,182820493,4
2022,181015714,4
2022,181015715,5
2022,181424332,4
2022,163769080,4
2022,181015717,4
2022,181015719,5
2022,181015726,4
2022,181015728,4
2022,181015742,4
2022,181015743,4
2022,181015744,4
2022,181015746,4
2022,181015749,5
2022,181818776,4
2022,181818777,4
2022,181818782,4
2022,181818783,4
2022,181818784,4
2022,181818790,5
2022,181818803,4
2022,181818804,4
2022,168320603,4
2022,164502601,2
2022,164502608,4
2022,164502611,4
2022,164502612,4
2022,164502617,4
2022,164502620,5
2022,164502621,4
2022,164578111,4
2022,164578113,5
2022,164578121,5
2022,164738621,5
2022,168320608,4
2022,168320609,4
2022,168320616,4
2022,168320636,4
2022,164578125,5
2022,164578126,4
2022,164578142,5
2022,164903941,4
2022,167097975,4
2022,165337998,5
2022,165691127,5
2022,168320654,4
2022,168320660,4
2022,168320680,4
2022,168320681,4
2022,168320682,4
2022,168320683,5
2022,168654621,6
2022,168654634,6
2022,168654649,4
2022,168654665,6
2022,168654672,4
2022,168654683,4
2022,168654690,4
2022,165773415,4
2022,167205596,1
2022,167097980,4
2022,167097981,4
2022,167097983,4
2022,167097995,4
2022,170154610,4
2022,170154613,4
2022,167205597,4
2022,167205598,4
2022,167329509,4
2022,167329510,5
2022,167435965,4
2022,172350150,4
2022,167435969,5
2022,168319663,4
2022,168319665,4
2022,168319669,4
2022,168319671,4
2022,168319672,5
2022,168319678,4
2022,168319679,4
2022,168319683,5
2022,168319714,4
2022,168715753,4
2022,168789088,4
2022,169079693,4
2022,169079694,4
2022,176523184,5
2022,169516067,4
2022,169625827,4
2022,169662393,5
2022,169975511,5
2022,172350161,4
2022,172350174,4
2022,172350180,5
2022,172350191,6
2022,174175169,6
2022,174175170,5
2022,174175171,5
2022,174175186,3
2022,174175190,4
2022,174175192,4
2022,174175195,4
2022,176668943,5
2022,175436604,1
2022,175436604,4
2022,175436604,6
2022,176668944,5
2022,176923394,5
2022,176923398,5
2022,175436616,5
2022,175436617,4
2022,175436617,6
2022,175436642,4
2022,175436643,4
2022,175436647,4
2022,175436655,5
2022,175436656,5
2022,175436657,5
2022,175436660,5
2022,175436671,4
2022,176686306,4
2022,176686317,4
2022,176686322,4
2022,176686334,4
2022,176686337,5
2022,179960692,4
2022,179960695,5
2022,179960705,4
2022,179960708,1
2022,179960710,5
2022,179960715,4
2022,179960740,5
2022,179960753,6
2022,179960772,4
2022,179960778,4
2022,179960785,4
2022,179960796,4
2022,179960799,4
2022,181410278,4
2022,176923401,4
2022,176923402,4
2022,177306870,8
2022,181410286,6
2022,181410299,4
2022,181410300,4
2022,181410301,6
2022,181410307,4
2022,181410312,6
2022,177306884,4
2022,177312180,4
2022,177448090,5
2022,177450917,5
2022,177481222,4
2022,177481225,5
2022,177481233,4
2022,177481236,4
2022,177488147,4
2022,177488148,4
2022,177505545,4
2022,161417494,8
2022,170875735,4
2022,179961193,6
2022,179961201,4
2022,179961214,1
2022,179961304,6
2022,170041027,4
2022,179961326,5
2022,181784935,5
2022,181784936,8
2022,173394877,5
2022,173394888,5
2022,174312433,4
2022,174312434,6
2022,174312457,6
2022,174312460,3
2022,174312460,7
2022,169639554,3
2022,174312466,4
2022,174312470,4
2022,174312480,5
2022,174312481,5
2022,174312487,5
2022,173394932,5
2022,169639554,7
2022,161735236,5
2022,173394939,4
2022,174175219,5
2022,174175228,4
2022,174175228,6
2022,174175230,4
2022,174175234,4
2022,177481386,4
2022,175090796,4
2022,175090812,4
2022,175090818,5
2022,175090823,5
2022,177481396,5
2022,177481398,4
2022,177481405,4
2022,177481439,5
2022,179961740,5
2022,179961765,3
2022,179961786,5
2022,179961830,4
2022,181784983,8
2022,162326696,4
2022,162326697,4
2022,162326698,4
2022,161735237,4
2022,182059317,5
2022,181784997,5
2022,181784998,4
2022,181784999,4
2022,181785010,6
2022,184064095,4
2022,182059318,5
2022,161856978,4
2022,184071535,5
2022,173375850,3
2022,173375851,4
2022,164108184,5
2022,173377999,4
2022,173378017,5
2022,173378022,2
2022,173378022,6
2022,173378024,5
2022,173378037,4
2022,173378038,5
2022,173378039,5
2022,173378041,4
2022,173378042,4
2022,173378042,6
2022,173378044,5
2022,173378052,4
2022,173378059,4
2022,173439409,4
2022,173439410,4
2022,173439411,4
2022,173439413,4
2022,161856980,5
2022,173439416,6
2022,175055650,4
2022,175055654,5
2022,175055658,4
2022,176379591,6
2022,176379592,6
2022,176379593,6
2022,176379594,6
2022,176379595,6
2022,176379603,5
2022,179962308,4
2022,181410313,4
2022,181410325,5
2022,181410327,5
2022,181410329,4
2022,181410334,4
2022,181410351,5
2022,170875742,5
2022,171785376,4
2022,186639200,4
2022,186884873,6
2022,186884889,5
2022,186884890,5
2022,186884895,4
2022,186884901,5
2022,170875743,4
2022,167172734,5
2022,170966371,2
2022,187628037,5
2022,187628038,4
2022,187628039,4
2022,187628040,4
2022,170950632,4
2022,161856983,3
2022,163274913,5
2022,187628051,5
2022,174929818,5
2022,187628058,4
2022,187628061,4
2022,187628062,6
2022,187628064,1
2022,187628071,4
2022,187628072,5
2022,187628074,4
2022,187628075,4
2022,187628078,4
2022,187628079,4
2022,187628081,4
2022,187628083,4
2022,187628086,4
2022,187628087,5
2022,187628088,6
2022,187628090,6
2022,187628096,5
2022,174929819,5
2022,168319862,4
2022,163274914,5
2022,171043666,4
2022,184071536,8
2022,162963047,5
2022,172045778,4
2022,172045779,3
2022,172999070,5
2022,172999071,4
2022,181548240,5
2022,170956747,5
2022,172355995,5
2022,188580914,6
2022,172355997,5
2022,162251909,3
2022,162909014,4
2022,188580926,4
2022,162909015,5
2022,162909016,4
2022,162857555,4
2022,179958034,5
2022,188580935,4
2022,188580940,4
2022,188580941,4
2022,188280875,2
2022,171043667,4
2022,186698303,4
2022,186698304,4
2022,162265663,5
2022,173639891,5
2022,173639892,5
2022,176390682,8
2022,167167466,4
2022,166993942,5
2022,162425259,5
2022,172292594,5
2022,164681293,5
2022,164681294,5
2022,174929836,5
2022,167167468,5
2022,167167486,5
2022,167167488,4
2022,170950637,5
2022,164675863,4
2022,177306896,4
2022,184071538,5
2022,168744718,5
2022,164067302,5
2022,164108187,5
2022,167200142,5
2022,167200143,5
2022,174929841,5
2022,167167505,4
2022,167167506,4
2022,167167507,4
2022,173015145,5
2022,167167519,5
2022,173015146,4
2022,171043670,4
2022,167167528,4
2022,171043671,5
2022,166970162,5
2022,171043672,4
2022,172638014,4
2022,168319864,1
2022,168319864,4
2022,168319864,8
2022,164067303,4
2022,167167543,5
2022,167167552,4
2022,167167557,4
2022,167167558,4
2022,167167560,4
2022,167167561,4
2022,167194364,4
2022,167194380,4
2022,162326705,5
2022,162326706,4
2022,173783209,3
2022,171103717,5
2022,169616748,5
2022,171240588,4
2022,167194397,5
2022,167194407,4
2022,163043827,3
2022,167194431,4
2022,167194437,4
2022,167194440,5
2022,167194459,5
2022,167194460,4
2022,174774864,1
2022,167194469,4
2022,174774865,1
2022,174774866,4
2022,174774867,4
2022,168322181,5
2022,168322182,5
2022,168322189,4
2022,168322210,5
2022,172793005,5
2022,168322225,4
2022,168322231,4
2022,172793006,5
2022,168322232,4
2022,171103721,4
2022,168322241,5
2022,168322243,5
2022,168322257,4
2022,168322259,5
2022,168322263,4
2022,168322280,5
2022,168322285,5
2022,168322295,5
2022,169120257,4
2022,169120269,5
2022,169120276,4
2022,162909021,4
2022,174943951,5
2022,169120294,4
2022,169120302,5
2022,169120303,5
2022,169120306,4
2022,169120314,4
2022,169120315,4
2022,169120327,4
2022,166993944,5
2022,169120340,4
2022,169120343,5
2022,169120344,4
2022,169120346,4
2022,169120348,4
2022,169120363,4
2022,173002718,4
2022,173002719,4
2022,175125796,5
2022,170510239,4
2022,170510251,4
2022,170510258,5
2022,170510287,5
2022,170510292,4
2022,170510296,4
2022,170510299,4
2022,170510304,5
2022,175125797,5
2022,175125798,5
2022,162824099,4
2022,168889715,5
2022,170510317,5
2022,170510358,4
2022,170510360,5
2022,170510383,5
2022,170510398,5
2022,170510406,4
2022,168889717,5
2022,170510412,5
2022,172292649,4
2022,172292665,4
2022,172292677,4
2022,172292691,4
2022,172292737,4
2022,172292739,6
2022,172292749,4
2022,172292750,5
2022,172292763,4
2022,172292767,5
2022,172292769,4
2022,172292780,5
2022,172292789,5
2022,179963932,5
2022,179963935,5
2022,179963944,5
2022,179963945,5
2022,179963964,5
2022,179963985,5
2022,162826920,5
2022,179964018,5
2022,179964021,4
2022,171734174,5
2022,179964022,5
2022,179964032,4
2022,179964033,4
2022,162849176,4
2022,179964065,4
2022,179964066,5
2022,163274916,4
2022,179964067,4
2022,175117217,4
2022,175117228,6
2022,175117234,4
2022,175117235,5
2022,175117236,5
2022,175117238,4
2022,175117244,4
2022,175117286,4
2022,175117291,5
2022,175117304,4
2022,175117326,5
2022,175117327,5
2022,176340405,4
2022,176340420,5
2022,176340421,4
2022,176340423,5
2022,176340425,5
2022,176340432,4
2022,176340434,5
2022,176340435,4
2022,176340460,4
2022,162849178,3
2022,176340469,4
2022,176340473,4
2022,176340485,5
2022,176340487,5
2022,176340503,4
2022,176340506,5
2022,179964074,4
2022,179964081,5
2022,179964082,4
2022,179964083,5
2022,179964086,4
2022,179964095,4
2022,179964099,5
2022,179964102,4
2022,179964103,4
2022,179964106,5
2022,179964112,5
2022,179964113,5
2022,172638018,5
2022,172638019,5
2022,172638020,5
2022,172355999,4
2022,172356000,4
2022,179964124,5
2022,179964130,5
2022,179964134,4
2022,179964157,4
2022,179964170,4
2022,179964172,4
2022,179964173,4
2022,179964177,5
2022,179964181,4
2022,179964186,4
2022,179964192,5
2022,179964194,4
2022,179964195,5
2022,179964196,5
2022,179964205,6
2022,179964213,5
2022,164067307,5
2022,163043830,5
2022,163043831,5
2022,171103730,5
2022,179964261,4
2022,179964269,4
2022,179964270,5
2022,179964275,5
2022,179964276,4
2022,179964283,5
2022,179964294,4
2022,179964295,5
2022,179964302,5
2022,179964304,5
2022,179964336,5
2022,182059347,5
2022,182059350,5
2022,182059363,4
2022,182059375,4
2022,171103731,5
2022,182059407,5
2022,182059411,5
2022,182059412,4
2022,182059422,4
2022,182059437,5
2022,182059438,5
2022,182059442,5
2022,182059452,5
2022,182059464,5
2022,182059471,5
2022,182059476,5
2022,182059477,5
2022,182059479,5
2022,182059485,4
2022,182059489,4
2022,182059501,4
2022,182059504,5
2022,182059505,5
2022,172358897,2
2022,168889718,5
2022,171103732,4
2022,182828515,4
2022,178104499,5
2022,163242624,5
2022,174929864,5
2022,162857564,5
2022,186629597,5
2022,171103735,4
2022,171224822,4
2022,171224823,4
2022,162963052,4
2022,163525839,5
2022,185080967,5
2022,185822031,5
2022,164217257,4
2022,168332199,4
2022,168332200,4
2022,168332202,4
2022,168332208,3
2022,168332209,4
2022,168332210,4
2022,168332212,4
2022,168332217,5
2022,168332224,4
2022,168332241,5
2022,168332246,5
2022,168332251,4
2022,168332256,4
2022,168332257,5
2022,168332264,5
2022,168332277,5
2022,168332278,5
2022,168332286,5
2022,168332288,4
2022,168332289,4
2022,168332294,4
2022,168332295,4
2022,168332296,5
2022,165634634,5
2022,168666647,4
2022,168666651,5
2022,168666652,3
2022,168666655,5
2022,168666664,4
2022,168666665,5
2022,168666670,4
2022,168666671,4
2022,168666673,5
2022,168666675,4
2022,168666677,5
2022,168666678,5
2022,168666680,4
2022,171119187,4
2022,168666682,5
2022,168319869,4
2022,168666688,6
2022,168666692,5
2022,171346699,4
2022,171109571,4
2022,172292601,5
2022,164108196,5
2022,163525844,5
2022,168666708,5
2022,171109572,5
2022,168666709,5
2022,172638021,4
2022,172358898,5
2022,164598653,1
2022,168666720,4
2022,168666722,4
2022,168666723,3
2022,168666732,4
2022,168666733,5
2022,168666744,5
2022,168666748,5
2022,164598653,3
2022,164598654,4
2022,184071545,6
2022,163525847,2
2022,163525847,6
2022,163274921,5
2022,163274922,3
2022,174774868,5
2022,174774869,5
2022,164217261,5
2022,172973163,4
2022,170008030,8
2022,174927566,5
2022,170008033,5
2022,170008036,4
2022,170008037,4
2022,170008038,4
2022,170008039,5
2022,170008044,4
2022,170008050,4
2022,170008052,4
2022,170008056,5
2022,170008064,4
2022,170008065,4
2022,170008067,4
2022,170008072,6
2022,170008074,4
2022,170008078,4
2022,170008083,6
2022,170008088,4
2022,170008095,4
2022,170008103,4
2022,170008106,4
2022,170008110,5
2022,164675872,4
2022,164957215,8
2022,164217262,3
2022,170008113,4
2022,170008114,4
2022,170008116,4
2022,170008117,4
2022,170008118,4
2022,170008119,4
2022,170008120,4
2022,171805311,6
2022,171805316,4
2022,171805320,4
2022,171805321,4
2022,171805322,4
2022,171805328,6
2022,167086482,4
2022,171805329,4
2022,171805332,4
2022,171805333,4
2022,171805334,4
2022,171805335,4
2022,171805338,4
2022,171805347,4
2022,171805350,6
2022,171805354,3
2022,171805360,4
2022,171805362,4
2022,171805372,4
2022,171805376,5
2022,171805380,5
2022,171805381,5
2022,171805387,5
2022,171805390,6
2022,171805392,4
2022,171805393,5
2022,173439423,4
2022,173439426,4
2022,173439430,4
2022,173439443,5
2022,173439444,4
2022,173439451,4
2022,173439467,4
2022,173439469,5
2022,173439471,4
2022,173439472,4
2022,173439482,6
2022,173439483,4
2022,173439492,4
2022,184071547,4
2022,168470299,5
2022,173439497,4
2022,164530220,5
2022,169656640,4
2022,173439503,4
2022,173439504,5
2022,173439505,5
2022,173439506,5
2022,169656641,4
2022,164108209,5
2022,168319875,4
2022,164008378,4
2022,173439535,4
2022,173439536,4
2022,172638025,5
2022,173439540,5
2022,169639557,4
2022,174975292,5
2022,174975294,4
2022,174975296,5
2022,174975297,4
2022,171109577,5
2022,164675879,5
2022,174663416,4
2022,174975316,4
2022,174975317,6
2022,174975321,4
2022,174975323,6
2022,174975324,4
2022,174975325,4
2022,174975327,6
2022,174975329,4
2022,174975338,4
2022,174975339,4
2022,174975352,4
2022,174975354,5
2022,174975355,4
2022,174975362,4
2022,174975367,5
2022,174975370,4
2022,174975374,5
2022,174975378,5
2022,174975379,5
2022,174975388,4
2022,174975397,4
2022,174975400,5
2022,174975401,5
2022,174975405,4
2022,174975406,5
2022,174975414,5
2022,174975419,4
2022,174975423,5
2022,174975425,3
2022,174975425,4
2022,174975432,4
2022,174975433,4
2022,174975434,1
2022,174975442,4
2022,174975448,4
2022,176395005,2
2022,173040413,5
2022,176395009,6
2022,176395010,4
2022,176395012,4
2022,176395015,5
2022,164067324,4
2022,170041030,4
2022,171734180,5
2022,164067325,5
2022,164067326,5
2022,164598656,5
2022,164530221,5
2022,164067327,4
2022,187745417,4
2022,176395022,5
2022,165634665,4
2022,173425125,4
2022,164530228,5
2022,166993946,5
2022,171805245,4
2022,172358900,5
2022,171109578,5
2022,169639558,5
2022,171109579,4
2022,164530233,1
2022,164681298,5
2022,171240590,5
2022,169616749,5
2022,164675887,4
2022,173040415,5
2022,176369899,8
2022,164675889,5
2022,171708773,4
2022,171708774,4
2022,171346736,5
2022,164675892,4
2022,171240591,4
2022,165877332,4
2022,164681302,5
2022,177492686,3
2022,171240592,4
2022,164744529,4
2022,182710871,5
2022,171240593,4
2022,171240594,5
2022,185104756,4
2022,176369900,5
2022,176395040,5
2022,176395041,6
2022,176395043,5
2022,176395044,5
2022,175708141,5
2022,176395046,5
2022,176395050,3
2022,176395050,6
2022,176395051,2
2022,172709210,1
2022,172709210,3
2022,172709210,8
2022,171115894,4
2022,176395055,5
2022,171386957,4
2022,166258137,4
2022,176395056,5
2022,170007643,4
2022,176617876,4
2022,176395057,5
2022,184071556,5
2022,164957241,5
2022,165634696,4
2022,165634697,4
2022,165097873,4
2022,165215917,5
2022,165215918,5
2022,165097874,4
2022,176395060,4
2022,165215920,5
2022,172973166,5
2022,176395066,5
2022,171240597,4
2022,171224824,5
2022,176395068,4
2022,168319886,5
2022,165272856,4
2022,182365073,4
2022,165818912,2
2022,176395074,5
2022,176395075,4
2022,176395077,5
2022,176395078,4
2022,165818912,3
2022,165634701,5
2022,171240598,4
2022,171240599,4
2022,171240600,5
2022,165731208,4
2022,176395085,5
2022,171240602,5
2022,176395086,4
2022,176395087,3
2022,171346746,5
2022,171346747,5
2022,184951879,5
2022,176395092,4
2022,168889721,4
2022,176395095,4
2022,178415725,4
2022,178415726,4
2022,178415730,4
2022,178415732,4
2022,178415736,4
2022,178415743,4
2022,178415745,4
2022,178415759,5
2022,178415762,4
2022,178415764,6
2022,178415769,4
2022,178415772,4
2022,178415779,4
2022,178415785,6
2022,178415797,4
2022,178415804,5
2022,178415814,4
2022,178415819,4
2022,178415820,4
2022,178415823,4
2022,178415825,4
2022,178415840,4
2022,178415842,6
2022,178415845,5
2022,178415848,5
2022,178415857,4
2022,178415861,4
2022,178415863,4
2022,178415880,4
2022,178415882,6
2022,178415914,4
2022,178415916,6
2022,178415928,4
2022,178415939,4
2022,178415953,4
2022,178415961,4
2022,178415967,4
2022,179980391,4
2022,179980393,4
2022,179980394,4
2022,179980395,6
2022,179980396,6
2022,179980399,5
2022,179980401,4
2022,179980403,6
2022,179980406,6
2022,179980409,4
2022,179980411,5
2022,179980412,6
2022,179980424,4
2022,179980425,8
2022,179980436,5
2022,179980437,5
2022,179980438,5
2022,179980443,4
2022,179980447,5
2022,179980448,4
2022,179980449,5
2022,179980450,4
2022,179980451,4
2022,168319896,4
2022,167283016,4
2022,171346749,5
2022,179980456,4
2022,179980464,5
2022,179980471,5
2022,179980472,6
2022,179980474,5
2022,179980476,5
2022,179980479,4
2022,179980481,4
2022,181410359,6
2022,181410362,5
2022,181410363,2
2022,181410367,4
2022,181410371,5
2022,181410373,4
2022,181410378,6
2022,181410386,4
2022,181410387,4
2022,181410389,4
2022,181410392,6
2022,171224825,5
2022,171224826,5
2022,167200150,3
2022,166993955,5
2022,181410415,4
2022,181410416,4
2022,181410444,4
2022,183973592,5
2022,187700011,5
2022,187700057,6
2022,179969025,5
2022,179969026,4
2022,179969027,4
2022,179969035,4
2022,179969037,4
2022,179969038,4
2022,179969058,5
2022,179969059,5
2022,179969061,4
2022,179969065,5
2022,179969077,5
2022,179969080,4
2022,179969087,5
2022,179969088,4
2022,179969097,5
2022,179969117,5
2022,180779879,4
2022,180779895,4
2022,180779903,5
2022,179969121,5
2022,179969122,5
2022,179969140,5
2022,179969141,5
2022,179969146,5
2022,179969148,5
2022,165818924,4
2022,177317005,4
2022,184020057,4
2022,184020059,4
2022,184020063,5
2022,184020064,5
2022,171240603,4
2022,184020087,4
2022,184020098,5
2022,184020106,5
2022,167118805,5
2022,165877358,4
2022,171240604,4
2022,184755395,5
2022,166636050,4
2022,167128492,5
2022,171340610,5
2022,166636051,5
2022,166636052,5
2022,166636053,5
2022,173375853,2
2022,173375853,6
2022,175660823,5
2022,176241336,5
2022,172941209,4
2022,173015151,5
2022,173015152,5
2022,167086499,5
2022,171240605,3
2022,171340611,4
2022,173053883,5
2022,173053884,5
2022,166258182,4
2022,166636055,4
2022,166636056,4
2022,176293858,5
2022,187670490,5
2022,175844851,4
2022,175844852,4
2022,169639559,6
2022,172681134,4
2022,167211685,4
2022,166993965,5
2022,169841783,5
2022,165302829,5
2022,165302840,4
2022,165302853,6
2022,169841784,5
2022,187745418,4
2022,176660346,4
2022,165302861,5
2022,165302865,4
2022,165302869,4
2022,165302873,3
2022,165302874,5
2022,166992594,5
2022,167086504,5
2022,171401755,5
2022,172684834,4
2022,169569508,5
2022,167200151,5
2022,168319920,5
2022,167118813,5
2022,167118814,4
2022,170041031,7
2022,182618348,5
2022,166992598,4
2022,166992599,4
2022,167086513,4
2022,167161156,4
2022,167136909,5
2022,176617877,5
2022,167128495,4
2022,167128496,4
2022,167172741,4
2022,167136913,5
2022,167442869,4
2022,184071562,5
2022,179958037,3
2022,166992607,5
2022,166992608,5
2022,166992613,5
2022,167427349,5
2022,166992617,5
2022,166992619,5
2022,166992629,2
2022,166992630,8
2022,166992631,2
2022,168319927,4
2022,169579727,4
2022,167128500,4
2022,167211687,4
2022,167283023,5
2022,167154910,4
2022,167154912,5
2022,168319930,1
2022,168319930,2
2022,167172742,5
2022,168379444,5
2022,168379445,5
2022,167154915,4
2022,167283025,4
2022,167154916,4
2022,167211690,5
2022,168379449,5
2022,168379450,5
2022,167161161,3
2022,170875754,4
2022,168379453,6
2022,168379454,5
2022,171456549,4
2022,168319939,4
2022,168319940,4
2022,168319942,5
2022,171378058,6
2022,168379460,2
2022,168379467,5
2022,168379481,5
2022,169951511,5
2022,176293859,4
2022,168319956,5
2022,179958039,6
2022,179958039,8
2022,168319963,4
2022,169130472,5
2022,171449311,5
2022,168379486,5
2022,168379504,5
2022,168379506,4
2022,187138577,4
2022,187138578,4
2022,168379510,5
2022,168379516,5
2022,168379526,4
2022,168379530,5
2022,168379534,5
2022,168319966,5
2022,171449314,4
2022,168379541,5
2022,168379545,5
2022,168379546,5
2022,168379547,5
2022,169052123,5
2022,169052129,6
2022,169052130,6
2022,169052132,5
2022,169052133,5
2022,169052135,4
2022,169052136,5
2022,169052137,5
2022,169052143,5
2022,169052150,5
2022,172681138,5
2022,171456550,5
2022,175850311,3
2022,175850311,4
2022,168384918,5
2022,167340969,5
2022,168319979,5
2022,167442871,4
2022,187138579,5
2022,169052161,5
2022,169052162,4
2022,173517688,5
2022,168319980,4
2022,175033557,5
2022,170950664,5
2022,170950665,5
2022,169052172,4
2022,172045807,6
2022,171456552,5
2022,170875759,5
2022,170875760,4
2022,170875761,4
2022,175087292,4
2022,172045808,5
2022,169052184,4
2022,169052188,4
2022,169052189,5
2022,169052192,5
2022,169052198,5
2022,169052200,3
2022,169052202,8
2022,187138580,4
2022,170145326,5
2022,170145327,4
2022,170145328,4
2022,170145330,4
2022,170145332,5
2022,170145336,5
2022,170145338,5
2022,170145342,5
2022,170145366,5
2022,170145368,4
2022,170145376,5
2022,170145378,5
2022,175087293,4
2022,179958044,5
2022,174857197,4
2022,168744721,4
2022,171805249,4
2022,176098469,4
2022,168830878,4
2022,170145384,6
2022,170871991,4
2022,168320018,4
2022,172973170,5
2022,171734187,5
2022,174639361,4
2022,168320024,4
2022,169951512,5
2022,170807091,5
2022,171456555,4
2022,168320031,5
2022,170145391,5
2022,170145399,4
2022,170145407,4
2022,170145408,4
2022,168320035,5
2022,168320036,4
2022,171734189,5
2022,171734193,4
2022,168320041,5
2022,171734197,4
2022,172045833,5
2022,172045835,4
2022,172045843,5
2022,172045856,4
2022,178197043,4
2022,172045864,4
2022,172045871,4
2022,172045875,5
2022,172045879,4
2022,172045881,5
2022,172045886,5
2022,172045888,6
2022,172045890,5
2022,176518947,5
2022,172045892,4
2022,172045894,5
2022,172045895,5
2022,172045896,5
2022,172045907,5
2022,172045940,5
2022,172045943,4
2022,173439552,5
2022,173439553,5
2022,173439555,4
2022,173439556,4
2022,173439562,4
2022,173439563,5
2022,173439565,5
2022,173439566,4
2022,173439568,5
2022,173439575,4
2022,173439578,4
2022,173439579,4
2022,173439580,5
2022,173439581,5
2022,173439585,5
2022,173439594,8
2022,173439600,5
2022,173439601,5
2022,173439616,5
2022,173439623,5
2022,173439632,5
2022,173439633,5
2022,178197044,4
2022,179958049,4
2022,169656642,5
2022,169656643,5
2022,173053887,4
2022,173053888,4
2022,171708778,5
2022,171708779,5
2022,168579690,4
2022,175022976,4
2022,175022980,5
2022,175022984,5
2022,168320081,5
2022,168470303,5
2022,171304775,5
2022,169579730,5
2022,175022990,4
2022,175022993,5
2022,175022994,4
2022,175023000,4
2022,175023018,4
2022,175023020,4
2022,175023026,5
2022,175023031,5
2022,175023032,4
2022,175023038,5
2022,175023039,4
2022,176518950,4
2022,176518951,5
2022,176518952,4
2022,176518953,4
2022,176518961,5
2022,176518962,5
2022,176518963,5
2022,176518966,4
2022,176518968,4
2022,176518970,5
2022,176518972,5
2022,176518975,3
2022,176518977,6
2022,176518981,5
2022,176518986,4
2022,176518987,4
2022,172000923,4
2022,176518991,6
2022,168320105,4
2022,176518994,5
2022,176518995,5
2022,168332538,4
2022,176519009,5
2022,176519010,4
2022,176519012,4
2022,176519025,5
2022,179969478,4
2022,179969484,4
2022,179969493,5
2022,179969494,4
2022,179969498,5
2022,179969502,4
2022,179969503,4
2022,179969510,5
2022,179969513,6
2022,179969514,5
2022,179969522,5
2022,179969523,4
2022,179969529,5
2022,179969534,5
2022,179969535,5
2022,179969537,6
2022,179969538,5
2022,179969541,4
2022,179969550,6
2022,179969558,6
2022,179969560,5
2022,179969576,4
2022,179969579,4
2022,179969580,4
2022,179969582,5
2022,179969589,5
2022,179969601,5
2022,179969607,4
2022,179969608,5
2022,179969609,5
2022,179969612,5
2022,179969613,5
2022,179969614,5
2022,168320114,5
2022,177527110,5
2022,168744726,4
2022,177492687,5
2022,168320123,5
2022,168320125,5
2022,179969634,4
2022,181410459,4
2022,181410462,5
2022,181410480,4
2022,181410495,5
2022,181410496,5
2022,181410499,4
2022,181410501,4
2022,181410506,5
2022,181410511,5
2022,181410512,5
2022,181410513,5
2022,184243086,5
2022,164899405,5
2022,164899411,4
2022,164899416,5
2022,164899437,4
2022,168320137,5
2022,168320142,4
2022,171978467,5
2022,182131919,4
2022,169758060,5
2022,168320154,4
2022,168320157,4
2022,168320163,4
2022,167253805,6
2022,167253809,4
2022,167253816,5
2022,171978468,5
2022,174320205,5
2022,169410399,4
2022,185143596,5
2022,168320172,5
2022,168889734,5
2022,168470305,4
2022,182059322,4
2022,171333253,5
2022,169361383,5
2022,167253821,4
2022,167253822,5
2022,167253825,5
2022,167253832,5
2022,167253833,4
2022,168325708,5
2022,179969711,5
2022,168320183,5
2022,168830883,4
2022,169951515,4
2022,168384924,4
2022,168320190,4
2022,170871995,4
2022,184150328,1
2022,184150328,2
2022,176098470,5
2022,168325724,5
2022,171873437,5
2022,168325726,4
2022,168325733,6
2022,168325741,5
2022,168325742,4
2022,172973174,5
2022,170874112,4
2022,168320195,5
2022,168889735,4
2022,168612491,5
2022,169902468,4
2022,170871490,4
2022,170871490,8
2022,173053892,5
2022,169902473,4
2022,173301553,4
2022,173301554,4
2022,168555170,4
2022,184071584,5
2022,168889739,4
2022,170966376,5
2022,170966377,5
2022,172000930,4
2022,169902474,4
2022,169902478,5
2022,184071585,5
2022,175094020,4
2022,171386977,4
2022,171386984,5
2022,171386985,4
2022,171386986,4
2022,171386987,5
2022,171386991,5
2022,171386992,5
2022,171386994,5
2022,171386996,5
2022,171386997,5
2022,171386998,4
2022,171387000,5
2022,171387005,4
2022,171387009,3
2022,171387016,4
2022,171387019,4
2022,171387021,5
2022,173040470,5
2022,173040478,4
2022,175094021,5
2022,168555173,5
2022,169361385,4
2022,176070545,4
2022,176070546,5
2022,172681146,2
2022,168470334,5
2022,173053895,4
2022,171873440,4
2022,173040493,6
2022,173040504,5
2022,173040507,5
2022,173040508,6
2022,173040511,4
2022,173684888,5
2022,173684889,4
2022,173684895,4
2022,175708171,5
2022,175708175,6
2022,175708176,5
2022,175708177,5
2022,175708180,4
2022,175708193,4
2022,175708194,4
2022,175708195,4
2022,173301555,4
2022,173301556,5
2022,173301557,5
2022,173301558,5
2022,168579702,4
2022,171823192,4
2022,176796267,5
2022,171873441,4
2022,169361388,2
2022,172885044,5
2022,172885045,5
2022,175085529,5
2022,168612498,6
2022,172681147,5
2022,177451022,5
2022,177451023,4
2022,177451024,5
2022,177451025,4
2022,177451027,3
2022,177451028,3
2022,177451038,4
2022,177451043,6
2022,177451048,5
2022,179969713,4
2022,179969718,5
2022,179969734,4
2022,179969736,4
2022,179969743,4
2022,179969745,5
2022,179969752,5
2022,179969754,4
2022,180808142,5
2022,180808149,5
2022,180808157,5
2022,180808158,5
2022,180808161,5
2022,180808164,4
2022,180808164,8
2022,172681148,5
2022,172681150,5
2022,168744736,3
2022,169361390,5
2022,169057629,5
2022,172000934,4
2022,172000935,4
2022,169664229,5
2022,170041040,5
2022,180808180,5
2022,180808181,5
2022,168744742,5
2022,168744744,5
2022,172695802,4
2022,169057630,5
2022,169616758,4
2022,169616759,5
2022,171304777,3
2022,168744745,4
2022,173301559,4
2022,173301560,4
2022,173301561,4
2022,168744746,5
2022,169130484,5
2022,174552763,4
2022,174552764,4
2022,169361399,1
2022,169130486,3
2022,168830892,4
2022,169756980,4
2022,186706060,5
2022,169361403,3
2022,169130488,5
2022,169130489,5
2022,168830894,5
2022,169414097,4
2022,179958056,5
2022,174485108,4
2022,169616761,5
2022,177527111,5
2022,172340988,5
2022,184820898,4
2022,169414099,5
2022,184071590,5
2022,168889760,4
2022,182580811,5
2022,168889762,5
2022,169905032,1
2022,174960076,5
2022,182580822,4
2022,182580822,6
2022,184071591,5
2022,169911939,6
2022,169567376,5
2022,169130498,5
2022,169130501,5
2022,169414102,4
2022,182580829,4
2022,184071592,2
2022,184071593,2
2022,182708674,5
2022,170041045,5
2022,169756981,5
2022,182580845,4
2022,182580847,5
2022,182580848,5
2022,182580854,5
2022,184951953,4
2022,169616764,4
2022,169616766,5
2022,172695805,5
2022,172999078,5
2022,184951955,5
2022,173053896,4
2022,170046545,3
2022,173312132,4
2022,169756982,5
2022,169758063,4
2022,186977673,5
2022,169567385,4
2022,174459241,5
2022,174459242,4
2022,179958063,2
2022,173639913,4
2022,173639916,5
2022,182828604,4
2022,182828605,4
2022,182059653,5
2022,179958063,3
2022,179958063,6
2022,174960078,5
2022,170816604,5
2022,170807095,5
2022,172358905,4
2022,175662249,2
2022,169756983,4
2022,169616775,4
2022,169714133,5
2022,174960079,3
2022,171603344,4
2022,172699756,6
2022,169616783,5
2022,169656653,4
2022,168326326,5
2022,168326329,4
2022,168326332,4
2022,168326343,5
2022,169341343,7
2022,169341359,5
2022,169341360,5
2022,170956767,4
2022,170956776,5
2022,170956777,5
2022,170956778,5
2022,170956795,4
2022,170956795,8
2022,170956797,4
2022,170956803,5
2022,170956804,5
2022,170956812,5
2022,169951519,4
2022,172350194,4
2022,172350194,6
2022,172350218,4
2022,172350265,4
2022,173394950,5
2022,173394951,5
2022,173394961,5
2022,173394968,4
2022,173394969,5
2022,169616789,5
2022,175012328,5
2022,175012329,5
2022,172699757,5
2022,186273285,1
2022,175027899,4
2022,175027910,4
2022,175027911,4
2022,175027921,4
2022,170496903,5
2022,170799662,4
2022,170816610,5
2022,174824445,5
2022,175027927,4
2022,175027935,5
2022,170816614,4
2022,176070547,4
2022,174975261,4
2022,169951521,5
2022,169616792,1
2022,172699758,4
2022,169717424,4
2022,169717425,4
2022,171603345,5
2022,170799665,4
2022,172877176,4
2022,172877177,4
2022,172877178,4
2022,172877179,4
2022,172877180,4
2022,169973345,4
2022,170840181,5
2022,169664246,4
2022,179958066,4
2022,169656659,4
2022,172358906,5
2022,182911425,5
2022,176523229,4
2022,176106909,4
2022,176106911,4
2022,177543280,4
2022,173298238,5
2022,178074270,5
2022,178074271,5
2022,178074272,5
2022,178074286,4
2022,178074288,4
2022,178074288,6
2022,179958067,5
2022,169664249,4
2022,179970499,5
2022,179970501,5
2022,179970502,4
2022,179970507,5
2022,179970508,5
2022,181524246,5
2022,181524261,4
2022,181524263,4
2022,181524263,8
2022,170510100,4
2022,169757011,5
2022,169664250,5
2022,176098471,5
2022,179958069,4
2022,173750156,5
2022,187656674,4
2022,187656675,4
2022,187656680,4
2022,187656682,6
2022,187656684,5
2022,187656689,5
2022,187656691,4
2022,187656693,5
2022,187656694,5
2022,187656699,3
2022,187656701,5
2022,187656702,3
2022,187656709,6
2022,183051546,5
2022,183051547,5
2022,183051550,5
2022,183051555,4
2022,183051556,4
2022,183051561,4
2022,183051566,4
2022,183051567,4
2022,183051569,6
2022,183051571,4
2022,173750157,5
2022,184071598,4
2022,169841793,5
2022,171823193,4
2022,183094445,4
2022,183094446,6
2022,183094447,8
2022,183094448,4
2022,183094452,4
2022,183094460,4
2022,172699767,4
2022,183094468,4
2022,183094469,4
2022,183094477,6
2022,183094484,5
2022,183094485,5
2022,183094486,5
2022,183094487,5
2022,183094488,5
2022,183094489,5
2022,183094494,4
2022,183094494,6
2022,171823194,4
2022,174639362,4
2022,174639363,5
2022,171268248,4
2022,183400772,5
2022,183400809,6
2022,183400897,5
2022,179958070,4
2022,169758069,4
2022,183401077,6
2022,172709215,5
2022,169758070,1
2022,183401436,4
2022,183401437,4
2022,183401508,5
2022,183401556,4
2022,170041058,5
2022,170041059,5
2022,169841796,5
2022,183401811,5
2022,183401979,5
2022,170624476,5
2022,186629599,5
2022,183402116,4
2022,183402302,4
2022,173425132,3
2022,184631339,6
2022,184631341,5
2022,184631342,4
2022,184631348,4
2022,184631350,4
2022,184631354,6
2022,184631355,6
2022,184631356,6
2022,184631357,5
2022,184631358,4
2022,184631367,6
2022,184631368,6
2022,184631369,4
2022,184631370,4
2022,184631379,5
2022,173425132,6
2022,170087622,2
2022,170087622,8
2022,172699770,5
2022,170624478,5
2022,170273678,5
2022,171119194,4
2022,177317006,3
2022,169841799,4
2022,169905036,5
2022,169905037,4
2022,169973349,5
2022,185313333,4
2022,185313337,5
2022,185313340,5
2022,185313346,5
2022,185313352,5
2022,171268249,4
2022,170872002,5
2022,170273680,4
2022,176224995,4
2022,185564879,4
2022,185564882,6
2022,185564885,4
2022,185564894,5
2022,168655110,4
2022,168655111,4
2022,168655135,4
2022,168655167,5
2022,168655168,5
2022,168655169,5
2022,168655170,4
2022,168655185,5
2022,168655189,4
2022,168655216,5
2022,168655242,4
2022,176224996,5
2022,179958074,5
2022,168655269,4
2022,168655275,5
2022,170510110,5
2022,168655289,4
2022,168655302,4
2022,168655303,5
2022,168655309,5
2022,168655323,5
2022,168655334,5
2022,168655336,4
2022,168655379,4
2022,168655395,4
2022,168655397,4
2022,168655478,5
2022,168655486,4
2022,168655515,4
2022,169841802,5
2022,168439983,5
2022,172877181,4
2022,172877182,5
2022,172015854,5
2022,169841807,4
2022,172973182,4
2022,170013520,8
2022,184071601,6
2022,170087624,6
2022,168440006,4
2022,168440007,4
2022,168440015,5
2022,168440024,5
2022,168440026,4
2022,168440027,4
2022,168440030,6
2022,168440079,5
2022,174492138,4
2022,168440084,5
2022,168440098,4
2022,168440111,4
2022,168440114,4
2022,168440116,5
2022,168440129,2
2022,168440137,4
2022,168440147,4
2022,168440148,4
2022,168440157,4
2022,168440159,6
2022,170510120,4
2022,168440171,4
2022,168440175,5
2022,168440181,6
2022,170510121,4
2022,172877185,4
2022,170624482,5
2022,177713308,4
2022,177713309,2
2022,177713309,3
2022,169973356,5
2022,170013522,5
2022,186197590,4
2022,169745421,5
2022,169745423,4
2022,186197591,4
2022,170872003,5
2022,172877187,4
2022,169745427,5
2022,174927568,4
2022,169745433,4
2022,174492139,5
2022,176796269,6
2022,172358910,4
2022,170872004,4
2022,182802105,5
2022,169745442,5
2022,170500081,4
2022,170516349,5
2022,169973360,3
2022,188575315,1
2022,169973364,5
2022,170510130,4
2022,170872007,5
2022,177317007,4
2022,170648508,4
2022,170648509,4
2022,170041077,4
2022,169745451,5
2022,169745452,4
2022,170041077,7
2022,170041078,4
2022,179958080,5
2022,170516351,4
2022,170273701,5
2022,170273702,5
2022,170874115,4
2022,170496918,5
2022,174459246,5
2022,170087631,5
2022,169745462,5
2022,169745467,4
2022,169745472,4
2022,169745472,6
2022,169745473,4
2022,174088215,4
2022,173704133,5
2022,170273714,5
2022,173385006,4
2022,170273715,4
2022,170273718,5
2022,171823196,5
2022,172885052,4
2022,172880554,5
2022,175012331,2
2022,169745477,5
2022,175012331,3
2022,171823198,4
2022,173524479,4
2022,173704136,5
2022,169745478,5
2022,171108246,4
2022,174939240,4
2022,171191120,5
2022,172999086,4
2022,173646279,2
2022,173646279,8
2022,170500086,4
2022,170966384,5
2022,170624493,5
2022,188837901,2
2022,173425134,5
2022,170879483,4
2022,170840186,4
2022,176026662,4
2022,176026663,5
2022,170879484,5
2022,170807105,5
2022,170840187,5
2022,170872016,5
2022,169745484,4
2022,170872017,5
2022,170872019,5
2022,169745486,4
2022,179958087,3
2022,184071606,4
2022,169745489,4
2022,179958089,5
2022,170872024,5
2022,186629601,5
2022,170879489,5
2022,176293863,5
2022,171119203,4
2022,179958090,5
2022,170872030,4
2022,177492689,5
2022,171191124,4
2022,172999089,5
2022,172681153,5
2022,171378075,4
2022,171119205,4
2022,180391500,4
2022,170872037,4
2022,170872038,4
2022,172885054,5
2022,186610177,5
2022,186610178,5
2022,186610179,5
2022,172681154,4
2022,172681155,4
2022,173670942,4
2022,173670943,4
2022,170879499,5
2022,171967685,8
2022,172999090,4
2022,179958097,4
2022,179958098,4
2022,179958099,5
2022,179958100,4
2022,179958101,5
2022,174492141,5
2022,171119213,4
2022,174459249,4
2022,170966406,5
2022,171510566,4
2022,170966407,5
2022,171191129,5
2022,172340990,5
2022,172340991,5
2022,174088216,4
2022,171191130,5
2022,173667131,4
2022,173667132,5
2022,172793012,5
2022,171268258,5
2022,184071608,3
2022,171333275,5
2022,184646486,2
2022,184646486,3
2022,173301565,4
2022,175708143,4
2022,171119220,5
2022,172358914,5
2022,175787006,5
2022,175787007,3
2022,175787008,5
2022,179958105,5
2022,171378094,4
2022,171191140,5
2022,171268265,4
2022,169745494,5
2022,169745508,4
2022,172793013,4
2022,173377941,5
2022,173377942,5
2022,173667133,4
2022,171510576,4
2022,172885056,5
2022,171333278,4
2022,172579215,4
2022,172579216,5
2022,172579217,4
2022,172579218,4
2022,172579219,4
2022,172579220,4
2022,173664156,4
2022,171512692,5
2022,171510585,5
2022,171510586,5
2022,171333285,5
2022,171386964,5
2022,171510590,5
2022,174774871,4
2022,174774872,4
2022,171378131,4
2022,171570228,5
2022,172358916,5
2022,175850317,5
2022,184071610,5
2022,173377947,4
2022,171512696,4
2022,171510594,5
2022,172684843,5
2022,171510597,4
2022,171603360,5
2022,171603361,4
2022,173023250,5
2022,171603363,5
2022,172292610,5
2022,175033563,5
2022,187384444,5
2022,171512703,4
2022,171603371,4
2022,173394819,4
2022,169745524,4
2022,172684848,4
2022,171823208,2
2022,184071613,6
2022,176098472,5
2022,172340994,4
2022,171823210,5
2022,171967700,4
2022,172015872,5
2022,172015873,4
2022,174342859,6
2022,171967705,5
2022,171967707,5
2022,173571204,5
2022,173571205,5
2022,171823215,4
2022,173394822,5
2022,173394823,5
2022,176078546,4
2022,176078547,4
2022,173394824,4
2022,173394825,4
2022,179958113,5
2022,187670491,4
2022,173637469,5
2022,176293866,5
2022,176224997,5
2022,171967714,4
2022,186706061,6
2022,171967715,3
2022,177527113,5
2022,172340995,6
2022,175901914,2
2022,175901914,4
2022,185857758,4
2022,172341002,4
2022,173394830,5
2022,173783213,4
2022,172638028,4
2022,172638029,4
2022,173425141,5
2022,173377950,5
2022,172684860,5
2022,187656524,4
2022,175085535,5
2022,172684862,4
2022,184071617,6
2022,184071618,4
2022,174459255,4
2022,172684863,5
2022,172579235,4
2022,172579236,4
2022,172973196,4
2022,177317010,4
2022,177317011,4
2022,172684865,4
2022,174552769,4
2022,169745530,5
2022,186698305,5
2022,182059326,4
2022,172885072,5
2022,172885073,5
2022,172885075,5
2022,172885077,5
2022,175948139,4
2022,172973203,5
2022,181518579,2
2022,181518579,4
2022,172709245,4
2022,173002731,5
2022,172579243,5
2022,173053903,4
2022,173401341,4
2022,184071621,5
2022,172973207,5
2022,172709246,5
2022,175948140,5
2022,172709249,4
2022,172709250,4
2022,177317012,4
2022,172793024,5
2022,172793025,5
2022,179958123,4
2022,179958124,5
2022,172885083,4
2022,172973213,4
2022,173298246,4
2022,172709255,1
2022,172709255,2
2022,172709255,3
2022,173188326,5
2022,181074977,4
2022,175483048,4
2022,172885085,5
2022,176207754,5
2022,184071622,4
2022,173023260,5
2022,173188327,4
2022,172793028,5
2022,172973218,2
2022,184071624,5
2022,179958126,5
2022,173401346,5
2022,175483049,5
2022,172885093,5
2022,173002745,4
2022,173002746,4
2022,173571207,4
2022,169745537,4
2022,173571207,8
2022,172973225,5
2022,173298250,5
2022,173104775,5
2022,184071625,2
2022,184071625,3
2022,172973231,5
2022,182856973,4
2022,172973233,4
2022,184075230,2
2022,182828519,1
2022,173401348,4
2022,173385021,3
2022,172973235,5
2022,174639366,4
2022,173002748,4
2022,179958128,5
2022,174459257,4
2022,174459257,8
2022,173460220,5
2022,173460221,5
2022,176674745,4
2022,173002749,8
2022,173401353,4
2022,174552771,5
2022,174459260,5
2022,175033564,4
2022,175033565,4
2022,173312141,4
2022,173394833,5
2022,173053911,4
2022,173023271,5
2022,175125809,5
2022,173053915,4
2022,173053916,4
2022,173298258,4
2022,173298259,4
2022,173298260,4
2022,173298261,5
2022,174479149,5
2022,173394836,4
2022,173394837,4
2022,173104780,5
2022,173188342,4
2022,173188343,2
2022,173425151,4
2022,173425152,4
2022,173053917,5
2022,173298263,4
2022,173188346,4
2022,173188347,5
2022,173188348,5
2022,173188350,6
2022,174975263,5
2022,179958130,5
2022,173188356,5
2022,182046033,4
2022,174975264,5
2022,184075234,5
2022,174774874,5
2022,173188360,4
2022,174405878,5
2022,174405879,5
2022,173298264,3
2022,184075235,1
2022,184075235,2
2022,184075235,6
2022,176384339,5
2022,173312147,5
2022,175085539,4
2022,173298268,5
2022,176244616,4
2022,169745552,5
2022,169745553,4
2022,169745555,4
2022,173637473,5
2022,184075236,5
2022,173188366,5
2022,176244617,4
2022,176244618,4
2022,173312152,5
2022,173312154,5
2022,173425161,4
2022,173425162,4
2022,173517707,4
2022,174183182,5
2022,176796276,4
2022,173425167,5
2022,173571213,3
2022,173312162,5
2022,184075238,5
2022,173312163,4
2022,173312164,4
2022,173425171,5
2022,173696171,4
2022,176026669,4
2022,176674748,5
2022,175794299,2
2022,175794299,8
2022,173571214,4
2022,173783224,5
2022,174492149,5
2022,176674749,5
2022,173571218,5
2022,173637478,4
2022,178415661,4
2022,169745572,5
2022,169745577,5
2022,169745585,5
2022,170956819,5
2022,170956831,5
2022,170956833,6
2022,170956844,5
2022,170956845,5
2022,170956854,4
2022,170956877,4
2022,170956878,4
2022,170956883,4
2022,170956895,6
2022,170956920,4
2022,170956926,4
2022,170956931,5
2022,170956938,5
2022,170956940,4
2022,170956951,5
2022,170956960,5
2022,170956961,5
2022,170956962,5
2022,170956969,4
2022,170956970,4
2022,170956980,4
2022,170956985,3
2022,173394989,4
2022,173394990,5
2022,173394991,5
2022,173395020,4
2022,173395021,5
2022,173395022,5
2022,173395025,4
2022,173395044,5
2022,173395045,5
2022,173395046,4
2022,173395053,4
2022,173395054,5
2022,173395056,4
2022,173395061,4
2022,173395080,4
2022,173395093,5
2022,173395105,5
2022,173395123,4
2022,173395127,5
2022,173395129,4
2022,173395137,6
2022,173395142,5
2022,173395143,5
2022,173395144,4
2022,173395151,4
2022,173395151,6
2022,173395155,4
2022,173395157,5
2022,173395168,5
2022,173395169,5
2022,173395175,5
2022,173395188,5
2022,176363589,5
2022,176363592,5
2022,176363606,4
2022,176363611,6
2022,176363613,6
2022,176363619,5
2022,176363620,5
2022,176363626,4
2022,176363632,5
2022,176363635,6
2022,176363636,4
2022,176363642,5
2022,176363645,6
2022,176363661,4
2022,176363663,4
2022,176363678,4
2022,176363681,1
2022,176363688,6
2022,176363690,4
2022,176363697,4
2022,176363708,4
2022,176363709,5
2022,176363710,6
2022,176363715,5
2022,176363720,4
2022,176363721,6
2022,176363729,4
2022,176363736,4
2022,176363737,5
2022,176363741,4
2022,176363745,5
2022,176363761,4
2022,176363770,5
2022,174479150,5
2022,174088220,7
2022,176363775,4
2022,177723790,4
2022,177723790,6
2022,173517718,5
2022,188188465,5
2022,177723809,5
2022,177723813,4
2022,177723816,5
2022,177723817,3
2022,177723824,5
2022,174663435,5
2022,186273286,5
2022,174540729,5
2022,177723854,4
2022,177723864,4
2022,177723875,4
2022,177723888,4
2022,177723902,6
2022,177723904,5
2022,177723906,5
2022,177723907,5
2022,177723910,4
2022,177723912,4
2022,177723913,5
2022,177723918,4
2022,177723929,6
2022,177723938,6
2022,177723951,5
2022,179970552,4
2022,179970565,5
2022,179970569,4
2022,179970578,5
2022,179970586,3
2022,179970586,4
2022,174540730,5
2022,179970587,5
2022,179970588,5
2022,173517720,5
2022,173517721,4
2022,173517722,5
2022,173696175,4
2022,173571221,5
2022,173696176,5
2022,173696177,5
2022,173696178,4
2022,174183187,4
2022,174183188,4
2022,185521405,4
2022,175033567,2
2022,179970632,4
2022,179970633,4
2022,179970655,4
2022,179970656,4
2022,179970659,5
2022,179970676,5
2022,179970681,4
2022,179970683,4
2022,179970683,6
2022,179970690,4
2022,175033567,6
2022,174320208,5
2022,173670978,5
2022,173670979,4
2022,174405881,3
2022,174405881,4
2022,173571230,4
2022,175033568,5
2022,174183198,2
2022,173664163,4
2022,173664164,4
2022,174774876,4
2022,174774877,4
2022,174183200,4
2022,174183201,5
2022,174405882,4
2022,179970704,5
2022,174405883,4
2022,174405884,5
2022,174860702,4
2022,180782381,4
2022,180782390,6
2022,180782391,5
2022,180782406,5
2022,180782415,6
2022,180782420,4
2022,174860703,4
2022,181526650,5
2022,176384342,5
2022,174183207,5
2022,174342876,5
2022,173696182,4
2022,177713311,3
2022,174479152,4
2022,173783242,5
2022,174320211,5
2022,174774878,4
2022,180782446,4
2022,175787013,5
2022,180782448,4
2022,180782450,4
2022,175787014,5
2022,179958138,3
2022,180782454,5
2022,188450617,5
2022,180782459,4
2022,180782460,4
2022,180782463,5
2022,180782477,6
2022,179958139,3
2022,180782483,4
2022,173783245,4
2022,180782485,5
2022,175483053,5
2022,174774879,4
2022,180782491,6
2022,180782505,5
2022,180782509,4
2022,180782515,5
2022,180782516,4
2022,180782527,6
2022,180782533,4
2022,180782534,6
2022,182587825,4
2022,182587837,5
2022,173783247,5
2022,175125812,5
2022,182828520,3
2022,182828521,3
2022,174927580,5
2022,182587846,4
2022,174462462,4
2022,174320213,5
2022,182587855,6
2022,182587858,4
2022,174927581,6
2022,182587866,4
2022,175901918,4
2022,182587880,4
2022,182587881,4
2022,182587908,5
2022,182587919,4
2022,175901919,4
2022,182587920,4
2022,174088224,4
2022,182587936,4
2022,182587945,4
2022,182587954,5
2022,182587955,4
2022,182587956,4
2022,182587957,4
2022,182587967,5
2022,182587980,6
2022,174571847,7
2022,182587990,5
2022,174479157,5
2022,174479158,4
2022,174459275,4
2022,174459276,4
2022,174088225,4
2022,184075242,4
2022,186610275,5
2022,186610294,2
2022,186610294,6
2022,186610303,4
2022,186610310,5
2022,186610311,4
2022,186610315,5
2022,186610316,4
2022,186610348,5
2022,186610357,5
2022,186610375,5
2022,186610386,5
2022,186610390,5
2022,186610398,5
2022,174405888,5
2022,174088229,5
2022,176225000,5
2022,186610408,5
2022,176796277,4
2022,176796278,4
2022,174939243,4
2022,174540731,4
2022,174540732,4
2022,174663447,5
2022,174459283,5
2022,184963381,5
2022,175715591,4
2022,174718354,5
2022,188359563,4
2022,175085547,5
2022,179973387,4
2022,179973393,6
2022,179973394,2
2022,179973398,4
2022,179973399,4
2022,179973402,4
2022,179958140,5
2022,174320222,4
2022,174927585,5
2022,175085548,5
2022,176369905,5
2022,176114299,5
2022,179958144,5
2022,174663450,4
2022,175787048,5
2022,175787057,5
2022,175787063,4
2022,175787064,4
2022,175787089,5
2022,175787091,5
2022,175844980,4
2022,175844983,4
2022,175844997,5
2022,175845000,4
2022,175845008,3
2022,175845033,5
2022,175845046,4
2022,175845057,4
2022,175845062,5
2022,175845063,5
2022,175845064,5
2022,175845069,4
2022,175845071,4
2022,175845074,4
2022,175845078,4
2022,175845083,4
2022,175845106,6
2022,176523263,5
2022,176523273,5
2022,176523274,5
2022,175708144,4
2022,174896525,5
2022,174896526,5
2022,176796279,5
2022,174552785,4
2022,179973786,5
2022,179973788,4
2022,179973801,4
2022,179973811,6
2022,179973815,5
2022,179973827,4
2022,179973837,6
2022,174459290,4
2022,174927589,5
2022,181268057,4
2022,181268062,4
2022,181268062,6
2022,174927590,2
2022,174927590,4
2022,174479173,5
2022,183051583,6
2022,183051584,6
2022,175027952,4
2022,175027957,4
2022,175027960,5
2022,176293873,5
2022,174459293,4
2022,174459294,4
2022,174552787,5
2022,175027969,4
2022,175027971,4
2022,175027972,4
2022,175027982,4
2022,175027992,4
2022,175027998,4
2022,175027999,4
2022,175028008,4
2022,175028010,5
2022,175028024,4
2022,175028027,4
2022,175028031,5
2022,175028043,4
2022,175028044,4
2022,175028046,4
2022,175028048,4
2022,175028052,6
2022,175028054,4
2022,175028055,8
2022,175028060,4
2022,175028061,4
2022,175028065,4
2022,175028069,6
2022,175028072,4
2022,175028074,5
2022,175028077,6
2022,175028078,6
2022,175028079,6
2022,175028080,6
2022,175028084,4
2022,175028085,6
2022,175028086,5
2022,174492162,4
2022,176384343,5
2022,176384344,5
2022,175028088,5
2022,175028094,5
2022,175028096,5
2022,175028098,5
2022,175028099,5
2022,175028105,5
2022,175028106,5
2022,175028112,4
2022,175028113,4
2022,175028114,5
2022,175028119,4
2022,175028122,4
2022,175028134,8
2022,175028136,6
2022,175028150,4
2022,175028153,4
2022,175028154,4
2022,175028158,4
2022,175028164,6
2022,175028167,4
2022,175028179,4
2022,175028182,5
2022,175028204,6
2022,175028211,4
2022,175028212,4
2022,175028216,4
2022,175028217,5
2022,175028221,4
2022,175028223,4
2022,175028224,5
2022,175028225,4
2022,175028227,4
2022,175028228,4
2022,175028237,4
2022,175028241,4
2022,175028244,4
2022,175028245,4
2022,175028247,4
2022,175028248,6
2022,175028250,4
2022,175028251,4
2022,175028252,4
2022,175028255,4
2022,175028257,4
2022,175028258,4
2022,175028259,5
2022,175028260,4
2022,175028262,4
2022,175028268,4
2022,175028273,4
2022,175028275,6
2022,175028278,5
2022,174663457,5
2022,174663458,1
2022,174492167,4
2022,175028279,5
2022,175028292,4
2022,175028293,4
2022,175028294,4
2022,175028301,4
2022,175028309,4
2022,175028310,6
2022,175028312,4
2022,175028318,4
2022,175028331,6
2022,175028334,4
2022,175028335,3
2022,175028339,4
2022,175028343,4
2022,175028344,4
2022,175028345,4
2022,175028346,4
2022,175028352,6
2022,175028368,4
2022,174479176,4
2022,175028372,4
2022,175028375,4
2022,175028377,5
2022,175028390,5
2022,175028406,5
2022,175028414,4
2022,175028414,6
2022,175028418,4
2022,175028421,6
2022,175028426,4
2022,175028427,4
2022,175028433,5
2022,175028434,5
2022,175028435,4
2022,175028436,5
2022,175028439,4
2022,175028441,5
2022,175028442,5
2022,175028451,4
2022,175028452,4
2022,175028454,4
2022,175028457,5
2022,175028458,7
2022,175028461,4
2022,175028464,5
2022,175028471,4
2022,175028476,5
2022,175028481,5
2022,175028482,5
2022,175028484,2
2022,175028485,4
2022,175028487,4
2022,175028489,2
2022,174860707,4
2022,175028500,4
2022,175028503,4
2022,175028504,1
2022,175028507,4
2022,175028508,4
2022,175028510,4
2022,175028511,5
2022,175028521,5
2022,175028531,5
2022,175028534,4
2022,175028541,4
2022,175028544,6
2022,175028545,4
2022,175028548,5
2022,175028549,4
2022,175028550,6
2022,175028551,5
2022,175028552,5
2022,175028553,5
2022,175028555,2
2022,175028557,6
2022,175028559,4
2022,175028561,4
2022,175028571,4
2022,175028575,4
2022,175028581,4
2022,175028586,5
2022,175028603,6
2022,175028604,6
2022,175028606,4
2022,175028610,5
2022,175028612,4
2022,175028614,4
2022,175028619,5
2022,175028627,4
2022,175028630,6
2022,175028635,4
2022,175028642,5
2022,175028643,5
2022,175028644,4
2022,175028645,4
2022,175028648,4
2022,175028649,4
2022,175028650,4
2022,175028655,4
2022,175028655,6
2022,175028656,4
2022,175028657,4
2022,175028658,4
2022,174768711,5
2022,177840073,5
2022,174492174,5
2022,175028661,4
2022,175028663,4
2022,175028672,4
2022,175028673,4
2022,175028674,4
2022,175028676,4
2022,175028679,4
2022,175028680,4
2022,175028681,5
2022,175028682,5
2022,175028683,4
2022,175028684,4
2022,175028686,4
2022,175028689,5
2022,175028692,4
2022,175028694,4
2022,175028698,4
2022,175028706,4
2022,175028708,6
2022,175028711,5
2022,175028713,4
2022,175028722,5
2022,175028727,5
2022,175028733,4
2022,175028734,4
2022,175028735,4
2022,175028741,2
2022,175028744,4
2022,175028747,4
2022,175028762,5
2022,175028765,4
2022,175028781,4
2022,175028782,5
2022,175028789,5
2022,175028791,4
2022,175028791,6
2022,175028793,4
2022,175028798,6
2022,175028800,4
2022,174571853,5
2022,175028801,6
2022,175004096,6
2022,175004109,4
2022,175004124,4
2022,175004127,4
2022,175004135,4
2022,175004136,4
2022,174724853,4
2022,175004141,4
2022,175004142,4
2022,175004143,4
2022,175004147,4
2022,175004151,4
2022,175004180,4
2022,175004181,8
2022,175004182,2
2022,175004183,4
2022,175004184,4
2022,175004185,4
2022,175004186,4
2022,175004190,4
2022,175004195,4
2022,177307036,6
2022,175004200,6
2022,175004203,4
2022,175004212,4
2022,177750370,4
2022,175004217,5
2022,175004223,8
2022,175004225,4
2022,175004227,5
2022,177307041,6
2022,175787017,4
2022,175787018,4
2022,177317014,4
2022,176390701,4
2022,174663488,5
2022,176796283,4
2022,176390707,1
2022,175794305,5
2022,179981309,4
2022,176390708,8
2022,174663502,4
2022,176390709,2
2022,176390711,5
2022,174927596,5
2022,174663503,5
2022,174663505,4
2022,174860710,5
2022,174860711,5
2022,179958152,4
2022,176369908,4
2022,177066928,4
2022,176390715,5
2022,174929888,4
2022,174927599,5
2022,176390719,5
2022,174724858,5
2022,174724859,4
2022,176353991,4
2022,174768718,5
2022,174927600,4
2022,176390724,4
2022,175483056,4
2022,175514946,4
2022,182046034,5
2022,175085563,4
2022,175514948,5
2022,174724863,4
2022,174774884,5
2022,184963382,4
2022,175117109,4
2022,175117110,4
2022,174860713,4
2022,174860714,5
2022,176098473,4
2022,174768729,4
2022,175901922,4
2022,176674752,5
2022,176390731,6
2022,176390732,5
2022,184075253,5
2022,174939247,4
2022,175085567,5
2022,184075255,6
2022,176390736,5
2022,174929898,5
2022,174927607,5
2022,184075257,4
2022,175085573,4
2022,177306903,4
2022,177306904,4
2022,176796285,5
2022,176070551,4
2022,174927609,4
2022,175514950,5
2022,184646489,5
2022,176796287,5
2022,176078550,5
2022,176390749,4
2022,176078551,5
2022,174927611,5
2022,174960104,4
2022,174927612,2
2022,176390754,4
2022,176390754,6
2022,174927612,4
2022,174975268,5
2022,174975269,5
2022,175085576,4
2022,174960105,4
2022,174960106,4
2022,174927613,5
2022,174927614,4
2022,174927614,8
2022,174929903,5
2022,176390757,3
2022,175514953,5
2022,175514954,5
2022,175094030,4
2022,179958159,5
2022,175087301,5
2022,175117112,4
2022,175117113,4
2022,179958160,5
2022,177066930,4
2022,177066931,4
2022,175094031,4
2022,175033579,4
2022,175094032,4
2022,176390758,4
2022,175085590,4
2022,175794315,5
2022,175794316,5
2022,175948150,5
2022,175948151,4
2022,174960107,4
2022,176114302,4
2022,175948152,4
2022,175948153,4
2022,175794317,4
2022,175662275,4
2022,175085596,4
2022,175514955,5
2022,184075258,4
2022,179958162,5
2022,179958163,4
2022,175085598,4
2022,176390759,4
2022,176390759,6
2022,175087303,4
2022,177066933,5
2022,175794320,5
2022,179958165,4
2022,175087307,4
2022,176390765,4
2022,176390767,4
2022,175662276,4
2022,175085610,4
2022,175514957,5
2022,184075263,4
2022,175117114,4
2022,176390769,4
2022,175662280,4
2022,175850329,4
2022,176293878,4
2022,175117115,5
2022,175662283,4
2022,181111717,5
2022,175125825,4
2022,176390771,5
2022,175948159,5
2022,179958169,4
2022,176390773,4
2022,175125829,5
2022,185612248,4
2022,179958171,4
2022,175896327,4
2022,175125830,4
2022,175794330,4
2022,176244631,4
2022,175662288,5
2022,176796293,4
2022,175948162,1
2022,175948163,4
2022,175794332,4
2022,177750375,5
2022,175948164,4
2022,176207763,5
2022,175715607,4
2022,176345717,5
2022,175896329,4
2022,186698306,6
2022,175948165,5
2022,175662293,4
2022,177840077,5
2022,175794336,4
2022,176796295,5
2022,175901935,5
2022,176390779,4
2022,175850337,4
2022,175850338,4
2022,179958178,4
2022,176390781,5
2022,176390782,5
2022,175794341,5
2022,175794345,5
2022,181518582,5
2022,175896331,4
2022,175850343,3
2022,185612249,4
2022,176431282,4
2022,176390784,5
2022,175850345,4
2022,175850346,5
2022,176244639,4
2022,175948175,4
2022,176345721,5
2022,175948176,5
2022,175948177,5
2022,180979452,4
2022,182046037,2
2022,176796300,5
2022,175948186,4
2022,176244640,5
2022,184075265,5
2022,177672647,5
2022,176098483,4
2022,176225001,4
2022,176098484,5
2022,176114308,4
2022,176293881,5
2022,176293882,4
2022,176390795,3
2022,175948193,4
2022,175948195,4
2022,183708895,5
2022,183708896,5
2022,176098486,4
2022,176337022,3
2022,176244652,4
2022,176286975,4
2022,176390800,4
2022,176376253,5
2022,176796306,5
2022,176369922,4
2022,179958196,8
2022,179958197,8
2022,179958198,5
2022,176098490,5
2022,187787999,4
2022,176431290,4
2022,177840083,4
2022,177672648,5
2022,177492690,4
2022,176384363,5
2022,178415982,4
2022,178415985,5
2022,178415987,4
2022,178416008,5
2022,178416012,5
2022,178416024,5
2022,178416034,4
2022,178416043,4
2022,178416045,6
2022,178416059,6
2022,178416063,4
2022,178416066,4
2022,178416073,4
2022,178416103,6
2022,178416115,4
2022,178416122,4
2022,178416128,4
2022,178416130,6
2022,178416133,4
2022,178416138,6
2022,178416143,6
2022,178416151,4
2022,178416156,6
2022,178416168,5
2022,178416170,4
2022,178416187,4
2022,178416193,4
2022,178416197,4
2022,178416202,4
2022,178416208,4
2022,178416242,5
2022,176337026,4
2022,179958206,4
2022,183703432,5
2022,179974673,4
2022,179974674,5
2022,179974677,4
2022,179974686,4
2022,179974696,4
2022,179974697,4
2022,179974698,4
2022,179974699,4
2022,179974700,4
2022,179974712,4
2022,179974715,4
2022,179974718,5
2022,179974726,4
2022,179974735,4
2022,179974743,4
2022,179974746,5
2022,179974749,4
2022,179974755,4
2022,179974762,4
2022,179974765,5
2022,179974766,4
2022,181410523,4
2022,181410549,4
2022,181410550,4
2022,181410551,5
2022,181410554,5
2022,181410558,4
2022,181410560,4
2022,181410561,4
2022,181410564,5
2022,181410565,5
2022,181410566,5
2022,181410572,4
2022,176293895,5
2022,181410573,4
2022,181410578,5
2022,181410580,5
2022,181410581,4
2022,181410583,5
2022,181410584,5
2022,177492691,4
2022,176369929,4
2022,176431293,4
2022,181410593,4
2022,181410594,6
2022,181410595,6
2022,181410596,4
2022,181410599,8
2022,181410603,5
2022,181410604,5
2022,181410606,5
2022,181410609,5
2022,181410614,4
2022,181410615,3
2022,181410616,6
2022,183973409,4
2022,183973450,6
2022,187677183,5
2022,175023083,8
2022,175023089,6
2022,175023096,6
2022,175023099,5
2022,175023101,4
2022,175023106,6
2022,175023109,4
2022,175023110,4
2022,175023111,4
2022,175023116,4
2022,174459312,4
2022,174459319,5
2022,174459329,4
2022,174459330,1
2022,174459331,4
2022,174459332,4
2022,174459333,5
2022,176293898,5
2022,174459339,5
2022,174459341,4
2022,174459342,5
2022,174459343,5
2022,176293899,5
2022,174459344,5
2022,179958207,5
2022,174459345,5
2022,174459347,6
2022,174459348,4
2022,174459349,4
2022,176244667,5
2022,182131921,5
2022,176337027,5
2022,176337028,5
2022,179958208,4
2022,179958209,4
2022,177461824,6
2022,177461826,4
2022,177461832,6
2022,177461834,6
2022,177461840,6
2022,178104555,4
2022,178104556,4
2022,178104558,5
2022,178104560,4
2022,178104561,6
2022,178104568,4
2022,178104570,4
2022,178104573,6
2022,178104574,6
2022,178104581,5
2022,178104583,5
2022,178104589,6
2022,177461858,4
2022,177461859,4
2022,177461862,4
2022,177461865,4
2022,177461866,4
2022,177461871,5
2022,177461872,6
2022,177461873,6
2022,177461874,4
2022,177461878,5
2022,177461881,4
2022,179975258,6
2022,176796311,5
2022,179975261,4
2022,179975262,4
2022,179975264,5
2022,179975266,6
2022,179975281,4
2022,181063071,4
2022,181063080,6
2022,181518708,6
2022,181518713,6
2022,181518714,4
2022,176431296,4
2022,179958211,4
2022,179958212,5
2022,176345738,4
2022,176293904,5
2022,182802111,5
2022,176376254,5
2022,176384366,5
2022,168882072,4
2022,176369938,4
2022,178104502,4
2022,171103791,4
2022,171103801,4
2022,179975285,5
2022,178104503,4
2022,176528565,4
2022,176528565,8
2022,179958213,4
2022,179958214,5
2022,182911426,4
2022,182365402,4
2022,182365403,4
2022,174896568,4
2022,174896586,5
2022,174896592,2
2022,174896593,5
2022,174939263,4
2022,174939265,5
2022,174939267,5
2022,176431304,5
2022,174939269,5
2022,174939284,5
2022,174939287,4
2022,174939288,4
2022,174939290,4
2022,176660356,5
2022,177617287,4
2022,174939294,4
2022,177010316,4
2022,177010317,4
2022,177010354,4
2022,177010363,4
2022,177010366,5
2022,177010372,4
2022,177010394,5
2022,177010400,5
2022,177010404,4
2022,177010411,5
2022,177010450,4
2022,176087144,6
2022,176087147,6
2022,176439326,5
2022,176087153,5
2022,176087163,6
2022,176340518,5
2022,176340532,4
2022,176340557,4
2022,176340559,2
2022,176340563,4
2022,176340572,4
2022,176196999,5
2022,176197000,4
2022,176197003,4
2022,176197007,4
2022,176197008,4
2022,176197009,3
2022,176197015,5
2022,176197016,5
2022,176431309,5
2022,177010504,6
2022,177010552,4
2022,177010558,5
2022,177312251,6
2022,177312260,3
2022,177312260,4
2022,177312262,4
2022,177312267,5
2022,177312268,2
2022,179980243,5
2022,179980269,5
2022,176431310,5
2022,182046040,4
2022,180761050,2
2022,180761054,4
2022,180761061,4
2022,180761062,4
2022,180761064,4
2022,180761065,5
2022,180761071,4
2022,181608759,4
2022,181608760,4
2022,181608763,5
2022,181608764,2
2022,181608765,2
2022,181608768,4
2022,181608777,4
2022,181608788,4
2022,167133162,5
2022,168320691,5
2022,168320692,5
2022,182046041,4
2022,168320695,5
2022,185809431,3
2022,177066950,4
2022,176431312,5
2022,176431313,4
2022,169742747,5
2022,176431314,5
2022,176617894,5
2022,179958226,4
2022,169742756,4
2022,179958227,4
2022,176674759,5
2022,176660363,4
2022,177840087,2
2022,177840087,3
2022,177840087,6
2022,179958230,4
2022,177840089,4
2022,171103806,4
2022,171103815,5
2022,173015204,5
2022,174548810,4
2022,176796336,4
2022,177306918,5
2022,179958234,4
2022,180766374,5
2022,179958235,4
2022,176674770,4
2022,176796337,4
2022,181111718,4
2022,176796338,5
2022,179958242,4
2022,177306922,4
2022,177306923,5
2022,179958246,4
2022,179958247,5
2022,179958248,5
2022,179958249,5
2022,179958250,5
2022,176796343,4
2022,179958253,5
2022,178317481,5
2022,177066956,4
2022,177463816,5
2022,177532065,5
2022,179958258,4
2022,177502411,4
2022,177840090,5
2022,179958262,4
2022,179958263,4
2022,178104505,5
2022,177532067,4
2022,179958271,4
2022,183703435,5
2022,179958287,5
2022,179958293,5
2022,186997391,5
2022,178393992,5
2022,177740121,4
2022,177740122,4
2022,179958294,4
2022,177532073,5
2022,177463821,4
2022,179958297,4
2022,179958298,4
2022,177840095,5
2022,179958299,5
2022,179958301,5
2022,179958302,5
2022,177532076,4
2022,174548817,5
2022,177543302,5
2022,177535404,4
2022,182802114,5
2022,177543307,8
2022,178435653,4
2022,179958308,4
2022,177840098,5
2022,177993295,5
2022,177750390,4
2022,179958309,4
2022,179958310,4
2022,177543310,4
2022,177532080,5
2022,177543314,5
2022,177993298,4
2022,177543318,4
2022,179958316,4
2022,177543319,5
2022,177543320,4
2022,177840102,5
2022,188273884,4
2022,176078633,5
2022,176078634,6
2022,176078643,4
2022,176078644,5
2022,177481445,5
2022,179960829,4
2022,188273885,5
2022,179958318,4
2022,177677037,4
2022,177733056,4
2022,181518584,5
2022,177713314,4
2022,179958328,5
2022,179958331,5
2022,179958332,4
2022,182657638,5
2022,177750393,5
2022,182657639,4
2022,182657641,5
2022,182657642,5
2022,182657643,5
2022,182657644,5
2022,179958334,5
2022,177750394,5
2022,177740124,4
2022,177740125,5
2022,178317490,5
2022,177993302,4
2022,177740126,4
2022,177840108,4
2022,177840109,5
2022,179958340,5
2022,179958341,5
2022,178074223,5
2022,177993304,4
2022,177840111,5
2022,177840112,4
2022,179958344,5
2022,177840116,5
2022,179958348,4
2022,179958349,4
2022,163520849,5
2022,163520859,4
2022,163520864,4
2022,163520870,5
2022,163520871,5
2022,165589048,5
2022,181111719,5
2022,177993305,5
2022,179958351,5
2022,177840126,4
2022,178317497,4
2022,177840131,4
2022,179958368,4
2022,178435664,4
2022,182046043,5
2022,178074227,4
2022,167282403,4
2022,167282404,4
2022,167282407,4
2022,167282412,5
2022,170510424,5
2022,172375803,4
2022,179958384,2
2022,179958384,8
2022,179958385,5
2022,179958386,4
2022,178154815,4
2022,186927131,5
2022,170510427,5
2022,170510430,4
2022,179958392,4
2022,171949344,4
2022,171949345,4
2022,179958393,4
2022,181837110,5
2022,175787095,4
2022,175845124,4
2022,179958396,4
2022,179958397,4
2022,178254995,4
2022,179958404,5
2022,179958405,5
2022,179958410,5
2022,186166783,4
2022,173671022,4
2022,173671027,5
2022,176070576,4
2022,176026731,4
2022,176026744,5
2022,176026762,5
2022,179958415,4
2022,178255000,4
2022,179958417,5
2022,179958418,4
2022,179958419,4
2022,179981318,5
2022,179958426,5
2022,179958427,5
2022,179958428,5
2022,179958429,5
2022,179958431,5
2022,179958435,4
2022,179958440,5
2022,179958443,5
2022,179958444,4
2022,186674968,4
2022,186674969,4
2022,186674970,4
2022,186674971,4
2022,186674972,4
2022,186674973,4
2022,186674974,4
2022,180848707,8
2022,179958445,6
2022,179958449,4
2022,179958450,5
2022,179958463,4
2022,179958466,4
2022,179958468,5
2022,187656525,4
2022,181469427,5
2022,184669887,5
2022,179958474,4
2022,179958475,4
2022,179958476,5
2022,179958477,4
2022,181526655,5
2022,181526656,5
2022,181526657,5
2022,179958491,4
2022,179958492,4
2022,179958496,4
2022,179958497,5
2022,179958498,5
2022,179958506,5
2022,179958509,5
2022,179958515,4
2022,179958518,5
2022,179958519,5
2022,179958520,5
2022,180766377,3
2022,179958525,5
2022,179958526,5
2022,179958527,5
2022,182955565,6
2022,182955566,6
2022,179958534,5
2022,179958536,4
2022,179958544,5
2022,184048353,5
2022,179958546,4
2022,179958547,4
2022,179958548,5
2022,179958549,8
2022,179958550,8
2022,179958551,4
2022,179958552,4
2022,179958553,4
2022,179958554,3
2022,179958555,3
2022,179958562,4
2022,181518585,5
2022,179958570,4
2022,181469443,4
2022,179958571,4
2022,179958573,3
2022,179958581,4
2022,181092044,5
2022,179958594,3
2022,181097686,4
2022,181097695,5
2022,182147138,5
2022,182147147,4
2022,182147156,4
2022,182147176,5
2022,179958595,8
2022,179958596,5
2022,179958599,5
2022,179958600,4
2022,179958601,6
2022,179958603,4
2022,179958610,4
2022,179958612,4
2022,179958613,4
2022,179958617,5
2022,179958621,4
2022,179958622,4
2022,179958625,4
2022,179958627,5
2022,179958628,4
2022,179958634,5
2022,188575318,5
2022,188575319,5
2022,188575320,5
2022,179958640,4
2022,179958641,5
2022,179958642,5
2022,181283140,5
2022,179958646,5
2022,182046051,5
2022,179958651,4
2022,179958656,4
2022,182448734,5
2022,179958676,5
2022,179958677,4
2022,182328947,5
2022,179958680,5
2022,179958681,5
2022,179958685,8
2022,179958689,4
2022,179958699,4
2022,179958707,5
2022,179958708,4
2022,181632134,6
2022,179958711,5
2022,179958712,3
2022,179958713,4
2022,179958714,3
2022,179958716,5
2022,179958717,4
2022,180848717,5
2022,180848718,5
2022,179958725,4
2022,179958730,5
2022,182616499,5
2022,182616508,4
2022,182616509,4
2022,182616520,5
2022,184794319,4
2022,173637543,4
2022,173637545,5
2022,179958736,5
2022,173637551,5
2022,179958741,5
2022,179958742,5
2022,179958746,4
2022,179958747,5
2022,180410898,5
2022,180410899,5
2022,179958750,5
2022,180410900,3
2022,180410900,4
2022,180410901,3
2022,180410901,4
2022,180410903,5
2022,183953528,5
2022,176713842,4
2022,179958766,4
2022,164006692,5
2022,179958767,4
2022,180410904,5
2022,180410905,5
2022,179958774,5
2022,179958776,5
2022,182802116,5
2022,179958778,4
2022,164006715,4
2022,183068208,6
2022,165338020,5
2022,165338021,4
2022,183068209,6
2022,179958784,5
2022,165338025,4
2022,165338026,4
2022,179958795,4
2022,165338029,5
2022,181518588,5
2022,165338041,5
2022,181518589,4
2022,181518590,4
2022,179958802,4
2022,179958813,3
2022,179958816,5
2022,179958817,5
2022,180933039,4
2022,179958819,4
2022,180391507,4
2022,179958829,4
2022,180804535,5
2022,180804536,5
2022,167167569,5
2022,179958831,2
2022,167167578,5
2022,167167579,3
2022,179958831,3
2022,168554122,8
2022,179958831,8
2022,182955572,5
2022,181074978,6
2022,168554126,2
2022,179958837,5
2022,179958840,5
2022,179958842,5
2022,168555182,5
2022,168555184,5
2022,168555185,4
2022,180822118,5
2022,179958843,4
2022,179958847,4
2022,168555193,5
2022,168555195,4
2022,186629607,3
2022,186629608,5
2022,179958856,5
2022,179958858,4
2022,179958859,4
2022,179958868,5
2022,179958869,5
2022,179958873,4
2022,171823236,4
2022,179958874,5
2022,179958875,4
2022,179958876,4
2022,180253839,5
2022,179958882,4
2022,180410908,5
2022,181020217,4
2022,172364585,8
2022,179958894,4
2022,173018628,8
2022,180410909,3
2022,186166788,5
2022,180410909,4
2022,179981323,5
2022,175031375,5
2022,179958896,4
2022,179958897,4
2022,181818728,5
2022,181818729,5
2022,180766386,5
2022,179958898,6
2022,182131923,5
2022,181518594,4
2022,179958906,5
2022,181518597,4
2022,176106962,5
2022,176264487,4
2022,177535434,4
2022,177535439,5
2022,177535440,4
2022,179958958,4
2022,179958963,5
2022,179958969,5
2022,181168493,5
2022,163118885,4
2022,163118888,4
2022,182820408,4
2022,182448735,4
2022,182448735,8
2022,180410911,5
2022,180996141,4
2022,180391520,5
2022,186428287,5
2022,181074980,5
2022,180787158,5
2022,179981333,5
2022,180391526,5
2022,180391527,4
2022,188188468,6
2022,188188469,6
2022,180766388,5
2022,181518603,5
2022,181526661,4
2022,163118895,4
2022,163118896,5
2022,163118897,5
2022,163118898,5
2022,181526662,4
2022,180822132,4
2022,180992377,5
2022,164921466,4
2022,188808989,5
2022,166572507,4
2022,167098016,5
2022,167205654,5
2022,168320314,4
2022,169625879,5
2022,169625881,4
2022,180992380,5
2022,180822133,5
2022,180933047,4
2022,182708678,5
2022,182708680,5
2022,169902496,4
2022,181020222,5
2022,181810453,5
2022,180992382,4
2022,183703442,5
2022,180825447,5
2022,182802124,4
2022,180992385,5
2022,181074983,4
2022,182708688,4
2022,182497367,5
2022,181283146,4
2022,181014796,4
2022,187677126,4
2022,169902507,4
2022,180933048,5
2022,169902509,5
2022,171115938,5
2022,184060703,5
2022,176648839,5
2022,176648840,5
2022,184594585,4
2022,184606545,5
2022,177505605,4
2022,179959308,4
2022,181420663,4
2022,181420673,4
2022,179959323,5
2022,172369783,4
2022,172369790,4
2022,184060704,5
2022,182708691,5
2022,181837114,4
2022,181526669,7
2022,181518623,5
2022,181518624,5
2022,182802126,4
2022,182802127,4
2022,181518628,4
2022,181283151,4
2022,181526670,5
2022,181111724,4
2022,184071632,5
2022,181074985,5
2022,181014806,5
2022,174412521,4
2022,185143601,5
2022,181014808,4
2022,181283156,5
2022,181548252,5
2022,185521416,6
2022,174412534,5
2022,174412538,3
2022,174412544,5
2022,174412546,6
2022,175896392,4
2022,175896396,4
2022,175896397,4
2022,177672655,4
2022,179959324,5
2022,177813707,1
2022,177813708,5
2022,177672665,1
2022,177672673,4
2022,177813709,4
2022,177672680,5
2022,179959327,5
2022,185245029,5
2022,183051588,5
2022,179959353,5
2022,179959354,4
2022,179959357,5
2022,183051589,5
2022,183051591,5
2022,183051592,3
2022,183051608,5
2022,183973028,1
2022,181267923,4
2022,163915687,5
2022,167194479,3
2022,167194480,4
2022,167194483,4
2022,167194484,5
2022,167194485,4
2022,167194506,5
2022,167194507,4
2022,167194508,4
2022,167194509,5
2022,167194510,5
2022,167194511,4
2022,182267825,5
2022,182267827,5
2022,169778257,6
2022,182329365,4
2022,182329407,4
2022,182329429,4
2022,182365152,4
2022,169778260,4
2022,169778264,5
2022,182426827,5
2022,182451566,3
2022,182464726,5
2022,182710897,5
2022,169778276,4
2022,182710901,4
2022,182781015,5
2022,183051480,5
2022,183522738,5
2022,183522744,4
2022,169778288,4
2022,183522745,4
2022,183636573,5
2022,169778291,4
2022,183636574,5
2022,183709012,4
2022,183747703,4
2022,169778296,5
2022,169778297,4
2022,169778300,4
2022,184075385,4
2022,184094839,4
2022,184094843,4
2022,184094847,4
2022,184094848,4
2022,184094850,4
2022,184306230,5
2022,184306232,4
2022,184306235,4
2022,184306237,4
2022,184306238,4
2022,184306239,5
2022,163914655,4
2022,163118863,5
2022,163118875,5
2022,164202809,5
2022,164026257,4
2022,164921417,4
2022,164738631,5
2022,165207857,4
2022,186979177,5
2022,165352349,4
2022,165773456,4
2022,166960774,4
2022,167110867,4
2022,167110868,5
2022,167167417,5
2022,167414720,5
2022,168321388,4
2022,186979191,4
2022,186979192,4
2022,168321393,4
2022,168321394,4
2022,168439750,5
2022,168321397,5
2022,168321399,4
2022,168439753,5
2022,168575074,4
2022,186979199,5
2022,168881586,4
2022,168881589,4
2022,168881591,4
2022,169592017,4
2022,169592020,4
2022,169643074,5
2022,169643076,4
2022,169914483,4
2022,169796996,5
2022,171401795,5
2022,172356016,1
2022,171401807,4
2022,171401813,5
2022,169796998,4
2022,170840191,1
2022,173378081,5
2022,173378084,4
2022,173378087,5
2022,173378088,4
2022,173378090,5
2022,174540761,5
2022,187221521,1
2022,174540766,4
2022,171304786,4
2022,171570231,5
2022,171570232,4
2022,171570233,5
2022,186979218,5
2022,172699773,5
2022,172549629,4
2022,172699775,5
2022,173018569,5
2022,173018570,4
2022,173018573,5
2022,173018574,4
2022,173172315,5
2022,173307612,4
2022,173307615,4
2022,174412461,4
2022,173639895,4
2022,173639896,5
2022,173639897,4
2022,174412463,5
2022,174412468,4
2022,174943958,4
2022,175055603,5
2022,181069429,6
2022,187363626,5
2022,176228230,5
2022,176523190,4
2022,176523191,5
2022,177505550,5
2022,186979251,5
2022,186979255,5
2022,179962434,4
2022,177976931,4
2022,179962445,4
2022,179962447,4
2022,179962454,5
2022,179962455,5
2022,180761014,5
2022,179962459,5
2022,180761015,3
2022,181608747,2
2022,181608747,8
2022,181069430,4
2022,161678152,4
2022,161678153,5
2022,161678154,5
2022,162004428,5
2022,162004429,4
2022,163931749,5
2022,162004431,5
2022,173670990,5
2022,161887250,5
2022,162265672,4
2022,174540785,4
2022,174540786,4
2022,177672688,4
2022,175896415,4
2022,175896416,4
2022,175896425,4
2022,175896429,4
2022,177672693,5
2022,162265673,5
2022,174929922,5
2022,179960662,4
2022,179960664,5
2022,179960671,4
2022,188824988,5
2022,179960681,4
2022,179960683,5
2022,180761078,5
2022,180761079,5
2022,180761085,5
2022,180761089,5
2022,174929921,5
2022,163931753,4
2022,180761090,5
2022,180761092,5
2022,165806717,5
2022,162607844,4
2022,182267830,4
2022,162840969,5
2022,162326713,5
2022,162998901,4
2022,162607849,4
2022,162840972,5
2022,174929935,5
2022,182267840,5
2022,163125702,4
2022,162840979,5
2022,162857573,4
2022,164008391,4
2022,175901943,4
2022,164038650,5
2022,163953188,5
2022,177463823,5
2022,163953190,5
2022,163384928,5
2022,174929957,5
2022,182267849,5
2022,163953195,4
2022,163953198,4
2022,168575059,5
2022,168575060,4
2022,164008396,5
2022,163931758,5
2022,164008400,4
2022,164066549,5
2022,168586143,5
2022,164824573,4
2022,168715775,5
2022,164824575,4
2022,168586149,5
2022,168586150,4
2022,174929974,4
2022,168715777,5
2022,164067338,5
2022,164530243,5
2022,168715781,2
2022,168715782,4
2022,164744540,4
2022,168586175,4
2022,168586176,5
2022,164217276,5
2022,166010490,5
2022,168586182,4
2022,168586188,5
2022,168586194,5
2022,168586197,5
2022,168715784,4
2022,168715785,4
2022,168654707,5
2022,168586210,4
2022,168886359,5
2022,169341057,6
2022,168586229,4
2022,168586235,6
2022,168586237,5
2022,168586246,5
2022,168586253,4
2022,168586259,4
2022,168586266,4
2022,168586269,4
2022,168586270,5
2022,186166789,4
2022,168605726,4
2022,168605730,4
2022,168605732,4
2022,168605733,4
2022,168605734,4
2022,168605738,4
2022,168605740,4
2022,168605743,4
2022,168605757,4
2022,168605758,4
2022,168605761,5
2022,168605762,4
2022,168605767,5
2022,168605768,4
2022,168605775,4
2022,168605778,4
2022,168605786,4
2022,164824577,4
2022,164744543,4
2022,164674968,4
2022,164824578,4
2022,168605797,5
2022,168605798,5
2022,164744548,5
2022,168605801,5
2022,168605802,4
2022,164938550,5
2022,179962462,5
2022,164938554,5
2022,164938555,5
2022,168586286,4
2022,168586287,4
2022,174929993,5
2022,169341059,6
2022,165329001,4
2022,168586289,5
2022,168586290,5
2022,168586292,4
2022,168586293,4
2022,168586294,5
2022,169341060,5
2022,167128502,5
2022,168586303,5
2022,165415694,5
2022,165634734,5
2022,168586314,5
2022,168586315,5
2022,168586331,5
2022,168586335,5
2022,169975526,5
2022,169975529,4
2022,165806720,4
2022,165806721,4
2022,165806722,4
2022,166170624,4
2022,166636065,5
2022,168321412,4
2022,165877381,5
2022,169975532,4
2022,169343796,4
2022,169975536,5
2022,169975538,5
2022,169975544,5
2022,169975545,5
2022,169975549,5
2022,169343797,5
2022,167143214,4
2022,166241162,4
2022,169975554,5
2022,167085696,4
2022,169975568,4
2022,166992590,5
2022,167118825,5
2022,167340981,5
2022,167200163,4
2022,168321416,4
2022,169975572,4
2022,167154923,5
2022,167427360,5
2022,170023499,5
2022,182708725,4
2022,167143223,5
2022,167153960,4
2022,167442881,4
2022,167153963,5
2022,169975592,5
2022,169975602,4
2022,171510172,5
2022,171510173,5
2022,171510184,5
2022,171510185,5
2022,171510188,5
2022,171510190,4
2022,171510192,5
2022,171510195,4
2022,171510197,4
2022,171510201,4
2022,171510208,5
2022,171510209,4
2022,171510210,5
2022,171510215,4
2022,171510225,4
2022,174314645,5
2022,174314668,5
2022,174314670,5
2022,174314675,5
2022,171119221,2
2022,174314701,4
2022,174314703,4
2022,174314706,4
2022,174314708,4
2022,174314710,5
2022,174314719,4
2022,174849139,4
2022,171119221,8
2022,167262801,5
2022,170879506,4
2022,167442883,4
2022,167442884,4
2022,167442889,4
2022,174849151,4
2022,174849152,4
2022,174849155,4
2022,167442890,4
2022,167427369,4
2022,171420434,5
2022,168321447,4
2022,168612510,5
2022,168321452,4
2022,168321453,4
2022,168321455,5
2022,168321461,5
2022,168321462,5
2022,168321469,4
2022,168321479,4
2022,168321487,4
2022,168321490,4
2022,168661564,4
2022,168321493,5
2022,168321495,5
2022,168321497,4
2022,168321501,5
2022,168321503,5
2022,168321505,4
2022,176407125,4
2022,174849162,5
2022,168332547,5
2022,168321516,5
2022,168321517,4
2022,168321518,4
2022,168661565,5
2022,173053920,5
2022,174849166,5
2022,173053921,5
2022,173023275,5
2022,168469407,4
2022,168612512,4
2022,177740127,5
2022,168612515,5
2022,168555210,4
2022,169414111,4
2022,168579710,4
2022,168555212,4
2022,168555213,4
2022,168612517,5
2022,168612518,5
2022,168744028,4
2022,170879508,5
2022,168744029,4
2022,168744030,4
2022,168718862,4
2022,171420435,5
2022,168744034,8
2022,169057637,4
2022,169057638,4
2022,169057639,4
2022,169841809,5
2022,169057645,4
2022,169057646,5
2022,169343800,1
2022,169926762,3
2022,174849196,5
2022,169057650,5
2022,169361428,5
2022,174849205,4
2022,174849206,4
2022,174849208,4
2022,174849210,4
2022,176363782,5
2022,176363784,5
2022,176363786,5
2022,176363787,5
2022,176363795,5
2022,176363799,7
2022,176363808,4
2022,176363828,4
2022,176363831,3
2022,176363834,8
2022,176363835,5
2022,176363836,5
2022,176363842,5
2022,176363849,4
2022,176363852,4
2022,176363853,4
2022,176363855,4
2022,178058217,5
2022,178058219,5
2022,178058227,5
2022,178058253,5
2022,178058260,4
2022,178058268,4
2022,178058301,5
2022,178058308,4
2022,178058309,5
2022,178058315,5
2022,179961568,5
2022,179961597,5
2022,179961603,4
2022,179961608,5
2022,179961611,3
2022,179961612,2
2022,179961620,5
2022,179961626,5
2022,179961632,5
2022,179961636,4
2022,179961637,5
2022,169632396,5
2022,169599974,5
2022,169414113,5
2022,169579746,4
2022,187681349,6
2022,181268077,8
2022,181268078,5
2022,169632399,5
2022,170624503,4
2022,173425185,5
2022,169616191,5
2022,169616802,4
2022,181268079,5
2022,181268084,5
2022,181268090,4
2022,181268094,4
2022,181268100,8
2022,181268101,6
2022,181268109,5
2022,181268110,4
2022,181268111,5
2022,181268112,5
2022,181268113,4
2022,181268114,4
2022,181268121,4
2022,169632401,5
2022,163043908,5
2022,169717436,5
2022,163043909,5
2022,163043910,5
2022,162907198,5
2022,177317030,5
2022,186466104,2
2022,162907206,4
2022,162851524,4
2022,162907211,4
2022,162907216,4
2022,169756129,5
2022,162907220,5
2022,162907225,5
2022,162907227,5
2022,162907233,1
2022,162907235,4
2022,163273688,6
2022,163254389,4
2022,162907240,3
2022,163254391,4
2022,162907246,4
2022,162907249,4
2022,169905042,5
2022,162907269,4
2022,162907277,4
2022,162907279,5
2022,163951085,4
2022,163951086,4
2022,169717439,5
2022,163043912,5
2022,171268273,5
2022,184963482,5
2022,163273690,4
2022,170624507,5
2022,163232035,4
2022,169800006,4
2022,165773930,5
2022,177317031,5
2022,169973372,4
2022,165773931,5
2022,163241095,5
2022,163273691,4
2022,169756133,4
2022,164596294,5
2022,164084271,4
2022,164084274,4
2022,164084275,4
2022,164102789,4
2022,169841813,5
2022,164578231,5
2022,164578237,4
2022,164578238,4
2022,169841814,5
2022,164596295,4
2022,179962479,5
2022,170087639,5
2022,165691260,5
2022,164823087,5
2022,164823090,5
2022,164823093,4
2022,164904034,4
2022,164904039,4
2022,164904040,5
2022,165093440,3
2022,165096181,5
2022,170087640,5
2022,170842914,4
2022,169951550,5
2022,169951104,5
2022,170041091,5
2022,170013540,4
2022,169951554,5
2022,165691275,4
2022,170087642,4
2022,169951555,5
2022,170516378,5
2022,170041097,5
2022,170966414,5
2022,170041098,4
2022,171108265,5
2022,170087643,5
2022,170087645,5
2022,165691305,4
2022,170087647,5
2022,170871224,4
2022,170273020,5
2022,170273722,4
2022,170273726,5
2022,170273729,5
2022,170516382,4
2022,170807116,5
2022,170273731,5
2022,170842924,5
2022,165691317,4
2022,170807118,4
2022,170807119,4
2022,170842930,4
2022,171119227,4
2022,171119228,4
2022,171119229,4
2022,171494204,3
2022,171164170,5
2022,171268277,5
2022,171333301,4
2022,165773935,5
2022,171333303,5
2022,171603377,5
2022,171512716,5
2022,171378146,5
2022,176528573,1
2022,176528573,4
2022,171949432,5
2022,171494207,5
2022,171494209,5
2022,171494210,4
2022,172554232,5
2022,171512724,5
2022,171776957,5
2022,171512725,4
2022,171603380,4
2022,172375790,5
2022,171905891,4
2022,172375791,5
2022,165722072,4
2022,165722074,4
2022,171823217,4
2022,171949434,5
2022,172375792,4
2022,172358925,5
2022,172341024,5
2022,172375794,5
2022,172684885,5
2022,179962499,4
2022,173023281,4
2022,176773289,4
2022,172946428,4
2022,179962501,5
2022,172946437,4
2022,172793035,4
2022,173002759,4
2022,172793036,5
2022,173023287,5
2022,173177067,4
2022,173023290,4
2022,173023291,5
2022,173002760,4
2022,173023296,5
2022,173298282,4
2022,176407131,5
2022,165773941,5
2022,173298284,4
2022,173425187,5
2022,173516515,4
2022,173571244,4
2022,173571245,4
2022,173571246,4
2022,173517725,5
2022,173425189,5
2022,173571248,4
2022,173473232,5
2022,173473238,4
2022,174479182,5
2022,173696189,5
2022,174320227,4
2022,173670998,4
2022,174320228,5
2022,173517731,5
2022,173758116,5
2022,173696193,5
2022,177317033,5
2022,173671000,5
2022,173671001,5
2022,173671002,5
2022,173671004,5
2022,173696194,5
2022,165803992,4
2022,174088231,4
2022,165804000,4
2022,174479183,5
2022,174479184,5
2022,174423100,5
2022,174320234,5
2022,174571862,5
2022,174492185,5
2022,174459297,5
2022,174423101,5
2022,165948587,4
2022,167120941,4
2022,175901944,4
2022,166572509,4
2022,166572512,4
2022,166572516,4
2022,166602702,4
2022,166960820,5
2022,166976360,5
2022,167194514,4
2022,167194515,4
2022,167098021,5
2022,167194518,4
2022,167098024,5
2022,167098026,4
2022,167198379,4
2022,167100313,4
2022,167111011,4
2022,167436042,5
2022,175094042,4
2022,175094043,5
2022,174648551,4
2022,167131962,4
2022,167131964,5
2022,174824454,5
2022,174724876,5
2022,167167581,4
2022,167167585,4
2022,167194520,4
2022,167194524,4
2022,167194526,4
2022,174724878,4
2022,167436046,6
2022,167329670,4
2022,167329671,4
2022,167329672,3
2022,167329674,5
2022,174663518,5
2022,184071656,5
2022,179962505,4
2022,167436047,6
2022,167336793,5
2022,167336800,4
2022,167436055,5
2022,168323085,2
2022,168323093,4
2022,168323094,4
2022,168323097,4
2022,168323098,4
2022,175083453,4
2022,168323104,4
2022,168323108,4
2022,168323112,4
2022,168323113,6
2022,168323114,4
2022,168323115,5
2022,168323116,4
2022,168323118,4
2022,168654894,4
2022,174912194,4
2022,168323143,6
2022,168323150,4
2022,177463826,5
2022,169379632,6
2022,175033587,4
2022,175483075,5
2022,168323158,2
2022,175917943,4
2022,175063693,4
2022,175063697,4
2022,169379633,3
2022,175094048,5
2022,168532358,8
2022,168532359,4
2022,175033593,4
2022,168532367,4
2022,175094051,5
2022,168532374,4
2022,168532378,4
2022,175083454,4
2022,175085622,5
2022,175085624,5
2022,175715622,5
2022,175483084,5
2022,175483085,5
2022,186197637,4
2022,175715623,5
2022,175662301,5
2022,175715627,5
2022,175715630,4
2022,175794354,5
2022,175917946,5
2022,175901948,5
2022,176070557,4
2022,176244671,4
2022,176384371,4
2022,168560723,4
2022,168654896,4
2022,168618544,4
2022,176384372,5
2022,185224600,4
2022,169567703,5
2022,169569576,4
2022,169569578,4
2022,169569580,4
2022,169625883,4
2022,169625885,2
2022,169643176,8
2022,169625892,4
2022,169639576,8
2022,169639577,2
2022,169643180,4
2022,169643184,3
2022,170489377,6
2022,169643186,4
2022,169643187,4
2022,170489379,4
2022,170489381,3
2022,170489382,3
2022,176293917,5
2022,170489383,3
2022,176243900,5
2022,169664573,4
2022,180410918,4
2022,169664577,4
2022,169714199,4
2022,169714202,4
2022,169714204,4
2022,170500101,5
2022,176237291,5
2022,176244676,5
2022,184963488,5
2022,176244677,5
2022,186436958,5
2022,176369946,4
2022,179962523,4
2022,169797020,3
2022,183128678,5
2022,176427897,4
2022,177854270,4
2022,176427898,4
2022,169797022,4
2022,176384381,5
2022,176796350,5
2022,169797027,5
2022,179962525,5
2022,179962526,4
2022,177854271,4
2022,176439333,4
2022,176439334,5
2022,176796352,5
2022,176773302,4
2022,177993318,4
2022,177492706,5
2022,186697309,6
2022,186697310,5
2022,186466105,4
2022,177529115,5
2022,177529116,5
2022,183358636,5
2022,170500105,4
2022,170619134,6
2022,186273315,5
2022,177993324,4
2022,178089398,4
2022,177543328,5
2022,170875788,4
2022,177543330,5
2022,178251676,4
2022,170875791,4
2022,177750417,5
2022,170950667,4
2022,170957005,5
2022,170957013,2
2022,172001017,8
2022,171043676,8
2022,171043677,5
2022,178154844,4
2022,172292807,4
2022,172001018,2
2022,171103829,4
2022,171103830,4
2022,171107024,2
2022,171107025,4
2022,171115945,6
2022,171115949,4
2022,171115950,1
2022,171115952,4
2022,171118031,4
2022,171258405,4
2022,171304885,4
2022,171304886,4
2022,179962544,5
2022,171304895,4
2022,179962545,5
2022,179962547,4
2022,179962548,4
2022,179962551,4
2022,179962554,5
2022,178250373,4
2022,179962558,4
2022,178255011,4
2022,172045961,4
2022,172292810,8
2022,171346798,4
2022,171346809,4
2022,171346811,8
2022,172292814,5
2022,172292815,4
2022,171419203,4
2022,171419204,4
2022,171570365,2
2022,179962563,5
2022,179962598,5
2022,179962601,5
2022,179962615,4
2022,183128681,5
2022,179962618,5
2022,179962623,4
2022,171734367,4
2022,179962630,4
2022,171734373,4
2022,172369809,2
2022,172374156,2
2022,172374169,4
2022,173684909,2
2022,179962633,5
2022,185081056,5
2022,172705834,6
2022,172786180,4
2022,172786181,4
2022,172786183,4
2022,179962640,4
2022,179962648,5
2022,179962654,4
2022,179962656,4
2022,179962662,5
2022,179962667,5
2022,172786184,4
2022,172786185,4
2022,172877238,3
2022,173307651,1
2022,172877239,4
2022,172877240,4
2022,173307652,4
2022,173378091,4
2022,173378092,4
2022,173378093,4
2022,173378108,4
2022,173684924,4
2022,173684926,5
2022,173401394,8
2022,173401400,4
2022,173401406,2
2022,173667192,4
2022,173684929,8
2022,173684931,5
2022,173684932,5
2022,179962673,4
2022,179962680,5
2022,179962692,5
2022,179962694,5
2022,181283169,4
2022,179962701,5
2022,179962702,5
2022,188468176,5
2022,185615856,6
2022,175783216,4
2022,174083215,5
2022,185615857,4
2022,179962722,5
2022,175783221,6
2022,174314739,4
2022,174471512,4
2022,174471529,4
2022,175783225,4
2022,174471533,4
2022,174471535,4
2022,174471537,4
2022,179962723,5
2022,179962730,5
2022,179962731,5
2022,179962733,4
2022,179962734,5
2022,182708726,5
2022,179962757,4
2022,183068275,5
2022,180884739,5
2022,180884740,5
2022,180884741,5
2022,184963491,4
2022,186697317,5
2022,180787178,5
2022,180766403,5
2022,180933058,5
2022,182708728,4
2022,180933061,5
2022,180933063,4
2022,181075005,5
2022,175783236,4
2022,181837128,4
2022,181283175,4
2022,181075013,5
2022,181075014,5
2022,181632160,4
2022,181283177,5
2022,181075021,5
2022,181283178,4
2022,161998344,5
2022,174548840,4
2022,175783239,5
2022,175783240,6
2022,179964857,4
2022,179964858,5
2022,179964859,5
2022,179964860,5
2022,179964861,5
2022,179964862,5
2022,161998346,4
2022,163783746,5
2022,175120995,4
2022,175120996,4
2022,175121001,5
2022,175121003,4
2022,170624520,4
2022,161887263,4
2022,162998907,4
2022,185612314,4
2022,162016531,5
2022,175121009,4
2022,175121011,4
2022,175490951,4
2022,175490953,3
2022,175490959,4
2022,175896434,8
2022,175896437,4
2022,176923429,3
2022,175896443,1
2022,176087220,4
2022,176923435,4
2022,176087251,4
2022,176197028,4
2022,176197029,4
2022,176197032,2
2022,176923436,4
2022,176202851,4
2022,176202856,5
2022,176287020,5
2022,165415701,4
2022,165415702,3
2022,164918272,5
2022,162325819,5
2022,176923437,4
2022,176923438,4
2022,176923443,4
2022,176287038,4
2022,176363868,4
2022,176363869,4
2022,176363870,4
2022,176523299,4
2022,176523304,4
2022,176617938,4
2022,176923446,4
2022,176617941,4
2022,179965085,4
2022,177312290,4
2022,177312291,4
2022,177448182,4
2022,177448187,4
2022,177451056,4
2022,177451057,4
2022,177451058,5
2022,177451063,4
2022,177451064,1
2022,177537091,4
2022,177537098,4
2022,177672719,5
2022,177713341,4
2022,177713342,5
2022,179965087,4
2022,179965089,4
2022,179965090,4
2022,179965094,4
2022,179965096,4
2022,179965097,8
2022,179965100,4
2022,179965107,2
2022,162325820,5
2022,162607855,4
2022,182497406,5
2022,182497407,5
2022,162857578,4
2022,162425270,5
2022,162425271,5
2022,173571251,4
2022,162804859,5
2022,163043854,5
2022,162976687,4
2022,163125713,4
2022,165272864,4
2022,163125714,4
2022,163254369,4
2022,163474943,5
2022,164658651,4
2022,164658652,4
2022,163274933,5
2022,164071832,5
2022,164658591,4
2022,163254370,5
2022,164681320,8
2022,179965124,2
2022,179965127,4
2022,179965129,4
2022,179965131,4
2022,179965138,4
2022,179965141,4
2022,179965142,4
2022,179965143,4
2022,180782561,5
2022,179965152,4
2022,179965163,4
2022,179965170,4
2022,179965173,4
2022,179965178,4
2022,179965183,4
2022,179965188,3
2022,179965199,8
2022,179965201,5
2022,179965204,4
2022,179965205,4
2022,179965214,4
2022,179965219,4
2022,179965220,4
2022,179965222,4
2022,174930023,5
2022,174930024,5
2022,163783748,5
2022,163474944,5
2022,167161178,5
2022,164598684,4
2022,180402878,4
2022,163959403,5
2022,163959404,5
2022,165415710,3
2022,165415711,5
2022,164744551,4
2022,165095160,5
2022,164108261,5
2022,164038666,4
2022,165095161,5
2022,165272865,4
2022,180402886,8
2022,180402888,4
2022,180402889,4
2022,180761127,4
2022,180761130,4
2022,181097707,4
2022,164598690,4
2022,181097712,4
2022,181097716,4
2022,181097718,4
2022,181097719,4
2022,181524269,4
2022,181524274,4
2022,182662335,5
2022,181524275,5
2022,181524279,4
2022,181524282,4
2022,165731222,4
2022,181785054,4
2022,181785058,4
2022,164530255,4
2022,164530256,4
2022,164658592,5
2022,181785068,4
2022,164744553,5
2022,165691165,4
2022,164744556,4
2022,181824793,4
2022,181824799,4
2022,181824805,4
2022,165382857,4
2022,165382858,4
2022,164956062,5
2022,164956063,4
2022,164938563,4
2022,165691170,4
2022,182464786,4
2022,167143227,5
2022,177463831,5
2022,174183239,4
2022,174320239,5
2022,171603387,5
2022,165877395,4
2022,182464790,4
2022,182464792,1
2022,182464800,4
2022,182464806,2
2022,182464816,5
2022,182657661,4
2022,182657664,5
2022,182657668,5
2022,166964889,6
2022,166964890,4
2022,167134467,5
2022,167134471,5
2022,166964894,5
2022,166993971,4
2022,187138444,5
2022,167205660,4
2022,167205666,5
2022,167205667,4
2022,167336805,5
2022,166993974,4
2022,167436058,4
2022,167336821,4
2022,166993975,4
2022,166993976,4
2022,168322750,4
2022,168322751,4
2022,167001504,5
2022,168323279,4
2022,168610369,5
2022,169412435,5
2022,169412436,5
2022,169412437,5
2022,168660877,4
2022,168660878,4
2022,168886393,6
2022,167001505,5
2022,166258221,5
2022,167066926,4
2022,167128510,5
2022,167128511,5
2022,168322753,5
2022,168322754,5
2022,167211714,5
2022,169745600,4
2022,167211717,4
2022,167262808,4
2022,169904031,4
2022,168322757,5
2022,168744767,5
2022,168744768,5
2022,168555215,5
2022,168555216,5
2022,168455641,5
2022,168455642,5
2022,168322759,4
2022,168322761,4
2022,186698325,6
2022,168322765,4
2022,167442899,4
2022,167442900,4
2022,179964869,5
2022,168322774,5
2022,168322778,5
2022,168322782,4
2022,168322783,4
2022,168322786,4
2022,168322787,4
2022,188575351,4
2022,169567399,4
2022,168332558,4
2022,172765970,4
2022,169343802,4
2022,169343803,4
2022,169343804,4
2022,169343805,4
2022,168322809,4
2022,168744769,5
2022,169057655,4
2022,169414118,5
2022,168586372,5
2022,169904037,4
2022,171603388,4
2022,169057657,4
2022,169057658,4
2022,168384934,4
2022,168830911,4
2022,168455650,4
2022,168469409,4
2022,168744772,5
2022,169599978,5
2022,168555224,4
2022,168718866,5
2022,168618543,4
2022,168889779,4
2022,168824866,5
2022,169361429,5
2022,169057659,4
2022,168889784,4
2022,169967772,5
2022,170013547,4
2022,170010259,6
2022,170010260,5
2022,171734384,5
2022,171734395,4
2022,171819551,4
2022,172014709,4
2022,172014711,4
2022,172941229,4
2022,172941230,4
2022,173460303,4
2022,173667195,4
2022,173667207,4
2022,170087650,2
2022,169385232,4
2022,169564180,4
2022,169841820,4
2022,171191154,4
2022,169599986,5
2022,169632423,5
2022,170062823,4
2022,170062824,4
2022,169632424,5
2022,169717456,5
2022,174767039,5
2022,175092891,4
2022,175117394,5
2022,175121014,5
2022,176363876,4
2022,176363879,5
2022,176713848,5
2022,177488270,4
2022,177537101,4
2022,177537102,5
2022,177537105,1
2022,177537111,5
2022,177672724,5
2022,171103737,4
2022,177976979,4
2022,179965497,4
2022,179965501,4
2022,179965502,4
2022,179965504,5
2022,179965507,5
2022,179965510,5
2022,179965514,4
2022,179965524,4
2022,179965526,4
2022,179965540,5
2022,179965554,4
2022,170087653,5
2022,169973382,5
2022,180782589,4
2022,180800481,4
2022,174540734,5
2022,182781052,4
2022,182781055,4
2022,182828615,5
2022,182828620,5
2022,183094513,4
2022,174540735,5
2022,171494213,6
2022,168575252,4
2022,168575263,5
2022,171494214,6
2022,169757030,5
2022,169951559,4
2022,171103741,5
2022,171103742,5
2022,175715633,8
2022,168575273,5
2022,168575282,4
2022,168575283,5
2022,168575303,5
2022,168575336,5
2022,168575340,4
2022,169951106,5
2022,168575344,4
2022,168575348,5
2022,169926769,4
2022,171595167,5
2022,173310364,5
2022,173310365,5
2022,173310375,4
2022,170189974,4
2022,172350105,5
2022,171268279,5
2022,174927095,5
2022,174927096,5
2022,174927107,4
2022,171268280,5
2022,171108281,4
2022,176244392,5
2022,176244412,5
2022,172885103,5
2022,176070561,5
2022,171108283,4
2022,170189976,4
2022,170087661,4
2022,181018085,5
2022,179965575,4
2022,170516392,5
2022,171268281,4
2022,171268282,4
2022,177492711,4
2022,172358935,4
2022,171191160,5
2022,171378158,5
2022,170872044,4
2022,172375797,5
2022,172765971,5
2022,172765972,5
2022,172765973,5
2022,172765974,5
2022,171119237,5
2022,172356015,5
2022,172358939,4
2022,172358941,4
2022,172358942,5
2022,171333313,4
2022,179964876,5
2022,173571252,4
2022,173385048,4
2022,172885104,4
2022,172793041,5
2022,172709270,4
2022,178197062,4
2022,172793042,5
2022,172793043,4
2022,172793044,5
2022,172793045,4
2022,172793046,5
2022,174912202,1
2022,172695812,5
2022,172695813,5
2022,177481251,5
2022,173385050,4
2022,181018090,5
2022,181018091,4
2022,181018106,5
2022,164376945,4
2022,172877194,5
2022,172877195,5
2022,172765980,4
2022,174485116,4
2022,174485117,5
2022,176773315,3
2022,174485118,4
2022,174485119,4
2022,173002772,4
2022,173104805,5
2022,182079801,4
2022,173187161,5
2022,169643194,4
2022,174462468,5
2022,173188382,5
2022,169643200,6
2022,174462469,5
2022,173298294,5
2022,173298295,4
2022,173298296,4
2022,173187162,5
2022,169643209,5
2022,174485126,4
2022,174462473,4
2022,174492197,4
2022,174485128,4
2022,174485129,4
2022,173758130,5
2022,173571261,4
2022,185407809,4
2022,174485131,5
2022,182849759,5
2022,182147182,5
2022,174459302,4
2022,174459303,4
2022,174540738,4
2022,174492199,4
2022,174724884,4
2022,186629687,5
2022,186629688,6
2022,187649769,4
2022,174459305,5
2022,174459306,4
2022,174552802,5
2022,176070565,4
2022,176407168,4
2022,180782597,4
2022,180782600,4
2022,182820505,4
2022,175509938,4
2022,175631144,4
2022,175631149,4
2022,175631151,4
2022,175631152,4
2022,175631159,5
2022,174662630,5
2022,175893390,5
2022,175631178,4
2022,175631180,4
2022,175631207,4
2022,174860722,5
2022,174824463,4
2022,175941650,4
2022,175941655,4
2022,176070568,4
2022,175085629,5
2022,175514979,5
2022,175514981,5
2022,186436975,5
2022,186629691,4
2022,175514982,5
2022,176773322,4
2022,176773323,4
2022,177481255,5
2022,175944624,5
2022,175948208,4
2022,176237299,1
2022,179964884,4
2022,179964887,5
2022,179964888,5
2022,177448105,4
2022,177448106,4
2022,177448107,5
2022,177535412,4
2022,177543333,4
2022,176431317,5
2022,182079802,5
2022,182079803,5
2022,176439341,4
2022,179968226,4
2022,176660393,4
2022,177317052,4
2022,176407174,4
2022,182147183,5
2022,178104513,4
2022,178104514,5
2022,177733073,4
2022,177492714,4
2022,177317057,4
2022,176791689,4
2022,179964893,5
2022,177317058,4
2022,177543334,4
2022,177463836,4
2022,179964894,4
2022,179964895,5
2022,178251678,5
2022,178251679,5
2022,176791691,4
2022,181111742,5
2022,181111743,5
2022,177492715,4
2022,177543337,4
2022,177543338,4
2022,177733077,4
2022,177529120,4
2022,177529121,5
2022,178104525,4
2022,177532091,2
2022,182120489,5
2022,182124256,5
2022,168475634,5
2022,168325175,5
2022,168325178,5
2022,168325184,4
2022,168325185,5
2022,168475641,4
2022,168325188,5
2022,168325190,5
2022,168325191,6
2022,168325196,5
2022,168325200,4
2022,168325201,4
2022,168325202,5
2022,168325203,5
2022,168325206,5
2022,168325207,4
2022,168325209,5
2022,168325214,5
2022,177532092,4
2022,178104526,4
2022,177733078,4
2022,178138651,4
2022,178138652,5
2022,186466121,4
2022,177824123,4
2022,177854286,4
2022,168325220,5
2022,168325221,5
2022,168475646,3
2022,168325224,5
2022,168475647,5
2022,168325231,5
2022,168325232,5
2022,168325233,5
2022,168325234,5
2022,168325236,4
2022,177854287,3
2022,179964911,5
2022,177840137,5
2022,179964912,5
2022,180766404,5
2022,182497410,5
2022,182448816,5
2022,168475651,8
2022,167171248,5
2022,167171251,5
2022,167171257,4
2022,167171262,4
2022,168325240,4
2022,168325253,4
2022,168325256,8
2022,168475653,4
2022,168325262,5
2022,168325264,5
2022,168325269,5
2022,168325274,5
2022,168532513,5
2022,168532517,5
2022,168824977,5
2022,168881751,4
2022,168881753,1
2022,168881754,4
2022,168881758,3
2022,178154856,5
2022,179964924,5
2022,168881762,5
2022,168881765,4
2022,179964926,5
2022,179964930,4
2022,179964932,4
2022,179964934,4
2022,179964936,4
2022,179964938,5
2022,179964939,5
2022,179964940,4
2022,179964944,5
2022,179964945,4
2022,186436976,5
2022,169338675,3
2022,173015211,5
2022,168881778,5
2022,168881784,4
2022,179964953,5
2022,181410218,5
2022,181410219,5
2022,181410220,5
2022,179964954,5
2022,179964963,4
2022,179964964,5
2022,179964965,5
2022,179964968,5
2022,179964969,5
2022,181410222,4
2022,179964980,4
2022,179964984,4
2022,179964997,4
2022,179965003,5
2022,179965006,5
2022,179965009,5
2022,183068307,4
2022,179965019,4
2022,179965024,5
2022,183398685,5
2022,172999183,5
2022,169975690,5
2022,169975691,5
2022,169975693,5
2022,169975695,5
2022,183398686,5
2022,187649770,4
2022,169975696,5
2022,169975697,4
2022,181588412,4
2022,169975699,5
2022,169975701,5
2022,181588413,4
2022,179965041,4
2022,181588414,5
2022,181608751,5
2022,181608752,5
2022,179965047,5
2022,182267874,4
2022,170007824,5
2022,170007825,5
2022,170007827,4
2022,172999184,5
2022,170007834,5
2022,170007835,5
2022,181075028,5
2022,170046621,5
2022,186197655,4
2022,182625601,5
2022,181020248,4
2022,180366720,4
2022,180366721,4
2022,180366722,4
2022,184048397,4
2022,180812118,5
2022,180787183,5
2022,180787184,4
2022,187712059,4
2022,182625602,4
2022,180391539,5
2022,185224614,5
2022,182625605,5
2022,181020249,5
2022,181518691,4
2022,182820433,4
2022,181075030,5
2022,170062970,5
2022,181075031,5
2022,181111744,4
2022,170062971,4
2022,170062973,5
2022,181075032,4
2022,184597424,5
2022,170062982,5
2022,163273584,5
2022,170062990,4
2022,171115955,4
2022,171240649,5
2022,171240653,5
2022,171240655,4
2022,171240657,4
2022,171304925,5
2022,171304929,5
2022,171304930,5
2022,171304932,5
2022,171304934,5
2022,171304954,4
2022,171304955,4
2022,171401824,5
2022,172999185,5
2022,171401828,4
2022,171401832,4
2022,171401834,4
2022,171401835,5
2022,172999191,4
2022,172999193,5
2022,172999194,5
2022,172999196,5
2022,172999197,5
2022,173015213,4
2022,173015218,4
2022,173015221,5
2022,173015222,5
2022,173015223,4
2022,173015224,5
2022,173018630,4
2022,173018634,3
2022,173018638,5
2022,173018639,5
2022,173051604,4
2022,173040525,5
2022,173040526,5
2022,173040527,4
2022,173040528,5
2022,173040532,4
2022,173040534,5
2022,163273585,5
2022,169714136,5
2022,163273588,4
2022,173040539,4
2022,173040541,5
2022,173040542,5
2022,173040545,5
2022,173040547,4
2022,173051607,5
2022,173051610,5
2022,173051612,5
2022,174327705,4
2022,174327708,4
2022,174327709,5
2022,174327710,5
2022,182828625,5
2022,174332135,5
2022,174332139,4
2022,174332141,5
2022,174332142,5
2022,174332143,5
2022,175028811,5
2022,175028812,5
2022,175028813,5
2022,175509947,4
2022,175509954,5
2022,175509956,5
2022,175783246,4
2022,175783247,4
2022,175783248,4
2022,175783249,5
2022,175783250,4
2022,175783251,4
2022,175845125,5
2022,175845127,5
2022,175845128,5
2022,175845130,5
2022,175845133,5
2022,175845135,5
2022,176197039,5
2022,176197041,5
2022,176672010,4
2022,176197050,2
2022,176197051,4
2022,176197052,4
2022,176340575,5
2022,176340577,5
2022,176340582,5
2022,176340584,5
2022,176379607,5
2022,176379609,5
2022,176379610,5
2022,176379612,4
2022,176379614,5
2022,176379616,5
2022,176379620,5
2022,176519077,4
2022,177010602,5
2022,177010604,5
2022,177010608,5
2022,177010610,4
2022,177010613,4
2022,177010621,4
2022,177010623,5
2022,177488271,4
2022,177488272,4
2022,177488273,5
2022,177488281,5
2022,177850832,4
2022,177931338,2
2022,177931340,2
2022,177931345,5
2022,177931347,4
2022,177931351,5
2022,177931353,4
2022,177976995,4
2022,177977000,4
2022,178138738,5
2022,178138743,5
2022,179968400,4
2022,179968401,4
2022,179968402,4
2022,179968403,4
2022,179968404,4
2022,179968407,5
2022,179968408,5
2022,179968409,5
2022,179968415,5
2022,179968419,5
2022,179968421,5
2022,179968422,4
2022,179968424,4
2022,179968426,5
2022,179968429,6
2022,179968432,4
2022,179968437,4
2022,179968438,5
2022,179968439,4
2022,179968444,5
2022,179968445,5
2022,179968446,4
2022,179968447,4
2022,179968448,4
2022,179968451,4
2022,179968454,4
2022,179968460,5
2022,179968463,5
2022,179968465,4
2022,179968467,4
2022,179968469,4
2022,179968475,5
2022,179968476,5
2022,179968477,4
2022,179968484,4
2022,179968485,4
2022,164596273,4
2022,173692133,4
2022,166005999,4
2022,179968501,5
2022,179968507,4
2022,179968511,4
2022,179968516,4
2022,179968523,5
2022,181069469,4
2022,181069470,5
2022,181069472,5
2022,181069473,5
2022,181069478,4
2022,181268129,5
2022,181588425,4
2022,181819037,4
2022,163273594,5
2022,163273595,4
2022,163273596,4
2022,163273602,4
2022,172000939,4
2022,163273606,5
2022,163273607,5
2022,163273608,5
2022,163273609,5
2022,163273610,5
2022,163273611,5
2022,163273613,4
2022,167205600,5
2022,163273620,5
2022,163273625,4
2022,163273626,5
2022,163273630,5
2022,163273631,5
2022,164007361,5
2022,163273637,5
2022,163776212,5
2022,163776217,4
2022,163776218,5
2022,163273643,5
2022,163273644,5
2022,163273645,5
2022,163273646,5
2022,163273647,5
2022,164007362,5
2022,163776222,4
2022,163273653,5
2022,168654907,5
2022,182331541,5
2022,163273660,4
2022,168824874,5
2022,165096124,5
2022,167205601,6
2022,164102757,4
2022,164596276,5
2022,164102762,5
2022,164102763,5
2022,164913843,4
2022,164596278,5
2022,182331557,5
2022,182331567,4
2022,182331592,5
2022,164680777,5
2022,164596282,5
2022,164913845,5
2022,164596284,5
2022,164913854,5
2022,164680782,5
2022,165096129,4
2022,167100236,5
2022,164680783,5
2022,186961699,5
2022,165096132,5
2022,166999736,4
2022,165096139,5
2022,165722000,4
2022,182331725,5
2022,165096141,5
2022,165722002,4
2022,182331836,4
2022,165096142,5
2022,165325208,4
2022,166602550,5
2022,172999106,4
2022,165096147,5
2022,165096148,5
2022,165096149,5
2022,165096150,5
2022,165325209,4
2022,166006002,4
2022,167100237,5
2022,168323294,5
2022,182332056,4
2022,186961704,5
2022,186961705,5
2022,167100238,5
2022,166006004,4
2022,167100244,5
2022,170875765,4
2022,167100260,5
2022,187489712,4
2022,182634655,5
2022,182657678,5
2022,182657682,5
2022,182657683,4
2022,182657685,4
2022,182657686,5
2022,182657690,5
2022,182657691,5
2022,182657692,5
2022,182657694,5
2022,182657695,5
2022,182657696,5
2022,182657707,4
2022,167100267,4
2022,182657708,4
2022,174857203,5
2022,182662347,4
2022,182662349,5
2022,182662351,5
2022,182662353,4
2022,182662357,5
2022,182828632,5
2022,182828633,5
2022,182828636,5
2022,182820508,4
2022,175023126,5
2022,175023134,5
2022,175023138,5
2022,175023139,5
2022,175023140,5
2022,175023142,4
2022,175023144,4
2022,175023145,4
2022,175023146,5
2022,175087357,4
2022,175087359,4
2022,167336756,5
2022,175117406,4
2022,175117409,4
2022,167336759,5
2022,168323311,5
2022,168323313,4
2022,174568178,5
2022,175117410,5
2022,175490973,4
2022,175490976,5
2022,175708209,4
2022,175708211,4
2022,176026765,5
2022,176026766,4
2022,176065618,1
2022,176065619,5
2022,176065620,5
2022,176065621,5
2022,176065624,5
2022,176065628,4
2022,176065629,4
2022,176078649,4
2022,176065631,5
2022,176065633,5
2022,176202859,5
2022,176202863,4
2022,176202865,5
2022,176202866,5
2022,176264488,5
2022,176287050,5
2022,176287051,5
2022,176287052,4
2022,176376283,4
2022,176376288,5
2022,176376289,5
2022,176432910,5
2022,176376291,5
2022,176376292,5
2022,176376293,5
2022,168323324,4
2022,168323325,4
2022,167336765,5
2022,167336767,4
2022,174083148,5
2022,168323327,4
2022,168323330,5
2022,176432911,5
2022,168323332,5
2022,171512159,4
2022,168323342,5
2022,176432913,4
2022,168323345,5
2022,169120391,5
2022,169120392,5
2022,169120393,5
2022,169120394,5
2022,169120395,5
2022,168323349,5
2022,171115899,5
2022,168323353,4
2022,186961752,5
2022,171115900,4
2022,176432916,5
2022,168532417,4
2022,168532420,4
2022,169379532,5
2022,168824878,4
2022,176432917,5
2022,169757526,5
2022,169379535,4
2022,169120401,5
2022,169120402,4
2022,169714143,4
2022,176432918,5
2022,176432919,4
2022,176672011,4
2022,176672012,5
2022,176672013,5
2022,176672014,5
2022,176672015,4
2022,176923447,4
2022,176923449,4
2022,169569522,4
2022,169379543,4
2022,169379544,5
2022,169714147,5
2022,179965605,4
2022,169379547,2
2022,169379548,5
2022,169757530,5
2022,176923456,4
2022,176923458,5
2022,176923459,4
2022,176923460,4
2022,176923461,5
2022,176923462,5
2022,176923464,5
2022,171115906,5
2022,169569527,4
2022,169625846,5
2022,169714150,5
2022,169902369,4
2022,171512161,4
2022,171115907,5
2022,171115908,4
2022,169625848,2
2022,179965606,5
2022,177481458,4
2022,177481459,4
2022,177481460,5
2022,177481461,4
2022,177481463,5
2022,177535447,5
2022,177481464,5
2022,177481465,5
2022,177535449,5
2022,177535453,5
2022,177535454,5
2022,177535455,5
2022,177535456,4
2022,177535458,5
2022,177617334,4
2022,177617335,4
2022,177535460,5
2022,177617340,4
2022,177740143,5
2022,177740147,4
2022,177740150,5
2022,185211164,4
2022,177848493,5
2022,177848494,4
2022,177848498,4
2022,177931356,4
2022,178104597,4
2022,178104598,5
2022,178104601,4
2022,178104607,4
2022,178104608,4
2022,178394053,4
2022,169757532,5
2022,170799675,5
2022,169902371,5
2022,170489321,4
2022,169960300,4
2022,170489325,4
2022,178394055,5
2022,187221538,5
2022,170799680,4
2022,178394063,5
2022,178394065,5
2022,179968529,5
2022,179968531,4
2022,179968535,5
2022,179968545,4
2022,179968547,5
2022,179968552,4
2022,179968556,5
2022,179968558,5
2022,179968559,5
2022,179968562,5
2022,179968564,5
2022,179968567,5
2022,179968571,5
2022,179968572,5
2022,179968574,5
2022,179968576,4
2022,179968577,4
2022,179968582,5
2022,179968584,5
2022,179968590,4
2022,179968591,4
2022,179968593,5
2022,179968597,6
2022,179968598,5
2022,179968607,5
2022,179968608,5
2022,171115913,4
2022,170799681,4
2022,180399538,4
2022,170062846,4
2022,179968612,4
2022,179968617,4
2022,179968626,4
2022,179968630,5
2022,180399545,5
2022,180399550,5
2022,180798921,4
2022,170799682,5
2022,180798925,5
2022,181018113,5
2022,181018117,5
2022,181018119,5
2022,181018121,4
2022,181018124,5
2022,181018132,5
2022,181018135,5
2022,181063103,5
2022,181063108,4
2022,167198406,4
2022,167154628,4
2022,167154629,5
2022,167154630,4
2022,167154415,5
2022,167154417,5
2022,167154418,5
2022,167205719,5
2022,167205720,5
2022,167336842,3
2022,170489330,5
2022,182828538,2
2022,182828538,4
2022,182828538,8
2022,171115917,5
2022,174857208,4
2022,172000941,4
2022,171240619,5
2022,171512168,5
2022,167200868,4
2022,172000946,5
2022,168325499,4
2022,167414809,4
2022,168325503,5
2022,168325505,5
2022,168379433,5
2022,172681163,5
2022,169412443,5
2022,169412449,5
2022,172681165,5
2022,171512174,4
2022,172369748,5
2022,172000947,3
2022,172369749,4
2022,172000949,4
2022,172000950,5
2022,172999112,5
2022,172681168,5
2022,174083153,4
2022,178138655,5
2022,173097130,4
2022,172999116,4
2022,174083155,5
2022,169797032,5
2022,169950911,5
2022,169950912,5
2022,185211165,5
2022,170489393,5
2022,171240665,3
2022,172553405,5
2022,172553406,4
2022,172553413,4
2022,172578087,5
2022,172578088,7
2022,172578093,5
2022,173375861,5
2022,173375863,4
2022,173294082,5
2022,174929267,5
2022,173692134,5
2022,174331941,5
2022,174568179,4
2022,173555356,4
2022,173555357,4
2022,174083161,5
2022,174083163,4
2022,174568181,5
2022,174488621,5
2022,174471445,4
2022,174929269,5
2022,174488622,4
2022,174488623,4
2022,174568182,4
2022,178138656,5
2022,187156643,5
2022,174568185,5
2022,174857218,5
2022,174488631,5
2022,174488632,4
2022,175710831,5
2022,174929272,5
2022,175027869,4
2022,179965615,3
2022,179965616,4
2022,187221541,5
2022,174488640,5
2022,174849245,4
2022,187750217,5
2022,174849246,5
2022,175090726,5
2022,176287056,5
2022,179969227,4
2022,179969228,5
2022,179969230,5
2022,179969235,4
2022,179969236,4
2022,179969239,4
2022,179969240,5
2022,179969241,4
2022,179969242,4
2022,179969243,4
2022,179969246,5
2022,175896334,5
2022,175090729,4
2022,188254618,5
2022,178138657,4
2022,175710835,4
2022,175710836,5
2022,180988495,5
2022,176286985,5
2022,176286986,5
2022,177537032,5
2022,175896339,5
2022,185211167,5
2022,181107159,4
2022,176671901,4
2022,176434582,4
2022,176379521,4
2022,176286989,5
2022,184821716,5
2022,181107176,5
2022,179965622,4
2022,176434587,5
2022,181107182,5
2022,181107189,4
2022,181107199,4
2022,177741944,4
2022,177010263,4
2022,173301619,5
2022,186967972,4
2022,174939302,4
2022,176379625,3
2022,178416320,4
2022,181410631,1
2022,181410634,2
2022,163769124,4
2022,163769127,7
2022,176671910,5
2022,177488163,4
2022,177850795,5
2022,177741952,4
2022,177741954,5
2022,184721872,5
2022,177741955,5
2022,178138665,5
2022,179965649,5
2022,179965650,6
2022,179965653,5
2022,185821864,5
2022,179965655,4
2022,185211171,5
2022,179965658,5
2022,179965660,4
2022,179965661,5
2022,179965668,4
2022,179965671,4
2022,179965683,4
2022,185211172,5
2022,179965684,5
2022,179965685,4
2022,181267938,5
2022,181267939,5
2022,180988508,4
2022,181018027,5
2022,179965699,4
2022,179965704,5
2022,181267941,5
2022,180402838,5
2022,180402839,4
2022,179965707,4
2022,179965708,5
2022,165691392,5
2022,181818893,4
2022,181818894,5
2022,183051494,2
2022,180402851,4
2022,180402855,5
2022,181526706,5
2022,181018030,4
2022,181267947,5
2022,181526712,5
2022,165352357,4
2022,165415733,5
2022,168579728,5
2022,165415752,5
2022,165731229,5
2022,165415757,4
2022,165415758,5
2022,165415766,5
2022,165806749,4
2022,165806750,4
2022,165806751,5
2022,167281936,5
2022,167155978,5
2022,165691456,4
2022,167154929,4
2022,168326403,4
2022,184071672,5
2022,168326409,4
2022,169625849,4
2022,169902374,4
2022,168661574,4
2022,168830923,5
2022,168881875,4
2022,169625850,4
2022,169639561,5
2022,169756137,4
2022,179970863,4
2022,179970864,4
2022,169757034,4
2022,169757035,4
2022,169841829,5
2022,171108292,4
2022,171268286,5
2022,173053926,5
2022,173053927,5
2022,172709278,5
2022,173053928,5
2022,173015154,5
2022,173375796,4
2022,176098500,4
2022,173779195,4
2022,174423108,5
2022,174320248,4
2022,174183248,5
2022,174320249,4
2022,174552804,4
2022,174912204,5
2022,175659750,4
2022,166119210,5
2022,167253840,5
2022,167253846,4
2022,168532585,5
2022,168532587,4
2022,176098501,4
2022,180766405,4
2022,168532625,4
2022,176369963,5
2022,169902511,5
2022,176237311,4
2022,179970867,4
2022,177543341,4
2022,179970870,5
2022,179970871,5
2022,179970872,5
2022,180410948,4
2022,181011631,5
2022,169902514,4
2022,185431283,5
2022,173692142,5
2022,173692145,5
2022,173692155,5
2022,181420634,4
2022,181420635,1
2022,173704145,5
2022,173704147,4
2022,174038531,5
2022,174038533,5
2022,174083167,5
2022,174083174,5
2022,174087028,4
2022,174177953,4
2022,174177957,5
2022,174443300,5
2022,174443301,5
2022,174443305,5
2022,174443306,5
2022,174443308,4
2022,174443309,4
2022,174443314,4
2022,174443317,6
2022,174443319,4
2022,181420639,4
2022,174446481,5
2022,174446483,5
2022,174454766,4
2022,174454767,5
2022,174454768,5
2022,174458099,4
2022,169902527,5
2022,169902535,4
2022,174458107,5
2022,174458109,5
2022,174458111,4
2022,174458112,5
2022,174471465,4
2022,174548794,4
2022,171449357,5
2022,171449358,5
2022,171449371,5
2022,171449402,4
2022,173664218,4
2022,173664224,4
2022,173664233,4
2022,173664239,4
2022,173664242,4
2022,174548795,5
2022,174896601,4
2022,174896615,4
2022,174896616,4
2022,174896620,8
2022,174896629,4
2022,174896632,4
2022,174896637,5
2022,174896647,5
2022,174551983,5
2022,176264518,4
2022,176264526,4
2022,176264528,3
2022,176264531,4
2022,176264536,5
2022,176264543,4
2022,177977008,5
2022,177977020,5
2022,177977026,5
2022,177977042,4
2022,179970835,5
2022,179970848,4
2022,181063122,4
2022,181063135,4
2022,181063139,4
2022,181063150,4
2022,163952467,5
2022,163951116,5
2022,163951129,5
2022,163951139,6
2022,163951147,5
2022,163951156,4
2022,163951158,4
2022,163951160,4
2022,163951163,4
2022,164026293,4
2022,164026296,5
2022,164026298,5
2022,164026307,4
2022,164026311,4
2022,164026317,4
2022,163951181,4
2022,163951182,5
2022,163951204,4
2022,163951209,4
2022,163951213,5
2022,163951233,5
2022,164035588,5
2022,163951251,4
2022,164035590,5
2022,163951265,4
2022,163951272,7
2022,163951286,4
2022,164922869,5
2022,164922873,4
2022,164922890,5
2022,164922891,4
2022,164922897,4
2022,164922901,4
2022,164922911,5
2022,164922912,5
2022,165264234,4
2022,165264243,4
2022,165325217,5
2022,165264254,4
2022,165264258,4
2022,165264259,5
2022,165264270,4
2022,165264274,4
2022,165325228,4
2022,165325235,4
2022,165325237,3
2022,174551984,5
2022,174711544,5
2022,165325247,4
2022,165325255,5
2022,165325260,4
2022,165325269,5
2022,165325272,4
2022,174711545,5
2022,168328972,4
2022,168328982,4
2022,168328983,4
2022,168328997,4
2022,168328999,4
2022,168329003,5
2022,174711546,5
2022,168329004,4
2022,168329005,6
2022,168329015,5
2022,168329021,5
2022,168329031,4
2022,168329033,4
2022,168329036,4
2022,168329040,5
2022,168329043,4
2022,168329044,4
2022,168329045,4
2022,168329048,4
2022,168329052,4
2022,168329063,5
2022,168329070,4
2022,168329079,4
2022,168329080,4
2022,168329084,5
2022,168329096,4
2022,168329105,4
2022,168329115,4
2022,168329119,4
2022,168329120,5
2022,168329121,4
2022,168329122,2
2022,174711559,5
2022,168329134,5
2022,175027877,5
2022,168329146,4
2022,175027880,4
2022,168329151,4
2022,175042484,4
2022,168329166,4
2022,175042491,5
2022,169578377,5
2022,175042492,5
2022,175042493,4
2022,169578380,4
2022,175042494,4
2022,175055605,5
2022,169578384,5
2022,175087310,4
2022,169578386,4
2022,175087313,4
2022,169578389,4
2022,169578398,4
2022,169578408,5
2022,169578417,5
2022,169578419,4
2022,169578422,5
2022,169578434,4
2022,169578437,5
2022,169578439,4
2022,169578442,4
2022,169578444,5
2022,169578448,5
2022,169578454,4
2022,169578456,4
2022,169578462,4
2022,169578468,5
2022,169578470,5
2022,169578483,4
2022,169578485,4
2022,169578486,4
2022,169578491,4
2022,169578493,4
2022,169578504,5
2022,169578506,4
2022,169578510,4
2022,169578514,4
2022,169578519,4
2022,169578520,4
2022,171107026,4
2022,171107028,4
2022,175087314,1
2022,175087318,5
2022,175087321,5
2022,171107041,4
2022,185175024,5
2022,175117116,5
2022,175117117,5
2022,175117118,5
2022,175117119,5
2022,171107055,4
2022,171107057,4
2022,171107059,2
2022,171107062,4
2022,171107066,4
2022,171107072,4
2022,171107092,4
2022,171107096,4
2022,171107097,4
2022,171107105,5
2022,171107114,4
2022,171107116,5
2022,171107119,4
2022,171107120,5
2022,171107122,5
2022,171107124,5
2022,171107125,4
2022,171107130,4
2022,171107146,4
2022,171107147,3
2022,171107175,4
2022,171107187,4
2022,175117120,5
2022,171107197,5
2022,171107201,4
2022,171107204,5
2022,171107206,6
2022,171107221,4
2022,171107224,4
2022,171107228,4
2022,171107236,5
2022,171107237,5
2022,172358143,4
2022,172358145,5
2022,172358146,5
2022,172358148,4
2022,172358155,5
2022,172358156,5
2022,172358158,4
2022,172358160,4
2022,172358165,5
2022,172358178,5
2022,172358180,4
2022,172358187,4
2022,172358190,4
2022,172358191,4
2022,172358195,4
2022,172358196,4
2022,172358200,4
2022,172358214,4
2022,172358215,5
2022,172358224,4
2022,172358241,5
2022,172358242,5
2022,172358243,5
2022,172358244,5
2022,172358248,4
2022,172358254,4
2022,172358255,5
2022,172358259,4
2022,172358271,4
2022,172358272,5
2022,172358287,3
2022,173555510,4
2022,173555512,4
2022,173555513,5
2022,173555518,4
2022,173555522,5
2022,173555528,4
2022,173555535,4
2022,185175025,5
2022,175436594,4
2022,173555554,4
2022,175436595,5
2022,175436597,5
2022,173555557,5
2022,175490868,5
2022,175490873,4
2022,173555567,5
2022,173555572,4
2022,175490877,4
2022,176363554,1
2022,176363556,4
2022,176363561,4
2022,173555603,5
2022,176363562,4
2022,173555610,4
2022,185175026,5
2022,173555614,4
2022,176368344,4
2022,173555631,4
2022,176382359,5
2022,176382360,5
2022,176394985,5
2022,173555733,5
2022,173555739,4
2022,173555744,4
2022,173555760,4
2022,173555785,5
2022,173555803,4
2022,173555805,4
2022,173555806,5
2022,173555808,5
2022,173555823,5
2022,173569735,5
2022,173569740,5
2022,173569755,5
2022,173569757,4
2022,173569759,5
2022,173569762,4
2022,173569763,5
2022,173569765,4
2022,173569767,4
2022,173569773,4
2022,173569776,5
2022,173569777,5
2022,173569789,5
2022,176398846,5
2022,173569801,4
2022,173569802,5
2022,173569805,5
2022,173569814,5
2022,173569815,4
2022,176078655,4
2022,176078671,4
2022,176078672,4
2022,176078673,5
2022,176078677,4
2022,176078679,4
2022,176078680,4
2022,176078688,4
2022,176429411,4
2022,176078695,5
2022,176078706,4
2022,176078710,4
2022,176078722,4
2022,176078726,4
2022,176078749,4
2022,176078752,4
2022,176078753,4
2022,176078755,4
2022,176078763,4
2022,176078769,4
2022,176078776,5
2022,176078787,5
2022,176078802,4
2022,176078803,4
2022,176078805,4
2022,176078810,4
2022,176078825,4
2022,176078845,5
2022,176078847,4
2022,176078848,5
2022,176078855,4
2022,176078860,5
2022,176429414,4
2022,176078865,4
2022,176078873,5
2022,176078877,5
2022,176078878,4
2022,177977057,4
2022,177977061,4
2022,177977065,4
2022,177977068,5
2022,177977070,5
2022,177977075,5
2022,177977077,4
2022,177977080,5
2022,177977081,5
2022,177977084,5
2022,177977102,5
2022,177977111,4
2022,177977122,4
2022,177977129,4
2022,177977138,4
2022,177977140,4
2022,177977145,4
2022,177977148,4
2022,177977150,4
2022,177931362,4
2022,177931368,5
2022,177850839,5
2022,177850850,5
2022,177850851,5
2022,177850852,4
2022,177850854,5
2022,177850855,4
2022,177850857,5
2022,177850861,4
2022,176429417,4
2022,177850865,5
2022,177850866,5
2022,177850867,5
2022,177850868,5
2022,177850869,4
2022,177850877,4
2022,177850881,5
2022,177850884,4
2022,177850892,5
2022,177850901,4
2022,177850915,4
2022,177850921,4
2022,177850928,4
2022,177850932,4
2022,180402896,4
2022,180402901,5
2022,180402920,4
2022,180402928,5
2022,180402929,5
2022,180402939,4
2022,180402944,2
2022,180402947,5
2022,180402948,5
2022,180402951,5
2022,180402967,5
2022,180402970,4
2022,180402972,4
2022,180402990,5
2022,180402999,4
2022,180403000,5
2022,180403001,5
2022,180403013,4
2022,180403015,4
2022,180403025,4
2022,180403035,6
2022,180403039,4
2022,180403040,4
2022,180403053,4
2022,176429421,5
2022,180403062,5
2022,180403069,5
2022,180403070,5
2022,180403084,4
2022,180403094,4
2022,180403096,5
2022,180403105,5
2022,180403111,5
2022,180403112,5
2022,180403115,5
2022,180403131,4
2022,180403136,4
2022,180403140,4
2022,180409757,4
2022,180409759,4
2022,180409766,5
2022,180409767,4
2022,180409769,5
2022,180409772,4
2022,180409773,5
2022,180409777,5
2022,180409781,5
2022,180409782,5
2022,180409789,5
2022,180409790,5
2022,180409794,4
2022,180409800,5
2022,180409808,5
2022,180409810,4
2022,180409811,4
2022,180409814,4
2022,180409815,4
2022,180409816,5
2022,180409829,4
2022,180409834,5
2022,180409847,5
2022,180409857,4
2022,180409858,5
2022,180409859,4
2022,180409863,4
2022,180409867,4
2022,180409868,4
2022,180409873,5
2022,180409874,5
2022,180409881,5
2022,180409882,4
2022,180409885,4
2022,180409887,5
2022,180409888,4
2022,181457656,5
2022,180409892,4
2022,180409894,4
2022,181018147,4
2022,181018153,5
2022,181018157,5
2022,181018166,4
2022,181018173,4
2022,181018179,5
2022,181018180,5
2022,181018186,5
2022,181018187,4
2022,181018189,5
2022,181018199,5
2022,181018200,4
2022,181018203,5
2022,181018210,5
2022,181018212,6
2022,181018215,5
2022,181018218,4
2022,181018220,5
2022,181018223,4
2022,181018229,4
2022,181018239,4
2022,181018245,4
2022,181018252,4
2022,181018255,5
2022,181018257,5
2022,181018258,5
2022,181018259,5
2022,181018264,4
2022,181018266,5
2022,181018271,4
2022,181018273,4
2022,181018280,5
2022,181018282,3
2022,181018283,4
2022,181018284,4
2022,181018285,4
2022,181018289,5
2022,176429427,4
2022,176065635,4
2022,181092055,5
2022,181092057,4
2022,181092059,4
2022,181092060,5
2022,181092065,4
2022,181092069,4
2022,181092072,5
2022,181092074,4
2022,181092077,3
2022,182580903,5
2022,182580904,5
2022,182580906,5
2022,182580910,5
2022,182580914,5
2022,176429436,4
2022,182580915,5
2022,182580916,5
2022,182580917,5
2022,182580919,4
2022,182580925,4
2022,182580928,4
2022,168329784,5
2022,168329785,5
2022,168329793,5
2022,168329794,4
2022,168329797,4
2022,168329808,5
2022,176430126,5
2022,168329824,4
2022,168575579,4
2022,169662435,4
2022,169662438,5
2022,169837842,4
2022,176430127,5
2022,176430131,5
2022,170007978,4
2022,172001034,4
2022,172001037,5
2022,172292819,5
2022,173375865,4
2022,173375869,5
2022,173684935,4
2022,173750178,4
2022,174762485,4
2022,175087368,4
2022,175087371,4
2022,176287069,4
2022,176287070,4
2022,176287071,5
2022,176340594,4
2022,176672020,4
2022,179975476,5
2022,176523194,5
2022,178058325,4
2022,178074296,4
2022,176923408,4
2022,176923415,5
2022,179975499,4
2022,176923416,4
2022,177010285,4
2022,168330762,6
2022,168330764,5
2022,168330769,4
2022,177010286,4
2022,177461811,5
2022,168330772,4
2022,168330775,4
2022,177461814,4
2022,178082107,5
2022,168330792,5
2022,168330794,4
2022,168330795,5
2022,168330796,4
2022,168330799,4
2022,168330803,4
2022,168379786,4
2022,178082110,5
2022,181457661,4
2022,168330812,2
2022,168330816,4
2022,179976106,5
2022,168379790,4
2022,168330830,4
2022,179976107,5
2022,179976113,4
2022,168618639,2
2022,179976114,5
2022,179976120,4
2022,179976121,5
2022,179976122,4
2022,179976125,5
2022,179976128,4
2022,179976144,4
2022,179976152,4
2022,179976156,4
2022,179976157,5
2022,179976159,5
2022,181469421,5
2022,169960510,5
2022,169960511,5
2022,169960516,4
2022,181469423,4
2022,181469424,4
2022,172045967,5
2022,172045989,5
2022,172045997,4
2022,173555830,4
2022,173555833,5
2022,173555834,4
2022,181505271,5
2022,173555900,4
2022,173555904,5
2022,173555907,4
2022,174975457,4
2022,174975469,4
2022,174975474,4
2022,174975480,4
2022,176354015,4
2022,176354017,4
2022,176354020,4
2022,176354049,4
2022,179976091,5
2022,181524301,4
2022,181505273,5
2022,181524309,4
2022,181524311,5
2022,181524314,4
2022,181524321,5
2022,181524333,5
2022,181524336,5
2022,181505279,5
2022,165877428,5
2022,165877431,4
2022,165877433,4
2022,165877438,4
2022,165877439,4
2022,181518297,5
2022,165877448,5
2022,165877451,4
2022,165877452,5
2022,181518301,5
2022,181518302,5
2022,181518303,5
2022,181518306,5
2022,181795267,5
2022,181795271,4
2022,165877467,4
2022,181795282,5
2022,181795304,5
2022,181795309,5
2022,167281162,4
2022,167281164,4
2022,168331406,4
2022,168331409,4
2022,168331416,4
2022,168331418,4
2022,168331421,4
2022,168882096,4
2022,181795313,4
2022,181795316,5
2022,181795333,4
2022,181795342,4
2022,181795346,5
2022,181795351,5
2022,181795366,5
2022,185118852,5
2022,185118853,5
2022,185118854,5
2022,185118856,5
2022,186458570,4
2022,168882099,4
2022,168882100,5
2022,168882105,4
2022,168882111,4
2022,169960547,4
2022,162973902,4
2022,169960551,4
2022,172350279,4
2022,171873493,4
2022,171873502,4
2022,171873506,1
2022,171873509,5
2022,173517738,4
2022,173517739,4
2022,173517742,5
2022,173517745,4
2022,173517746,4
2022,173517754,5
2022,164376942,4
2022,174912207,5
2022,174912220,4
2022,176337076,4
2022,176363881,4
2022,176363882,4
2022,176337080,4
2022,176337082,4
2022,176337083,5
2022,176363883,5
2022,176337086,4
2022,176363884,5
2022,178138750,4
2022,178138751,5
2022,178138752,4
2022,178138753,4
2022,178138757,4
2022,178138761,4
2022,178138766,4
2022,164815808,4
2022,165302740,4
2022,165338002,4
2022,179976675,4
2022,179976691,4
2022,181011641,4
2022,181011646,5
2022,181011652,4
2022,165948544,4
2022,166119138,5
2022,169898887,5
2022,169898890,4
2022,169898900,4
2022,169898913,5
2022,169898921,5
2022,169898929,4
2022,169898930,5
2022,166119139,5
2022,169898937,5
2022,169898938,4
2022,169898939,5
2022,166119140,5
2022,166119143,4
2022,172356044,4
2022,172356046,5
2022,166119151,4
2022,168331551,4
2022,168618727,1
2022,169956348,5
2022,169338707,4
2022,169956350,5
2022,169956351,5
2022,169956352,5
2022,169757242,4
2022,169956354,4
2022,171978477,4
2022,171978478,5
2022,171978483,5
2022,171978488,5
2022,171978491,5
2022,171978494,4
2022,171978497,5
2022,171978501,4
2022,171978517,4
2022,171978520,4
2022,171978523,4
2022,171978524,4
2022,171978532,4
2022,173018649,4
2022,173307661,5
2022,173395203,4
2022,173439638,4
2022,173439649,4
2022,173439654,4
2022,170510135,4
2022,174488643,5
2022,172350125,4
2022,172369759,4
2022,172369761,4
2022,173018584,4
2022,173018586,4
2022,173018587,4
2022,180800426,4
2022,180800427,4
2022,180798888,4
2022,173375798,4
2022,174639384,4
2022,174849124,4
2022,174488648,4
2022,174975270,4
2022,174975271,4
2022,176109832,4
2022,176196954,4
2022,174711591,4
2022,186166798,4
2022,174711593,4
2022,176225004,4
2022,176196960,4
2022,176225009,4
2022,179977690,4
2022,174711601,5
2022,179977699,4
2022,179977704,4
2022,179977710,4
2022,179977711,6
2022,179977716,4
2022,179977719,4
2022,179977728,4
2022,181015694,4
2022,180979457,4
2022,181168475,4
2022,181168476,4
2022,168331389,5
2022,168331396,5
2022,168331397,5
2022,168331398,5
2022,171346751,4
2022,176379527,4
2022,176379528,5
2022,183973559,2
2022,183973559,4
2022,177488175,5
2022,177488176,5
2022,177537046,5
2022,181267953,5
2022,179976662,5
2022,179976667,5
2022,179976669,4
2022,179976670,5
2022,181267956,4
2022,181267957,4
2022,168319820,5
2022,171512739,5
2022,176241829,3
2022,173168630,5
2022,173168631,5
2022,173168632,5
2022,173168647,4
2022,175085154,4
2022,175085155,4
2022,173168656,4
2022,173168658,5
2022,175085157,5
2022,174939320,5
2022,175085158,4
2022,174663368,5
2022,174939325,4
2022,175121022,5
2022,175121024,4
2022,176264553,4
2022,176264556,4
2022,176264565,4
2022,176523308,4
2022,176523311,4
2022,176523318,4
2022,176523320,4
2022,176523337,4
2022,177848503,4
2022,177848526,4
2022,177931372,4
2022,177848531,4
2022,177931373,4
2022,177848532,4
2022,177931374,5
2022,177848550,5
2022,177977158,4
2022,179979096,5
2022,179979102,5
2022,179979120,4
2022,179979123,4
2022,179979137,4
2022,181608792,5
2022,181608793,4
2022,181608806,4
2022,181608809,4
2022,181608810,4
2022,181608812,5
2022,181608813,5
2022,181608818,4
2022,186636744,5
2022,184064116,5
2022,179959552,4
2022,163118903,4
2022,164519212,5
2022,167253870,4
2022,168825274,4
2022,168825275,4
2022,168825283,5
2022,169914565,4
2022,169914566,4
2022,169914568,5
2022,179959558,4
2022,179959561,4
2022,181014160,4
2022,181014164,4
2022,181014176,3
2022,181014181,4
2022,162325828,4
2022,162325829,4
2022,163914691,4
2022,163914696,4
2022,164084196,5
2022,164677393,5
2022,164677396,5
2022,170799689,4
2022,169914576,4
2022,179979283,4
2022,172350288,4
2022,167167423,4
2022,170799714,4
2022,174462496,5
2022,174639415,4
2022,175787112,4
2022,177481466,5
2022,171401777,4
2022,171805264,5
2022,173286539,5
2022,179979305,4
2022,181608846,5
2022,174928303,5
2022,174928318,5
2022,181786664,4
2022,181786666,4
2022,176923468,5
2022,176923475,4
2022,176923476,5
2022,176923479,4
2022,176923488,4
2022,176923489,5
2022,175911324,4
2022,175911327,6
2022,175911331,4
2022,175911332,4
2022,175911334,3
2022,175911340,6
2022,184019918,4
2022,175911377,4
2022,176286990,6
2022,175120914,5
2022,177803215,6
2022,177803217,4
2022,179960959,4
2022,182587672,5
2022,181267959,4
2022,181267960,4
2022,169797001,5
2022,176395106,6
2022,175908420,6
2022,176395108,5
2022,169797002,5
2022,181526754,4
2022,168325335,4
2022,168325337,4
2022,168325339,4
2022,168325340,4
2022,168325344,5
2022,168325346,4
2022,168325347,4
2022,169797003,5
2022,179961550,4
2022,168325365,4
2022,168325366,4
2022,168325370,5
2022,168325375,5
2022,168325377,5
2022,168325378,5
2022,168325380,5
2022,168325383,4
2022,168325385,5
2022,168325386,4
2022,168325388,4
2022,168325390,4
2022,168325391,4
2022,168325392,4
2022,168325393,4
2022,168325404,4
2022,168325407,3
2022,168325410,4
2022,168325418,4
2022,168325421,4
2022,168325425,5
2022,168325426,6
2022,168325427,4
2022,168325428,4
2022,168325438,4
2022,168325445,5
2022,168325449,4
2022,168325450,5
2022,168325458,5
2022,168325462,4
2022,169914577,4
2022,169914580,4
2022,169914582,4
2022,169914584,4
2022,169914587,5
2022,181267965,4
2022,168320943,4
2022,169914588,4
2022,169914591,4
2022,169914594,4
2022,169914601,4
2022,169914605,5
2022,169914606,4
2022,169914607,4
2022,169914608,4
2022,169914609,4
2022,169914610,4
2022,169914611,4
2022,169914612,4
2022,169914613,5
2022,169914618,4
2022,169914622,4
2022,171456580,4
2022,171456600,4
2022,171456607,3
2022,171456609,1
2022,171456612,4
2022,171456613,4
2022,171456616,4
2022,171734422,5
2022,171456629,4
2022,171456631,5
2022,171456641,4
2022,171456643,4
2022,173460321,4
2022,173460330,4
2022,173460338,4
2022,173460350,4
2022,173460352,4
2022,173460353,4
2022,173460357,4
2022,173460360,4
2022,173460374,4
2022,173460376,5
2022,173460394,4
2022,173460402,4
2022,173460407,5
2022,176426774,5
2022,173637558,5
2022,173460420,5
2022,174939329,4
2022,174939333,4
2022,174939358,5
2022,174939359,5
2022,174939360,5
2022,180765104,5
2022,174939361,4
2022,161998354,5
2022,174939371,4
2022,174939380,8
2022,163951056,4
2022,174939398,4
2022,174939407,4
2022,174939415,5
2022,174939417,4
2022,174939426,4
2022,164084198,4
2022,164084199,4
2022,164596290,5
2022,164677401,4
2022,174939435,4
2022,176363893,4
2022,176363916,4
2022,176363923,4
2022,176363928,5
2022,176363929,4
2022,166572391,5
2022,167130310,5
2022,176363968,4
2022,176363974,4
2022,178416339,4
2022,178416358,4
2022,167329522,5
2022,178416395,5
2022,178416430,5
2022,178416440,4
2022,178416459,5
2022,179968948,4
2022,178416467,5
2022,178416469,4
2022,178416505,4
2022,178416510,4
2022,178416513,4
2022,178416530,4
2022,168320955,4
2022,178416536,4
2022,178416537,5
2022,168320963,4
2022,178416551,4
2022,168379282,5
2022,179968952,4
2022,168578501,5
2022,168881571,5
2022,179968958,4
2022,168881572,3
2022,180765105,5
2022,169564181,5
2022,169566615,5
2022,169745366,5
2022,179968990,4
2022,179968995,5
2022,179969011,4
2022,179969013,4
2022,179969016,5
2022,179969017,5
2022,181092084,4
2022,181092097,4
2022,181092103,4
2022,181092116,4
2022,181092123,4
2022,181092125,4
2022,181092127,4
2022,181092133,4
2022,168655069,4
2022,171304974,5
2022,177931376,5
2022,171340640,4
2022,184094936,5
2022,171346814,4
2022,171346820,5
2022,171346824,5
2022,171346825,4
2022,171304977,6
2022,171340641,5
2022,171340642,5
2022,168655076,4
2022,168655077,5
2022,168655079,4
2022,170298399,4
2022,171401839,5
2022,171873513,5
2022,171401840,4
2022,178058332,5
2022,171401842,4
2022,171401843,4
2022,171873518,4
2022,171346831,5
2022,171346833,6
2022,177977179,5
2022,172877245,5
2022,172877246,5
2022,174405922,5
2022,174405923,5
2022,174405924,5
2022,174405925,5
2022,172877247,5
2022,171873521,5
2022,172880617,4
2022,171873522,5
2022,178058367,5
2022,184094946,4
2022,173015227,4
2022,188450674,2
2022,188450674,4
2022,184952003,5
2022,184821756,4
2022,173015228,4
2022,173097181,5
2022,173639930,6
2022,173639931,5
2022,173639932,5
2022,173639933,5
2022,173692216,4
2022,173692220,5
2022,173692221,4
2022,184094950,4
2022,174178001,4
2022,184094952,8
2022,184094953,4
2022,178237017,5
2022,172999202,4
2022,178237019,5
2022,172999203,5
2022,174178004,4
2022,174178005,4
2022,174178007,4
2022,179969766,5
2022,184094954,4
2022,170298402,5
2022,174405931,4
2022,170878722,5
2022,172999204,5
2022,174405933,4
2022,179969767,5
2022,173704177,4
2022,173704178,5
2022,174405940,4
2022,174405942,5
2022,173704179,5
2022,174412550,5
2022,182662358,2
2022,179969771,5
2022,179969772,5
2022,174711612,5
2022,174568199,5
2022,174405943,5
2022,184094955,5
2022,174412551,4
2022,174412552,4
2022,170878724,5
2022,170878725,5
2022,171224834,4
2022,171304804,4
2022,173018591,5
2022,174412553,4
2022,179969775,4
2022,173018593,5
2022,173296862,4
2022,174083188,4
2022,174083189,4
2022,174462476,4
2022,174724364,5
2022,174568201,5
2022,174412554,4
2022,174412555,5
2022,175092880,5
2022,176523197,4
2022,176523198,5
2022,177481259,5
2022,178197074,4
2022,179961901,5
2022,179961903,5
2022,179961906,4
2022,180824240,4
2022,180988524,4
2022,163927236,4
2022,174568204,4
2022,163927252,4
2022,163927265,4
2022,164084200,4
2022,164084207,4
2022,164084209,4
2022,164738637,5
2022,164903943,5
2022,165089295,4
2022,165258153,5
2022,165691203,4
2022,174711616,4
2022,174711617,4
2022,179969791,5
2022,184094959,4
2022,173704180,4
2022,174718373,5
2022,184631332,5
2022,175787119,5
2022,175787120,5
2022,175787121,4
2022,175787122,4
2022,174711618,4
2022,165691206,4
2022,174718374,4
2022,174896652,4
2022,184094962,5
2022,184631334,4
2022,174774905,5
2022,169798714,4
2022,165826201,4
2022,174774906,4
2022,165826202,4
2022,174774907,4
2022,175490978,4
2022,174896653,4
2022,175087372,4
2022,175090826,3
2022,175087374,5
2022,184821757,4
2022,175087375,5
2022,175087376,4
2022,175787123,5
2022,174774908,5
2022,175490980,5
2022,175087378,5
2022,182662359,5
2022,176225030,5
2022,179969843,5
2022,179969846,4
2022,184631335,5
2022,169914487,5
2022,179969848,5
2022,179969849,5
2022,179969854,5
2022,176225032,5
2022,179969861,5
2022,179969862,3
2022,176337092,3
2022,176225033,5
2022,179969869,5
2022,184821272,4
2022,184821273,5
2022,179969872,4
2022,179969873,4
2022,179969874,5
2022,184821275,5
2022,179969886,4
2022,179969887,4
2022,176225034,4
2022,182662360,2
2022,182662361,4
2022,179969894,5
2022,179969900,4
2022,179969904,4
2022,179969913,5
2022,179969914,4
2022,179969915,4
2022,184821277,4
2022,179969918,5
2022,182662362,2
2022,179969919,4
2022,179969929,5
2022,179969930,5
2022,180403162,5
2022,180403163,4
2022,179969939,4
2022,184821279,4
2022,181410636,3
2022,179969942,5
2022,179969943,5
2022,180403174,5
2022,180403176,5
2022,184821280,5
2022,184821281,5
2022,184821282,5
2022,182662363,2
2022,179969947,5
2022,179969951,4
2022,179969952,4
2022,184821284,5
2022,180868282,4
2022,182662365,2
2022,181410637,4
2022,180868285,4
2022,181410638,5
2022,181268140,5
2022,181410644,3
2022,180868286,4
2022,181268144,5
2022,181268154,4
2022,182625629,5
2022,181410650,3
2022,181410652,5
2022,181410653,5
2022,181410660,4
2022,182625631,5
2022,181410665,4
2022,181097724,5
2022,182332449,4
2022,168322000,5
2022,168322003,5
2022,169384401,5
2022,182332507,5
2022,182781066,5
2022,182657727,4
2022,182662367,5
2022,182657731,5
2022,182657732,4
2022,182662374,4
2022,182662376,4
2022,182662379,5
2022,182662383,2
2022,182662386,5
2022,169798735,5
2022,162784486,5
2022,162903219,4
2022,162903220,4
2022,162903221,5
2022,162903225,4
2022,162903225,7
2022,162903226,4
2022,164502648,5
2022,164502650,5
2022,164502651,5
2022,164502655,5
2022,164502656,5
2022,165207897,4
2022,165214119,4
2022,165214121,4
2022,165258212,4
2022,165352810,4
2022,166960824,5
2022,166960828,4
2022,166960829,4
2022,166960831,4
2022,166960834,5
2022,166960835,5
2022,166960837,4
2022,166960838,4
2022,166960841,4
2022,166960851,1
2022,166960851,2
2022,166960857,5
2022,166960858,4
2022,166960859,5
2022,166960872,4
2022,166960873,4
2022,166960874,4
2022,166976366,5
2022,166976369,5
2022,167120948,5
2022,175708215,4
2022,175708220,5
2022,175708221,4
2022,175708222,4
2022,175708228,4
2022,175708229,5
2022,175708232,4
2022,175708233,5
2022,175708234,4
2022,175708235,4
2022,175708236,5
2022,175708238,4
2022,175708241,4
2022,175710850,5
2022,175710853,5
2022,175710854,5
2022,175710855,5
2022,175710857,5
2022,175710863,4
2022,175710865,8
2022,175710866,4
2022,175710870,4
2022,175710871,4
2022,175710876,1
2022,175783264,5
2022,175783266,4
2022,175783267,4
2022,175783272,5
2022,175783275,4
2022,175783281,4
2022,175783283,4
2022,175783285,4
2022,175783288,8
2022,175783296,4
2022,175783297,4
2022,175783300,4
2022,175783302,4
2022,175845139,4
2022,175845141,5
2022,175845142,4
2022,175845143,5
2022,175845144,4
2022,175845145,4
2022,175845146,4
2022,175845147,4
2022,175845148,5
2022,175845149,4
2022,175845150,4
2022,175845152,4
2022,175845153,4
2022,175845156,4
2022,175845157,5
2022,173667212,4
2022,175845164,4
2022,175845172,5
2022,175845179,4
2022,175893426,4
2022,175845187,4
2022,175845188,4
2022,175845191,5
2022,175893432,8
2022,175893434,5
2022,176109868,5
2022,176106967,5
2022,176078883,4
2022,176432924,5
2022,179973491,4
2022,169798738,4
2022,169412456,4
2022,173294104,4
2022,173294105,4
2022,174038568,5
2022,175787175,5
2022,175848531,5
2022,175848537,4
2022,175848538,5
2022,175893446,4
2022,175893447,4
2022,175893448,4
2022,175893449,1
2022,175893450,4
2022,175893451,4
2022,175893452,4
2022,175893453,4
2022,185118932,5
2022,175908422,5
2022,175908424,4
2022,175941665,4
2022,175942730,4
2022,175942732,4
2022,175942742,5
2022,183523014,4
2022,169798739,5
2022,169798740,5
2022,168332127,4
2022,169798741,5
2022,169956362,5
2022,169914489,5
2022,169956363,5
2022,169914492,5
2022,169914500,5
2022,179980227,4
2022,179980237,4
2022,166999761,4
2022,166999762,4
2022,168332186,4
2022,168332191,4
2022,168716015,4
2022,168716019,4
2022,168716022,4
2022,172525814,4
2022,172525825,4
2022,172525827,4
2022,172525837,5
2022,174312496,4
2022,174312497,4
2022,174312502,5
2022,174312506,5
2022,174312507,4
2022,174312517,4
2022,175117430,5
2022,175117482,5
2022,175117483,5
2022,175117484,5
2022,175117504,4
2022,175117511,5
2022,176617954,5
2022,176617961,5
2022,176617963,4
2022,176617966,5
2022,169914501,5
2022,169914505,5
2022,176617971,4
2022,176617972,5
2022,179980354,5
2022,179980356,5
2022,179980372,4
2022,179980373,4
2022,179980375,5
2022,179980380,4
2022,169914511,5
2022,179980387,4
2022,169914512,5
2022,182365437,4
2022,169914513,4
2022,169914514,5
2022,169914515,5
2022,169914519,4
2022,169914520,5
2022,182365438,5
2022,170010219,5
2022,169922546,4
2022,182365439,4
2022,169625894,6
2022,169625897,4
2022,169625900,4
2022,169625902,4
2022,169625905,4
2022,169625911,4
2022,169625915,5
2022,169625920,4
2022,169625921,4
2022,169660464,4
2022,169922549,4
2022,169569586,5
2022,169569589,4
2022,169569591,8
2022,169569599,4
2022,169569601,5
2022,169564226,4
2022,169564227,5
2022,169564229,4
2022,169564230,4
2022,169564236,4
2022,169564237,4
2022,169564239,4
2022,169564240,5
2022,169564244,5
2022,169564247,4
2022,169564252,5
2022,169564254,5
2022,169660465,4
2022,169564257,4
2022,170010220,4
2022,168320481,4
2022,169922562,5
2022,168320485,4
2022,168320486,5
2022,168320487,4
2022,168320493,4
2022,168320496,4
2022,168320497,1
2022,168320499,4
2022,175896457,4
2022,168320501,5
2022,168320503,5
2022,169914632,5
2022,169914633,5
2022,169922563,4
2022,169922566,4
2022,169914637,5
2022,169914639,5
2022,169967716,3
2022,169914647,4
2022,169914648,4
2022,169914652,4
2022,169914653,6
2022,169914654,4
2022,169914655,4
2022,169914656,4
2022,169914657,4
2022,169967716,4
2022,169967737,4
2022,169914663,4
2022,169914667,4
2022,169914668,5
2022,169914669,4
2022,169914671,5
2022,169914673,5
2022,169914675,4
2022,169914681,4
2022,169914682,5
2022,169912016,5
2022,169912030,5
2022,169912033,4
2022,169912037,4
2022,169967740,3
2022,169967743,5
2022,169967745,4
2022,169967747,5
2022,169912040,4
2022,169912041,4
2022,169912042,4
2022,169912043,4
2022,169912044,4
2022,169967755,5
2022,169912045,4
2022,169837847,4
2022,169967756,5
2022,170010235,4
2022,169837848,5
2022,169837851,4
2022,170010238,5
2022,170039918,4
2022,169837852,4
2022,170039919,5
2022,170039920,4
2022,170039921,5
2022,170039922,5
2022,169837855,4
2022,170039925,5
2022,170039926,5
2022,170039928,4
2022,169837858,5
2022,170039930,4
2022,170039933,5
2022,170039935,5
2022,170039936,5
2022,170039937,5
2022,170273258,5
2022,170273270,5
2022,169837859,4
2022,169837860,5
2022,170273534,5
2022,170273536,5
2022,170273538,5
2022,170273540,4
2022,170273542,5
2022,170273543,5
2022,170273545,4
2022,170273546,4
2022,170273548,4
2022,170273549,4
2022,170273551,5
2022,172971478,4
2022,172971479,5
2022,172971480,5
2022,172971484,4
2022,172971486,5
2022,172971490,5
2022,172971492,4
2022,182128259,4
2022,182128260,3
2022,172971500,5
2022,172971504,5
2022,172971508,5
2022,172972364,4
2022,172972368,4
2022,172972369,5
2022,172972370,5
2022,172972374,4
2022,172972375,5
2022,172972378,4
2022,172972382,5
2022,172972383,6
2022,172972627,4
2022,172972629,4
2022,172972633,5
2022,172972634,5
2022,172972637,5
2022,175848512,4
2022,185211111,5
2022,185211112,5
2022,185211113,5
2022,175898904,4
2022,175898905,5
2022,175898906,5
2022,175942677,4
2022,175942679,5
2022,175942695,4
2022,175942700,5
2022,175942701,5
2022,175942702,4
2022,176240688,5
2022,176241292,4
2022,176241294,5
2022,176241301,4
2022,176241842,4
2022,176243906,5
2022,176243911,4
2022,176243918,5
2022,176243919,4
2022,176243925,5
2022,176434594,5
2022,176434595,4
2022,176434596,4
2022,169817528,5
2022,176434597,4
2022,169817529,5
2022,176434599,5
2022,169817531,1
2022,169817532,3
2022,169817533,4
2022,176434603,5
2022,169817534,4
2022,169817538,4
2022,169817542,4
2022,169817544,4
2022,171103836,4
2022,171103837,4
2022,171103838,4
2022,171103839,4
2022,171103841,4
2022,171103842,4
2022,171103844,4
2022,171103846,4
2022,171103848,4
2022,171103850,4
2022,171103851,5
2022,171103852,4
2022,171103853,4
2022,171103862,5
2022,171103863,5
2022,172364586,4
2022,171103867,5
2022,171103872,4
2022,171103878,4
2022,171103880,4
2022,171103882,4
2022,171103885,5
2022,176434606,5
2022,171043685,5
2022,171043687,4
2022,171043689,4
2022,171043691,5
2022,171043694,4
2022,171043695,4
2022,171043700,4
2022,171043705,4
2022,170619164,4
2022,170619180,4
2022,170619187,4
2022,170619198,4
2022,170619204,4
2022,170619206,5
2022,170619210,4
2022,170619211,4
2022,170619224,4
2022,170619227,4
2022,170619229,4
2022,170619233,4
2022,170619258,5
2022,170619260,4
2022,170619263,4
2022,170489414,4
2022,170489415,4
2022,170489422,4
2022,170489426,5
2022,170489443,4
2022,170489445,5
2022,170489446,4
2022,170489456,5
2022,170489460,4
2022,170489461,5
2022,172681226,5
2022,172681229,8
2022,172681231,4
2022,172681232,4
2022,172681233,4
2022,172681234,4
2022,172681235,5
2022,172681236,4
2022,172681238,5
2022,172681242,5
2022,172681243,4
2022,172549682,5
2022,172549687,5
2022,172549688,4
2022,172549699,5
2022,172549704,4
2022,172549709,4
2022,172549714,4
2022,172549718,4
2022,172549719,5
2022,172549724,4
2022,172549727,4
2022,176674004,4
2022,172549732,4
2022,176674006,5
2022,172549737,5
2022,176674010,1
2022,172549741,6
2022,176674011,4
2022,182128263,5
2022,176674013,5
2022,172525901,4
2022,176674014,5
2022,172525907,4
2022,176674016,5
2022,176674018,5
2022,172525920,4
2022,176713740,4
2022,172525925,4
2022,172525941,5
2022,176713741,5
2022,172525949,4
2022,182128264,5
2022,172356051,4
2022,172356052,4
2022,177527859,5
2022,177527863,5
2022,172356055,4
2022,172356056,4
2022,172356058,4
2022,172356059,4
2022,172356060,5
2022,172356061,4
2022,172356063,4
2022,172356066,2
2022,172356067,5
2022,172356073,4
2022,172356076,4
2022,172356077,5
2022,172356079,4
2022,172356080,4
2022,172356082,5
2022,172356083,5
2022,177527868,5
2022,172356087,4
2022,172356090,5
2022,172356091,5
2022,177527871,4
2022,172356094,4
2022,177527873,4
2022,177527874,4
2022,177527878,5
2022,172292824,5
2022,172292827,4
2022,172292829,4
2022,177527880,4
2022,172292830,4
2022,177527882,4
2022,172292832,4
2022,177527883,4
2022,177732365,5
2022,172292838,4
2022,172292840,4
2022,177732366,4
2022,182128265,5
2022,177732367,5
2022,172292845,4
2022,177732369,5
2022,172292846,5
2022,177985963,6
2022,172292850,5
2022,177985970,5
2022,172292855,6
2022,172292857,5
2022,177985972,5
2022,179963739,4
2022,172292875,4
2022,172292877,4
2022,172292878,4
2022,179963745,4
2022,172292892,6
2022,179963746,4
2022,173664246,4
2022,179963747,4
2022,173664247,4
2022,179963756,5
2022,173664249,4
2022,173664252,4
2022,173664253,4
2022,173664254,5
2022,179963759,4
2022,173664257,4
2022,179963771,5
2022,173664259,5
2022,173664260,5
2022,173664261,5
2022,173664264,4
2022,173664269,5
2022,179963775,5
2022,173664271,4
2022,173664273,4
2022,179963776,5
2022,173664275,1
2022,179963778,4
2022,173664276,4
2022,173664277,4
2022,179963781,5
2022,173664278,4
2022,173664279,5
2022,173664280,5
2022,179963784,5
2022,179963786,4
2022,179963787,5
2022,173664286,5
2022,179963799,4
2022,173664287,4
2022,173664291,4
2022,173664294,4
2022,173639935,4
2022,173639936,3
2022,173639937,4
2022,173639938,5
2022,173639940,5
2022,173639943,4
2022,173639947,5
2022,173639949,4
2022,173639950,4
2022,173639952,4
2022,173639954,4
2022,173639956,4
2022,173639957,4
2022,173639958,5
2022,173639959,4
2022,173639961,4
2022,173639966,4
2022,173639969,4
2022,173639970,4
2022,173639971,4
2022,173639972,5
2022,173639973,4
2022,173639979,4
2022,173639980,4
2022,173639986,4
2022,173639990,4
2022,173639992,4
2022,173639995,4
2022,173639997,4
2022,173639998,4
2022,173640001,4
2022,173640004,4
2022,173640007,4
2022,173637562,4
2022,173637566,4
2022,173637567,4
2022,173637570,4
2022,173637575,4
2022,173637578,4
2022,173637580,5
2022,173637583,4
2022,173637584,4
2022,173637585,4
2022,173637586,5
2022,173637588,4
2022,173637589,4
2022,173637590,4
2022,173637591,4
2022,173637593,4
2022,173637594,5
2022,173637596,4
2022,173637598,5
2022,173637600,4
2022,173637602,4
2022,173637603,5
2022,173637604,4
2022,175042508,4
2022,175042511,4
2022,175042512,5
2022,175042514,4
2022,175042515,4
2022,175042520,5
2022,175042522,4
2022,175042524,4
2022,175042527,4
2022,175042528,4
2022,175042540,4
2022,175042546,4
2022,175042548,4
2022,175042549,4
2022,175042552,4
2022,175042553,4
2022,175042555,5
2022,175042556,5
2022,175042557,5
2022,175042560,4
2022,175042563,4
2022,175042567,4
2022,175042570,4
2022,175042574,5
2022,175042575,4
2022,175042583,4
2022,175042586,4
2022,175042588,4
2022,175042594,4
2022,175042595,5
2022,175042597,5
2022,175042598,5
2022,175042600,1
2022,175042602,4
2022,175042604,4
2022,175042605,4
2022,175042606,4
2022,175042608,4
2022,175042614,4
2022,175042615,5
2022,175042620,4
2022,175042621,4
2022,175042624,4
2022,175042628,4
2022,175042629,4
2022,175042632,4
2022,175042639,4
2022,175042640,4
2022,175042641,4
2022,175042646,5
2022,175042647,4
2022,175042651,5
2022,175042657,4
2022,175042658,4
2022,175042659,4
2022,175042661,4
2022,175042663,5
2022,175042664,4
2022,175042667,4
2022,175042674,4
2022,175042678,4
2022,175042682,5
2022,175042685,4
2022,175042690,4
2022,175042691,5
2022,175042692,4
2022,175042695,4
2022,175042699,4
2022,180765119,5
2022,175042705,5
2022,175042707,4
2022,175042709,4
2022,175042712,3
2022,175042717,4
2022,175042722,4
2022,175042723,4
2022,176287072,4
2022,176287074,4
2022,176287075,4
2022,176287079,5
2022,176287083,1
2022,176287087,5
2022,176287090,4
2022,176287092,5
2022,176287093,5
2022,176287095,4
2022,176287096,5
2022,176287105,5
2022,176287106,4
2022,176287107,4
2022,176287108,4
2022,176287109,5
2022,176287110,5
2022,176287111,4
2022,176287113,4
2022,176287116,4
2022,176287118,4
2022,176287119,4
2022,176287121,5
2022,176287123,4
2022,176287128,4
2022,176287131,5
2022,176287133,4
2022,176287134,4
2022,176287139,4
2022,176287140,4
2022,176287141,4
2022,176287142,4
2022,176287143,4
2022,176287144,8
2022,176287154,1
2022,176287155,4
2022,176287156,5
2022,176287160,5
2022,176287165,4
2022,176287166,4
2022,181824730,4
2022,181824731,4
2022,181824738,4
2022,176287177,4
2022,176287182,4
2022,176287185,5
2022,176287186,4
2022,181824739,5
2022,181824740,5
2022,176287191,4
2022,181824744,4
2022,176287193,4
2022,182107371,5
2022,176287198,4
2022,182107374,4
2022,176287199,5
2022,176287200,3
2022,176287201,4
2022,182107376,5
2022,176287203,4
2022,176287204,5
2022,182107377,5
2022,182107379,5
2022,176287207,4
2022,182113421,5
2022,176287209,4
2022,176287210,4
2022,176287211,4
2022,176287213,4
2022,176287216,4
2022,176287219,5
2022,176287225,4
2022,176287228,4
2022,176287231,4
2022,176287233,4
2022,176287236,5
2022,176287237,4
2022,176287244,4
2022,176287245,4
2022,176287248,4
2022,176287249,4
2022,176287250,4
2022,176363978,4
2022,176225037,4
2022,176225038,4
2022,176225042,1
2022,179959761,4
2022,178416586,5
2022,179959763,4
2022,179959766,4
2022,179959768,4
2022,179959770,5
2022,179959771,4
2022,179959774,4
2022,179959776,5
2022,179959783,4
2022,179959785,1
2022,179959787,4
2022,179959789,4
2022,179959790,4
2022,179959792,4
2022,179959794,4
2022,179959797,5
2022,179959798,4
2022,179959800,5
2022,179959802,4
2022,179959803,4
2022,179959804,4
2022,179959809,4
2022,179959811,3
2022,179959812,4
2022,179959813,2
2022,179959815,4
2022,179959816,4
2022,179959821,4
2022,179959822,3
2022,179959823,4
2022,179959825,4
2022,179959826,4
2022,179959828,4
2022,179959832,1
2022,179959833,1
2022,179959834,4
2022,179959835,4
2022,179959842,4
2022,179959846,4
2022,179959847,4
2022,178237031,4
2022,178237032,5
2022,179959855,4
2022,177741972,5
2022,177741974,4
2022,177723963,4
2022,177723964,4
2022,177723965,4
2022,177723966,5
2022,177672732,4
2022,177672737,4
2022,177672738,4
2022,177617346,8
2022,177617348,5
2022,177537114,5
2022,177537116,5
2022,177505633,4
2022,177488283,4
2022,177488284,5
2022,177488287,4
2022,177488291,4
2022,177481468,4
2022,177010631,4
2022,177010645,4
2022,177010646,4
2022,176713861,4
2022,176713864,5
2022,176672035,5
2022,176376295,5
2022,176363993,4
2022,176340612,4
2022,176340615,4
2022,176340617,3
2022,182587651,4
2022,182587652,4
2022,182587653,6
2022,182587662,4
2022,182587663,4
2022,182587664,5
2022,182587665,5
2022,182587666,5
2022,182587668,6
2022,182113429,4
2022,183094550,4
2022,183094555,4
2022,183094557,4
2022,183094561,4
2022,183094564,5
2022,183094565,4
2022,182113433,4
2022,185118938,5
2022,185064056,4
2022,185064057,5
2022,184979762,4
2022,184979763,4
2022,182113440,4
2022,182113456,5
2022,182113457,6
2022,182113458,5
2022,182128267,5
2022,182128273,5
2022,182128275,5
2022,168321172,4
2022,184064183,4
2022,184094964,4
2022,184094966,4
2022,184094969,5
2022,184094970,5
2022,184094971,4
2022,184094972,3
2022,184094973,5
2022,184019888,5
2022,184019889,4
2022,184019890,5
2022,184019891,4
2022,183325790,4
2022,183325791,4
2022,168321341,4
2022,183325793,4
2022,168321342,5
2022,168321352,5
2022,168321355,5
2022,168321370,4
2022,168321379,5
2022,169341094,4
2022,183051647,5
2022,183051648,4
2022,170500091,1
2022,183094568,5
2022,182828669,4
2022,182828670,5
2022,182828671,4
2022,182828676,5
2022,182781067,4
2022,182781068,4
2022,182662393,4
2022,182662394,4
2022,182662397,5
2022,182662399,5
2022,182662400,4
2022,182662407,5
2022,170510144,4
2022,170510145,4
2022,171708807,4
2022,171708811,5
2022,173664179,4
2022,186636711,5
2022,174485138,4
2022,176065568,5
2022,181019720,1
2022,182426798,5
2022,182426800,4
2022,182426801,4
2022,182426803,4
2022,182426818,4
2022,182426820,5
2022,182426821,4
2022,182329305,5
2022,181818747,5
2022,181818749,4
2022,181818759,4
2022,179959862,4
2022,179959863,4
2022,179959867,3
2022,179959868,5
2022,179959869,4
2022,179959870,5
2022,179959871,4
2022,179959872,4
2022,179959873,5
2022,179959877,5
2022,179959879,5
2022,179959880,4
2022,179959885,5
2022,179959892,5
2022,179959893,4
2022,179959896,4
2022,177502505,3
2022,177502507,4
2022,177502509,4
2022,177505639,4
2022,177505640,4
2022,177537117,5
2022,177617350,5
2022,177617352,5
2022,177617354,4
2022,177713352,4
2022,177741979,6
2022,163769083,5
2022,177741980,4
2022,177741981,5
2022,179959897,4
2022,179959901,4
2022,179959902,4
2022,179959905,4
2022,178058371,5
2022,177713356,5
2022,167336775,5
2022,179959911,4
2022,179959916,4
2022,179959917,4
2022,179959921,5
2022,179959922,4
2022,179959925,4
2022,179959937,4
2022,179959938,4
2022,179959941,4
2022,179959943,4
2022,177488294,4
2022,177488297,4
2022,177488298,4
2022,179959946,5
2022,177481469,5
2022,177451073,4
2022,177451075,4
2022,179959948,4
2022,179959954,4
2022,179959965,5
2022,179959971,4
2022,179959972,4
2022,179959975,4
2022,179959976,4
2022,179959980,4
2022,179959981,4
2022,179959983,4
2022,179959985,3
2022,179959986,5
2022,179959988,4
2022,179959992,4
2022,179959995,4
2022,179959998,4
2022,179960036,4
2022,179960041,4
2022,178416591,8
2022,178416601,4
2022,178394087,5
2022,178394089,6
2022,170870519,5
2022,173704158,4
2022,176363565,1
2022,179963803,3
2022,168322103,5
2022,168322104,4
2022,168322127,5
2022,168322128,4
2022,168322129,5
2022,168322134,5
2022,168322135,5
2022,168322142,5
2022,168322144,4
2022,168322149,5
2022,168322154,5
2022,168322155,5
2022,168322156,5
2022,168322157,4
2022,168322158,4
2022,168322159,4
2022,168322161,4
2022,168322163,5
2022,168322164,4
2022,168322165,4
2022,168322169,5
2022,182439152,2
2022,178394091,4
2022,178197139,4
2022,178197140,4
2022,178197142,4
2022,178197153,4
2022,178138775,4
2022,178138777,4
2022,178138778,4
2022,178058374,4
2022,179960053,4
2022,179960056,4
2022,179960058,4
2022,179960063,5
2022,179960064,4
2022,179960073,1
2022,179960075,4
2022,179960077,4
2022,179960086,4
2022,179960088,5
2022,179960090,5
2022,179960114,5
2022,179960116,4
2022,179960118,4
2022,179960120,6
2022,179960122,4
2022,179960124,4
2022,179960133,4
2022,179960135,5
2022,179960151,4
2022,179960153,4
2022,179960158,4
2022,179960168,4
2022,179960169,5
2022,179960177,4
2022,179960186,4
2022,179960193,4
2022,179960195,4
2022,179960199,5
2022,179960205,4
2022,179960207,4
2022,179960211,5
2022,179960214,4
2022,179960223,5
2022,179960230,4
2022,179960232,4
2022,179960236,4
2022,179960246,4
2022,179960250,4
2022,179960252,5
2022,179960254,4
2022,179960256,4
2022,179960258,4
2022,181014184,5
2022,181014185,5
2022,181014188,5
2022,179960264,4
2022,179960268,4
2022,179960270,4
2022,179960277,4
2022,179960283,4
2022,181014189,6
2022,181014190,5
2022,181014191,5
2022,181014192,4
2022,181014193,4
2022,181014194,5
2022,181014195,4
2022,181003065,4
2022,179960300,4
2022,179960302,4
2022,179960309,5
2022,179960326,4
2022,179960329,4
2022,179960332,4
2022,179960334,5
2022,179960336,5
2022,179960338,4
2022,179960341,4
2022,181003066,5
2022,179960367,4
2022,179960369,4
2022,179960370,5
2022,179960372,4
2022,179960373,4
2022,179960374,5
2022,179960375,4
2022,179960378,4
2022,179960390,4
2022,179960400,4
2022,179960425,4
2022,179960430,1
2022,179960436,4
2022,179960447,4
2022,179960469,4
2022,179960473,4
2022,179960476,4
2022,181410672,4
2022,180761132,5
2022,179960491,4
2022,180761138,5
2022,182439152,6
2022,168829769,4
2022,180761146,4
2022,180761147,5
2022,168829771,4
2022,180782609,4
2022,168829784,4
2022,181069488,5
2022,181410673,4
2022,177507790,4
2022,168886363,4
2022,181069494,3
2022,168886364,5
2022,168886365,5
2022,181410674,4
2022,168886367,5
2022,181069501,5
2022,181410675,5
2022,168886368,5
2022,168886369,5
2022,168886371,5
2022,181410676,5
2022,168886372,5
2022,168886373,5
2022,181410678,4
2022,168886376,5
2022,181268156,5
2022,181268157,5
2022,168886384,5
2022,181268164,5
2022,169128950,5
2022,169128952,5
2022,181268173,5
2022,169360371,4
2022,169360373,4
2022,169360379,3
2022,169360382,4
2022,181410680,4
2022,169360387,5
2022,181410683,4
2022,169360389,5
2022,181410689,5
2022,169360390,4
2022,169360391,5
2022,181410691,5
2022,169360392,5
2022,169360393,5
2022,169360394,5
2022,181410694,3
2022,169360395,5
2022,181410695,4
2022,169360400,5
2022,181410697,4
2022,181410698,4
2022,181526771,5
2022,170514012,5
2022,181526774,4
2022,181526775,4
2022,181526776,5
2022,181784916,5
2022,181784917,5
2022,181784920,4
2022,181784926,5
2022,181784928,4
2022,170514027,5
2022,170514029,5
2022,170514034,4
2022,170623382,5
2022,163947083,5
2022,164035592,5
2022,168586418,5
2022,164084289,5
2022,164084292,4
2022,164084293,4
2022,164084294,4
2022,164084296,5
2022,164084298,5
2022,164084304,4
2022,164084305,5
2022,164084316,4
2022,164122541,5
2022,164122542,5
2022,164122544,4
2022,164122545,4
2022,164122550,1
2022,164202836,5
2022,164202843,5
2022,164202844,5
2022,164202845,5
2022,164202846,6
2022,164202848,5
2022,164202851,5
2022,164202852,5
2022,164202861,5
2022,164202864,5
2022,164202867,5
2022,164202868,4
2022,164202869,5
2022,164202872,5
2022,164202875,5
2022,164202878,4
2022,164202879,4
2022,164202885,5
2022,164202888,5
2022,164202889,4
2022,164202891,4
2022,164202892,4
2022,164202897,4
2022,165248934,5
2022,165248936,4
2022,170623386,4
2022,170623388,4
2022,165258219,4
2022,165258220,5
2022,170623391,5
2022,165258221,5
2022,165258223,4
2022,170623392,5
2022,170623393,5
2022,165258224,4
2022,170623394,5
2022,170623395,5
2022,165258225,4
2022,170623405,4
2022,165258228,4
2022,165258229,4
2022,165258232,4
2022,165258233,5
2022,171258361,5
2022,165258238,4
2022,165258244,4
2022,165258250,5
2022,171258374,5
2022,165258255,4
2022,165258257,4
2022,165258260,5
2022,171258378,4
2022,171258389,4
2022,165258265,5
2022,165258266,5
2022,165258271,4
2022,171354022,5
2022,165258277,5
2022,171354025,4
2022,171354026,5
2022,171354036,5
2022,165352856,5
2022,171354037,5
2022,171354039,4
2022,171354049,5
2022,165352867,5
2022,165352873,5
2022,165352877,5
2022,171456558,4
2022,165352891,4
2022,171456560,4
2022,165352893,4
2022,171456564,4
2022,165352906,4
2022,165352909,4
2022,171456566,5
2022,165352912,4
2022,171456570,4
2022,165352922,4
2022,171473079,5
2022,165352926,4
2022,171509118,4
2022,165352940,4
2022,165352943,4
2022,165352952,5
2022,171509119,4
2022,185104783,5
2022,171509127,5
2022,171509342,4
2022,171570247,4
2022,171570256,5
2022,171570259,3
2022,171570259,4
2022,171570262,4
2022,171570266,5
2022,171570268,5
2022,171570288,5
2022,171595088,4
2022,171595092,5
2022,171595094,5
2022,171819435,5
2022,171819453,4
2022,171819455,5
2022,171819464,4
2022,171819469,5
2022,171819475,3
2022,171819475,4
2022,171819477,5
2022,171873453,5
2022,171873454,4
2022,171873455,5
2022,171873459,5
2022,171873461,4
2022,171873462,4
2022,171873464,6
2022,171873474,4
2022,171873484,1
2022,171873484,2
2022,171873484,6
2022,171873484,8
2022,171899080,4
2022,172549634,4
2022,172549635,4
2022,172549636,4
2022,172549639,5
2022,172549640,4
2022,172549641,4
2022,172549649,5
2022,172578892,4
2022,172578896,5
2022,172578898,5
2022,172578900,4
2022,172578913,4
2022,172578914,5
2022,172578915,5
2022,172578918,5
2022,172578920,5
2022,172578921,5
2022,172578922,5
2022,172578923,4
2022,172578931,5
2022,172683650,5
2022,172683653,4
2022,172683658,4
2022,172683660,4
2022,172683661,5
2022,172683665,4
2022,172792380,6
2022,183699401,4
2022,172792387,4
2022,172792389,4
2022,172792395,4
2022,172792396,5
2022,172792399,4
2022,172792410,4
2022,173172321,5
2022,173172322,5
2022,173172323,5
2022,173172324,4
2022,173172337,5
2022,173172338,5
2022,173667135,4
2022,173667138,4
2022,173669079,4
2022,173669082,5
2022,165691493,4
2022,173669086,1
2022,173669087,5
2022,173669091,5
2022,173669092,5
2022,173669093,5
2022,173669096,5
2022,173669097,5
2022,173669098,4
2022,173669100,5
2022,173669101,4
2022,173669102,4
2022,174412470,4
2022,173781026,5
2022,173781027,1
2022,173781027,4
2022,173781030,4
2022,165691510,5
2022,173781034,5
2022,173781037,4
2022,173781044,5
2022,173781045,5
2022,182439159,5
2022,174412479,5
2022,174412485,4
2022,174412487,4
2022,174412490,5
2022,174412491,5
2022,174412497,4
2022,174443328,5
2022,165691526,5
2022,174443332,4
2022,182439163,5
2022,174446490,5
2022,174446492,4
2022,174446493,4
2022,174446496,5
2022,174446498,4
2022,174446499,5
2022,174459013,5
2022,174459014,5
2022,174459015,5
2022,174459016,5
2022,174459018,4
2022,174459022,5
2022,174459023,5
2022,174459025,3
2022,174459028,4
2022,174459032,4
2022,174459032,8
2022,176109835,5
2022,176109838,5
2022,176112699,4
2022,176112702,5
2022,176112703,5
2022,176112713,5
2022,165691533,1
2022,180403188,5
2022,176112714,5
2022,176112715,5
2022,176206584,5
2022,176206592,4
2022,185126015,5
2022,176206596,4
2022,176241309,5
2022,176241310,1
2022,176241319,5
2022,176241321,3
2022,176648747,4
2022,176241326,2
2022,176241326,6
2022,176241329,5
2022,176241333,4
2022,176243933,4
2022,176243934,5
2022,176243935,4
2022,176243941,4
2022,176243945,1
2022,165691554,4
2022,176243945,4
2022,176243947,5
2022,176243952,5
2022,176243953,5
2022,176434611,4
2022,165691556,4
2022,176434612,1
2022,176434612,3
2022,176434612,4
2022,176434615,5
2022,165691566,5
2022,165691568,4
2022,165691571,5
2022,165691582,4
2022,165691586,4
2022,176434619,5
2022,176434620,5
2022,176434621,5
2022,176434622,4
2022,165757925,4
2022,176659137,5
2022,176659141,2
2022,176659141,3
2022,176659141,6
2022,176713744,5
2022,176740915,5
2022,176788460,5
2022,176788461,5
2022,176788462,4
2022,176788463,4
2022,185126018,4
2022,176788464,4
2022,176794113,5
2022,165757927,5
2022,167119751,5
2022,167119752,5
2022,167120950,4
2022,167120954,4
2022,167120955,4
2022,167120958,4
2022,176794114,5
2022,176794116,4
2022,176794991,5
2022,176794994,4
2022,176794999,5
2022,185126020,5
2022,167167586,5
2022,167167590,5
2022,167167596,5
2022,167167600,4
2022,167167601,4
2022,167167605,4
2022,167167607,5
2022,176795002,5
2022,176795003,5
2022,176795004,4
2022,167194530,5
2022,177312186,5
2022,177312187,4
2022,177316210,2
2022,182479623,5
2022,177316215,3
2022,177507794,5
2022,182479628,4
2022,179963824,4
2022,179963828,5
2022,179963829,8
2022,179963838,4
2022,167194535,3
2022,179963842,8
2022,179963844,5
2022,179963850,5
2022,167194537,4
2022,167194543,4
2022,167194544,5
2022,167194547,4
2022,167194564,4
2022,167200871,4
2022,167200874,5
2022,167200878,4
2022,167200881,4
2022,167200882,4
2022,167205742,4
2022,167226834,4
2022,167253873,5
2022,179963869,5
2022,167411148,4
2022,167411150,4
2022,167414824,5
2022,167414825,4
2022,167414834,5
2022,167414835,5
2022,167414838,5
2022,179963871,5
2022,179963872,4
2022,179963874,5
2022,179963877,5
2022,179963878,5
2022,179963879,5
2022,179963880,4
2022,179963881,4
2022,179963882,4
2022,179963888,5
2022,167414845,4
2022,179963892,4
2022,167414850,4
2022,179963895,5
2022,179963897,5
2022,179963902,5
2022,179963903,5
2022,182479635,5
2022,179963907,5
2022,179963914,5
2022,179963920,4
2022,179963925,5
2022,179963926,5
2022,179963930,4
2022,180409727,4
2022,180409728,5
2022,180409729,5
2022,185126028,5
2022,180409734,5
2022,180765124,5
2022,182479641,5
2022,180765132,4
2022,182134905,3
2022,182134917,4
2022,182439207,4
2022,168375250,5
2022,168375252,4
2022,168375256,5
2022,168375257,5
2022,168475665,5
2022,168532572,5
2022,168586420,5
2022,168586429,4
2022,168605959,4
2022,168605960,4
2022,168605962,6
2022,168605967,4
2022,168605969,4
2022,168618578,5
2022,168655089,5
2022,168655093,5
2022,168715892,5
2022,168715893,5
2022,168715897,5
2022,168789270,5
2022,168789271,4
2022,168789277,4
2022,168881818,5
2022,168881824,4
2022,168881825,4
2022,168881830,4
2022,168881833,5
2022,168881840,4
2022,185126032,4
2022,168881843,4
2022,182439221,5
2022,169031522,1
2022,169031523,4
2022,169031525,4
2022,169031529,5
2022,169031537,4
2022,169031539,4
2022,169031540,5
2022,169031544,5
2022,169052276,1
2022,169052278,4
2022,169379642,5
2022,169379644,4
2022,169379646,4
2022,182439232,5
2022,169757574,6
2022,185321639,4
2022,169757577,4
2022,182439246,4
2022,185118863,5
2022,182479647,4
2022,182479648,4
2022,185466379,5
2022,185466380,5
2022,183756160,4
2022,184142157,5
2022,178415692,5
2022,169757583,5
2022,165302748,5
2022,165304880,5
2022,165304881,4
2022,165304882,4
2022,165302750,4
2022,165302751,4
2022,165773467,4
2022,165773470,5
2022,167253761,5
2022,167047259,4
2022,169817549,5
2022,167047260,4
2022,167047261,4
2022,167047262,4
2022,167133168,5
2022,169817557,5
2022,169817558,4
2022,169817561,4
2022,167155981,5
2022,167155982,4
2022,167155982,8
2022,167155983,4
2022,169817564,4
2022,167155984,5
2022,167155985,5
2022,167155986,5
2022,167155987,4
2022,167155988,5
2022,167155989,5
2022,167155990,5
2022,167155991,5
2022,167155992,5
2022,167155993,5
2022,167155994,5
2022,167155995,5
2022,167155996,5
2022,167167442,4
2022,169817568,4
2022,167205617,5
2022,169898943,4
2022,167205624,4
2022,167205625,4
2022,167205626,3
2022,167205627,5
2022,167205628,4
2022,167205629,5
2022,167205630,5
2022,169898944,4
2022,167207701,4
2022,167207702,4
2022,167207704,4
2022,169898947,4
2022,167253769,4
2022,167253770,4
2022,169898949,5
2022,167253771,4
2022,167253772,4
2022,167253773,4
2022,167253774,5
2022,167329530,5
2022,167329531,5
2022,167329533,4
2022,167435989,5
2022,169898952,4
2022,168322439,5
2022,169902547,5
2022,169902549,5
2022,169902550,5
2022,168322469,4
2022,168322470,4
2022,168322471,4
2022,168322503,4
2022,168322504,4
2022,168322505,4
2022,168322513,4
2022,168322524,5
2022,168322525,4
2022,168322566,4
2022,168322567,4
2022,168322601,4
2022,168532325,4
2022,168532342,4
2022,169914686,4
2022,169914687,4
2022,169914688,5
2022,168532350,5
2022,168586366,4
2022,168715818,4
2022,168715819,5
2022,168881638,4
2022,168881639,4
2022,168881640,4
2022,168881641,4
2022,168881642,4
2022,169031497,5
2022,169120379,4
2022,169338655,4
2022,169405318,5
2022,170298425,4
2022,170298429,4
2022,170298432,4
2022,170298434,4
2022,170489471,4
2022,170489475,4
2022,170489484,4
2022,170547986,4
2022,170547987,4
2022,170547991,4
2022,170648528,4
2022,169588731,4
2022,170799737,5
2022,170799739,4
2022,169588732,5
2022,169592027,5
2022,169592028,5
2022,169625854,4
2022,169625855,4
2022,169625856,4
2022,169625857,4
2022,170816619,5
2022,170816621,4
2022,170816628,4
2022,170816631,5
2022,170816638,4
2022,170816639,4
2022,170816641,4
2022,170816646,4
2022,170816648,4
2022,170816651,4
2022,170816653,4
2022,170874119,4
2022,170874122,4
2022,170874125,4
2022,170874129,4
2022,170874136,5
2022,170874146,4
2022,169837746,5
2022,171304988,4
2022,171304992,4
2022,171305002,4
2022,171305007,4
2022,171305009,4
2022,171305013,4
2022,171305017,4
2022,171305027,4
2022,171511579,4
2022,171511582,6
2022,171511583,4
2022,171512176,5
2022,171546304,5
2022,171546305,4
2022,171708857,4
2022,171708865,5
2022,171708868,5
2022,171708880,4
2022,171830683,5
2022,171830685,1
2022,172046013,4
2022,172046021,4
2022,172350291,4
2022,172350292,4
2022,172364594,4
2022,172364602,4
2022,172364604,4
2022,172364610,4
2022,172364614,4
2022,172364615,4
2022,172786189,3
2022,172999210,5
2022,172999214,6
2022,172999216,4
2022,172999219,4
2022,173015239,4
2022,173015240,4
2022,173015248,5
2022,173015249,4
2022,173015260,4
2022,173015261,5
2022,173040549,4
2022,173040558,4
2022,173040561,4
2022,173040565,4
2022,173040566,5
2022,173040568,1
2022,173040569,4
2022,173040592,4
2022,173080242,4
2022,175783305,4
2022,173168723,4
2022,173378119,4
2022,173378123,4
2022,173395207,4
2022,173395208,5
2022,173395209,5
2022,173395210,5
2022,173395211,5
2022,173395213,4
2022,173439661,4
2022,173439663,4
2022,173439665,4
2022,173664305,4
2022,173664308,4
2022,173664309,6
2022,173684952,4
2022,173684956,5
2022,173684959,4
2022,173684960,4
2022,173684962,5
2022,173684975,4
2022,174038628,4
2022,174038631,4
2022,174038634,4
2022,174038635,4
2022,174038636,5
2022,174038637,5
2022,174038638,4
2022,174038639,5
2022,174038641,4
2022,174178013,4
2022,174178021,4
2022,174312526,4
2022,174312529,4
2022,174312530,4
2022,174312533,4
2022,174312535,4
2022,174312540,4
2022,174327715,4
2022,174332152,2
2022,174332161,5
2022,174849252,4
2022,174849257,4
2022,169902385,4
2022,174928343,4
2022,169902386,6
2022,169902387,6
2022,169911946,5
2022,169914527,4
2022,169956292,4
2022,174928358,4
2022,169960280,4
2022,174928359,4
2022,169960281,4
2022,169960282,4
2022,169960283,5
2022,170036071,4
2022,174928362,4
2022,174928364,4
2022,170036073,4
2022,170547976,4
2022,174928370,4
2022,170547976,8
2022,170547977,5
2022,170547978,5
2022,170619067,5
2022,170956760,6
2022,170956761,5
2022,171115920,5
2022,171115921,5
2022,171240634,5
2022,171240635,4
2022,171340615,5
2022,171340616,5
2022,171346755,5
2022,171346756,5
2022,171346757,4
2022,171346779,5
2022,171734199,4
2022,171734201,4
2022,171734203,4
2022,171734205,5
2022,171805267,5
2022,172880570,6
2022,172880571,4
2022,172880572,5
2022,172880573,4
2022,172880574,4
2022,172880575,4
2022,172880576,4
2022,173080236,5
2022,173080237,5
2022,173097139,4
2022,173097141,5
2022,173307616,4
2022,173307617,4
2022,173307618,5
2022,173307620,4
2022,173375802,5
2022,173377951,5
2022,173377952,4
2022,173394839,8
2022,174314626,4
2022,174314627,4
2022,174314628,4
2022,174327672,5
2022,174327673,5
2022,174331949,5
2022,174331950,4
2022,174405904,5
2022,174405905,5
2022,174405909,5
2022,174405910,5
2022,174405912,5
2022,174485147,5
2022,174485148,5
2022,174488598,4
2022,174488599,4
2022,174929292,5
2022,174929293,5
2022,174929298,5
2022,174929307,4
2022,174557443,4
2022,174557444,4
2022,174557449,4
2022,174929308,5
2022,174929311,4
2022,174929312,4
2022,174929314,4
2022,174929315,4
2022,174929322,4
2022,174929323,5
2022,174939443,4
2022,174939447,5
2022,174939448,4
2022,174939450,2
2022,174939451,4
2022,174939456,4
2022,174639393,5
2022,174711560,4
2022,174939465,4
2022,174939477,4
2022,175033598,2
2022,175042734,5
2022,175042736,5
2022,175042737,4
2022,175042739,4
2022,175042747,4
2022,175042748,4
2022,175783315,4
2022,175783316,5
2022,175783317,5
2022,175845214,4
2022,175893461,4
2022,175893469,4
2022,176026777,4
2022,176065636,4
2022,176065640,5
2022,176065643,4
2022,176078888,4
2022,176078889,4
2022,176078890,4
2022,176078891,5
2022,176078900,4
2022,176078905,4
2022,176087274,5
2022,176337102,4
2022,176337104,4
2022,176337106,4
2022,176379639,4
2022,176395119,8
2022,176432925,4
2022,174711562,4
2022,175490879,4
2022,176432929,5
2022,175490880,6
2022,175490881,5
2022,175490882,5
2022,175490883,5
2022,175490884,4
2022,175490885,4
2022,175490886,4
2022,175490887,4
2022,175490888,4
2022,175509866,4
2022,175893395,4
2022,175893397,6
2022,175893399,5
2022,175896340,5
2022,175908375,5
2022,175908376,5
2022,175911205,5
2022,176432930,4
2022,175911206,5
2022,175911208,5
2022,176026680,5
2022,176026684,5
2022,176026685,5
2022,176026687,5
2022,176026688,5
2022,176078566,5
2022,176106924,5
2022,176106931,5
2022,176376258,5
2022,176376259,4
2022,176376260,4
2022,176390685,4
2022,176519083,4
2022,176519088,4
2022,176617976,4
2022,176617978,4
2022,176518933,5
2022,176923500,4
2022,176923506,5
2022,176923507,2
2022,176923510,4
2022,177307105,4
2022,177307108,4
2022,177307109,4
2022,177307114,4
2022,176523204,5
2022,176617897,4
2022,177617299,4
2022,177672548,4
2022,177672549,4
2022,177672550,5
2022,177672551,4
2022,177741958,5
2022,179964542,5
2022,179964543,5
2022,179964551,5
2022,177307117,4
2022,177307119,4
2022,177307120,4
2022,179964552,5
2022,177307122,4
2022,179964579,5
2022,177307123,4
2022,177448191,4
2022,177448197,5
2022,177481475,5
2022,177481481,3
2022,177481482,4
2022,177502512,3
2022,177502513,4
2022,177502515,4
2022,179964580,5
2022,179964581,5
2022,179964582,5
2022,179964586,5
2022,177502522,4
2022,179964587,4
2022,179964588,5
2022,179964589,5
2022,177535465,4
2022,179964590,4
2022,179964591,4
2022,179964592,4
2022,177535469,5
2022,179964593,4
2022,179964607,5
2022,177535471,4
2022,177535477,5
2022,177535481,4
2022,179964657,5
2022,177537136,4
2022,176354063,5
2022,177537141,5
2022,177537142,4
2022,177537143,5
2022,177537147,5
2022,177537148,5
2022,177537150,5
2022,177677068,4
2022,177677069,4
2022,177713357,4
2022,179964667,5
2022,177713361,4
2022,177713362,4
2022,177713363,4
2022,177713365,5
2022,179964668,5
2022,179964680,4
2022,177713370,4
2022,177713372,5
2022,177713375,4
2022,179964681,4
2022,179964682,4
2022,177803256,5
2022,179964683,4
2022,179964691,5
2022,177803260,4
2022,177803261,4
2022,179964692,4
2022,179964693,4
2022,179964696,5
2022,180254397,5
2022,177848558,5
2022,177848559,4
2022,180399504,4
2022,180913518,5
2022,180913519,5
2022,180913520,4
2022,180927801,4
2022,180927802,4
2022,180927803,4
2022,177848570,4
2022,183636618,4
2022,177848575,4
2022,177848576,5
2022,177848577,4
2022,177848581,5
2022,178197161,5
2022,178197188,5
2022,178197192,5
2022,179970014,4
2022,179970017,5
2022,179970022,2
2022,179970023,2
2022,179970028,4
2022,179970029,5
2022,179970030,5
2022,179970035,4
2022,179970040,4
2022,179970051,4
2022,179970065,4
2022,179970068,4
2022,179970080,4
2022,179970082,5
2022,179970085,4
2022,179970090,4
2022,179970091,4
2022,179970092,4
2022,179970097,5
2022,179970104,4
2022,179970105,5
2022,179970107,4
2022,179970108,5
2022,179970115,4
2022,179970126,4
2022,179970129,4
2022,179970134,5
2022,179970136,4
2022,179970150,2
2022,179970151,4
2022,179970153,4
2022,179970154,4
2022,179970157,4
2022,179970163,5
2022,179970170,4
2022,179970173,4
2022,179970174,4
2022,179970180,4
2022,179970183,4
2022,179970184,4
2022,179970191,4
2022,179970195,1
2022,179970200,5
2022,179970204,5
2022,179970207,4
2022,179970214,4
2022,179970221,5
2022,179970222,5
2022,179970223,4
2022,179970224,4
2022,179970226,4
2022,179970228,4
2022,179970230,4
2022,179970231,5
2022,179970232,5
2022,179970235,5
2022,179970238,5
2022,179970240,5
2022,179970254,4
2022,179970258,4
2022,179970266,4
2022,179970267,4
2022,179970269,4
2022,179970271,4
2022,179970272,5
2022,179970276,4
2022,180761150,4
2022,180761153,3
2022,180761155,4
2022,180782617,4
2022,180798928,4
2022,180798930,4
2022,180798931,3
2022,180798934,5
2022,180798937,4
2022,180798938,5
2022,183636619,4
2022,184019979,5
2022,184019980,5
2022,184019981,5
2022,184019982,5
2022,184631282,5
2022,166976315,5
2022,180848802,4
2022,180868290,4
2022,180913530,4
2022,180913531,4
2022,180913532,5
2022,180927820,4
2022,180927822,4
2022,180979478,4
2022,180979480,5
2022,180979481,4
2022,180979482,4
2022,180979483,5
2022,180979485,4
2022,180979494,4
2022,181015752,4
2022,181018292,4
2022,181018293,4
2022,181018294,5
2022,181018297,4
2022,181018300,4
2022,181063160,2
2022,181063161,4
2022,181063166,4
2022,181063170,4
2022,181063173,4
2022,181168522,4
2022,181410700,4
2022,181410701,1
2022,181410704,4
2022,181410705,4
2022,181410707,4
2022,181410708,4
2022,181410711,5
2022,182625632,5
2022,182625634,4
2022,182625639,5
2022,182634682,4
2022,182634686,4
2022,179977757,5
2022,179977758,5
2022,179977759,5
2022,179977760,5
2022,179977761,5
2022,179977763,4
2022,179977764,4
2022,179977765,5
2022,179977766,5
2022,179977767,5
2022,179977768,3
2022,179977771,4
2022,179977772,4
2022,179977775,4
2022,179977776,5
2022,179977777,5
2022,179977778,4
2022,179977779,4
2022,179977780,4
2022,179977781,4
2022,179977784,5
2022,179977785,5
2022,179977798,1
2022,179977800,4
2022,179977801,4
2022,179977803,4
2022,179977804,4
2022,179977809,4
2022,179977810,5
2022,179977811,5
2022,179977812,5
2022,179977813,4
2022,179977814,4
2022,179977816,4
2022,179977817,5
2022,179977818,5
2022,179977819,5
2022,179977820,5
2022,179977821,5
2022,179977822,5
2022,179977824,4
2022,179977825,5
2022,179977828,5
2022,185681285,4
2022,179977830,5
2022,179977831,2
2022,185681286,5
2022,179977835,5
2022,179977841,5
2022,186346420,4
2022,179977852,4
2022,185681290,4
2022,179977865,5
2022,179977867,5
2022,179977868,5
2022,179977869,5
2022,179977875,6
2022,179977882,4
2022,179977883,4
2022,179977884,5
2022,185681292,4
2022,179977887,5
2022,179977888,5
2022,179977893,4
2022,179977896,4
2022,179977897,2
2022,179977899,5
2022,179977900,5
2022,179977903,4
2022,179977904,4
2022,179977907,5
2022,179977908,5
2022,179977909,5
2022,179977910,5
2022,179977911,5
2022,179977912,5
2022,179977913,5
2022,179977914,5
2022,179977915,5
2022,186346424,5
2022,186346425,5
2022,186346426,5
2022,186346427,5
2022,186346428,5
2022,186346429,5
2022,186346430,5
2022,179977918,4
2022,179977924,5
2022,179977925,4
2022,179977929,5
2022,185681306,4
2022,179977934,4
2022,179977935,5
2022,179977944,4
2022,185681308,5
2022,179977948,4
2022,179977949,4
2022,179977950,5
2022,179977953,5
2022,179977954,3
2022,179977956,4
2022,179977957,4
2022,179977965,4
2022,179977973,4
2022,179977975,5
2022,179977979,5
2022,179977989,5
2022,179977990,5
2022,186346436,5
2022,179977994,5
2022,179977996,4
2022,179978000,5
2022,179978001,4
2022,179978003,4
2022,179978008,5
2022,179978010,4
2022,179978011,4
2022,179978012,4
2022,179978016,4
2022,179978025,5
2022,179978028,2
2022,179978029,2
2022,186346443,5
2022,179978033,5
2022,179978035,4
2022,179978038,5
2022,179978039,5
2022,179978047,2
2022,179978048,4
2022,179978050,4
2022,179978052,5
2022,179978053,4
2022,185705127,4
2022,179978056,5
2022,179978058,5
2022,179978067,5
2022,179978073,4
2022,179978076,5
2022,179978078,5
2022,179978080,5
2022,187677405,4
2022,179978086,5
2022,179978087,4
2022,179978093,4
2022,179978096,5
2022,185705130,5
2022,179978106,5
2022,179978108,4
2022,179978109,5
2022,179978112,4
2022,179978113,4
2022,167205633,4
2022,179978114,5
2022,179978117,4
2022,179978119,4
2022,179978126,5
2022,167205637,5
2022,179978129,4
2022,167205638,4
2022,179978132,5
2022,167329540,4
2022,186346447,5
2022,186346448,5
2022,179978138,5
2022,179978139,5
2022,179978142,4
2022,179978143,5
2022,167329542,4
2022,168322677,5
2022,168322682,4
2022,169592029,4
2022,171899082,5
2022,185741263,5
2022,179978146,4
2022,179978147,5
2022,179978148,4
2022,179978149,5
2022,179978150,4
2022,179978151,4
2022,179978156,4
2022,179978158,4
2022,179978159,4
2022,179978160,5
2022,179978166,4
2022,179978169,5
2022,179978171,5
2022,179978185,4
2022,179978189,5
2022,186166804,4
2022,179978192,4
2022,186166805,4
2022,179978196,4
2022,179978197,4
2022,179978198,5
2022,179978202,4
2022,186166807,4
2022,179978204,4
2022,179978206,4
2022,179978209,5
2022,179978213,5
2022,179978214,4
2022,179978215,4
2022,179978216,5
2022,179978218,4
2022,179978219,5
2022,179978220,5
2022,179978224,4
2022,174857223,5
2022,186675120,5
2022,179978229,5
2022,179978230,5
2022,179978237,4
2022,179978247,4
2022,179978248,4
2022,179978260,5
2022,179978261,5
2022,179978262,5
2022,179978265,5
2022,179978266,5
2022,179978268,5
2022,186346462,5
2022,179978271,5
2022,179978272,4
2022,179978277,5
2022,179978284,4
2022,179978288,5
2022,186346464,5
2022,186346465,5
2022,174857224,4
2022,174711564,4
2022,174975274,4
2022,178394017,4
2022,186346469,5
2022,186346470,5
2022,182451769,5
2022,182451770,4
2022,179978304,4
2022,179978306,4
2022,182451771,5
2022,179964705,4
2022,179964712,4
2022,179964714,5
2022,180868265,4
2022,184606624,5
2022,184606625,4
2022,184606627,5
2022,188611254,5
2022,179978313,5
2022,184606657,3
2022,184606658,4
2022,184606660,4
2022,184606665,5
2022,184606673,5
2022,188865307,4
2022,179978314,5
2022,179978317,5
2022,186144078,5
2022,186144079,5
2022,179978320,5
2022,179978321,4
2022,179978323,5
2022,179978324,4
2022,179978325,5
2022,179978326,4
2022,179978329,4
2022,181786690,5
2022,179978334,5
2022,179978335,5
2022,179978338,5
2022,179978339,4
2022,186144088,5
2022,186144089,5
2022,186144090,5
2022,186144091,5
2022,163914715,4
2022,179978350,4
2022,163914717,4
2022,163914741,4
2022,163914744,4
2022,168322827,5
2022,163914750,5
2022,163914753,5
2022,163914756,5
2022,163914758,4
2022,163914770,5
2022,163914777,4
2022,163914820,5
2022,163927288,5
2022,163927289,4
2022,163927290,4
2022,179978353,4
2022,163927291,5
2022,163927294,5
2022,163927295,4
2022,163927296,5
2022,163927297,5
2022,165352379,5
2022,165352385,4
2022,165352390,4
2022,165352417,5
2022,165352426,5
2022,165352491,4
2022,165352515,5
2022,165352516,5
2022,165352519,5
2022,165352521,5
2022,165352524,5
2022,165352530,5
2022,165382889,5
2022,165382890,5
2022,165382891,5
2022,165382897,4
2022,165382898,5
2022,165382899,5
2022,165382900,5
2022,167436013,5
2022,167436016,5
2022,167436020,5
2022,167436023,4
2022,167436024,5
2022,167436025,4
2022,167436026,5
2022,167436027,4
2022,167436029,5
2022,167436030,4
2022,167436031,5
2022,167436032,5
2022,168322830,4
2022,168322831,4
2022,168322837,4
2022,179978354,4
2022,168322838,4
2022,179978361,4
2022,168322839,5
2022,168322854,4
2022,179978365,5
2022,179978368,5
2022,186346485,4
2022,186144097,4
2022,168322884,4
2022,168322885,4
2022,168322886,4
2022,168322888,5
2022,168322889,4
2022,168322890,4
2022,168322892,5
2022,168322893,5
2022,168322895,4
2022,168322897,3
2022,168322898,4
2022,168322899,5
2022,181811023,5
2022,181811024,5
2022,181811025,5
2022,179978372,4
2022,179978378,4
2022,179978379,4
2022,179978380,5
2022,179978381,5
2022,181811027,5
2022,168322900,5
2022,169379555,5
2022,169379557,5
2022,169379588,5
2022,169379606,5
2022,169379607,5
2022,169643098,4
2022,169643099,5
2022,171805282,4
2022,171805282,8
2022,169643101,4
2022,169643102,4
2022,169643103,4
2022,169643106,5
2022,181811030,5
2022,169643108,4
2022,169643109,4
2022,169643110,5
2022,169643111,5
2022,169643112,5
2022,169643113,4
2022,171304806,5
2022,171304811,3
2022,171805283,4
2022,171805284,5
2022,171805285,5
2022,171805286,5
2022,171805287,5
2022,171805289,4
2022,172000996,5
2022,172000997,4
2022,172000998,5
2022,172000999,4
2022,172001004,5
2022,172001005,4
2022,172001007,5
2022,172001008,5
2022,172001009,4
2022,172001011,4
2022,172001012,4
2022,172001013,5
2022,172001014,5
2022,172001015,5
2022,172765983,5
2022,172765984,4
2022,172765985,5
2022,172785992,4
2022,172785993,5
2022,172786008,4
2022,172786009,5
2022,172786010,4
2022,172786011,4
2022,172786016,5
2022,181811036,5
2022,172786023,5
2022,172786080,4
2022,172786081,5
2022,172786084,4
2022,172786085,5
2022,172880584,5
2022,172880586,4
2022,172880587,4
2022,172880588,4
2022,172880589,5
2022,172880590,5
2022,176106934,5
2022,185822250,5
2022,179978390,4
2022,179978391,4
2022,176106935,5
2022,176196964,5
2022,176196965,5
2022,176196966,5
2022,176286998,4
2022,176286999,2
2022,176376263,3
2022,176394988,4
2022,181811038,4
2022,181811040,4
2022,181811042,5
2022,177306964,5
2022,177481263,5
2022,168448826,5
2022,181811053,4
2022,179978401,5
2022,185822255,4
2022,181811058,4
2022,181811060,4
2022,179978406,4
2022,179978407,5
2022,179978408,5
2022,179978409,5
2022,179978410,5
2022,181811062,4
2022,179978412,4
2022,179978413,4
2022,179978414,4
2022,179978415,4
2022,181811064,4
2022,181811065,4
2022,179978419,4
2022,179978426,5
2022,179978429,4
2022,179978431,4
2022,186346489,5
2022,186346490,5
2022,168448849,5
2022,179978434,5
2022,179978436,4
2022,179978437,4
2022,179978439,4
2022,185822261,6
2022,182820534,5
2022,182820535,5
2022,182820536,5
2022,182820537,5
2022,181824745,5
2022,179978449,5
2022,168468973,5
2022,174318965,4
2022,174318970,5
2022,183059042,4
2022,179978453,4
2022,168331585,5
2022,168331586,5
2022,179978460,4
2022,174762419,4
2022,179978464,5
2022,181811072,2
2022,179978473,4
2022,179978474,5
2022,179978475,4
2022,179978477,4
2022,179978480,5
2022,179978485,5
2022,179978498,5
2022,179978500,5
2022,179978506,5
2022,179978507,5
2022,181410734,4
2022,181410735,4
2022,181410736,4
2022,179978509,5
2022,174818119,5
2022,179978515,5
2022,179978516,4
2022,179978519,5
2022,180798939,5
2022,179978521,5
2022,179978522,5
2022,174818120,5
2022,175124456,5
2022,168331599,4
2022,185374489,4
2022,168606127,4
2022,176069468,5
2022,168331606,5
2022,168331608,5
2022,186346500,5
2022,186346501,5
2022,168331611,4
2022,176069474,5
2022,176382365,1
2022,176382365,6
2022,178253809,5
2022,179965075,5
2022,179965076,5
2022,179965077,5
2022,180979474,5
2022,161607907,4
2022,161621813,5
2022,161663963,5
2022,175490986,5
2022,161880295,4
2022,168331641,4
2022,168331646,4
2022,162033612,4
2022,168380051,5
2022,168618739,5
2022,162837475,5
2022,181811075,5
2022,168331656,4
2022,162587597,5
2022,168331659,4
2022,168331661,4
2022,185822281,2
2022,185822282,2
2022,185822283,2
2022,185822284,2
2022,185822285,2
2022,162587601,5
2022,185822286,2
2022,162587603,5
2022,162587604,5
2022,162587605,5
2022,162587609,4
2022,172364624,5
2022,168331675,4
2022,168331676,4
2022,168331677,5
2022,162784319,5
2022,168331679,4
2022,168331683,4
2022,162784321,5
2022,168331687,5
2022,162837478,4
2022,168618743,4
2022,168331688,4
2022,168380059,5
2022,163254380,4
2022,162837480,5
2022,162837482,5
2022,162903200,5
2022,186254745,5
2022,162903207,5
2022,186254746,4
2022,163043877,5
2022,163254384,5
2022,186254747,5
2022,163769089,5
2022,186675121,5
2022,186675122,5
2022,168618744,4
2022,163947056,5
2022,168331691,4
2022,168331692,4
2022,168331693,5
2022,168375336,4
2022,168618745,4
2022,163947057,4
2022,168331696,4
2022,163947058,5
2022,186254748,5
2022,163947059,4
2022,168331699,4
2022,168331700,5
2022,163947062,5
2022,168331701,5
2022,163947063,6
2022,186254749,4
2022,169079800,5
2022,168375338,4
2022,168331705,5
2022,168331706,5
2022,163947069,4
2022,186254750,5
2022,169338709,4
2022,168331709,5
2022,168375341,4
2022,164084218,5
2022,164084219,5
2022,164084220,4
2022,164084223,4
2022,164084224,5
2022,164502643,3
2022,164502645,4
2022,164578159,4
2022,164738648,5
2022,175893480,4
2022,168331719,5
2022,168331732,4
2022,168618747,4
2022,164738652,5
2022,164738653,4
2022,164738656,4
2022,164821190,4
2022,164821191,5
2022,164821192,5
2022,165773506,5
2022,166072202,4
2022,168331739,4
2022,168532817,5
2022,185595432,4
2022,185595433,5
2022,168532823,4
2022,168532824,4
2022,185615897,4
2022,185615899,5
2022,185615900,5
2022,168606130,1
2022,168375344,4
2022,170648537,4
2022,168331744,5
2022,168440390,4
2022,168575765,4
2022,168825262,4
2022,168825263,4
2022,168331745,4
2022,168331747,5
2022,168331748,5
2022,168375345,4
2022,185595439,5
2022,177481493,5
2022,182451772,5
2022,168331755,5
2022,168331756,5
2022,185595440,5
2022,185595441,5
2022,182451778,2
2022,182451778,3
2022,182451778,8
2022,168618750,4
2022,168575768,5
2022,182451780,4
2022,176669016,5
2022,176669017,5
2022,176669018,5
2022,182451781,4
2022,168586466,5
2022,168586469,4
2022,168825267,4
2022,168586473,5
2022,168586474,4
2022,168606131,5
2022,184669954,6
2022,184669955,5
2022,169052729,5
2022,169643212,5
2022,168655755,4
2022,169052731,4
2022,169898963,4
2022,168655756,5
2022,169714210,4
2022,169662445,4
2022,185595445,4
2022,168655760,5
2022,168655761,5
2022,168655763,5
2022,169778340,5
2022,173080248,4
2022,170648539,4
2022,168716007,4
2022,166072203,4
2022,166072204,4
2022,166072205,4
2022,166572461,4
2022,169960554,5
2022,169797039,5
2022,169714215,4
2022,169714216,5
2022,169664597,5
2022,185595449,4
2022,169898967,4
2022,169898968,4
2022,185615903,4
2022,169567742,4
2022,169079841,5
2022,176197071,5
2022,168882132,4
2022,169052732,4
2022,169341404,4
2022,169120852,4
2022,169120853,4
2022,169567748,4
2022,169662456,5
2022,169341406,5
2022,169662460,2
2022,169664602,6
2022,172877260,5
2022,169367673,5
2022,175490987,4
2022,169341407,4
2022,169341408,5
2022,169567754,4
2022,169341410,4
2022,185595457,5
2022,185595458,5
2022,169367674,5
2022,171387037,5
2022,169379650,5
2022,169660470,5
2022,175893484,5
2022,169664605,4
2022,169960556,4
2022,169660473,4
2022,169664607,4
2022,169410432,5
2022,169410433,5
2022,169410439,5
2022,169664608,4
2022,166572462,4
2022,186454690,4
2022,166572465,4
2022,166572466,5
2022,166960796,4
2022,166960797,4
2022,166960802,4
2022,166960803,4
2022,167098002,5
2022,173080249,5
2022,169643215,5
2022,169643216,5
2022,176376311,5
2022,171109593,4
2022,169569626,4
2022,167133181,4
2022,170046689,4
2022,167155997,4
2022,186346520,5
2022,179978526,4
2022,169960560,4
2022,167155999,4
2022,185615907,4
2022,167156011,5
2022,170046691,4
2022,170046692,4
2022,167167452,4
2022,167167453,4
2022,167194349,5
2022,167194351,4
2022,167194353,5
2022,167194355,4
2022,167329551,4
2022,186639182,5
2022,168323166,4
2022,168323167,4
2022,186675018,4
2022,185564966,6
2022,169643222,5
2022,169625936,5
2022,169664616,4
2022,186675019,5
2022,186675021,5
2022,186675022,4
2022,168323214,4
2022,168323216,4
2022,168323225,4
2022,186675023,4
2022,170046695,4
2022,169898978,4
2022,168323250,4
2022,169960564,5
2022,186675024,3
2022,169956330,5
2022,168323257,4
2022,186675025,5
2022,168323266,5
2022,168323275,5
2022,168439826,4
2022,170046698,4
2022,186675026,4
2022,168532393,4
2022,168605875,4
2022,168618551,4
2022,169902396,4
2022,169079733,4
2022,169079734,4
2022,169914693,5
2022,169664618,4
2022,185615909,4
2022,169664619,4
2022,169639586,5
2022,169914695,5
2022,169079735,4
2022,186698345,4
2022,169564189,4
2022,169564190,5
2022,186706123,5
2022,169592032,4
2022,169914696,5
2022,169592033,4
2022,186706124,5
2022,169660476,4
2022,169660477,4
2022,169660478,5
2022,170046700,4
2022,186706125,4
2022,170036523,5
2022,169592045,5
2022,172877265,4
2022,169643126,4
2022,169662411,4
2022,169662412,4
2022,169662413,4
2022,187221565,5
2022,186706126,4
2022,186706127,5
2022,169714168,4
2022,169714169,4
2022,169898843,4
2022,170046701,4
2022,169912050,5
2022,173395221,5
2022,172877267,4
2022,185564972,5
2022,185564974,5
2022,185564975,5
2022,185564976,5
2022,186706128,4
2022,169664629,4
2022,176197073,4
2022,169902558,5
2022,169664630,5
2022,169902404,6
2022,169902405,4
2022,186706129,4
2022,186706130,4
2022,170046704,4
2022,172877270,5
2022,169797047,5
2022,186706131,5
2022,170036095,4
2022,186706132,5
2022,170036101,4
2022,186706134,5
2022,186706135,5
2022,169797050,4
2022,169797052,5
2022,186706136,4
2022,170154687,5
2022,186706137,5
2022,170489354,5
2022,186706138,5
2022,170510162,5
2022,186706139,4
2022,170510167,4
2022,186706140,5
2022,186706141,5
2022,186884852,4
2022,175023163,4
2022,170046708,4
2022,186884853,4
2022,186884854,4
2022,171109585,3
2022,169837874,4
2022,186884857,4
2022,186884858,4
2022,186884860,5
2022,186884861,5
2022,187138487,4
2022,187138488,5
2022,187138489,4
2022,172786093,4
2022,172786102,4
2022,171785443,4
2022,171785444,4
2022,170046709,4
2022,171785448,4
2022,169899002,4
2022,187138490,4
2022,187138494,4
2022,172880596,4
2022,172880597,4
2022,172880602,4
2022,173015169,5
2022,187363630,5
2022,173018608,5
2022,173040423,5
2022,187681313,4
2022,173051571,4
2022,173051572,5
2022,187681314,5
2022,187681315,4
2022,187681316,4
2022,173097143,4
2022,187750203,5
2022,169899003,4
2022,187750204,5
2022,173307629,4
2022,187750205,4
2022,170046711,4
2022,169899004,5
2022,171109597,3
2022,170875796,5
2022,187750206,4
2022,187221569,4
2022,187221570,4
2022,173439339,4
2022,187750207,5
2022,173439344,5
2022,173439345,4
2022,173460249,6
2022,187793535,4
2022,173555380,2
2022,187750208,5
2022,187750209,5
2022,173639909,4
2022,170046713,4
2022,179978528,5
2022,170046715,5
2022,173639911,4
2022,187774396,5
2022,187156694,4
2022,173667142,4
2022,173667143,4
2022,173667144,5
2022,187774397,4
2022,185497434,4
2022,171240667,5
2022,185615914,4
2022,185615915,4
2022,185615916,4
2022,185615917,4
2022,185615918,4
2022,185615919,4
2022,185615920,4
2022,185615921,4
2022,170648556,5
2022,185615923,4
2022,171456648,4
2022,185615926,4
2022,171456652,4
2022,171456652,8
2022,187221572,4
2022,187774398,5
2022,174175153,5
2022,174175158,5
2022,187774400,5
2022,187774401,4
2022,174177972,5
2022,174177973,4
2022,174312386,4
2022,187774402,5
2022,187774403,5
2022,187774404,4
2022,187774405,4
2022,174488605,5
2022,185497451,4
2022,185497452,5
2022,174548797,1
2022,187774406,4
2022,174557470,4
2022,171456653,4
2022,171456654,5
2022,177740152,5
2022,174557452,4
2022,170046735,5
2022,171387045,4
2022,171387046,5
2022,185615929,5
2022,171570378,5
2022,171570379,4
2022,171570380,5
2022,170489507,4
2022,170155272,5
2022,171570392,5
2022,171570395,4
2022,174557454,4
2022,174639399,4
2022,170298456,5
2022,171708893,4
2022,171708894,4
2022,172877271,5
2022,172877272,5
2022,172877273,5
2022,172292906,3
2022,175893485,4
2022,187774407,5
2022,187774408,4
2022,171708898,4
2022,171708899,4
2022,171785456,4
2022,170489509,4
2022,186698366,4
2022,170619316,5
2022,185615935,4
2022,171387050,4
2022,170547992,5
2022,170619323,4
2022,187221574,8
2022,171305046,5
2022,171387054,4
2022,171387055,4
2022,174762421,4
2022,171240678,5
2022,171240679,4
2022,171109630,4
2022,171161086,5
2022,170875800,4
2022,170875801,4
2022,170950674,5
2022,170950675,4
2022,170950676,4
2022,176197074,4
2022,186346534,5
2022,186346535,5
2022,186346536,5
2022,175893488,4
2022,171805402,5
2022,171043711,5
2022,187774409,5
2022,187774410,4
2022,175055619,4
2022,187793537,4
2022,187793538,4
2022,187793539,5
2022,175844877,4
2022,187793541,4
2022,187793542,4
2022,185681188,4
2022,175844885,4
2022,175893406,4
2022,175893409,4
2022,187793544,2
2022,175896345,5
2022,175896348,5
2022,176106937,4
2022,175896353,5
2022,187793546,4
2022,187793547,5
2022,176196970,5
2022,187793548,4
2022,187221579,4
2022,176288958,4
2022,176287009,4
2022,176287010,4
2022,176287012,4
2022,176686233,4
2022,176390690,4
2022,185313461,5
2022,185313462,4
2022,171387065,4
2022,171152464,4
2022,171805408,5
2022,176648770,5
2022,172356098,4
2022,187793549,4
2022,172364631,4
2022,176197076,4
2022,188043013,4
2022,187221581,4
2022,176686237,4
2022,188043014,4
2022,171805415,4
2022,171805416,4
2022,172369820,4
2022,172369821,4
2022,172877279,4
2022,175893489,4
2022,188055175,4
2022,177537063,5
2022,177537064,5
2022,177537068,5
2022,177617303,4
2022,188055176,5
2022,172001052,4
2022,188055177,5
2022,171340644,5
2022,177740153,4
2022,171785481,4
2022,177850806,5
2022,177850808,5
2022,188055179,5
2022,188055180,4
2022,185313467,5
2022,185313468,5
2022,185313469,5
2022,172364637,4
2022,171387088,4
2022,171387092,5
2022,171830691,5
2022,171785501,4
2022,172369826,4
2022,171387098,4
2022,171387099,5
2022,172369833,5
2022,177850809,4
2022,188055182,4
2022,188055184,4
2022,188055185,5
2022,178236958,6
2022,178394028,4
2022,188055186,4
2022,188055187,4
2022,188055188,4
2022,188055190,4
2022,185588975,5
2022,179965317,4
2022,179965332,5
2022,171570403,5
2022,171873525,4
2022,179965346,4
2022,186675123,5
2022,186675124,5
2022,186675125,5
2022,186675126,5
2022,185313478,5
2022,185313479,5
2022,173080257,5
2022,173168734,5
2022,172549754,4
2022,179965349,4
2022,179965350,4
2022,179965353,4
2022,179965354,4
2022,188055191,4
2022,179965359,4
2022,179965360,4
2022,179965363,4
2022,179965364,4
2022,187221587,3
2022,179965372,4
2022,179965376,4
2022,179965378,5
2022,179965399,4
2022,180809330,4
2022,179965424,4
2022,188055192,5
2022,188055193,4
2022,179965452,4
2022,188055194,5
2022,179965456,4
2022,172877284,5
2022,188055196,5
2022,185313482,4
2022,179965471,5
2022,178104660,4
2022,172700808,8
2022,172700812,4
2022,179978536,4
2022,179978537,5
2022,172549761,4
2022,187363631,4
2022,173168740,4
2022,173294109,4
2022,173294110,4
2022,188143711,4
2022,180361993,4
2022,173294112,4
2022,173294114,5
2022,173294115,4
2022,179978538,4
2022,179978539,4
2022,188143712,4
2022,179978540,4
2022,179978541,4
2022,179978542,4
2022,175893491,5
2022,188143714,4
2022,172786201,5
2022,172786202,4
2022,185313485,4
2022,179978543,5
2022,180761025,5
2022,180761031,5
2022,172766030,5
2022,173307666,4
2022,187363633,4
2022,172880619,5
2022,180988526,4
2022,178104664,5
2022,172877295,5
2022,180988539,4
2022,180991222,5
2022,181097562,8
2022,181069460,4
2022,181069466,5
2022,181097566,5
2022,181097568,5
2022,181097570,4
2022,180979476,4
2022,181410247,5
2022,181410249,5
2022,181267972,4
2022,181267975,5
2022,168379399,5
2022,168881675,4
2022,173307667,5
2022,169564195,5
2022,173051613,4
2022,173051614,4
2022,169564197,4
2022,185245453,5
2022,172786106,5
2022,172877299,4
2022,176669021,5
2022,173377954,4
2022,172292912,5
2022,183973252,4
2022,172046028,4
2022,172046029,5
2022,185245455,4
2022,172880624,4
2022,172364671,4
2022,172292923,4
2022,178058379,5
2022,172292925,4
2022,172292926,4
2022,172292927,4
2022,185245457,2
2022,185245458,2
2022,185245459,2
2022,172369852,5
2022,172369855,5
2022,172941243,5
2022,172999227,5
2022,172999229,4
2022,173080272,5
2022,172999232,4
2022,172999233,4
2022,173080274,2
2022,173080274,4
2022,172525976,5
2022,172525977,4
2022,172525981,5
2022,173395232,5
2022,173395233,2
2022,172999234,4
2022,183402725,4
2022,172877320,4
2022,172681250,4
2022,172681251,5
2022,172999236,5
2022,172999238,5
2022,172695861,4
2022,172999239,4
2022,172700817,4
2022,172700818,4
2022,172700819,4
2022,172999240,3
2022,172786206,4
2022,173395235,4
2022,183973265,4
2022,183973267,1
2022,183973274,4
2022,167100270,5
2022,167100284,4
2022,169079752,4
2022,172877326,5
2022,170950643,5
2022,170950644,6
2022,170950647,6
2022,170950658,5
2022,173692183,4
2022,175633560,5
2022,176648785,4
2022,179968352,4
2022,179968356,4
2022,179968376,4
2022,179968377,5
2022,179968380,4
2022,181819004,5
2022,181819006,4
2022,180399513,4
2022,175911225,4
2022,173168757,5
2022,174903884,5
2022,175911236,4
2022,175023168,4
2022,175490992,4
2022,176379542,4
2022,173307668,5
2022,173307670,4
2022,173307671,4
2022,176379555,4
2022,173018664,4
2022,177307003,5
2022,179968694,4
2022,179968695,4
2022,179968706,5
2022,179968713,5
2022,179968719,4
2022,179968726,4
2022,179968733,5
2022,180997412,5
2022,180997417,4
2022,180997418,5
2022,180997435,4
2022,180997441,4
2022,180997442,4
2022,181097615,4
2022,181097626,4
2022,180997454,4
2022,180997455,4
2022,181097643,4
2022,181097653,4
2022,162973908,4
2022,162973909,4
2022,164578180,4
2022,164578182,5
2022,164578184,4
2022,164578186,5
2022,164578193,4
2022,164578199,5
2022,164578203,5
2022,164578207,5
2022,164578212,5
2022,164578216,5
2022,164631475,5
2022,164631480,5
2022,164631482,5
2022,164631484,5
2022,164631496,4
2022,164631503,5
2022,164677407,4
2022,168660896,5
2022,164677411,4
2022,164677419,5
2022,174857277,4
2022,164677428,4
2022,164738665,4
2022,164738670,5
2022,174857278,5
2022,173018667,5
2022,183325796,4
2022,176197078,4
2022,173018674,5
2022,165091500,4
2022,183402878,2
2022,183402879,2
2022,183325799,5
2022,183325800,4
2022,183325801,4
2022,174849271,4
2022,173395239,5
2022,173018678,5
2022,174774909,5
2022,188845894,4
2022,173395240,4
2022,173040601,4
2022,174762503,4
2022,174762505,5
2022,165091712,8
2022,173097189,5
2022,173395243,4
2022,176197081,4
2022,183402978,4
2022,174849276,4
2022,186698367,4
2022,165092158,5
2022,173395249,5
2022,174849278,4
2022,165092816,4
2022,174718381,4
2022,173395251,4
2022,173294119,5
2022,165093138,4
2022,165691234,5
2022,174557476,4
2022,176197082,5
2022,173378142,4
2022,174557478,5
2022,167156022,4
2022,167156024,4
2022,167303361,4
2022,178104667,4
2022,173294122,4
2022,173395258,5
2022,174548847,5
2022,174896658,5
2022,173692228,4
2022,167329611,5
2022,167329613,4
2022,183403008,2
2022,168789265,5
2022,174312542,4
2022,167329619,1
2022,167329624,5
2022,167329626,5
2022,167329630,5
2022,187156695,5
2022,183094574,5
2022,183094575,6
2022,173692233,5
2022,167329634,4
2022,167329635,4
2022,167329638,4
2022,167329640,5
2022,168325313,4
2022,168325314,4
2022,168325316,5
2022,168325322,4
2022,168325323,1
2022,168586391,4
2022,168586405,5
2022,168605924,4
2022,168605930,5
2022,168605938,4
2022,168605941,4
2022,168605946,4
2022,168605950,4
2022,168660897,5
2022,184587856,4
2022,168660900,5
2022,169898851,5
2022,169898853,4
2022,174327764,5
2022,179978546,5
2022,169898857,5
2022,174849281,4
2022,173524549,5
2022,173692244,5
2022,173555934,5
2022,173555935,5
2022,173555952,5
2022,173555953,4
2022,176376323,5
2022,176376324,5
2022,176376325,5
2022,176376326,5
2022,176376327,5
2022,176376328,5
2022,176376329,5
2022,176376330,5
2022,176376331,5
2022,176376332,5
2022,173664311,4
2022,183094584,4
2022,183094585,4
2022,169902418,6
2022,174488653,5
2022,174488654,5
2022,174711630,5
2022,174711631,4
2022,174557484,4
2022,173667215,4
2022,174178025,5
2022,183051663,5
2022,183051664,5
2022,183051665,5
2022,183051666,5
2022,183051667,5
2022,173667216,5
2022,174557485,4
2022,173750181,5
2022,174178027,5
2022,176669023,4
2022,174178035,5
2022,174175252,5
2022,174178036,5
2022,174178044,5
2022,169902420,5
2022,174488656,5
2022,174178045,5
2022,169902424,4
2022,169902425,5
2022,174557488,4
2022,174327798,4
2022,176197083,4
2022,175023178,4
2022,174405950,4
2022,169902426,5
2022,174327804,5
2022,174314764,5
2022,174557491,4
2022,169902427,4
2022,183403268,5
2022,183403312,4
2022,174327809,4
2022,169902431,5
2022,169911951,5
2022,174849284,5
2022,174405956,5
2022,174557494,4
2022,169911955,4
2022,169911956,4
2022,169911962,5
2022,169914535,5
2022,169914538,4
2022,174485173,5
2022,174711636,4
2022,179978554,4
2022,174462502,4
2022,174462503,4
2022,174462505,4
2022,174557497,5
2022,175490996,4
2022,179978558,4
2022,179978562,5
2022,179978563,5
2022,174485179,4
2022,179978565,5
2022,174849288,4
2022,179978567,3
2022,174540791,4
2022,170036203,4
2022,174540792,5
2022,179978572,4
2022,175023195,4
2022,175023196,4
2022,177723973,4
2022,179978574,5
2022,170036204,2
2022,169914548,4
2022,187770125,5
2022,174557500,4
2022,174557501,4
2022,174849297,4
2022,175023197,4
2022,170036209,5
2022,174849299,4
2022,170036212,4
2022,170036213,5
2022,171546297,4
2022,171570291,4
2022,171570300,5
2022,171734209,4
2022,188845895,4
2022,171734215,5
2022,171734222,5
2022,171734257,5
2022,183051682,5
2022,171805293,4
2022,171805296,4
2022,171805300,5
2022,171805302,5
2022,171805303,5
2022,171805304,4
2022,171805305,4
2022,173439347,5
2022,173439359,5
2022,173439360,5
2022,173439370,4
2022,173460254,5
2022,173460256,4
2022,173460258,5
2022,173460260,4
2022,173460261,5
2022,173460268,5
2022,173460271,5
2022,173524497,5
2022,173524501,5
2022,173524509,5
2022,173524523,4
2022,173524526,4
2022,173524527,5
2022,173555396,4
2022,175055627,4
2022,175055631,4
2022,174752659,5
2022,175055635,2
2022,175087325,5
2022,175087328,5
2022,175090737,5
2022,175087335,4
2022,175087339,4
2022,175087351,5
2022,175090744,5
2022,175090746,4
2022,175090749,5
2022,175090752,4
2022,175090753,4
2022,175120963,5
2022,175120964,5
2022,175120970,5
2022,175120971,5
2022,176671940,5
2022,176671947,4
2022,176671949,5
2022,176671951,4
2022,176671952,5
2022,176671954,4
2022,176668973,5
2022,176671958,4
2022,176671965,4
2022,176671966,4
2022,176671973,5
2022,176671974,5
2022,175055703,4
2022,174752661,4
2022,175710879,5
2022,175710880,5
2022,178104673,5
2022,175121030,5
2022,176671976,5
2022,176671977,4
2022,176671986,5
2022,175121032,4
2022,177617356,5
2022,177617357,5
2022,176671987,5
2022,176686254,4
2022,177617360,5
2022,177617361,5
2022,176686269,5
2022,175023220,4
2022,183403403,5
2022,176686270,5
2022,179968792,5
2022,175491010,4
2022,179968793,5
2022,179968799,5
2022,185374502,6
2022,175042755,3
2022,179968806,4
2022,179968807,5
2022,179968810,5
2022,179968815,5
2022,179968830,5
2022,179968832,5
2022,179968833,5
2022,179968835,4
2022,179968842,4
2022,179968846,5
2022,179968847,5
2022,179968852,5
2022,179968863,4
2022,179968875,5
2022,179968876,5
2022,179968881,4
2022,179968882,4
2022,179968883,5
2022,179968884,5
2022,179968886,5
2022,179968887,4
2022,179968897,4
2022,179968898,5
2022,179968900,5
2022,179968907,4
2022,179968908,4
2022,180255014,4
2022,180255024,4
2022,180255034,5
2022,180255114,5
2022,180255122,5
2022,181092013,4
2022,181097655,5
2022,181097667,4
2022,181168479,5
2022,181168481,5
2022,181168483,5
2022,181267989,5
2022,181267991,4
2022,181267992,5
2022,181268016,4
2022,181268018,4
2022,181268019,4
2022,181268028,5
2022,181268029,4
2022,161625923,5
2022,185374503,6
2022,185374504,6
2022,185374505,5
2022,185374506,5
2022,185374507,5
2022,185374508,6
2022,177617364,5
2022,183403436,5
2022,175121036,4
2022,175042758,5
2022,175042759,5
2022,175042760,5
2022,183051689,5
2022,176376337,5
2022,176376338,5
2022,177740159,4
2022,175023229,5
2022,161712154,4
2022,161880328,4
2022,162420220,4
2022,174896663,4
2022,175893505,5
2022,175117593,4
2022,175055714,5
2022,176109869,4
2022,176109870,4
2022,175491016,4
2022,174975501,4
2022,174975503,4
2022,175042766,5
2022,175117605,5
2022,163769100,8
2022,174762439,4
2022,164738677,4
2022,165948584,4
2022,175042767,4
2022,175042772,5
2022,175893509,4
2022,175893510,5
2022,183051694,4
2022,183051695,5
2022,183051696,5
2022,176376341,4
2022,175042775,5
2022,175087380,5
2022,183403638,3
2022,176376342,4
2022,176376343,4
2022,175090827,4
2022,175042780,5
2022,176669030,4
2022,175042781,4
2022,175631226,4
2022,175090828,5
2022,175491028,4
2022,178104677,4
2022,179969150,5
2022,175631228,4
2022,175090831,5
2022,175090832,5
2022,175893515,4
2022,175117629,5
2022,175896463,4
2022,175893517,5
2022,179978576,4
2022,176197102,5
2022,177740160,5
2022,176026785,4
2022,177312294,5
2022,175708247,5
2022,175708248,5
2022,182864268,2
2022,182864269,4
2022,175628755,5
2022,182864270,5
2022,176376351,4
2022,175708253,5
2022,175845219,4
2022,182986523,5
2022,182986524,5
2022,182986525,8
2022,176078908,4
2022,176026786,5
2022,176197109,4
2022,175708255,4
2022,176197110,4
2022,175845225,5
2022,175845229,4
2022,175845230,5
2022,179978582,4
2022,176078911,4
2022,176363996,5
2022,179978584,4
2022,176363997,5
2022,176376356,4
2022,176197119,5
2022,176354064,3
2022,176376357,4
2022,176337118,4
2022,179978586,2
2022,179978587,5
2022,182820541,5
2022,182820542,5
2022,182820543,5
2022,182820544,5
2022,182820545,5
2022,182820546,5
2022,182820547,5
2022,182820548,5
2022,182451789,4
2022,176087334,4
2022,179978590,4
2022,176354071,4
2022,186346545,4
2022,186346546,5
2022,176078916,4
2022,176087337,5
2022,177307130,5
2022,182986527,5
2022,176354075,5
2022,176376365,4
2022,176228264,4
2022,177481499,5
2022,177481500,4
2022,188043055,5
2022,188043056,5
2022,188043057,5
2022,188043058,5
2022,176376367,5
2022,182986528,4
2022,187677414,4
2022,176379645,4
2022,177307134,6
2022,177307135,3
2022,177740161,4
2022,177307137,4
2022,179978594,4
2022,179978595,4
2022,176395122,5
2022,167253791,4
2022,177312199,4
2022,177312205,4
2022,177312206,4
2022,179969151,4
2022,177312209,4
2022,177312212,4
2022,177312226,5
2022,179969152,5
2022,177488184,5
2022,177488185,5
2022,177488191,5
2022,177488201,4
2022,176395123,5
2022,177740162,5
2022,169564205,4
2022,177502436,4
2022,177502439,4
2022,177502441,4
2022,177312232,5
2022,177448121,4
2022,176395127,5
2022,177448126,5
2022,177448131,5
2022,177448136,5
2022,177448149,4
2022,181268031,5
2022,177450936,4
2022,177450940,5
2022,177481278,5
2022,177481293,2
2022,177481298,5
2022,177481305,4
2022,177481306,5
2022,177488215,4
2022,177488217,5
2022,177488218,4
2022,175628745,4
2022,176395128,4
2022,187774467,5
2022,175908389,4
2022,177502477,4
2022,177505579,5
2022,177732372,4
2022,177505596,4
2022,185741250,4
2022,177617372,4
2022,179969163,5
2022,179969164,4
2022,179969169,4
2022,176395130,4
2022,180782349,4
2022,177977186,5
2022,177977187,4
2022,168575413,4
2022,176395139,4
2022,179978600,3
2022,177312302,5
2022,180979501,2
2022,177312303,5
2022,179978603,4
2022,176669078,5
2022,182864278,5
2022,168575415,4
2022,168655051,4
2022,187677415,4
2022,176713869,4
2022,177931403,4
2022,182986530,4
2022,178104683,5
2022,168881794,4
2022,168655061,5
2022,168881796,4
2022,168881799,5
2022,186346553,2
2022,179978606,2
2022,179978607,2
2022,177740166,4
2022,177740167,4
2022,168881802,4
2022,169052241,5
2022,169052244,7
2022,169052247,4
2022,169120471,4
2022,169338687,4
2022,182837222,4
2022,185588977,5
2022,177813712,4
2022,179978609,4
2022,177481516,5
2022,179978611,4
2022,176672054,5
2022,179978613,4
2022,177488303,4
2022,177488304,2
2022,177481519,4
2022,179978616,4
2022,182864282,2
2022,182864283,2
2022,177813714,4
2022,187677417,4
2022,177451091,5
2022,169379623,5
2022,187677418,4
2022,169379625,5
2022,177931408,5
2022,172999132,4
2022,177481525,4
2022,177481526,4
2022,179978617,2
2022,177481531,4
2022,186698379,2
2022,172999133,5
2022,172999134,4
2022,172999142,5
2022,176923519,5
2022,178104687,4
2022,177741992,5
2022,179978619,4
2022,173015174,4
2022,177505641,4
2022,173015178,5
2022,173018619,5
2022,177481536,4
2022,177481537,5
2022,177307146,5
2022,177307148,5
2022,177481538,5
2022,177481539,5
2022,173040438,4
2022,173040441,5
2022,179978620,4
2022,173051580,5
2022,177537158,4
2022,173051582,5
2022,177535489,5
2022,175945539,5
2022,177502523,5
2022,182820549,5
2022,177803284,4
2022,179978626,5
2022,177502524,4
2022,178104690,4
2022,178104690,8
2022,177813715,4
2022,179978628,4
2022,185588979,5
2022,186698381,4
2022,177803294,4
2022,177803301,5
2022,186346556,4
2022,183403740,4
2022,177931413,5
2022,177931414,4
2022,179978632,4
2022,178104694,4
2022,177813717,4
2022,182864289,5
2022,177813720,5
2022,177803305,4
2022,175945542,5
2022,175945558,4
2022,175945565,5
2022,175945566,5
2022,175946778,4
2022,175946779,4
2022,176432895,4
2022,183403875,5
2022,177813721,4
2022,179978640,3
2022,177848609,4
2022,179978649,5
2022,179978650,5
2022,179978651,5
2022,182820553,4
2022,178138780,5
2022,179978652,4
2022,178104703,4
2022,177850944,5
2022,179978654,5
2022,177931419,4
2022,177931422,5
2022,179978658,4
2022,185615945,5
2022,185615946,5
2022,178058393,5
2022,179978664,4
2022,179978669,5
2022,179978671,4
2022,187156702,4
2022,178237038,4
2022,179978685,5
2022,179978686,5
2022,179978687,5
2022,179978688,5
2022,182986531,5
2022,179978702,4
2022,179978703,5
2022,179978705,5
2022,179978708,5
2022,176432896,4
2022,182828684,4
2022,182828685,4
2022,179978713,4
2022,179978715,5
2022,179978716,5
2022,182828686,4
2022,184794330,5
2022,176434629,5
2022,179978719,5
2022,179978722,4
2022,179978731,4
2022,179978733,5
2022,179978734,5
2022,179978736,4
2022,179978737,5
2022,179978739,5
2022,179978743,4
2022,179978744,4
2022,179978749,4
2022,188043061,4
2022,180798945,4
2022,179978754,4
2022,182828692,5
2022,179978764,5
2022,187677420,4
2022,185104813,5
2022,179978776,5
2022,179978777,5
2022,179978778,5
2022,179978779,5
2022,182828694,5
2022,179978783,4
2022,179978788,5
2022,179978789,4
2022,182828695,5
2022,182828696,5
2022,177530811,5
2022,179978793,4
2022,179978794,5
2022,179978797,4
2022,179978798,4
2022,179969695,4
2022,179978803,4
2022,179978806,5
2022,179978809,4
2022,179969696,4
2022,180386942,5
2022,179978833,5
2022,179978834,4
2022,179978835,5
2022,179978836,4
2022,179978837,5
2022,179978838,4
2022,179978857,4
2022,182828708,4
2022,182828709,5
2022,179978863,5
2022,179978864,5
2022,179978865,5
2022,179978866,5
2022,180798952,5
2022,180798953,4
2022,179978876,4
2022,179978882,4
2022,179978883,5
2022,185104814,5
2022,179978890,5
2022,181811105,4
2022,179978905,5
2022,179978906,5
2022,179978907,5
2022,179978909,5
2022,179978913,5
2022,179978917,5
2022,179978918,5
2022,179978922,4
2022,179978924,5
2022,179978925,5
2022,179978926,4
2022,184669960,4
2022,179978928,5
2022,179978931,5
2022,179978932,5
2022,179978934,4
2022,179978935,4
2022,179978936,5
2022,179978937,5
2022,179978938,4
2022,179978939,4
2022,179978940,4
2022,179978941,5
2022,179978943,4
2022,180386943,5
2022,180386945,4
2022,182828716,8
2022,182828717,8
2022,180386946,4
2022,180386947,5
2022,182594674,8
2022,182594677,4
2022,182594685,4
2022,182837237,5
2022,182837267,4
2022,182837268,5
2022,182828718,5
2022,182828719,5
2022,179978945,4
2022,184819010,5
2022,184819011,5
2022,184819012,5
2022,166636082,5
2022,166636083,5
2022,167442908,4
2022,169343810,4
2022,169343816,5
2022,183404257,6
2022,179978948,3
2022,179978948,4
2022,179978950,5
2022,169343817,4
2022,169343818,5
2022,169631669,5
2022,182828721,5
2022,170273274,4
2022,182828722,4
2022,179978955,4
2022,179978956,4
2022,179978961,4
2022,179978962,8
2022,182828724,5
2022,179978977,4
2022,179978981,5
2022,179978983,5
2022,186346566,4
2022,179978986,4
2022,179978993,4
2022,179978995,4
2022,179979000,5
2022,180979508,4
2022,179979008,4
2022,180979512,4
2022,180979513,4
2022,179979017,5
2022,180979517,4
2022,179979023,4
2022,180979519,5
2022,180979520,5
2022,179979027,4
2022,179979028,5
2022,186698384,4
2022,186698385,4
2022,180979524,4
2022,179979040,5
2022,180979526,4
2022,182828748,5
2022,182828749,5
2022,182828750,5
2022,179979055,4
2022,180798975,4
2022,173187873,5
2022,173187875,5
2022,174177979,5
2022,174925849,4
2022,174927090,5
2022,176376280,4
2022,178089406,4
2022,178148122,4
2022,178148123,5
2022,178148127,5
2022,163125721,4
2022,188043062,5
2022,188043063,5
2022,181168530,4
2022,179979072,4
2022,179979073,5
2022,179979074,5
2022,180979533,4
2022,180798988,4
2022,180798991,5
2022,169564207,4
2022,180798992,4
2022,169578372,4
2022,169592047,4
2022,175490892,4
2022,179979083,5
2022,181018047,4
2022,179979085,4
2022,181168532,5
2022,181168533,5
2022,182820556,5
2022,179979089,5
2022,184669964,5
2022,184669965,5
2022,180799008,5
2022,180799012,4
2022,181168534,5
2022,188845898,4
2022,180799022,5
2022,180799026,5
2022,180799031,5
2022,180799034,4
2022,180799035,4
2022,181811131,5
2022,180799037,5
2022,181811135,5
2022,186144105,5
2022,182820558,5
2022,181811140,5
2022,181168543,5
2022,181811142,5
2022,180979553,5
2022,181168545,4
2022,181811151,5
2022,185245473,5
2022,181168548,4
2022,181811153,5
2022,182781102,2
2022,183404347,5
2022,181811156,5
2022,187156707,4
2022,185104815,4
2022,182781103,5
2022,182781104,5
2022,187677427,4
2022,181168558,5
2022,181168559,4
2022,181168561,5
2022,181168563,4
2022,181168566,4
2022,181168568,5
2022,181168569,5
2022,182820563,4
2022,182820564,5
2022,185374513,5
2022,181168586,5
2022,182820565,2
2022,182451863,4
2022,172700021,5
2022,182820633,4
2022,172700022,5
2022,172700033,4
2022,172700038,4
2022,172700040,4
2022,172700046,4
2022,172700051,5
2022,172700059,4
2022,172700061,5
2022,172700067,5
2022,172700068,5
2022,173684802,4
2022,173704165,4
2022,174639402,4
2022,175844906,4
2022,187156754,4
2022,187677469,4
2022,163118947,5
2022,163118951,5
2022,163241102,4
2022,163241103,5
2022,163118954,5
2022,163118957,5
2022,163254415,5
2022,163254417,5
2022,163254420,5
2022,163273694,4
2022,163118959,5
2022,163118960,4
2022,163364008,4
2022,163364009,4
2022,163927303,4
2022,164578256,4
2022,163947085,4
2022,164578258,1
2022,164596305,5
2022,163118962,5
2022,164696876,5
2022,163118963,4
2022,164738686,4
2022,164738687,4
2022,163253200,5
2022,163769165,4
2022,163769167,5
2022,163769168,5
2022,163769170,4
2022,163769171,4
2022,163769174,3
2022,163769175,4
2022,163769177,5
2022,164202900,4
2022,164519218,4
2022,164578271,4
2022,164578278,5
2022,164596315,5
2022,164599767,5
2022,164631547,4
2022,164631553,5
2022,164738696,4
2022,164738698,4
2022,164738702,5
2022,164899450,4
2022,176078602,4
2022,177535419,4
2022,165040883,4
2022,165040887,4
2022,165093445,4
2022,165207920,5
2022,165207922,8
2022,165258285,5
2022,165657220,4
2022,179971430,4
2022,179971437,4
2022,179971438,5
2022,182451654,4
2022,165691631,4
2022,165691637,4
2022,165757929,4
2022,165757930,5
2022,182657619,4
2022,177448158,4
2022,165818941,4
2022,177450953,4
2022,177450954,4
2022,177450958,5
2022,177450973,4
2022,177450977,4
2022,177450981,5
2022,177481319,4
2022,177481321,5
2022,177481332,4
2022,177481333,4
2022,177481335,4
2022,177481341,4
2022,177481343,4
2022,177481359,4
2022,177481362,5
2022,177481363,4
2022,177481375,4
2022,177481378,4
2022,177488244,4
2022,177488245,4
2022,177488246,4
2022,177488247,4
2022,177488266,5
2022,176337053,5
2022,176337057,4
2022,177312242,4
2022,177505601,4
2022,177713321,4
2022,177713326,4
2022,177723771,4
2022,177723782,4
2022,178138666,5
2022,178138667,5
2022,178138670,5
2022,179973229,4
2022,179973232,4
2022,179973233,5
2022,179973235,5
2022,179973246,4
2022,179973247,5
2022,179973258,4
2022,179973260,4
2022,179973262,4
2022,180399523,4
2022,180402865,5
2022,182267913,5
2022,166029854,4
2022,166029857,4
2022,166960877,4
2022,166974056,5
2022,182333343,4
2022,166974061,2
2022,166992638,4
2022,166997654,4
2022,167098055,4
2022,167130315,4
2022,167131966,4
2022,167131967,4
2022,167131968,4
2022,167131969,4
2022,167131974,5
2022,167137299,5
2022,182427186,5
2022,167194579,5
2022,167194582,4
2022,167194583,4
2022,167198429,4
2022,167253879,4
2022,167253880,4
2022,182464985,5
2022,167253883,4
2022,167329682,4
2022,167329685,5
2022,167329687,4
2022,168320225,5
2022,168320231,5
2022,168320233,4
2022,168320234,4
2022,168320240,4
2022,168320248,4
2022,168320252,4
2022,168320262,4
2022,168320274,4
2022,168320275,4
2022,168320276,4
2022,168320280,4
2022,168320288,5
2022,168320296,5
2022,168320298,5
2022,168320300,4
2022,168320301,4
2022,168320302,4
2022,168715761,2
2022,168824835,5
2022,168824841,4
2022,169338614,4
2022,169379655,5
2022,182464987,4
2022,169379658,5
2022,182580888,4
2022,169405328,4
2022,169405329,5
2022,169405332,4
2022,169564270,4
2022,169588751,5
2022,169588754,5
2022,169625951,4
2022,169625953,4
2022,169625977,4
2022,169625981,4
2022,169625986,5
2022,169625987,4
2022,169625993,5
2022,169625997,4
2022,169625998,4
2022,169625999,5
2022,169626000,4
2022,169626002,4
2022,169626008,5
2022,169639588,4
2022,169639589,5
2022,169742760,4
2022,169742761,4
2022,161845226,4
2022,169742762,4
2022,169742764,5
2022,161845227,5
2022,169778349,5
2022,169817571,5
2022,162857628,4
2022,162851518,5
2022,169817574,5
2022,163363940,4
2022,164823083,5
2022,167281751,5
2022,167282388,4
2022,169837880,4
2022,169837881,4
2022,167282389,5
2022,167226831,4
2022,168328392,5
2022,169756181,5
2022,170023494,5
2022,170036032,4
2022,170036035,4
2022,170062746,4
2022,170154566,5
2022,171163517,4
2022,170298486,5
2022,170298498,5
2022,170298501,4
2022,170298503,4
2022,170500119,4
2022,170500120,4
2022,170840198,4
2022,170816666,4
2022,170816667,4
2022,170875803,4
2022,170875804,5
2022,170875806,4
2022,172549794,4
2022,171785571,5
2022,171785573,4
2022,171805421,2
2022,172549796,3
2022,172700823,5
2022,172700824,5
2022,172700833,4
2022,172700836,5
2022,172877337,4
2022,172877338,4
2022,172880638,4
2022,172880643,4
2022,172880644,4
2022,172880645,5
2022,172880646,2
2022,172999246,5
2022,172999250,3
2022,172999254,5
2022,172999263,4
2022,172999264,4
2022,173015283,4
2022,173015289,5
2022,173015291,4
2022,173015292,5
2022,173168804,4
2022,173168806,4
2022,173172355,4
2022,173172356,4
2022,173172361,4
2022,173637628,4
2022,173637632,5
2022,173640008,4
2022,174175255,4
2022,174314766,4
2022,174551993,5
2022,171163520,5
2022,171163521,4
2022,171510491,4
2022,173188244,4
2022,173188245,4
2022,173188246,2
2022,173188249,5
2022,173188250,4
2022,174859450,4
2022,174551994,5
2022,174859453,5
2022,174557505,4
2022,174859455,4
2022,174557506,5
2022,179973582,5
2022,178253163,4
2022,174939506,4
2022,174975511,4
2022,174975515,3
2022,175042797,5
2022,175042809,4
2022,175042811,4
2022,175042813,5
2022,175087391,5
2022,175121040,4
2022,175121052,8
2022,175121062,4
2022,175436689,5
2022,175478256,5
2022,175478259,4
2022,175787185,5
2022,175787187,5
2022,175787194,4
2022,175787197,4
2022,175893538,5
2022,175893544,5
2022,175896471,4
2022,175896472,5
2022,175896474,5
2022,175908444,5
2022,175908445,4
2022,176026803,5
2022,176026807,4
2022,176026810,4
2022,176026835,4
2022,176026840,4
2022,176026847,2
2022,176065654,5
2022,176065655,4
2022,176065665,5
2022,176337130,5
2022,176337131,4
2022,176337135,4
2022,176337136,8
2022,176337139,5
2022,176337140,5
2022,176337142,4
2022,176340627,5
2022,176340644,4
2022,176354079,8
2022,176354083,5
2022,176390812,4
2022,176390815,4
2022,176669112,5
2022,176669116,4
2022,176669117,4
2022,176669120,4
2022,177537162,5
2022,177537166,5
2022,177537169,4
2022,177537170,4
2022,177617377,4
2022,177617378,2
2022,177617382,4
2022,177617383,4
2022,179959041,5
2022,177977197,5
2022,179959057,4
2022,179959058,5
2022,179959060,6
2022,179959061,5
2022,179959062,5
2022,179959066,5
2022,179959070,5
2022,179959071,5
2022,179959077,4
2022,179959078,4
2022,179959079,4
2022,179959090,4
2022,179959096,4
2022,179959104,5
2022,179959105,4
2022,179959107,8
2022,179959108,4
2022,179959115,5
2022,179959116,5
2022,179959127,4
2022,179959132,8
2022,179959133,4
2022,179959154,5
2022,179959161,4
2022,179959163,4
2022,179959164,5
2022,179959168,5
2022,179959179,5
2022,179959183,4
2022,179959185,4
2022,179959190,4
2022,179959191,3
2022,179959193,4
2022,179959195,4
2022,179959198,4
2022,179959202,4
2022,179959208,5
2022,179959209,5
2022,179959216,2
2022,180253941,4
2022,180403189,2
2022,180799044,5
2022,180868330,4
2022,181069538,5
2022,181069543,5
2022,179973596,4
2022,182046360,5
2022,161417320,4
2022,182046361,5
2022,182046362,5
2022,182059796,4
2022,182059797,4
2022,182059798,5
2022,165850212,5
2022,161417321,4
2022,161417499,4
2022,161867347,4
2022,162251924,4
2022,162587640,4
2022,162485672,4
2022,162847685,4
2022,162826941,4
2022,167198377,4
2022,167329647,4
2022,171103781,4
2022,176026709,4
2022,162861471,4
2022,162972778,4
2022,162997626,4
2022,163001590,4
2022,163232042,4
2022,163232044,4
2022,163254429,2
2022,179959397,6
2022,179959409,4
2022,179959438,4
2022,179959439,4
2022,179959441,4
2022,179959444,4
2022,179959445,4
2022,179959448,5
2022,179959451,5
2022,179959453,4
2022,179959458,4
2022,180800505,4
2022,162953384,4
2022,162953389,5
2022,164084249,4
2022,180809343,5
2022,180848844,4
2022,180823502,4
2022,180988558,5
2022,181010427,4
2022,181092135,4
2022,164035576,4
2022,164026267,5
2022,165274222,4
2022,164002445,4
2022,164010548,4
2022,164026268,5
2022,164026279,4
2022,164102782,4
2022,164102783,4
2022,164102784,5
2022,164102785,4
2022,164742475,4
2022,164742476,4
2022,164921434,5
2022,164066652,3
2022,164921435,5
2022,164921436,5
2022,164921437,4
2022,164921438,4
2022,165325214,5
2022,164067139,4
2022,164578295,4
2022,164677431,4
2022,165325215,5
2022,165773552,5
2022,164815817,4
2022,164815819,4
2022,167436085,4
2022,165040888,4
2022,165248947,4
2022,165274227,4
2022,167190886,4
2022,165691641,4
2022,165773567,5
2022,165773568,5
2022,165773569,5
2022,165773570,5
2022,165804011,4
2022,168320364,4
2022,166572521,4
2022,165773571,5
2022,166572469,5
2022,166072545,2
2022,166241169,5
2022,166602683,4
2022,168328619,5
2022,168328650,4
2022,168328655,5
2022,168328663,4
2022,169569540,5
2022,168328672,5
2022,168328673,5
2022,168560765,5
2022,168560766,4
2022,169569547,4
2022,168560769,4
2022,168882029,4
2022,169120732,4
2022,167086675,4
2022,167086679,4
2022,169714171,4
2022,172786116,4
2022,167119757,4
2022,167137309,2
2022,173524552,2
2022,168320366,4
2022,167156074,4
2022,167156075,4
2022,167161633,4
2022,167226836,4
2022,172786122,5
2022,167226837,4
2022,169797011,4
2022,167329693,4
2022,167329695,5
2022,167423612,5
2022,168320376,4
2022,168320381,4
2022,168320383,5
2022,168320387,6
2022,168320388,6
2022,168320400,4
2022,168320403,4
2022,168320404,4
2022,168320428,4
2022,168320435,4
2022,168320436,4
2022,168320439,4
2022,168388266,4
2022,172786130,5
2022,168475575,4
2022,168666543,4
2022,168735553,4
2022,168744131,7
2022,168881562,5
2022,169367679,4
2022,169367680,4
2022,169405334,4
2022,169410453,4
2022,169588757,3
2022,169588758,2
2022,169660481,5
2022,174896553,5
2022,169912056,4
2022,169757249,4
2022,169757252,4
2022,172700086,4
2022,169912058,4
2022,169947077,4
2022,169951303,4
2022,169951304,2
2022,170046559,4
2022,170500121,4
2022,170799754,4
2022,172765995,4
2022,172786178,4
2022,172877207,4
2022,174849131,5
2022,173460283,4
2022,170874154,4
2022,171224849,7
2022,171224851,4
2022,173015294,4
2022,171224856,4
2022,173015296,5
2022,171305054,4
2022,171340653,4
2022,171511598,4
2022,171511599,4
2022,171511600,4
2022,171708917,4
2022,171708921,4
2022,171708928,4
2022,171978544,4
2022,171978551,4
2022,171978553,4
2022,171978555,4
2022,172046036,4
2022,173667151,4
2022,172681265,4
2022,172700842,4
2022,181097746,5
2022,172877346,4
2022,172877354,4
2022,172999279,4
2022,173524553,2
2022,173307674,4
2022,173375886,5
2022,174488607,4
2022,173524561,4
2022,174857263,4
2022,174314771,4
2022,174548850,4
2022,174471554,5
2022,174471558,4
2022,174639425,4
2022,174639426,5
2022,174661350,4
2022,174663021,4
2022,174975527,5
2022,174928395,4
2022,174928400,4
2022,174939509,4
2022,175042814,4
2022,175042815,4
2022,175042816,4
2022,175042817,4
2022,174857264,4
2022,174857268,4
2022,175055716,4
2022,175085165,4
2022,175090833,4
2022,175090834,5
2022,175787202,5
2022,175478282,4
2022,175628757,4
2022,175708257,5
2022,175708261,5
2022,175708263,4
2022,175708269,4
2022,176197138,4
2022,176225045,4
2022,176225046,4
2022,176337149,4
2022,175911257,4
2022,175911258,5
2022,176686287,5
2022,176196976,4
2022,176671997,4
2022,176713753,6
2022,176671998,4
2022,176713755,5
2022,177535425,4
2022,179973888,4
2022,179973907,5
2022,179973917,5
2022,179973972,4
2022,179973974,5
2022,179973976,4
2022,179974017,4
2022,179974018,4
2022,179974034,4
2022,179974050,4
2022,179974055,5
2022,179974075,4
2022,179974082,5
2022,184063977,4
2022,176390827,4
2022,177481544,4
2022,176523342,4
2022,177481545,4
2022,176523344,4
2022,180800461,5
2022,180800463,5
2022,176686358,4
2022,177481546,5
2022,184020157,5
2022,184020185,5
2022,184130560,4
2022,184130563,4
2022,184142166,5
2022,184142167,5
2022,184142168,5
2022,184142179,5
2022,177977206,5
2022,178197228,4
2022,178394102,4
2022,179959493,5
2022,179959498,4
2022,179959504,3
2022,179959514,4
2022,182138908,4
2022,176287256,5
2022,176287258,5
2022,176287259,5
2022,176337152,5
2022,176337158,5
2022,176337160,5
2022,182634729,4
2022,176340654,5
2022,176340659,4
2022,182634731,4
2022,182634732,4
2022,182634733,5
2022,179960814,1
2022,184631453,5
2022,179960827,5
2022,182662437,5
2022,182662439,4
2022,162033726,4
2022,167167620,4
2022,167207746,5
2022,184631454,5
2022,184631455,5
2022,167445616,4
2022,167445617,4
2022,168322427,5
2022,168322432,5
2022,172014714,5
2022,172014715,5
2022,172014718,5
2022,175042826,4
2022,175042827,4
2022,175042828,5
2022,184631456,5
2022,184631457,5
2022,168440275,4
2022,185064071,5
2022,168440277,4
2022,168440281,4
2022,168440285,4
2022,168440288,4
2022,168440289,6
2022,168440292,6
2022,168440320,4
2022,185064072,4
2022,168440328,5
2022,168440339,6
2022,168440340,6
2022,168715973,5
2022,168715974,4
2022,168715975,6
2022,168715976,4
2022,169837771,5
2022,180731633,5
2022,181716561,5
2022,181716563,5
2022,179961169,5
2022,179961172,5
2022,180387737,4
2022,180387739,4
2022,180387753,4
2022,170007958,6
2022,180779928,5
2022,180782652,5
2022,180868335,2
2022,180868350,4
2022,175896476,4
2022,175896477,4
2022,175896479,4
2022,175896483,4
2022,175896488,4
2022,175896492,4
2022,175896493,5
2022,175896495,4
2022,175896498,5
2022,175896501,4
2022,175896508,4
2022,175896510,4
2022,175896512,4
2022,175896513,4
2022,175896516,4
2022,175896519,4
2022,175896521,4
2022,175896522,4
2022,175896523,5
2022,175896524,4
2022,175896526,5
2022,175896527,4
2022,175896528,4
2022,175896529,4
2022,175896530,5
2022,175896533,4
2022,175896534,5
2022,175896537,5
2022,175896540,4
2022,175896545,5
2022,175896549,5
2022,175896555,5
2022,175896556,4
2022,176087346,4
2022,176087355,3
2022,176087356,5
2022,176087372,5
2022,176087403,5
2022,176087406,4
2022,176087409,5
2022,176087413,5
2022,176087426,4
2022,176087432,4
2022,176087435,4
2022,176087438,4
2022,176087441,4
2022,176087450,4
2022,176087452,5
2022,176087459,4
2022,176087462,4
2022,176087465,4
2022,176202875,5
2022,176202882,5
2022,176202886,5
2022,176202889,4
2022,176202894,5
2022,176202897,4
2022,176202898,4
2022,176202903,4
2022,176202904,5
2022,179962210,4
2022,176202912,1
2022,176202914,4
2022,176202926,4
2022,176202928,5
2022,176202933,4
2022,176202937,4
2022,176202940,5
2022,176202941,5
2022,176202942,4
2022,176202947,5
2022,176202949,4
2022,176202962,4
2022,176202963,4
2022,176225047,4
2022,176225048,5
2022,176225050,1
2022,176225051,4
2022,176225052,5
2022,176228270,4
2022,176228271,4
2022,176228273,5
2022,176228288,4
2022,176228291,5
2022,176228293,5
2022,176228302,5
2022,176228304,5
2022,176228305,5
2022,176228317,4
2022,176228318,4
2022,176228326,4
2022,176228330,5
2022,176228331,4
2022,176228337,4
2022,176228343,5
2022,176228344,4
2022,176228348,4
2022,176228349,4
2022,176228352,4
2022,176228360,4
2022,176228365,4
2022,176228366,5
2022,176228367,4
2022,176228368,4
2022,176228369,5
2022,176228371,4
2022,176228372,3
2022,176228374,4
2022,176228375,4
2022,176228379,4
2022,176228382,5
2022,177672747,4
2022,177672748,5
2022,177672750,5
2022,178138785,4
2022,182864295,3
2022,178138786,5
2022,178138787,4
2022,182864296,4
2022,178138788,5
2022,184722050,4
2022,184790448,4
2022,182864300,6
2022,182864303,6
2022,184790449,4
2022,177672760,4
2022,182864306,4
2022,177672761,5
2022,178138793,4
2022,178138795,4
2022,178138796,4
2022,177672763,4
2022,178138797,5
2022,184790450,4
2022,169975781,4
2022,184722053,6
2022,182864315,5
2022,184790457,1
2022,184790458,6
2022,177672776,5
2022,177672779,4
2022,178138799,5
2022,184790460,4
2022,178138801,5
2022,178138803,4
2022,178138804,4
2022,178138805,5
2022,178138806,4
2022,178138807,5
2022,178138808,5
2022,184790463,4
2022,178138810,5
2022,179962217,4
2022,179962218,4
2022,179962219,4
2022,179962220,5
2022,179962222,4
2022,184722055,4
2022,178138811,4
2022,182864353,3
2022,178138812,4
2022,178138813,4
2022,182864359,4
2022,184790466,6
2022,178138815,5
2022,178138816,4
2022,178138817,5
2022,182864360,4
2022,182864361,5
2022,182864362,5
2022,182864363,5
2022,179962223,5
2022,182864366,6
2022,180931754,6
2022,184722059,5
2022,184722060,4
2022,178138818,4
2022,178138819,4
2022,184790469,4
2022,177672830,5
2022,184790473,4
2022,184790474,4
2022,184790475,8
2022,178138820,4
2022,178138821,4
2022,184790477,5
2022,178138822,5
2022,179962224,4
2022,179962225,5
2022,179962226,4
2022,184790481,5
2022,184790483,4
2022,178138824,4
2022,179962227,4
2022,179962228,4
2022,179962229,5
2022,178138825,4
2022,184790484,4
2022,178138826,4
2022,177672863,5
2022,178138827,4
2022,178138828,4
2022,184790486,4
2022,178138830,5
2022,178138831,4
2022,184790489,5
2022,184790490,4
2022,184790491,4
2022,169975782,4
2022,171449324,4
2022,184790492,5
2022,177672875,4
2022,177672878,4
2022,177672879,4
2022,184790498,4
2022,177672883,5
2022,178138843,5
2022,177672885,5
2022,177672888,5
2022,177672889,4
2022,177672892,4
2022,184790499,4
2022,185064077,4
2022,185064078,5
2022,185064079,4
2022,185064080,4
2022,185064081,4
2022,185126050,4
2022,185313208,5
2022,171449327,4
2022,173637514,4
2022,185126053,4
2022,173637517,4
2022,173637536,4
2022,185064083,5
2022,175090762,5
2022,175090763,4
2022,176659159,8
2022,176659163,4
2022,176659164,4
2022,178236959,8
2022,178236977,4
2022,178236979,8
2022,179975117,3
2022,179975120,8
2022,179975122,4
2022,179975123,4
2022,179975142,4
2022,181268039,4
2022,181268045,4
2022,181268047,4
2022,181268052,5
2022,168329585,5
2022,185576202,4
2022,185576203,4
2022,185576204,4
2022,185064085,5
2022,185313209,4
2022,185313210,4
2022,185313211,4
2022,185576206,4
2022,185576208,5
2022,185064086,5
2022,185576209,5
2022,185576211,8
2022,185576212,4
2022,185576213,5
2022,185576215,4
2022,185313212,4
2022,185576224,5
2022,185576225,4
2022,185576228,4
2022,185126059,5
2022,185576234,8
2022,168329594,4
2022,168329601,5
2022,168329605,4
2022,168329616,5
2022,179975146,5
2022,168329628,5
2022,168329632,5
2022,168329636,4
2022,168329641,4
2022,168329655,4
2022,168329657,4
2022,168329660,4
2022,169341387,5
2022,168882058,4
2022,185313213,5
2022,185576235,5
2022,185576236,4
2022,185576239,4
2022,185064091,5
2022,185064092,4
2022,185064093,5
2022,185313214,4
2022,185576241,4
2022,185576243,4
2022,185576244,4
2022,185576245,5
2022,185064094,5
2022,185576250,4
2022,185576252,5
2022,185126061,5
2022,185576254,5
2022,185576256,5
2022,185576257,5
2022,185576258,4
2022,185313215,4
2022,185576260,5
2022,185126063,4
2022,185576262,5
2022,185576264,5
2022,185576266,5
2022,185313216,4
2022,185126070,4
2022,185576268,4
2022,185576271,4
2022,168882062,4
2022,168882063,5
2022,168882064,4
2022,169379631,5
2022,169902438,4
2022,185064095,5
2022,185064096,5
2022,185064097,5
2022,185126075,5
2022,185064098,5
2022,185576272,4
2022,185126077,5
2022,185576273,4
2022,185576275,4
2022,185681318,4
2022,185064101,5
2022,185064102,5
2022,185064103,5
2022,185064104,5
2022,185576277,5
2022,185576278,4
2022,185576280,5
2022,185126079,4
2022,185576282,4
2022,185576284,5
2022,185064109,4
2022,185576286,5
2022,185126084,4
2022,185064110,4
2022,185681320,4
2022,185313218,4
2022,185313220,4
2022,185313221,4
2022,185126085,4
2022,185681321,5
2022,185313222,5
2022,185313223,5
2022,185126088,4
2022,185064112,4
2022,185313224,4
2022,185681322,4
2022,185313225,4
2022,185313226,4
2022,169902439,5
2022,169902442,5
2022,169902443,4
2022,169902444,5
2022,169902447,5
2022,185686829,4
2022,185064117,4
2022,185064121,4
2022,185064123,4
2022,185681323,4
2022,185313227,5
2022,185313229,4
2022,185313230,4
2022,185681324,4
2022,185313231,5
2022,185064127,4
2022,185576288,5
2022,185313232,4
2022,186698501,5
2022,169914559,5
2022,187145056,5
2022,169914560,4
2022,169960460,4
2022,186698503,4
2022,186698505,4
2022,186698507,5
2022,186698508,4
2022,186698511,4
2022,169960467,4
2022,186888871,5
2022,169960474,4
2022,169960475,5
2022,170046652,4
2022,186888873,5
2022,186888874,5
2022,186454731,5
2022,186888875,4
2022,186888877,5
2022,186888879,4
2022,170510209,4
2022,170510214,4
2022,170510217,5
2022,170816617,4
2022,171109586,4
2022,186888881,5
2022,186888883,5
2022,171304872,5
2022,171449345,5
2022,171734281,4
2022,171734286,4
2022,171734288,4
2022,171734291,4
2022,171830672,4
2022,172045800,4
2022,172045803,4
2022,172045804,4
2022,175022969,4
2022,172695821,4
2022,172695822,4
2022,172695823,4
2022,172695824,4
2022,172695825,4
2022,172695827,4
2022,173168689,4
2022,173301570,5
2022,173301571,4
2022,173637538,4
2022,173375812,4
2022,173375814,4
2022,173439376,4
2022,173439382,4
2022,173637541,5
2022,173704166,5
2022,186888888,5
2022,186888894,4
2022,174038537,5
2022,186888895,4
2022,174312396,5
2022,174327677,4
2022,174540751,5
2022,174774898,4
2022,187145058,5
2022,174774899,4
2022,174896563,5
2022,186888897,5
2022,186888898,4
2022,186888899,4
2022,186888901,5
2022,186454738,5
2022,175490899,5
2022,175708161,5
2022,176078603,4
2022,176196986,5
2022,176337059,5
2022,176668998,5
2022,177448170,5
2022,177448174,5
2022,177535431,5
2022,177617331,5
2022,178394046,4
2022,178451998,5
2022,179975167,5
2022,179975171,5
2022,179975175,5
2022,179975191,5
2022,179975194,4
2022,180798893,5
2022,180913525,5
2022,180913527,4
2022,181092016,5
2022,181092017,5
2022,181092018,4
2022,163238712,4
2022,186977586,5
2022,186977587,5
2022,186888907,5
2022,186698519,5
2022,186888909,5
2022,186888911,5
2022,186888913,4
2022,186888917,5
2022,186888920,4
2022,165258169,5
2022,167411117,5
2022,165258178,5
2022,167329666,4
2022,171734313,5
2022,186977588,4
2022,186977589,5
2022,186888921,5
2022,186454740,4
2022,186888925,4
2022,186888927,5
2022,187145064,4
2022,186888928,5
2022,186888929,4
2022,186888933,4
2022,186888934,4
2022,186454744,5
2022,186977590,4
2022,186977591,4
2022,186888936,4
2022,186977592,4
2022,186888937,4
2022,186454749,5
2022,186888939,4
2022,186888941,4
2022,186888942,5
2022,186977593,5
2022,186888944,4
2022,186888945,5
2022,186888947,5
2022,186888948,4
2022,187145068,4
2022,186888950,4
2022,186888954,5
2022,186454756,5
2022,186454757,5
2022,187750160,4
2022,187628007,4
2022,187790593,8
2022,187628008,4
2022,187628011,5
2022,187628012,5
2022,187628014,4
2022,171734348,4
2022,173301589,5
2022,173301597,5
2022,174903841,4
2022,174903842,4
2022,176264443,5
2022,185564928,5
2022,179975214,5
2022,187790596,8
2022,187628015,5
2022,179975221,4
2022,179975222,5
2022,181092031,5
2022,175117157,4
2022,175117160,4
2022,175117163,3
2022,175117163,4
2022,175117171,5
2022,175117183,4
2022,175117188,5
2022,175117191,6
2022,176228246,5
2022,176106942,4
2022,178138708,4
2022,178138709,4
2022,179975235,4
2022,179975237,4
2022,165258195,5
2022,165264206,5
2022,165264208,4
2022,167110881,5
2022,168560787,3
2022,188603249,4
2022,187628016,5
2022,168560787,8
2022,171570341,4
2022,188603251,4
2022,171570350,5
2022,171570356,4
2022,171708844,4
2022,171708847,4
2022,171734359,4
2022,172877212,5
2022,173286545,4
2022,173286546,4
2022,176518945,5
2022,180823475,4
2022,180823488,4
2022,180823494,4
2022,180824252,4
2022,180824261,4
2022,180824268,4
2022,180824271,5
2022,172700572,5
2022,188603254,4
2022,187628019,5
2022,187628020,4
2022,187628021,4
2022,187628022,5
2022,172700579,4
2022,172700593,4
2022,172700608,4
2022,172700632,4
2022,172700635,4
2022,172700642,4
2022,172700645,4
2022,172700648,6
2022,172700649,4
2022,172700656,4
2022,172700658,4
2022,172700689,4
2022,172700701,5
2022,172700711,4
2022,172700717,4
2022,172700719,4
2022,172700735,4
2022,172700743,4
2022,172700757,4
2022,172700783,4
2022,187677523,4
2022,187628023,5
2022,187750161,4
2022,173286549,4
2022,187628024,5
2022,188603259,4
2022,187628025,5
2022,187628026,4
2022,187628027,5
2022,187628028,4
2022,188603263,4
2022,173286550,4
2022,187677524,4
2022,173555402,4
2022,187677525,5
2022,187677527,4
2022,187677528,4
2022,174458119,4
2022,174462477,6
2022,174774902,4
2022,174818131,4
2022,175436602,4
2022,175708164,3
2022,176109840,4
2022,176109841,4
2022,177448175,4
2022,188603267,5
2022,188603268,4
2022,187677529,4
2022,177803225,4
2022,182946520,4
2022,179975650,4
2022,177848489,4
2022,178074248,4
2022,179975678,4
2022,179975691,4
2022,180779859,4
2022,180798895,4
2022,180823495,5
2022,162326722,4
2022,164824588,4
2022,165338017,5
2022,188603271,4
2022,188603272,4
2022,188603273,4
2022,187677530,4
2022,187677531,5
2022,187790600,1
2022,188603275,5
2022,187677533,5
2022,187677534,4
2022,167253793,5
2022,187677535,4
2022,187677536,4
2022,187677537,5
2022,187677538,4
2022,169755596,5
2022,174175166,4
2022,174175167,4
2022,179975701,4
2022,172999146,4
2022,173051594,5
2022,173172351,8
2022,173173959,3
2022,173186331,5
2022,173186332,4
2022,173186341,8
2022,173186343,5
2022,173186344,5
2022,173186349,5
2022,173187881,4
2022,173187882,4
2022,173187892,4
2022,177529988,6
2022,173187894,4
2022,175659238,5
2022,175660807,4
2022,188834616,5
2022,176109842,4
2022,176109847,5
2022,176112722,4
2022,176112726,5
2022,176112727,6
2022,176112728,5
2022,182641347,4
2022,176240697,3
2022,182641349,4
2022,176788469,5
2022,177529990,4
2022,188834618,5
2022,177529991,4
2022,178148139,4
2022,179976293,5
2022,179976294,3
2022,179976305,4
2022,180809335,5
2022,180809336,5
2022,180809340,4
2022,182641362,5
2022,175092883,4
2022,188834620,5
2022,188834622,5
2022,175844919,5
2022,175844922,4
2022,175844928,4
2022,175844933,5
2022,175844934,5
2022,175844935,4
2022,175844937,4
2022,175844938,4
2022,175509909,4
2022,175911290,5
2022,175911292,4
2022,175911297,4
2022,175911303,5
2022,176065599,5
2022,176065605,5
2022,176065610,8
2022,176065611,5
2022,176069481,4
2022,176069485,4
2022,176078617,4
2022,176078618,4
2022,176078619,5
2022,176078620,5
2022,176363571,4
2022,176363572,4
2022,176363573,4
2022,176363577,3
2022,176379567,3
2022,176291779,4
2022,176291780,4
2022,176340385,4
2022,176648807,4
2022,176379571,5
2022,176382374,5
2022,176648815,5
2022,176382375,5
2022,176382377,4
2022,176382378,4
2022,176674025,5
2022,177488268,5
2022,176382384,5
2022,176390693,4
2022,188834623,1
2022,188834625,5
2022,188834626,4
2022,188834630,3
2022,188834632,4
2022,188834633,4
2022,188834635,5
2022,188834636,5
2022,188834638,5
2022,188834639,5
2022,188834641,4
2022,188834643,5
2022,188834645,5
2022,188834651,4
2022,188834655,4
2022,188834656,5
2022,188834658,4
2022,188834659,4
2022,188834660,5
2022,188834662,5
2022,188834664,5
2022,188834666,5
2022,188834670,5
2022,188834672,4
2022,188834674,1
2022,188834675,5
2022,188834676,5
2022,188834677,5
2022,188834679,4
2022,188834681,5
2022,188834682,4
2022,188834683,4
2022,188834685,4
2022,188834687,4
2022,188834689,5
2022,176390694,4
2022,176434654,4
2022,163951289,5
2022,162839759,5
2022,162973960,4
2022,163043918,5
2022,163951290,5
2022,165040894,5
2022,165040895,5
2022,167100319,5
2022,168322904,5
2022,168322905,5
2022,168322906,5
2022,168322907,5
2022,168322908,5
2022,168322909,5
2022,168322919,5
2022,168322920,5
2022,168448815,5
2022,169588764,5
2022,169056262,4
2022,169056263,4
2022,169128954,5
2022,170010250,5
2022,170010251,5
2022,170840200,5
2022,171240692,5
2022,172681266,5
2022,173378148,5
2022,174859462,5
2022,175513315,5
2022,176078920,5
2022,176648818,5
2022,176713880,4
2022,176794167,5
2022,177537172,5
2022,177537173,5
2022,177537176,4
2022,177537177,2
2022,178074302,4
2022,178074303,4
2022,178416609,4
2022,176617922,8
2022,176674036,4
2022,176674037,4
2022,176674039,4
2022,177813695,4
2022,177813696,4
2022,177537086,5
2022,177741963,4
2022,177741967,4
2022,177803226,4
2022,177803230,4
2022,177803233,4
2022,177803236,5
2022,177803242,4
2022,177803243,4
2022,177803244,5
2022,177813701,5
2022,177813702,5
2022,177813703,4
2022,178074250,4
2022,178138710,4
2022,178138712,6
2022,178138714,5
2022,178138721,5
2022,178138725,4
2022,178138726,4
2022,178236997,5
2022,178452005,4
2022,178452016,1
2022,179976698,4
2022,179976702,4
2022,179965068,4
2022,179965069,4
2022,180365871,5
2022,172999284,4
2022,172999285,3
2022,172999285,6
2022,172999286,4
2022,172999287,3
2022,172999295,4
2022,172999302,4
2022,172999312,3
2022,172999312,6
2022,172999313,3
2022,172999313,6
2022,172999314,3
2022,172999314,6
2022,172999315,2
2022,172999315,3
2022,172999316,4
2022,172999321,4
2022,172999331,5
2022,172999332,5
2022,179976705,4
2022,172999337,4
2022,179976706,5
2022,179976707,5
2022,179976708,8
2022,179976711,4
2022,179976726,4
2022,172999352,5
2022,179976734,4
2022,172999364,4
2022,172999365,5
2022,179976747,4
2022,172999373,4
2022,172999383,4
2022,179976749,4
2022,179976750,4
2022,172999389,4
2022,179976753,4
2022,172999392,8
2022,179976761,5
2022,172999396,4
2022,179976762,5
2022,172999401,4
2022,179976773,5
2022,172999403,5
2022,172999405,5
2022,172999406,5
2022,172999410,4
2022,179976778,4
2022,172999414,4
2022,179976780,5
2022,179976787,5
2022,172999423,4
2022,179976795,4
2022,172999428,5
2022,172999429,5
2022,172999430,4
2022,172999431,4
2022,179976796,4
2022,179976802,4
2022,172999435,4
2022,172999437,4
2022,172999438,4
2022,179976803,5
2022,179976805,5
2022,179976823,8
2022,172999445,4
2022,172999447,5
2022,172999451,4
2022,172999456,4
2022,179976827,5
2022,172999463,3
2022,179976835,4
2022,179976838,8
2022,179976842,4
2022,179976846,5
2022,179976848,5
2022,179976850,4
2022,179976862,4
2022,179976863,5
2022,179976867,4
2022,179976882,5
2022,179976887,4
2022,179976890,5
2022,179976893,4
2022,179976899,4
2022,179976900,4
2022,179976902,5
2022,179976903,5
2022,179976908,5
2022,179976917,5
2022,179976919,4
2022,179976923,5
2022,172999468,4
2022,179976924,5
2022,179976926,4
2022,179976929,4
2022,172999475,4
2022,179976953,5
2022,172999477,4
2022,172999479,5
2022,172999481,4
2022,172999482,4
2022,172999488,4
2022,172999491,4
2022,172999492,5
2022,172999493,5
2022,172999496,4
2022,172999497,4
2022,179976954,5
2022,179976959,6
2022,179976962,5
2022,172999506,4
2022,179976973,4
2022,179976975,4
2022,179976979,5
2022,179976987,5
2022,179976988,5
2022,179977001,4
2022,179977002,4
2022,179977003,5
2022,179977004,4
2022,179977023,4
2022,179977031,5
2022,179977032,4
2022,179977034,4
2022,179977039,4
2022,179977040,5
2022,179977041,5
2022,180399528,5
2022,180402876,5
2022,179977046,5
2022,179977049,4
2022,180731604,5
2022,180808126,4
2022,180731612,4
2022,180779867,4
2022,180782360,4
2022,180782362,4
2022,180782377,5
2022,180782378,4
2022,180798902,5
2022,180798907,4
2022,172999553,4
2022,172999554,5
2022,180798908,4
2022,180800472,5
2022,172999567,4
2022,172999568,4
2022,180800474,5
2022,172999571,4
2022,181018050,3
2022,172999576,4
2022,172999578,5
2022,172999579,5
2022,172999580,5
2022,172999581,4
2022,172999582,4
2022,172999585,4
2022,172999586,4
2022,181526742,5
2022,172999588,4
2022,181535578,4
2022,172999590,4
2022,172999594,4
2022,172999595,5
2022,172999596,4
2022,172999599,4
2022,172999601,4
2022,172999616,4
2022,172999623,4
2022,172999624,4
2022,172999625,5
2022,172999627,5
2022,172999628,5
2022,172999636,4
2022,172999637,4
2022,172999640,5
2022,172999644,4
2022,172999651,2
2022,172999654,4
2022,172999659,4
2022,172999660,4
2022,173015304,4
2022,173018680,4
2022,173018682,4
2022,173018690,4
2022,173018692,3
2022,173018693,5
2022,173018694,5
2022,173018695,5
2022,173018696,5
2022,173018697,5
2022,173051625,3
2022,173051628,4
2022,173051629,4
2022,173051630,4
2022,173097195,4
2022,173097222,2
2022,173172368,6
2022,173307676,5
2022,173307684,5
2022,173307686,5
2022,173307687,5
2022,173307688,5
2022,173307692,4
2022,173401431,5
2022,173401434,5
2022,173640012,4
2022,177481554,5
2022,173401435,5
2022,173401436,4
2022,173401437,5
2022,173401440,5
2022,175436702,5
2022,173401443,3
2022,181535579,4
2022,181608757,4
2022,173555965,4
2022,173555968,4
2022,173555976,4
2022,173555978,6
2022,173555984,6
2022,173555988,4
2022,173555992,6
2022,173555995,4
2022,173555997,6
2022,173555998,6
2022,173556000,6
2022,173556001,6
2022,173556002,6
2022,173556003,6
2022,173556006,4
2022,173556008,4
2022,173640019,5
2022,173640020,5
2022,173640021,5
2022,173640022,5
2022,173640023,5
2022,173640024,5
2022,173640026,5
2022,173640027,4
2022,173640034,4
2022,173640036,4
2022,173640038,1
2022,181716802,4
2022,181819408,4
2022,173667237,4
2022,173667238,4
2022,173667240,4
2022,173667241,4
2022,173667242,4
2022,173667243,4
2022,173667244,4
2022,173667245,5
2022,173667246,4
2022,173667247,4
2022,173667248,4
2022,173667249,4
2022,173667250,4
2022,182046385,4
2022,173667251,3
2022,173667252,4
2022,173667253,4
2022,182046387,5
2022,173750193,5
2022,182046395,4
2022,173750194,4
2022,173750195,4
2022,182580953,5
2022,174178060,4
2022,174178061,4
2022,174332165,1
2022,174332165,4
2022,174332185,5
2022,174405961,3
2022,174405965,5
2022,174405969,4
2022,174405970,4
2022,174405979,4
2022,174412561,4
2022,174412564,4
2022,174412565,4
2022,174412570,4
2022,174412574,4
2022,174412575,4
2022,174412582,4
2022,174412589,4
2022,182580954,5
2022,182634647,5
2022,174412591,4
2022,182657635,4
2022,182657636,4
2022,182662326,4
2022,182662332,5
2022,182710915,4
2022,174774927,4
2022,174774933,4
2022,174818134,3
2022,174818134,4
2022,174818135,6
2022,182781039,5
2022,174857281,4
2022,174857282,5
2022,182781040,4
2022,182828566,4
2022,182828568,4
2022,182857056,4
2022,174857283,5
2022,174857284,4
2022,174857285,3
2022,174943988,5
2022,174943989,4
2022,174943992,4
2022,174944000,4
2022,174944002,4
2022,175004257,4
2022,175004258,5
2022,175004259,5
2022,175004263,4
2022,175004264,4
2022,175023255,4
2022,175028827,5
2022,175028828,5
2022,175028830,5
2022,175028838,4
2022,175028839,4
2022,175042834,4
2022,175042835,4
2022,175087414,1
2022,175087415,5
2022,175087417,5
2022,175087418,5
2022,175087419,5
2022,175087420,5
2022,175087422,5
2022,175090838,4
2022,175436704,4
2022,175090845,3
2022,175090846,4
2022,175090848,5
2022,175090851,4
2022,175090854,5
2022,175090865,4
2022,175090866,4
2022,175090869,4
2022,175090872,5
2022,175708277,5
2022,175708278,5
2022,175708279,4
2022,175708281,4
2022,175710899,4
2022,175710901,4
2022,175710914,4
2022,175787213,4
2022,175845244,4
2022,175845250,5
2022,175845251,5
2022,175845252,5
2022,175845254,8
2022,175845255,3
2022,175845256,3
2022,175845262,4
2022,175845263,5
2022,175845264,5
2022,175845265,5
2022,175845266,5
2022,175845267,5
2022,175845268,5
2022,175845271,4
2022,175845276,4
2022,175893558,5
2022,175896557,4
2022,175896563,5
2022,176087468,4
2022,176087476,4
2022,176087477,7
2022,176202968,4
2022,176202969,5
2022,176340671,4
2022,176340675,4
2022,176376393,5
2022,176376394,5
2022,176376395,4
2022,176376396,4
2022,165141054,5
2022,172681185,4
2022,172681201,5
2022,174928327,5
2022,174928331,5
2022,182139076,5
2022,182427317,5
2022,182465126,5
2022,176390836,4
2022,182479669,5
2022,182479670,5
2022,169650924,4
2022,169650952,4
2022,169650964,4
2022,169837823,4
2022,176432941,4
2022,176432948,4
2022,176432951,4
2022,169837839,4
2022,176434705,5
2022,176434709,4
2022,176434712,4
2022,176434719,4
2022,169902456,4
2022,176434723,4
2022,176434724,3
2022,176434724,6
2022,176519095,4
2022,176519096,4
2022,176519097,4
2022,176519098,4
2022,176519099,4
2022,176617982,3
2022,176519100,4
2022,176519101,4
2022,176523350,5
2022,176523357,5
2022,176523362,4
2022,176648873,5
2022,169902457,4
2022,176617983,5
2022,169902459,4
2022,171190180,4
2022,177312314,4
2022,177312315,4
2022,177451107,5
2022,177451108,5
2022,177451109,5
2022,177451110,5
2022,177451112,5
2022,177481555,5
2022,177481556,5
2022,177481559,4
2022,177505659,1
2022,177505660,5
2022,177537187,4
2022,171190592,4
2022,177713385,4
2022,171190607,4
2022,172358955,5
2022,174925166,3
2022,177713392,4
2022,174925167,5
2022,174925169,4
2022,175027898,4
2022,175844952,5
2022,176244696,4
2022,179979153,4
2022,179979158,5
2022,179979175,4
2022,179979176,4
2022,179979177,4
2022,179979179,5
2022,179979182,4
2022,179979186,5
2022,184094917,5
2022,184094919,5
2022,184094920,4
2022,184571252,4
2022,177723976,4
2022,178237057,4
2022,178237058,5
2022,178237059,4
2022,178452023,7
2022,178452024,5
2022,178452025,3
2022,178452026,4
2022,178452050,5
2022,178452051,4
2022,178452052,4
2022,179966542,4
2022,179966545,4
2022,179966546,4
2022,179966548,4
2022,179966551,4
2022,179966553,4
2022,179966554,4
2022,179966555,4
2022,179966556,4
2022,179966557,5
2022,179966558,4
2022,179966559,4
2022,179966572,5
2022,179966575,5
2022,179966589,4
2022,179966593,4
2022,179966600,4
2022,179966605,4
2022,179966651,8
2022,179966652,4
2022,179966653,4
2022,179966655,4
2022,179966663,5
2022,179966664,5
2022,179966665,5
2022,179966666,5
2022,179966667,5
2022,179966669,5
2022,179966670,2
2022,179966671,3
2022,179966712,5
2022,184571258,4
2022,179966739,4
2022,179966740,5
2022,179966741,5
2022,179966742,5
2022,179966743,4
2022,179966744,4
2022,179966755,4
2022,179966756,4
2022,179966757,4
2022,179966759,4
2022,179966760,3
2022,179966761,4
2022,179966764,4
2022,179966765,4
2022,184571259,4
2022,179966801,5
2022,179966802,5
2022,179966803,4
2022,179966804,4
2022,179966805,4
2022,179966806,4
2022,179966808,4
2022,179966833,4
2022,179966836,4
2022,179966838,4
2022,180403211,5
2022,180868360,4
2022,180403212,4
2022,180403213,4
2022,180403214,4
2022,180403215,5
2022,180868362,5
2022,180403216,4
2022,180403217,5
2022,180403218,4
2022,180403219,5
2022,180403220,5
2022,181268203,5
2022,179979232,2
2022,181268205,5
2022,181268207,8
2022,181268208,4
2022,179979232,4
2022,164921453,5
2022,166976347,4
2022,181608918,4
2022,181278458,4
2022,181278459,4
2022,181278460,3
2022,181524374,5
2022,181524375,4
2022,181524376,1
2022,181524378,4
2022,181526809,4
2022,167167458,4
2022,181526810,5
2022,167133196,4
2022,181608921,4
2022,181608923,4
2022,181608926,4
2022,181608929,4
2022,169564208,4
2022,181608930,4
2022,181608934,5
2022,176228255,5
2022,183523071,3
2022,176394994,4
2022,172681271,4
2022,173524586,4
2022,173637648,4
2022,173685020,5
2022,174175262,5
2022,174175271,4
2022,174175273,5
2022,174175274,5
2022,174327826,5
2022,174485193,4
2022,176394995,4
2022,176394996,4
2022,182828594,4
2022,174639435,1
2022,174711651,4
2022,167261486,5
2022,168535255,4
2022,169797017,4
2022,176923533,4
2022,169960591,3
2022,174903856,4
2022,176291786,5
2022,176337065,5
2022,177985980,5
2022,177985982,5
2022,179980492,4
2022,181063061,1
2022,170807127,4
2022,185812154,5
2022,179968774,4
2022,173187164,4
2022,175009702,5
2022,175009703,8
2022,174824465,4
2022,174824467,4
2022,176230693,5
2022,176207822,4
2022,177993331,4
2022,179980525,4
2022,180933072,4
2022,180933073,4
2022,181111746,5
2022,163375548,5
2022,168332334,5
2022,168332341,6
2022,181410766,5
2022,181410767,5
2022,181410768,5
2022,168655814,4
2022,168655831,5
2022,181588455,4
2022,168655833,5
2022,169973401,5
2022,169973403,4
2022,170840195,6
2022,170840196,4
2022,169973410,4
2022,172014680,5
2022,172014695,5
2022,172014696,5
2022,173377976,4
2022,173298309,5
2022,173298311,5
2022,175844955,5
2022,175844966,5
2022,175844969,5
2022,175844974,5
2022,175844975,5
2022,176434667,4
2022,176434671,4
2022,183712059,4
2022,176434676,5
2022,184075429,4
2022,184075430,4
2022,184075431,5
2022,184075434,4
2022,184075435,5
2022,185104894,3
2022,185104895,4
2022,185104900,4
2022,176434678,5
2022,176434681,5
2022,176434683,5
2022,176518946,5
2022,176434685,4
2022,176434686,5
2022,181018065,4
2022,181018079,5
2022,181018082,5
2022,166976425,3
2022,186346915,4
2022,186437026,5
2022,186437029,5
2022,166976426,4
2022,167156134,4
2022,164502743,5
2022,168715803,4
2022,164502745,5
2022,164502753,4
2022,164502755,4
2022,164502758,1
2022,164502758,6
2022,164502759,4
2022,164578380,6
2022,164578381,5
2022,164578382,6
2022,164578383,6
2022,165208016,5
2022,165208023,5
2022,165258435,5
2022,165258436,5
2022,165258445,5
2022,165258448,5
2022,165258457,4
2022,165258460,4
2022,165258474,5
2022,165258475,5
2022,165264292,5
2022,165302901,4
2022,165302904,5
2022,165302905,5
2022,165302906,5
2022,165325282,5
2022,165325283,4
2022,165325284,5
2022,165325285,5
2022,165325286,5
2022,165691821,5
2022,165691849,5
2022,167111075,5
2022,168586406,4
2022,167111077,5
2022,167111084,5
2022,168605952,5
2022,170816671,5
2022,165948668,4
2022,167111132,5
2022,167111162,4
2022,167111168,4
2022,165948672,5
2022,167111176,4
2022,169052220,5
2022,167111201,5
2022,165948677,5
2022,168325636,5
2022,167111233,4
2022,167131985,1
2022,167131987,4
2022,167167625,4
2022,167414864,5
2022,165948678,5
2022,168325654,5
2022,165948679,5
2022,168325665,5
2022,168325666,5
2022,168325667,5
2022,168325668,5
2022,174327827,4
2022,168379554,4
2022,168475656,5
2022,168532536,4
2022,168586416,4
2022,169338680,5
2022,169338683,4
2022,169405345,4
2022,169405346,4
2022,169567770,4
2022,165948686,4
2022,169902577,5
2022,169902578,4
2022,169902579,5
2022,169902580,5
2022,169902581,5
2022,169902582,5
2022,170023590,5
2022,179964348,5
2022,166997686,4
2022,169912076,5
2022,169975711,5
2022,170145412,5
2022,166997687,5
2022,166997710,4
2022,170145416,5
2022,170510464,4
2022,170510465,4
2022,170816680,4
2022,172786210,4
2022,171387117,5
2022,171387118,5
2022,171785607,5
2022,171785609,4
2022,172046073,4
2022,166997711,5
2022,169120369,4
2022,169120370,4
2022,169120371,4
2022,169120372,5
2022,167121030,5
2022,173640046,4
2022,173640047,5
2022,174488662,5
2022,174488663,5
2022,167126180,5
2022,174488669,5
2022,167126182,5
2022,167126183,5
2022,167132021,4
2022,167132023,4
2022,167132028,4
2022,167132034,5
2022,167138529,5
2022,167132054,4
2022,167134967,5
2022,167134978,4
2022,167138531,5
2022,167138532,5
2022,168322302,5
2022,168322304,4
2022,168322322,4
2022,168322324,5
2022,168322325,5
2022,168322331,5
2022,168654745,5
2022,168322340,4
2022,168322341,5
2022,168322351,4
2022,168322359,5
2022,168322369,4
2022,174711657,5
2022,168322371,4
2022,168322379,4
2022,168322385,4
2022,168322388,4
2022,168654747,4
2022,168322396,4
2022,168322407,4
2022,168322409,4
2022,169079724,5
2022,169079725,5
2022,169079726,5
2022,169079727,5
2022,168322418,5
2022,168379345,5
2022,168439759,4
2022,168439765,5
2022,168439772,5
2022,168439776,4
2022,168532287,4
2022,168532290,5
2022,168532302,4
2022,168575116,5
2022,168575117,5
2022,168605851,4
2022,168605855,4
2022,168605860,4
2022,168605865,4
2022,168654768,4
2022,168654784,4
2022,169960273,4
2022,168654793,4
2022,168654797,4
2022,168715804,6
2022,168715806,5
2022,169120373,4
2022,169120374,5
2022,169120375,5
2022,169120377,5
2022,169960274,5
2022,169338651,4
2022,169341107,4
2022,169341113,5
2022,169564323,4
2022,169564325,4
2022,169960279,4
2022,170154646,4
2022,175117650,5
2022,175628758,5
2022,175628759,5
2022,175628760,5
2022,176337166,4
2022,170489672,4
2022,171103980,4
2022,177931441,4
2022,171116160,4
2022,178104732,4
2022,178394126,4
2022,178394128,4
2022,171116161,5
2022,171116162,4
2022,171116163,5
2022,171116164,4
2022,171116170,4
2022,179969641,4
2022,171116171,5
2022,171116175,5
2022,171116176,4
2022,171116177,4
2022,172356123,4
2022,179969650,5
2022,179969651,5
2022,172356124,4
2022,172356128,5
2022,172356129,4
2022,172364823,4
2022,172370005,5
2022,179969678,4
2022,179969679,5
2022,179969680,5
2022,172370017,5
2022,172370022,1
2022,172370022,6
2022,172370023,4
2022,172370034,4
2022,172370040,4
2022,172370048,4
2022,172370064,4
2022,172370064,7
2022,172370070,4
2022,172370071,5
2022,172370072,5
2022,172549832,3
2022,172549858,4
2022,172549860,4
2022,172549863,4
2022,172549875,4
2022,172549881,4
2022,173294178,4
2022,173294180,6
2022,173294181,5
2022,173375926,4
2022,173375930,4
2022,173378199,4
2022,173378201,6
2022,173401526,4
2022,166965209,4
2022,166965222,5
2022,167329699,4
2022,167329700,4
2022,168325774,5
2022,173401531,4
2022,173439726,4
2022,173439726,7
2022,173439727,4
2022,173439730,4
2022,173460499,5
2022,173460508,5
2022,173460535,3
2022,173460536,5
2022,173460537,5
2022,173504003,5
2022,173504012,4
2022,174175311,4
2022,174175313,4
2022,174175315,4
2022,175087567,5
2022,176087642,4
2022,176087660,4
2022,176340732,5
2022,176340733,5
2022,176340746,5
2022,176379659,5
2022,176379664,5
2022,176379677,5
2022,176379684,5
2022,176379686,4
2022,176379687,4
2022,176432977,4
2022,172364703,4
2022,176432984,5
2022,176432985,5
2022,176432986,4
2022,174718394,4
2022,176432987,5
2022,176109887,4
2022,176109888,5
2022,176434747,4
2022,176434754,5
2022,179969966,4
2022,180782654,5
2022,176434759,5
2022,176434761,5
2022,176434763,4
2022,176434766,5
2022,176434769,4
2022,176434779,4
2022,182587780,5
2022,176648938,5
2022,176672107,5
2022,176672123,4
2022,185175090,4
2022,185211305,4
2022,185211306,4
2022,185211307,4
2022,176672124,4
2022,176672138,4
2022,176672140,5
2022,176672142,4
2022,176672143,4
2022,177488622,6
2022,185497169,5
2022,185564842,6
2022,177488623,4
2022,177673051,4
2022,177673052,4
2022,177673064,4
2022,177673065,4
2022,177724099,5
2022,177724102,5
2022,177724104,5
2022,178104931,5
2022,178138909,5
2022,178138921,5
2022,178395019,4
2022,178452287,5
2022,178452293,4
2022,178452302,5
2022,178452305,5
2022,179964366,5
2022,179964394,5
2022,179964399,4
2022,179964413,5
2022,179964417,4
2022,179964418,4
2022,179964419,5
2022,179964432,4
2022,179964432,8
2022,179964433,5
2022,179964434,5
2022,179964436,4
2022,179964439,6
2022,179964450,4
2022,179964453,5
2022,179964458,5
2022,179964459,5
2022,179964468,4
2022,179964470,5
2022,179964473,4
2022,180403280,5
2022,180731651,5
2022,180761228,5
2022,180800551,5
2022,180800552,5
2022,180800553,6
2022,180868441,5
2022,180868442,5
2022,180868451,4
2022,180868454,4
2022,180868457,4
2022,180868459,4
2022,180868460,5
2022,180868463,5
2022,180868464,4
2022,180927875,5
2022,180927877,4
2022,180927878,4
2022,180927879,4
2022,182616918,5
2022,182616921,5
2022,182616923,5
2022,185204313,4
2022,185374642,4
2022,187700116,4
2022,187746539,4
2022,185588845,5
2022,188254706,4
2022,188254706,7
2022,161607962,5
2022,161607964,5
2022,185588847,5
2022,161712240,4
2022,185595086,5
2022,185595088,5
2022,185595092,4
2022,186664798,4
2022,161880360,5
2022,186664800,4
2022,162961858,4
2022,186675161,4
2022,186706274,4
2022,163118972,5
2022,163238771,5
2022,164656567,5
2022,163238772,5
2022,163238774,5
2022,163273701,8
2022,163915763,5
2022,163915774,4
2022,164084321,4
2022,167414865,5
2022,164102807,4
2022,164823099,5
2022,164921471,5
2022,164921472,4
2022,164921475,4
2022,167414867,5
2022,165207930,4
2022,165352981,4
2022,165352984,4
2022,165352985,5
2022,186706276,4
2022,186961674,4
2022,187003722,4
2022,166119224,5
2022,166960889,4
2022,187138411,5
2022,187138412,5
2022,187138413,5
2022,187221668,5
2022,187489667,5
2022,187489672,4
2022,187489682,4
2022,187628132,4
2022,187793509,5
2022,187793525,4
2022,187793527,5
2022,187793528,4
2022,188043327,5
2022,188251977,5
2022,188254766,5
2022,188254767,5
2022,188254771,5
2022,188277021,4
2022,166960894,4
2022,166960895,4
2022,188277023,4
2022,188277026,4
2022,188359665,4
2022,166119268,4
2022,167138487,4
2022,167329707,5
2022,167329712,5
2022,167329715,5
2022,167336848,5
2022,167414874,5
2022,167167634,4
2022,167167635,5
2022,167205755,5
2022,167205756,5
2022,168326249,4
2022,168326255,4
2022,168326256,5
2022,168326258,5
2022,168326259,5
2022,168326280,4
2022,168326282,5
2022,168326289,4
2022,168326290,5
2022,168326299,5
2022,168326303,4
2022,168326307,5
2022,168575431,4
2022,168586437,4
2022,168605980,4
2022,168824988,4
2022,169379671,5
2022,170036228,4
2022,162587677,5
2022,170063117,5
2022,186698531,4
2022,162784655,4
2022,162788900,5
2022,162801034,4
2022,162803308,5
2022,162803313,5
2022,162837634,5
2022,162837638,4
2022,162837648,4
2022,162837649,3
2022,162851534,4
2022,162903277,4
2022,162903280,4
2022,170154935,1
2022,163044003,4
2022,162953484,5
2022,162961863,5
2022,170489538,3
2022,170489540,5
2022,170489544,5
2022,170495931,4
2022,170548004,5
2022,170548006,3
2022,162973982,4
2022,170548009,5
2022,162973989,4
2022,170619353,5
2022,170619384,5
2022,170619409,4
2022,171152476,5
2022,170648591,4
2022,162975502,4
2022,171305068,4
2022,163044007,4
2022,163044010,6
2022,163044011,6
2022,162975504,5
2022,163044013,5
2022,163119004,4
2022,171305079,4
2022,167121032,4
2022,163119007,4
2022,163123761,4
2022,163238834,4
2022,163238837,5
2022,171830705,5
2022,163769259,4
2022,171873536,5
2022,163254490,4
2022,163364120,4
2022,172549805,4
2022,163428274,5
2022,172786227,5
2022,172877357,4
2022,173018700,5
2022,173080292,5
2022,173080293,5
2022,173301631,5
2022,173301634,4
2022,174038660,4
2022,173685037,4
2022,173704197,5
2022,174038662,4
2022,174038665,4
2022,174312561,4
2022,174752682,4
2022,164823105,4
2022,174762532,4
2022,165302915,4
2022,163947151,5
2022,163769260,4
2022,174939526,5
2022,163769261,4
2022,163951293,4
2022,163916088,4
2022,174939529,5
2022,174975529,4
2022,175491043,4
2022,175491044,3
2022,163951297,5
2022,164922930,8
2022,164026360,4
2022,188547400,6
2022,175783336,4
2022,175783337,3
2022,175845282,5
2022,176264606,4
2022,176287269,4
2022,176287273,5
2022,176337170,4
2022,176337171,4
2022,176337173,4
2022,176523368,4
2022,176669147,2
2022,177848615,4
2022,164502769,4
2022,164502773,4
2022,164578405,4
2022,164578409,4
2022,164578415,4
2022,164738792,4
2022,164738793,5
2022,164742487,5
2022,164821318,5
2022,165353141,4
2022,164904140,5
2022,164904144,2
2022,164821322,5
2022,164904148,4
2022,164904151,5
2022,164921528,5
2022,177850958,4
2022,177850960,3
2022,177850964,5
2022,178058395,4
2022,178058396,4
2022,178138859,5
2022,178416717,5
2022,178416719,4
2022,178416721,4
2022,179970388,5
2022,179970391,1
2022,179970406,5
2022,179970416,5
2022,179970426,5
2022,165096190,5
2022,179970450,5
2022,165093725,5
2022,179970457,4
2022,179970461,5
2022,164904156,2
2022,179970463,4
2022,165208029,4
2022,165208036,5
2022,165214138,5
2022,165258506,5
2022,180779932,5
2022,180779933,4
2022,165258508,4
2022,165302916,4
2022,180988565,4
2022,181063197,4
2022,181097780,4
2022,181097781,4
2022,165302917,4
2022,165302920,4
2022,165302932,4
2022,168715919,4
2022,168575498,5
2022,168575512,5
2022,168606051,1
2022,168606053,4
2022,168606055,5
2022,165353146,4
2022,168606061,4
2022,168715927,5
2022,165302933,4
2022,165353152,5
2022,165691855,4
2022,165353158,5
2022,165382930,3
2022,165691860,4
2022,168575516,5
2022,169516094,5
2022,169516095,5
2022,168328344,4
2022,168328360,3
2022,168379762,4
2022,169410861,5
2022,168328368,4
2022,168328369,5
2022,168328370,4
2022,168328378,5
2022,168328381,4
2022,168575517,4
2022,168440240,4
2022,168532708,5
2022,168560763,5
2022,169405349,5
2022,165691861,4
2022,169379700,4
2022,169588769,4
2022,169588770,5
2022,165774018,5
2022,169797061,5
2022,169912081,5
2022,169912082,5
2022,170489558,5
2022,170619431,5
2022,170489561,4
2022,172046078,4
2022,172681279,4
2022,172681280,4
2022,172695881,4
2022,172880666,4
2022,173395297,5
2022,173395298,5
2022,173395299,5
2022,173383133,4
2022,173383134,5
2022,173294126,5
2022,174462528,5
2022,165774020,5
2022,174557521,5
2022,165804018,5
2022,174642689,4
2022,174718402,4
2022,166006018,4
2022,174857310,5
2022,174857311,5
2022,175004272,4
2022,176106994,5
2022,175090890,4
2022,175491045,4
2022,175509961,5
2022,175783339,5
2022,176065674,5
2022,176264610,5
2022,176337177,5
2022,176364018,4
2022,177307168,4
2022,177537208,4
2022,179973497,4
2022,177931442,5
2022,178058402,4
2022,178197252,5
2022,178394140,4
2022,179973508,4
2022,179973518,5
2022,179973526,4
2022,179973527,4
2022,179973531,4
2022,179973532,5
2022,179973540,4
2022,179973556,5
2022,180403228,4
2022,180782656,5
2022,180403230,4
2022,166072656,4
2022,164597102,4
2022,164597103,4
2022,164597105,5
2022,164597109,4
2022,164597118,5
2022,164597119,4
2022,164597122,6
2022,164597130,4
2022,164597131,4
2022,164597136,4
2022,164597141,4
2022,164597142,4
2022,179973616,4
2022,164597148,4
2022,164597150,3
2022,164597151,4
2022,164597155,4
2022,164597157,4
2022,164597167,4
2022,164597171,4
2022,164597185,5
2022,164597186,5
2022,164597188,3
2022,164597189,4
2022,164597196,5
2022,164597201,5
2022,164597203,4
2022,164597205,4
2022,164597206,4
2022,164597207,4
2022,164597237,4
2022,164597240,3
2022,164738737,5
2022,164738739,4
2022,165207933,4
2022,165302880,4
2022,166119289,3
2022,165691671,4
2022,165773986,4
2022,166572587,5
2022,166572588,5
2022,166119301,4
2022,165948623,4
2022,166119312,5
2022,165948624,3
2022,166572525,4
2022,175090891,3
2022,169912084,4
2022,166119313,5
2022,166572589,5
2022,166572529,2
2022,166572598,4
2022,167098056,3
2022,167098057,5
2022,167098059,4
2022,166572599,4
2022,166572605,4
2022,166572610,4
2022,166602736,4
2022,166965776,4
2022,166965777,6
2022,169564327,4
2022,166976434,4
2022,166976440,5
2022,166976448,4
2022,167065824,4
2022,167156085,4
2022,167120961,4
2022,167120963,5
2022,167120966,5
2022,167167637,4
2022,167120972,4
2022,167120973,4
2022,167131988,4
2022,167131993,4
2022,167156086,1
2022,167167638,4
2022,167205764,4
2022,167253894,5
2022,168328485,5
2022,168328495,4
2022,168328496,4
2022,168328508,5
2022,168328511,5
2022,168328514,4
2022,168328515,4
2022,168328517,8
2022,168328519,5
2022,168328522,4
2022,168328527,5
2022,168328541,4
2022,168328543,4
2022,168328547,4
2022,168328571,3
2022,168328572,2
2022,168328578,4
2022,168328580,4
2022,168328584,5
2022,168328585,4
2022,168328586,4
2022,176106997,4
2022,168328590,5
2022,168328591,4
2022,168388284,4
2022,168532727,4
2022,168575522,5
2022,168606065,3
2022,168606066,4
2022,168606069,4
2022,168618588,5
2022,168655560,4
2022,168882027,5
2022,168882028,5
2022,169405351,4
2022,169052662,4
2022,169367699,4
2022,179973617,4
2022,169379702,4
2022,169379703,4
2022,169379705,3
2022,169405353,5
2022,169516100,4
2022,169626021,5
2022,169626023,4
2022,169643233,4
2022,169664643,4
2022,167065826,4
2022,167065827,4
2022,169567806,4
2022,170298525,4
2022,169817579,4
2022,167121037,5
2022,169817584,4
2022,167121038,5
2022,167126185,4
2022,167132056,4
2022,167132057,4
2022,167132058,4
2022,167138536,4
2022,167141544,4
2022,167156136,4
2022,167156140,4
2022,167156143,5
2022,167156149,5
2022,167171273,5
2022,169837889,4
2022,169902584,4
2022,169960432,5
2022,167198472,5
2022,167253937,4
2022,167207783,4
2022,167253951,1
2022,168323367,4
2022,167253952,4
2022,167329752,6
2022,167329753,5
2022,167329754,4
2022,167329755,4
2022,167336882,4
2022,167336886,4
2022,168323392,4
2022,169960437,4
2022,170036311,4
2022,170036314,4
2022,168323403,4
2022,170063370,5
2022,170298527,3
2022,171103899,3
2022,170489567,4
2022,173556126,4
2022,170799768,4
2022,170799772,4
2022,170950688,5
2022,170957039,4
2022,171103902,5
2022,171103903,5
2022,171115991,4
2022,171152484,5
2022,171708963,5
2022,171734458,4
2022,171734465,4
2022,171805435,5
2022,171805440,5
2022,171805443,4
2022,171805447,5
2022,171805450,5
2022,171873558,3
2022,172001062,5
2022,168323404,5
2022,168323414,4
2022,168323424,5
2022,176672066,4
2022,172001070,4
2022,172638061,5
2022,172638063,1
2022,172681281,6
2022,172681283,3
2022,173378151,5
2022,172999678,5
2022,172999679,5
2022,172999680,4
2022,172999681,6
2022,172999683,5
2022,172999687,4
2022,172999688,5
2022,173168868,4
2022,173168878,4
2022,173168880,4
2022,173378153,5
2022,173378154,3
2022,173378158,4
2022,173378160,5
2022,173378161,8
2022,173378163,5
2022,173378164,5
2022,173378165,5
2022,173378166,5
2022,173439696,5
2022,173460464,5
2022,173460467,8
2022,173524606,4
2022,173524609,5
2022,173524610,4
2022,173524615,3
2022,173524621,4
2022,173685038,5
2022,174462540,3
2022,174462544,5
2022,174462546,8
2022,174485200,5
2022,174485202,4
2022,174485205,5
2022,168323437,5
2022,174548851,4
2022,168323438,5
2022,168323442,5
2022,168323462,1
2022,168323465,4
2022,168323468,4
2022,168323469,4
2022,168323472,5
2022,168323475,5
2022,168323492,5
2022,174557525,4
2022,168323494,4
2022,168323506,4
2022,168323511,4
2022,168323512,4
2022,168323513,4
2022,168323527,5
2022,168439836,5
2022,168532429,4
2022,168379396,4
2022,168575360,5
2022,168575363,4
2022,168575367,4
2022,168575369,4
2022,168654952,4
2022,168715831,4
2022,168605880,4
2022,168654954,5
2022,168654956,5
2022,168715836,4
2022,168824886,5
2022,168824887,5
2022,168824888,5
2022,168881663,4
2022,168824892,4
2022,169052039,4
2022,169052044,4
2022,169120409,4
2022,169079742,4
2022,169120413,4
2022,169120420,6
2022,169120422,4
2022,175023281,8
2022,169120423,4
2022,169128955,5
2022,169128957,4
2022,169341121,6
2022,169341122,6
2022,169341129,4
2022,169341131,5
2022,169341134,4
2022,169343168,5
2022,169343177,5
2022,169367735,4
2022,169367736,5
2022,169367739,4
2022,169367740,4
2022,169379774,4
2022,174752687,5
2022,174752688,5
2022,169410900,4
2022,174711680,5
2022,169410901,5
2022,174752689,4
2022,169410903,4
2022,169410904,4
2022,169410909,5
2022,169410934,4
2022,169410936,4
2022,169564332,4
2022,169516136,4
2022,169516137,4
2022,169516139,4
2022,169516143,4
2022,169564339,5
2022,169564340,5
2022,173637741,4
2022,169569677,1
2022,174975536,4
2022,174975537,5
2022,175023287,4
2022,175023291,5
2022,175028842,3
2022,169592122,5
2022,169643274,5
2022,175087436,2
2022,169643287,5
2022,175090892,4
2022,175478287,5
2022,169643289,5
2022,175478290,4
2022,169662498,4
2022,170007786,5
2022,175708292,4
2022,175708293,4
2022,175708295,5
2022,169742778,4
2022,169742780,4
2022,175845284,5
2022,169902666,5
2022,176026861,5
2022,176078926,4
2022,176107000,1
2022,176264615,5
2022,176337180,4
2022,177448219,4
2022,176669151,5
2022,176672068,3
2022,176672073,4
2022,176672074,4
2022,176672075,4
2022,176686374,4
2022,176923544,4
2022,176923548,5
2022,177307172,5
2022,177307173,4
2022,184722148,4
2022,177448220,4
2022,177312318,4
2022,177448222,5
2022,177481566,5
2022,177481567,5
2022,177481568,5
2022,177481569,5
2022,177481572,4
2022,177481573,5
2022,177535518,4
2022,177535519,4
2022,177535521,4
2022,177537211,4
2022,177740205,5
2022,177848628,4
2022,177848632,5
2022,177931446,5
2022,178074333,4
2022,178104743,4
2022,178197262,4
2022,179973626,3
2022,179973637,5
2022,179973645,4
2022,179973646,4
2022,179973648,4
2022,179973649,4
2022,179973650,5
2022,179973658,5
2022,179973659,4
2022,179973664,5
2022,179973674,4
2022,179973675,4
2022,179973678,5
2022,179973685,5
2022,179973689,4
2022,179973694,4
2022,179973695,5
2022,179973712,5
2022,179973713,4
2022,179973715,4
2022,179973719,4
2022,179973723,4
2022,179973725,5
2022,181268231,4
2022,179973731,5
2022,179973732,5
2022,179973733,4
2022,179973735,4
2022,179973743,5
2022,179973747,5
2022,179973751,5
2022,184722149,5
2022,179973756,4
2022,179973761,5
2022,179973762,4
2022,179973768,4
2022,179973769,5
2022,179973770,5
2022,179973778,4
2022,179973780,4
2022,179973785,5
2022,180403231,4
2022,180731642,5
2022,180731645,5
2022,180731646,4
2022,180799052,5
2022,180799053,4
2022,180800525,5
2022,181063199,3
2022,181063200,5
2022,181063201,5
2022,181063202,4
2022,181063205,4
2022,181063206,2
2022,169797245,5
2022,181168622,5
2022,181168623,5
2022,181168624,5
2022,181268232,3
2022,181268233,6
2022,167120978,4
2022,167120984,5
2022,182781128,4
2022,182781129,4
2022,169797251,4
2022,169817640,4
2022,169902667,4
2022,163241114,4
2022,165302882,3
2022,165258303,5
2022,165258304,5
2022,169837929,4
2022,169902672,5
2022,169914746,4
2022,167261511,4
2022,169914748,4
2022,169914749,4
2022,168606093,5
2022,168606103,5
2022,168586455,4
2022,168560799,5
2022,178197276,4
2022,168825247,5
2022,169960310,4
2022,169031567,5
2022,169975681,6
2022,170007795,4
2022,170007796,4
2022,170007797,5
2022,170007803,4
2022,170036107,4
2022,170036498,5
2022,172001127,4
2022,172046102,5
2022,173637711,4
2022,186706229,6
2022,173637726,4
2022,175491049,4
2022,186706230,2
2022,174939540,4
2022,176669154,4
2022,170039938,5
2022,170039939,5
2022,170039940,4
2022,170062849,4
2022,170062853,4
2022,174939550,4
2022,176669158,5
2022,186706231,4
2022,170039943,4
2022,179976329,4
2022,181410781,4
2022,181410782,4
2022,181410783,4
2022,181410784,4
2022,170039947,4
2022,170062862,5
2022,170154691,4
2022,181410796,4
2022,186706240,5
2022,186706243,4
2022,166999780,4
2022,166999781,4
2022,184571231,6
2022,171387125,4
2022,170062867,4
2022,170080970,4
2022,170080971,4
2022,173460542,8
2022,170062871,5
2022,170154693,4
2022,170062873,4
2022,170080980,4
2022,170080981,4
2022,170154698,8
2022,170154701,4
2022,170145308,4
2022,170154716,5
2022,184670117,4
2022,184722163,4
2022,184722167,4
2022,170619466,4
2022,170619472,5
2022,170548030,4
2022,170548031,4
2022,170548041,4
2022,170548045,4
2022,170548051,4
2022,170548054,4
2022,170548055,5
2022,170548082,5
2022,170548088,5
2022,171340672,5
2022,171340674,5
2022,171346869,5
2022,171340676,5
2022,171346881,5
2022,171346911,5
2022,171340702,4
2022,171340703,4
2022,171346924,5
2022,171340710,4
2022,171340715,4
2022,171346940,5
2022,172364710,4
2022,171346952,4
2022,171346956,4
2022,171346960,5
2022,171340734,5
2022,171346967,4
2022,171340738,4
2022,170154723,4
2022,170062876,4
2022,171340744,5
2022,172364714,4
2022,172364717,5
2022,172364719,5
2022,172364720,4
2022,172364722,4
2022,172364723,4
2022,172364746,4
2022,172364747,4
2022,172369899,1
2022,172364760,4
2022,172364761,6
2022,172369907,3
2022,172369908,4
2022,172369911,4
2022,172364784,4
2022,172364787,5
2022,172364795,5
2022,172364796,4
2022,172364801,4
2022,172364811,5
2022,172364812,5
2022,172364813,5
2022,172364814,5
2022,172364815,5
2022,172364818,5
2022,172364819,5
2022,172364820,4
2022,172369925,4
2022,172638068,4
2022,170062877,4
2022,172369930,4
2022,172681291,5
2022,172681293,4
2022,172369931,4
2022,172369940,3
2022,172681311,4
2022,172369951,5
2022,172681322,5
2022,172638088,4
2022,172766045,4
2022,172766046,4
2022,172766047,5
2022,172766056,4
2022,170154740,5
2022,172766058,4
2022,172786236,5
2022,170211856,4
2022,172786239,5
2022,172766075,4
2022,172786242,5
2022,172766098,4
2022,172766099,4
2022,172786245,4
2022,172786246,4
2022,172766111,5
2022,172766112,4
2022,172766113,4
2022,172766123,8
2022,172766124,5
2022,176617994,8
2022,176618008,4
2022,176618012,6
2022,176618019,5
2022,176618025,4
2022,176618028,4
2022,179980102,5
2022,176618033,4
2022,176618039,6
2022,170249222,5
2022,176618040,5
2022,176618041,4
2022,170211868,5
2022,176618043,4
2022,176618049,6
2022,170249228,4
2022,170249234,5
2022,170249236,5
2022,170249237,4
2022,170249253,8
2022,170249293,4
2022,170298576,4
2022,170298578,4
2022,170298580,4
2022,170249306,5
2022,170489686,4
2022,170489688,5
2022,171899084,4
2022,170489703,5
2022,170875858,5
2022,176618053,4
2022,176618054,6
2022,176618057,5
2022,176618058,5
2022,176618063,5
2022,176618077,4
2022,176618088,5
2022,176618092,4
2022,175893573,4
2022,176026874,8
2022,175893578,4
2022,175845295,4
2022,175845296,4
2022,175845297,4
2022,175893583,4
2022,179980106,4
2022,179980107,4
2022,175893616,4
2022,175893619,5
2022,175893622,4
2022,175893626,5
2022,176078933,4
2022,175893628,4
2022,175893629,4
2022,175845317,6
2022,175893640,5
2022,176026883,5
2022,175893649,4
2022,176026884,5
2022,175845326,5
2022,175893660,8
2022,176078934,4
2022,171401911,4
2022,176078961,2
2022,176098509,6
2022,176107001,4
2022,176078977,3
2022,176078979,4
2022,176078994,4
2022,176078996,4
2022,171347043,4
2022,171401914,5
2022,171734601,4
2022,171734603,4
2022,171734607,5
2022,171734610,4
2022,171734614,5
2022,171734621,5
2022,171734632,4
2022,171734641,4
2022,171785684,4
2022,171805497,5
2022,171805498,5
2022,171873614,5
2022,176107002,4
2022,176107003,5
2022,176107004,5
2022,176107005,5
2022,176107006,5
2022,176079018,4
2022,176079024,5
2022,176107009,8
2022,171873617,5
2022,171819571,4
2022,176079032,5
2022,176079034,5
2022,176079038,4
2022,176098518,4
2022,176079058,4
2022,176079059,5
2022,176107011,5
2022,176107012,5
2022,176098524,2
2022,176354098,5
2022,176354104,4
2022,176354112,5
2022,176354116,5
2022,176354128,4
2022,176354129,4
2022,176354131,4
2022,179980114,4
2022,176354139,4
2022,176354165,2
2022,171873626,4
2022,176354170,5
2022,176354174,4
2022,176354184,3
2022,172046184,4
2022,176354185,6
2022,176354186,4
2022,176354187,5
2022,176354202,3
2022,176354218,8
2022,176354219,4
2022,178104763,4
2022,178104798,4
2022,178104799,4
2022,178104802,3
2022,178104809,5
2022,178104810,6
2022,178104812,3
2022,178104813,5
2022,178104814,2
2022,178104815,2
2022,178104816,2
2022,178104817,4
2022,178104820,6
2022,178104824,5
2022,178104827,2
2022,178104829,4
2022,178104830,4
2022,178104834,5
2022,178104842,4
2022,178104845,3
2022,178104854,4
2022,178104864,4
2022,178104865,4
2022,178104866,4
2022,178104867,4
2022,178104868,4
2022,178104879,4
2022,178104881,4
2022,178104882,4
2022,179980115,5
2022,179980117,5
2022,179980125,5
2022,179980126,4
2022,179980127,5
2022,179980130,5
2022,179980132,5
2022,179980140,4
2022,179980141,4
2022,179980149,4
2022,179980150,4
2022,179980151,4
2022,179980152,4
2022,179980153,4
2022,179980154,4
2022,179980158,4
2022,172293089,4
2022,172293094,4
2022,179980175,5
2022,172293107,4
2022,179980180,5
2022,179980181,5
2022,179980182,5
2022,179980188,6
2022,172293116,4
2022,179980196,4
2022,172318372,5
2022,179980204,4
2022,179980211,6
2022,181811310,5
2022,172293130,4
2022,172318376,4
2022,172318378,5
2022,172356139,4
2022,181811316,4
2022,172356140,4
2022,172356147,4
2022,172358289,5
2022,172358290,5
2022,172370096,4
2022,172370109,4
2022,172370111,8
2022,172370112,5
2022,172358292,6
2022,172370113,4
2022,172370115,4
2022,172370116,4
2022,172549886,4
2022,172374197,4
2022,181811319,5
2022,172526122,4
2022,181811321,4
2022,181811323,4
2022,172549922,4
2022,181811325,5
2022,172549927,4
2022,172549936,4
2022,172681596,5
2022,172786349,4
2022,172786351,4
2022,172941271,4
2022,172941272,2
2022,172700888,4
2022,172700894,4
2022,172700895,4
2022,172700896,5
2022,172766161,4
2022,172786354,4
2022,172786360,4
2022,181819566,5
2022,172877427,4
2022,172877431,4
2022,181811336,1
2022,172877432,4
2022,172941274,4
2022,181811349,5
2022,172941275,4
2022,172999767,5
2022,181811354,4
2022,181811357,4
2022,172999780,1
2022,181811363,4
2022,181811364,4
2022,172999786,4
2022,181811377,4
2022,181811384,4
2022,172999790,4
2022,173015368,4
2022,173015370,5
2022,173018838,5
2022,173018839,5
2022,173018840,4
2022,173018851,5
2022,173018852,5
2022,173018855,4
2022,173051668,5
2022,173051674,5
2022,173097342,4
2022,173097344,4
2022,173097353,4
2022,173168981,5
2022,181811389,4
2022,181811390,4
2022,181811391,5
2022,181811392,4
2022,183186094,5
2022,181811401,5
2022,181811409,4
2022,173172403,4
2022,174896676,4
2022,174896677,5
2022,173294182,4
2022,167047358,5
2022,173395385,5
2022,167047365,4
2022,167047366,5
2022,167141528,5
2022,173395387,5
2022,167436095,5
2022,173395393,4
2022,173294187,4
2022,173307739,4
2022,169626052,4
2022,173307740,4
2022,173307741,4
2022,173307743,4
2022,173307746,4
2022,173378209,4
2022,169797063,1
2022,169643239,4
2022,173378210,4
2022,173401539,4
2022,173401540,4
2022,173401541,5
2022,173401546,4
2022,173401547,4
2022,173401548,5
2022,173401549,4
2022,173401553,4
2022,173401554,4
2022,173401555,4
2022,173401556,5
2022,173640058,5
2022,173640059,5
2022,173524682,5
2022,175478311,4
2022,173556193,4
2022,173556195,5
2022,173556196,5
2022,173556197,4
2022,173667282,4
2022,173685078,5
2022,173667284,5
2022,175708335,4
2022,173692370,4
2022,173692375,4
2022,173692377,4
2022,174471633,4
2022,174471634,4
2022,174540833,4
2022,174557559,4
2022,178452057,4
2022,178394145,4
2022,178394147,5
2022,178394148,4
2022,185412997,4
2022,185412998,4
2022,185412999,4
2022,185413000,5
2022,185413001,5
2022,185413002,5
2022,174568354,5
2022,165258326,5
2022,165258330,4
2022,165258336,5
2022,165258339,4
2022,165258340,5
2022,165258341,5
2022,168575597,5
2022,168575627,4
2022,168575628,4
2022,168575629,4
2022,168575634,5
2022,168575638,4
2022,168575645,5
2022,168575659,4
2022,168575661,5
2022,168575662,5
2022,168575664,4
2022,168575665,4
2022,168575666,4
2022,168578511,2
2022,168578525,4
2022,168578526,4
2022,168578527,5
2022,172786253,5
2022,172786254,5
2022,172786258,4
2022,172786259,4
2022,172786260,4
2022,172786262,5
2022,172786263,4
2022,172786264,4
2022,172786265,5
2022,172786266,4
2022,172786271,4
2022,172786276,5
2022,172786277,4
2022,172786278,4
2022,172786280,5
2022,172786281,5
2022,172786285,4
2022,172786290,4
2022,172786291,5
2022,176340678,4
2022,176340680,4
2022,176340682,4
2022,176340688,5
2022,176340689,4
2022,176340692,4
2022,176340699,4
2022,176669161,5
2022,176669162,5
2022,176669163,5
2022,176669166,5
2022,176669168,4
2022,176669169,5
2022,176669172,5
2022,176669193,5
2022,176669195,5
2022,177672923,4
2022,177672925,4
2022,177672935,4
2022,177672941,5
2022,177672944,5
2022,177672948,4
2022,177672953,5
2022,177672955,4
2022,177672957,5
2022,179975513,5
2022,179975517,4
2022,179975520,5
2022,179975521,5
2022,179975525,5
2022,179975528,5
2022,179975529,4
2022,181410816,4
2022,181410817,4
2022,181410820,5
2022,181410823,5
2022,181410824,4
2022,181410825,4
2022,181410826,5
2022,181410828,5
2022,181410829,4
2022,181410830,4
2022,181410831,4
2022,181410836,5
2022,181410837,4
2022,181410838,4
2022,174568357,5
2022,181410839,4
2022,181410842,5
2022,182139029,5
2022,182139030,4
2022,182139034,5
2022,182139042,5
2022,182710956,4
2022,182710957,5
2022,182710958,4
2022,182139047,4
2022,182139052,5
2022,182139062,5
2022,165258352,4
2022,174568359,5
2022,169797110,5
2022,174568360,5
2022,169797111,4
2022,176264635,5
2022,174548925,5
2022,174642714,4
2022,169797123,4
2022,169797126,4
2022,174718470,4
2022,174718471,5
2022,174642718,5
2022,169797130,5
2022,187628270,4
2022,174642721,4
2022,174718473,4
2022,187628271,6
2022,174718474,5
2022,174752741,4
2022,169797139,5
2022,169797149,5
2022,179971182,8
2022,174752742,4
2022,169797159,4
2022,174775001,4
2022,174775005,4
2022,169797162,4
2022,169797164,5
2022,174818204,4
2022,174818205,4
2022,174896678,4
2022,174896679,4
2022,174903991,4
2022,174903994,5
2022,174903998,4
2022,174904001,4
2022,174904006,4
2022,174975572,4
2022,174944189,5
2022,175028866,5
2022,175478313,4
2022,175478324,5
2022,175478326,4
2022,175510007,5
2022,175510008,5
2022,175121100,4
2022,175436768,4
2022,175478328,4
2022,175478340,4
2022,175510015,4
2022,175628792,5
2022,175631258,5
2022,175631261,4
2022,175631263,4
2022,175631267,4
2022,175708336,5
2022,169797185,4
2022,175708338,5
2022,175708342,5
2022,175708349,4
2022,175708350,4
2022,175708360,4
2022,175710988,4
2022,175710990,5
2022,175787376,4
2022,175710995,8
2022,175787378,4
2022,175787383,4
2022,176065727,5
2022,176087705,5
2022,175896603,5
2022,175845538,4
2022,175893695,4
2022,175893696,6
2022,175911439,4
2022,175911443,4
2022,176065729,5
2022,176065731,5
2022,176087719,5
2022,176107040,4
2022,176107041,4
2022,176202993,5
2022,176225108,4
2022,176225113,5
2022,176376448,8
2022,176228427,4
2022,176364081,4
2022,176364082,5
2022,176228430,4
2022,176287502,4
2022,176379691,4
2022,176376450,4
2022,176376451,4
2022,176379693,4
2022,176379694,4
2022,176379696,5
2022,176390871,4
2022,176523432,5
2022,169797196,5
2022,169797197,5
2022,176618192,4
2022,176648955,4
2022,176648967,4
2022,176672150,4
2022,176672155,4
2022,176669235,4
2022,176672161,4
2022,176686464,5
2022,176713912,4
2022,176686467,4
2022,180761229,4
2022,176713918,4
2022,176713921,5
2022,176713925,5
2022,176713927,5
2022,177010763,5
2022,171109690,5
2022,176713933,4
2022,176713934,5
2022,176923625,4
2022,177010769,4
2022,177010803,4
2022,177010809,4
2022,177010813,4
2022,177010822,5
2022,177307243,5
2022,179965724,4
2022,177307247,4
2022,177312338,4
2022,177451342,4
2022,177451343,4
2022,177451347,5
2022,177451348,5
2022,177481648,5
2022,177488631,5
2022,177488632,3
2022,177488641,5
2022,177505685,5
2022,177505686,5
2022,177505694,5
2022,177535562,5
2022,171109693,4
2022,177535564,4
2022,177535574,5
2022,177537764,4
2022,171109715,5
2022,171109717,5
2022,177537765,5
2022,177740227,4
2022,177740230,5
2022,171109739,5
2022,177713453,4
2022,177724111,4
2022,177803320,4
2022,177977241,4
2022,177803323,4
2022,177848699,4
2022,177848702,4
2022,171115996,4
2022,171116006,4
2022,171116007,5
2022,171116014,2
2022,177851015,5
2022,177851017,4
2022,177931485,4
2022,177977246,4
2022,177977250,5
2022,177977251,4
2022,177977252,4
2022,178074367,5
2022,178074368,5
2022,178074369,5
2022,177977261,5
2022,178074370,4
2022,178074374,4
2022,178074376,5
2022,178104951,4
2022,178237101,4
2022,185239066,5
2022,185239067,5
2022,178237104,4
2022,178237111,4
2022,178421438,5
2022,178421439,5
2022,178421443,5
2022,178237113,4
2022,178421461,4
2022,178421478,4
2022,179965736,4
2022,179965737,5
2022,179965738,5
2022,179965739,5
2022,179965740,5
2022,179965747,4
2022,179965752,5
2022,171116038,3
2022,183523129,5
2022,183523130,5
2022,180761231,4
2022,180761232,4
2022,179965769,4
2022,179965781,4
2022,179965782,4
2022,179965783,1
2022,179965784,4
2022,179965785,8
2022,179965792,4
2022,179965793,4
2022,179965795,4
2022,179965797,4
2022,183325871,1
2022,171116046,5
2022,172638116,5
2022,172638117,4
2022,172638118,4
2022,172638120,5
2022,171116057,4
2022,179965804,4
2022,179965805,4
2022,179965817,4
2022,179965819,4
2022,179965820,4
2022,179965826,5
2022,179965838,4
2022,179965839,4
2022,179965842,4
2022,179965849,4
2022,179965851,4
2022,179965853,4
2022,179965855,5
2022,179965859,5
2022,179965861,4
2022,179965868,4
2022,179965871,4
2022,179965874,5
2022,179965878,5
2022,179965887,4
2022,179965889,4
2022,179965894,5
2022,179965895,4
2022,179965907,4
2022,179965909,4
2022,179965911,5
2022,179965912,3
2022,179965921,4
2022,179965945,5
2022,174944063,4
2022,171116072,3
2022,179965949,5
2022,179965978,4
2022,179965982,4
2022,179965983,5
2022,179965984,5
2022,179965989,5
2022,179965990,5
2022,180403285,4
2022,182710972,4
2022,171116085,4
2022,172681336,5
2022,172681337,5
2022,172681347,4
2022,179971187,5
2022,172681370,4
2022,182710975,8
2022,182710976,3
2022,172681391,4
2022,172681394,5
2022,172681399,4
2022,172681407,4
2022,179966012,5
2022,179966016,5
2022,180362001,4
2022,180403286,5
2022,180409914,4
2022,172681424,5
2022,172681431,4
2022,180409923,5
2022,180761244,4
2022,180800555,4
2022,180809368,4
2022,180809374,4
2022,180868470,4
2022,180868471,4
2022,182068041,3
2022,180868477,4
2022,180927886,4
2022,180927887,4
2022,180927888,4
2022,180931798,4
2022,180988588,4
2022,180988589,5
2022,180988590,5
2022,180988591,4
2022,180988594,4
2022,180997551,4
2022,181063210,4
2022,181063211,4
2022,181069665,5
2022,181069666,4
2022,181097810,5
2022,181097811,5
2022,181097812,5
2022,181107224,5
2022,181107226,5
2022,181268297,4
2022,181278463,4
2022,181278464,4
2022,181278466,4
2022,172681440,4
2022,181469452,8
2022,172681442,5
2022,172681446,5
2022,185239076,4
2022,185239080,5
2022,172681464,4
2022,181469470,3
2022,181526848,4
2022,181795203,4
2022,181795204,4
2022,181795211,4
2022,181795228,3
2022,181818908,4
2022,181824808,4
2022,172681507,5
2022,172681508,5
2022,172681509,5
2022,172681510,5
2022,172681511,5
2022,182046122,4
2022,172681514,5
2022,175087439,4
2022,172681530,5
2022,181824814,5
2022,182046126,4
2022,185239087,4
2022,185239088,4
2022,185239089,4
2022,174939584,4
2022,174939585,4
2022,174939588,4
2022,174939589,4
2022,185239094,5
2022,182046128,4
2022,182059523,4
2022,182059526,4
2022,182059527,4
2022,182059528,5
2022,182059529,5
2022,182068045,4
2022,174939613,6
2022,174939624,4
2022,174939629,5
2022,174939642,2
2022,174939644,5
2022,182059544,5
2022,182103898,4
2022,182107394,5
2022,182107395,5
2022,182107396,5
2022,182107397,5
2022,182107398,4
2022,182107400,4
2022,182107403,4
2022,175628806,4
2022,174939645,4
2022,174939647,5
2022,174939651,5
2022,177448253,5
2022,174944073,4
2022,174944077,4
2022,174944079,5
2022,174944087,4
2022,174944094,4
2022,174944095,4
2022,175628813,5
2022,175628817,5
2022,175628829,4
2022,175628830,4
2022,174944111,4
2022,175628837,4
2022,174944115,2
2022,175628841,5
2022,174944120,4
2022,175628843,4
2022,176264645,4
2022,176264646,4
2022,175628844,5
2022,175628845,5
2022,175628847,4
2022,175628848,4
2022,175628852,5
2022,175628858,8
2022,175628867,4
2022,175628874,4
2022,175628876,4
2022,175628877,5
2022,175628878,4
2022,175628885,4
2022,175628886,4
2022,175628887,5
2022,175628888,4
2022,175628897,5
2022,175628911,4
2022,175628923,4
2022,175628924,4
2022,175628936,4
2022,174944124,5
2022,176240708,5
2022,176432991,4
2022,174944131,4
2022,182710995,5
2022,182710996,4
2022,182710997,5
2022,176432992,5
2022,174944150,5
2022,177463852,4
2022,177463853,4
2022,177535575,4
2022,177535578,4
2022,178058456,5
2022,174944158,5
2022,174944159,2
2022,178089413,5
2022,178255029,4
2022,179966137,5
2022,180761250,5
2022,180782725,5
2022,180913548,5
2022,175081937,5
2022,175081938,5
2022,172972646,5
2022,172972666,4
2022,172972671,4
2022,174818210,5
2022,175087444,5
2022,175087448,5
2022,175087454,5
2022,174926650,5
2022,175087470,5
2022,175087471,5
2022,175087483,4
2022,175087488,4
2022,175087503,5
2022,175087506,5
2022,175087520,2
2022,175087525,5
2022,174926664,5
2022,187774566,5
2022,177448261,6
2022,175090915,3
2022,175090916,4
2022,175090917,2
2022,175090921,4
2022,175783357,5
2022,175783363,4
2022,175783365,5
2022,175783372,4
2022,175783373,4
2022,175783386,4
2022,187628284,5
2022,175787234,4
2022,175787235,5
2022,182711009,5
2022,175787267,4
2022,175787282,4
2022,175787288,4
2022,175787291,1
2022,175787303,4
2022,175787304,4
2022,175787310,4
2022,174926667,4
2022,174926678,2
2022,187628288,5
2022,175787338,4
2022,175845345,5
2022,175845348,5
2022,175845350,5
2022,175845371,5
2022,175845375,4
2022,185239122,6
2022,175845384,3
2022,175845388,4
2022,187774567,3
2022,174926679,5
2022,174926681,5
2022,174926685,4
2022,174926689,5
2022,185239125,4
2022,175845409,3
2022,175845411,4
2022,174926692,5
2022,175845428,4
2022,177448267,5
2022,174926693,5
2022,174944201,5
2022,177448269,5
2022,175845444,4
2022,175845454,4
2022,175845461,4
2022,175845462,4
2022,175845463,4
2022,175845472,4
2022,175845480,4
2022,175845482,5
2022,179971226,8
2022,174944202,4
2022,174957276,4
2022,175055745,5
2022,175081946,5
2022,175081953,5
2022,175081956,5
2022,175085176,5
2022,175085185,5
2022,175085186,4
2022,175085192,5
2022,176364093,5
2022,176364097,5
2022,176364098,4
2022,176364099,4
2022,176364100,5
2022,176364101,4
2022,176364102,5
2022,176364103,5
2022,176364104,5
2022,176364105,5
2022,176364106,4
2022,176364109,5
2022,176368352,5
2022,176368353,5
2022,176368354,4
2022,177724112,5
2022,177732375,5
2022,177732376,4
2022,177732381,5
2022,177732382,5
2022,177732383,5
2022,178237116,4
2022,178237117,5
2022,178243798,5
2022,185239152,5
2022,177448272,1
2022,178243804,4
2022,176287288,4
2022,178243807,4
2022,176287294,5
2022,179966520,5
2022,179971228,4
2022,177448274,5
2022,179966524,5
2022,176287304,4
2022,179966526,5
2022,179966528,5
2022,179966534,2
2022,176287312,4
2022,176287316,4
2022,176287317,4
2022,176287318,4
2022,176287319,6
2022,176287328,5
2022,177448276,5
2022,177448277,5
2022,179966534,4
2022,182439288,5
2022,176287334,3
2022,176287371,5
2022,176287386,4
2022,176287388,4
2022,176287419,4
2022,176287420,4
2022,176287425,5
2022,176287426,5
2022,176287427,1
2022,176287428,5
2022,176287429,5
2022,176287430,5
2022,176287443,5
2022,176287450,4
2022,185239184,5
2022,179971245,5
2022,182439310,5
2022,177451125,5
2022,185239198,4
2022,177451166,5
2022,177451167,5
2022,177451195,4
2022,187628293,4
2022,187628294,4
2022,177451201,4
2022,177451213,5
2022,177451214,4
2022,177451224,5
2022,177451225,4
2022,177451226,4
2022,177451232,4
2022,177451233,4
2022,177451254,4
2022,177451255,6
2022,179971267,5
2022,179971270,4
2022,179971271,4
2022,179971276,5
2022,179971278,5
2022,179971291,5
2022,187628301,5
2022,182781158,4
2022,179971299,5
2022,185239240,5
2022,179971321,4
2022,187628304,5
2022,187628305,5
2022,185239255,4
2022,187628306,4
2022,179971368,5
2022,179971371,5
2022,179971373,4
2022,179971374,4
2022,179971375,6
2022,182781170,5
2022,179971392,5
2022,179971395,4
2022,179971396,4
2022,182781172,4
2022,182781174,4
2022,185239263,3
2022,185239265,5
2022,182781195,5
2022,187628311,4
2022,182781209,4
2022,182781215,4
2022,182781220,5
2022,182781221,4
2022,182781239,5
2022,182781240,5
2022,185239281,4
2022,185239285,5
2022,185239286,5
2022,185239289,5
2022,185239295,4
2022,185239297,1
2022,182439330,5
2022,182781287,5
2022,182781288,6
2022,182781299,4
2022,182781301,4
2022,182781304,3
2022,187628318,5
2022,185245198,4
2022,185245203,5
2022,186977695,6
2022,185245208,3
2022,185245210,4
2022,187774570,5
2022,187774571,5
2022,185245243,4
2022,185245244,5
2022,185245248,5
2022,185245249,5
2022,182439335,5
2022,185245272,4
2022,185245277,4
2022,185245284,5
2022,185245285,5
2022,185245307,5
2022,185245308,5
2022,185245314,5
2022,185245322,4
2022,187774573,5
2022,185245333,4
2022,185245335,4
2022,185245342,4
2022,185245343,5
2022,185245345,5
2022,185245346,4
2022,185245347,4
2022,185245348,4
2022,168320911,5
2022,168320912,5
2022,168320913,4
2022,168320917,5
2022,168320919,5
2022,168320921,5
2022,168320922,4
2022,169130505,5
2022,168320923,4
2022,168375193,4
2022,168320927,4
2022,168475580,5
2022,168586141,4
2022,169051981,5
2022,169664261,5
2022,182439337,4
2022,182439340,5
2022,171305207,5
2022,169800017,4
2022,170189968,5
2022,170500138,5
2022,170516393,4
2022,170966434,4
2022,170966436,5
2022,171510613,4
2022,173177077,4
2022,171240703,4
2022,171333318,5
2022,171268288,5
2022,171546316,4
2022,171978585,4
2022,171305208,5
2022,171305246,4
2022,171305247,5
2022,171305271,4
2022,171305305,5
2022,174492204,4
2022,173646354,4
2022,173104810,4
2022,173053929,5
2022,173385057,4
2022,173671029,5
2022,173671032,4
2022,173671034,4
2022,171305306,4
2022,173637789,5
2022,173637804,4
2022,173637805,4
2022,173637807,5
2022,173637808,5
2022,173637822,4
2022,173637823,4
2022,173637828,4
2022,175908490,4
2022,175908491,4
2022,173637855,5
2022,173637856,4
2022,173637875,5
2022,175911471,5
2022,175911474,5
2022,175911500,5
2022,175911514,5
2022,175911541,5
2022,175911542,5
2022,175911543,5
2022,175911544,5
2022,175911559,5
2022,175911561,4
2022,175911568,5
2022,175911581,4
2022,175911582,4
2022,175911592,4
2022,175911593,4
2022,175911594,4
2022,175911596,5
2022,179968244,5
2022,179968267,5
2022,179968278,5
2022,179968285,5
2022,179968320,5
2022,179968351,5
2022,182864512,5
2022,182864513,4
2022,182864514,4
2022,182864517,5
2022,182946593,4
2022,174860731,5
2022,173696200,4
2022,174088250,4
2022,174724886,5
2022,174724887,4
2022,174724888,5
2022,174724889,4
2022,174648592,5
2022,174724890,5
2022,175794370,4
2022,176070577,4
2022,176114337,4
2022,176407179,5
2022,176369965,5
2022,176369966,5
2022,176114340,4
2022,176293934,5
2022,176293935,4
2022,177840143,4
2022,179961449,4
2022,182889134,5
2022,179961452,5
2022,179961453,5
2022,179961454,5
2022,179961455,5
2022,179961461,4
2022,178435688,5
2022,182950606,4
2022,179961466,5
2022,179961467,4
2022,179961469,5
2022,179961473,4
2022,182950607,5
2022,182950615,4
2022,179961481,4
2022,179961486,5
2022,182986575,5
2022,180391550,5
2022,182986602,4
2022,180884756,5
2022,166955655,4
2022,166955656,4
2022,182986604,4
2022,182986615,5
2022,167047371,4
2022,167047372,5
2022,167047373,5
2022,168321045,5
2022,168321046,5
2022,182986616,5
2022,182986623,5
2022,182986626,4
2022,182986627,4
2022,182986633,5
2022,182986645,5
2022,183051766,4
2022,169341068,4
2022,183051768,4
2022,183523209,4
2022,183076654,4
2022,169899032,4
2022,170875824,4
2022,170875828,5
2022,170957040,4
2022,172292974,5
2022,172766139,4
2022,173294129,4
2022,174471572,6
2022,174939678,5
2022,176364046,4
2022,183076676,5
2022,183523271,4
2022,183523278,5
2022,183523287,5
2022,183523315,5
2022,183523320,5
2022,183523391,4
2022,177010685,4
2022,177010687,4
2022,177502539,5
2022,177502540,5
2022,183523403,5
2022,165774044,4
2022,179962139,2
2022,179962143,4
2022,179962144,5
2022,179962154,2
2022,179962155,5
2022,179962164,5
2022,180361987,4
2022,180868375,4
2022,181097793,4
2022,165774047,4
2022,180804632,4
2022,180808221,5
2022,180804640,5
2022,180804641,4
2022,165774055,5
2022,180808224,5
2022,180804646,4
2022,180808225,4
2022,180804656,4
2022,180804658,4
2022,180808228,5
2022,180808230,4
2022,180804670,4
2022,180804671,5
2022,180804673,5
2022,180804674,5
2022,180804684,4
2022,180808232,5
2022,180804686,5
2022,180804687,5
2022,181092180,4
2022,181092181,4
2022,161880369,4
2022,163123738,4
2022,179964738,4
2022,179964739,4
2022,179964740,4
2022,179964741,4
2022,163123739,4
2022,165774064,5
2022,165826291,5
2022,162837568,4
2022,163043946,4
2022,163048857,4
2022,163947091,5
2022,164202912,5
2022,163043947,8
2022,163947092,4
2022,163959483,5
2022,176293936,4
2022,164821268,4
2022,164821269,4
2022,165207968,4
2022,164821271,4
2022,164821272,4
2022,164821274,8
2022,175783393,4
2022,174818162,4
2022,179964742,6
2022,165353086,4
2022,179964743,4
2022,166965774,4
2022,169031498,5
2022,169564275,3
2022,168322715,2
2022,167329722,4
2022,167126170,4
2022,167138503,4
2022,168322719,5
2022,167336871,4
2022,168322720,5
2022,165774065,5
2022,164084426,4
2022,168322729,4
2022,174849334,4
2022,168654877,4
2022,169379707,4
2022,168654880,2
2022,168322741,4
2022,168322742,4
2022,168560721,4
2022,169902588,4
2022,165774080,4
2022,169052014,4
2022,168654886,4
2022,168824865,4
2022,169031499,5
2022,170062798,4
2022,170062799,4
2022,179964744,5
2022,179964745,4
2022,169379710,4
2022,165774081,5
2022,179964747,5
2022,170966438,5
2022,179964749,4
2022,169714252,4
2022,169639598,5
2022,170036079,5
2022,169664645,4
2022,169664646,4
2022,164084429,5
2022,169902589,2
2022,170036081,4
2022,169902593,4
2022,170087649,4
2022,179964750,2
2022,172578281,4
2022,171161106,4
2022,171161109,5
2022,171161110,5
2022,171161111,5
2022,179964751,4
2022,171161113,4
2022,170957042,4
2022,171116094,5
2022,171161115,4
2022,171152487,5
2022,174818164,4
2022,186706247,4
2022,174818166,4
2022,171116097,4
2022,179964752,5
2022,171805452,5
2022,168324650,4
2022,171805453,4
2022,171570446,5
2022,164084431,4
2022,172001152,5
2022,168324665,4
2022,171570448,5
2022,171805455,4
2022,171805456,4
2022,172549819,4
2022,172356111,5
2022,168324668,5
2022,168324673,4
2022,169592136,5
2022,165774098,5
2022,174752701,4
2022,172880669,5
2022,173080295,4
2022,172684894,4
2022,172700864,4
2022,172941251,4
2022,172681545,5
2022,173294132,5
2022,173080298,4
2022,172877417,5
2022,179964758,4
2022,173294134,4
2022,173378177,5
2022,174818173,4
2022,169592150,5
2022,179964759,4
2022,185705173,6
2022,173664381,5
2022,169592171,4
2022,173556130,4
2022,169592178,5
2022,169592181,4
2022,169592184,5
2022,169592185,5
2022,169592186,5
2022,171305309,4
2022,171305317,5
2022,171305318,5
2022,171305319,4
2022,186610629,5
2022,173640051,5
2022,177448326,5
2022,172972675,4
2022,172972676,4
2022,172972676,6
2022,172972679,4
2022,172972680,5
2022,172972681,4
2022,172972682,5
2022,172972687,2
2022,172972687,3
2022,172972687,4
2022,182641410,4
2022,184644516,5
2022,162323912,4
2022,162606667,4
2022,162792561,4
2022,162826965,5
2022,174762582,4
2022,175783396,5
2022,162826966,4
2022,162847695,4
2022,163513719,4
2022,174774957,5
2022,174762584,8
2022,163513720,4
2022,163520874,5
2022,164071842,5
2022,174818179,4
2022,175004273,5
2022,164102818,4
2022,164376967,4
2022,164677443,5
2022,164677444,5
2022,164899460,4
2022,174762590,5
2022,175004279,5
2022,179964763,5
2022,179964764,5
2022,186706249,5
2022,186706250,1
2022,177824138,3
2022,175491050,4
2022,175783398,4
2022,175491053,4
2022,176087486,4
2022,175783401,5
2022,184048403,4
2022,165208038,5
2022,165657275,5
2022,179964766,4
2022,179964767,4
2022,177723985,4
2022,176109891,5
2022,181548299,5
2022,177307181,5
2022,179964771,5
2022,176337190,4
2022,179964775,5
2022,179964776,4
2022,179964777,5
2022,176337191,4
2022,179964780,5
2022,176523394,4
2022,176523395,4
2022,177723987,4
2022,177672964,4
2022,177931450,5
2022,177672965,4
2022,179964787,4
2022,178104898,4
2022,178058421,5
2022,179964789,4
2022,166974067,5
2022,179964792,4
2022,179964796,5
2022,186254835,5
2022,179964804,4
2022,179964810,5
2022,182625699,5
2022,179964825,2
2022,180804698,5
2022,179964830,4
2022,179964838,5
2022,180399579,5
2022,180403235,1
2022,180403235,3
2022,180410951,2
2022,180997507,4
2022,180997508,4
2022,180996164,4
2022,181069595,4
2022,183409575,5
2022,166960928,4
2022,166960929,4
2022,166960930,5
2022,166974068,3
2022,167098115,5
2022,167105304,4
2022,186706252,5
2022,181632184,3
2022,181410847,4
2022,181526832,5
2022,164502698,4
2022,164502702,4
2022,164502703,5
2022,164502704,4
2022,164502706,5
2022,167152733,4
2022,164502711,5
2022,164904087,5
2022,164502715,5
2022,168329186,5
2022,164502720,4
2022,164502721,5
2022,164502722,5
2022,167303374,4
2022,167111256,4
2022,164502724,4
2022,164904088,4
2022,164904089,5
2022,168329200,1
2022,168666609,4
2022,169960453,1
2022,169960454,4
2022,170007955,4
2022,165826296,5
2022,165826297,5
2022,167111263,4
2022,167111266,5
2022,169778371,5
2022,169912149,5
2022,176618096,4
2022,167411162,5
2022,168323560,4
2022,168323562,4
2022,168323565,5
2022,169912152,5
2022,169956316,5
2022,168323567,4
2022,168323571,4
2022,168323572,4
2022,170298599,5
2022,168323574,4
2022,168323575,5
2022,168605884,4
2022,170648613,4
2022,169902596,4
2022,169902597,5
2022,169902599,4
2022,169902600,4
2022,169902604,4
2022,171510226,4
2022,169902605,4
2022,169902608,5
2022,169902609,4
2022,169902610,5
2022,169902611,5
2022,171456662,4
2022,171830724,5
2022,171830725,5
2022,171830726,5
2022,171830727,5
2022,171830728,5
2022,171830729,5
2022,171830730,5
2022,171830731,5
2022,171949348,4
2022,172350382,5
2022,172364842,5
2022,172526131,4
2022,172579101,4
2022,172972987,4
2022,173524687,4
2022,173517114,4
2022,173685087,4
2022,173692381,4
2022,174458121,4
2022,169960312,4
2022,171456663,4
2022,170154746,4
2022,172766145,4
2022,172766148,4
2022,173018713,4
2022,176618099,5
2022,176618101,4
2022,174975575,5
2022,176618105,8
2022,176618109,5
2022,176618112,5
2022,176618123,4
2022,176618124,4
2022,176618131,5
2022,176618141,4
2022,176618142,5
2022,176618143,5
2022,176618145,5
2022,176618149,5
2022,178074336,4
2022,178074337,5
2022,178452062,4
2022,179966103,5
2022,179966104,4
2022,179966105,5
2022,179966107,4
2022,179966110,4
2022,181069607,5
2022,181069610,5
2022,181069611,5
2022,181069613,5
2022,181069614,5
2022,182464868,4
2022,182464869,5
2022,182464875,5
2022,182464881,5
2022,174975576,5
2022,175084437,4
2022,175787387,5
2022,175908501,4
2022,176079106,4
2022,176390877,5
2022,174568244,5
2022,174568245,5
2022,174568246,5
2022,174568248,4
2022,176390880,4
2022,176923630,4
2022,179974965,4
2022,177502909,4
2022,177502910,4
2022,177502911,4
2022,177502912,4
2022,177537768,4
2022,177537769,4
2022,177837991,4
2022,178058457,4
2022,178237118,5
2022,179974971,5
2022,179974979,5
2022,179975000,4
2022,179975004,5
2022,179975008,5
2022,180991231,4
2022,180819167,5
2022,180991234,4
2022,173667299,5
2022,173667300,5
2022,173667301,4
2022,173667306,5
2022,173667307,4
2022,174087037,5
2022,174471641,5
2022,174471643,5
2022,174491516,4
2022,174478565,5
2022,174478567,5
2022,174478570,3
2022,174478570,4
2022,174478574,5
2022,174488724,4
2022,174488725,4
2022,174491519,4
2022,174491520,4
2022,174491522,5
2022,174644536,5
2022,174568266,5
2022,174568267,4
2022,174644537,5
2022,174644540,5
2022,174661354,4
2022,174661357,4
2022,174568272,5
2022,174661359,5
2022,174661361,5
2022,174661363,5
2022,174661375,5
2022,174568282,5
2022,174568286,5
2022,174661376,5
2022,174661383,5
2022,174568291,5
2022,174568292,2
2022,174568292,4
2022,174568296,4
2022,174661977,4
2022,174663024,5
2022,174568305,5
2022,174568309,5
2022,174663025,4
2022,174663026,5
2022,174663238,4
2022,176344856,5
2022,185104919,5
2022,176344858,4
2022,176344866,5
2022,176344867,5
2022,176344868,4
2022,176344869,4
2022,174568318,5
2022,174975555,5
2022,175023294,4
2022,175023296,4
2022,176344870,4
2022,176344874,5
2022,176395183,4
2022,176264682,5
2022,178138866,5
2022,178138867,5
2022,178138874,4
2022,178138875,4
2022,178104901,4
2022,179968916,4
2022,179968926,4
2022,181268259,4
2022,181268261,5
2022,186979322,4
2022,177507803,5
2022,177507804,4
2022,177507809,4
2022,177507818,5
2022,172766153,4
2022,172885121,5
2022,172880672,5
2022,172880682,5
2022,172880689,5
2022,172880690,4
2022,172880693,4
2022,172880694,4
2022,172880695,5
2022,173015318,4
2022,173783262,5
2022,173783263,5
2022,173783265,4
2022,173783272,4
2022,174939681,4
2022,174939682,5
2022,174648598,5
2022,174939688,5
2022,176426777,5
2022,174939690,4
2022,175491056,5
2022,175783408,5
2022,175945572,5
2022,175945575,4
2022,175945576,5
2022,175945577,5
2022,177733081,2
2022,177733084,5
2022,177733093,4
2022,177733098,4
2022,177733113,4
2022,177733114,5
2022,177733115,5
2022,177733116,5
2022,177733117,5
2022,177733118,4
2022,177733119,4
2022,177733121,6
2022,172786295,5
2022,172786296,5
2022,172786299,4
2022,174648602,5
2022,174648603,5
2022,172786303,5
2022,180884760,4
2022,173023309,5
2022,177673067,5
2022,173168904,4
2022,174088254,5
2022,174479208,5
2022,174960129,4
2022,173778485,4
2022,174320252,5
2022,174648609,4
2022,174939700,4
2022,177673069,5
2022,177673070,5
2022,179975290,5
2022,179975295,5
2022,179975296,6
2022,179975311,4
2022,179975315,4
2022,179975319,5
2022,182343730,5
2022,188055313,4
2022,174648613,4
2022,165948700,5
2022,174824471,4
2022,174930056,4
2022,174939701,4
2022,174824472,5
2022,167436128,5
2022,177529127,5
2022,177750427,5
2022,175708298,5
2022,175662307,4
2022,175436737,5
2022,177529132,5
2022,177529133,5
2022,177529134,5
2022,177529135,4
2022,177750428,4
2022,177529148,5
2022,177529149,5
2022,177854294,4
2022,167436129,5
2022,175893707,4
2022,175893708,4
2022,175893709,4
2022,169120236,5
2022,178138933,5
2022,179961553,5
2022,181810505,5
2022,188055347,5
2022,174083252,5
2022,174083260,5
2022,174083264,5
2022,174083267,5
2022,174083268,5
2022,174083271,4
2022,174083272,4
2022,174083274,4
2022,174083285,5
2022,174083288,5
2022,174083291,5
2022,174083293,4
2022,174083296,5
2022,174083297,4
2022,174083301,5
2022,174083311,5
2022,174083312,5
2022,174083313,5
2022,174083318,4
2022,174083340,5
2022,174083345,5
2022,174083348,5
2022,174083364,4
2022,174083365,4
2022,184060972,4
2022,177740237,4
2022,177742059,5
2022,177803324,4
2022,177803325,4
2022,178237121,5
2022,178237122,4
2022,178421485,4
2022,178421490,5
2022,178429641,4
2022,178429643,4
2022,179961004,4
2022,179961007,5
2022,179961022,4
2022,179961024,5
2022,179961025,4
2022,179961035,4
2022,179961038,5
2022,179961047,4
2022,178197278,4
2022,179961050,4
2022,179961060,4
2022,181818808,3
2022,179961085,5
2022,179969422,4
2022,179961090,4
2022,179961103,5
2022,179961105,4
2022,179961128,4
2022,179969433,5
2022,179969439,5
2022,181518724,5
2022,179969451,4
2022,179969458,4
2022,179969459,5
2022,179969460,5
2022,179969461,5
2022,181518726,4
2022,181518727,4
2022,179961138,5
2022,179961142,4
2022,179961149,5
2022,179961151,4
2022,179961152,4
2022,180761253,5
2022,180799064,4
2022,180800558,5
2022,180800562,5
2022,180800563,4
2022,180808415,4
2022,179969468,5
2022,180884766,4
2022,180884767,4
2022,181518733,4
2022,181004224,5
2022,180808416,4
2022,180809380,4
2022,180809385,5
2022,180913551,5
2022,180927899,5
2022,180927900,5
2022,180927901,4
2022,183059054,5
2022,183604393,5
2022,180927905,4
2022,180927906,4
2022,180988599,5
2022,180979580,5
2022,180988607,5
2022,180988613,4
2022,173312208,5
2022,180988620,5
2022,173312209,5
2022,173312210,5
2022,173312211,5
2022,173312212,5
2022,180988621,5
2022,180997555,5
2022,168326052,4
2022,168326054,5
2022,180997556,5
2022,181588502,4
2022,168326058,4
2022,181097818,5
2022,181018351,5
2022,162033760,5
2022,181097820,5
2022,162420280,5
2022,163915829,4
2022,163915830,4
2022,181097828,4
2022,181097833,4
2022,181410892,5
2022,181410896,4
2022,181609052,4
2022,181609058,5
2022,181609062,4
2022,181784931,5
2022,168326068,4
2022,168326069,4
2022,164084339,5
2022,164084343,4
2022,168326072,4
2022,164084348,5
2022,163915855,5
2022,163915863,4
2022,163915869,5
2022,163915871,5
2022,163915880,5
2022,163915882,5
2022,168326077,4
2022,163915897,4
2022,164084355,4
2022,168326086,4
2022,168326088,5
2022,168326089,4
2022,168326090,4
2022,164202920,4
2022,164502727,4
2022,164578338,5
2022,164578339,5
2022,164578347,4
2022,164738755,4
2022,164738756,5
2022,181784934,5
2022,181818810,5
2022,181818811,5
2022,181818816,5
2022,182138922,3
2022,182426832,4
2022,182986672,5
2022,186982714,5
2022,168326097,4
2022,165207983,5
2022,168326102,4
2022,165207992,4
2022,168326111,5
2022,184150417,5
2022,167141529,4
2022,168326122,4
2022,168326125,4
2022,168326134,4
2022,182986675,5
2022,183051780,5
2022,183076696,5
2022,183094692,4
2022,183325893,4
2022,168326146,5
2022,168326147,4
2022,168326151,4
2022,168326153,4
2022,168326157,4
2022,183325894,5
2022,183953655,5
2022,184019930,5
2022,184306240,5
2022,188616144,5
2022,168326164,4
2022,168326167,4
2022,168326176,4
2022,168326179,4
2022,184306241,4
2022,184306242,5
2022,184570948,4
2022,168326185,4
2022,168326187,4
2022,168326190,4
2022,168889788,5
2022,168326206,5
2022,179970288,8
2022,168326220,4
2022,185383791,4
2022,185383791,8
2022,185383793,4
2022,186397913,5
2022,174038720,5
2022,174083388,5
2022,174318982,4
2022,176379706,5
2022,177461883,3
2022,177461883,4
2022,179961644,5
2022,182594650,5
2022,168326224,5
2022,168326225,5
2022,168326230,5
2022,168326231,5
2022,182594651,4
2022,168332581,4
2022,161608006,2
2022,175659751,4
2022,168830917,4
2022,168612540,4
2022,168830919,5
2022,168579717,4
2022,168830921,5
2022,168579719,5
2022,168889789,5
2022,168612542,4
2022,168889791,5
2022,168830922,5
2022,168744039,4
2022,169599992,4
2022,169599993,4
2022,168889794,4
2022,168889795,4
2022,172358956,4
2022,169361434,5
2022,169385235,5
2022,169567418,4
2022,169656674,4
2022,161760313,4
2022,161760314,4
2022,162784667,5
2022,162784668,4
2022,162485688,5
2022,162671949,4
2022,162849253,5
2022,162801047,4
2022,163044028,5
2022,163044029,4
2022,163044031,4
2022,163769267,5
2022,163769268,5
2022,163904196,4
2022,163904197,4
2022,163904198,5
2022,163904199,5
2022,163916104,5
2022,163916105,5
2022,163769269,4
2022,163001600,4
2022,163947153,4
2022,163947154,5
2022,163044038,4
2022,163947156,5
2022,164904163,5
2022,164084458,5
2022,164084459,5
2022,163737743,4
2022,164921543,5
2022,174752743,5
2022,164122569,4
2022,165208041,5
2022,165093728,5
2022,164376968,4
2022,164599780,4
2022,164904176,4
2022,165208047,5
2022,165141070,4
2022,165141071,4
2022,165141072,5
2022,165040917,5
2022,168789114,5
2022,169951110,5
2022,165353170,4
2022,167111312,4
2022,165818954,4
2022,165757948,4
2022,169973388,4
2022,169905062,4
2022,170087664,4
2022,166960941,5
2022,166960942,5
2022,166572614,5
2022,170013552,4
2022,173646367,5
2022,170189981,4
2022,170087670,4
2022,170516396,4
2022,166572615,5
2022,166572616,5
2022,167121043,1
2022,170273737,4
2022,170273737,6
2022,170872046,4
2022,171119239,5
2022,170807136,4
2022,170807137,4
2022,170871234,5
2022,166994519,4
2022,166471146,4
2022,166471147,5
2022,166960945,5
2022,166960946,5
2022,166960947,4
2022,166960948,4
2022,167138547,4
2022,167138548,4
2022,167098116,4
2022,171164179,4
2022,171510615,4
2022,171191164,4
2022,171510616,4
2022,175715645,4
2022,171776972,4
2022,171776973,4
2022,167098120,4
2022,167200891,5
2022,167121046,5
2022,167121047,5
2022,167132063,5
2022,167132064,5
2022,172358957,4
2022,171967723,5
2022,171967724,4
2022,172358958,4
2022,171967726,4
2022,173646371,4
2022,172946466,4
2022,172579274,4
2022,172579275,5
2022,167137312,4
2022,172946467,4
2022,172885122,4
2022,173104818,4
2022,183128722,4
2022,173473254,5
2022,173473255,4
2022,174183253,5
2022,173312221,5
2022,173312222,4
2022,173385068,5
2022,173646373,4
2022,173517763,5
2022,173517764,4
2022,179970291,4
2022,173696205,5
2022,173783276,4
2022,173783277,5
2022,167137314,5
2022,168320964,5
2022,174960133,4
2022,174459362,4
2022,171305333,5
2022,168320965,5
2022,168320974,3
2022,168320975,4
2022,167329769,5
2022,168320977,5
2022,168320979,5
2022,174752744,5
2022,174752745,5
2022,174479216,4
2022,174752746,5
2022,168320981,4
2022,168320982,4
2022,168320988,5
2022,168320992,4
2022,168320997,4
2022,168321001,5
2022,168321002,4
2022,168321003,4
2022,168321017,5
2022,168321018,5
2022,168321020,3
2022,168475583,4
2022,168532203,4
2022,169341061,5
2022,168605822,5
2022,168666546,4
2022,168789115,5
2022,168560700,4
2022,168789118,4
2022,168789119,4
2022,169031482,4
2022,168881579,4
2022,168789121,4
2022,168881581,5
2022,169079712,4
2022,170046563,4
2022,169639619,5
2022,174571871,4
2022,169379802,5
2022,169626140,2
2022,169626141,2
2022,169592205,4
2022,169592206,4
2022,169899062,4
2022,169639621,4
2022,169405378,4
2022,169626142,4
2022,169626143,2
2022,169626144,2
2022,170036058,5
2022,170036059,5
2022,170023503,5
2022,170023504,5
2022,170036060,5
2022,170036061,5
2022,169912157,5
2022,169956287,5
2022,174724901,4
2022,179970292,4
2022,169956288,5
2022,175094062,4
2022,169914753,4
2022,174927631,4
2022,169899064,5
2022,175033602,4
2022,175063729,4
2022,176098532,4
2022,169817644,4
2022,169960267,5
2022,186458622,4
2022,186458623,4
2022,186458624,4
2022,176098536,4
2022,176244709,5
2022,176244710,4
2022,176528611,3
2022,171305336,5
2022,169914758,4
2022,169956291,4
2022,176528613,4
2022,170840219,4
2022,170023512,4
2022,170046572,4
2022,171103982,4
2022,171305339,5
2022,170648618,4
2022,176431329,5
2022,170840220,4
2022,170500159,5
2022,171103984,5
2022,171805527,5
2022,170950708,5
2022,171805529,5
2022,170950709,4
2022,171387171,4
2022,171387172,4
2022,171224887,4
2022,171224888,4
2022,171734649,3
2022,171224889,4
2022,171805530,4
2022,171224890,4
2022,171805532,5
2022,172046200,4
2022,172046201,4
2022,171805538,5
2022,171830734,4
2022,172293151,5
2022,171734651,3
2022,171709076,5
2022,171785701,2
2022,171709079,5
2022,171709080,5
2022,173018858,4
2022,174175319,5
2022,176431330,4
2022,177067032,4
2022,177067035,5
2022,177317078,4
2022,177529153,4
2022,172356152,4
2022,172356153,5
2022,172999798,4
2022,173018860,5
2022,172877435,4
2022,172941283,5
2022,172999801,5
2022,172999806,5
2022,173015379,5
2022,173018861,5
2022,173040699,4
2022,173040702,5
2022,173040703,5
2022,173637890,5
2022,173637891,5
2022,173395401,5
2022,173395402,5
2022,173395403,4
2022,173637893,4
2022,173395404,5
2022,173307748,4
2022,173307749,4
2022,173524694,4
2022,173524701,4
2022,177733126,4
2022,179970299,4
2022,177854305,4
2022,177854306,5
2022,177840146,4
2022,178154864,5
2022,178154865,4
2022,178154866,5
2022,177993346,4
2022,179970305,5
2022,174175322,4
2022,178250392,4
2022,179970306,3
2022,179970308,5
2022,174175323,4
2022,174038722,4
2022,174038723,4
2022,173704228,5
2022,174540846,5
2022,179970316,4
2022,179970317,4
2022,182079809,4
2022,179970322,4
2022,179970346,4
2022,174485265,5
2022,174485266,5
2022,174485267,5
2022,174406027,4
2022,186262502,5
2022,179970360,4
2022,179970365,4
2022,179970374,5
2022,180884771,4
2022,180884772,4
2022,179970380,5
2022,174557566,5
2022,174462591,4
2022,187687436,4
2022,180766413,4
2022,179981370,5
2022,180388717,5
2022,180992413,4
2022,180822145,4
2022,174639462,5
2022,180933077,4
2022,180992415,5
2022,181004228,4
2022,181011655,5
2022,181011656,4
2022,175090927,4
2022,175090928,4
2022,175090931,5
2022,175090946,5
2022,175090955,4
2022,175090961,4
2022,175090965,5
2022,175090969,5
2022,176098538,5
2022,176369971,4
2022,179974929,4
2022,179974930,5
2022,177837051,5
2022,174639463,5
2022,183409935,4
2022,180808242,5
2022,180808244,4
2022,180808246,5
2022,180808249,4
2022,180808250,4
2022,180808254,4
2022,180808260,5
2022,180808261,5
2022,180808262,5
2022,180808263,5
2022,180808267,4
2022,180808268,4
2022,180808269,4
2022,180808275,5
2022,180808277,5
2022,180808281,4
2022,180808283,4
2022,180808286,5
2022,180808292,4
2022,180808293,5
2022,180808294,4
2022,180808297,4
2022,180808298,5
2022,180808301,4
2022,180812126,4
2022,180808308,5
2022,180808312,4
2022,180804705,5
2022,180808315,4
2022,180804706,4
2022,180804707,5
2022,180808316,5
2022,180808317,5
2022,180808319,4
2022,174540847,5
2022,180808323,4
2022,180808324,5
2022,180808325,5
2022,180808326,5
2022,180808327,5
2022,180808329,4
2022,180808331,5
2022,180808334,5
2022,180808335,5
2022,180808339,5
2022,180808340,4
2022,180808346,4
2022,180804713,4
2022,180804716,4
2022,180808348,4
2022,180808349,4
2022,180808350,4
2022,180804720,5
2022,180804721,4
2022,180808351,4
2022,180804724,5
2022,180808356,5
2022,180812130,5
2022,180812131,5
2022,180812132,5
2022,180808363,4
2022,180808365,5
2022,180808366,4
2022,180808367,5
2022,180808372,4
2022,180808373,5
2022,180808374,5
2022,180808375,4
2022,180808379,5
2022,180808380,5
2022,180808381,5
2022,180808382,4
2022,180808384,5
2022,180808386,4
2022,180808387,5
2022,184824245,5
2022,180808390,5
2022,180884777,3
2022,180808391,5
2022,180808393,4
2022,180799058,5
2022,180825464,4
2022,181020258,4
2022,180933078,4
2022,175042879,5
2022,174939735,4
2022,175023331,5
2022,175491085,4
2022,174939736,4
2022,175117812,5
2022,185528817,4
2022,185340290,5
2022,185705174,5
2022,174939738,4
2022,175087576,4
2022,175631272,2
2022,176337239,4
2022,175893713,4
2022,175893714,4
2022,175893715,4
2022,176107044,3
2022,175628946,5
2022,175708372,5
2022,175708373,4
2022,175708375,4
2022,175845553,3
2022,176337240,4
2022,175908508,4
2022,176197168,4
2022,176225121,5
2022,176225122,5
2022,176026940,4
2022,176264740,3
2022,185340293,5
2022,176264741,4
2022,176432995,8
2022,168332302,5
2022,168332305,4
2022,168332309,5
2022,168332310,5
2022,177713463,4
2022,177713464,4
2022,177673079,5
2022,176432996,5
2022,170155279,5
2022,184071699,5
2022,184071701,5
2022,184071704,5
2022,184071705,5
2022,176264696,4
2022,176264697,5
2022,184071713,5
2022,184071715,4
2022,184071716,5
2022,184071718,4
2022,184071719,4
2022,184071720,4
2022,188103039,5
2022,168825167,4
2022,168825168,4
2022,168825169,5
2022,168825171,5
2022,176923631,4
2022,168825176,5
2022,168825185,4
2022,168825190,5
2022,168825191,5
2022,171401869,5
2022,168825196,5
2022,168825197,4
2022,168825198,5
2022,168825200,5
2022,176225061,2
2022,168789439,4
2022,168789441,5
2022,168825206,5
2022,168789452,5
2022,169569629,5
2022,168825214,5
2022,172695885,4
2022,172695886,4
2022,168825227,4
2022,168825230,4
2022,176225065,4
2022,171161117,5
2022,172999708,5
2022,172999709,5
2022,176519180,2
2022,176519181,2
2022,176923633,4
2022,177505698,4
2022,177740243,5
2022,177848706,3
2022,177803333,5
2022,173168917,5
2022,177931491,4
2022,177931492,4
2022,179961927,5
2022,177848708,5
2022,177931495,4
2022,177931498,4
2022,179961940,4
2022,179961954,4
2022,179961963,4
2022,179961994,5
2022,179962040,5
2022,179962050,4
2022,179962066,4
2022,179962073,5
2022,179962074,5
2022,181588505,5
2022,185705196,4
2022,179962088,8
2022,179962094,4
2022,179962104,5
2022,179962111,4
2022,175023308,4
2022,179962117,5
2022,179962118,5
2022,180761254,5
2022,180761255,5
2022,179962128,4
2022,181410898,4
2022,180761268,4
2022,180782727,5
2022,180403294,4
2022,180403295,4
2022,180403297,4
2022,181268346,5
2022,181268349,5
2022,180779952,5
2022,181063216,4
2022,182365159,4
2022,175491061,5
2022,175908456,5
2022,181524406,4
2022,177848668,5
2022,181063222,5
2022,181410905,4
2022,181410906,4
2022,179975379,5
2022,168323772,4
2022,168323777,4
2022,176434738,5
2022,176923554,5
2022,168323781,5
2022,182580934,4
2022,182580935,4
2022,177617396,4
2022,179975380,5
2022,182580936,5
2022,168323785,5
2022,168323793,4
2022,168323803,5
2022,168323805,5
2022,170023545,5
2022,168323807,5
2022,168323812,4
2022,168323816,2
2022,174818217,5
2022,174818218,5
2022,168323827,5
2022,168323831,5
2022,179975383,5
2022,179975389,4
2022,179975390,5
2022,168323833,4
2022,169379804,4
2022,169379807,5
2022,169379811,5
2022,169379812,5
2022,169379813,4
2022,169379817,5
2022,169564349,5
2022,169564350,4
2022,169564351,5
2022,170023550,4
2022,170023553,5
2022,170046593,5
2022,183076597,4
2022,179975401,5
2022,179975403,5
2022,179975404,5
2022,179975405,5
2022,180782667,5
2022,170145313,4
2022,173401560,5
2022,173401573,4
2022,173401574,5
2022,173664449,5
2022,182580937,5
2022,180362118,5
2022,174818220,4
2022,180362119,4
2022,180399583,5
2022,180399584,5
2022,174711725,4
2022,180255412,5
2022,181097801,5
2022,183094650,5
2022,181069621,5
2022,181069622,5
2022,182059816,5
2022,177481578,5
2022,177481579,5
2022,177481582,4
2022,182828813,4
2022,182828820,5
2022,182828823,5
2022,182828826,5
2022,182828827,5
2022,182828829,5
2022,182828830,5
2022,182828837,4
2022,182828840,4
2022,182828841,5
2022,182828842,4
2022,182828845,5
2022,182828849,5
2022,182828851,5
2022,182828852,3
2022,182828853,3
2022,182828855,5
2022,182828878,3
2022,182828878,7
2022,182828878,8
2022,182837314,5
2022,182837316,5
2022,182837324,5
2022,182837326,5
2022,182864407,5
2022,182864408,4
2022,174711726,5
2022,182864412,1
2022,182864413,4
2022,182864415,4
2022,182864416,4
2022,182864417,4
2022,182864419,4
2022,182864420,4
2022,182864421,5
2022,182864422,5
2022,182864424,8
2022,182876061,4
2022,182876062,4
2022,174711727,5
2022,182876069,5
2022,182876075,5
2022,182876076,5
2022,182876088,4
2022,174718477,4
2022,174818221,5
2022,174818222,5
2022,174752751,5
2022,174818223,5
2022,182927097,4
2022,174818226,4
2022,182927098,4
2022,180390334,4
2022,182927099,5
2022,182927100,5
2022,182876139,5
2022,174857336,4
2022,182927101,5
2022,182927102,5
2022,182927103,4
2022,182927106,4
2022,182927115,3
2022,182927116,5
2022,182927117,4
2022,182927119,4
2022,174904041,4
2022,182927121,4
2022,182927122,5
2022,182927127,5
2022,174904045,5
2022,182927131,4
2022,182927132,8
2022,182927137,4
2022,182927138,5
2022,182927140,5
2022,182927144,4
2022,182927146,5
2022,182927147,4
2022,182927150,5
2022,182927151,5
2022,182876144,4
2022,174939741,5
2022,174939742,4
2022,174939744,5
2022,174975584,4
2022,174975585,5
2022,174975588,4
2022,174975589,5
2022,184821925,4
2022,174975592,5
2022,174975593,5
2022,176376461,5
2022,176376467,5
2022,176376468,5
2022,176434781,4
2022,182876148,5
2022,176519182,5
2022,182876156,5
2022,176519184,4
2022,176519186,5
2022,177836476,5
2022,177836477,5
2022,177836478,5
2022,177836479,5
2022,186982687,5
2022,182927152,5
2022,182927153,5
2022,177838791,5
2022,177838793,5
2022,177838794,5
2022,182876167,5
2022,182479655,6
2022,182876173,1
2022,182927155,5
2022,182876174,6
2022,182876175,4
2022,182479659,5
2022,182876185,4
2022,182479660,4
2022,182876195,5
2022,182927159,5
2022,182876210,4
2022,182927160,3
2022,182927162,5
2022,182927166,4
2022,182927167,2
2022,182876212,4
2022,182876215,5
2022,182876221,4
2022,182927168,5
2022,182927170,4
2022,182927171,4
2022,182927173,4
2022,182927174,4
2022,182927175,4
2022,182927179,4
2022,182927185,5
2022,182927186,4
2022,182927187,5
2022,179965232,5
2022,179965233,4
2022,179965235,4
2022,179965236,5
2022,179965237,5
2022,179965245,5
2022,181268276,4
2022,179965247,5
2022,179965248,5
2022,179965250,5
2022,179965262,4
2022,179965272,5
2022,179965273,5
2022,179965277,3
2022,179965280,5
2022,179965283,5
2022,179965284,4
2022,179965285,4
2022,179965286,5
2022,180390336,5
2022,180390337,5
2022,180390340,5
2022,180390341,4
2022,180390343,5
2022,181268282,5
2022,181268284,5
2022,181268285,5
2022,181268287,4
2022,182876099,5
2022,181268288,4
2022,181268289,4
2022,181410849,5
2022,181410850,5
2022,182876100,4
2022,181410853,5
2022,181410854,5
2022,181410855,4
2022,181410856,4
2022,181410860,4
2022,182876229,4
2022,182876233,5
2022,182876235,4
2022,161607976,4
2022,163238781,2
2022,164002503,4
2022,162293949,4
2022,162293952,8
2022,162293954,4
2022,162293961,4
2022,182876239,4
2022,177481588,5
2022,177481589,5
2022,182876241,5
2022,182876248,1
2022,182927194,4
2022,162420305,4
2022,162420314,8
2022,162671943,4
2022,162801011,4
2022,162420319,4
2022,182927195,5
2022,182927196,4
2022,182927197,5
2022,182927198,5
2022,182927209,4
2022,162801013,8
2022,162837571,5
2022,162839767,5
2022,169341137,4
2022,182927213,5
2022,184821926,5
2022,162849216,5
2022,169341138,4
2022,163320417,4
2022,163118980,7
2022,163769182,5
2022,163364051,4
2022,163364052,4
2022,163769183,5
2022,163769191,5
2022,163776271,6
2022,163947095,5
2022,163776275,8
2022,164821281,5
2022,164921478,6
2022,164821286,5
2022,164821289,4
2022,167138506,1
2022,164921485,5
2022,161664129,2
2022,161664130,4
2022,161664131,4
2022,161664132,6
2022,162260451,4
2022,162260452,4
2022,162294072,4
2022,162849255,4
2022,162849256,5
2022,162849257,5
2022,163916133,1
2022,164102819,4
2022,164578420,4
2022,165093737,4
2022,165353176,4
2022,165826341,4
2022,169052047,4
2022,165141066,5
2022,165208000,5
2022,164921492,5
2022,164921496,4
2022,165826342,4
2022,167132066,4
2022,167167667,4
2022,167194653,4
2022,167194655,4
2022,167194656,4
2022,168655063,4
2022,165208009,6
2022,165325281,4
2022,169662503,5
2022,169662504,5
2022,169960390,4
2022,165691696,5
2022,165691701,4
2022,166572539,5
2022,170840227,4
2022,166119277,5
2022,166572546,4
2022,177481590,5
2022,166572547,4
2022,166572555,8
2022,166572561,5
2022,177481591,4
2022,166997661,5
2022,167047376,5
2022,167047379,4
2022,167047381,5
2022,167047383,8
2022,177481592,6
2022,167098075,4
2022,169341140,5
2022,167126171,4
2022,167098079,5
2022,167126173,5
2022,167120987,3
2022,167138509,5
2022,167156105,5
2022,167194605,5
2022,167194606,4
2022,167194607,5
2022,169341142,5
2022,169341143,5
2022,167207766,4
2022,167261533,4
2022,171103985,4
2022,171103987,4
2022,171103988,4
2022,171103989,4
2022,171978624,4
2022,171978628,4
2022,172700903,4
2022,172700911,4
2022,172700915,5
2022,172700923,5
2022,182864546,2
2022,183543844,5
2022,163916147,4
2022,164202955,4
2022,168323933,5
2022,168323935,8
2022,164904185,4
2022,164904186,5
2022,164578422,5
2022,180979589,5
2022,180979600,4
2022,169379820,5
2022,186897854,5
2022,180979605,5
2022,186897874,4
2022,186897878,5
2022,186897881,5
2022,186897897,4
2022,172370150,4
2022,186897898,4
2022,186897899,4
2022,186897900,5
2022,176241347,4
2022,186897905,4
2022,176241349,4
2022,173640073,4
2022,176228432,4
2022,175058341,4
2022,168323957,4
2022,188603350,5
2022,168323959,5
2022,168323974,5
2022,168323978,4
2022,168323979,4
2022,168323980,3
2022,168323988,5
2022,168323990,4
2022,168323998,5
2022,168324006,5
2022,168324008,4
2022,168324009,4
2022,168324016,5
2022,168324018,5
2022,175058347,8
2022,180988629,5
2022,180988641,4
2022,178429648,3
2022,179969957,5
2022,186897927,4
2022,186897939,5
2022,168532557,4
2022,169405379,4
2022,168789247,5
2022,169410943,5
2022,168575382,5
2022,168575383,5
2022,168575387,5
2022,168789248,4
2022,168824911,6
2022,172293183,5
2022,169079743,5
2022,169079744,5
2022,172880740,4
2022,169031507,4
2022,169031508,3
2022,169052054,4
2022,169052056,5
2022,172880742,4
2022,172880744,4
2022,169405358,5
2022,175121108,5
2022,169410864,4
2022,169410865,4
2022,169410874,4
2022,169567775,1
2022,175121109,4
2022,175121112,4
2022,176390882,4
2022,169745619,5
2022,169745622,5
2022,180997577,4
2022,180997587,5
2022,180997589,5
2022,180997590,4
2022,183059056,5
2022,169778354,5
2022,176109894,1
2022,165209689,5
2022,165209690,4
2022,165209691,4
2022,168326760,5
2022,165209695,4
2022,165209701,8
2022,165209703,5
2022,165209704,5
2022,165209705,5
2022,165209706,5
2022,165209707,5
2022,165209715,4
2022,165209721,7
2022,165209723,5
2022,165209724,4
2022,165209729,3
2022,165209731,5
2022,165209732,5
2022,174818238,5
2022,174818239,5
2022,165209747,2
2022,165209748,5
2022,165209749,5
2022,165209750,5
2022,165209751,5
2022,165209752,5
2022,165209753,5
2022,165209755,4
2022,174332252,5
2022,165209760,5
2022,165209761,5
2022,165209762,5
2022,165209763,5
2022,174332257,3
2022,165209770,8
2022,165209771,4
2022,165209774,4
2022,165209788,4
2022,165209796,6
2022,165209804,5
2022,165209807,4
2022,168326765,4
2022,165209812,4
2022,168326767,4
2022,165209817,5
2022,165209818,5
2022,165209819,5
2022,165209820,4
2022,168655534,5
2022,165209825,4
2022,165209827,5
2022,165209831,5
2022,174332264,2
2022,174332264,8
2022,165209833,5
2022,165209840,5
2022,165209841,5
2022,165209842,5
2022,174332265,2
2022,168824991,4
2022,174332267,5
2022,174332268,5
2022,165209848,4
2022,168715906,4
2022,165209853,5
2022,165209854,5
2022,169639624,4
2022,165209856,5
2022,165209857,4
2022,165209858,4
2022,165209859,4
2022,165209861,5
2022,165209864,5
2022,165209865,4
2022,165209871,5
2022,165209872,3
2022,168715907,4
2022,165209878,5
2022,179970891,5
2022,179970892,6
2022,165209881,4
2022,165209882,4
2022,168326771,4
2022,174332269,4
2022,174332270,5
2022,174332271,5
2022,165209890,5
2022,168326772,4
2022,174332273,8
2022,165209899,5
2022,165209904,5
2022,165209908,4
2022,165209910,3
2022,165209911,5
2022,165209919,4
2022,165209922,5
2022,168326775,5
2022,168326776,5
2022,168575439,5
2022,165353198,4
2022,166572623,4
2022,165353203,4
2022,174485272,4
2022,165353216,4
2022,165353220,4
2022,166960956,4
2022,165353241,4
2022,165353246,5
2022,165353254,4
2022,165353259,4
2022,169379838,2
2022,165353276,4
2022,165353297,4
2022,182781360,5
2022,182781361,5
2022,174568362,2
2022,165353312,5
2022,169902627,5
2022,165353315,4
2022,165353331,5
2022,165353338,5
2022,165353356,5
2022,165353359,4
2022,165353366,5
2022,169960320,5
2022,165353368,5
2022,165353377,4
2022,165353381,5
2022,165353383,4
2022,165353384,4
2022,165353387,6
2022,165353389,5
2022,165353402,4
2022,165353403,4
2022,165353404,4
2022,165353409,5
2022,165353413,3
2022,165353421,5
2022,165826356,4
2022,165353436,5
2022,168326782,4
2022,165353441,4
2022,169379839,5
2022,168326785,5
2022,165353454,2
2022,169960322,5
2022,169960325,8
2022,179966355,5
2022,179966356,4
2022,165353454,3
2022,165691886,4
2022,174568365,4
2022,169960332,4
2022,169960333,4
2022,165691889,5
2022,169956297,3
2022,169960337,5
2022,169960341,5
2022,170007807,4
2022,170007810,4
2022,165353505,4
2022,173018715,6
2022,165353515,4
2022,165353520,4
2022,165826369,5
2022,170154809,5
2022,170154814,5
2022,170489585,6
2022,170510474,8
2022,170510478,5
2022,170799776,5
2022,170799780,4
2022,170799784,5
2022,170875839,4
2022,171043720,5
2022,171103905,4
2022,171103908,4
2022,171116099,4
2022,171152490,4
2022,171161123,5
2022,179966357,8
2022,171734486,5
2022,165353528,4
2022,168575449,4
2022,171734522,3
2022,176087521,5
2022,165353554,5
2022,165353561,4
2022,172046115,5
2022,165353571,4
2022,172001155,5
2022,172681546,8
2022,168575450,4
2022,172046123,3
2022,165353585,2
2022,173286573,4
2022,172046127,5
2022,168575452,5
2022,172292982,5
2022,172292989,4
2022,172001158,5
2022,172001159,5
2022,172001164,5
2022,172001166,5
2022,172999712,8
2022,172999724,3
2022,172999736,6
2022,173015319,5
2022,173018716,4
2022,173018722,5
2022,173018727,4
2022,173286574,5
2022,173294143,5
2022,173294149,4
2022,173294150,3
2022,173301643,5
2022,176087534,4
2022,168575453,5
2022,168575454,4
2022,173692256,4
2022,179966358,5
2022,173692269,5
2022,176087537,5
2022,173692276,4
2022,174332193,5
2022,168326794,4
2022,168326795,4
2022,168326796,5
2022,165826370,4
2022,165353630,5
2022,165353641,5
2022,165353644,5
2022,165353656,4
2022,174540850,5
2022,168326798,2
2022,168326800,2
2022,165353710,3
2022,165353712,4
2022,174540851,2
2022,174488680,5
2022,165353727,4
2022,165353734,4
2022,165353749,5
2022,167047421,3
2022,179966359,8
2022,174540806,6
2022,167047425,7
2022,167047425,8
2022,167047426,4
2022,167047431,5
2022,167047432,5
2022,167047433,4
2022,167047435,4
2022,167047436,5
2022,167047437,5
2022,167047438,5
2022,167047439,4
2022,167047441,4
2022,169379841,4
2022,167047447,4
2022,167047448,5
2022,167047454,4
2022,167047457,4
2022,167047465,4
2022,167047467,5
2022,167047473,5
2022,167047475,5
2022,167047477,6
2022,167047478,4
2022,167047480,4
2022,167047485,5
2022,167329773,5
2022,167303378,5
2022,167329774,4
2022,167303383,5
2022,167303385,4
2022,167303386,8
2022,167303387,5
2022,167303391,4
2022,167303393,4
2022,167303395,4
2022,167303396,5
2022,167303397,5
2022,167303403,4
2022,167303406,4
2022,167303407,5
2022,167303408,4
2022,167303409,4
2022,167329777,4
2022,168605995,4
2022,169379844,5
2022,174548879,4
2022,174548881,6
2022,167303411,4
2022,167303412,4
2022,167303413,4
2022,167303415,4
2022,167303419,4
2022,167303422,4
2022,174548883,4
2022,167303424,5
2022,167303425,5
2022,167303426,5
2022,167303427,5
2022,167303428,5
2022,167303429,5
2022,167303430,5
2022,167303433,5
2022,167329779,5
2022,167436131,5
2022,167436144,4
2022,167436148,5
2022,167436149,4
2022,167436150,5
2022,167436151,5
2022,167436152,4
2022,167436153,4
2022,167436154,4
2022,167436156,4
2022,167436157,5
2022,167436158,5
2022,167436159,5
2022,167436160,4
2022,167436161,5
2022,167436165,4
2022,167436166,5
2022,167436168,5
2022,167436169,5
2022,167436170,6
2022,167436171,5
2022,167436172,4
2022,167436174,4
2022,167436175,5
2022,167436176,5
2022,167436178,2
2022,167436178,8
2022,168605997,5
2022,167436181,4
2022,167436184,4
2022,167436185,4
2022,167436190,4
2022,167436191,5
2022,167436193,5
2022,174548888,4
2022,176087540,4
2022,174752762,5
2022,167436194,5
2022,167436195,5
2022,174752763,5
2022,174752764,2
2022,167436197,4
2022,167436198,5
2022,167436201,5
2022,181588512,5
2022,167436206,5
2022,167436207,4
2022,167436209,5
2022,167436210,5
2022,167436214,5
2022,167436215,5
2022,167436216,5
2022,168605999,8
2022,167436219,4
2022,167436220,5
2022,167436223,3
2022,167436226,4
2022,167436227,5
2022,174752766,4
2022,167436228,4
2022,167436229,4
2022,174752767,5
2022,174752768,4
2022,167436235,5
2022,167436237,4
2022,167436239,5
2022,181609080,5
2022,174752769,5
2022,174557533,4
2022,167436246,4
2022,181609081,4
2022,167436248,5
2022,167436255,4
2022,167436258,5
2022,168326811,4
2022,168326812,3
2022,168326820,7
2022,168326820,8
2022,168326822,5
2022,168326823,4
2022,168326824,5
2022,168326825,4
2022,168326827,5
2022,168326828,4
2022,168326829,4
2022,168326830,4
2022,168326831,4
2022,168326834,5
2022,168326835,4
2022,169120498,5
2022,169120499,5
2022,168326846,4
2022,181526870,3
2022,181526870,8
2022,168326860,4
2022,174849361,5
2022,169405382,8
2022,168326878,4
2022,169379846,4
2022,168326891,4
2022,169379847,2
2022,169379848,5
2022,168326895,4
2022,168326896,4
2022,168326897,4
2022,168326898,4
2022,172001235,5
2022,168532650,5
2022,174568324,4
2022,168326907,5
2022,168326908,5
2022,168326910,5
2022,168326916,4
2022,168326922,1
2022,168326923,4
2022,168326924,4
2022,174849363,5
2022,174849364,5
2022,168326928,4
2022,168532656,5
2022,174849365,5
2022,174849366,4
2022,168326940,4
2022,168326941,4
2022,168326943,4
2022,168326948,4
2022,168326959,5
2022,168326960,4
2022,168326961,5
2022,168326964,5
2022,168326975,5
2022,168326976,5
2022,168326978,5
2022,168326981,1
2022,168326981,7
2022,168326982,5
2022,168326984,5
2022,168326986,3
2022,168326987,5
2022,168326988,4
2022,168326989,5
2022,168326990,4
2022,168326991,4
2022,168326996,4
2022,168327002,4
2022,168327003,4
2022,174849371,4
2022,174849372,4
2022,174849373,4
2022,174849374,4
2022,168327008,5
2022,168327011,4
2022,168379619,5
2022,182634817,5
2022,182634818,5
2022,182634819,5
2022,168379627,4
2022,168440189,4
2022,168440192,4
2022,168440195,6
2022,168532659,4
2022,168532662,4
2022,174849376,5
2022,178395031,5
2022,178395032,5
2022,168575466,5
2022,168575476,4
2022,168575481,5
2022,168575482,5
2022,168606002,5
2022,168606003,4
2022,168606013,5
2022,168606014,4
2022,168606020,4
2022,174896699,5
2022,168606022,4
2022,174857341,5
2022,174642700,5
2022,174857342,5
2022,174857343,5
2022,174857344,5
2022,185494018,4
2022,174642701,5
2022,174849381,2
2022,168606043,4
2022,168824992,5
2022,168655541,5
2022,168824994,4
2022,168881880,4
2022,168881881,4
2022,168881883,4
2022,168881888,4
2022,174857346,4
2022,170007852,4
2022,174642702,4
2022,168881892,5
2022,168881894,3
2022,174752705,8
2022,168881898,4
2022,174752707,5
2022,174762594,5
2022,168881899,4
2022,169410947,4
2022,169410948,4
2022,169410959,4
2022,169410962,4
2022,169410963,5
2022,169410964,4
2022,169410966,4
2022,169410968,5
2022,169410969,5
2022,169410970,4
2022,169410971,4
2022,169410972,4
2022,175087578,4
2022,169410973,4
2022,169626145,4
2022,169410976,5
2022,169410977,5
2022,174944205,4
2022,169410979,4
2022,169410981,5
2022,169410982,5
2022,170154989,4
2022,174903897,4
2022,169410987,4
2022,169564356,4
2022,169564357,5
2022,169564361,5
2022,169564363,3
2022,169564365,4
2022,169564367,5
2022,174939711,4
2022,170007855,5
2022,169569682,5
2022,174944163,4
2022,169569683,4
2022,169569686,5
2022,169569689,4
2022,175023312,6
2022,175787347,6
2022,175087541,5
2022,175087544,5
2022,175087545,4
2022,175090971,4
2022,169569690,4
2022,169569691,4
2022,169626147,5
2022,169626148,4
2022,169626149,5
2022,169626150,5
2022,169569692,4
2022,169569694,4
2022,169569695,4
2022,174944206,5
2022,169639625,5
2022,169626151,7
2022,169626151,8
2022,169626155,5
2022,169626156,5
2022,169626161,4
2022,169626162,4
2022,170007856,4
2022,183747869,3
2022,175090972,5
2022,175090973,5
2022,179966361,5
2022,175893666,4
2022,181524414,4
2022,176087547,5
2022,175710942,8
2022,175845502,5
2022,175911416,4
2022,176107018,4
2022,176026893,5
2022,176109895,4
2022,177481593,5
2022,176364049,8
2022,176618154,4
2022,176287475,5
2022,182616294,5
2022,182616295,5
2022,170007862,5
2022,174904050,5
2022,170007865,4
2022,176618157,5
2022,170007866,4
2022,170007868,4
2022,170007869,4
2022,170007870,3
2022,170007877,4
2022,182331134,8
2022,177481594,5
2022,176618161,3
2022,176669200,5
2022,176686419,4
2022,176686422,4
2022,176686423,4
2022,176713901,4
2022,177307196,8
2022,177481596,8
2022,177848670,5
2022,177502547,5
2022,177488318,4
2022,177488319,5
2022,177488322,4
2022,179966364,6
2022,177535535,5
2022,177535536,5
2022,183747870,8
2022,177537215,4
2022,177813731,5
2022,177848677,5
2022,177850979,4
2022,177850980,5
2022,179966367,8
2022,177977216,4
2022,177931457,3
2022,183051730,5
2022,178416745,5
2022,178416755,4
2022,179966371,6
2022,179966375,7
2022,179966384,5
2022,179966388,5
2022,179966389,4
2022,179966390,4
2022,179966395,3
2022,179966403,4
2022,179966404,4
2022,179966410,5
2022,179966414,4
2022,179966417,4
2022,179966418,4
2022,188547407,4
2022,179966427,5
2022,179966431,4
2022,179966443,4
2022,179966451,5
2022,179966454,4
2022,179966459,5
2022,170007878,3
2022,170007884,4
2022,174907307,5
2022,180362002,4
2022,179966491,5
2022,179966493,4
2022,181069623,5
2022,179966496,5
2022,180254509,4
2022,180848887,8
2022,180848904,4
2022,180848907,6
2022,180848908,6
2022,180868383,4
2022,180988569,4
2022,180868387,4
2022,180868400,5
2022,182662480,5
2022,180988571,5
2022,182662481,4
2022,181069625,5
2022,181069626,5
2022,181069627,4
2022,170154998,4
2022,170155001,4
2022,170155009,5
2022,170155012,3
2022,170155027,3
2022,170155032,4
2022,170155040,4
2022,182634820,6
2022,170155044,5
2022,170155060,4
2022,170155064,5
2022,170155067,4
2022,170155069,4
2022,170155078,3
2022,170155080,5
2022,170155083,4
2022,170157871,5
2022,170155088,5
2022,170155090,4
2022,170155094,4
2022,170155103,4
2022,170155109,4
2022,170155112,5
2022,170155125,4
2022,170155127,4
2022,170155130,4
2022,170155134,5
2022,170155137,4
2022,170155140,4
2022,174904052,4
2022,179966967,3
2022,179966968,6
2022,179966969,4
2022,179966970,6
2022,179966972,4
2022,167167653,4
2022,178416781,4
2022,167171266,6
2022,167194613,6
2022,178416783,4
2022,169650998,4
2022,167194620,4
2022,167194621,4
2022,167198467,4
2022,167205781,4
2022,167205782,4
2022,167205783,4
2022,169367710,4
2022,178416805,4
2022,169643243,4
2022,167205787,4
2022,178416808,5
2022,178416810,5
2022,178416812,4
2022,178416818,5
2022,167329730,4
2022,167329731,4
2022,167329735,6
2022,167329741,6
2022,167336872,4
2022,167336874,4
2022,167415058,6
2022,167415064,4
2022,167415068,5
2022,167415069,4
2022,167415070,4
2022,167415073,4
2022,170155154,5
2022,170155162,5
2022,178416834,4
2022,168324085,4
2022,168324089,4
2022,168324091,4
2022,168324092,4
2022,168324095,4
2022,178416845,4
2022,168324101,4
2022,169410878,4
2022,168324110,4
2022,168324117,4
2022,168324121,4
2022,168324124,4
2022,168324129,4
2022,168324133,4
2022,168324135,4
2022,169516111,4
2022,178416883,4
2022,168324142,4
2022,168324145,4
2022,168324146,6
2022,168324154,6
2022,178416900,4
2022,168324157,5
2022,178416905,4
2022,178416906,4
2022,178416907,4
2022,178416908,4
2022,178452064,5
2022,177723995,4
2022,177723996,4
2022,178416923,4
2022,168324180,4
2022,178416927,6
2022,178416936,4
2022,178416941,5
2022,178416959,8
2022,178416964,6
2022,178416972,4
2022,178416976,4
2022,178416979,4
2022,178416981,5
2022,178416985,4
2022,177724025,3
2022,178417006,5
2022,178417023,4
2022,178417027,4
2022,178417029,3
2022,178417031,4
2022,178417055,4
2022,178417057,4
2022,168324231,4
2022,168324234,6
2022,178417081,4
2022,178417085,4
2022,178417133,4
2022,178417144,4
2022,178417148,6
2022,178417152,3
2022,178417162,4
2022,178417170,4
2022,178417181,4
2022,178417185,4
2022,178417189,6
2022,178417191,5
2022,178417192,5
2022,170155174,3
2022,178417203,4
2022,178417204,4
2022,170155177,4
2022,178417214,4
2022,178417225,6
2022,178417227,4
2022,178417228,6
2022,178417230,4
2022,178417232,6
2022,178417241,4
2022,178417249,4
2022,178417254,4
2022,178417278,4
2022,178417280,4
2022,178417284,2
2022,178417289,4
2022,168618560,4
2022,178417309,5
2022,178417325,4
2022,178417329,4
2022,178417342,6
2022,178417351,5
2022,178417356,4
2022,178417361,4
2022,178417365,4
2022,178417368,4
2022,178417390,6
2022,178417393,6
2022,178417413,4
2022,178417422,3
2022,178417426,4
2022,178417429,4
2022,178417435,6
2022,178417446,5
2022,178452066,4
2022,178417487,6
2022,178417492,4
2022,178417499,6
2022,174904059,4
2022,178417506,4
2022,178417531,6
2022,178417532,5
2022,178417534,4
2022,178417548,4
2022,178452067,4
2022,178417568,6
2022,178417571,6
2022,169662469,6
2022,169120448,6
2022,169120449,6
2022,178417623,4
2022,178417627,4
2022,178417633,4
2022,178417639,4
2022,178417652,4
2022,178417654,4
2022,178417656,4
2022,178417661,5
2022,178417669,5
2022,178417670,5
2022,178417674,6
2022,178417679,4
2022,178417681,5
2022,178417688,6
2022,174904060,4
2022,170619706,5
2022,170619709,4
2022,170619713,5
2022,170619718,4
2022,174904062,4
2022,170619736,6
2022,174939747,4
2022,170619746,8
2022,170619757,5
2022,170619758,5
2022,170619760,4
2022,170619764,4
2022,170619766,3
2022,170619768,5
2022,170619769,4
2022,174944214,3
2022,174944214,6
2022,176395195,2
2022,176395195,6
2022,170619780,4
2022,170619782,5
2022,170619788,4
2022,170619798,5
2022,170619800,4
2022,170619808,5
2022,170619809,4
2022,176395197,5
2022,178417706,5
2022,170619810,5
2022,170619812,4
2022,170619813,5
2022,170619820,5
2022,170619821,4
2022,176395199,4
2022,170619824,3
2022,170619830,3
2022,170619830,8
2022,170619832,4
2022,176395200,5
2022,170619836,4
2022,170619838,4
2022,170619840,5
2022,175004347,5
2022,170619850,4
2022,170619860,5
2022,176395204,8
2022,166029876,4
2022,176395209,4
2022,166955664,4
2022,169660492,4
2022,169052085,5
2022,166976401,4
2022,178417737,4
2022,178417740,4
2022,178417750,4
2022,167047398,4
2022,178417758,4
2022,178417790,4
2022,178417792,4
2022,178417797,4
2022,178417806,4
2022,178417825,4
2022,178417827,4
2022,178417831,5
2022,178417833,5
2022,178417843,5
2022,178417845,4
2022,176395212,5
2022,178417853,4
2022,178417866,4
2022,178417881,4
2022,178417893,4
2022,178417894,5
2022,178417900,5
2022,178417901,5
2022,178417922,5
2022,178417925,4
2022,167167659,4
2022,178417932,5
2022,178417933,5
2022,178417949,4
2022,178417952,2
2022,178417957,5
2022,178417968,4
2022,178417979,4
2022,167415078,6
2022,167429662,5
2022,167436101,5
2022,167436102,5
2022,178418053,2
2022,178418058,4
2022,168324248,8
2022,178418066,5
2022,178418074,4
2022,178418092,4
2022,178418097,4
2022,178418100,4
2022,178418122,5
2022,178418130,5
2022,178418147,4
2022,176395218,4
2022,178418163,4
2022,178418166,5
2022,178418168,5
2022,178418170,6
2022,178418174,4
2022,178418176,4
2022,178418177,5
2022,178418183,4
2022,178418185,5
2022,178418207,4
2022,178418209,4
2022,178418211,4
2022,178418220,5
2022,168324329,4
2022,168324337,5
2022,178418227,5
2022,179966980,5
2022,169639603,4
2022,168324366,4
2022,169516121,3
2022,178418252,4
2022,178418255,6
2022,178418257,4
2022,178418268,5
2022,178418275,4
2022,178418278,5
2022,178418279,5
2022,168324385,5
2022,178418306,4
2022,178418310,4
2022,178418318,4
2022,178418320,5
2022,178418327,4
2022,176395221,4
2022,178418335,4
2022,178418341,4
2022,178418352,4
2022,178418357,5
2022,168379426,6
2022,168379430,6
2022,178418386,4
2022,178418394,8
2022,178418406,4
2022,178418408,4
2022,168655031,2
2022,178418418,5
2022,178418422,4
2022,178418432,5
2022,178418468,4
2022,178418478,4
2022,168881728,4
2022,179966986,5
2022,178418487,5
2022,178418498,5
2022,184064261,5
2022,178418510,5
2022,169379731,5
2022,176395222,5
2022,178418531,6
2022,178418538,5
2022,178418542,4
2022,178418552,4
2022,178418576,5
2022,178418578,5
2022,178418580,4
2022,169564304,5
2022,179966988,3
2022,178418589,5
2022,178418590,3
2022,178418605,4
2022,178418607,4
2022,178418629,5
2022,178418643,3
2022,176395223,3
2022,178418662,5
2022,178418667,4
2022,178418671,4
2022,178418677,5
2022,178418695,4
2022,178418704,4
2022,178418706,5
2022,169516125,4
2022,178418710,3
2022,178418715,8
2022,178418727,4
2022,178418730,5
2022,168824948,5
2022,178418748,5
2022,178418750,4
2022,168824958,8
2022,178418769,5
2022,178418772,5
2022,178418784,5
2022,178418786,5
2022,168824970,4
2022,178418793,3
2022,178452072,4
2022,178418815,5
2022,178418820,4
2022,178452073,4
2022,178418830,4
2022,178418835,5
2022,178418855,4
2022,178418859,4
2022,178418865,4
2022,178418867,4
2022,168829806,4
2022,169714271,5
2022,169714274,4
2022,178418889,4
2022,169716621,5
2022,172700869,6
2022,172700875,4
2022,176395224,5
2022,179970894,5
2022,176395226,2
2022,176395226,3
2022,176395227,4
2022,178418902,4
2022,178418905,6
2022,178418907,4
2022,178418909,4
2022,178418911,4
2022,178418913,4
2022,178418915,4
2022,178418963,6
2022,178418984,4
2022,178418985,4
2022,178418986,4
2022,178418992,4
2022,178418999,4
2022,176395231,4
2022,176395234,5
2022,178419042,5
2022,178419055,4
2022,178419059,4
2022,178419074,4
2022,178419086,6
2022,178419131,4
2022,176395235,4
2022,176395236,4
2022,176395238,2
2022,169914727,4
2022,176395240,4
2022,169956306,5
2022,176395241,5
2022,176395243,4
2022,176395244,4
2022,176395246,4
2022,169960350,4
2022,176395248,4
2022,169960356,4
2022,178419167,5
2022,178419169,4
2022,178419171,4
2022,176395249,4
2022,178419189,4
2022,178419190,4
2022,178419217,4
2022,178419218,4
2022,178419222,4
2022,178419224,4
2022,178419225,4
2022,178419245,4
2022,178419247,5
2022,178419264,4
2022,178419272,4
2022,178419275,5
2022,178419276,5
2022,178419277,4
2022,178419297,4
2022,178419302,4
2022,178419304,4
2022,178419313,4
2022,178419315,5
2022,178419316,4
2022,178419328,6
2022,178419341,4
2022,178419357,5
2022,178419364,6
2022,178419368,6
2022,178419380,4
2022,178419393,4
2022,178419396,6
2022,178419403,4
2022,178419422,5
2022,178419444,4
2022,182616297,4
2022,178419450,4
2022,178419459,4
2022,178419488,4
2022,178419498,4
2022,178419508,6
2022,178419520,6
2022,178419524,6
2022,178419528,4
2022,178419535,6
2022,178419584,4
2022,170799792,5
2022,178419595,4
2022,178419597,6
2022,178419611,4
2022,178419618,4
2022,178419620,6
2022,170957052,4
2022,170957056,4
2022,178419634,4
2022,178419638,4
2022,178419654,5
2022,172786314,6
2022,178419683,5
2022,178419694,4
2022,178419704,5
2022,178419706,5
2022,172786317,4
2022,178419734,4
2022,178419736,4
2022,171570619,5
2022,178419746,5
2022,179966994,4
2022,178419757,6
2022,178419760,6
2022,178419783,4
2022,171305126,4
2022,171305127,4
2022,171305130,4
2022,171305136,4
2022,178419839,4
2022,178452075,4
2022,171347006,6
2022,171347008,3
2022,178419880,6
2022,178419884,6
2022,178419891,4
2022,171570628,4
2022,171570632,4
2022,171570633,4
2022,171570636,5
2022,171805545,4
2022,171570639,4
2022,171570641,4
2022,171570644,4
2022,171570645,4
2022,171570647,4
2022,176686485,2
2022,171570674,4
2022,171570675,4
2022,171570677,5
2022,171570689,4
2022,171570692,2
2022,171570692,3
2022,176686488,5
2022,171570697,4
2022,171570708,5
2022,171570709,4
2022,171570719,4
2022,171570722,4
2022,179970896,4
2022,171570730,4
2022,176686492,5
2022,178419902,4
2022,178419904,6
2022,178419910,4
2022,171570751,5
2022,171570760,5
2022,178419923,4
2022,171570763,4
2022,171570766,4
2022,171570769,5
2022,171570772,5
2022,178419938,3
2022,185812229,4
2022,178419940,6
2022,178419948,5
2022,178419957,4
2022,178419960,6
2022,178419962,4
2022,171805460,4
2022,171805463,4
2022,171570783,4
2022,171570790,4
2022,171570796,5
2022,179970898,5
2022,172786330,4
2022,171570809,5
2022,178419986,6
2022,171570811,4
2022,171570819,4
2022,178419997,6
2022,171570840,4
2022,171805473,4
2022,178420009,4
2022,171570847,4
2022,171570859,4
2022,171830714,5
2022,171570881,5
2022,178420022,6
2022,178420026,5
2022,181524416,5
2022,178420040,4
2022,171734708,6
2022,171734726,5
2022,172370165,2
2022,178420052,5
2022,178420053,5
2022,178420070,4
2022,178420080,4
2022,178420083,5
2022,172370168,4
2022,172370172,4
2022,172370173,5
2022,172370174,4
2022,172370179,4
2022,172370183,4
2022,172370186,4
2022,176395259,3
2022,176395259,8
2022,172370193,4
2022,172370195,4
2022,172370203,4
2022,172370206,4
2022,172370211,4
2022,172370213,4
2022,172370216,1
2022,172370219,4
2022,172370220,5
2022,172370222,5
2022,178420106,4
2022,178420107,4
2022,178420108,4
2022,172370223,5
2022,172370224,8
2022,178420122,4
2022,172681610,4
2022,172293025,4
2022,178420131,4
2022,172293032,5
2022,176395263,5
2022,172786334,4
2022,178420149,4
2022,178420161,4
2022,178420181,4
2022,178420182,4
2022,178420185,4
2022,178420190,4
2022,178420199,4
2022,169569653,5
2022,178420221,5
2022,178420226,4
2022,178420239,4
2022,178420267,3
2022,169626113,5
2022,178420287,5
2022,172370237,5
2022,181526872,2
2022,172370239,4
2022,172681612,5
2022,172681618,8
2022,172681626,4
2022,172681627,4
2022,172681628,4
2022,172681629,5
2022,172681630,5
2022,176395267,5
2022,176395268,5
2022,181526873,4
2022,172681633,4
2022,172681634,4
2022,176395269,2
2022,178420293,3
2022,178420304,4
2022,178420306,4
2022,178420311,4
2022,174471593,5
2022,174471594,2
2022,178420341,5
2022,178394162,4
2022,178394169,4
2022,178394171,5
2022,176395269,8
2022,176395270,5
2022,178394175,4
2022,178394182,5
2022,178394188,5
2022,178420360,4
2022,178394192,4
2022,178394199,5
2022,178394200,4
2022,178394202,4
2022,181526875,4
2022,178394207,5
2022,172681647,5
2022,172681649,5
2022,176395272,5
2022,178394218,4
2022,178394224,4
2022,178394231,2
2022,178394232,5
2022,178394235,5
2022,174471599,4
2022,178394249,5
2022,178394251,5
2022,176395273,4
2022,169899052,4
2022,178394256,4
2022,178394259,4
2022,178420368,1
2022,178420384,4
2022,178420386,5
2022,178420398,5
2022,176395274,5
2022,176395275,5
2022,176395276,4
2022,181526876,5
2022,176395279,5
2022,176395280,5
2022,170036185,4
2022,176395281,5
2022,176395283,5
2022,178420438,4
2022,170062963,4
2022,178420448,5
2022,174471605,5
2022,174471608,5
2022,178420485,5
2022,172999814,5
2022,178420512,5
2022,178420520,5
2022,172999815,4
2022,176672165,6
2022,178420523,5
2022,176672166,6
2022,176672167,6
2022,178420530,5
2022,176672169,3
2022,172999827,5
2022,178420537,5
2022,178420538,4
2022,172999832,4
2022,178420553,4
2022,178420557,5
2022,174752771,5
2022,174752772,5
2022,178420579,4
2022,178420590,4
2022,178420600,5
2022,178420610,8
2022,178420615,5
2022,178420617,4
2022,178420620,5
2022,178420633,4
2022,178420666,4
2022,178420675,5
2022,178420689,3
2022,178420714,4
2022,178420734,4
2022,178420740,4
2022,171305151,4
2022,171305161,4
2022,171305162,4
2022,171305163,4
2022,171305168,4
2022,171305169,4
2022,171305170,5
2022,171305171,5
2022,171347021,4
2022,178420758,4
2022,178420759,4
2022,178420767,4
2022,171546321,4
2022,172999836,4
2022,172999837,4
2022,173307750,5
2022,173307755,4
2022,171546335,5
2022,173307756,5
2022,173307758,5
2022,178420817,4
2022,176672171,5
2022,178420839,5
2022,178420841,4
2022,171734562,4
2022,178420900,5
2022,173307762,5
2022,178420913,4
2022,173307763,5
2022,173307766,5
2022,173307767,4
2022,174752775,4
2022,182657786,4
2022,178420938,4
2022,178420943,4
2022,178420945,4
2022,173401589,5
2022,178420946,4
2022,173401599,4
2022,178420962,5
2022,179966999,4
2022,173401603,4
2022,178420977,5
2022,173401605,5
2022,173401606,5
2022,173401607,5
2022,178420991,5
2022,173401611,5
2022,173401612,4
2022,176672174,4
2022,173439744,4
2022,178421004,5
2022,173556204,6
2022,179967001,5
2022,177672990,5
2022,177672991,4
2022,173556206,4
2022,178421017,4
2022,177672996,4
2022,178421019,4
2022,178421021,5
2022,181810807,4
2022,178421023,4
2022,178421024,4
2022,173556209,4
2022,179967003,5
2022,173556211,5
2022,178421028,8
2022,178421030,4
2022,174752776,5
2022,174752777,5
2022,178421034,5
2022,177673007,4
2022,178421042,4
2022,178421046,5
2022,178421053,5
2022,178421055,4
2022,178421056,5
2022,178421061,4
2022,178421067,4
2022,178421070,6
2022,178421094,4
2022,178421114,4
2022,178421120,4
2022,178421126,4
2022,173664407,4
2022,178421142,4
2022,178421149,5
2022,178421150,5
2022,178421151,5
2022,178421152,5
2022,178421153,3
2022,178421154,4
2022,178421160,4
2022,178421168,3
2022,178421172,4
2022,178421179,5
2022,173692282,4
2022,173692292,4
2022,173692296,5
2022,174485229,3
2022,178394266,4
2022,178394268,4
2022,173704210,4
2022,178394272,4
2022,178394276,5
2022,178394279,1
2022,178394292,4
2022,178394293,4
2022,174327848,3
2022,178394302,4
2022,178394303,5
2022,178394308,5
2022,178394319,4
2022,178394322,5
2022,178394328,4
2022,178394331,4
2022,178394336,5
2022,177541963,4
2022,179967005,6
2022,177537225,4
2022,172880703,6
2022,172880705,6
2022,177537227,4
2022,177537228,4
2022,177537229,4
2022,177537244,6
2022,177541967,6
2022,177537253,4
2022,174975567,5
2022,177537264,4
2022,177541971,4
2022,177541981,4
2022,177537278,4
2022,177537279,4
2022,177541986,5
2022,177541993,4
2022,177541994,5
2022,177542001,4
2022,177542002,5
2022,177542005,4
2022,177542007,6
2022,177542011,4
2022,177542013,5
2022,177542014,5
2022,177542021,4
2022,177542023,5
2022,177542025,5
2022,177542029,4
2022,177542031,4
2022,177542033,4
2022,177542035,4
2022,177542038,4
2022,177542039,6
2022,177542040,6
2022,177542042,6
2022,177542043,4
2022,177542067,4
2022,177542074,4
2022,177542080,4
2022,177542082,5
2022,177542084,6
2022,179967007,5
2022,177542088,4
2022,173395328,4
2022,177542091,4
2022,174752778,5
2022,177542092,4
2022,177542093,4
2022,173667313,4
2022,173395339,6
2022,177542101,4
2022,181819141,5
2022,177542102,6
2022,177542103,6
2022,177542104,6
2022,177542105,6
2022,173667317,4
2022,173401476,4
2022,173401477,4
2022,173667322,4
2022,173401481,4
2022,173401482,4
2022,173667333,4
2022,177542116,4
2022,177542117,6
2022,176672175,5
2022,177542120,5
2022,173667335,5
2022,177542123,5
2022,173667336,4
2022,173667337,5
2022,173556165,4
2022,173667339,4
2022,173667341,5
2022,173556175,5
2022,173556176,5
2022,173667342,5
2022,173556177,5
2022,173667343,5
2022,173667344,5
2022,176672177,5
2022,173667347,4
2022,173667348,5
2022,174038687,4
2022,173667349,5
2022,174038688,4
2022,173667351,4
2022,174896700,4
2022,177542137,5
2022,177542146,4
2022,177542147,4
2022,177542149,4
2022,177542151,4
2022,177542155,4
2022,177542159,5
2022,177542165,6
2022,177542167,6
2022,177542169,3
2022,177542179,5
2022,177542180,6
2022,177542190,6
2022,177542192,5
2022,177542194,5
2022,177537341,4
2022,177537344,4
2022,177537348,6
2022,177537349,4
2022,177537350,5
2022,177537355,6
2022,177537356,6
2022,177537357,4
2022,177537359,5
2022,177537360,5
2022,177537361,4
2022,177537362,4
2022,177537364,4
2022,177537365,6
2022,177537366,6
2022,177537371,8
2022,177537372,6
2022,177537374,4
2022,177537379,6
2022,177537383,5
2022,177537385,4
2022,177537387,4
2022,177537388,4
2022,177537390,4
2022,177537394,4
2022,177537395,4
2022,177537407,4
2022,177537410,3
2022,177537411,3
2022,177537416,4
2022,174083398,5
2022,174083401,5
2022,174083402,4
2022,174083403,4
2022,174083407,4
2022,174083410,5
2022,174083411,5
2022,174083418,5
2022,174327875,4
2022,174327876,8
2022,174083420,5
2022,174083421,4
2022,174083424,4
2022,174083428,5
2022,174083431,4
2022,174083433,4
2022,174083441,4
2022,174083444,5
2022,174083449,5
2022,174327880,4
2022,174327881,4
2022,174327885,4
2022,174327886,5
2022,181588518,4
2022,174896704,1
2022,174327896,4
2022,174327901,4
2022,174327902,5
2022,174327903,4
2022,174327904,5
2022,174327905,5
2022,174327906,5
2022,174327907,4
2022,174327909,5
2022,174332275,5
2022,176618199,4
2022,174332280,5
2022,174896706,5
2022,174896707,4
2022,174896708,4
2022,174540856,5
2022,174488707,4
2022,177537425,4
2022,174488710,5
2022,177537426,4
2022,177537431,5
2022,176618202,4
2022,176618203,5
2022,181810810,4
2022,174540863,4
2022,174548890,4
2022,177537437,4
2022,177673010,5
2022,177673011,5
2022,177537453,1
2022,177537454,5
2022,177537458,6
2022,177537468,4
2022,177537470,5
2022,177537485,6
2022,177537488,8
2022,177537489,4
2022,177542200,4
2022,177542201,4
2022,177542205,4
2022,177537494,4
2022,177537506,6
2022,177537507,6
2022,177537515,5
2022,177537527,4
2022,177537538,4
2022,177537544,5
2022,177537545,4
2022,177537547,4
2022,177537552,4
2022,177537557,4
2022,174540864,5
2022,177537561,5
2022,177537564,4
2022,177537565,8
2022,177537567,6
2022,177542209,4
2022,177542210,4
2022,177542212,4
2022,177542214,5
2022,177542215,5
2022,177542216,4
2022,177542217,4
2022,177542218,4
2022,177542228,5
2022,177537588,4
2022,177537591,6
2022,177537600,3
2022,177537601,4
2022,177537609,8
2022,177537611,4
2022,177537612,4
2022,177537625,5
2022,177537626,5
2022,177537627,6
2022,177537635,8
2022,177537636,5
2022,177542230,5
2022,177542234,4
2022,177542237,6
2022,177542238,6
2022,177542239,5
2022,177542240,5
2022,177542241,4
2022,177542247,4
2022,177542250,5
2022,177542253,5
2022,177542259,4
2022,177542261,4
2022,176376424,5
2022,177542266,6
2022,177542268,5
2022,177542269,4
2022,177537643,4
2022,177537654,4
2022,177537655,5
2022,177537656,5
2022,177537657,4
2022,177537658,6
2022,177537659,5
2022,177537663,6
2022,174896709,4
2022,174540865,4
2022,177537680,4
2022,177537682,6
2022,177537685,4
2022,177537686,6
2022,177537689,8
2022,177537690,4
2022,177537691,4
2022,177537692,4
2022,177537693,4
2022,177537694,5
2022,177537718,4
2022,177537724,4
2022,177537726,4
2022,178394340,4
2022,178394358,4
2022,178394359,4
2022,178394369,4
2022,178394376,2
2022,178394382,4
2022,178394384,4
2022,178394387,4
2022,178394402,4
2022,178394403,5
2022,178394404,4
2022,174540868,4
2022,178394409,4
2022,178394418,4
2022,178394421,5
2022,178394427,4
2022,178394429,4
2022,171401895,4
2022,178394432,4
2022,178394438,4
2022,178394442,4
2022,178394444,6
2022,178394445,5
2022,178394446,8
2022,178394450,4
2022,178394457,4
2022,178394460,5
2022,171546350,4
2022,178394465,5
2022,174540869,4
2022,174752720,5
2022,178394472,5
2022,174540872,5
2022,174896712,8
2022,176340790,2
2022,174540876,4
2022,174540819,4
2022,178394497,5
2022,174548902,4
2022,174642728,4
2022,178452082,5
2022,178394507,5
2022,178394527,2
2022,178394529,4
2022,178394532,5
2022,178394542,4
2022,178394543,5
2022,178394544,3
2022,178394545,3
2022,178394553,4
2022,178394558,4
2022,178394561,4
2022,178394564,5
2022,178394570,5
2022,181810813,4
2022,178394580,4
2022,178394584,5
2022,178394588,4
2022,178394589,4
2022,178394592,8
2022,178394593,4
2022,178394594,5
2022,178394602,5
2022,175628784,4
2022,175708319,4
2022,178394612,4
2022,178394617,5
2022,178394619,5
2022,178394642,4
2022,178394643,5
2022,178394651,4
2022,178394672,4
2022,178394673,5
2022,178394676,4
2022,175911431,5
2022,178394679,4
2022,178394685,4
2022,178394686,5
2022,178394691,2
2022,178394697,4
2022,178394698,5
2022,178394700,5
2022,178394703,4
2022,178394705,4
2022,178394706,4
2022,178394708,5
2022,178394728,4
2022,178394730,4
2022,178394731,4
2022,178394733,4
2022,176228402,4
2022,176228403,4
2022,178394753,4
2022,178394756,5
2022,178394766,4
2022,178394767,5
2022,178394769,5
2022,176337201,4
2022,178394775,4
2022,178394776,2
2022,178394789,5
2022,185383704,4
2022,178394792,5
2022,178394818,4
2022,178394821,8
2022,178394822,4
2022,178394828,4
2022,178394832,4
2022,178394835,3
2022,178394851,4
2022,178394852,8
2022,178394853,5
2022,178394856,4
2022,174642734,4
2022,174642736,5
2022,178394862,5
2022,178394872,4
2022,178394873,4
2022,178394877,4
2022,178394882,5
2022,178394885,4
2022,178394886,6
2022,178394888,4
2022,178394889,6
2022,178394901,4
2022,178394914,4
2022,178394916,4
2022,178394922,4
2022,178394926,4
2022,178394932,5
2022,178394933,4
2022,178394937,5
2022,178394941,5
2022,174896713,4
2022,174642738,3
2022,174642739,3
2022,174896716,4
2022,174896717,4
2022,174642740,5
2022,174896718,5
2022,174642741,5
2022,176618204,4
2022,174642747,4
2022,184306636,4
2022,174642748,5
2022,174642749,4
2022,185179486,6
2022,185179487,5
2022,184306647,4
2022,184306648,4
2022,174642752,4
2022,174642754,4
2022,179967043,4
2022,185179495,7
2022,184306650,4
2022,179967050,4
2022,179967055,4
2022,174642756,5
2022,179967056,6
2022,174718482,4
2022,179967061,4
2022,179967064,4
2022,182365205,4
2022,179967069,2
2022,185179499,6
2022,179967073,6
2022,179967074,4
2022,185179503,4
2022,179967078,4
2022,179967091,3
2022,179967092,6
2022,179967093,3
2022,179967094,4
2022,179967095,4
2022,184306659,4
2022,184306661,4
2022,179967107,4
2022,179967109,4
2022,179967112,4
2022,179967115,5
2022,179967116,6
2022,179967117,6
2022,179967119,4
2022,179967121,5
2022,179967123,3
2022,179967125,4
2022,185179505,8
2022,179967130,4
2022,174718483,4
2022,174718484,5
2022,174718485,5
2022,176618206,5
2022,174752784,5
2022,185179507,4
2022,179967136,5
2022,179967141,4
2022,179967144,4
2022,179967153,4
2022,179967154,4
2022,179967156,6
2022,179967157,6
2022,179967172,4
2022,179967176,4
2022,179967179,4
2022,179967186,4
2022,179967189,5
2022,179967197,5
2022,179967202,4
2022,179967204,3
2022,179967207,4
2022,179967209,4
2022,185179517,6
2022,179967221,6
2022,179967225,6
2022,179967229,4
2022,179967230,4
2022,179967232,4
2022,179967236,6
2022,179967237,6
2022,179967242,5
2022,179967245,6
2022,179967248,4
2022,174752787,4
2022,179967256,5
2022,179967262,6
2022,179967264,5
2022,179967270,6
2022,179967277,6
2022,179967290,6
2022,182365210,5
2022,184306666,4
2022,185179537,4
2022,184306669,4
2022,182864433,3
2022,182864434,4
2022,185179542,6
2022,182864436,4
2022,184306685,6
2022,182864438,5
2022,182864441,5
2022,185179543,6
2022,184306700,4
2022,184306702,6
2022,184306703,4
2022,184306709,4
2022,185179546,6
2022,185179549,4
2022,185179556,4
2022,184306711,4
2022,185179564,4
2022,183747880,4
2022,174752788,4
2022,174752789,4
2022,183747882,1
2022,183747883,4
2022,176618208,5
2022,174752791,4
2022,174752792,4
2022,174752797,5
2022,174752799,4
2022,174752800,4
2022,176618210,4
2022,174752801,5
2022,174896723,5
2022,183747888,4
2022,174896724,5
2022,183747889,4
2022,174752802,5
2022,174752804,5
2022,174896725,4
2022,176618211,4
2022,174896726,4
2022,183747893,6
2022,183747915,4
2022,183747916,4
2022,183747918,4
2022,174752806,4
2022,174859463,4
2022,174859470,5
2022,174859472,4
2022,176618214,5
2022,179970903,4
2022,179970904,4
2022,176618215,5
2022,176618218,4
2022,176026943,4
2022,175028874,5
2022,175028877,4
2022,175028881,5
2022,175028883,4
2022,175028884,4
2022,175028886,8
2022,175028895,5
2022,175028896,4
2022,175028897,4
2022,175028898,8
2022,175028899,4
2022,175028902,4
2022,181410915,4
2022,175028904,4
2022,175436780,4
2022,175028905,5
2022,175028906,4
2022,175028907,5
2022,175028912,5
2022,175478349,4
2022,175478351,4
2022,175478353,5
2022,175478357,4
2022,183747925,2
2022,184306713,4
2022,184306718,4
2022,175631276,5
2022,184306722,4
2022,184306723,4
2022,175478361,4
2022,175478363,5
2022,175478365,4
2022,175478369,4
2022,175478370,1
2022,175478377,5
2022,175478379,4
2022,175478381,4
2022,175478385,4
2022,175478387,5
2022,175631277,4
2022,175631278,4
2022,175631279,5
2022,175631281,5
2022,175631282,5
2022,175631286,4
2022,176107053,4
2022,175631291,2
2022,175631291,3
2022,175631292,4
2022,175631293,4
2022,175631294,4
2022,175631296,8
2022,175631297,4
2022,175631298,4
2022,175631299,4
2022,175631301,3
2022,175631303,4
2022,176026946,5
2022,176026947,5
2022,181410917,5
2022,181609084,5
2022,181609085,5
2022,176026955,5
2022,176026957,4
2022,176026964,5
2022,176026968,5
2022,176026969,5
2022,176026970,5
2022,176026972,5
2022,176026973,5
2022,176026974,5
2022,176026975,5
2022,176026976,5
2022,176026977,5
2022,175710999,5
2022,175711000,5
2022,175711002,5
2022,176197174,5
2022,175711004,4
2022,176523438,4
2022,183747946,4
2022,183747959,4
2022,183747960,4
2022,175711006,5
2022,175711007,5
2022,183747965,4
2022,175711008,5
2022,176197175,4
2022,183747968,4
2022,181609086,5
2022,175711017,4
2022,183747978,4
2022,175711018,5
2022,175711019,4
2022,183747980,4
2022,176519189,4
2022,183747982,4
2022,176523439,4
2022,183747988,6
2022,183747989,6
2022,183747997,3
2022,184064265,4
2022,184064266,4
2022,184064267,4
2022,184064273,4
2022,184064276,6
2022,184064279,4
2022,184064281,4
2022,184064282,4
2022,184064284,4
2022,184064288,6
2022,185179575,4
2022,185179583,4
2022,185179584,4
2022,176523440,5
2022,176197178,4
2022,175711026,4
2022,175711028,4
2022,176197182,5
2022,176197183,5
2022,176197185,5
2022,176197186,4
2022,176197193,5
2022,176197194,5
2022,176197195,5
2022,176197196,5
2022,176197199,4
2022,176197201,5
2022,176197204,5
2022,176519191,5
2022,176202996,8
2022,176203003,4
2022,178074382,5
2022,176519193,5
2022,176203013,4
2022,176203014,5
2022,176203019,4
2022,176519194,5
2022,176203027,4
2022,176203028,5
2022,176203034,4
2022,176203038,5
2022,181810819,4
2022,176390885,4
2022,184821786,5
2022,184821790,6
2022,184821794,5
2022,184821796,6
2022,184821800,4
2022,184821802,4
2022,184821803,4
2022,184821804,4
2022,184821806,4
2022,177535548,4
2022,179967315,5
2022,182634765,4
2022,177617408,4
2022,177673031,4
2022,176390886,4
2022,179967317,5
2022,182634768,4
2022,182634771,4
2022,178452262,4
2022,177673037,4
2022,179967318,4
2022,179967319,4
2022,179967320,5
2022,177673039,4
2022,182634773,5
2022,177673042,4
2022,179967321,4
2022,179967325,5
2022,179967327,5
2022,178452264,4
2022,179967328,4
2022,179967330,4
2022,179967331,4
2022,179967332,5
2022,179967333,5
2022,177724081,4
2022,179967334,8
2022,177724085,4
2022,182634774,5
2022,179967338,5
2022,182634782,4
2022,182634786,6
2022,182634787,5
2022,182634788,5
2022,182634789,3
2022,182634790,5
2022,177803310,3
2022,182828881,4
2022,177813740,6
2022,182828884,6
2022,182828892,5
2022,185383708,5
2022,182828893,5
2022,178074349,4
2022,182828899,4
2022,178237081,5
2022,179967346,4
2022,176390888,5
2022,179967355,4
2022,179967366,4
2022,179967377,8
2022,179967385,3
2022,180782686,4
2022,180800536,5
2022,180809353,5
2022,180868415,4
2022,180868417,5
2022,180868423,4
2022,180868426,6
2022,180868427,5
2022,180927843,4
2022,180868428,4
2022,180868429,4
2022,180927846,5
2022,176390889,6
2022,180979572,5
2022,182634824,5
2022,180979573,5
2022,182634825,5
2022,183523466,4
2022,180979575,6
2022,180979576,5
2022,180988575,4
2022,180988577,5
2022,180997524,5
2022,180997526,4
2022,182828905,5
2022,185383713,5
2022,181168632,5
2022,181168643,5
2022,181168645,5
2022,182828909,5
2022,182828912,4
2022,182828913,4
2022,181410874,5
2022,182059560,4
2022,182828915,5
2022,182828928,6
2022,181818943,4
2022,176390896,5
2022,181818951,5
2022,181818952,4
2022,181818977,4
2022,182059579,5
2022,182059585,4
2022,185383715,8
2022,182580745,1
2022,182580746,4
2022,182580763,4
2022,182580764,4
2022,182580765,4
2022,182580766,4
2022,182580767,5
2022,182580768,5
2022,185705201,5
2022,182580777,4
2022,185705202,5
2022,176390902,1
2022,179967390,6
2022,179967397,3
2022,179967410,4
2022,179967411,4
2022,179967413,4
2022,179967419,4
2022,179967420,5
2022,179967428,4
2022,179967429,4
2022,176390902,6
2022,176390903,5
2022,179967437,4
2022,179967446,5
2022,179967447,5
2022,179967451,4
2022,179967455,4
2022,179967457,4
2022,179967461,4
2022,179967463,4
2022,179967464,4
2022,179967467,4
2022,179967468,4
2022,179967469,4
2022,179967472,4
2022,179967473,4
2022,179967475,5
2022,179967480,6
2022,179967481,4
2022,179967503,6
2022,179967504,4
2022,179967507,6
2022,179967513,4
2022,179967528,4
2022,179967530,8
2022,179967545,5
2022,179967546,5
2022,179967547,5
2022,179967551,4
2022,179967554,5
2022,179967558,4
2022,179967559,3
2022,179967562,4
2022,179967563,5
2022,179967566,4
2022,179967567,4
2022,181608972,4
2022,181608976,5
2022,181608980,6
2022,181608991,4
2022,181608992,5
2022,181608997,4
2022,181609002,6
2022,185497057,4
2022,185741296,4
2022,185741297,6
2022,185741298,6
2022,185741299,6
2022,185497059,5
2022,185497064,4
2022,185497065,6
2022,185497066,6
2022,185741300,4
2022,185741301,4
2022,176669238,2
2022,185497067,6
2022,185497068,6
2022,181609011,4
2022,181609014,4
2022,181609016,6
2022,181609018,4
2022,181609019,5
2022,181609023,5
2022,181609024,5
2022,181609025,5
2022,181609026,4
2022,181609029,4
2022,181609031,4
2022,181609032,4
2022,185497071,3
2022,185497074,4
2022,185497080,6
2022,185741304,6
2022,185741304,8
2022,185497081,5
2022,185741305,4
2022,185497083,4
2022,185741312,6
2022,185741314,4
2022,185741317,8
2022,185741322,4
2022,185741323,5
2022,185741329,5
2022,185741339,4
2022,185741377,4
2022,185741379,4
2022,185741381,4
2022,185741385,4
2022,185741393,6
2022,185741397,6
2022,185756627,4
2022,185756631,4
2022,185756637,5
2022,185741402,4
2022,185756643,4
2022,185741409,4
2022,185741410,4
2022,185756648,6
2022,185756651,4
2022,185756653,1
2022,185756654,6
2022,185756661,4
2022,185756662,4
2022,179967576,2
2022,179967587,4
2022,185492117,4
2022,185175094,5
2022,179967590,6
2022,179967598,4
2022,185064172,5
2022,179967613,4
2022,176669239,4
2022,185175095,5
2022,176669241,5
2022,177851026,6
2022,176669250,3
2022,179967622,5
2022,179967627,6
2022,177851027,4
2022,177673080,5
2022,177673081,5
2022,176669256,4
2022,179967633,3
2022,176669259,4
2022,176672180,4
2022,176672182,4
2022,177451355,4
2022,176672191,4
2022,181410918,5
2022,176672195,4
2022,181410919,4
2022,181410920,5
2022,177451364,5
2022,177451369,4
2022,177451370,5
2022,177451376,4
2022,177451377,4
2022,181410921,4
2022,177451379,4
2022,181410923,5
2022,177451382,5
2022,177451385,4
2022,177451386,4
2022,177451388,4
2022,177451389,4
2022,177451390,4
2022,177451394,5
2022,181609089,5
2022,177451401,4
2022,177451405,4
2022,177451406,5
2022,177451418,4
2022,177673088,4
2022,177673089,4
2022,182616298,4
2022,177451427,5
2022,181410929,3
2022,181609090,5
2022,177505700,5
2022,177505701,5
2022,177505702,4
2022,177505704,5
2022,177505705,4
2022,177505708,5
2022,177505712,4
2022,177505720,4
2022,177505721,5
2022,177673095,5
2022,177505722,4
2022,177505723,4
2022,177977273,4
2022,177742069,4
2022,179970911,5
2022,177673103,4
2022,179967634,4
2022,177673106,1
2022,177673107,4
2022,182711048,3
2022,185175098,4
2022,179967641,4
2022,177742072,4
2022,179967645,5
2022,177742073,5
2022,177742074,5
2022,185064178,5
2022,177673113,5
2022,185064179,5
2022,179970916,3
2022,177742080,4
2022,179970917,4
2022,179970918,4
2022,179970919,4
2022,177742089,4
2022,177742092,5
2022,179967662,4
2022,179970920,4
2022,179970921,4
2022,177742111,1
2022,177742111,8
2022,177742112,6
2022,177803336,5
2022,177977283,4
2022,179967679,5
2022,185175102,1
2022,177851030,5
2022,183094657,6
2022,181609095,4
2022,183094658,5
2022,177851032,4
2022,179970922,5
2022,179967690,5
2022,179970923,4
2022,177851036,4
2022,179970924,5
2022,179967694,4
2022,177851039,5
2022,179970926,4
2022,177851041,5
2022,179967700,5
2022,177851043,4
2022,177851044,4
2022,179970927,5
2022,177851045,5
2022,178421507,4
2022,179967707,5
2022,179967710,4
2022,179967711,1
2022,179967712,5
2022,179967714,4
2022,178421514,5
2022,178421523,5
2022,178421525,4
2022,178421529,5
2022,181410931,4
2022,178421538,5
2022,178421545,5
2022,178421559,4
2022,185492120,5
2022,179967723,4
2022,179967724,4
2022,185497186,4
2022,178421567,4
2022,185211217,4
2022,185064182,5
2022,179967744,4
2022,179967745,4
2022,179970936,4
2022,179967750,4
2022,179970945,4
2022,185175112,4
2022,179967755,4
2022,179970946,6
2022,179970947,4
2022,179970948,5
2022,185175113,5
2022,179970949,4
2022,179970950,4
2022,179970951,5
2022,179967760,5
2022,179970952,5
2022,179970954,4
2022,179967763,5
2022,179970957,5
2022,179970958,4
2022,179970965,5
2022,179970966,5
2022,179970981,5
2022,179967777,5
2022,179970984,4
2022,179970989,4
2022,179970990,5
2022,179970993,4
2022,185492130,4
2022,179970997,4
2022,179967799,4
2022,179971001,5
2022,179967802,5
2022,179971005,4
2022,179967805,5
2022,179971007,5
2022,179971008,4
2022,181609097,4
2022,179971014,5
2022,179967817,4
2022,179971019,5
2022,185175119,4
2022,179967819,5
2022,179971020,4
2022,179967820,4
2022,179971026,5
2022,179967823,4
2022,179967825,4
2022,179971033,5
2022,185175120,5
2022,179971035,4
2022,179967832,5
2022,179971038,4
2022,179967835,4
2022,182781363,4
2022,179971048,5
2022,179967849,4
2022,179971049,5
2022,179971050,5
2022,185211227,4
2022,179971051,4
2022,179971052,5
2022,179971053,5
2022,179971054,5
2022,179971059,4
2022,179971067,5
2022,180362013,5
2022,180362015,5
2022,180362017,5
2022,179971071,5
2022,180362018,5
2022,179971075,4
2022,182662525,4
2022,179971080,5
2022,179971081,4
2022,185492132,5
2022,181609101,2
2022,180403240,4
2022,179971089,5
2022,179971092,5
2022,179971095,4
2022,179971099,5
2022,179971101,4
2022,180403248,5
2022,179971104,5
2022,182662527,4
2022,182662528,4
2022,182662529,3
2022,179971109,4
2022,185211235,5
2022,179971110,5
2022,180403251,4
2022,185492133,5
2022,179971114,5
2022,179971116,6
2022,179971117,5
2022,179971119,4
2022,179971120,4
2022,179971121,2
2022,179971122,4
2022,179971125,4
2022,179971128,5
2022,179971131,4
2022,181069678,5
2022,181069679,6
2022,181069681,5
2022,179971137,4
2022,181069682,4
2022,181069683,4
2022,179971144,4
2022,181069684,4
2022,179971149,4
2022,179971150,5
2022,179971151,5
2022,179971157,4
2022,179971160,4
2022,179971162,5
2022,179971163,5
2022,181069686,4
2022,180362082,4
2022,181069687,5
2022,180362091,4
2022,180362092,4
2022,180362093,5
2022,181069690,5
2022,180362095,4
2022,180979616,5
2022,180979620,3
2022,180979621,4
2022,180979623,4
2022,183325900,5
2022,181609105,4
2022,180979625,4
2022,180979626,4
2022,180988646,4
2022,183410276,5
2022,185383749,5
2022,185211239,5
2022,185492137,5
2022,185492138,4
2022,183410408,4
2022,180988647,4
2022,180988648,4
2022,180988649,4
2022,182662532,4
2022,180988651,5
2022,180988653,5
2022,180988655,5
2022,180997596,5
2022,180997599,5
2022,180997601,4
2022,180997602,4
2022,181268362,4
2022,181268363,4
2022,181268366,4
2022,181278468,4
2022,181278470,4
2022,182616303,4
2022,182616304,4
2022,181278474,5
2022,181609114,4
2022,181278475,4
2022,181410935,4
2022,181410936,4
2022,181410949,4
2022,181526877,5
2022,181410950,8
2022,181410958,5
2022,181410961,5
2022,181410967,5
2022,181410968,5
2022,182662534,4
2022,182464967,4
2022,185492139,5
2022,161880421,4
2022,183604395,4
2022,183604399,4
2022,162587679,4
2022,162953489,4
2022,163769276,4
2022,163916184,4
2022,164002544,4
2022,165096194,4
2022,183604404,4
2022,165818957,5
2022,167111323,4
2022,168330845,5
2022,168575684,4
2022,168606091,4
2022,168655692,4
2022,168882090,4
2022,168882091,4
2022,169516147,4
2022,169564370,4
2022,170500161,4
2022,183748009,4
2022,183748027,4
2022,185492140,5
2022,183973285,4
2022,183973287,4
2022,183973289,4
2022,183973292,4
2022,185211246,5
2022,185211247,4
2022,184060934,4
2022,184060936,5
2022,184060937,4
2022,184060938,5
2022,184060940,4
2022,184060944,4
2022,170500162,4
2022,184060952,4
2022,184060953,5
2022,184060955,4
2022,184064310,4
2022,185211256,5
2022,185383760,5
2022,184794371,4
2022,170816740,4
2022,184794372,4
2022,175055750,4
2022,171709089,4
2022,184821819,4
2022,184794383,5
2022,184794384,6
2022,184821820,3
2022,184794397,5
2022,185211266,4
2022,184794402,5
2022,185211269,4
2022,184952066,5
2022,184794405,4
2022,184821835,4
2022,172293516,5
2022,184952070,2
2022,184821838,4
2022,172695895,4
2022,185211271,4
2022,184821840,4
2022,172877438,4
2022,184821848,5
2022,173301682,4
2022,173301683,4
2022,173524710,4
2022,184821858,4
2022,184821859,4
2022,184821860,4
2022,174083450,5
2022,184821861,4
2022,184952072,4
2022,174083451,5
2022,177537773,4
2022,184952073,4
2022,174718504,4
2022,175055751,4
2022,185211278,5
2022,175042880,4
2022,175055752,4
2022,175090998,4
2022,175090999,5
2022,175708377,4
2022,184952083,4
2022,176079112,4
2022,184952085,5
2022,185064185,4
2022,176079113,5
2022,176264747,5
2022,176264753,5
2022,184952094,4
2022,185211281,5
2022,177813757,1
2022,184952096,4
2022,185238747,5
2022,187221654,4
2022,185238751,4
2022,185238752,5
2022,177813757,2
2022,177813757,6
2022,177537774,5
2022,178104963,4
2022,178104966,5
2022,179976168,5
2022,179976171,4
2022,179976179,4
2022,179976194,5
2022,179976195,5
2022,180399591,4
2022,180913561,5
2022,181097842,4
2022,161760318,5
2022,185238769,4
2022,185238773,5
2022,185238777,5
2022,185238780,4
2022,185238783,5
2022,185313269,2
2022,185313269,3
2022,185313275,5
2022,185313276,5
2022,185383766,4
2022,185313288,2
2022,185313288,3
2022,185313302,4
2022,185313310,5
2022,185313318,4
2022,185313319,5
2022,185313321,8
2022,186884953,4
2022,186636811,4
2022,186884956,4
2022,186884960,4
2022,186884961,4
2022,186884962,4
2022,186884963,5
2022,186884964,4
2022,180927912,5
2022,161884815,5
2022,162420385,5
2022,162420386,5
2022,162420388,5
2022,162587687,5
2022,185417340,4
2022,185417345,3
2022,185417353,5
2022,185417356,8
2022,186884967,5
2022,185417357,4
2022,185497096,4
2022,185497112,4
2022,185497115,3
2022,185497116,5
2022,185497118,5
2022,185497122,4
2022,185564736,4
2022,185564743,4
2022,185564744,4
2022,185564746,4
2022,185595207,4
2022,185595216,2
2022,185595220,4
2022,185595224,4
2022,186961890,8
2022,185595229,5
2022,185595230,4
2022,185595232,4
2022,185595233,4
2022,185595247,4
2022,185595249,5
2022,185595250,4
2022,185595255,5
2022,185595260,5
2022,185681416,4
2022,185681420,4
2022,185681427,5
2022,185681435,4
2022,185681436,4
2022,185681437,4
2022,185681438,2
2022,185681439,4
2022,185681440,4
2022,162784676,5
2022,185812181,5
2022,162801052,4
2022,185812185,5
2022,162837670,4
2022,185812189,4
2022,162837674,5
2022,185812190,4
2022,185812192,4
2022,162837676,5
2022,162837677,5
2022,162837679,5
2022,185812195,4
2022,162837681,5
2022,162903297,4
2022,185812198,4
2022,185812199,8
2022,162903298,4
2022,162953493,5
2022,162953494,5
2022,162974003,5
2022,163044050,4
2022,163119028,5
2022,163119030,5
2022,163254495,5
2022,163254496,4
2022,163320435,5
2022,163769279,4
2022,163769280,5
2022,163769281,5
2022,164002546,4
2022,164084469,4
2022,164502783,4
2022,165353844,5
2022,165258573,4
2022,164631624,4
2022,164631625,5
2022,164738808,5
2022,164738811,5
2022,164738815,5
2022,164738816,6
2022,165093747,5
2022,165093749,4
2022,165209940,5
2022,165353889,5
2022,165353890,5
2022,165691951,5
2022,165804020,5
2022,182864552,1
2022,185829782,4
2022,185829786,5
2022,185829805,4
2022,185822348,2
2022,185822350,4
2022,185822351,4
2022,185829821,5
2022,185829826,5
2022,185829827,4
2022,185829828,8
2022,185829829,5
2022,185829834,4
2022,166997733,3
2022,185829838,4
2022,166997738,5
2022,167329784,4
2022,186254864,5
2022,186254879,4
2022,186254880,8
2022,186254886,4
2022,185681453,2
2022,186961896,4
2022,186698553,4
2022,186884981,4
2022,186698557,4
2022,186961904,4
2022,186961905,4
2022,186636824,5
2022,186698560,4
2022,168440372,4
2022,167047505,5
2022,186961908,1
2022,186884988,5
2022,167047507,5
2022,167047516,4
2022,186961913,5
2022,167111331,5
2022,186884994,5
2022,186961916,4
2022,186698570,5
2022,186961917,5
2022,186961918,5
2022,186884997,4
2022,186884998,5
2022,186961923,4
2022,186961925,5
2022,186961927,5
2022,186961931,5
2022,167121054,5
2022,167121062,4
2022,167132072,4
2022,167132075,5
2022,167132076,5
2022,167156350,5
2022,186961933,5
2022,187138568,5
2022,167156351,5
2022,167167763,5
2022,167167764,5
2022,167329786,5
2022,167329788,5
2022,167329790,5
2022,167329791,5
2022,167329792,5
2022,168330860,4
2022,168330866,4
2022,168330867,4
2022,168330875,5
2022,168330883,4
2022,168330886,5
2022,168330887,5
2022,168330890,5
2022,168330911,2
2022,168379797,4
2022,168379798,5
2022,168379799,5
2022,168532802,5
2022,168532803,5
2022,168532805,4
2022,168532807,4
2022,168655700,4
2022,169120751,1
2022,169120751,3
2022,169341397,4
2022,169567810,5
2022,169569702,5
2022,169569703,5
2022,169569705,4
2022,169569709,5
2022,169626165,4
2022,169626167,4
2022,169626168,4
2022,169639631,5
2022,169639633,5
2022,169660514,5
2022,169797258,5
2022,186961935,5
2022,187138571,3
2022,187003789,5
2022,186961938,5
2022,187681518,5
2022,187770041,4
2022,186961939,5
2022,187779380,4
2022,187770042,4
2022,187489749,5
2022,187003798,4
2022,187003803,5
2022,186961943,3
2022,186961944,3
2022,187003807,5
2022,187770050,5
2022,187770052,6
2022,187770053,4
2022,187770056,4
2022,187770057,4
2022,169797259,5
2022,169797261,5
2022,169797264,4
2022,187003816,4
2022,179976198,4
2022,170063470,4
2022,188611331,5
2022,170063472,4
2022,167134502,4
2022,169902708,5
2022,167134506,4
2022,167134507,5
2022,167134509,5
2022,169912161,5
2022,167134511,4
2022,167134513,4
2022,167134515,4
2022,167134520,4
2022,167134521,4
2022,167134529,4
2022,167134530,4
2022,167134537,4
2022,167134542,4
2022,167205800,4
2022,167253920,5
2022,167253922,4
2022,167253923,4
2022,167253924,4
2022,167303368,4
2022,167303370,5
2022,167303372,4
2022,167303373,4
2022,169912162,5
2022,169912163,5
2022,169914762,5
2022,168328022,5
2022,167436111,4
2022,167436112,4
2022,167436113,3
2022,167436115,4
2022,167436118,4
2022,168328028,4
2022,168328031,4
2022,168328040,4
2022,168328049,4
2022,168328051,4
2022,168328052,4
2022,168328053,4
2022,168328054,4
2022,168328058,3
2022,168328063,4
2022,168328066,4
2022,179973265,5
2022,168328071,8
2022,168328075,4
2022,168328078,4
2022,168328079,4
2022,168328081,4
2022,168328082,4
2022,168328083,3
2022,168328084,3
2022,168328085,8
2022,168328087,4
2022,168328088,4
2022,168328089,4
2022,168328090,4
2022,168328092,5
2022,168328095,4
2022,168328097,4
2022,168328100,4
2022,168328103,4
2022,168328104,4
2022,168328105,8
2022,168328106,4
2022,168328109,4
2022,168328110,4
2022,168328112,5
2022,168328114,5
2022,168328116,4
2022,168328118,4
2022,168328121,5
2022,168328125,4
2022,168328127,4
2022,168328128,4
2022,168328129,4
2022,168328131,4
2022,168328135,4
2022,168328137,4
2022,168328148,5
2022,168328151,5
2022,168328152,4
2022,168328153,5
2022,168328162,4
2022,168328163,4
2022,168328174,8
2022,168328175,5
2022,168328177,4
2022,168328180,5
2022,168328187,4
2022,168328193,5
2022,168328194,5
2022,168328199,4
2022,168328200,5
2022,168328209,4
2022,168328212,4
2022,168328226,4
2022,168328227,4
2022,168328229,4
2022,168328233,4
2022,168328242,4
2022,168328244,4
2022,168328248,4
2022,168328250,4
2022,169960532,5
2022,168328255,4
2022,168328256,4
2022,168328257,4
2022,168328258,4
2022,168328262,4
2022,168328263,4
2022,168328264,5
2022,168328266,4
2022,168328267,4
2022,169960533,5
2022,168328270,4
2022,168328272,4
2022,168328281,4
2022,169960534,5
2022,169960535,4
2022,169960536,4
2022,169960538,5
2022,169960540,4
2022,169975804,5
2022,168375288,4
2022,168606046,4
2022,168606047,4
2022,168715909,5
2022,168715912,5
2022,168715913,5
2022,168715914,4
2022,168715917,4
2022,168744781,4
2022,168715918,5
2022,168744785,4
2022,168881980,4
2022,168881981,4
2022,169341371,4
2022,169120569,5
2022,169567798,5
2022,169567799,4
2022,169569663,4
2022,169569665,5
2022,169569666,1
2022,169569667,4
2022,169569668,4
2022,169592105,4
2022,169592107,5
2022,169664669,5
2022,170036469,6
2022,170145451,4
2022,169912128,5
2022,169912129,4
2022,169912134,5
2022,169912136,4
2022,169914739,4
2022,170298568,4
2022,170145452,4
2022,170619872,4
2022,171347058,4
2022,170619881,5
2022,171116191,5
2022,170957227,5
2022,170957228,4
2022,170957231,4
2022,170957232,4
2022,171116192,5
2022,171161281,3
2022,171305388,4
2022,171305391,4
2022,171305392,5
2022,171340796,4
2022,170298570,4
2022,171340798,4
2022,171347061,5
2022,170489642,5
2022,170489644,4
2022,170489647,8
2022,170489649,5
2022,171347062,5
2022,170489650,4
2022,173172425,5
2022,171449448,5
2022,171785720,5
2022,170619574,5
2022,170619577,5
2022,170619582,5
2022,170619589,4
2022,171830744,4
2022,172356155,5
2022,170799820,4
2022,170799825,4
2022,170799826,4
2022,170799827,4
2022,170799828,4
2022,172356156,5
2022,172356158,4
2022,172356159,4
2022,170874160,5
2022,172356164,5
2022,170875840,5
2022,172880760,5
2022,170875846,4
2022,170875850,4
2022,170875851,4
2022,171043734,5
2022,171103947,4
2022,171103951,5
2022,171103952,4
2022,171103955,4
2022,171103957,4
2022,171103958,4
2022,171103959,4
2022,171161155,5
2022,171161156,4
2022,171116136,5
2022,171116144,4
2022,171570507,5
2022,171709014,5
2022,171709016,5
2022,171709018,4
2022,171709020,4
2022,171709022,5
2022,171709027,5
2022,171709035,5
2022,171785658,4
2022,173685064,4
2022,171785659,4
2022,171805483,5
2022,171785669,4
2022,171805487,5
2022,171805489,5
2022,171873612,2
2022,173692297,3
2022,172350344,4
2022,172350350,4
2022,172880762,5
2022,172973259,4
2022,172880764,5
2022,172880765,5
2022,173018865,4
2022,172973265,4
2022,172973270,4
2022,173018872,4
2022,173040659,4
2022,173051651,4
2022,173040708,5
2022,173080321,4
2022,173395410,4
2022,173080324,5
2022,173097296,4
2022,173097305,5
2022,173097311,5
2022,173301671,5
2022,173395411,5
2022,173395415,5
2022,173524714,5
2022,173307730,4
2022,173401485,5
2022,173401486,4
2022,173401491,4
2022,173401497,1
2022,173692383,4
2022,174175333,5
2022,173692298,5
2022,173750210,5
2022,173750211,4
2022,173750212,5
2022,174459034,3
2022,174459036,5
2022,174459037,5
2022,174459038,4
2022,174459039,4
2022,174178115,5
2022,174178116,4
2022,174178119,5
2022,174327922,5
2022,174412629,4
2022,174459043,4
2022,174459044,4
2022,173783279,5
2022,173783287,4
2022,173783288,5
2022,173783289,4
2022,174178104,4
2022,174459047,4
2022,174459048,5
2022,174459050,4
2022,174459052,4
2022,174548911,4
2022,174485277,5
2022,174485279,4
2022,175121131,4
2022,174752810,4
2022,176672200,4
2022,174762752,5
2022,174849385,5
2022,174849389,5
2022,174663532,4
2022,174849392,5
2022,174774989,5
2022,174818192,4
2022,174896675,4
2022,175509999,4
2022,176672103,4
2022,179973268,4
2022,179973269,4
2022,175631249,1
2022,175631250,7
2022,175631254,4
2022,176648915,4
2022,176648919,4
2022,177505682,4
2022,174975595,4
2022,175004356,5
2022,175004357,4
2022,175004361,5
2022,175004362,5
2022,175004363,5
2022,175004366,5
2022,175023340,5
2022,175023341,4
2022,175055754,6
2022,175055755,5
2022,175055756,4
2022,175117842,4
2022,175436783,5
2022,175491097,5
2022,175628948,4
2022,175628949,4
2022,175911605,3
2022,176109917,5
2022,176197206,5
2022,176197207,5
2022,176197208,5
2022,176197211,5
2022,176228436,5
2022,176228438,4
2022,176228439,4
2022,176228441,4
2022,176340797,5
2022,176340798,5
2022,176340800,8
2022,176340801,4
2022,176340803,5
2022,177488651,4
2022,176354296,4
2022,176354297,5
2022,176379712,4
2022,176379713,4
2022,176379717,4
2022,180782754,4
2022,176519208,2
2022,179973282,5
2022,179973285,5
2022,179973291,4
2022,179973293,4
2022,179973297,5
2022,184722189,4
2022,184722194,4
2022,184821872,4
2022,184821874,5
2022,176519208,3
2022,176519209,2
2022,184821875,4
2022,176519209,3
2022,176523449,4
2022,184821878,5
2022,176618221,4
2022,176648974,5
2022,176648975,4
2022,177010849,5
2022,177010850,5
2022,177481656,4
2022,177488652,5
2022,177535585,4
2022,177535587,4
2022,177535588,5
2022,177724114,5
2022,184887254,4
2022,184887255,4
2022,184887259,4
2022,184887263,4
2022,184952098,4
2022,184952100,4
2022,184952101,4
2022,185118979,4
2022,185118980,4
2022,185118983,4
2022,185383770,5
2022,177724115,4
2022,185487910,4
2022,177724116,4
2022,177848710,4
2022,181524418,5
2022,177931504,5
2022,177931505,5
2022,177931509,5
2022,182986685,5
2022,178395039,5
2022,178421576,5
2022,178421584,4
2022,179976200,5
2022,179976214,4
2022,179976216,5
2022,179976219,5
2022,179976220,6
2022,179976221,4
2022,180782758,4
2022,179976223,5
2022,179976233,5
2022,179976235,5
2022,179976236,4
2022,179976244,4
2022,179976246,4
2022,179976254,4
2022,179976266,5
2022,179976267,5
2022,179976272,5
2022,179976273,5
2022,179976274,4
2022,179976284,5
2022,179976287,5
2022,179976291,5
2022,180761289,4
2022,180782762,5
2022,180782764,4
2022,180800573,6
2022,180800574,6
2022,180848935,4
2022,180868485,5
2022,180979635,4
2022,161568903,4
2022,185487911,4
2022,185417361,5
2022,185487912,4
2022,185383771,5
2022,185118984,4
2022,185383775,4
2022,185118985,4
2022,185118986,4
2022,185118988,4
2022,185118989,4
2022,184821881,4
2022,179973313,4
2022,179973314,1
2022,179973316,4
2022,179973318,5
2022,179973319,5
2022,179973320,4
2022,179973322,5
2022,179973324,4
2022,179973326,4
2022,179973329,4
2022,179973330,5
2022,179973337,5
2022,179973339,4
2022,179973340,5
2022,179973341,4
2022,179973343,4
2022,179973346,4
2022,179973347,4
2022,179973351,5
2022,179973354,5
2022,188825232,5
2022,179973356,5
2022,179973359,4
2022,179973361,4
2022,180255349,8
2022,180779939,4
2022,180391559,4
2022,180391560,4
2022,181168649,3
2022,180391563,4
2022,180779940,4
2022,180779941,4
2022,180883235,5
2022,180883240,4
2022,181785119,4
2022,182134937,4
2022,182134939,5
2022,182134940,5
2022,182139025,4
2022,161568906,4
2022,161608008,4
2022,161618717,4
2022,162251936,6
2022,162251940,5
2022,170023713,4
2022,164578425,5
2022,161607996,4
2022,161607997,4
2022,164578426,5
2022,161607998,4
2022,162788906,4
2022,162953496,4
2022,164578428,4
2022,164656574,4
2022,164102822,4
2022,164821342,5
2022,164821348,5
2022,164821351,4
2022,164821352,5
2022,165691961,6
2022,165096199,5
2022,165657293,5
2022,161712268,4
2022,162260430,4
2022,162325844,5
2022,162383328,4
2022,167156122,4
2022,162903263,5
2022,163043998,4
2022,170816695,5
2022,163769225,5
2022,166029880,5
2022,170816697,4
2022,170816698,4
2022,165657296,5
2022,167132078,4
2022,166572631,4
2022,170816700,4
2022,166572573,5
2022,166572574,5
2022,164202945,5
2022,164202946,5
2022,164502737,4
2022,164502738,5
2022,170816701,5
2022,164677436,4
2022,164677439,4
2022,164677440,5
2022,170816702,5
2022,164815831,2
2022,170816703,4
2022,166572632,6
2022,167086688,1
2022,166974070,4
2022,167194674,4
2022,167121068,4
2022,167121071,4
2022,167329800,4
2022,167194689,5
2022,170816705,5
2022,165093709,4
2022,165258431,4
2022,165093714,7
2022,165248955,5
2022,165338064,4
2022,167226846,4
2022,168330919,4
2022,168575686,4
2022,168330922,4
2022,168330924,5
2022,168330932,4
2022,168330946,5
2022,168330951,5
2022,168330952,4
2022,168586457,4
2022,169626183,4
2022,169626187,4
2022,169643303,4
2022,169592216,5
2022,179976332,6
2022,169662517,4
2022,169742788,4
2022,165691812,2
2022,165691813,2
2022,165691814,2
2022,165691815,4
2022,169778379,5
2022,169778380,5
2022,169899087,4
2022,165826328,5
2022,169912168,5
2022,169956324,5
2022,170298610,4
2022,170500165,4
2022,170874169,4
2022,166072624,4
2022,170874171,4
2022,171347065,4
2022,171456687,5
2022,171570918,4
2022,173301685,4
2022,173301686,4
2022,171709096,4
2022,172350429,4
2022,172350437,5
2022,172999841,5
2022,172999845,4
2022,173556238,4
2022,173637908,4
2022,173664461,4
2022,173704230,5
2022,174038728,4
2022,174485285,4
2022,174485288,4
2022,174639467,4
2022,166029888,2
2022,166572578,3
2022,166976411,4
2022,166976412,4
2022,167329751,5
2022,174711730,4
2022,167132015,4
2022,167156125,4
2022,167156129,4
2022,167156130,4
2022,167156133,4
2022,170816706,4
2022,167415087,5
2022,170816708,5
2022,170816709,4
2022,168330615,3
2022,168330618,4
2022,168330619,4
2022,168330622,4
2022,168330624,4
2022,168330631,4
2022,168330632,4
2022,168330636,4
2022,170816710,5
2022,168330655,5
2022,170816711,5
2022,170816713,4
2022,168330671,4
2022,168330674,4
2022,168330679,5
2022,168330682,4
2022,168440367,4
2022,168532783,5
2022,168666617,5
2022,168532791,4
2022,168586448,5
2022,168666619,4
2022,168666621,5
2022,168825241,5
2022,169031563,5
2022,169079777,4
2022,169367733,4
2022,169379752,5
2022,169379753,2
2022,170816716,4
2022,169626120,5
2022,169626122,5
2022,170816718,4
2022,170816719,4
2022,169797237,5
2022,174775021,3
2022,169817633,5
2022,169899059,4
2022,170816720,4
2022,170036461,5
2022,170489661,4
2022,170816721,4
2022,170840215,5
2022,170957081,4
2022,173286584,5
2022,171546356,4
2022,171240743,5
2022,171305180,4
2022,171305182,4
2022,171305184,5
2022,171305185,5
2022,171305186,4
2022,171830719,5
2022,171570535,4
2022,175055763,4
2022,175436758,5
2022,172046168,5
2022,173168959,4
2022,173168960,4
2022,172526106,4
2022,173015354,4
2022,173015355,5
2022,173015358,4
2022,173018799,4
2022,175893686,5
2022,173040663,4
2022,173040664,4
2022,173051658,5
2022,173294165,5
2022,173294166,5
2022,173294169,4
2022,175087585,4
2022,176026983,5
2022,176107058,4
2022,176264754,4
2022,176376469,4
2022,176523453,4
2022,176523454,4
2022,176923642,5
2022,177448427,4
2022,177535593,4
2022,177535594,4
2022,178138949,4
2022,178138955,4
2022,178452306,4
2022,179976349,5
2022,179976354,4
2022,179976355,4
2022,179976369,5
2022,179976370,5
2022,179976372,5
2022,179976376,4
2022,179976378,5
2022,179976392,4
2022,179976394,4
2022,179976395,4
2022,179976400,5
2022,179976405,4
2022,179976407,4
2022,179976408,4
2022,179976411,4
2022,179976414,5
2022,180800576,5
2022,180848965,5
2022,180848966,5
2022,180979639,4
2022,181063226,4
2022,181063227,4
2022,181069706,5
2022,162325857,4
2022,173375918,4
2022,173375921,4
2022,173664421,5
2022,162826970,4
2022,163048865,4
2022,163048866,4
2022,163375596,5
2022,163364135,4
2022,166960973,3
2022,165096200,4
2022,166976453,5
2022,166960974,5
2022,166960975,5
2022,166976455,4
2022,166992650,4
2022,166992651,5
2022,168330956,4
2022,167121073,4
2022,168330958,4
2022,168330961,4
2022,168330962,4
2022,168375307,4
2022,168375309,4
2022,168375311,4
2022,168375312,4
2022,169079779,4
2022,169079780,6
2022,169120753,4
2022,168532815,4
2022,169410989,4
2022,171043743,4
2022,169745672,4
2022,174462585,5
2022,174485248,4
2022,171043744,4
2022,172046209,4
2022,172046213,4
2022,172046216,4
2022,172046221,4
2022,172046225,4
2022,172293535,4
2022,172293540,4
2022,172293544,4
2022,172293547,4
2022,172293549,2
2022,172293551,4
2022,172293553,4
2022,172293555,5
2022,172293558,4
2022,172293561,6
2022,172293564,4
2022,172293569,4
2022,172293571,5
2022,172293573,4
2022,172293575,4
2022,173015383,4
2022,173460558,4
2022,173524721,6
2022,173524727,4
2022,177010852,4
2022,177451436,4
2022,174485290,4
2022,177010854,5
2022,174540825,4
2022,177505730,4
2022,177481663,4
2022,175911608,7
2022,177451446,4
2022,177451451,4
2022,177481664,4
2022,179976423,4
2022,179976426,4
2022,179976427,5
2022,179976428,3
2022,179976430,4
2022,179976431,4
2022,180979640,5
2022,179976433,8
2022,180403301,3
2022,180913568,4
2022,180868490,5
2022,180913569,4
2022,181168666,4
2022,168655641,4
2022,174557552,5
2022,174557553,5
2022,163769299,5
2022,173692387,8
2022,167253965,4
2022,167253966,4
2022,167098129,4
2022,175004369,8
2022,174557555,4
2022,174557556,4
2022,167098136,5
2022,169643306,4
2022,174557558,5
2022,169643307,4
2022,167132087,5
2022,168329852,8
2022,167132103,4
2022,167132106,5
2022,168329861,4
2022,168329862,4
2022,169643309,8
2022,168329878,5
2022,168329886,4
2022,168329890,5
2022,168618605,5
2022,169410991,4
2022,169410992,5
2022,169410993,4
2022,169410994,4
2022,169410995,5
2022,169410996,5
2022,168329904,5
2022,168618608,4
2022,169410997,5
2022,168329913,5
2022,169410998,4
2022,168329921,5
2022,168329922,5
2022,168618613,5
2022,169052726,5
2022,168655664,4
2022,169405388,4
2022,169405389,5
2022,169516150,4
2022,169660520,5
2022,169660521,4
2022,170875871,4
2022,174939712,5
2022,179975895,5
2022,175491082,4
2022,175783449,4
2022,175783451,4
2022,175783452,5
2022,176287499,4
2022,175893688,4
2022,175893690,4
2022,176026918,2
2022,176065703,2
2022,176065704,5
2022,176337216,5
2022,176354271,4
2022,176354273,4
2022,176376445,4
2022,176432965,4
2022,188055350,6
2022,188055350,8
2022,176026991,2
2022,172001244,4
2022,175708381,4
2022,176432970,4
2022,176523423,4
2022,176523424,4
2022,176618178,4
2022,176686457,4
2022,176923590,4
2022,177307218,4
2022,177448407,4
2022,178197334,6
2022,177448409,4
2022,177481642,4
2022,177535556,4
2022,177713430,5
2022,177740224,4
2022,177740225,4
2022,177850995,4
2022,177977230,4
2022,178058431,5
2022,178058435,3
2022,178058438,4
2022,178104921,5
2022,179975907,5
2022,179975934,4
2022,179975935,4
2022,179975939,6
2022,179975950,4
2022,179975957,5
2022,179975961,5
2022,180761217,5
2022,180403257,4
2022,179976001,4
2022,179976005,4
2022,179976006,4
2022,179976012,4
2022,179976015,4
2022,173018891,5
2022,181015761,6
2022,180808410,6
2022,180996173,5
2022,181018312,4
2022,173692399,5
2022,175004374,5
2022,176519174,4
2022,176923594,4
2022,176923595,4
2022,177312333,4
2022,177312336,4
2022,177312337,5
2022,177316217,4
2022,177505684,4
2022,177848690,4
2022,178058442,4
2022,178058443,4
2022,178058444,4
2022,178138891,4
2022,178138892,4
2022,178138893,4
2022,178138894,4
2022,178197340,5
2022,178394981,4
2022,178421421,4
2022,178452279,4
2022,179979705,4
2022,179975543,8
2022,177537782,4
2022,176026992,5
2022,175708391,4
2022,182465046,4
2022,179979721,3
2022,179979731,4
2022,179979740,4
2022,179979753,4
2022,179979756,4
2022,179979759,4
2022,179979768,4
2022,179979773,4
2022,179979776,4
2022,188055353,4
2022,188055354,4
2022,179979813,4
2022,177481671,4
2022,181810898,5
2022,179979820,4
2022,179979838,4
2022,179979839,4
2022,177481672,5
2022,177481673,5
2022,179979844,4
2022,179979847,5
2022,179979852,4
2022,177481675,5
2022,179979861,5
2022,177481676,5
2022,178421629,5
2022,178421630,5
2022,178421631,5
2022,179975554,4
2022,179975555,4
2022,179975556,4
2022,177481678,5
2022,178421634,5
2022,179975557,5
2022,177813767,5
2022,177813771,4
2022,186639313,5
2022,179975564,5
2022,179975565,5
2022,179975570,4
2022,179975573,5
2022,179975574,4
2022,179975575,4
2022,179975576,5
2022,179975577,5
2022,183410712,5
2022,179975579,5
2022,179979865,5
2022,179975580,5
2022,179975581,5
2022,179975583,5
2022,179979869,4
2022,179975589,5
2022,179979875,4
2022,179979877,4
2022,179975590,5
2022,179975591,5
2022,179975599,1
2022,179979890,4
2022,179975611,5
2022,179979892,4
2022,179979896,4
2022,179979897,4
2022,179979900,5
2022,179975612,5
2022,179979905,4
2022,179975614,5
2022,183186246,1
2022,179979911,4
2022,179979912,4
2022,179979913,4
2022,179979914,5
2022,179979931,4
2022,179979940,5
2022,179979948,4
2022,179979958,4
2022,181015766,4
2022,181015769,5
2022,181018319,4
2022,183186246,2
2022,183186246,3
2022,183186246,6
2022,179975620,6
2022,179975621,4
2022,179975623,4
2022,179975624,5
2022,180761301,4
2022,180761302,5
2022,182465063,4
2022,179975647,4
2022,183973536,5
2022,181268389,5
2022,185245399,5
2022,181810913,5
2022,181810914,5
2022,181810915,5
2022,181268399,4
2022,184631495,5
2022,188055393,5
2022,169564435,1
2022,176407188,4
2022,168534644,5
2022,168534650,4
2022,168534662,4
2022,168534687,5
2022,168534701,4
2022,168534705,5
2022,168534707,5
2022,168534708,5
2022,168534718,4
2022,168534727,5
2022,168534730,4
2022,168534741,4
2022,168534745,4
2022,168534748,4
2022,168534755,4
2022,168534761,6
2022,168534768,4
2022,168534779,4
2022,168534786,5
2022,168534789,4
2022,168534795,4
2022,168534804,4
2022,168534828,4
2022,168534838,4
2022,168534864,5
2022,168534868,5
2022,168534875,4
2022,168534881,4
2022,168534893,5
2022,168534895,4
2022,168534903,4
2022,180391565,4
2022,171305193,5
2022,168534908,4
2022,168534912,4
2022,168534914,4
2022,180391566,4
2022,181010807,4
2022,165691984,4
2022,168534936,4
2022,168534938,4
2022,168534941,5
2022,168534943,4
2022,168534944,5
2022,168534951,4
2022,168534956,4
2022,168534964,4
2022,168534968,4
2022,168534970,4
2022,168534971,4
2022,170008009,6
2022,168534989,5
2022,168535015,4
2022,168535016,4
2022,168535018,4
2022,168535029,5
2022,168535031,5
2022,168535034,3
2022,168535036,4
2022,168535038,4
2022,168535047,5
2022,168535053,5
2022,168825289,6
2022,168535070,4
2022,168535078,4
2022,168535099,4
2022,168825293,4
2022,168535116,4
2022,168825294,4
2022,168825295,4
2022,168535125,5
2022,168535144,3
2022,168535145,3
2022,168535169,4
2022,168825298,4
2022,168535175,5
2022,168825299,4
2022,168825301,4
2022,170008011,5
2022,169379768,4
2022,169379769,4
2022,169379770,4
2022,169379772,4
2022,169405370,4
2022,172638123,4
2022,169592111,4
2022,169626131,5
2022,169626133,5
2022,169626134,4
2022,169660509,5
2022,169662487,5
2022,169662492,4
2022,169817636,4
2022,169817638,4
2022,169837911,4
2022,165691991,5
2022,165691994,4
2022,168321083,5
2022,169837917,4
2022,165774136,5
2022,169837920,4
2022,168379283,4
2022,168321104,4
2022,168321106,4
2022,168321109,4
2022,168321119,4
2022,168379286,4
2022,168375194,4
2022,168379295,4
2022,168379297,4
2022,169341072,4
2022,169341077,4
2022,169341078,4
2022,169341079,4
2022,169379865,4
2022,170510559,4
2022,169960573,5
2022,169960576,5
2022,170510565,4
2022,170510576,4
2022,170548122,4
2022,170548123,5
2022,170548124,4
2022,170840234,4
2022,170548126,4
2022,170619918,5
2022,170619924,4
2022,170619930,5
2022,170619956,4
2022,170619963,4
2022,170619965,4
2022,170619969,5
2022,170648641,4
2022,170799879,4
2022,170799886,4
2022,170799892,4
2022,170799893,5
2022,173097387,4
2022,173097398,4
2022,173169008,4
2022,173169009,4
2022,173172428,4
2022,173172429,4
2022,173637909,4
2022,173294204,4
2022,173294205,4
2022,173294206,5
2022,173294208,4
2022,173301691,4
2022,173685098,4
2022,173685099,4
2022,173692403,4
2022,173692409,4
2022,173704233,1
2022,173704234,4
2022,173750215,4
2022,173750216,4
2022,174178124,4
2022,176027019,4
2022,176079119,4
2022,176079124,4
2022,176079126,4
2022,176079128,4
2022,176107060,5
2022,176107061,5
2022,176107062,5
2022,176197217,4
2022,176109929,4
2022,176197222,4
2022,176197226,4
2022,176197228,5
2022,176203063,4
2022,176203065,4
2022,176203066,4
2022,176203068,4
2022,176203070,5
2022,176203072,5
2022,176203075,4
2022,176203077,4
2022,176203081,4
2022,176225138,4
2022,169960582,5
2022,169960583,5
2022,169960584,5
2022,170008013,5
2022,170008016,3
2022,170008017,4
2022,170008018,5
2022,170023732,4
2022,176225145,4
2022,170036541,5
2022,170510532,4
2022,170619610,2
2022,170619616,3
2022,170619640,5
2022,170619649,4
2022,170840216,4
2022,170799852,4
2022,170799854,4
2022,170799856,4
2022,171103961,4
2022,171103963,4
2022,174038696,5
2022,171103967,3
2022,171103968,5
2022,171103970,5
2022,171103975,5
2022,171103976,4
2022,171103977,3
2022,171103978,3
2022,171240758,5
2022,171240759,5
2022,171240760,5
2022,171240761,4
2022,171240767,4
2022,171240768,5
2022,171240770,5
2022,172695887,5
2022,172695888,5
2022,172695889,5
2022,171456672,5
2022,179962323,4
2022,171570538,4
2022,171570547,4
2022,171570549,4
2022,171570553,4
2022,171570555,4
2022,179962324,5
2022,179962325,4
2022,179962326,4
2022,171570562,4
2022,171570565,4
2022,171570568,4
2022,171570571,4
2022,179962328,4
2022,179962330,4
2022,172638124,5
2022,179962333,5
2022,175845524,4
2022,179962335,4
2022,179962341,5
2022,172001204,8
2022,179962342,4
2022,179962343,4
2022,172001207,8
2022,179962346,4
2022,179962349,4
2022,179962350,5
2022,179962357,4
2022,179962358,4
2022,179962361,5
2022,179962362,4
2022,179962364,4
2022,179962366,5
2022,179962377,4
2022,179962381,4
2022,179962389,4
2022,179962390,4
2022,179962393,4
2022,179962399,4
2022,182426849,4
2022,179962401,4
2022,181818858,4
2022,181818860,4
2022,182426853,4
2022,182426861,4
2022,182451588,4
2022,182587681,5
2022,172001214,4
2022,172001216,4
2022,172638125,3
2022,173692301,4
2022,172046173,4
2022,172046174,4
2022,172046180,4
2022,172681555,5
2022,172681556,4
2022,172681558,4
2022,172681559,4
2022,172681560,4
2022,172681561,5
2022,172681564,4
2022,172681566,4
2022,172681568,5
2022,172681571,4
2022,172681574,4
2022,172766159,4
2022,172766160,4
2022,172877423,5
2022,172877424,5
2022,172999754,4
2022,172999754,8
2022,172999755,5
2022,172999762,4
2022,172999763,5
2022,173015360,5
2022,173080336,4
2022,173692305,4
2022,173692312,4
2022,173692320,4
2022,173692321,4
2022,173692330,4
2022,173692332,4
2022,173692333,4
2022,173692343,4
2022,173692349,4
2022,173692350,4
2022,173692352,4
2022,173692353,4
2022,173692354,3
2022,182634842,4
2022,174038701,4
2022,182657794,4
2022,174038706,4
2022,182657798,4
2022,174312597,4
2022,182657799,5
2022,182657806,4
2022,182657807,4
2022,182662548,4
2022,182662549,5
2022,168789174,5
2022,174939728,4
2022,174412615,4
2022,174412616,4
2022,173439754,5
2022,168789177,5
2022,168789187,4
2022,169975627,4
2022,168789197,5
2022,168789205,5
2022,168789206,5
2022,168789208,3
2022,168789215,5
2022,168789221,4
2022,168789223,5
2022,168789224,4
2022,168789236,4
2022,169975629,5
2022,169975642,4
2022,174711713,4
2022,174718438,4
2022,174718441,4
2022,174718442,4
2022,169975649,4
2022,169975650,4
2022,169975659,5
2022,169975669,4
2022,169975671,5
2022,169975672,5
2022,174718445,4
2022,174718448,4
2022,169975673,5
2022,171709105,1
2022,170007753,8
2022,170007755,4
2022,170007756,4
2022,170007764,4
2022,176618227,5
2022,171709130,5
2022,174975602,5
2022,171709136,4
2022,171709138,5
2022,171709155,5
2022,171709159,4
2022,171709173,4
2022,171709187,4
2022,171709192,4
2022,171709193,4
2022,171709202,5
2022,171709204,5
2022,171709206,4
2022,173439766,2
2022,174975605,2
2022,173439776,3
2022,173439786,4
2022,173439787,4
2022,173439791,4
2022,173439796,5
2022,173439797,4
2022,173439798,5
2022,173439803,4
2022,173439804,5
2022,173439810,4
2022,173439813,4
2022,173439815,4
2022,173439820,4
2022,173439825,4
2022,173439827,5
2022,174975613,3
2022,174975614,4
2022,174975645,4
2022,174975652,8
2022,176618238,5
2022,176618255,5
2022,178421705,4
2022,178421707,5
2022,176618270,5
2022,176618273,5
2022,176618274,5
2022,178421716,4
2022,181410977,4
2022,181410978,4
2022,178421732,4
2022,178421751,5
2022,178421777,1
2022,178421798,4
2022,178421799,4
2022,181410981,4
2022,169052097,5
2022,169714319,5
2022,170036189,4
2022,170036193,3
2022,170036194,1
2022,170036197,5
2022,170489716,4
2022,170489718,5
2022,170489719,5
2022,170489723,3
2022,174718463,4
2022,170489727,5
2022,170619973,5
2022,170799897,4
2022,171240797,5
2022,174752733,4
2022,171305400,5
2022,173169022,4
2022,173169025,2
2022,173169026,4
2022,173172431,4
2022,173310387,4
2022,173310388,4
2022,174904084,4
2022,174774997,4
2022,174857330,4
2022,174944166,5
2022,174944177,4
2022,174944179,5
2022,174944180,3
2022,174944182,4
2022,176344890,5
2022,176344896,4
2022,174944185,5
2022,178237125,5
2022,186645614,4
2022,175023328,4
2022,175042870,4
2022,175117767,4
2022,175117784,4
2022,175117787,4
2022,175117797,5
2022,175117800,4
2022,175121091,4
2022,177713436,1
2022,175710980,5
2022,175710981,5
2022,175710982,4
2022,175710983,4
2022,175893694,4
2022,175896600,4
2022,176026927,4
2022,176065717,5
2022,176065718,4
2022,176225097,4
2022,176264730,4
2022,176264732,4
2022,176337221,4
2022,176354281,4
2022,178237127,2
2022,181278480,5
2022,181278481,5
2022,178237131,4
2022,181278493,5
2022,186645617,5
2022,176390870,8
2022,176618180,5
2022,176618181,4
2022,176618183,4
2022,176618190,4
2022,182068063,5
2022,176923612,4
2022,176923613,4
2022,176923615,4
2022,177307227,4
2022,177481646,4
2022,177502890,4
2022,177713443,4
2022,177713444,4
2022,177713445,4
2022,177713452,4
2022,177740226,4
2022,177851002,3
2022,177977235,4
2022,178104926,4
2022,178104928,4
2022,178394983,4
2022,178394986,4
2022,178394987,4
2022,178394990,5
2022,178394992,4
2022,179979987,4
2022,179979993,4
2022,179979995,5
2022,179979997,4
2022,179980001,4
2022,182068068,4
2022,179980004,4
2022,179980005,4
2022,179980006,4
2022,182068075,4
2022,179980008,4
2022,179980009,4
2022,179980010,4
2022,184031139,6
2022,179980021,4
2022,179980038,4
2022,179980039,5
2022,179980040,4
2022,179980041,6
2022,179980048,4
2022,179980054,8
2022,179980055,4
2022,179980059,3
2022,179980061,5
2022,179980066,4
2022,179980067,4
2022,179980068,3
2022,179980069,4
2022,179980073,4
2022,179980082,4
2022,179980084,4
2022,179980093,4
2022,180399587,5
2022,179980098,4
2022,180255491,4
2022,180255526,4
2022,180362131,4
2022,182068079,5
2022,182068080,2
2022,169778384,4
2022,180927868,4
2022,180927869,4
2022,180927870,4
2022,180927871,4
2022,180931786,5
2022,180931788,5
2022,180931797,4
2022,181018324,4
2022,181018326,4
2022,169899090,4
2022,167134882,5
2022,169797273,4
2022,174412622,4
2022,174491532,5
2022,175004305,4
2022,175478309,2
2022,175478309,8
2022,177837052,4
2022,175004387,5
2022,175004388,4
2022,180927929,5
2022,180927943,5
2022,180927949,4
2022,178197518,5
2022,178197527,5
2022,169564446,4
2022,170023582,4
2022,170023588,4
2022,172549960,5
2022,172549962,5
2022,172549967,5
2022,175004396,5
2022,175004397,5
2022,175004398,5
2022,175004404,5
2022,175004405,4
2022,175004411,5
2022,175004414,5
2022,176109930,4
2022,168468935,4
2022,168468936,4
2022,168468939,4
2022,168468940,5
2022,168468941,5
2022,176434744,4
2022,178253818,5
2022,179961534,5
2022,182138927,5
2022,168468948,4
2022,168468950,5
2022,168468951,1
2022,168468952,1
2022,168468953,4
2022,168468954,4
2022,168468958,5
2022,168468959,5
2022,168469114,5
2022,168469115,4
2022,168469117,4
2022,168469120,5
2022,168469121,4
2022,168469122,5
2022,168554101,5
2022,168554104,4
2022,168554106,4
2022,168554107,5
2022,168554109,5
2022,168554110,5
2022,168554114,5
2022,168554115,4
2022,168578497,2
2022,168578497,3
2022,168578497,6
2022,168578499,2
2022,168578499,4
2022,168578499,8
2022,170799901,5
2022,170799902,4
2022,170799905,4
2022,170799906,4
2022,170799907,4
2022,170799908,4
2022,182788405,4
2022,177813793,5
2022,182876280,5
2022,172681708,4
2022,170816746,4
2022,172681713,4
2022,170816748,5
2022,170875874,4
2022,170875879,5
2022,170875882,4
2022,170875883,5
2022,170875884,5
2022,171116194,5
2022,171116195,4
2022,171116196,5
2022,171116197,4
2022,171116199,4
2022,171116201,5
2022,171116202,4
2022,171116203,5
2022,171152530,4
2022,174178125,4
2022,171161286,5
2022,171161287,6
2022,171161289,5
2022,171240801,5
2022,171240805,4
2022,171240812,4
2022,171449453,4
2022,171401965,5
2022,171546360,4
2022,171570976,5
2022,171570977,4
2022,171570980,6
2022,171570983,5
2022,171595196,4
2022,171734753,4
2022,174548931,5
2022,174548932,5
2022,174548933,5
2022,175845606,5
2022,177488869,4
2022,174548936,4
2022,185681533,5
2022,172700933,8
2022,172700935,6
2022,172700940,4
2022,172700946,5
2022,172700953,4
2022,172700959,4
2022,172700961,4
2022,172700963,8
2022,172700971,5
2022,172700973,4
2022,172700979,5
2022,172700980,5
2022,181069722,4
2022,172700985,4
2022,172700986,5
2022,172700989,5
2022,172700990,8
2022,172701007,4
2022,172701008,5
2022,172701010,4
2022,172701012,3
2022,172786405,4
2022,172786406,4
2022,174083467,4
2022,174083468,4
2022,174083470,4
2022,174083472,5
2022,174548937,4
2022,174568379,4
2022,174548939,4
2022,174557621,4
2022,174568382,4
2022,174568384,4
2022,174568385,4
2022,174568386,5
2022,175478403,5
2022,174557622,5
2022,175708407,4
2022,175708416,5
2022,176079138,4
2022,176079139,5
2022,176364126,4
2022,176379724,5
2022,176379725,5
2022,176379729,5
2022,177312349,5
2022,177312351,5
2022,177312353,3
2022,177312354,5
2022,177312359,4
2022,174557623,1
2022,177312360,5
2022,174568372,5
2022,174568375,4
2022,179958990,4
2022,179958993,4
2022,179958996,4
2022,179958997,5
2022,179959000,4
2022,179959002,5
2022,177931550,4
2022,179959008,5
2022,179959011,4
2022,179959012,4
2022,179959013,4
2022,179959015,4
2022,179959016,5
2022,179959017,4
2022,179959019,4
2022,179959022,5
2022,179959024,4
2022,179959032,4
2022,180761317,5
2022,180761318,5
2022,181069729,4
2022,181069730,5
2022,181069731,5
2022,181609149,5
2022,181069733,4
2022,181609153,4
2022,181609154,4
2022,181609155,5
2022,181609157,4
2022,181609158,5
2022,182662578,8
2022,174568378,5
2022,174639485,4
2022,174752820,5
2022,170799949,5
2022,170799950,5
2022,165302960,5
2022,165302961,5
2022,165302962,5
2022,174752822,4
2022,181824728,4
2022,174752825,4
2022,165302971,5
2022,165302974,4
2022,167415162,4
2022,165302977,4
2022,165302979,5
2022,165302980,5
2022,165302982,4
2022,165302983,4
2022,165302985,4
2022,165302993,2
2022,165302995,4
2022,176027025,5
2022,176065748,4
2022,181526887,4
2022,176087753,5
2022,176087757,5
2022,176087765,4
2022,176107070,4
2022,176107079,4
2022,176107083,5
2022,176107087,4
2022,181615684,4
2022,181795155,4
2022,165303000,5
2022,176197229,5
2022,165303001,5
2022,176197234,5
2022,176429441,5
2022,165303008,4
2022,165303009,4
2022,165303011,5
2022,165303013,4
2022,165948733,4
2022,165948735,5
2022,165948736,5
2022,165948739,5
2022,176429442,4
2022,165948740,5
2022,176429447,4
2022,165948744,4
2022,181795170,4
2022,176519210,4
2022,165948748,4
2022,176523455,4
2022,176523457,5
2022,177481685,4
2022,177481687,5
2022,177977298,5
2022,177977299,4
2022,177977301,5
2022,177977302,4
2022,181795176,4
2022,181795178,5
2022,179957430,4
2022,179957431,5
2022,179957432,5
2022,180403302,5
2022,180403304,4
2022,180403305,4
2022,180403306,4
2022,180403308,5
2022,180403310,2
2022,180403310,3
2022,180403310,6
2022,180403316,4
2022,180403320,3
2022,181615694,4
2022,181615699,4
2022,168715951,4
2022,168715952,4
2022,168715954,5
2022,168789295,4
2022,168789303,4
2022,168789304,4
2022,168789305,4
2022,168789343,5
2022,168789345,4
2022,168789347,5
2022,168789368,5
2022,168789369,5
2022,168825026,5
2022,168825037,5
2022,168825046,4
2022,168825049,2
2022,168825049,3
2022,168825059,5
2022,168825062,5
2022,168825067,4
2022,169714323,5
2022,168825090,2
2022,169052312,5
2022,169052313,5
2022,169714326,4
2022,169714327,4
2022,169052342,5
2022,169052377,4
2022,169052378,5
2022,169052381,4
2022,169052410,4
2022,169052422,4
2022,169052450,5
2022,169052451,5
2022,169052452,5
2022,169052453,5
2022,169052455,4
2022,169052457,5
2022,169052466,5
2022,169052473,4
2022,169052474,5
2022,169052484,4
2022,169052492,4
2022,169714335,5
2022,169714336,5
2022,169714337,5
2022,169052509,5
2022,169052510,5
2022,169052512,4
2022,169052516,4
2022,169052518,5
2022,169052521,5
2022,169052554,5
2022,169052573,4
2022,169052585,5
2022,169052594,4
2022,169052595,4
2022,169052618,5
2022,169052619,5
2022,169052640,4
2022,169052646,5
2022,169120594,4
2022,169120595,4
2022,169120602,4
2022,169120619,4
2022,169120634,4
2022,169120645,5
2022,165948756,4
2022,169120656,5
2022,169120661,4
2022,169120662,5
2022,169120672,5
2022,169120675,4
2022,169120681,4
2022,169120682,4
2022,169120685,4
2022,169120690,5
2022,169120692,5
2022,169120700,4
2022,169120706,5
2022,169714351,4
2022,169714352,5
2022,169714353,5
2022,169714363,5
2022,169714364,5
2022,169714371,5
2022,169714378,4
2022,169714381,4
2022,169714386,5
2022,169714389,5
2022,169714390,5
2022,169714404,5
2022,169742797,5
2022,165948761,4
2022,165948763,5
2022,165948768,2
2022,165948769,4
2022,165948770,4
2022,165948771,4
2022,169742807,5
2022,167415164,5
2022,165948779,5
2022,165948780,4
2022,166997806,4
2022,169742809,5
2022,167415165,5
2022,169742813,5
2022,165948787,5
2022,165948788,5
2022,169742814,5
2022,169742818,4
2022,169742828,4
2022,165948795,5
2022,166997810,5
2022,166997814,5
2022,166997825,4
2022,169742829,4
2022,169742842,5
2022,166997831,5
2022,166997833,5
2022,166997834,5
2022,179977051,5
2022,167415166,5
2022,166997844,5
2022,166997845,5
2022,167415167,4
2022,166997847,4
2022,166997857,5
2022,166997862,5
2022,166997865,4
2022,167132131,4
2022,167132136,5
2022,167132141,4
2022,167132145,4
2022,167132151,5
2022,167132152,5
2022,167132154,4
2022,167132157,5
2022,167132159,5
2022,167132160,5
2022,167132164,4
2022,167132165,4
2022,167132166,4
2022,167132167,5
2022,167132168,4
2022,167132169,5
2022,167132170,5
2022,167132171,5
2022,167132186,5
2022,167132195,5
2022,167132196,5
2022,167132197,5
2022,167132200,4
2022,167132201,5
2022,167415172,3
2022,167132211,5
2022,167132212,4
2022,167132214,4
2022,167415176,5
2022,167415177,5
2022,167415179,5
2022,167415183,5
2022,167415184,4
2022,167415186,5
2022,167415189,4
2022,167415192,5
2022,167415193,5
2022,169714459,5
2022,167415194,5
2022,168331443,4
2022,167415211,5
2022,171571057,4
2022,167415216,4
2022,167415228,4
2022,167415229,4
2022,168331445,5
2022,168331446,5
2022,168331447,5
2022,168331448,5
2022,168331453,2
2022,168331455,4
2022,168331456,5
2022,168331465,4
2022,168331467,4
2022,168331469,5
2022,168379864,4
2022,168379865,5
2022,168379866,5
2022,168379867,5
2022,169714461,5
2022,169714462,5
2022,168331476,5
2022,168331482,5
2022,168331483,4
2022,168331487,5
2022,168331488,4
2022,168331489,5
2022,168331494,4
2022,168331495,5
2022,168331496,4
2022,168331500,5
2022,168331503,5
2022,168331509,5
2022,168331511,5
2022,168331514,5
2022,168331515,5
2022,168331516,5
2022,168331517,5
2022,168331518,5
2022,168379872,5
2022,168331522,4
2022,168331524,5
2022,168331529,5
2022,168331530,5
2022,168331537,5
2022,168331538,4
2022,168331539,5
2022,168575724,5
2022,168575725,5
2022,168575726,5
2022,168575727,5
2022,168379893,5
2022,168379898,5
2022,168379900,5
2022,168379903,5
2022,168379905,4
2022,168379906,4
2022,168379907,4
2022,168379910,4
2022,168379913,5
2022,168379916,5
2022,168379917,5
2022,169742852,5
2022,174775031,5
2022,168575734,5
2022,168575735,5
2022,168379924,5
2022,168379928,5
2022,168379929,5
2022,168379931,5
2022,168379932,4
2022,168379933,5
2022,168379944,5
2022,168379952,4
2022,168379954,4
2022,168379958,4
2022,168379969,5
2022,168379970,5
2022,168379972,5
2022,168379974,4
2022,168379977,5
2022,168379979,5
2022,168379980,4
2022,168379985,5
2022,168379986,5
2022,168379989,4
2022,168379990,4
2022,168379994,5
2022,168379996,5
2022,168379997,5
2022,168379999,4
2022,168380002,5
2022,168380011,4
2022,168380016,4
2022,168380029,5
2022,168380030,5
2022,168575745,5
2022,169742855,5
2022,169742868,4
2022,168575753,2
2022,168575753,3
2022,168575755,5
2022,168575759,4
2022,168575761,5
2022,168575762,5
2022,168618686,5
2022,168618687,5
2022,168618688,5
2022,168618690,5
2022,168618694,5
2022,168618695,5
2022,168618696,4
2022,168618697,4
2022,168618700,5
2022,168618704,2
2022,168618709,4
2022,170063480,4
2022,168618717,5
2022,168618722,5
2022,169120792,5
2022,169120803,4
2022,169120806,5
2022,169120807,5
2022,169120808,5
2022,169120815,4
2022,169120823,5
2022,169120824,4
2022,169120825,5
2022,169120826,4
2022,170063484,4
2022,169120834,4
2022,169120837,4
2022,169120842,5
2022,169714469,4
2022,169714470,4
2022,169714474,5
2022,169714487,2
2022,169714494,4
2022,169714495,5
2022,169714501,4
2022,169714510,5
2022,169714511,4
2022,169714514,4
2022,169714523,4
2022,169714524,4
2022,169714525,4
2022,169714527,4
2022,169742873,4
2022,169714533,5
2022,169714539,2
2022,169714540,4
2022,169714542,4
2022,169714544,4
2022,169714545,4
2022,169714546,4
2022,169714550,5
2022,169714552,4
2022,169714437,2
2022,169714439,5
2022,169714441,4
2022,169714442,2
2022,169714445,4
2022,169714446,4
2022,169714447,4
2022,169714449,5
2022,169714452,4
2022,170063489,4
2022,171873645,5
2022,169716630,5
2022,169716631,5
2022,169716632,4
2022,169742886,5
2022,169902789,5
2022,169902792,4
2022,169902794,4
2022,169902795,5
2022,170063498,4
2022,169902802,5
2022,169902806,5
2022,169902807,5
2022,169902808,4
2022,169902809,5
2022,169902812,5
2022,169902813,5
2022,170063499,5
2022,169902818,5
2022,169902819,4
2022,169902823,5
2022,170063504,4
2022,169742887,5
2022,169902828,5
2022,169902829,5
2022,169902833,4
2022,169902834,5
2022,169902835,5
2022,169742891,4
2022,170063529,5
2022,170063533,4
2022,172370262,4
2022,170063541,4
2022,170063550,4
2022,169745674,5
2022,170063558,5
2022,170063559,5
2022,170063560,5
2022,169745688,5
2022,170063577,5
2022,170063580,5
2022,170063588,5
2022,170063604,4
2022,172370265,4
2022,169745698,5
2022,173301727,4
2022,170063635,4
2022,170063638,4
2022,170063640,4
2022,170799975,5
2022,170799983,4
2022,170799984,4
2022,170799987,4
2022,170799988,5
2022,170799991,5
2022,170799993,4
2022,170799998,4
2022,170799999,5
2022,170800001,4
2022,170800002,4
2022,170800003,5
2022,170800004,5
2022,170800008,5
2022,170800013,5
2022,170800016,5
2022,170800018,4
2022,170800026,4
2022,170800027,5
2022,170800030,4
2022,170800033,5
2022,171571077,5
2022,170800044,3
2022,170800045,2
2022,170800047,4
2022,171571082,4
2022,171571087,5
2022,171571108,4
2022,171571114,5
2022,171571117,4
2022,171571126,4
2022,171571146,5
2022,171571150,8
2022,171571152,4
2022,171571153,4
2022,171571154,5
2022,171571155,5
2022,172370269,4
2022,172370270,4
2022,172370271,4
2022,171571167,4
2022,171571168,5
2022,171571169,5
2022,171571174,4
2022,171571175,5
2022,171571176,5
2022,171571177,5
2022,171571191,5
2022,171571196,5
2022,171571197,5
2022,171571205,4
2022,171571206,4
2022,171571207,5
2022,171571232,5
2022,171571242,5
2022,171571251,4
2022,171571252,5
2022,171571256,4
2022,171571280,4
2022,172370278,4
2022,172370279,5
2022,171571291,4
2022,171571296,4
2022,171571303,5
2022,171571306,5
2022,171571307,5
2022,171571309,5
2022,171571320,4
2022,172370280,4
2022,169745699,5
2022,171873654,5
2022,171571344,5
2022,171571345,4
2022,171571346,5
2022,171571362,5
2022,172370292,4
2022,172370302,5
2022,172370304,4
2022,172370305,4
2022,172370306,4
2022,172370310,4
2022,172370314,5
2022,172370315,4
2022,172370319,5
2022,172370320,4
2022,172370324,4
2022,172370325,5
2022,172370326,5
2022,172370328,5
2022,173301731,5
2022,172370343,4
2022,172370344,5
2022,172370345,5
2022,172370346,5
2022,172370347,5
2022,172370350,5
2022,172370352,5
2022,172370354,4
2022,172370358,5
2022,172370359,5
2022,172370366,2
2022,172370369,5
2022,172370376,5
2022,172370416,4
2022,172370434,5
2022,172370435,5
2022,172370436,5
2022,172370437,4
2022,172370438,4
2022,172370439,5
2022,172880775,6
2022,173664511,4
2022,172370450,4
2022,172370452,5
2022,172370462,5
2022,172370469,5
2022,172880779,4
2022,172370478,5
2022,172370483,4
2022,172880788,4
2022,172880789,4
2022,172880790,5
2022,172880792,5
2022,184015753,5
2022,172880800,5
2022,172880802,5
2022,172880804,4
2022,172880810,5
2022,172880825,4
2022,172880826,5
2022,172880827,5
2022,172880829,5
2022,172880832,5
2022,172880834,5
2022,172880835,5
2022,172880836,4
2022,173301738,4
2022,172880842,5
2022,173664521,2
2022,173301740,4
2022,173301742,5
2022,173301744,4
2022,173301749,5
2022,173301751,5
2022,173301764,5
2022,173664528,5
2022,173301766,4
2022,173301767,4
2022,173301771,5
2022,173664530,5
2022,173301775,4
2022,173301779,4
2022,173301801,5
2022,173301804,5
2022,173301805,5
2022,173664544,4
2022,173301812,4
2022,173301821,4
2022,173301822,5
2022,173301824,5
2022,173301828,4
2022,173664551,4
2022,174568393,5
2022,173301836,4
2022,173301837,4
2022,173301838,4
2022,173664570,5
2022,173664571,5
2022,173664572,4
2022,173664582,4
2022,173664587,5
2022,173664590,4
2022,173664591,5
2022,173664595,2
2022,173664604,5
2022,173664608,4
2022,173664613,4
2022,173664620,5
2022,173664623,5
2022,173664630,4
2022,175023358,5
2022,173664636,5
2022,176203089,5
2022,173664645,2
2022,173664650,5
2022,173664652,4
2022,173664657,4
2022,174327950,5
2022,174327965,5
2022,174327968,4
2022,174327972,4
2022,174327975,5
2022,175893725,5
2022,174327982,4
2022,174327983,5
2022,174327985,4
2022,174327992,4
2022,174327997,4
2022,174328003,5
2022,174328005,4
2022,174328009,4
2022,174328015,5
2022,174568405,5
2022,174568406,4
2022,174568407,4
2022,174568414,4
2022,174568415,4
2022,170063238,6
2022,174568418,4
2022,175023365,4
2022,174568422,5
2022,174568424,5
2022,174568425,4
2022,174775039,5
2022,173401653,5
2022,170063260,5
2022,170063262,5
2022,170063265,5
2022,170063277,5
2022,174568439,5
2022,170063278,5
2022,171873657,5
2022,171873658,5
2022,171873659,5
2022,170063298,5
2022,170063302,5
2022,170063303,5
2022,181410987,5
2022,181410988,5
2022,170063311,5
2022,171873667,4
2022,171873671,4
2022,171873681,5
2022,171873682,5
2022,171873692,5
2022,171873695,4
2022,173401698,4
2022,173401708,5
2022,173401712,5
2022,173401752,4
2022,173460589,5
2022,173460590,5
2022,173460591,5
2022,173460602,5
2022,173460603,5
2022,173460620,5
2022,180782776,5
2022,173460626,4
2022,173460654,5
2022,173460655,5
2022,173460656,5
2022,173460694,4
2022,173460697,4
2022,173460698,4
2022,173460704,4
2022,173460705,4
2022,177481727,5
2022,177481730,5
2022,173460719,4
2022,173460720,4
2022,173460730,4
2022,173460731,4
2022,173460739,5
2022,173460752,4
2022,177481750,5
2022,177481751,5
2022,177481761,5
2022,177481762,5
2022,177481763,5
2022,177481770,5
2022,177481771,5
2022,177481778,5
2022,177481791,5
2022,177481809,4
2022,177481810,5
2022,177481818,5
2022,177481824,4
2022,177481825,4
2022,177481835,5
2022,177481842,4
2022,177481847,5
2022,177481867,4
2022,177481886,5
2022,177481887,5
2022,177481907,4
2022,174775045,5
2022,177481908,4
2022,177481913,5
2022,177481914,5
2022,177481927,4
2022,177481929,4
2022,177481930,4
2022,177481939,5
2022,177481952,5
2022,177481953,4
2022,177481954,5
2022,177488667,5
2022,177488668,4
2022,177488670,4
2022,177488680,5
2022,177488683,5
2022,177488694,5
2022,177488726,4
2022,177488727,5
2022,177488732,5
2022,177488741,5
2022,177488746,5
2022,177488750,5
2022,177488754,4
2022,177488755,4
2022,177488763,5
2022,180782785,4
2022,177488767,4
2022,177488771,4
2022,177488772,4
2022,177488773,2
2022,177488776,5
2022,177488778,5
2022,177488779,5
2022,180782786,5
2022,177488790,5
2022,177488800,5
2022,177488802,4
2022,177488803,4
2022,177488805,5
2022,177488811,5
2022,177488842,5
2022,177488854,5
2022,177502929,5
2022,177502933,5
2022,177502940,1
2022,177502943,5
2022,177502955,5
2022,177502956,5
2022,177502976,4
2022,177502977,5
2022,177502983,4
2022,177502984,4
2022,177502987,5
2022,177503011,4
2022,177503028,4
2022,177503038,5
2022,177503039,5
2022,177503040,5
2022,177503046,5
2022,177503053,5
2022,177503056,5
2022,177503058,4
2022,177503066,4
2022,180782821,5
2022,180782822,5
2022,180782835,4
2022,180782842,4
2022,180782843,4
2022,180782844,4
2022,180782848,5
2022,180782866,5
2022,180782873,5
2022,180782881,4
2022,180782887,5
2022,175023371,4
2022,176376481,6
2022,176376483,6
2022,180782892,5
2022,180782938,4
2022,174775068,5
2022,180782943,4
2022,180782959,4
2022,180782960,4
2022,180782974,5
2022,185705215,5
2022,185705216,5
2022,180782978,4
2022,185705218,5
2022,185705219,5
2022,180782988,5
2022,180782989,5
2022,180782990,5
2022,185705221,4
2022,184015709,5
2022,180783020,4
2022,181411000,5
2022,187275843,4
2022,174775072,5
2022,187275854,4
2022,187275876,4
2022,187275877,5
2022,187275887,5
2022,187275903,5
2022,187275914,4
2022,187275926,5
2022,187275942,5
2022,187275944,4
2022,187275952,5
2022,187275964,4
2022,163916239,4
2022,174775079,5
2022,174775082,4
2022,163916273,5
2022,168323607,5
2022,168323608,4
2022,168323610,4
2022,170154750,4
2022,170154752,5
2022,170154769,4
2022,170154788,4
2022,170842409,4
2022,170842410,4
2022,170842423,4
2022,170842425,4
2022,170842429,4
2022,171107250,1
2022,171107251,4
2022,171107253,4
2022,171107254,4
2022,171107259,4
2022,171107261,5
2022,171107267,2
2022,172705887,5
2022,172705901,4
2022,172705922,1
2022,172705924,5
2022,172705926,5
2022,172705938,1
2022,183186251,5
2022,176197244,4
2022,176197245,4
2022,188846073,3
2022,176197250,4
2022,176197251,4
2022,176197252,5
2022,176197253,4
2022,176197258,4
2022,176197267,5
2022,176197268,4
2022,174775092,5
2022,176197272,4
2022,176713950,5
2022,176713954,5
2022,176713963,5
2022,178058491,5
2022,178058492,5
2022,178058502,4
2022,178058504,5
2022,178058518,4
2022,181092210,4
2022,181092211,4
2022,181092218,4
2022,183186252,5
2022,181092220,4
2022,181092230,5
2022,174775094,5
2022,181092254,4
2022,174775095,5
2022,175023381,5
2022,175023385,5
2022,175023386,4
2022,175893726,5
2022,175023395,4
2022,175023396,5
2022,175491102,4
2022,186639331,4
2022,175023397,4
2022,175023406,6
2022,175023412,4
2022,175023421,4
2022,175023422,5
2022,176203091,4
2022,175023433,4
2022,175023438,5
2022,175491115,4
2022,175491118,4
2022,175491121,4
2022,175491122,5
2022,175491124,4
2022,175491125,5
2022,175491126,4
2022,175491131,4
2022,175491132,5
2022,175491138,4
2022,175491141,5
2022,175491144,5
2022,176376484,5
2022,175491166,5
2022,175491169,5
2022,175893739,2
2022,175491172,4
2022,175893747,4
2022,186639343,5
2022,186639344,4
2022,186639345,5
2022,186639352,4
2022,164502896,5
2022,185616112,4
2022,168330735,4
2022,175893761,4
2022,175893763,4
2022,175893764,4
2022,175893765,4
2022,175893768,5
2022,175893770,2
2022,175893771,2
2022,175893774,5
2022,175893775,5
2022,175893777,4
2022,175893779,4
2022,175893780,4
2022,175893781,3
2022,175893787,4
2022,175893788,5
2022,175893792,5
2022,175893797,5
2022,175893798,4
2022,176203097,5
2022,176203098,5
2022,176203099,5
2022,176203102,5
2022,176203111,5
2022,176376485,4
2022,176337258,5
2022,176376486,4
2022,176376487,4
2022,176337259,5
2022,177740283,5
2022,176337260,4
2022,176203118,4
2022,176203120,4
2022,176203122,4
2022,176376488,5
2022,176203132,5
2022,176337262,4
2022,176337264,5
2022,176337266,5
2022,176376489,4
2022,176376492,5
2022,176376496,4
2022,176337267,4
2022,176376526,4
2022,176669277,4
2022,176376529,4
2022,176376534,4
2022,176376540,4
2022,176669283,5
2022,176669284,5
2022,176669288,4
2022,178104998,5
2022,176669289,4
2022,176669290,4
2022,176669292,5
2022,176669294,4
2022,176669296,5
2022,176669297,4
2022,176669299,5
2022,176669302,4
2022,176669304,4
2022,176669305,5
2022,176669315,5
2022,176669328,4
2022,176669329,4
2022,177481984,4
2022,177481987,5
2022,177481988,5
2022,177481989,4
2022,177481994,4
2022,177481997,5
2022,177482004,4
2022,177482006,5
2022,177482009,4
2022,169797281,4
2022,177482022,5
2022,177482023,5
2022,177740296,4
2022,177482036,4
2022,177482037,5
2022,177482041,4
2022,177740298,5
2022,177740303,5
2022,177740304,5
2022,177740305,5
2022,177740313,5
2022,177740316,4
2022,178105003,4
2022,177740323,5
2022,177740324,5
2022,177740325,5
2022,178105004,4
2022,178105005,5
2022,177740327,5
2022,186166914,4
2022,178105006,5
2022,177740332,4
2022,177740333,4
2022,178105007,4
2022,177740334,4
2022,177740337,5
2022,178105010,5
2022,178105011,5
2022,177740347,4
2022,178105015,4
2022,177740354,8
2022,178105018,2
2022,178105020,4
2022,178105024,4
2022,178105025,5
2022,178105027,4
2022,178105028,4
2022,178105030,5
2022,178105031,4
2022,178105051,5
2022,178105052,4
2022,178105053,5
2022,178105057,4
2022,178105058,5
2022,178105062,4
2022,178105065,5
2022,178105069,5
2022,178105070,5
2022,178105071,4
2022,178105074,5
2022,178105076,4
2022,178105108,5
2022,178105109,5
2022,179977081,4
2022,179977084,4
2022,179977085,5
2022,179977087,5
2022,179977088,5
2022,179977089,5
2022,179977090,5
2022,179977091,5
2022,179977097,5
2022,179977098,5
2022,179977108,5
2022,179977116,5
2022,179977120,4
2022,179977130,5
2022,179977133,5
2022,179977134,5
2022,173294216,5
2022,179977149,5
2022,179977150,4
2022,179977154,4
2022,179977155,5
2022,179977156,5
2022,179977165,5
2022,179977167,5
2022,179977170,4
2022,174928422,4
2022,179977171,5
2022,179977176,4
2022,179977184,4
2022,179977198,5
2022,179977199,4
2022,179977227,5
2022,179977228,5
2022,179977229,5
2022,179977230,5
2022,179977231,5
2022,179977232,4
2022,179977236,5
2022,179977247,4
2022,179977248,5
2022,179977249,4
2022,179977251,4
2022,179977252,4
2022,179977253,4
2022,179977255,4
2022,179977256,5
2022,175004425,5
2022,179977263,4
2022,179977264,5
2022,179977271,5
2022,179977278,5
2022,179977280,4
2022,179977281,5
2022,179977283,4
2022,179977284,4
2022,179977286,5
2022,179977291,5
2022,179977295,5
2022,179977302,5
2022,179977305,3
2022,179977308,4
2022,179977321,5
2022,179977334,5
2022,179977339,5
2022,179977342,5
2022,179977343,5
2022,180799081,5
2022,180809418,5
2022,179977348,5
2022,179977349,4
2022,179977351,5
2022,179977353,4
2022,179977354,5
2022,179977355,4
2022,179977359,5
2022,176376471,5
2022,179977362,4
2022,179977370,4
2022,179976029,5
2022,179977377,4
2022,180799083,5
2022,180799084,5
2022,179977381,5
2022,179976030,4
2022,179976033,5
2022,179977383,4
2022,181092255,5
2022,179977391,5
2022,179977404,5
2022,179977405,4
2022,179977408,4
2022,179977411,4
2022,179977418,4
2022,179977424,5
2022,181819418,5
2022,179977434,5
2022,179977436,4
2022,181819419,4
2022,179977446,4
2022,179977453,4
2022,179977455,4
2022,180799091,5
2022,179977458,4
2022,179977459,5
2022,180799094,2
2022,180799098,4
2022,180799103,4
2022,180799106,2
2022,180799108,4
2022,181819421,5
2022,180799111,5
2022,180799121,4
2022,180799122,5
2022,180799130,5
2022,180799131,5
2022,180799132,5
2022,180799137,4
2022,180799143,5
2022,180809421,5
2022,180809422,5
2022,180799150,5
2022,180799151,5
2022,180799152,4
2022,180809423,5
2022,180809424,5
2022,175478393,4
2022,180799161,5
2022,180799164,5
2022,180799168,4
2022,180799171,4
2022,181097886,4
2022,181097891,5
2022,181819423,5
2022,181819425,5
2022,181097900,5
2022,181097901,5
2022,181097905,4
2022,181097906,4
2022,181097907,4
2022,181819426,4
2022,181097909,5
2022,181097910,4
2022,181097911,4
2022,181097914,3
2022,181097918,5
2022,181819429,4
2022,181097928,5
2022,181097930,4
2022,181097933,5
2022,181097937,4
2022,181819432,4
2022,181097939,5
2022,175478396,4
2022,175478397,4
2022,176713980,4
2022,181819503,4
2022,176395289,4
2022,176740919,4
2022,182451758,5
2022,176740920,4
2022,179959574,4
2022,180389708,4
2022,186166924,5
2022,180389719,4
2022,181018366,4
2022,181018370,4
2022,181018372,4
2022,181018382,4
2022,165382988,5
2022,165382992,4
2022,165382993,5
2022,168320464,4
2022,170039950,5
2022,168320467,4
2022,168320468,4
2022,168320474,4
2022,169367750,4
2022,171161290,5
2022,171161291,5
2022,171161292,8
2022,171161297,5
2022,172681668,4
2022,173018894,4
2022,173018895,5
2022,173172434,4
2022,173173964,4
2022,173173965,4
2022,174332290,4
2022,163238844,4
2022,166572635,5
2022,166572636,4
2022,166572638,4
2022,168320479,2
2022,169564466,5
2022,169564467,5
2022,169564468,5
2022,171104012,4
2022,170039951,4
2022,172341047,4
2022,174939749,4
2022,176207838,5
2022,185407846,3
2022,164084491,4
2022,164084492,4
2022,164084494,4
2022,164084497,5
2022,164084498,4
2022,165214143,3
2022,165214144,5
2022,164084501,4
2022,165214145,4
2022,165214146,5
2022,165214147,4
2022,164084504,5
2022,166602803,4
2022,176618277,5
2022,181588520,4
2022,165948713,4
2022,166572648,4
2022,166602813,5
2022,166572651,4
2022,167135003,5
2022,167136936,3
2022,168324037,4
2022,168324039,4
2022,168324046,4
2022,168324054,4
2022,168324060,4
2022,168324061,5
2022,169578536,4
2022,170875904,5
2022,171190221,5
2022,171190396,4
2022,171190399,4
2022,172701017,5
2022,172701022,5
2022,173097467,3
2022,165948714,4
2022,165948717,4
2022,167415118,4
2022,184075494,5
2022,175491177,4
2022,175491178,4
2022,172792434,4
2022,172792441,4
2022,172792455,4
2022,172792457,4
2022,172877439,5
2022,172877440,4
2022,172877446,5
2022,175491187,4
2022,175491188,4
2022,175657476,4
2022,175657481,4
2022,175657484,4
2022,176225155,5
2022,176225156,5
2022,176228461,4
2022,176228463,4
2022,176228479,4
2022,176228482,4
2022,176243960,4
2022,176243962,5
2022,176243963,4
2022,176243964,4
2022,167415120,4
2022,169338630,4
2022,176427543,4
2022,176427544,4
2022,169338636,4
2022,169338638,4
2022,169338643,4
2022,170007663,4
2022,170007675,4
2022,170007677,4
2022,170007678,4
2022,170007679,4
2022,170007685,4
2022,174975678,5
2022,174975682,5
2022,174975686,5
2022,174975689,5
2022,174975690,5
2022,174975693,4
2022,179961864,4
2022,180808437,4
2022,180809403,4
2022,173671039,4
2022,173671045,4
2022,173671046,4
2022,173671062,4
2022,173671070,5
2022,173671073,2
2022,176354302,5
2022,176674810,5
2022,176773353,4
2022,182788410,4
2022,182876284,4
2022,176429451,4
2022,182788415,4
2022,182788416,4
2022,182788420,4
2022,177312377,5
2022,177312378,5
2022,177312379,5
2022,177713482,4
2022,177713489,5
2022,177713491,5
2022,177713498,2
2022,177713502,5
2022,177713505,5
2022,177713507,3
2022,177713510,4
2022,177724148,5
2022,177724149,4
2022,177724151,4
2022,182788422,4
2022,182788424,4
2022,182876288,4
2022,177724155,5
2022,177724156,4
2022,177724159,4
2022,178253169,4
2022,177724166,5
2022,177724167,5
2022,177724171,6
2022,177724173,4
2022,177813803,4
2022,182876293,4
2022,182876295,5
2022,177813806,4
2022,177834472,4
2022,178253171,4
2022,178253175,4
2022,179966848,5
2022,179966849,2
2022,179966854,3
2022,179966856,4
2022,179966857,4
2022,179966858,5
2022,179966859,4
2022,179966861,5
2022,179966865,4
2022,179966866,4
2022,179966876,5
2022,179966877,4
2022,179966881,4
2022,179966882,4
2022,179966885,4
2022,179966888,4
2022,179966889,5
2022,179966893,4
2022,180254724,4
2022,180362007,4
2022,180824281,5
2022,180824283,4
2022,180824288,5
2022,180824290,4
2022,180824294,6
2022,180824295,4
2022,180824296,5
2022,182876303,5
2022,182876309,4
2022,182876314,3
2022,182876323,4
2022,184075470,5
2022,184075474,5
2022,184075477,4
2022,184075479,4
2022,184130572,5
2022,184130573,5
2022,184130580,5
2022,184130587,5
2022,181457703,5
2022,185198288,4
2022,185198291,3
2022,185198292,4
2022,185198293,5
2022,181457706,5
2022,185198298,4
2022,185204242,1
2022,185204243,4
2022,185204244,4
2022,185204247,4
2022,185204249,4
2022,185204254,3
2022,185204257,4
2022,185204258,4
2022,185431286,5
2022,185431289,5
2022,185496923,5
2022,185496924,4
2022,185496925,4
2022,185496926,5
2022,185496927,4
2022,185496929,4
2022,185496930,4
2022,185496932,4
2022,185496933,4
2022,185496934,4
2022,185588783,4
2022,181457711,4
2022,182107419,4
2022,182107422,4
2022,182107427,4
2022,182107429,4
2022,185588785,4
2022,185588788,4
2022,185588791,4
2022,185588795,6
2022,185588798,5
2022,185612327,5
2022,185612328,4
2022,185612329,4
2022,185612330,4
2022,185612331,4
2022,185612332,6
2022,185612333,4
2022,185612341,5
2022,185612342,5
2022,185616105,5
2022,185793148,5
2022,185794966,6
2022,185794967,1
2022,185616106,4
2022,185616107,4
2022,185793149,4
2022,185794969,5
2022,185616108,4
2022,186166900,4
2022,186166907,4
2022,186254933,5
2022,186254937,4
2022,186262483,4
2022,186912561,5
2022,187221714,5
2022,187221715,4
2022,188280937,4
2022,188283052,4
2022,188283055,4
2022,188283056,4
2022,188609426,5
2022,165774162,5
2022,188609430,5
2022,188609434,4
2022,188837958,4
2022,188837969,5
2022,166029916,4
2022,165774169,4
2022,165774171,5
2022,165774175,4
2022,165774183,5
2022,165774184,5
2022,168324463,4
2022,171152547,5
2022,166029924,4
2022,168321063,5
2022,165774212,4
2022,168321076,5
2022,169626200,5
2022,176087805,5
2022,176087814,4
2022,176087834,5
2022,181818827,5
2022,181818831,4
2022,179962186,4
2022,167138554,4
2022,182648630,6
2022,168532324,4
2022,169797285,4
2022,169912184,4
2022,177461896,5
2022,177481959,5
2022,171570990,5
2022,171570996,5
2022,165774242,5
2022,165774244,4
2022,177461899,4
2022,177461900,5
2022,178197546,4
2022,179964493,5
2022,179964496,5
2022,179964500,4
2022,179964505,5
2022,179964509,5
2022,179964510,4
2022,176241353,4
2022,176795011,5
2022,176788476,5
2022,176795015,4
2022,177537795,5
2022,178058521,4
2022,179964513,4
2022,179964518,5
2022,179964521,5
2022,179964527,4
2022,180809406,1
2022,180809409,5
2022,180809410,4
2022,180809411,4
2022,164904198,4
2022,164904199,4
2022,164904206,4
2022,167047559,4
2022,167047563,4
2022,167047574,5
2022,168886401,5
2022,168886420,8
2022,165774247,4
2022,169902716,4
2022,169902730,5
2022,169902734,5
2022,171401981,4
2022,171401982,5
2022,171401987,4
2022,171401989,4
2022,171401992,5
2022,172786396,4
2022,172786397,4
2022,173097426,5
2022,173401762,1
2022,174540883,5
2022,174540884,5
2022,174540889,4
2022,166029993,5
2022,174540890,5
2022,166029995,4
2022,166029999,5
2022,166030000,4
2022,174540895,4
2022,166030007,5
2022,174540903,4
2022,174540904,4
2022,174540909,4
2022,166030027,5
2022,168324473,4
2022,168324483,4
2022,168324486,5
2022,168324493,5
2022,168324496,1
2022,168324501,5
2022,168324507,5
2022,168324508,5
2022,168324512,5
2022,174639493,5
2022,175004426,4
2022,174639494,5
2022,184794447,4
2022,168666575,4
2022,168666576,4
2022,168666578,5
2022,168666580,5
2022,168666583,1
2022,168666586,4
2022,168715859,5
2022,171152551,5
2022,171152552,4
2022,171152553,4
2022,168715872,4
2022,168715875,4
2022,171152557,4
2022,171152559,4
2022,171152560,4
2022,171152561,4
2022,176228447,4
2022,176228460,4
2022,171152568,5
2022,171152574,4
2022,176287515,4
2022,171152575,5
2022,171152576,5
2022,176340805,4
2022,171152581,4
2022,171152583,5
2022,171152584,4
2022,176340806,5
2022,171152585,4
2022,176340811,4
2022,178197575,5
2022,171152604,4
2022,178197576,4
2022,177537807,4
2022,177537811,4
2022,178074394,4
2022,178074397,4
2022,179966026,4
2022,179966036,4
2022,179966038,4
2022,179966056,5
2022,179966075,4
2022,179966078,4
2022,181411014,4
2022,181411016,4
2022,168324066,4
2022,171456691,4
2022,171456692,5
2022,171456694,5
2022,171456701,5
2022,169626216,4
2022,171456703,4
2022,175436788,4
2022,173417714,4
2022,176672208,5
2022,176197281,4
2022,174639497,5
2022,174663027,3
2022,171152618,4
2022,179966900,3
2022,179966902,4
2022,178421838,4
2022,178452309,4
2022,181526888,4
2022,179966906,4
2022,186454846,4
2022,184631330,4
2022,180390344,4
2022,163916304,4
2022,164502918,5
2022,168324445,4
2022,174639506,4
2022,169914763,5
2022,174639507,4
2022,173667355,5
2022,173667360,4
2022,173667363,4
2022,173692411,5
2022,179967894,5
2022,180779956,4
2022,162998104,5
2022,162998109,2
2022,162998112,4
2022,165264313,4
2022,165264314,4
2022,165264319,4
2022,167329820,4
2022,167329825,5
2022,167329827,4
2022,167329828,5
2022,168475618,5
2022,168475624,5
2022,168532504,5
2022,168532508,4
2022,169912188,5
2022,169912194,5
2022,169914766,4
2022,169914767,5
2022,171473115,4
2022,171473117,5
2022,171508476,5
2022,174639511,4
2022,171508478,5
2022,173375954,5
2022,173375965,4
2022,173378245,4
2022,174849402,4
2022,176291794,5
2022,176291796,4
2022,176293942,5
2022,178237147,5
2022,179968390,5
2022,179968393,4
2022,181111776,4
2022,181111779,5
2022,181111780,4
2022,165818976,5
2022,174639512,4
2022,184794451,5
2022,165818978,4
2022,165818979,4
2022,169914775,5
2022,174639521,4
2022,174639522,5
2022,169914779,4
2022,171571008,4
2022,174639523,5
2022,181810616,4
2022,171571038,4
2022,173301709,4
2022,174639525,6
2022,184794452,4
2022,177448440,4
2022,177448450,5
2022,179969201,5
2022,179969210,4
2022,181411049,4
2022,168325747,5
2022,173375969,5
2022,175023344,4
2022,175023353,4
2022,177977305,5
2022,170272980,4
2022,174639528,4
2022,170272981,4
2022,170272982,5
2022,170272986,5
2022,170272987,5
2022,173103899,5
2022,177043029,4
2022,177043030,4
2022,179970281,5
2022,180979645,4
2022,181111789,5
2022,181111790,4
2022,181111791,4
2022,181111799,5
2022,181111800,4
2022,181111801,4
2022,181111803,5
2022,181111805,5
2022,181283234,5
2022,181168669,5
2022,181168674,5
2022,169632433,4
2022,174639529,8
2022,172341037,5
2022,175094063,5
2022,164084471,4
2022,174639533,5
2022,174639534,4
2022,164084472,4
2022,164084475,4
2022,164084476,5
2022,162801058,5
2022,169662532,5
2022,169662533,5
2022,164904211,4
2022,164502921,4
2022,164578435,5
2022,164578437,4
2022,164904212,5
2022,164084483,3
2022,164578446,5
2022,164102827,4
2022,163927315,4
2022,169902745,5
2022,169902746,5
2022,163947181,4
2022,164102828,4
2022,164035602,5
2022,169902752,5
2022,167132112,5
2022,165774138,5
2022,164102831,4
2022,164921552,5
2022,169745729,3
2022,169745730,3
2022,164914041,4
2022,164914042,5
2022,169745738,5
2022,167132113,4
2022,165774139,5
2022,165826382,4
2022,174639546,4
2022,166072700,5
2022,166072703,4
2022,165826383,4
2022,165826384,5
2022,168326350,5
2022,170039960,5
2022,168326351,4
2022,170039962,5
2022,170039967,5
2022,166572639,2
2022,166572640,5
2022,166572641,5
2022,166572642,5
2022,166572643,5
2022,168326352,5
2022,166572644,3
2022,169904046,5
2022,169904049,5
2022,174639554,4
2022,169902756,5
2022,167111341,4
2022,169902757,4
2022,169902759,5
2022,168326354,2
2022,169902761,4
2022,169902762,4
2022,169902765,5
2022,168326359,4
2022,170154968,4
2022,168326361,4
2022,168326362,5
2022,168326363,5
2022,168326365,4
2022,167445630,7
2022,168326370,5
2022,168326376,5
2022,168326379,5
2022,170007844,5
2022,168326380,8
2022,170007846,5
2022,170007847,5
2022,170036249,4
2022,168326382,5
2022,170036254,5
2022,168326388,4
2022,170036258,5
2022,170036260,5
2022,168326389,5
2022,168326390,4
2022,168326391,5
2022,168326392,4
2022,169663626,4
2022,168326393,4
2022,169516161,5
2022,169516162,4
2022,168560755,4
2022,168881863,5
2022,168881864,5
2022,168881865,4
2022,168881866,5
2022,168881867,5
2022,168881870,5
2022,168881872,4
2022,169411001,4
2022,169564478,5
2022,169516167,5
2022,169411003,7
2022,169564480,5
2022,169411004,4
2022,169564485,4
2022,169643325,5
2022,169639640,5
2022,169797288,5
2022,169797289,5
2022,169797290,5
2022,171402000,2
2022,169797292,5
2022,169904051,4
2022,174639573,4
2022,174639574,4
2022,177813812,4
2022,174639580,8
2022,174639583,4
2022,169797295,4
2022,169899101,5
2022,174639603,4
2022,174639606,8
2022,169960400,5
2022,172370245,5
2022,174639608,4
2022,174639609,4
2022,174639612,4
2022,174639613,4
2022,174639614,4
2022,170063149,4
2022,170063151,4
2022,174639623,4
2022,170063152,4
2022,170063154,5
2022,174639625,4
2022,174639627,4
2022,174639635,5
2022,169960405,5
2022,170063157,4
2022,169960407,1
2022,170063168,5
2022,174639640,4
2022,170154975,4
2022,177813817,5
2022,177813826,4
2022,177813830,2
2022,177813842,4
2022,177813848,5
2022,177813850,4
2022,177813862,5
2022,177813864,5
2022,177813868,5
2022,177813870,5
2022,184794455,5
2022,177813880,4
2022,177813882,5
2022,177813883,5
2022,177813884,5
2022,177813890,4
2022,184794457,5
2022,178105111,4
2022,178105112,4
2022,178105114,5
2022,178105130,4
2022,178105131,4
2022,178105138,5
2022,181810624,4
2022,178105147,5
2022,178105155,4
2022,178105156,5
2022,178105157,5
2022,178105159,5
2022,178105162,5
2022,178105170,4
2022,181810640,4
2022,184794462,5
2022,181810668,4
2022,181810670,5
2022,181810674,4
2022,181810691,4
2022,181810699,4
2022,181810702,2
2022,181810704,4
2022,181810712,5
2022,181810716,4
2022,181810727,4
2022,181810728,4
2022,181810748,4
2022,187696495,4
2022,181810758,5
2022,181810760,5
2022,181810762,5
2022,182046155,4
2022,182046166,4
2022,182046175,4
2022,182046180,5
2022,184794465,6
2022,182046186,4
2022,184794467,5
2022,182046198,4
2022,182046208,5
2022,184794468,4
2022,182046211,4
2022,182046225,4
2022,182046227,5
2022,184794474,5
2022,184794475,4
2022,184794476,6
2022,184794487,5
2022,184794488,5
2022,184794490,5
2022,184794496,4
2022,184794508,4
2022,184794510,5
2022,184794512,4
2022,184794515,4
2022,184794516,4
2022,163916340,4
2022,163916345,4
2022,163916365,4
2022,170154976,5
2022,170510592,5
2022,170510601,5
2022,170548133,5
2022,170875887,1
2022,170875889,5
2022,170875890,4
2022,171305402,5
2022,171305408,5
2022,171305412,4
2022,171305418,4
2022,171305422,5
2022,171305424,3
2022,171305425,4
2022,171402006,5
2022,171546362,5
2022,171571048,5
2022,171734796,5
2022,171734808,8
2022,173080349,4
2022,171734812,4
2022,171830751,5
2022,165692035,5
2022,168324521,5
2022,171830753,5
2022,173080351,4
2022,172001271,4
2022,173664470,4
2022,173664473,4
2022,173664479,5
2022,173664484,4
2022,173664486,5
2022,173664488,4
2022,175896609,4
2022,173460777,4
2022,173097453,4
2022,173080353,4
2022,175121134,4
2022,173556250,4
2022,173301719,3
2022,173460786,4
2022,173301720,4
2022,173395423,4
2022,176354303,5
2022,173556254,5
2022,174485295,4
2022,174412633,4
2022,174485298,5
2022,173704238,4
2022,173704239,4
2022,174312624,4
2022,174038730,4
2022,174038731,3
2022,174312627,5
2022,174412634,2
2022,174849408,4
2022,174849409,5
2022,174488729,5
2022,174485300,4
2022,174642764,4
2022,165692066,4
2022,168324523,2
2022,168324524,5
2022,168532486,4
2022,168532491,2
2022,169912209,4
2022,179967905,4
2022,169912212,4
2022,174849412,5
2022,169912214,4
2022,172356170,5
2022,172356172,4
2022,172356173,4
2022,172356176,5
2022,173301846,4
2022,173301849,4
2022,175091001,5
2022,173301854,4
2022,175091004,4
2022,175091008,5
2022,175091011,5
2022,176264774,4
2022,177931555,5
2022,177931559,4
2022,177931560,4
2022,179967906,5
2022,177931563,4
2022,177931566,5
2022,181063240,4
2022,181063241,4
2022,174718508,4
2022,174718509,4
2022,169914784,5
2022,167138573,5
2022,175845563,4
2022,175845565,4
2022,175004427,4
2022,175896611,4
2022,175121135,5
2022,175121136,5
2022,175117852,5
2022,175087593,4
2022,169341211,4
2022,172001274,4
2022,179967916,5
2022,165692092,5
2022,175087594,4
2022,175087596,4
2022,175087597,5
2022,175121140,5
2022,175121143,5
2022,175631307,4
2022,165692093,5
2022,175845575,5
2022,175896614,5
2022,176287531,5
2022,176287535,4
2022,176079130,4
2022,176287540,5
2022,176354305,4
2022,177010861,5
2022,177010869,4
2022,176923647,4
2022,179970515,5
2022,177448452,4
2022,177617441,5
2022,177813777,5
2022,177724124,4
2022,177713470,5
2022,177813780,5
2022,177813781,5
2022,181819110,3
2022,178074399,5
2022,177848713,4
2022,177848714,4
2022,178074401,5
2022,178138960,5
2022,179970521,4
2022,179970522,4
2022,179970523,4
2022,179970526,5
2022,179970527,4
2022,182059685,3
2022,182059686,3
2022,182059687,3
2022,179970530,5
2022,179970536,5
2022,179970537,5
2022,179970538,5
2022,179970540,4
2022,179970542,5
2022,179970544,5
2022,179970545,5
2022,179970546,2
2022,179970547,4
2022,179970548,4
2022,182059692,4
2022,179970549,4
2022,180868494,4
2022,182059702,4
2022,179970550,5
2022,182059705,4
2022,181609125,5
2022,182059711,4
2022,182059715,4
2022,182059719,5
2022,180868498,4
2022,169341212,5
2022,181609126,4
2022,179967918,5
2022,181609127,4
2022,183094734,5
2022,172700924,5
2022,165354100,4
2022,165354117,4
2022,166572664,5
2022,165692114,5
2022,172700925,4
2022,172700926,5
2022,172700929,5
2022,172700930,5
2022,172999852,4
2022,174412635,4
2022,175117857,5
2022,175121144,4
2022,177724126,1
2022,177724126,2
2022,175845593,5
2022,176109934,5
2022,176109936,5
2022,176197287,5
2022,176197288,5
2022,176197289,5
2022,176203084,5
2022,176203085,5
2022,176203086,5
2022,176203087,4
2022,176225152,4
2022,176713981,5
2022,176337247,4
2022,176337249,4
2022,176379721,4
2022,176648976,4
2022,176648979,4
2022,176669264,4
2022,177307254,4
2022,177481965,5
2022,177481968,4
2022,177488859,5
2022,177488863,5
2022,177488867,5
2022,177537814,5
2022,177713475,4
2022,177713477,4
2022,177724142,5
2022,177724144,5
2022,177724145,5
2022,177724147,5
2022,177740261,4
2022,177740262,4
2022,177740264,5
2022,177740265,5
2022,177740268,5
2022,177740269,4
2022,177740271,4
2022,185595356,4
2022,185595357,4
2022,177742182,4
2022,166572666,4
2022,177742190,5
2022,177813785,4
2022,177813788,4
2022,177813789,4
2022,177848718,4
2022,177851069,5
2022,177931524,5
2022,177977316,4
2022,177977317,5
2022,178074404,4
2022,178104986,4
2022,178138962,4
2022,179970732,4
2022,179970733,4
2022,179970740,5
2022,179970752,4
2022,179970763,4
2022,179970770,4
2022,179970775,4
2022,179970784,4
2022,179970788,5
2022,179970790,4
2022,165692162,5
2022,165692176,5
2022,179970797,4
2022,179970798,4
2022,179970799,4
2022,179970800,4
2022,179970809,5
2022,179970812,4
2022,179970816,4
2022,180988700,5
2022,180988701,4
2022,180988702,4
2022,181097855,5
2022,182781393,4
2022,182828973,4
2022,165692186,4
2022,166572671,5
2022,166572676,5
2022,166572677,5
2022,166572679,5
2022,166572682,5
2022,166572689,5
2022,166572690,4
2022,167098174,4
2022,167098175,5
2022,167098176,5
2022,173556261,4
2022,167098179,4
2022,167098180,5
2022,167098181,5
2022,167098191,4
2022,167098196,1
2022,182828974,5
2022,182828980,4
2022,182857168,5
2022,167138580,4
2022,167098205,4
2022,167098212,4
2022,169341214,4
2022,167098214,4
2022,167098219,4
2022,167098221,4
2022,167098231,4
2022,167098232,4
2022,167138584,2
2022,167138586,4
2022,167138587,5
2022,183094736,4
2022,167138596,4
2022,162324502,4
2022,167138598,4
2022,167138599,5
2022,167156361,5
2022,167156363,4
2022,167156364,4
2022,167254002,4
2022,167254003,4
2022,167254005,5
2022,167254006,5
2022,167254011,5
2022,167329838,5
2022,167254018,5
2022,167254019,5
2022,167254020,4
2022,167329839,4
2022,167329840,4
2022,168324538,5
2022,167329846,5
2022,167329849,5
2022,168324544,5
2022,168324549,5
2022,168324550,4
2022,168324551,5
2022,168324552,4
2022,168324559,5
2022,168324560,5
2022,168439870,3
2022,168324567,5
2022,168324568,4
2022,168324573,4
2022,168324575,5
2022,169631697,5
2022,169631698,4
2022,168324579,4
2022,169631699,5
2022,168324583,5
2022,168324585,3
2022,168324586,4
2022,168324595,4
2022,169341215,5
2022,168324600,5
2022,168324605,5
2022,168439886,4
2022,168324616,5
2022,168324619,3
2022,168324625,5
2022,168324626,4
2022,168324627,4
2022,168324629,4
2022,168324632,5
2022,168324633,2
2022,168439890,3
2022,168439890,6
2022,168439896,4
2022,168439898,4
2022,168439899,5
2022,168439902,5
2022,168439906,4
2022,168439908,4
2022,168439909,4
2022,168439910,5
2022,168439912,5
2022,168439915,5
2022,168439917,5
2022,168439921,4
2022,168439927,5
2022,168439940,5
2022,168439942,5
2022,168439943,4
2022,168439946,4
2022,168439947,5
2022,168439949,4
2022,168439950,4
2022,168439954,4
2022,173294227,4
2022,168439960,4
2022,168439965,4
2022,168439974,5
2022,168439975,5
2022,169341223,4
2022,169341224,4
2022,169341225,5
2022,169341227,4
2022,169341228,5
2022,169341230,5
2022,169341236,5
2022,169341238,4
2022,169341241,4
2022,169341256,4
2022,169341260,3
2022,169341261,5
2022,169341262,5
2022,169341266,4
2022,169914785,5
2022,169914786,5
2022,169341269,4
2022,169341272,2
2022,169341276,4
2022,169341277,5
2022,162324503,4
2022,161798781,4
2022,169341286,5
2022,169341291,4
2022,169341292,4
2022,169341293,5
2022,161798783,4
2022,169341299,5
2022,162265808,4
2022,169341304,4
2022,169379877,4
2022,169379881,5
2022,169379882,5
2022,169379883,5
2022,169379888,4
2022,169379890,4
2022,169631704,4
2022,169379895,7
2022,169631713,5
2022,169631714,5
2022,169914791,5
2022,169631732,4
2022,163472202,5
2022,169631739,2
2022,169631741,4
2022,169631747,4
2022,169914798,5
2022,169914799,5
2022,169631749,4
2022,169631750,4
2022,169631754,5
2022,167136931,4
2022,179974113,5
2022,163472205,4
2022,174930080,5
2022,163931771,5
2022,169914802,5
2022,169914805,5
2022,163384939,4
2022,169914806,5
2022,169914807,5
2022,167066931,4
2022,169914810,5
2022,163525881,4
2022,163525883,5
2022,164008431,5
2022,165272870,5
2022,164008432,4
2022,164217286,4
2022,164658603,4
2022,179974121,4
2022,169914814,5
2022,169914818,4
2022,176228484,5
2022,169914831,4
2022,169914832,5
2022,169914833,5
2022,169914836,2
2022,169914837,4
2022,179974122,4
2022,179974123,4
2022,179974124,4
2022,179974125,4
2022,165806753,4
2022,169914845,6
2022,179974126,4
2022,169914846,5
2022,169914852,4
2022,166170652,4
2022,169914858,4
2022,170489734,5
2022,170489735,5
2022,167111560,4
2022,167066934,4
2022,167086532,5
2022,170871126,5
2022,169914864,5
2022,169914866,5
2022,167111561,4
2022,167143238,5
2022,168328694,5
2022,167283046,4
2022,168328699,4
2022,173439889,5
2022,168328704,4
2022,168328712,4
2022,168328726,5
2022,168328732,4
2022,170496951,5
2022,173758136,4
2022,168440253,5
2022,169414142,4
2022,169405402,5
2022,168469421,5
2022,168469423,4
2022,168470344,5
2022,168470345,4
2022,169405404,4
2022,168882032,5
2022,168744788,5
2022,168744789,5
2022,169130523,5
2022,169841834,4
2022,169405406,4
2022,169960373,4
2022,169579762,4
2022,169664265,5
2022,169960377,4
2022,169960378,5
2022,169967787,5
2022,169967789,4
2022,170489777,4
2022,170489780,4
2022,170489786,5
2022,170489789,1
2022,170489793,4
2022,170489794,4
2022,170489795,5
2022,170489800,5
2022,170489805,4
2022,170489808,4
2022,170489809,4
2022,170489818,4
2022,170871134,3
2022,171512181,4
2022,171512182,5
2022,170871135,4
2022,170489830,4
2022,179967920,5
2022,170871141,4
2022,170871142,4
2022,169714423,6
2022,169756141,4
2022,169800021,5
2022,170871153,5
2022,170871156,4
2022,170871165,4
2022,171512187,4
2022,170871167,4
2022,170871168,4
2022,171512191,5
2022,170871172,5
2022,171512194,5
2022,171512195,4
2022,170871175,4
2022,171512198,4
2022,171512199,3
2022,171512203,5
2022,171512204,4
2022,171512205,5
2022,171512207,4
2022,171512224,5
2022,171512236,4
2022,171512243,2
2022,171512249,6
2022,172001281,5
2022,171512250,5
2022,171512251,5
2022,171512255,5
2022,179967922,5
2022,171512263,4
2022,171512265,4
2022,172941303,5
2022,171512278,4
2022,171512279,5
2022,171512280,4
2022,171512281,5
2022,171512285,5
2022,171512286,5
2022,172001285,4
2022,172001287,5
2022,172001289,5
2022,172001297,4
2022,172001299,4
2022,172001300,4
2022,172526166,5
2022,186961953,2
2022,172001319,4
2022,172001323,4
2022,172001330,4
2022,172001344,5
2022,172001346,5
2022,169800022,5
2022,172001360,5
2022,172001366,5
2022,179967923,2
2022,170041103,5
2022,172681725,3
2022,172526174,5
2022,172526177,2
2022,172001409,3
2022,172526184,5
2022,172526185,5
2022,172001423,4
2022,172526188,4
2022,174724406,4
2022,173294233,2
2022,173294235,8
2022,172526280,4
2022,172526286,4
2022,172681732,4
2022,172681736,5
2022,176686539,1
2022,176686539,3
2022,176686539,6
2022,172681740,4
2022,172681741,5
2022,172681742,4
2022,172681743,5
2022,172941309,5
2022,172941310,4
2022,172941323,2
2022,172941328,5
2022,172941329,4
2022,173001785,4
2022,173294240,4
2022,173001789,4
2022,185502201,5
2022,173001810,4
2022,173294250,5
2022,173001811,5
2022,173294255,4
2022,173556267,5
2022,174083488,5
2022,174478581,4
2022,173294266,5
2022,173294272,4
2022,173294273,4
2022,173294276,5
2022,173294278,5
2022,173294280,5
2022,173294283,3
2022,173294286,4
2022,173556273,5
2022,173294291,5
2022,170273741,4
2022,170273742,4
2022,170807140,4
2022,173294315,5
2022,173294316,5
2022,173294319,4
2022,173556280,4
2022,173556291,3
2022,173556292,5
2022,170842943,4
2022,175708419,4
2022,174083492,5
2022,173439891,5
2022,175514990,4
2022,173556309,4
2022,173556316,5
2022,174083498,5
2022,173556321,5
2022,173556322,5
2022,171164183,4
2022,171164184,4
2022,171268291,4
2022,171509620,5
2022,174083511,4
2022,174083512,5
2022,176228486,4
2022,174478582,5
2022,174478583,4
2022,174083525,5
2022,174083526,5
2022,174083528,4
2022,174478584,5
2022,174478585,5
2022,185413089,8
2022,174083532,5
2022,174478591,4
2022,174478592,4
2022,174478593,4
2022,174478594,4
2022,174478595,4
2022,174478596,4
2022,171512745,4
2022,171603402,4
2022,171603407,5
2022,173460789,5
2022,174478609,5
2022,174478613,5
2022,174478628,5
2022,174478630,4
2022,174478631,5
2022,179974132,4
2022,175055778,4
2022,175055779,4
2022,173460790,5
2022,172579277,5
2022,172885124,5
2022,179974134,4
2022,180766418,5
2022,173002783,4
2022,179974136,3
2022,173053935,4
2022,173385078,4
2022,179974141,5
2022,174724417,5
2022,179974142,4
2022,173646390,4
2022,174724427,5
2022,175055783,5
2022,174724440,5
2022,173696208,5
2022,174088256,5
2022,179974144,4
2022,174724443,5
2022,175055784,8
2022,174724446,4
2022,175055785,4
2022,174724448,4
2022,174724449,5
2022,175087601,5
2022,175087602,4
2022,174724451,4
2022,174724453,4
2022,175055786,5
2022,175087603,5
2022,175055794,5
2022,175908516,4
2022,175055800,4
2022,182059598,5
2022,175055812,4
2022,175055813,4
2022,175055814,4
2022,175055815,5
2022,175055817,4
2022,182625747,4
2022,182625748,4
2022,175055818,5
2022,175055819,5
2022,175055821,4
2022,175055822,5
2022,175055823,4
2022,179967926,2
2022,179967926,3
2022,175087607,2
2022,175055836,4
2022,175055842,4
2022,175055843,4
2022,175055849,4
2022,176264795,4
2022,174724910,4
2022,175708423,4
2022,175087615,5
2022,175087617,5
2022,175087618,3
2022,175087625,4
2022,175708456,4
2022,175708460,4
2022,180362033,5
2022,180362034,5
2022,176228499,5
2022,175708469,5
2022,175708470,5
2022,176264798,4
2022,177813892,4
2022,175708505,4
2022,175708529,4
2022,175908521,5
2022,175908523,5
2022,175908524,4
2022,179967931,4
2022,175908530,4
2022,178237158,2
2022,175908533,2
2022,179967934,2
2022,176264801,5
2022,175908543,2
2022,175908546,5
2022,176228505,4
2022,177535604,5
2022,176228509,5
2022,176228511,5
2022,179967935,5
2022,176228512,2
2022,178237159,3
2022,176228514,5
2022,176264803,4
2022,178237161,5
2022,176264804,4
2022,176228521,3
2022,176923649,4
2022,176228525,4
2022,176686547,4
2022,176686549,5
2022,176264807,4
2022,176264813,5
2022,176264814,4
2022,176264816,4
2022,176264834,4
2022,176923650,2
2022,176686557,4
2022,176686560,4
2022,176264846,4
2022,176686566,5
2022,176686567,5
2022,176686569,5
2022,179967936,5
2022,176686573,2
2022,177535605,4
2022,176686595,5
2022,176686596,4
2022,178237162,5
2022,176923652,4
2022,176686599,5
2022,176686613,3
2022,176686618,4
2022,176686633,5
2022,184312054,5
2022,176923665,4
2022,177535614,4
2022,176923668,4
2022,176923670,2
2022,177813896,4
2022,182587727,5
2022,177535625,5
2022,178237165,5
2022,179967944,4
2022,177535648,5
2022,177535652,5
2022,177535653,4
2022,177813901,4
2022,177848724,5
2022,177535660,4
2022,177813910,4
2022,178237167,4
2022,178237171,4
2022,179974146,4
2022,177813919,4
2022,177813924,5
2022,186961956,5
2022,177848726,4
2022,177848727,4
2022,177848728,5
2022,177848737,5
2022,177848738,5
2022,177848739,5
2022,178237175,5
2022,179967949,4
2022,178237181,4
2022,178237192,4
2022,178237196,5
2022,179967953,5
2022,179967955,4
2022,178421863,4
2022,179967956,4
2022,178421866,4
2022,179967957,4
2022,178421872,4
2022,178421874,4
2022,179967958,7
2022,178421886,4
2022,178421887,4
2022,179967968,5
2022,179967974,5
2022,181015800,1
2022,181015801,5
2022,181015802,5
2022,179967981,5
2022,179967985,4
2022,179967986,5
2022,179967987,5
2022,179967989,4
2022,179967992,5
2022,179967995,5
2022,179968005,5
2022,179974147,4
2022,179974148,4
2022,179974149,4
2022,174912267,4
2022,179968015,4
2022,179968016,4
2022,179968019,5
2022,179968022,5
2022,179968027,4
2022,179968039,5
2022,179968043,1
2022,179968049,5
2022,179968050,4
2022,179968052,4
2022,179968056,4
2022,179968057,5
2022,184312055,4
2022,179968062,5
2022,179968067,4
2022,179968077,2
2022,179968097,5
2022,179968100,5
2022,179968103,2
2022,179968105,5
2022,185812268,2
2022,185812269,5
2022,185812270,5
2022,179968111,5
2022,179968113,4
2022,179968121,5
2022,179968125,5
2022,179968128,4
2022,179968131,5
2022,179968141,5
2022,175125842,4
2022,179968143,2
2022,179968144,4
2022,179968145,5
2022,179968146,5
2022,179968148,2
2022,175125843,4
2022,175117863,5
2022,179968154,2
2022,179968157,5
2022,179968165,5
2022,181097858,5
2022,175094067,4
2022,180403324,3
2022,175483093,4
2022,175483094,5
2022,175483095,4
2022,175483097,5
2022,179968200,4
2022,179968201,4
2022,179968202,5
2022,179968204,4
2022,179968206,4
2022,179968209,5
2022,175514996,4
2022,175908511,4
2022,180362046,2
2022,180362050,4
2022,180403327,5
2022,180403328,5
2022,180403329,5
2022,175715653,4
2022,176237329,5
2022,180362056,5
2022,180362057,3
2022,181015805,2
2022,180403330,5
2022,180362064,4
2022,180362074,5
2022,180362078,4
2022,180403337,4
2022,180403338,4
2022,181015814,4
2022,181015815,5
2022,181015816,5
2022,181015817,5
2022,181015840,4
2022,181524440,5
2022,181015847,4
2022,181015848,4
2022,181015852,5
2022,181015854,5
2022,181015857,4
2022,176345758,5
2022,176427906,4
2022,181015871,4
2022,182594665,4
2022,182594666,4
2022,173556331,4
2022,173556333,4
2022,173637916,4
2022,173637918,5
2022,173637919,4
2022,173556343,4
2022,173637921,5
2022,168325288,6
2022,173637922,4
2022,173637926,4
2022,173640102,5
2022,170062997,4
2022,173640108,4
2022,173640111,4
2022,168325289,4
2022,176427908,4
2022,179968645,5
2022,172695904,4
2022,170063005,5
2022,169569723,5
2022,169569735,5
2022,169569736,5
2022,169569737,5
2022,173524752,4
2022,169569739,4
2022,169569744,4
2022,169569752,4
2022,170063017,5
2022,173524761,4
2022,170063025,5
2022,170063028,5
2022,176427909,5
2022,170063035,5
2022,170063041,5
2022,170063043,5
2022,177307261,5
2022,179974160,5
2022,179974162,5
2022,182079818,6
2022,182079819,6
2022,177993351,5
2022,177854309,4
2022,177854311,5
2022,177854312,5
2022,179974169,4
2022,170063046,5
2022,178089426,4
2022,173524770,5
2022,178251684,5
2022,179974174,5
2022,179974177,4
2022,179974192,4
2022,181097859,4
2022,179974205,4
2022,182079823,5
2022,182079824,5
2022,182079825,5
2022,182079826,5
2022,187276110,4
2022,179974222,4
2022,181837160,5
2022,179974228,4
2022,179974240,5
2022,179974245,4
2022,180362107,4
2022,181020260,5
2022,179974261,4
2022,179974271,5
2022,173524777,5
2022,172701032,4
2022,180388720,4
2022,173524780,4
2022,172701034,4
2022,172701035,5
2022,173692425,5
2022,173692428,4
2022,172701048,4
2022,173692429,4
2022,172701050,5
2022,172701062,5
2022,173692440,4
2022,173692442,5
2022,173692451,4
2022,174711779,5
2022,173692457,4
2022,173692459,4
2022,173692460,4
2022,173692463,2
2022,173692470,4
2022,180787196,5
2022,181092257,4
2022,180812136,4
2022,180822149,4
2022,180822150,5
2022,180933083,5
2022,182615053,5
2022,168329674,5
2022,175911621,4
2022,170872056,5
2022,174711819,5
2022,174711823,4
2022,175911632,5
2022,175911633,5
2022,175911635,4
2022,175911636,5
2022,175911640,5
2022,175911650,4
2022,175911651,4
2022,175911652,4
2022,175911654,4
2022,175911655,4
2022,175911656,5
2022,175911658,4
2022,175911659,4
2022,175911660,4
2022,175911662,5
2022,175911663,4
2022,175911665,4
2022,187677630,4
2022,175911671,4
2022,178105238,5
2022,178105248,4
2022,178105251,4
2022,179968650,4
2022,181526952,4
2022,179968666,4
2022,181526955,5
2022,179968687,4
2022,181526957,4
2022,181526967,4
2022,181526968,4
2022,181526975,4
2022,181526983,4
2022,181526986,4
2022,181526990,4
2022,181526997,4
2022,181526998,5
2022,181527004,4
2022,187677634,4
2022,188581081,5
2022,187677642,4
2022,187677656,4
2022,187677662,4
2022,187677663,4
2022,187677676,4
2022,173051686,4
2022,173516241,4
2022,181010808,5
2022,175948230,5
2022,179975251,5
2022,181010819,5
2022,161626104,4
2022,174944221,4
2022,174944222,4
2022,175787399,5
2022,175845613,4
2022,161626105,4
2022,162260469,5
2022,162420445,7
2022,179968937,4
2022,179968938,4
2022,179968939,4
2022,162424270,2
2022,162801059,4
2022,181527005,4
2022,162801060,4
2022,162837738,4
2022,162953512,5
2022,166960991,4
2022,163119068,5
2022,164578521,4
2022,165093754,5
2022,165093757,5
2022,188450749,4
2022,166976456,4
2022,166994523,4
2022,166997781,4
2022,168325517,4
2022,167137315,4
2022,167111567,5
2022,168325518,5
2022,167205826,5
2022,167111568,4
2022,167111570,4
2022,167411176,5
2022,166961010,4
2022,167111571,4
2022,168325520,6
2022,168325522,5
2022,166961021,1
2022,166961035,2
2022,166961037,5
2022,166961043,5
2022,167111573,5
2022,166961055,5
2022,167411177,5
2022,168329702,5
2022,168329705,5
2022,168329731,4
2022,168329734,4
2022,168388301,4
2022,168575563,4
2022,169052725,4
2022,169120745,5
2022,169714424,3
2022,169626217,5
2022,169664677,4
2022,169714425,5
2022,169778398,4
2022,168325526,5
2022,169837936,4
2022,167111581,5
2022,166961069,5
2022,166961070,4
2022,166961071,4
2022,168325529,5
2022,174752833,5
2022,168325535,5
2022,168325538,5
2022,168325539,5
2022,169778402,5
2022,169817651,5
2022,169837938,5
2022,168325546,5
2022,169817652,3
2022,169817652,4
2022,169956318,4
2022,170063425,4
2022,170489741,4
2022,170510625,4
2022,170875902,4
2022,167111588,5
2022,167111589,4
2022,171546366,4
2022,174849414,4
2022,174038734,4
2022,174038736,5
2022,174038737,4
2022,174083465,5
2022,174471646,4
2022,174471652,4
2022,174711758,5
2022,167111592,5
2022,174752836,5
2022,168325566,5
2022,174752830,5
2022,174775030,5
2022,175028914,5
2022,175042884,4
2022,175708397,5
2022,175845600,4
2022,175845601,4
2022,176065752,4
2022,176197291,4
2022,176264765,4
2022,176669266,4
2022,169837940,4
2022,168325572,4
2022,172701072,4
2022,172701073,4
2022,168325582,5
2022,177307262,5
2022,177931533,5
2022,168325591,5
2022,177931534,5
2022,177931535,5
2022,178452310,5
2022,178452311,5
2022,179975326,5
2022,179975327,5
2022,179975332,4
2022,179975340,5
2022,180913572,5
2022,180913574,5
2022,180913577,4
2022,180988705,4
2022,181069720,4
2022,181092260,5
2022,164922937,5
2022,168325608,5
2022,168325609,4
2022,172701076,3
2022,177617444,5
2022,169837947,4
2022,168329765,4
2022,168329779,4
2022,169616809,5
2022,177010916,4
2022,170875911,4
2022,177010961,4
2022,179975406,5
2022,179975407,5
2022,179975408,5
2022,179975420,5
2022,163947185,4
2022,168325629,5
2022,163947187,5
2022,166241571,5
2022,166241581,5
2022,166241582,4
2022,166241585,2
2022,166241587,4
2022,168332163,5
2022,168332167,4
2022,168332175,6
2022,169414152,5
2022,169414164,1
2022,169414165,5
2022,173103903,5
2022,173103904,5
2022,173103907,4
2022,173103912,5
2022,174724396,4
2022,174724398,4
2022,174724399,5
2022,174724402,4
2022,174724403,4
2022,176230699,5
2022,176230703,4
2022,176230708,5
2022,176230714,5
2022,177043048,5
2022,177043050,5
2022,179980330,4
2022,179980331,6
2022,179980332,6
2022,179980339,4
2022,179980342,6
2022,179980343,5
2022,181073609,5
2022,178089450,4
2022,179961705,5
2022,165248975,4
2022,168612507,5
2022,169837977,4
2022,177985994,5
2022,169361446,5
2022,169751680,5
2022,169778461,4
2022,171387235,5
2022,169837985,6
2022,177853438,5
2022,177838809,4
2022,177853439,5
2022,177834475,5
2022,169837986,6
2022,177849027,5
2022,175125865,5
2022,176069496,5
2022,176070603,5
2022,176070604,5
2022,177851146,5
2022,176384403,5
2022,169837988,4
2022,176439366,5
2022,178105532,4
2022,178082145,4
2022,179961715,5
2022,179961717,4
2022,176340777,5
2022,178197486,5
2022,179975037,5
2022,170023648,5
2022,170875921,4
2022,172701081,5
2022,170023649,5
2022,181268316,5
2022,170875926,5
2022,170875928,4
2022,170875930,4
2022,170023698,5
2022,170875944,5
2022,170875955,4
2022,170875958,4
2022,172701097,5
2022,172701098,4
2022,172701099,4
2022,170875968,4
2022,172701117,4
2022,185238887,5
2022,172701135,4
2022,177617447,5
2022,172701144,4
2022,172701148,4
2022,172701156,4
2022,172701162,5
2022,172701171,3
2022,174752859,4
2022,172701176,5
2022,172701179,5
2022,172701180,4
2022,170036375,5
2022,170036405,5
2022,170036423,5
2022,167436414,4
2022,167436419,4
2022,167436429,5
2022,174752868,5
2022,167436480,4
2022,174752877,3
2022,174752879,5
2022,174752882,4
2022,174752885,4
2022,174752886,4
2022,167436481,4
2022,167436483,5
2022,168331058,4
2022,168331059,5
2022,168331061,5
2022,168331065,4
2022,168331067,4
2022,168331074,5
2022,168331107,8
2022,168331108,8
2022,168331110,5
2022,168331111,5
2022,168331112,5
2022,168331113,5
2022,168331114,4
2022,168331117,5
2022,168331118,5
2022,168331130,4
2022,168331133,4
2022,168331134,4
2022,168331142,5
2022,167436489,5
2022,167436490,5
2022,167436492,4
2022,167436505,5
2022,165210069,4
2022,167194859,4
2022,174752898,4
2022,167436535,4
2022,174752899,4
2022,167436543,4
2022,167436566,5
2022,167436568,4
2022,167436571,4
2022,167436573,5
2022,167436580,5
2022,167436597,3
2022,167436598,5
2022,167436600,5
2022,167436604,4
2022,167436605,4
2022,167167864,4
2022,168331156,5
2022,167436612,4
2022,167436624,5
2022,167436625,5
2022,167436639,3
2022,174752911,5
2022,167436649,5
2022,167436655,4
2022,167436656,4
2022,167436673,4
2022,167436687,5
2022,167436690,4
2022,167436709,4
2022,174752919,4
2022,167436719,4
2022,167436720,4
2022,167436751,5
2022,167436752,4
2022,167436754,8
2022,167436755,4
2022,167436763,4
2022,167436774,4
2022,167436783,5
2022,167436798,4
2022,167436807,4
2022,167436811,5
2022,167436815,5
2022,167436826,4
2022,167436827,4
2022,167436829,5
2022,167429719,5
2022,167436832,4
2022,167436834,5
2022,167436835,4
2022,167436843,4
2022,167436849,5
2022,167436851,5
2022,167436890,4
2022,167436905,1
2022,168331173,4
2022,175787416,5
2022,175787417,5
2022,175787418,5
2022,168331174,4
2022,168331176,4
2022,169120759,5
2022,168331187,5
2022,168331194,4
2022,168331202,5
2022,168331205,5
2022,168331206,4
2022,168331207,4
2022,168331213,5
2022,168331216,4
2022,169367807,5
2022,168331224,5
2022,168331225,5
2022,168331226,5
2022,168331227,5
2022,168331228,5
2022,168331229,5
2022,168331230,5
2022,169367812,5
2022,169367813,5
2022,168331243,5
2022,168331250,4
2022,168331252,5
2022,168331259,5
2022,174752928,4
2022,169379964,4
2022,168331265,5
2022,169379966,4
2022,169379967,5
2022,169379968,5
2022,169379969,5
2022,169379971,3
2022,168331286,5
2022,168331288,5
2022,168331293,5
2022,168331299,5
2022,168331300,5
2022,168331305,5
2022,168331308,5
2022,168331314,4
2022,168331318,5
2022,169411071,4
2022,168331329,4
2022,168331331,5
2022,169516217,5
2022,169564554,5
2022,169564555,5
2022,169564560,4
2022,168331338,4
2022,169564562,4
2022,174752932,5
2022,168331345,5
2022,168331346,5
2022,169567876,5
2022,168331348,5
2022,169567880,4
2022,169120763,5
2022,169120764,5
2022,169120765,4
2022,169120767,2
2022,169120768,4
2022,169120769,4
2022,169571006,4
2022,169120772,4
2022,169571008,4
2022,169571018,4
2022,169571019,5
2022,169571023,6
2022,169571024,5
2022,169571025,4
2022,169571026,5
2022,169571031,5
2022,169571032,5
2022,169571038,4
2022,169571039,4
2022,169571040,5
2022,169588827,4
2022,169588828,4
2022,169588829,4
2022,169588832,4
2022,169588839,5
2022,169592247,5
2022,169592248,5
2022,169592249,5
2022,169592252,4
2022,169592253,4
2022,169626342,5
2022,169626364,5
2022,169626365,4
2022,169639690,4
2022,169639694,4
2022,169643451,5
2022,175911727,5
2022,175911730,4
2022,175911737,4
2022,175911760,5
2022,175911763,5
2022,175911766,4
2022,175911767,5
2022,175911768,5
2022,175911769,5
2022,175911770,5
2022,175911774,4
2022,176225173,4
2022,176225177,1
2022,176225177,2
2022,176225177,6
2022,176225191,4
2022,176228577,4
2022,176228589,4
2022,176228590,5
2022,176228591,4
2022,176228592,4
2022,176228595,4
2022,176228601,5
2022,176228606,5
2022,176228620,5
2022,176228625,5
2022,176228627,5
2022,174752939,4
2022,176390974,8
2022,175787429,5
2022,175787433,4
2022,177617453,5
2022,177617455,4
2022,175787446,4
2022,175787447,5
2022,177617456,4
2022,177617457,5
2022,177617467,5
2022,177617471,4
2022,182365268,4
2022,179969270,5
2022,177617474,4
2022,177617475,4
2022,177617499,5
2022,177617501,4
2022,182365270,4
2022,179969288,4
2022,179969294,4
2022,179969295,4
2022,179969301,4
2022,179969313,4
2022,179969323,4
2022,179969332,4
2022,182365273,4
2022,179969344,5
2022,179969345,4
2022,179969348,4
2022,179969349,4
2022,179969351,5
2022,182365276,5
2022,179969365,4
2022,179969366,4
2022,179969368,4
2022,182365277,5
2022,182365278,5
2022,179969382,4
2022,182365288,5
2022,182365289,5
2022,182365302,4
2022,182365317,5
2022,185238921,4
2022,168328398,4
2022,168328399,5
2022,168328400,4
2022,168328401,5
2022,168328404,4
2022,168328405,4
2022,168328406,4
2022,168328410,5
2022,168328413,4
2022,168328426,4
2022,168532716,4
2022,169411005,4
2022,169569759,4
2022,169569760,4
2022,169838007,4
2022,171347083,4
2022,171347084,4
2022,172356177,4
2022,172550020,4
2022,172550022,4
2022,176390978,4
2022,173667373,4
2022,173667374,4
2022,174711831,4
2022,177307264,4
2022,179973584,4
2022,179973585,4
2022,179973586,4
2022,179973587,4
2022,165303029,4
2022,165303030,4
2022,183186261,5
2022,176390979,5
2022,170648652,5
2022,176390981,5
2022,174540915,4
2022,174818242,4
2022,174818243,4
2022,176376544,4
2022,176107094,5
2022,179973592,4
2022,176390984,4
2022,181063248,4
2022,186346977,4
2022,186346980,4
2022,186397974,4
2022,186397977,4
2022,162953515,4
2022,162801064,4
2022,176390986,5
2022,165948803,5
2022,176390987,4
2022,176390990,4
2022,165948813,4
2022,165948817,5
2022,167329858,4
2022,168329169,4
2022,168329170,4
2022,169664679,5
2022,171161304,5
2022,170510657,4
2022,171785774,3
2022,171785778,5
2022,171785786,4
2022,173460801,4
2022,171785793,4
2022,172701196,4
2022,172701197,5
2022,172701207,5
2022,173460803,1
2022,173460804,4
2022,173460810,4
2022,173637944,4
2022,176390991,4
2022,176390992,5
2022,176390993,4
2022,174488733,4
2022,174083546,4
2022,174488735,4
2022,176390998,4
2022,174488736,4
2022,174488737,4
2022,176391005,5
2022,174639648,4
2022,175787458,5
2022,175787459,5
2022,174944229,4
2022,175787464,4
2022,176264849,5
2022,177813931,5
2022,177813932,4
2022,177813933,5
2022,185741448,4
2022,179974935,4
2022,179974936,4
2022,179974939,4
2022,179974942,5
2022,179974943,5
2022,179974946,4
2022,180997605,1
2022,180997605,4
2022,179974951,5
2022,179974952,5
2022,179974955,4
2022,187656733,5
2022,181411057,5
2022,162837739,4
2022,163916383,4
2022,176391006,5
2022,176391010,4
2022,167283048,4
2022,167283049,4
2022,165804027,4
2022,167283054,4
2022,167283055,4
2022,176391011,4
2022,167283058,4
2022,168330548,4
2022,167283065,4
2022,167283068,4
2022,176391027,4
2022,167283070,4
2022,167283071,4
2022,167283072,4
2022,167283073,4
2022,167283074,4
2022,167283075,4
2022,168554144,4
2022,168470052,4
2022,168554150,4
2022,168554155,4
2022,168554165,4
2022,168330556,4
2022,168330559,4
2022,168330561,4
2022,188398652,2
2022,168330563,4
2022,168330568,4
2022,168330571,4
2022,170273048,2
2022,169379902,4
2022,170273051,4
2022,170273052,4
2022,170273053,4
2022,169592226,4
2022,169592227,4
2022,169592228,4
2022,170273055,4
2022,172999880,4
2022,170273058,4
2022,170273064,4
2022,170273068,4
2022,171308740,4
2022,170273073,4
2022,170273074,4
2022,170273075,5
2022,170273076,5
2022,172999882,4
2022,170273079,5
2022,171510231,3
2022,170514065,4
2022,170273562,4
2022,170514068,4
2022,171510233,4
2022,172999885,4
2022,172293585,5
2022,171510236,4
2022,171510238,1
2022,171308755,4
2022,171308756,4
2022,171308757,4
2022,171308760,4
2022,171510242,4
2022,172293595,4
2022,171510247,4
2022,171510251,4
2022,171510252,5
2022,178452315,4
2022,172999890,5
2022,172999891,4
2022,172999893,4
2022,172293618,4
2022,174471654,4
2022,172999897,4
2022,174471656,4
2022,174471657,5
2022,173307794,4
2022,172999898,3
2022,178452316,4
2022,174471660,4
2022,174471661,4
2022,174471662,4
2022,174471663,4
2022,174471664,4
2022,173307795,2
2022,174471666,8
2022,174957282,4
2022,174471667,4
2022,174471669,4
2022,179975868,4
2022,174471672,3
2022,174471674,4
2022,174471675,1
2022,179975870,4
2022,179975871,4
2022,174471681,4
2022,174957288,5
2022,174471688,4
2022,174471689,4
2022,174957291,8
2022,174957293,4
2022,174471697,4
2022,179975872,4
2022,179975873,4
2022,174957294,3
2022,174471700,4
2022,174957296,4
2022,174957297,4
2022,178452317,4
2022,178452318,4
2022,176027039,4
2022,176027040,4
2022,177530008,4
2022,176027043,2
2022,176391029,4
2022,174957310,4
2022,176027045,8
2022,176027047,4
2022,176027048,4
2022,176027052,2
2022,177837994,4
2022,177530011,4
2022,179975875,4
2022,177530014,4
2022,176243969,4
2022,176243970,5
2022,176395322,5
2022,177530016,4
2022,177530017,3
2022,178452321,4
2022,177530026,4
2022,179975877,4
2022,177838803,4
2022,178452326,4
2022,179975880,4
2022,188854263,4
2022,180390345,4
2022,179975883,2
2022,179975884,4
2022,179975888,8
2022,181509891,5
2022,180390349,4
2022,180390350,2
2022,180390351,3
2022,180868500,4
2022,181509898,4
2022,176395333,4
2022,164680809,4
2022,164680810,5
2022,180387770,4
2022,177724179,5
2022,176432997,4
2022,176432999,4
2022,181168683,4
2022,181168684,5
2022,168330729,4
2022,179976599,6
2022,179976600,5
2022,179976609,4
2022,178082144,5
2022,179976020,4
2022,179976021,5
2022,179976610,4
2022,179976611,5
2022,179976614,4
2022,179976617,4
2022,179976618,4
2022,179976619,4
2022,179976620,4
2022,179976621,4
2022,179976624,5
2022,179976625,5
2022,179976626,5
2022,179976629,4
2022,179976631,4
2022,179976633,5
2022,179976634,4
2022,179976635,4
2022,179976637,5
2022,179976638,5
2022,179976640,5
2022,179976652,5
2022,179976655,4
2022,168330968,4
2022,168330975,4
2022,162974014,4
2022,163238847,5
2022,163238850,4
2022,164823136,4
2022,164823137,4
2022,165214151,4
2022,165354190,6
2022,165722108,4
2022,165948823,6
2022,165948824,4
2022,166072745,4
2022,166072747,4
2022,166997887,4
2022,168331039,4
2022,168331044,4
2022,169341402,4
2022,169569761,4
2022,169569766,4
2022,169592240,6
2022,169662539,4
2022,169714558,4
2022,171043771,4
2022,171104024,4
2022,171116219,4
2022,171402027,4
2022,172786413,4
2022,172786414,4
2022,172786415,4
2022,175845614,3
2022,174557627,7
2022,172941348,4
2022,173460824,4
2022,174412642,4
2022,174412644,4
2022,174485306,4
2022,174485307,4
2022,174485308,4
2022,174762804,4
2022,174904137,4
2022,174904139,4
2022,175055858,5
2022,175091019,6
2022,175436789,4
2022,175631317,6
2022,177713516,4
2022,176395296,4
2022,176672220,4
2022,176672222,6
2022,177482045,4
2022,177742205,4
2022,177742217,3
2022,178421903,4
2022,179976521,4
2022,179976523,4
2022,179976541,4
2022,179976548,4
2022,179976555,6
2022,179976557,4
2022,179976564,4
2022,183325957,4
2022,183636739,4
2022,183636740,5
2022,183636743,4
2022,161712532,5
2022,161712533,4
2022,161712534,4
2022,161712535,5
2022,161880466,4
2022,161880468,4
2022,162325875,4
2022,162325078,4
2022,162383334,4
2022,162485705,4
2022,162837749,4
2022,162849282,5
2022,162849283,4
2022,162849285,4
2022,163044068,5
2022,163769303,5
2022,166997894,4
2022,163769304,5
2022,163769305,4
2022,163769306,4
2022,163769307,5
2022,163769308,5
2022,163935963,5
2022,163935964,5
2022,163935965,5
2022,164002595,4
2022,164084506,4
2022,164677449,4
2022,164696895,4
2022,165303039,4
2022,165303040,4
2022,165657326,4
2022,165774248,5
2022,166471155,4
2022,166994524,4
2022,166994526,5
2022,167098238,4
2022,167098239,5
2022,167098240,4
2022,167105314,5
2022,167130327,4
2022,167167772,4
2022,167161649,4
2022,167161650,4
2022,167161651,4
2022,167161653,4
2022,167329875,4
2022,167329876,4
2022,167429679,4
2022,168320205,5
2022,168320206,5
2022,168320210,4
2022,168320215,5
2022,168586136,5
2022,168654607,5
2022,168789098,5
2022,169031480,4
2022,169367758,4
2022,169367760,4
2022,169367761,4
2022,169367762,4
2022,169626220,5
2022,169626222,4
2022,169626223,5
2022,169626224,5
2022,169660522,5
2022,169757259,4
2022,169757260,4
2022,169797305,3
2022,169797306,4
2022,169797307,5
2022,169817654,4
2022,169956280,4
2022,169956282,4
2022,170489832,5
2022,170489833,4
2022,170510673,8
2022,170548139,5
2022,170950717,5
2022,171104032,4
2022,171340831,5
2022,171571445,5
2022,171734832,5
2022,172001429,4
2022,171978637,4
2022,171978638,4
2022,172293641,4
2022,172999919,4
2022,172999920,4
2022,172999926,4
2022,172999929,5
2022,172999931,4
2022,172999932,5
2022,172999933,4
2022,173015392,4
2022,173040733,4
2022,173286708,5
2022,173286712,4
2022,173286716,4
2022,173301860,4
2022,174088259,5
2022,174471718,4
2022,174752944,4
2022,174462598,4
2022,174462599,5
2022,174818250,5
2022,174818252,5
2022,174540919,4
2022,174718511,8
2022,174928432,4
2022,176433003,4
2022,175117868,4
2022,175117869,5
2022,175436790,4
2022,175491191,5
2022,175491192,5
2022,175491193,4
2022,175510037,5
2022,177931576,4
2022,175708674,4
2022,176027079,4
2022,176027080,4
2022,176027081,4
2022,176079147,4
2022,176264860,5
2022,176433009,4
2022,176433010,5
2022,176618282,4
2022,176618283,4
2022,176923674,4
2022,176923675,5
2022,177307271,4
2022,177307272,4
2022,177482048,4
2022,177617505,7
2022,177617508,5
2022,177851086,4
2022,177848747,4
2022,178105295,5
2022,178395050,5
2022,178452330,5
2022,178452331,5
2022,179958922,4
2022,179958925,5
2022,179958926,4
2022,179958930,4
2022,179958932,4
2022,179958933,5
2022,184061003,4
2022,179958936,4
2022,179958940,4
2022,179958941,4
2022,179958942,5
2022,179958944,4
2022,179958947,4
2022,181015875,5
2022,179958949,4
2022,188611191,4
2022,180783079,4
2022,180783080,4
2022,181018388,5
2022,181018389,4
2022,181018390,4
2022,181018392,4
2022,181018397,4
2022,181018399,5
2022,180761344,5
2022,180761345,5
2022,180761349,4
2022,180761350,4
2022,180761351,2
2022,180761352,4
2022,180761353,5
2022,180761354,5
2022,180761362,5
2022,177854314,5
2022,177854315,5
2022,163916429,5
2022,163916440,5
2022,164376970,5
2022,164551126,5
2022,171756826,4
2022,168320444,4
2022,168320451,5
2022,168320460,5
2022,168320461,5
2022,168320462,4
2022,168320463,4
2022,168718855,5
2022,168789104,4
2022,169384415,5
2022,169384416,4
2022,169384418,5
2022,169516168,4
2022,169616828,4
2022,169912218,5
2022,171108303,4
2022,171108304,4
2022,171756831,5
2022,187221747,4
2022,173169034,5
2022,174663382,5
2022,174663383,5
2022,174663384,5
2022,174663385,5
2022,174663386,5
2022,176264869,5
2022,177732387,5
2022,177750446,5
2022,179959523,5
2022,181010432,5
2022,162784840,4
2022,162587700,5
2022,163238852,4
2022,163238853,5
2022,164026412,5
2022,164084509,5
2022,166072792,4
2022,167137316,5
2022,168323587,5
2022,168323595,5
2022,168323600,5
2022,168323601,5
2022,169662548,4
2022,170145310,5
2022,171116224,4
2022,170619985,5
2022,170874180,5
2022,171104033,4
2022,173401769,5
2022,171546371,5
2022,171978639,5
2022,173015393,4
2022,174488760,5
2022,175023442,4
2022,176065754,3
2022,176107101,5
2022,177535662,4
2022,177848748,5
2022,179966119,5
2022,179966126,4
2022,181411060,5
2022,164677457,4
2022,169639643,4
2022,176109957,4
2022,176097545,5
2022,176672224,4
2022,179973379,4
2022,185421570,1
2022,185421571,4
2022,180996178,4
2022,180997614,4
2022,185421574,4
2022,181018402,4
2022,161884816,8
2022,163769311,4
2022,161884817,4
2022,161884818,5
2022,161884819,4
2022,161884820,4
2022,161884821,4
2022,162033967,4
2022,162033973,5
2022,162260474,4
2022,162260477,8
2022,162260479,5
2022,162260481,5
2022,163776316,5
2022,162420464,4
2022,162420468,4
2022,162424274,4
2022,162587707,4
2022,162587708,4
2022,162587709,4
2022,162784841,4
2022,162784842,4
2022,162784843,4
2022,162801068,4
2022,162801073,5
2022,162801074,5
2022,162801075,5
2022,162837750,4
2022,162837756,3
2022,162837757,4
2022,162837758,1
2022,165338073,2
2022,162837772,3
2022,162849287,4
2022,162849292,4
2022,162851619,5
2022,162903311,4
2022,162903312,4
2022,162903316,4
2022,162801076,5
2022,162903327,4
2022,165338074,3
2022,162907297,4
2022,162953522,5
2022,162953523,5
2022,162953527,5
2022,162953529,4
2022,162974017,4
2022,165338076,8
2022,162974021,4
2022,163044077,5
2022,165338077,8
2022,163044086,3
2022,163044092,3
2022,163048870,4
2022,163119175,5
2022,163119177,8
2022,163238854,5
2022,163238855,5
2022,163238856,5
2022,163254536,5
2022,163254539,4
2022,163273719,5
2022,163273720,8
2022,163769319,3
2022,163769320,3
2022,163769321,3
2022,163364139,5
2022,163364142,4
2022,163364143,5
2022,163364144,5
2022,163364146,3
2022,163364148,3
2022,163364149,3
2022,163364153,5
2022,163364158,5
2022,163364159,4
2022,163364161,4
2022,163428303,4
2022,165774254,4
2022,163927318,4
2022,163927319,3
2022,163927325,4
2022,163927326,4
2022,163927327,4
2022,163947194,5
2022,163947195,5
2022,163947198,4
2022,163947199,4
2022,163947202,4
2022,165826388,4
2022,165826389,4
2022,165826390,5
2022,164084515,4
2022,164084516,5
2022,163737747,4
2022,164084520,4
2022,164084521,5
2022,164084535,4
2022,164084538,4
2022,164084539,4
2022,164084550,4
2022,164502978,4
2022,164502979,4
2022,164202994,4
2022,164502980,4
2022,164502988,4
2022,164502992,4
2022,164578528,4
2022,165826391,3
2022,164502993,4
2022,164578536,4
2022,164597292,4
2022,164631682,4
2022,164631683,4
2022,164738838,4
2022,164738839,5
2022,165826392,3
2022,164738841,3
2022,164738842,4
2022,164738843,4
2022,165826393,8
2022,164738849,4
2022,164821373,4
2022,164821374,4
2022,165258602,4
2022,164821379,4
2022,164823142,4
2022,164899464,4
2022,164904221,4
2022,164904222,4
2022,164904227,3
2022,164904228,4
2022,164502996,5
2022,164904230,5
2022,164904235,1
2022,164914044,4
2022,164914046,4
2022,164921556,3
2022,164921557,4
2022,165093773,5
2022,165093774,4
2022,165093776,4
2022,165096202,4
2022,165096203,4
2022,165209955,5
2022,165209956,5
2022,165209957,4
2022,165258603,4
2022,165258604,4
2022,165258605,4
2022,165258607,4
2022,165258616,4
2022,165258617,4
2022,165258620,4
2022,165258623,4
2022,165258627,5
2022,165264320,3
2022,165303046,8
2022,165303047,4
2022,165303052,4
2022,165354245,3
2022,165354262,4
2022,165383006,4
2022,165692206,4
2022,165692210,4
2022,165692212,5
2022,165692217,4
2022,165692221,5
2022,165692225,4
2022,165692226,4
2022,165692247,4
2022,166961085,4
2022,166976466,4
2022,168328757,4
2022,166976472,4
2022,166976475,4
2022,166976492,4
2022,166992658,4
2022,167047589,4
2022,167047598,4
2022,167047599,4
2022,167098248,4
2022,167098250,4
2022,168328758,4
2022,167098256,2
2022,167111594,2
2022,167111596,5
2022,167111597,5
2022,167111598,5
2022,167111599,5
2022,167111600,5
2022,167111601,5
2022,167111606,3
2022,167111607,4
2022,167111608,4
2022,167117409,4
2022,167117410,4
2022,167117411,4
2022,167121087,8
2022,167121089,4
2022,167121090,4
2022,167121092,4
2022,167121093,4
2022,167132218,4
2022,167132224,4
2022,167132225,4
2022,167137317,4
2022,167138606,4
2022,167156375,4
2022,167156376,4
2022,167156386,5
2022,167156387,5
2022,167156388,4
2022,167159470,4
2022,167167779,4
2022,167171343,5
2022,167194709,5
2022,167198484,4
2022,167198485,4
2022,167205829,5
2022,167205830,3
2022,167205834,4
2022,167205837,5
2022,167205838,5
2022,167254037,4
2022,167329878,4
2022,167329879,4
2022,167329880,4
2022,167329881,4
2022,167329882,5
2022,167329889,3
2022,167329890,2
2022,167329892,4
2022,167329893,4
2022,167329894,4
2022,167336923,4
2022,167415239,4
2022,167415242,4
2022,167415244,4
2022,168328760,4
2022,168328763,1
2022,168328764,4
2022,168328774,8
2022,168328776,4
2022,168328777,4
2022,168328781,4
2022,168328783,4
2022,168328784,4
2022,168328786,4
2022,168328790,4
2022,168328791,4
2022,168328792,4
2022,168328795,4
2022,168328797,4
2022,168328799,4
2022,168328800,4
2022,168328801,4
2022,168328803,5
2022,168328805,4
2022,168328807,4
2022,168328810,5
2022,168328812,4
2022,168328817,4
2022,168328824,5
2022,168328825,4
2022,168328840,5
2022,168328841,5
2022,168328842,8
2022,167329895,5
2022,168328843,4
2022,168328846,4
2022,168328848,4
2022,168328849,4
2022,168328850,4
2022,168328851,5
2022,168328852,5
2022,168328855,4
2022,168328856,2
2022,168328862,4
2022,168328864,5
2022,168328870,4
2022,168328871,8
2022,168328872,4
2022,168328877,4
2022,168328880,4
2022,168328885,4
2022,168328886,4
2022,168328891,4
2022,168328899,5
2022,168328901,5
2022,168328902,4
2022,168328906,4
2022,168328907,4
2022,168328908,5
2022,168328909,5
2022,168328916,5
2022,168328923,5
2022,168328924,4
2022,168328926,4
2022,168328927,4
2022,168328933,4
2022,168328936,4
2022,168328937,4
2022,168328938,4
2022,168328940,8
2022,168328942,4
2022,168328947,4
2022,168328948,3
2022,168328950,4
2022,168328953,4
2022,168328955,4
2022,168328956,5
2022,168375294,8
2022,168375296,4
2022,168379769,8
2022,168532730,4
2022,168532731,4
2022,168379774,4
2022,168379777,4
2022,168440255,4
2022,168532733,4
2022,168532737,4
2022,168532740,4
2022,168554139,4
2022,168560773,4
2022,168575539,5
2022,168575540,5
2022,168575541,5
2022,168575544,5
2022,168575545,5
2022,168575551,5
2022,168575559,4
2022,168825112,3
2022,168825113,4
2022,168586443,5
2022,168606075,4
2022,168606076,8
2022,168606077,5
2022,168606079,5
2022,168606081,5
2022,168655568,4
2022,168655579,5
2022,168655588,5
2022,168655595,5
2022,168655596,5
2022,168655597,5
2022,168655602,3
2022,168655610,2
2022,168666606,3
2022,168789389,8
2022,168789390,4
2022,168789392,4
2022,168789393,4
2022,168882034,5
2022,168882037,5
2022,168882043,5
2022,168882044,5
2022,168882048,4
2022,168882049,4
2022,169052681,4
2022,169052686,5
2022,169052687,5
2022,169052691,3
2022,169052692,4
2022,169052693,4
2022,169639644,2
2022,169626228,4
2022,169626230,4
2022,169626231,4
2022,169626232,5
2022,169626234,4
2022,169626235,4
2022,169626240,5
2022,169626241,5
2022,169639645,4
2022,169643338,4
2022,169643339,4
2022,169643340,4
2022,169643343,4
2022,169660526,4
2022,169660528,4
2022,169662549,4
2022,169662550,4
2022,169662551,4
2022,174540921,1
2022,169745740,4
2022,169662553,3
2022,169742911,8
2022,169745741,4
2022,169745760,4
2022,169797309,5
2022,169797315,8
2022,169797322,4
2022,169817655,4
2022,169817656,4
2022,169817657,4
2022,169838013,5
2022,169838014,5
2022,169838015,4
2022,169838016,4
2022,169899113,4
2022,169899115,5
2022,169899116,5
2022,169902838,4
2022,169912223,4
2022,169975753,8
2022,169914883,1
2022,169914889,5
2022,169914891,4
2022,169975754,4
2022,169975756,8
2022,169975757,8
2022,169975758,4
2022,169975761,4
2022,169975762,4
2022,169975763,4
2022,169975764,4
2022,169975768,4
2022,170007922,4
2022,170007924,4
2022,170007927,4
2022,170489837,4
2022,170007929,4
2022,170007935,4
2022,170007937,4
2022,170007942,4
2022,170007943,8
2022,170023622,1
2022,170023626,3
2022,170036330,8
2022,170036331,4
2022,170036337,4
2022,170036339,5
2022,170036341,4
2022,170036342,3
2022,170036343,8
2022,170046644,5
2022,170063391,4
2022,170063393,4
2022,170063400,8
2022,170063402,4
2022,170063403,4
2022,170063404,4
2022,170063405,4
2022,170063408,4
2022,170145432,4
2022,170145436,4
2022,170155219,3
2022,170155225,5
2022,170155237,5
2022,170155240,4
2022,170155243,3
2022,170155246,5
2022,170298627,5
2022,170298628,5
2022,170298632,5
2022,170298636,5
2022,170298637,5
2022,170298639,4
2022,170489838,4
2022,170489839,5
2022,170489842,4
2022,170489843,8
2022,170489844,4
2022,175845624,5
2022,170619988,4
2022,170619989,4
2022,170619997,4
2022,170800056,4
2022,170800057,4
2022,170800060,5
2022,170800064,5
2022,170816754,5
2022,170816755,5
2022,170840239,4
2022,170950719,4
2022,170950721,5
2022,170950722,5
2022,171043776,4
2022,171043777,4
2022,171043778,4
2022,172350451,3
2022,172350452,2
2022,171104036,2
2022,171104041,4
2022,171104043,3
2022,171104044,4
2022,171224898,4
2022,171224900,4
2022,171240817,4
2022,171240818,5
2022,171240819,5
2022,172350454,5
2022,171240821,5
2022,171240822,5
2022,171240824,5
2022,171240829,8
2022,171240830,5
2022,171240831,5
2022,171305465,4
2022,171305469,4
2022,171305470,5
2022,171305471,4
2022,171305473,8
2022,171305480,5
2022,171305481,5
2022,171347092,5
2022,171402043,5
2022,171449474,5
2022,171456709,5
2022,171546373,4
2022,171546374,4
2022,171546377,4
2022,171546379,4
2022,171571454,5
2022,171571456,4
2022,171571458,5
2022,171571463,4
2022,171709240,4
2022,171734839,4
2022,171785818,5
2022,171734849,4
2022,171785824,8
2022,171805562,5
2022,171830757,8
2022,171830758,2
2022,171830759,4
2022,171830760,4
2022,171873732,5
2022,171873733,4
2022,171873735,8
2022,171873736,8
2022,171873737,5
2022,171873738,5
2022,178105298,8
2022,171978646,4
2022,172001433,8
2022,172001434,8
2022,172001440,5
2022,172001445,4
2022,172001447,5
2022,172001449,5
2022,172293646,4
2022,172293655,5
2022,172350456,4
2022,172364862,4
2022,172364863,4
2022,172364864,8
2022,172364865,3
2022,172364866,4
2022,172370496,4
2022,174540922,4
2022,172370497,5
2022,172550026,4
2022,172695919,4
2022,172695921,4
2022,172695922,4
2022,172695923,4
2022,172695924,4
2022,172695925,4
2022,172701222,4
2022,172701228,8
2022,172766178,5
2022,172766187,5
2022,172766188,5
2022,172786418,3
2022,172786419,4
2022,172786422,4
2022,172877459,3
2022,172880854,5
2022,172880860,4
2022,172880863,5
2022,172880866,5
2022,172880869,5
2022,172880870,5
2022,172941351,5
2022,173018901,5
2022,172999938,5
2022,172999939,4
2022,172999940,4
2022,172999944,8
2022,172999950,4
2022,172999951,4
2022,172999953,4
2022,172999955,4
2022,172999957,3
2022,173015398,4
2022,173015401,4
2022,173015402,5
2022,173015403,5
2022,173018905,5
2022,173018907,5
2022,173018909,4
2022,173018910,4
2022,173051695,5
2022,174540924,4
2022,173080367,5
2022,173080368,4
2022,173097480,4
2022,173524801,4
2022,173524803,4
2022,173524805,3
2022,173524806,4
2022,174540925,4
2022,173556359,4
2022,173556362,4
2022,173556363,4
2022,173556369,3
2022,173556380,4
2022,173637955,4
2022,173637957,4
2022,173637959,4
2022,173637960,4
2022,173637961,4
2022,173637963,4
2022,183748246,5
2022,174540926,3
2022,173640131,4
2022,173640132,4
2022,173664673,4
2022,173664674,5
2022,173664675,5
2022,173664676,5
2022,173664677,4
2022,173664682,4
2022,173664684,4
2022,173664685,4
2022,173664686,4
2022,173667376,4
2022,173667381,5
2022,173685113,4
2022,173685132,4
2022,173685135,4
2022,174462602,4
2022,174462605,4
2022,174462612,3
2022,174462615,2
2022,174471730,4
2022,174485314,4
2022,174557632,4
2022,174485319,4
2022,174485324,8
2022,174485325,4
2022,174485331,4
2022,174488770,4
2022,174557633,4
2022,174557634,4
2022,174557635,5
2022,174557637,5
2022,174568462,5
2022,174568469,4
2022,174752949,5
2022,174752950,5
2022,174752955,4
2022,174762812,4
2022,174762823,5
2022,174762827,4
2022,174762830,4
2022,174762836,4
2022,174775102,8
2022,174775103,4
2022,174775104,4
2022,174775105,5
2022,174818259,3
2022,174818260,5
2022,174849416,5
2022,174857354,3
2022,174857358,4
2022,174857359,4
2022,174857360,4
2022,174857361,4
2022,174857368,4
2022,174896753,4
2022,174904142,4
2022,174904151,4
2022,174904152,4
2022,174904153,4
2022,174939776,4
2022,174939781,8
2022,174939782,8
2022,174944235,4
2022,174944236,8
2022,174944237,5
2022,174944238,5
2022,174975702,4
2022,174975704,4
2022,174975706,5
2022,175028922,5
2022,175028923,5
2022,175028924,5
2022,175028925,5
2022,175845633,4
2022,175845634,4
2022,175845635,4
2022,175845636,4
2022,175004451,1
2022,175004456,2
2022,175023449,4
2022,175028926,4
2022,175028927,4
2022,175117883,5
2022,175117885,5
2022,175121153,8
2022,175121154,1
2022,175436796,3
2022,175436798,5
2022,175436799,4
2022,175436800,4
2022,175436801,4
2022,175478414,4
2022,175478416,8
2022,177488885,5
2022,177488886,5
2022,177488887,5
2022,175491201,4
2022,175491203,4
2022,175491204,4
2022,175491205,4
2022,175510044,4
2022,175510045,5
2022,175510046,5
2022,175510047,5
2022,175510049,5
2022,175631319,5
2022,175631320,5
2022,175631327,5
2022,175845637,5
2022,175845638,5
2022,175708697,4
2022,175708712,4
2022,175708721,5
2022,175711044,4
2022,175711046,4
2022,175711047,5
2022,174775106,5
2022,175711053,4
2022,175711054,4
2022,175711055,4
2022,175711057,4
2022,175783479,4
2022,175783481,8
2022,175783482,5
2022,175783488,5
2022,175787469,5
2022,175787470,4
2022,175787471,5
2022,175787476,4
2022,175893805,4
2022,175893807,4
2022,175893808,4
2022,175893809,3
2022,175896620,8
2022,175911684,4
2022,175911685,4
2022,175911686,4
2022,176027083,4
2022,176027084,3
2022,176027089,4
2022,176065756,5
2022,177482050,4
2022,177482051,5
2022,176065760,4
2022,176065762,4
2022,176107103,4
2022,176107104,4
2022,176107106,4
2022,176107107,4
2022,176107108,4
2022,177482052,5
2022,177482053,5
2022,181092263,3
2022,176109969,4
2022,176197295,4
2022,176197296,4
2022,176203143,3
2022,176203144,8
2022,176203145,4
2022,176203149,4
2022,176203150,4
2022,176228553,4
2022,176287554,4
2022,176287561,5
2022,176337269,4
2022,176340821,3
2022,176340822,3
2022,176337275,4
2022,176340826,5
2022,176390912,8
2022,176395302,5
2022,176390915,5
2022,176390916,5
2022,176519218,4
2022,176519220,4
2022,176519221,4
2022,176523500,5
2022,176618286,4
2022,176618287,4
2022,176648992,5
2022,176648994,3
2022,176669352,8
2022,176669357,4
2022,176672229,4
2022,177448459,4
2022,176672234,4
2022,176672235,5
2022,176672236,5
2022,176713983,4
2022,176713987,4
2022,176713993,5
2022,176713996,4
2022,176713999,4
2022,176714001,5
2022,176714007,8
2022,176714008,4
2022,176714010,8
2022,176714016,4
2022,176923679,5
2022,176923690,5
2022,176923691,4
2022,176923693,5
2022,176923696,4
2022,176923697,4
2022,176923701,4
2022,177482055,4
2022,176923702,5
2022,177011013,4
2022,177011015,5
2022,177011019,4
2022,177011031,4
2022,177011038,5
2022,177451461,5
2022,177482056,5
2022,177448464,4
2022,177448466,5
2022,177448467,5
2022,177448468,5
2022,177448470,4
2022,177448473,5
2022,177448474,4
2022,177451462,4
2022,177451475,5
2022,177451477,4
2022,177461907,5
2022,177461911,4
2022,177482065,4
2022,177482066,4
2022,177482071,4
2022,177482074,5
2022,177505742,4
2022,177505743,4
2022,177505744,4
2022,177505745,4
2022,177505746,3
2022,177535666,4
2022,177535667,5
2022,177537816,4
2022,177537820,5
2022,177537823,5
2022,177617515,4
2022,177617518,4
2022,177713523,4
2022,177713525,4
2022,177713528,5
2022,177713529,5
2022,177713530,2
2022,177724190,5
2022,177740359,5
2022,177724193,5
2022,177740367,5
2022,177742224,2
2022,177742227,8
2022,177742230,4
2022,177742231,4
2022,177803373,2
2022,177803375,5
2022,177803378,4
2022,177803379,4
2022,177803380,4
2022,177803382,5
2022,177813951,5
2022,177848750,5
2022,177848752,5
2022,177848754,4
2022,178058555,2
2022,178058556,2
2022,178058560,5
2022,178074413,5
2022,178105306,4
2022,178105318,4
2022,178105324,5
2022,178197595,4
2022,178197610,4
2022,178237206,4
2022,178197617,4
2022,178237208,4
2022,178237209,4
2022,178237211,5
2022,178395056,4
2022,178395061,4
2022,178395062,8
2022,179974295,5
2022,179974296,5
2022,179974297,4
2022,179974299,4
2022,179974300,4
2022,179974301,5
2022,179974302,5
2022,179974306,4
2022,179974307,5
2022,179974308,4
2022,179974309,5
2022,179974311,4
2022,179974319,5
2022,179974324,8
2022,179974327,4
2022,179974335,4
2022,179974340,4
2022,179974345,4
2022,179974350,5
2022,179974355,4
2022,179974356,8
2022,179974358,4
2022,179974360,2
2022,179974368,3
2022,179974369,4
2022,179974371,4
2022,179974380,3
2022,179974383,4
2022,179974384,4
2022,179974389,4
2022,179974401,5
2022,179974407,4
2022,179974413,4
2022,179974414,4
2022,179974421,4
2022,179974424,4
2022,179974425,5
2022,179974427,5
2022,179974428,5
2022,179974429,5
2022,179974430,5
2022,179974431,5
2022,179974435,5
2022,179974436,5
2022,179974441,5
2022,179974446,8
2022,179974449,8
2022,179974450,5
2022,179974451,4
2022,179974453,4
2022,179974454,4
2022,179974455,5
2022,179974457,5
2022,179974460,4
2022,179974468,5
2022,180403347,4
2022,179974476,4
2022,179974479,4
2022,179974483,5
2022,179974485,5
2022,179974487,5
2022,179974490,4
2022,179974493,4
2022,179974497,5
2022,179974498,5
2022,179974499,5
2022,179974501,8
2022,179974504,5
2022,179974507,4
2022,179974509,5
2022,179974515,5
2022,179974516,5
2022,179974522,5
2022,179974524,5
2022,179974526,4
2022,179974531,5
2022,179974539,4
2022,179974540,4
2022,179974542,4
2022,179974546,3
2022,179974547,4
2022,179974548,5
2022,179974555,4
2022,179974556,5
2022,179974558,4
2022,179974562,5
2022,179974566,2
2022,179974570,3
2022,179974571,5
2022,179974576,4
2022,179974578,5
2022,179974579,5
2022,179974582,5
2022,179974587,4
2022,179974591,5
2022,179974592,4
2022,179974596,5
2022,179974598,8
2022,179974605,4
2022,179974606,4
2022,179974607,4
2022,179974608,4
2022,179974609,4
2022,179974612,4
2022,179974620,5
2022,179974629,5
2022,179974630,5
2022,181268408,4
2022,180399598,4
2022,180403349,5
2022,180403364,4
2022,182365374,4
2022,180783081,3
2022,180800607,4
2022,180800608,4
2022,180800610,4
2022,180848980,4
2022,180868507,3
2022,180868508,5
2022,180868511,5
2022,180913583,5
2022,180913588,4
2022,180913591,5
2022,180927973,5
2022,180927974,5
2022,180927976,5
2022,180979651,5
2022,180979653,5
2022,180988730,8
2022,180988732,4
2022,180988734,5
2022,180988736,3
2022,180988737,5
2022,180988738,5
2022,180988741,5
2022,180996179,4
2022,180996180,5
2022,181069735,4
2022,181069740,5
2022,181069744,5
2022,181069746,5
2022,181069748,5
2022,181092266,4
2022,181097965,4
2022,181097969,4
2022,182059799,5
2022,181097971,4
2022,181168690,8
2022,181268416,4
2022,182059800,5
2022,181524467,5
2022,181524468,4
2022,181527006,3
2022,181527012,3
2022,181527015,8
2022,181527017,3
2022,181588541,4
2022,181609171,5
2022,182059802,5
2022,182059803,4
2022,181609172,4
2022,181609173,5
2022,181609174,5
2022,181609177,3
2022,181609178,8
2022,181716741,8
2022,181716747,4
2022,181716750,8
2022,181785133,5
2022,181810856,4
2022,182986768,4
2022,181810862,5
2022,181819386,4
2022,182059806,4
2022,182059810,5
2022,163123772,5
2022,163241139,5
2022,163254540,5
2022,163273721,5
2022,163273722,5
2022,163273724,4
2022,163769322,5
2022,163769323,4
2022,163769329,5
2022,164202996,5
2022,167098260,5
2022,167098261,4
2022,167098265,5
2022,167098266,5
2022,167100541,4
2022,167117421,5
2022,173556389,5
2022,173664688,5
2022,173667386,5
2022,173685138,5
2022,177713531,4
2022,177724195,5
2022,177803385,5
2022,177803386,5
2022,177803390,4
2022,181411067,5
2022,181411068,5
2022,181411069,4
2022,182465019,4
2022,182465020,5
2022,182580931,5
2022,182588023,5
2022,182634876,5
2022,182634877,5
2022,182634878,5
2022,182674005,5
2022,182674006,4
2022,182781418,5
2022,182781419,4
2022,182781420,4
2022,185211382,5
2022,185211384,5
2022,185211385,4
2022,185211387,4
2022,185239362,5
2022,185245382,5
2022,185245383,4
2022,185250373,5
2022,185250374,5
2022,185374667,4
2022,185374671,5
2022,185374674,5
2022,185383842,4
2022,185383843,5
2022,185794984,5
2022,185794986,5
2022,186454859,5
2022,186521558,5
2022,165722129,4
2022,165774263,5
2022,165774265,4
2022,166072823,4
2022,166072829,5
2022,177673139,5
2022,179975212,4
2022,164002597,4
2022,164002599,4
2022,164821383,4
2022,166961096,4
2022,167207810,4
2022,168331760,4
2022,169564489,4
2022,169914893,4
2022,169914895,3
2022,170816757,4
2022,170816759,4
2022,171043784,4
2022,172766189,4
2022,172766191,4
2022,174328022,4
2022,174818262,4
2022,174818263,4
2022,174818264,4
2022,174857378,3
2022,175787486,4
2022,176109971,4
2022,175787488,4
2022,176109972,4
2022,176390917,4
2022,177505748,4
2022,177617525,7
2022,179979192,4
2022,179979200,4
2022,179979203,4
2022,181268422,4
2022,185081112,4
2022,185081113,4
2022,164008433,4
2022,161629368,4
2022,162425296,5
2022,162425297,5
2022,167138623,5
2022,165634769,4
2022,162425305,4
2022,162425306,5
2022,162953537,5
2022,162789933,4
2022,162909041,4
2022,162953538,5
2022,162841002,4
2022,163119194,5
2022,162824113,5
2022,163242647,5
2022,185081114,5
2022,164824606,5
2022,164038684,4
2022,164738853,5
2022,164738854,5
2022,164738855,5
2022,168331875,5
2022,174960190,4
2022,163274945,5
2022,163953238,5
2022,163931800,4
2022,165774286,5
2022,164108357,4
2022,163953246,5
2022,163953248,4
2022,168331881,5
2022,164008443,5
2022,164038687,4
2022,164067345,4
2022,164108369,5
2022,168331885,4
2022,168331886,4
2022,164217296,4
2022,164530266,5
2022,164598707,4
2022,164658615,4
2022,179979352,5
2022,168331891,4
2022,168612564,4
2022,164956073,5
2022,164956074,5
2022,165097908,4
2022,179979354,4
2022,165097912,4
2022,165097913,4
2022,165272887,4
2022,166970204,4
2022,165877525,4
2022,166970208,4
2022,166258257,5
2022,166258260,5
2022,167066939,4
2022,167161196,5
2022,167172771,5
2022,167200183,5
2022,168331918,5
2022,168331919,4
2022,168586489,4
2022,168586490,4
2022,168586491,4
2022,167128522,4
2022,169800044,5
2022,169800045,4
2022,168655781,5
2022,168331936,4
2022,167153988,4
2022,168331938,5
2022,168655783,5
2022,167200189,5
2022,176660411,5
2022,168331951,4
2022,167341009,5
2022,168655786,4
2022,168331953,4
2022,167341010,5
2022,167341011,5
2022,167341014,4
2022,168331971,5
2022,168331985,5
2022,169567421,5
2022,169567422,5
2022,169567423,5
2022,169567424,5
2022,168440396,4
2022,174860751,5
2022,168332004,5
2022,168332012,4
2022,168332021,4
2022,168332022,4
2022,168332023,4
2022,168332030,4
2022,168455672,5
2022,168889804,5
2022,168332049,4
2022,168332051,4
2022,183560990,4
2022,183560990,7
2022,168332058,4
2022,168332060,5
2022,168332602,5
2022,168332070,5
2022,173051700,5
2022,168332078,5
2022,168332079,4
2022,169130535,5
2022,168332082,4
2022,168332083,4
2022,168332603,3
2022,168470350,5
2022,168555251,5
2022,168384949,5
2022,168612575,4
2022,168469425,5
2022,168661586,5
2022,169600010,5
2022,168579741,5
2022,169057683,5
2022,169343849,4
2022,168744791,5
2022,172793065,4
2022,169130542,5
2022,171387195,6
2022,173385079,5
2022,175012425,1
2022,182889145,4
2022,169664692,5
2022,179979379,2
2022,179979379,6
2022,179979380,5
2022,169800046,4
2022,169800047,4
2022,169800048,6
2022,169800049,4
2022,169616831,5
2022,173023319,4
2022,170013558,4
2022,169951578,5
2022,169758095,5
2022,174342926,5
2022,170145464,5
2022,170023730,4
2022,182600687,5
2022,181632205,5
2022,181632206,5
2022,181632207,5
2022,169926783,4
2022,173169038,5
2022,181632209,5
2022,170879527,4
2022,179979385,5
2022,170087683,5
2022,171571474,5
2022,170273743,5
2022,170516414,4
2022,176207842,4
2022,173671079,4
2022,170872060,4
2022,170842954,5
2022,170872061,4
2022,170872064,5
2022,171119261,5
2022,177067044,4
2022,171494232,5
2022,172709287,5
2022,171224910,4
2022,171191172,5
2022,171509622,4
2022,175711058,5
2022,179979390,4
2022,173023323,5
2022,171905910,4
2022,185081121,4
2022,171603425,8
2022,171967733,5
2022,175640888,4
2022,174662635,5
2022,172684908,4
2022,179979395,5
2022,173298334,4
2022,173298335,4
2022,173080370,4
2022,173002800,5
2022,173758138,5
2022,172973285,4
2022,173177088,5
2022,179979399,5
2022,173023333,4
2022,176207844,5
2022,173516521,5
2022,175911687,4
2022,173298341,4
2022,174183266,4
2022,173571290,4
2022,173425228,5
2022,173646409,5
2022,174860758,5
2022,173696211,4
2022,176773402,5
2022,175028929,4
2022,173696213,4
2022,173783293,5
2022,174175365,4
2022,173783299,4
2022,174320271,5
2022,174662636,5
2022,174342936,5
2022,174927632,5
2022,175033612,4
2022,186629706,4
2022,175033613,4
2022,175715661,5
2022,174724916,5
2022,174724919,4
2022,174960253,4
2022,177813953,5
2022,177515919,5
2022,175911689,4
2022,180766420,4
2022,179979416,4
2022,183560992,8
2022,175640898,4
2022,175033618,5
2022,182849777,5
2022,175631338,5
2022,179979431,5
2022,175483106,4
2022,186466137,3
2022,179979435,5
2022,176070599,5
2022,176407200,5
2022,179979440,4
2022,175794397,4
2022,176114366,5
2022,178089431,5
2022,176207863,5
2022,176244716,4
2022,176674822,5
2022,176660422,5
2022,176528622,5
2022,177492736,4
2022,176660425,4
2022,177813955,4
2022,179979457,5
2022,179979459,3
2022,177463860,5
2022,177803397,5
2022,178435709,5
2022,176773415,5
2022,176796382,5
2022,176791704,4
2022,177492740,4
2022,177492741,4
2022,177492742,4
2022,179979465,5
2022,179979466,5
2022,177993390,5
2022,179979468,4
2022,177750457,5
2022,177529160,5
2022,177532115,4
2022,179979478,5
2022,179979481,4
2022,182708769,5
2022,181801979,6
2022,177993403,5
2022,182648642,5
2022,179979496,4
2022,179979513,4
2022,179979514,5
2022,179979515,5
2022,179979518,4
2022,179979521,4
2022,182465132,4
2022,179979532,4
2022,185612357,5
2022,179979540,5
2022,182580993,4
2022,179979547,5
2022,182934468,5
2022,179979554,4
2022,179979555,5
2022,179979575,4
2022,179979576,4
2022,179979579,5
2022,179979584,5
2022,179979585,5
2022,179979586,5
2022,179979590,4
2022,179979595,4
2022,179979599,4
2022,179979605,4
2022,180787204,4
2022,179979620,4
2022,182580994,5
2022,182580995,5
2022,179979640,5
2022,179979657,5
2022,179979659,5
2022,179979661,4
2022,180403365,5
2022,179979668,5
2022,179979678,5
2022,184000149,4
2022,184000150,5
2022,179979682,4
2022,179979687,5
2022,183358684,5
2022,185521495,5
2022,185224642,5
2022,180366767,5
2022,180388723,5
2022,181075067,4
2022,181075069,5
2022,186197675,4
2022,185340326,5
2022,183768125,5
2022,183768126,5
2022,181411070,5
2022,181801984,5
2022,163254546,4
2022,163254547,4
2022,163737749,4
2022,163254548,4
2022,163737750,4
2022,165692259,4
2022,165818989,4
2022,165258635,4
2022,165692274,5
2022,165258637,4
2022,168332118,4
2022,167303449,4
2022,168606139,5
2022,168332119,4
2022,167445639,5
2022,168332121,4
2022,168618782,4
2022,168560810,4
2022,168606140,4
2022,168606141,4
2022,168606142,4
2022,169912228,5
2022,169912230,4
2022,169912231,4
2022,169912236,4
2022,172046260,4
2022,171873742,4
2022,172046271,4
2022,172046281,4
2022,172638143,4
2022,172638144,4
2022,172681756,4
2022,173301862,4
2022,173294324,5
2022,173307809,4
2022,173294325,4
2022,173294327,5
2022,173307810,4
2022,173307811,4
2022,175004461,4
2022,174944248,5
2022,175004464,4
2022,175004465,4
2022,176395307,4
2022,176669363,4
2022,176669364,5
2022,176669365,4
2022,176669366,4
2022,176434788,4
2022,179979965,5
2022,179979967,4
2022,179979972,4
2022,179979976,4
2022,181015893,4
2022,181018403,6
2022,181018405,4
2022,181786708,4
2022,182268000,4
2022,182268001,4
2022,182268002,4
2022,162324238,5
2022,162324244,4
2022,163238876,4
2022,163320438,4
2022,164956607,5
2022,165303057,4
2022,167207815,4
2022,167207816,4
2022,167207822,4
2022,168332321,5
2022,168332322,5
2022,168555266,5
2022,168555267,4
2022,172578638,5
2022,169057689,4
2022,169798758,4
2022,169798760,4
2022,171819587,4
2022,172046308,4
2022,172046324,4
2022,172046336,4
2022,172046352,4
2022,172046387,4
2022,171776987,4
2022,172578643,4
2022,172579104,4
2022,172793073,4
2022,172877467,4
2022,173664692,4
2022,173664693,4
2022,173664694,4
2022,173664697,4
2022,174908725,4
2022,174908726,4
2022,174908731,4
2022,174908732,4
2022,175660828,4
2022,175660829,4
2022,177461912,4
2022,177461919,1
2022,179980506,4
2022,179980507,4
2022,179980508,4
2022,179980515,4
2022,180255588,4
2022,180931809,4
2022,180931813,4
2022,180931816,4
2022,171546383,4
2022,174328024,4
2022,179963738,5
2022,182657826,5
2022,183076735,4
2022,169578551,4
2022,188274129,5
2022,188277228,4
2022,169578662,4
2022,169578663,5
2022,169578664,4
2022,169578667,5
2022,169578674,4
2022,169578675,4
2022,169578678,4
2022,169578679,5
2022,169578680,5
2022,169578683,5
2022,169578686,5
2022,169578691,5
2022,169578692,5
2022,169578693,5
2022,169578704,4
2022,169578705,5
2022,169578706,5
2022,169578708,5
2022,169578712,5
2022,169578717,5
2022,169578724,5
2022,169578727,5
2022,169578728,5
2022,169578730,4
2022,169578734,4
2022,169578737,5
2022,169578739,5
2022,169578742,5
2022,169578744,5
2022,169578765,4
2022,169578768,5
2022,169578778,4
2022,169578779,5
2022,169578785,4
2022,169578788,5
2022,169578792,5
2022,169578797,5
2022,169578799,5
2022,169578807,5
2022,169578808,5
2022,169578810,4
2022,169578811,5
2022,169578819,4
2022,169578820,4
2022,169578821,4
2022,169578822,4
2022,169578823,5
2022,169578824,5
2022,169578833,5
2022,169578836,5
2022,169578837,5
2022,169578840,4
2022,169578844,5
2022,169578845,5
2022,169578847,5
2022,169578849,5
2022,169578852,4
2022,169578853,5
2022,169578854,5
2022,169578855,5
2022,169578856,5
2022,169578858,5
2022,169578866,5
2022,169578867,5
2022,169578868,5
2022,169578869,5
2022,169578876,4
2022,169578883,4
2022,169578886,4
2022,169626254,5
2022,169902840,4
2022,169797333,5
2022,169797340,5
2022,169797345,4
2022,169960452,4
2022,170548144,4
2022,170500176,4
2022,170510677,5
2022,171043787,5
2022,170548147,4
2022,171116232,5
2022,171116233,5
2022,171456713,5
2022,171305510,4
2022,171949354,4
2022,171456717,4
2022,171456719,4
2022,171456720,4
2022,172293674,5
2022,171949355,5
2022,171830766,6
2022,171830768,5
2022,171830771,4
2022,172293675,3
2022,172293677,5
2022,172972688,5
2022,172972689,5
2022,172972690,5
2022,172972691,5
2022,172356181,5
2022,172550028,1
2022,172681761,5
2022,172681762,5
2022,172681763,5
2022,172701234,5
2022,172701235,5
2022,172972693,5
2022,173080373,4
2022,173015412,4
2022,172999960,1
2022,186244192,5
2022,174944254,5
2022,173750228,5
2022,173704246,5
2022,173750232,5
2022,173750234,3
2022,173704248,5
2022,175436802,5
2022,174944261,4
2022,174975715,4
2022,174975717,5
2022,174944274,5
2022,175004469,4
2022,175004471,5
2022,175004472,4
2022,174944279,4
2022,175004473,5
2022,175004474,5
2022,174944295,5
2022,174944301,5
2022,175708760,1
2022,175893814,5
2022,176027099,5
2022,176027103,5
2022,176079151,5
2022,176079152,4
2022,186244195,5
2022,176337281,5
2022,176376551,5
2022,176390919,4
2022,176519234,5
2022,176519235,4
2022,176519236,5
2022,177482078,4
2022,177482081,5
2022,177482082,5
2022,177617529,5
2022,177617530,5
2022,177617532,4
2022,177803399,4
2022,178105373,5
2022,178395066,4
2022,178395067,4
2022,179974867,5
2022,179974870,5
2022,179974871,5
2022,179974872,5
2022,179974873,5
2022,179974875,5
2022,179974877,4
2022,179974880,5
2022,179974886,5
2022,179974888,4
2022,179974890,5
2022,179974895,5
2022,179974897,5
2022,179974898,5
2022,179974899,5
2022,179974906,5
2022,179974920,5
2022,180765136,5
2022,180765137,5
2022,180765138,5
2022,180765141,4
2022,180765151,6
2022,180823512,5
2022,180823518,5
2022,182781424,5
2022,182781425,5
2022,180823524,5
2022,180824299,5
2022,181097978,4
2022,181097979,5
2022,181411075,5
2022,181411076,5
2022,181411077,5
2022,181411078,4
2022,181411079,4
2022,181527019,5
2022,181527023,4
2022,181527025,5
2022,182781427,4
2022,170007949,4
2022,170007951,4
2022,170063416,5
2022,172681767,4
2022,172681768,4
2022,170081038,5
2022,170145437,4
2022,170145438,4
2022,170145439,4
2022,170145440,4
2022,170155252,5
2022,170298649,6
2022,170489856,5
2022,170298652,4
2022,170298660,6
2022,170489861,3
2022,170489863,5
2022,170489866,5
2022,170489873,4
2022,170489875,5
2022,170489876,4
2022,170495936,3
2022,170510681,5
2022,170510701,4
2022,170510704,4
2022,170510705,4
2022,170510710,5
2022,170510711,5
2022,170510718,5
2022,170548148,6
2022,170514074,4
2022,170620012,5
2022,170620014,4
2022,170620018,5
2022,187489898,4
2022,170620026,4
2022,170620028,5
2022,184819015,5
2022,170648661,4
2022,170648665,4
2022,170648666,5
2022,170648667,5
2022,172681774,4
2022,172681776,4
2022,172681777,4
2022,172681778,8
2022,172877471,4
2022,172880871,1
2022,172880872,4
2022,172880876,5
2022,172880877,4
2022,174485334,4
2022,174485338,4
2022,174488775,4
2022,174488777,5
2022,174488781,4
2022,174488782,4
2022,174488783,6
2022,174488786,5
2022,174488787,6
2022,174488788,4
2022,181535608,5
2022,174488793,5
2022,174488797,6
2022,174488798,4
2022,181535611,4
2022,176225157,5
2022,176228557,4
2022,176228558,4
2022,176228559,5
2022,181535613,4
2022,181535614,4
2022,176287564,5
2022,176291801,5
2022,176291803,4
2022,176291804,4
2022,176291805,4
2022,176291814,4
2022,176291816,4
2022,177813956,4
2022,177813957,4
2022,177813958,6
2022,177813959,4
2022,177813960,4
2022,177835592,6
2022,177835593,4
2022,177835594,4
2022,177835595,4
2022,177835596,4
2022,177835597,4
2022,177835598,4
2022,177835599,5
2022,177835601,4
2022,177835602,5
2022,177835606,4
2022,179974783,4
2022,183340175,5
2022,179974786,4
2022,179974789,5
2022,179974792,5
2022,181535618,5
2022,179974795,5
2022,179974796,5
2022,179974797,5
2022,179974798,5
2022,181535619,5
2022,181535620,5
2022,187489899,5
2022,181535622,5
2022,181535623,4
2022,181535624,4
2022,181535634,4
2022,181535637,4
2022,181535638,4
2022,181535640,4
2022,181535641,5
2022,181535642,5
2022,181535649,4
2022,181535650,5
2022,183340177,4
2022,169578948,5
2022,169578949,5
2022,169578951,1
2022,169578960,5
2022,169578963,4
2022,169578964,4
2022,169578965,5
2022,169578966,4
2022,169578968,5
2022,169578969,5
2022,169578970,4
2022,169578972,5
2022,169578973,5
2022,169578975,4
2022,169578976,4
2022,169578978,4
2022,169578979,4
2022,169578980,4
2022,169578981,4
2022,169578984,5
2022,169578990,5
2022,169578992,1
2022,169578995,4
2022,169578996,4
2022,169578997,5
2022,169578999,4
2022,169579001,4
2022,169579005,4
2022,169579007,4
2022,169579010,5
2022,169579011,5
2022,169579014,6
2022,169579016,1
2022,169579017,5
2022,169579019,4
2022,169579030,5
2022,169579031,5
2022,169579032,6
2022,169579033,4
2022,169579037,4
2022,169797349,4
2022,169838019,4
2022,169838020,5
2022,169902841,5
2022,169902842,5
2022,169902843,5
2022,169902844,5
2022,169902845,5
2022,169902846,4
2022,169914896,5
2022,171161312,4
2022,171161313,2
2022,171161315,4
2022,171546384,4
2022,172364871,5
2022,172364872,5
2022,172364874,5
2022,172364876,4
2022,172370519,6
2022,172370520,5
2022,172370521,5
2022,172370522,5
2022,172370523,5
2022,172701237,4
2022,172701238,4
2022,172880879,5
2022,172880880,4
2022,172880882,5
2022,172880885,4
2022,172880888,4
2022,172880892,4
2022,172880895,4
2022,173664703,5
2022,173664704,5
2022,173664705,5
2022,173667402,5
2022,174175371,4
2022,175023463,5
2022,175023464,4
2022,175023468,5
2022,175023469,5
2022,175023470,5
2022,175055860,5
2022,179975705,4
2022,179975706,4
2022,179975711,4
2022,179975712,4
2022,179975713,4
2022,179975718,4
2022,179975719,4
2022,179975722,4
2022,179975724,4
2022,179975735,1
2022,179975741,4
2022,179975742,3
2022,179975743,2
2022,179975744,2
2022,180783087,5
2022,180783088,4
2022,179975757,4
2022,179975764,4
2022,179975765,4
2022,179975770,5
2022,179975771,5
2022,179975774,4
2022,179975780,6
2022,179975781,6
2022,179975782,5
2022,179975791,4
2022,180731670,5
2022,180731672,4
2022,180761380,4
2022,180809430,5
2022,180979663,4
2022,182465074,4
2022,182580940,4
2022,182580942,5
2022,182588033,5
2022,182588034,4
2022,182588036,4
2022,184571209,5
2022,184571212,4
2022,169579067,5
2022,169579070,5
2022,169579073,4
2022,169579077,4
2022,169579081,4
2022,169579082,5
2022,169579085,3
2022,169579088,5
2022,169579092,5
2022,169579094,4
2022,169579096,5
2022,169579105,4
2022,169579107,4
2022,169579108,4
2022,169579126,5
2022,169579127,2
2022,169579142,4
2022,169579144,5
2022,169579157,4
2022,169756865,4
2022,169756867,3
2022,171830772,5
2022,171830773,5
2022,171830774,5
2022,171830775,5
2022,171830776,5
2022,171830777,4
2022,172941356,4
2022,172942909,4
2022,172942910,2
2022,172971801,4
2022,174087039,5
2022,174768756,4
2022,175031390,4
2022,177491571,5
2022,180410966,6
2022,181075078,5
2022,182634885,5
2022,182634886,5
2022,169579168,4
2022,169579170,4
2022,169579171,5
2022,169579174,5
2022,169579175,5
2022,169579177,5
2022,169579178,5
2022,169579181,5
2022,169579182,4
2022,169579183,5
2022,169579187,4
2022,169579188,5
2022,169579191,6
2022,169579192,5
2022,170008124,4
2022,172001467,4
2022,172001468,4
2022,172681780,5
2022,174485340,5
2022,184794538,5
2022,184794540,5
2022,176364147,4
2022,176364148,5
2022,177835607,5
2022,178452335,5
2022,179980537,4
2022,179980543,1
2022,179980543,6
2022,182059862,5
2022,182059863,5
2022,162861480,4
2022,164551128,4
2022,167130332,5
2022,167205847,4
2022,168320346,4
2022,169120185,4
2022,176291821,4
2022,177848765,4
2022,180824303,4
2022,168320357,4
2022,169626256,4
2022,171734857,5
2022,171734861,5
2022,174540928,4
2022,178105379,4
2022,179959367,5
2022,179959374,5
2022,180783090,5
2022,162420494,5
2022,162420497,5
2022,163238901,5
2022,162837804,5
2022,163044126,5
2022,162837805,4
2022,162837810,4
2022,163044131,5
2022,163044132,5
2022,163769338,4
2022,173018912,4
2022,164376972,5
2022,164376974,5
2022,173018913,4
2022,166030049,5
2022,166072848,5
2022,168605887,5
2022,167086694,4
2022,167105317,4
2022,167111617,5
2022,167161657,5
2022,167161658,5
2022,167156397,5
2022,167156398,5
2022,167161659,4
2022,167200898,4
2022,167445647,4
2022,168605901,5
2022,168323851,4
2022,168323857,4
2022,168475608,4
2022,168654988,6
2022,168881682,4
2022,168881686,4
2022,169660531,5
2022,169660532,5
2022,169660534,4
2022,169757265,4
2022,169778416,5
2022,169757266,4
2022,169757267,4
2022,173307812,4
2022,169960317,4
2022,169960318,1
2022,169960319,4
2022,172356185,5
2022,171347100,5
2022,171116235,4
2022,171152622,5
2022,171152623,5
2022,171305520,5
2022,171305523,4
2022,171546388,5
2022,172001473,5
2022,172364880,4
2022,173169047,4
2022,172695935,5
2022,173692488,6
2022,173040780,5
2022,173301872,6
2022,173301873,4
2022,173301874,4
2022,173301876,5
2022,173524824,3
2022,173524828,4
2022,173685141,5
2022,173704261,4
2022,174312633,4
2022,174312635,4
2022,174557652,5
2022,174718513,5
2022,174718514,5
2022,174928436,4
2022,174928437,5
2022,176287571,5
2022,175117890,4
2022,175117891,4
2022,175491207,4
2022,175708782,5
2022,176287578,5
2022,176107126,5
2022,176107127,5
2022,176107128,5
2022,176027112,4
2022,176065765,5
2022,176027113,5
2022,176027115,5
2022,176027116,4
2022,176079154,5
2022,176107130,4
2022,176225159,4
2022,179966154,4
2022,176264876,5
2022,176354310,4
2022,179966155,5
2022,177535677,4
2022,177451479,4
2022,177451480,4
2022,177451483,5
2022,179966158,5
2022,177617540,5
2022,178395069,3
2022,179966170,5
2022,178395073,4
2022,178395074,4
2022,179966182,5
2022,179966184,5
2022,179966186,4
2022,179966194,5
2022,179966196,5
2022,179966205,4
2022,180399604,4
2022,180254470,4
2022,180399609,4
2022,181069759,5
2022,181069760,4
2022,181069762,4
2022,181069766,5
2022,181069768,5
2022,163365668,4
2022,163365673,4
2022,163365680,4
2022,163365689,5
2022,163365694,5
2022,163365709,4
2022,163365719,4
2022,163365721,4
2022,163365733,5
2022,163365736,4
2022,163365743,5
2022,163365746,4
2022,163365748,2
2022,163365761,2
2022,163737757,5
2022,163737758,5
2022,163737759,5
2022,164002602,4
2022,163769339,4
2022,163935969,5
2022,164084576,5
2022,164084577,5
2022,164084578,4
2022,164815834,4
2022,164815835,4
2022,164821393,4
2022,164904238,4
2022,164904240,5
2022,165258652,5
2022,165303060,4
2022,165303067,4
2022,165354310,5
2022,166072856,4
2022,166072874,4
2022,166471160,2
2022,166974076,4
2022,166976942,3
2022,166997898,4
2022,166997901,5
2022,167098281,4
2022,167105318,5
2022,167105319,4
2022,167111621,4
2022,167132230,4
2022,167132231,5
2022,167132232,4
2022,167132234,4
2022,167155056,4
2022,167155062,4
2022,167155063,5
2022,167190900,5
2022,167254042,4
2022,167303452,4
2022,167329901,4
2022,167329902,4
2022,167415258,4
2022,168328293,4
2022,168328294,4
2022,168328295,4
2022,168586438,4
2022,168328300,5
2022,168586439,4
2022,168328303,4
2022,168328308,4
2022,168328318,4
2022,168328320,4
2022,168328322,5
2022,168328326,4
2022,168328327,4
2022,168575489,5
2022,168575490,4
2022,168575492,5
2022,168575494,4
2022,168655543,5
2022,168666598,5
2022,168666600,4
2022,168825000,5
2022,168825003,4
2022,168825004,5
2022,169079761,4
2022,169120570,4
2022,169379918,5
2022,169379919,4
2022,169516172,5
2022,169379920,4
2022,169564491,6
2022,169564493,4
2022,169914900,4
2022,169626264,3
2022,169643349,5
2022,169643351,4
2022,169660536,5
2022,169817664,4
2022,169838026,6
2022,169838028,4
2022,169838029,4
2022,169899122,5
2022,169902849,4
2022,169902851,4
2022,169912247,5
2022,169914902,5
2022,169914903,5
2022,188846108,5
2022,169960425,4
2022,170063209,4
2022,170063211,4
2022,170145429,5
2022,170298671,5
2022,170500182,5
2022,170648670,4
2022,170648671,5
2022,170957274,5
2022,171152624,4
2022,171152626,4
2022,171161318,5
2022,171240836,4
2022,171240837,3
2022,171240838,5
2022,171387199,5
2022,171387200,5
2022,171449483,5
2022,171805572,5
2022,172293692,4
2022,172293696,4
2022,172350469,4
2022,172364882,4
2022,172364883,4
2022,173395436,5
2022,172701240,4
2022,172701241,4
2022,173395437,4
2022,172701247,4
2022,172701248,5
2022,172701249,4
2022,172766193,5
2022,172766195,5
2022,172999968,4
2022,172999970,3
2022,172999971,4
2022,173169059,4
2022,173301878,5
2022,173301879,4
2022,173301881,5
2022,173301882,5
2022,173307822,2
2022,173307827,5
2022,173395442,4
2022,173637979,4
2022,173637980,5
2022,173685144,4
2022,173704262,4
2022,174083553,5
2022,174083554,4
2022,186610791,4
2022,174175377,5
2022,174488807,5
2022,174711845,4
2022,174711846,4
2022,174775110,4
2022,174775116,5
2022,174849421,4
2022,174857383,5
2022,174944306,5
2022,174944310,4
2022,174944311,4
2022,175628964,4
2022,176337285,5
2022,175628970,5
2022,175845661,4
2022,175845662,5
2022,176027124,4
2022,176027125,4
2022,176027127,4
2022,176065767,5
2022,176225160,5
2022,177307278,4
2022,177307279,4
2022,176264886,5
2022,176264887,5
2022,176379732,4
2022,176379734,5
2022,176379735,5
2022,176379736,5
2022,179973403,4
2022,176669371,5
2022,176523506,5
2022,176669372,4
2022,176669379,4
2022,176686682,5
2022,176923712,5
2022,178105388,4
2022,176923716,5
2022,177482089,4
2022,177617542,2
2022,177617543,4
2022,177713537,4
2022,177713538,4
2022,178105393,4
2022,177848776,5
2022,185211361,6
2022,178058563,5
2022,178105396,5
2022,178058567,5
2022,179973406,6
2022,179973409,5
2022,179973410,4
2022,179973412,4
2022,179973416,5
2022,179973421,4
2022,179973427,4
2022,179973430,5
2022,179973439,5
2022,179973450,5
2022,179973457,4
2022,179973458,4
2022,179973459,4
2022,179973460,4
2022,179973466,4
2022,179973468,5
2022,179973471,4
2022,179973473,4
2022,179973475,4
2022,179973476,4
2022,179973477,4
2022,179973481,4
2022,181092292,4
2022,179973485,5
2022,181092293,4
2022,180403372,5
2022,180403373,4
2022,180403374,4
2022,180783091,4
2022,180783094,4
2022,180800616,4
2022,180800617,5
2022,181063276,4
2022,181063277,5
2022,181063278,4
2022,181063280,4
2022,181063281,4
2022,166976948,2
2022,166976948,3
2022,167167782,4
2022,168618760,4
2022,179979212,1
2022,179979216,5
2022,179979218,4
2022,179979219,4
2022,179979220,5
2022,162420864,5
2022,162420874,4
2022,162485709,4
2022,164010556,4
2022,164738877,5
2022,167100554,5
2022,167156406,4
2022,167194728,5
2022,167415259,5
2022,168882137,4
2022,169626270,4
2022,169626282,5
2022,169626283,5
2022,169664696,4
2022,170957275,4
2022,171224915,5
2022,172999981,4
2022,173286729,4
2022,173667409,5
2022,174896766,4
2022,176079161,5
2022,176923723,4
2022,177673159,5
2022,177724200,4
2022,177724201,5
2022,177724202,5
2022,177724203,5
2022,179979266,4
2022,179979278,4
2022,179979281,4
2022,161880482,4
2022,179957574,4
2022,179957575,4
2022,179957576,4
2022,179957578,4
2022,179957581,4
2022,179957584,4
2022,168666535,5
2022,169643353,1
2022,169643353,6
2022,173015424,5
2022,174312638,5
2022,175787491,5
2022,177803417,5
2022,179957593,4
2022,181097981,4
2022,182634888,6
2022,162587721,5
2022,162672066,4
2022,168618542,5
2022,169778419,4
2022,169778420,4
2022,171402047,4
2022,170874185,5
2022,175436807,5
2022,176107135,5
2022,177535685,4
2022,182820743,4
2022,184061023,4
2022,184061024,4
2022,185204322,4
2022,167436290,4
2022,171104053,5
2022,171104054,4
2022,182857187,5
2022,182857188,4
2022,182857190,4
2022,182857191,5
2022,182864582,4
2022,182864584,4
2022,182864586,4
2022,182864589,4
2022,182864590,4
2022,182864591,4
2022,161760474,5
2022,162837822,4
2022,165040922,5
2022,163273734,4
2022,164821397,4
2022,165692331,5
2022,165948834,5
2022,165948835,5
2022,165948836,4
2022,167119767,5
2022,167119770,5
2022,167119771,5
2022,167155065,4
2022,167155067,4
2022,168323551,5
2022,168323555,4
2022,168323556,5
2022,168532431,5
2022,168532432,4
2022,169367768,5
2022,169367770,4
2022,170298689,4
2022,171043790,5
2022,171340850,5
2022,171340851,5
2022,171340853,5
2022,172047045,5
2022,172047128,5
2022,172293702,4
2022,172293704,4
2022,173080379,5
2022,173692493,5
2022,173692494,4
2022,174485345,5
2022,174485347,5
2022,174485349,4
2022,175121156,4
2022,174904159,5
2022,174975733,4
2022,176225162,4
2022,176225163,4
2022,179966087,5
2022,180399621,4
2022,180403376,4
2022,181609185,4
2022,181609188,4
2022,182330845,4
2022,166572728,5
2022,165757956,4
2022,166572734,4
2022,166602815,4
2022,166602817,4
2022,166961103,4
2022,166961104,4
2022,168324025,5
2022,168324026,4
2022,168324027,4
2022,168324028,4
2022,168324029,4
2022,168324032,4
2022,168324034,4
2022,169960342,5
2022,169960343,5
2022,169960344,5
2022,169797352,4
2022,170298696,4
2022,170298698,4
2022,171104059,4
2022,172293708,1
2022,174178137,4
2022,174178138,4
2022,174178139,4
2022,174406035,4
2022,174178140,4
2022,174328027,4
2022,174328028,5
2022,174332310,4
2022,174332312,4
2022,174332313,5
2022,174406036,5
2022,175708848,4
2022,174406037,5
2022,177537829,5
2022,177537831,6
2022,177537832,4
2022,177537835,4
2022,177537836,4
2022,178237216,5
2022,178421915,4
2022,178421919,4
2022,180399622,4
2022,180868518,4
2022,180868519,8
2022,180399624,4
2022,180800620,4
2022,180868521,4
2022,182587724,4
2022,182781430,4
2022,182781431,4
2022,165258839,4
2022,165258860,4
2022,165258862,4
2022,165258868,4
2022,165258873,4
2022,165258877,4
2022,165258878,4
2022,165258879,4
2022,165258881,4
2022,165258882,4
2022,165258883,4
2022,165258884,4
2022,165258888,4
2022,165258892,4
2022,165303075,4
2022,165303076,4
2022,166961105,4
2022,166997906,4
2022,167156409,5
2022,167156413,4
2022,167194734,4
2022,168328002,4
2022,168328003,4
2022,168328006,5
2022,168328007,4
2022,168328008,4
2022,168328009,4
2022,168328010,4
2022,168328011,4
2022,168375281,4
2022,169379923,4
2022,169714562,4
2022,171104062,4
2022,171104063,4
2022,171104065,3
2022,171305536,4
2022,171305537,5
2022,171305538,4
2022,171571484,5
2022,171734881,4
2022,172350475,4
2022,173294334,4
2022,173301887,4
2022,173556411,4
2022,173664715,4
2022,173664716,4
2022,173664717,4
2022,173664718,4
2022,174083560,4
2022,174471734,4
2022,174485354,4
2022,175491208,4
2022,176340834,1
2022,176354312,4
2022,176523511,4
2022,176523512,4
2022,177307280,5
2022,177535688,5
2022,177535689,5
2022,178421924,4
2022,179973223,3
2022,179973224,3
2022,181069786,5
2022,162974028,4
2022,162974037,4
2022,167111622,5
2022,167111631,5
2022,167111632,4
2022,167111634,4
2022,167111636,5
2022,167111637,5
2022,167111638,5
2022,167205850,5
2022,169639648,5
2022,169639653,4
2022,169914907,4
2022,171104073,4
2022,171104074,4
2022,171104079,5
2022,171571486,5
2022,172880901,5
2022,172880905,5
2022,175004486,5
2022,175009716,5
2022,175085204,4
2022,175091032,5
2022,175091033,4
2022,175711061,4
2022,176264888,4
2022,177673160,4
2022,179976437,4
2022,180868523,4
2022,180883255,5
2022,181097984,4
2022,181097987,4
2022,181097988,4
2022,169516174,4
2022,180988747,5
2022,173664719,4
2022,179976595,8
2022,179976596,5
2022,180779967,5
2022,180779968,2
2022,180779968,4
2022,180779969,4
2022,180779970,5
2022,161760476,5
2022,162485710,5
2022,162420886,5
2022,162420888,5
2022,162383335,4
2022,162383336,4
2022,167200902,5
2022,163254550,5
2022,163254552,5
2022,163253221,5
2022,163935971,5
2022,164102832,4
2022,168331556,4
2022,170023728,4
2022,179977744,5
2022,172526341,5
2022,175628971,5
2022,175628972,5
2022,176197307,5
2022,176197308,5
2022,176197309,4
2022,175117893,5
2022,176354317,5
2022,179977745,4
2022,179977747,5
2022,177713541,5
2022,179977749,5
2022,179977750,5
2022,179977751,4
2022,179977753,4
2022,179977754,4
2022,179977755,4
2022,180913597,5
2022,181716809,5
2022,181716810,4
2022,184952212,4
2022,168743868,4
2022,169839681,5
2022,179959218,4
2022,169839689,5
2022,169839697,5
2022,169839698,4
2022,169839701,4
2022,173296865,4
2022,173296870,5
2022,173296871,5
2022,173296872,5
2022,173296875,5
2022,173296883,4
2022,173296888,5
2022,175787493,4
2022,175792183,5
2022,176433027,5
2022,176433028,5
2022,176433030,4
2022,176434790,4
2022,178249926,4
2022,179959223,4
2022,179959230,5
2022,179959231,5
2022,179959236,5
2022,182138890,5
2022,182138895,5
2022,183756138,5
2022,184952230,5
2022,185564546,5
2022,168320755,3
2022,168320757,5
2022,167171365,5
2022,168320759,5
2022,168320760,4
2022,177482094,6
2022,168320772,4
2022,168320777,4
2022,168320781,5
2022,168320792,5
2022,168618510,5
2022,168320800,4
2022,168320804,5
2022,168881570,4
2022,169120200,5
2022,168789108,5
2022,169120221,5
2022,169120228,5
2022,184722346,5
2022,169626288,4
2022,170036045,4
2022,185245047,4
2022,185245049,4
2022,171402055,5
2022,173286744,4
2022,173395446,4
2022,185245051,4
2022,185245052,4
2022,185245053,4
2022,173637985,5
2022,173637988,4
2022,174762848,5
2022,174762871,4
2022,174775131,4
2022,174944312,5
2022,176109976,5
2022,176337288,4
2022,176109979,5
2022,176376565,4
2022,177537841,5
2022,177617553,5
2022,177803419,4
2022,185595071,4
2022,179961371,5
2022,179961400,5
2022,179961422,5
2022,179961425,5
2022,182059333,4
2022,176079182,5
2022,176079185,5
2022,176079200,4
2022,176079206,4
2022,176079217,4
2022,176079223,4
2022,176079242,4
2022,176079246,5
2022,176079257,5
2022,176079303,4
2022,176079305,5
2022,176079362,4
2022,176079367,6
2022,176079387,6
2022,176079388,6
2022,176079392,4
2022,176079399,4
2022,176079401,5
2022,176079403,4
2022,176079450,4
2022,176079465,4
2022,176079470,8
2022,176079484,4
2022,176079485,4
2022,176079524,5
2022,176079576,5
2022,176079586,4
2022,176519240,4
2022,176669380,5
2022,179961653,5
2022,179961674,5
2022,179961676,5
2022,179961684,4
2022,179961691,4
2022,181168699,4
2022,181168700,4
2022,181168701,4
2022,181168702,4
2022,180399628,4
2022,180800621,4
2022,161680465,5
2022,161680466,4
2022,166572736,6
2022,161929514,5
2022,161712599,4
2022,161727134,5
2022,161727147,5
2022,161727148,5
2022,161727153,4
2022,161793105,5
2022,167329909,4
2022,161867362,5
2022,161867363,5
2022,161867364,3
2022,161867368,4
2022,161867372,4
2022,161867373,5
2022,161867375,3
2022,161880495,5
2022,161880496,5
2022,161880500,5
2022,161929516,5
2022,161929528,5
2022,162587724,5
2022,161998986,5
2022,161998996,4
2022,161999000,5
2022,162016573,4
2022,162016578,4
2022,162016581,4
2022,162016584,5
2022,162016585,5
2022,162033985,5
2022,162033989,4
2022,162837825,5
2022,162837826,5
2022,162837827,5
2022,162837828,5
2022,162033994,4
2022,166471161,5
2022,162033998,5
2022,162034003,5
2022,162034004,5
2022,162034005,5
2022,162034008,5
2022,162034009,5
2022,162034010,5
2022,162034012,5
2022,162034014,5
2022,162587728,4
2022,162034016,4
2022,165093784,5
2022,162034022,5
2022,162034023,5
2022,162251948,4
2022,162251949,4
2022,162251950,5
2022,162251951,4
2022,162587729,5
2022,162587730,5
2022,168321550,5
2022,162251963,5
2022,162325895,4
2022,162325899,5
2022,162325901,5
2022,162325902,5
2022,162325904,5
2022,162420890,4
2022,162420899,4
2022,166572737,1
2022,162485727,4
2022,162485729,4
2022,162587748,4
2022,162587759,5
2022,162672077,4
2022,162672080,5
2022,162672081,5
2022,162672082,5
2022,162672087,5
2022,162784904,5
2022,162784905,4
2022,162784906,4
2022,162784908,4
2022,162784915,5
2022,162788943,5
2022,162826981,5
2022,162826990,5
2022,162837841,4
2022,162837848,5
2022,164503011,4
2022,162837850,5
2022,162837851,5
2022,162837868,5
2022,162837870,6
2022,162837872,5
2022,162839777,4
2022,162839780,4
2022,162847700,5
2022,162847703,5
2022,162847707,5
2022,162849309,5
2022,162849314,5
2022,162849315,5
2022,162851622,5
2022,162861483,4
2022,162861484,5
2022,162861494,5
2022,162861495,5
2022,165774303,5
2022,162903333,5
2022,166572738,5
2022,162903338,5
2022,166572739,6
2022,162903342,5
2022,162903344,4
2022,162903345,4
2022,162903346,4
2022,162903347,4
2022,167411181,4
2022,173040791,4
2022,162953559,6
2022,162953568,5
2022,162953570,5
2022,163001608,3
2022,164519273,4
2022,163001609,5
2022,163044145,5
2022,163044151,5
2022,163044152,4
2022,163044155,4
2022,163048885,5
2022,163099328,5
2022,163099329,5
2022,163119214,5
2022,163119216,4
2022,163119217,5
2022,163119225,5
2022,163119226,4
2022,163123778,4
2022,163238922,5
2022,163238923,4
2022,163238929,4
2022,163241147,4
2022,163241148,5
2022,163253227,5
2022,163253228,5
2022,163253229,5
2022,174975741,5
2022,163254563,5
2022,163254564,5
2022,163273737,5
2022,164071852,4
2022,164084593,5
2022,164084596,4
2022,164084605,4
2022,164084607,5
2022,164084608,5
2022,164084609,5
2022,164102840,5
2022,164102841,5
2022,164122603,5
2022,164122604,5
2022,164203015,5
2022,164203016,5
2022,164203029,4
2022,164376976,6
2022,165722138,5
2022,164551132,5
2022,164551133,5
2022,164578556,5
2022,164578565,5
2022,164578567,5
2022,164578568,5
2022,164578569,5
2022,164578570,5
2022,164578571,5
2022,164578572,5
2022,164578573,5
2022,164578575,5
2022,164578580,5
2022,164578581,5
2022,164578585,5
2022,164578588,5
2022,164578590,4
2022,164597341,5
2022,164676257,5
2022,164676259,4
2022,164677482,5
2022,164677483,5
2022,164677484,5
2022,164677485,4
2022,164677490,5
2022,164677497,1
2022,164677502,4
2022,164677504,5
2022,164677509,5
2022,164677514,5
2022,164680811,5
2022,164696901,5
2022,165722142,4
2022,164696910,5
2022,164696911,5
2022,164696912,5
2022,164696913,5
2022,164741185,4
2022,164741189,8
2022,164742496,5
2022,166976953,4
2022,164821398,5
2022,164821399,5
2022,164821406,7
2022,164815854,4
2022,164821409,4
2022,164821410,5
2022,164821413,3
2022,164821421,4
2022,164821430,5
2022,164821432,4
2022,164821444,5
2022,164821451,5
2022,166976954,5
2022,164823150,5
2022,164823153,5
2022,164823154,5
2022,164821458,4
2022,164823156,5
2022,164899469,5
2022,164899476,5
2022,164899481,5
2022,165214154,4
2022,164904255,5
2022,166997914,6
2022,164904260,5
2022,165040929,5
2022,165093795,4
2022,165093796,4
2022,165093797,5
2022,165040935,5
2022,165040945,5
2022,165093802,4
2022,165093803,4
2022,165093805,3
2022,165093806,5
2022,165093809,4
2022,165093810,5
2022,165093813,4
2022,165093815,4
2022,167121110,4
2022,167121111,5
2022,165093821,4
2022,165093822,5
2022,165093823,4
2022,165093827,4
2022,165093835,5
2022,188824994,5
2022,188824995,5
2022,165093841,5
2022,165093853,4
2022,165093862,4
2022,165093870,4
2022,165096205,5
2022,165141079,5
2022,165141080,5
2022,165141090,3
2022,165141093,5
2022,165948860,5
2022,165209972,5
2022,165209973,5
2022,165209975,5
2022,165209976,5
2022,165804080,5
2022,165141102,5
2022,165141103,5
2022,165141106,5
2022,165141107,5
2022,165209987,5
2022,165209990,5
2022,165209991,5
2022,165209993,5
2022,165209994,5
2022,172350480,5
2022,165209997,4
2022,167415269,1
2022,166572741,6
2022,165210008,4
2022,165210010,4
2022,165210016,4
2022,165210017,4
2022,165210019,4
2022,165210020,4
2022,165210021,5
2022,165210023,4
2022,165214156,4
2022,165214159,5
2022,165214160,4
2022,165214163,5
2022,165214165,4
2022,167415270,3
2022,165303105,5
2022,165303109,5
2022,165303118,4
2022,165303124,5
2022,165303125,5
2022,165303126,5
2022,165303127,5
2022,165303128,5
2022,165303129,5
2022,167155070,5
2022,165657355,5
2022,165657356,5
2022,165657376,3
2022,165657377,5
2022,165657387,5
2022,165692386,5
2022,165692398,5
2022,165692399,5
2022,167111651,5
2022,165692413,5
2022,165692433,4
2022,165692436,4
2022,165692444,4
2022,165692446,4
2022,165692471,5
2022,165692472,4
2022,166976956,4
2022,165692477,5
2022,165692478,5
2022,165692485,4
2022,165692494,4
2022,165692499,4
2022,165692503,4
2022,165692507,4
2022,165692520,5
2022,165692552,4
2022,165757964,4
2022,165757965,4
2022,165757967,4
2022,165757968,4
2022,165774314,5
2022,165757969,5
2022,165757970,5
2022,165757971,5
2022,165826409,5
2022,166471163,4
2022,166471164,4
2022,166471169,6
2022,166471172,5
2022,166471173,4
2022,166471174,5
2022,166572745,5
2022,166572749,5
2022,166955688,5
2022,166961111,4
2022,166961112,5
2022,176264900,4
2022,166961121,4
2022,166974090,4
2022,169570973,4
2022,166974093,4
2022,166976965,5
2022,166976969,4
2022,166976970,3
2022,166976971,5
2022,167086700,5
2022,166974103,8
2022,166976978,4
2022,166994530,5
2022,166976987,4
2022,166976991,4
2022,166976992,4
2022,166994536,4
2022,166994537,5
2022,166997922,5
2022,167086702,4
2022,167086710,5
2022,167086711,5
2022,167086717,5
2022,167086719,4
2022,167086722,5
2022,167086730,5
2022,167086732,5
2022,167086734,4
2022,167086735,5
2022,167098302,5
2022,167098303,5
2022,171104091,6
2022,167098308,4
2022,167098315,5
2022,167098316,5
2022,167098317,5
2022,167098318,5
2022,167098319,4
2022,167105323,4
2022,167105324,3
2022,167105325,4
2022,167105328,4
2022,167105333,5
2022,167132241,5
2022,167132242,4
2022,167111657,4
2022,167111662,5
2022,168321563,5
2022,170510734,5
2022,167105344,5
2022,167121129,4
2022,167121132,5
2022,167119777,5
2022,167121134,5
2022,167132243,4
2022,167119779,4
2022,167130338,4
2022,167132245,4
2022,167132247,4
2022,167132248,4
2022,167132249,1
2022,167132250,5
2022,167156417,4
2022,167156418,4
2022,167156423,4
2022,167155072,2
2022,167155075,4
2022,167155077,5
2022,167155078,4
2022,167156430,4
2022,167156432,4
2022,167156436,5
2022,167156439,4
2022,167156440,5
2022,167156442,5
2022,179962771,4
2022,167161667,5
2022,167161668,5
2022,167159484,5
2022,167156457,6
2022,167156458,4
2022,167161672,4
2022,167161673,4
2022,168321565,4
2022,167167793,4
2022,167167797,4
2022,167167798,5
2022,167161680,4
2022,167161682,5
2022,167171371,4
2022,167190901,4
2022,187793338,6
2022,167205865,3
2022,167205869,4
2022,167205871,4
2022,167205875,5
2022,167205876,5
2022,167205878,5
2022,167303456,4
2022,167205884,4
2022,167303458,4
2022,167329920,8
2022,173395458,5
2022,167329926,5
2022,167329927,5
2022,167329929,4
2022,167336926,5
2022,167415277,5
2022,167411194,5
2022,167411195,5
2022,167411196,5
2022,167411200,5
2022,167415281,4
2022,167415284,8
2022,167415287,4
2022,168321574,5
2022,167415290,3
2022,167415291,5
2022,167415292,5
2022,169031483,6
2022,167436296,2
2022,167436297,2
2022,167436298,4
2022,168321575,4
2022,167436312,5
2022,167436313,5
2022,167436316,5
2022,167436317,5
2022,173395459,5
2022,167436321,4
2022,167429689,5
2022,167445652,4
2022,167445657,4
2022,168321578,5
2022,168321579,5
2022,173395460,5
2022,167445659,5
2022,167445661,5
2022,167436327,5
2022,168321591,4
2022,168321592,5
2022,168321605,4
2022,168321606,4
2022,168321607,5
2022,168321608,5
2022,168321614,5
2022,168321621,4
2022,168321622,4
2022,168321624,4
2022,168321629,4
2022,168321638,4
2022,168321645,5
2022,168321647,4
2022,168321651,4
2022,173395461,5
2022,168321663,5
2022,168321665,5
2022,168321667,4
2022,168321669,4
2022,168321678,4
2022,168321679,3
2022,168321681,3
2022,168321682,4
2022,168321683,4
2022,168321684,4
2022,168321685,4
2022,168321696,4
2022,168321703,4
2022,168321704,5
2022,168321705,4
2022,168321707,4
2022,168321710,5
2022,168321711,5
2022,168321727,1
2022,168321728,8
2022,168321736,8
2022,168321748,5
2022,168321750,5
2022,168321752,4
2022,168321754,5
2022,168321755,5
2022,168321761,5
2022,168321763,4
2022,168321770,5
2022,168321783,3
2022,168321784,2
2022,168321789,4
2022,168321791,4
2022,168321802,5
2022,168321806,5
2022,168321807,8
2022,168321808,5
2022,168321809,4
2022,168321815,6
2022,168321827,5
2022,188824996,5
2022,168321829,4
2022,168321830,5
2022,170548156,4
2022,168321842,5
2022,169379924,3
2022,168321862,4
2022,168321867,4
2022,168321868,4
2022,168321875,5
2022,168321876,5
2022,168321879,5
2022,168321886,3
2022,168321901,5
2022,168321912,5
2022,168321913,5
2022,168321914,4
2022,168321916,5
2022,168321917,5
2022,168321927,5
2022,168321928,5
2022,168321933,5
2022,168321935,4
2022,175004492,5
2022,175004493,5
2022,168321938,4
2022,168321941,5
2022,168321942,5
2022,168321943,5
2022,168321947,5
2022,168321948,5
2022,168321950,4
2022,168321951,4
2022,168321952,3
2022,168321953,5
2022,168321954,4
2022,168321955,4
2022,168321960,4
2022,168321961,5
2022,172364886,4
2022,168321967,4
2022,168321968,4
2022,168321972,5
2022,168321974,5
2022,168321975,5
2022,168321987,5
2022,168321989,5
2022,168375204,5
2022,168375208,4
2022,174462648,5
2022,168379300,4
2022,173395462,5
2022,168375224,5
2022,168379314,5
2022,168475589,5
2022,168475597,5
2022,168560703,4
2022,168532257,4
2022,168532258,4
2022,168532261,4
2022,168560706,5
2022,168560707,5
2022,168560708,5
2022,168560709,5
2022,168560711,5
2022,168560712,5
2022,168575091,4
2022,168575094,5
2022,168560717,4
2022,168575096,6
2022,173395464,5
2022,168575103,4
2022,168575105,4
2022,168605831,4
2022,168605832,4
2022,168824849,4
2022,169902852,5
2022,168586356,5
2022,168605838,5
2022,168618520,5
2022,168605844,4
2022,168605846,5
2022,168605848,5
2022,168618522,3
2022,168618523,8
2022,168618524,4
2022,168618534,5
2022,173307828,2
2022,168654711,5
2022,168654717,6
2022,176379740,3
2022,168789140,5
2022,188824997,5
2022,168789151,4
2022,168824851,5
2022,180799179,4
2022,168824858,5
2022,168881598,5
2022,168881599,5
2022,168881602,5
2022,168881607,4
2022,168881609,5
2022,168881612,4
2022,170548157,4
2022,168881621,4
2022,168881624,4
2022,168881627,4
2022,168881631,5
2022,169367774,4
2022,169051983,4
2022,169031493,5
2022,168881636,5
2022,169051988,5
2022,169051992,4
2022,169052005,4
2022,173395466,4
2022,173395467,4
2022,169079721,5
2022,170510736,6
2022,169120244,5
2022,169120251,5
2022,169367778,4
2022,173395469,5
2022,169367787,5
2022,173395470,5
2022,173395472,5
2022,169379925,3
2022,169379929,4
2022,169379933,4
2022,169379937,5
2022,169367799,4
2022,169405415,5
2022,169405416,3
2022,169411024,2
2022,169379938,5
2022,169379939,5
2022,170046573,5
2022,172877478,5
2022,169411035,5
2022,169411037,4
2022,169899128,3
2022,169516183,4
2022,169516184,5
2022,169797359,4
2022,169516189,4
2022,169564506,4
2022,171347103,8
2022,177713544,4
2022,169567824,4
2022,169567825,4
2022,169567826,4
2022,169567836,4
2022,169567838,5
2022,169626300,4
2022,169626302,4
2022,188347001,4
2022,169626322,4
2022,169626323,4
2022,169639665,4
2022,169639672,4
2022,169639673,4
2022,169643362,5
2022,169643367,5
2022,169643371,5
2022,169902853,4
2022,169902854,4
2022,169660541,5
2022,169660542,5
2022,169660548,4
2022,169660549,4
2022,169660550,5
2022,169660555,4
2022,169662556,6
2022,169662562,4
2022,169662574,5
2022,169662577,5
2022,169660556,4
2022,169664704,4
2022,169664705,4
2022,169664708,4
2022,169662583,4
2022,169662588,5
2022,169662590,5
2022,169664712,5
2022,173040792,4
2022,169778430,4
2022,169778434,4
2022,169664716,4
2022,169664717,8
2022,169757275,2
2022,169757279,5
2022,169757280,5
2022,169757606,5
2022,169757608,4
2022,169778436,4
2022,169778438,5
2022,173395473,5
2022,169778442,5
2022,169797361,5
2022,169797364,4
2022,169797365,4
2022,169797373,4
2022,169797374,4
2022,175117898,5
2022,169797378,5
2022,169797380,2
2022,175491217,6
2022,169817672,4
2022,169817674,4
2022,169817675,4
2022,169817679,4
2022,171104092,3
2022,169817689,5
2022,169817690,4
2022,169817700,5
2022,169817703,5
2022,169899130,4
2022,188824998,4
2022,169899137,4
2022,169899142,5
2022,169899143,5
2022,169902856,4
2022,169975607,4
2022,170023514,4
2022,169975608,6
2022,169975611,4
2022,169975612,5
2022,169975613,5
2022,170007690,6
2022,170007695,5
2022,170007704,4
2022,170007707,5
2022,169975617,5
2022,169975618,5
2022,169975620,5
2022,171978659,4
2022,169975622,4
2022,170007708,5
2022,170007709,5
2022,170007713,4
2022,170007721,8
2022,170007722,4
2022,170007723,4
2022,170007724,4
2022,170007725,4
2022,170007730,4
2022,170007736,5
2022,170023517,4
2022,170023532,4
2022,170036064,5
2022,170046585,4
2022,171978661,5
2022,170046588,4
2022,170062766,5
2022,170298723,4
2022,170298725,5
2022,170298727,5
2022,170298732,5
2022,170298737,4
2022,170298741,4
2022,170298776,5
2022,170298778,5
2022,170298785,5
2022,170489887,4
2022,170489888,4
2022,170874191,4
2022,170874192,4
2022,170489894,4
2022,173395476,5
2022,170298795,3
2022,170298796,4
2022,170489908,6
2022,170489911,5
2022,170500198,5
2022,170510765,5
2022,170500204,4
2022,170500205,5
2022,170500206,4
2022,170548159,4
2022,170548161,4
2022,170548162,4
2022,170548163,8
2022,170548165,4
2022,170548168,4
2022,170548179,4
2022,170548180,4
2022,170298797,3
2022,171785836,4
2022,170548185,8
2022,170620040,5
2022,170620055,4
2022,170620064,4
2022,170620084,5
2022,170648680,5
2022,170620088,4
2022,171387212,5
2022,171387213,5
2022,170800069,4
2022,170800070,4
2022,170648720,5
2022,170648721,5
2022,170874196,4
2022,170874197,5
2022,170874201,5
2022,172681786,1
2022,170874211,5
2022,170874217,5
2022,170874223,4
2022,170874224,5
2022,170874225,4
2022,171110002,3
2022,171043799,4
2022,171043804,4
2022,171043806,4
2022,171043808,4
2022,171043812,5
2022,171043816,4
2022,171043817,4
2022,171043818,4
2022,171043819,4
2022,170875994,5
2022,170875999,5
2022,170876000,5
2022,174762889,1
2022,171043820,4
2022,171043822,4
2022,171043824,3
2022,171104097,4
2022,171104104,5
2022,171104105,4
2022,171043829,4
2022,171043830,5
2022,171043831,5
2022,170950730,5
2022,170950731,5
2022,173395477,5
2022,171104109,4
2022,171104113,4
2022,171104114,5
2022,171104116,4
2022,171104132,4
2022,174462649,2
2022,171347108,4
2022,171104149,4
2022,171104150,5
2022,171110004,3
2022,171110005,5
2022,171110010,5
2022,171110011,5
2022,171110016,3
2022,171110018,1
2022,171110019,4
2022,171110022,4
2022,171110023,4
2022,171347109,5
2022,171347110,5
2022,171224945,4
2022,171224948,5
2022,171224951,5
2022,171305560,5
2022,171305565,4
2022,171305566,4
2022,171305567,4
2022,171305568,4
2022,171305576,4
2022,179962774,4
2022,171305581,4
2022,171305583,3
2022,174462650,5
2022,174462651,5
2022,171305592,5
2022,171305594,5
2022,171305597,4
2022,171347111,4
2022,171305601,4
2022,171340867,4
2022,171305610,4
2022,171305613,5
2022,171305617,4
2022,171305620,5
2022,171340872,5
2022,171340875,4
2022,171340878,5
2022,187793341,6
2022,171785838,4
2022,171340896,4
2022,171340897,4
2022,171340898,5
2022,171340899,5
2022,171340904,4
2022,171340910,4
2022,171340911,4
2022,171340922,4
2022,171340925,4
2022,171340934,4
2022,171340939,5
2022,171340941,4
2022,171340942,4
2022,171340949,5
2022,171340951,4
2022,171347118,4
2022,171347120,4
2022,171347124,4
2022,171387220,5
2022,171387221,4
2022,171402056,5
2022,171402063,5
2022,171511603,4
2022,171709296,5
2022,171511610,5
2022,171512314,4
2022,171512315,4
2022,171512317,5
2022,171512318,5
2022,171512322,5
2022,171512326,4
2022,171546399,3
2022,171546400,4
2022,171546409,4
2022,171546418,5
2022,171546420,4
2022,171546421,4
2022,171546423,3
2022,171546424,7
2022,171546426,5
2022,171571495,5
2022,171571496,4
2022,171571499,4
2022,171571500,4
2022,171571503,5
2022,171546428,5
2022,171571512,4
2022,171571513,4
2022,171571520,4
2022,171571521,4
2022,171709299,4
2022,171709300,4
2022,171709301,4
2022,171709306,5
2022,171785840,5
2022,188824999,5
2022,171734893,4
2022,171709307,4
2022,171734909,5
2022,171709315,4
2022,171785850,5
2022,176649008,4
2022,175845684,5
2022,171785867,4
2022,171978672,5
2022,171978675,4
2022,171978680,4
2022,171978681,4
2022,171978690,5
2022,173395479,5
2022,171978704,5
2022,171978707,4
2022,172001486,4
2022,174471735,3
2022,172001500,2
2022,172001506,5
2022,177488899,3
2022,172047722,6
2022,188825000,4
2022,175893823,4
2022,172048125,6
2022,173395482,5
2022,173395483,5
2022,172049393,5
2022,172049531,5
2022,172293714,5
2022,172293716,5
2022,172293719,4
2022,172293722,4
2022,172293731,4
2022,172350482,5
2022,172350483,5
2022,172350484,5
2022,172350486,3
2022,172350494,5
2022,172350500,4
2022,172350518,3
2022,172350520,4
2022,172356202,4
2022,172356204,4
2022,172356206,4
2022,172356211,4
2022,172356214,5
2022,172356220,4
2022,172356221,4
2022,181609200,4
2022,172364892,4
2022,172364893,5
2022,176197313,4
2022,172364900,4
2022,172364906,5
2022,172364907,5
2022,172364909,4
2022,172364910,5
2022,172638151,4
2022,172638153,5
2022,172638157,5
2022,173395486,5
2022,172638162,4
2022,172638171,5
2022,172638175,5
2022,172681804,5
2022,172681805,4
2022,172681806,5
2022,172695945,4
2022,172695948,4
2022,173015425,4
2022,172695964,4
2022,172695965,5
2022,172695972,5
2022,172695973,4
2022,172695974,4
2022,172695979,4
2022,172695980,4
2022,172695984,5
2022,172695985,5
2022,172695989,4
2022,172695990,4
2022,172695993,4
2022,172766200,4
2022,172766201,5
2022,172766202,5
2022,172766208,5
2022,172766209,5
2022,176669384,4
2022,172701267,2
2022,172766215,4
2022,172766220,3
2022,172786429,5
2022,172786431,4
2022,172877484,5
2022,172877487,5
2022,172877488,4
2022,172877489,5
2022,173395491,5
2022,172877496,5
2022,172877497,3
2022,172880911,4
2022,172880912,4
2022,173015428,7
2022,173015429,5
2022,177713545,7
2022,173015432,4
2022,173015433,3
2022,173015442,4
2022,173015452,4
2022,173018921,4
2022,173018923,4
2022,173018924,4
2022,173018925,4
2022,173018926,4
2022,173018933,4
2022,173018942,4
2022,173018948,4
2022,173040794,3
2022,173040796,4
2022,173040799,4
2022,173040800,4
2022,173040812,4
2022,173040813,4
2022,173040820,5
2022,173040822,3
2022,173040846,5
2022,173040847,5
2022,173040859,4
2022,173051706,3
2022,173051707,4
2022,173286756,6
2022,173286757,6
2022,173097521,5
2022,173395496,5
2022,173097525,5
2022,173286763,4
2022,173286773,4
2022,173286798,3
2022,173286812,5
2022,173286815,5
2022,173286821,4
2022,173286839,5
2022,173294348,4
2022,173294349,4
2022,173294351,4
2022,173294352,3
2022,173294356,4
2022,173286849,4
2022,173286854,5
2022,173286857,5
2022,173301893,4
2022,173301896,4
2022,173301900,4
2022,173301911,4
2022,173307832,4
2022,173307839,4
2022,173307843,5
2022,174775134,3
2022,173375986,4
2022,173375994,4
2022,173375998,3
2022,173375999,4
2022,173376001,3
2022,173376003,4
2022,173376009,4
2022,173376012,5
2022,173376018,5
2022,173376021,5
2022,174175379,4
2022,173378272,4
2022,173378274,5
2022,173395500,4
2022,173395509,5
2022,173395510,5
2022,173395512,5
2022,173524863,5
2022,173524876,5
2022,173524880,5
2022,173524883,5
2022,173556422,5
2022,173556423,4
2022,173556427,4
2022,173637993,4
2022,173637996,4
2022,175087646,4
2022,173638006,5
2022,173640146,2
2022,173640149,4
2022,173664728,4
2022,173664730,6
2022,173667411,4
2022,173667415,4
2022,173667416,4
2022,173667417,5
2022,173667424,4
2022,173667431,5
2022,173667434,5
2022,173667435,5
2022,173685151,4
2022,173685160,5
2022,177307285,6
2022,173692502,4
2022,173692503,4
2022,173692509,4
2022,173692512,3
2022,173692527,4
2022,173692530,4
2022,174175381,4
2022,174178148,4
2022,174178149,4
2022,174178150,4
2022,174178151,5
2022,174178167,5
2022,174178172,4
2022,174178173,4
2022,174178174,4
2022,174178175,5
2022,174178176,5
2022,188825001,5
2022,174178179,2
2022,174178180,4
2022,174178181,4
2022,174312642,5
2022,175028931,3
2022,174312651,4
2022,174312652,5
2022,174312656,4
2022,174312657,5
2022,178395080,3
2022,174312660,4
2022,174312663,4
2022,174312669,4
2022,174312675,3
2022,174314813,4
2022,174314821,4
2022,174314823,4
2022,174314827,4
2022,174314830,4
2022,174314831,4
2022,174314832,4
2022,174314833,5
2022,174314837,4
2022,174314848,5
2022,174314851,4
2022,174314852,4
2022,174332318,4
2022,174332322,5
2022,174462662,5
2022,174462663,5
2022,174459375,5
2022,174459376,5
2022,174462671,4
2022,174462672,4
2022,174471746,5
2022,174462682,5
2022,174462683,5
2022,174471748,5
2022,174471749,5
2022,174485363,4
2022,174485368,5
2022,176433032,1
2022,174485374,5
2022,174471763,5
2022,174485375,5
2022,174485376,5
2022,174485377,5
2022,174488818,5
2022,174485384,4
2022,174485385,4
2022,174485388,8
2022,174485389,3
2022,174485390,5
2022,174485391,5
2022,174485392,5
2022,174488823,5
2022,174488825,4
2022,174488826,5
2022,174488829,4
2022,175436812,4
2022,174488851,5
2022,174488852,4
2022,174488853,5
2022,174540942,4
2022,174548958,5
2022,174540959,4
2022,174540960,5
2022,174540961,5
2022,174557738,5
2022,174557768,4
2022,174557782,6
2022,174711856,4
2022,174711857,4
2022,174711858,4
2022,174711860,5
2022,174711865,5
2022,174711874,5
2022,174711880,5
2022,175004494,5
2022,174718518,4
2022,174718519,4
2022,174718523,5
2022,175845689,5
2022,174718530,5
2022,174718535,5
2022,174718536,4
2022,175711064,5
2022,174718540,4
2022,174718541,5
2022,174718545,5
2022,174718546,4
2022,174718547,4
2022,174718549,5
2022,174718552,5
2022,174718553,4
2022,174718554,5
2022,174718555,5
2022,174752967,5
2022,174752968,4
2022,174752969,4
2022,174752970,8
2022,174752976,4
2022,174752978,5
2022,174752980,5
2022,174762894,3
2022,174762920,5
2022,174762941,4
2022,174762942,4
2022,174762948,5
2022,174762958,5
2022,174762957,5
2022,174818265,5
2022,174818282,4
2022,174818285,5
2022,174818286,5
2022,174818287,5
2022,174849435,5
2022,174849439,5
2022,174849440,5
2022,174928446,5
2022,180868527,5
2022,180868528,5
2022,174928451,4
2022,174928455,5
2022,174929370,4
2022,174929371,4
2022,174944321,5
2022,174944326,4
2022,174944327,5
2022,175845693,4
2022,174944331,4
2022,174975743,2
2022,174944349,4
2022,174975747,5
2022,174975749,5
2022,174975752,4
2022,174975755,5
2022,174975758,6
2022,174975759,4
2022,174975760,4
2022,175004495,4
2022,175004497,3
2022,175004499,4
2022,175004502,4
2022,175004519,4
2022,179962784,4
2022,175004521,5
2022,175023481,4
2022,175023484,4
2022,175023490,4
2022,175023491,4
2022,175023495,5
2022,175023501,5
2022,175023503,4
2022,175023507,4
2022,175023508,4
2022,175023509,5
2022,180848995,4
2022,175023516,4
2022,175028935,4
2022,175087649,5
2022,175087653,4
2022,175087654,5
2022,175087663,5
2022,175087671,5
2022,175087678,5
2022,175087682,5
2022,175087690,5
2022,175091038,3
2022,175091040,4
2022,175091052,6
2022,175091053,5
2022,175117899,3
2022,175117900,4
2022,175117903,5
2022,175117913,4
2022,175117914,5
2022,175117915,5
2022,175117916,4
2022,175117917,3
2022,175117927,5
2022,175117928,5
2022,175117932,5
2022,175117934,3
2022,175436813,5
2022,175436814,4
2022,175436827,5
2022,175436834,5
2022,175436836,5
2022,175436838,4
2022,175436839,4
2022,175436842,4
2022,175510051,4
2022,175510052,4
2022,175510054,4
2022,175491224,4
2022,175491226,4
2022,175491229,5
2022,175491230,6
2022,175491238,5
2022,175491239,5
2022,175708946,5
2022,175708950,5
2022,175708956,5
2022,176027146,5
2022,175709000,5
2022,175709006,8
2022,175711065,5
2022,175709016,5
2022,175709017,5
2022,175709022,5
2022,175709029,5
2022,175711066,4
2022,175711076,5
2022,175783494,1
2022,175711077,4
2022,175711080,5
2022,175711082,8
2022,175711083,6
2022,175783499,4
2022,175783500,3
2022,175783507,5
2022,175783508,5
2022,175783509,5
2022,175783511,5
2022,175783515,6
2022,175783524,5
2022,175783525,5
2022,175787500,6
2022,175787504,4
2022,175787507,5
2022,175845698,5
2022,175845710,5
2022,175845712,4
2022,175845713,4
2022,175845714,4
2022,175845716,5
2022,175845718,5
2022,176109980,4
2022,175893827,4
2022,175893828,4
2022,175893838,5
2022,175893842,5
2022,175893843,4
2022,175893845,5
2022,175893846,5
2022,175893847,5
2022,176027149,5
2022,176027156,5
2022,176027157,5
2022,176027170,4
2022,176027176,4
2022,176027177,4
2022,176109981,5
2022,176065774,4
2022,176065776,5
2022,176065777,5
2022,176065781,5
2022,176065785,5
2022,176079593,4
2022,176079595,4
2022,176079596,3
2022,176079597,4
2022,176079598,5
2022,176079600,4
2022,176079602,5
2022,176079603,5
2022,176079606,4
2022,176079610,5
2022,176079611,5
2022,176079614,5
2022,176087857,4
2022,176087861,6
2022,176087862,4
2022,176087865,4
2022,176087874,4
2022,176079616,5
2022,176079617,5
2022,176107155,3
2022,176107160,8
2022,176109985,2
2022,176109991,5
2022,176107167,5
2022,176107170,5
2022,176107171,5
2022,176110006,4
2022,176197314,4
2022,176197315,5
2022,176197316,3
2022,176197318,4
2022,176203157,4
2022,176203159,5
2022,176203160,5
2022,176197323,4
2022,176197325,5
2022,176197326,4
2022,176197327,4
2022,176197330,5
2022,179962787,5
2022,176264936,5
2022,176287596,5
2022,176287598,5
2022,176287599,5
2022,176287600,5
2022,176287601,4
2022,176337299,5
2022,176337300,5
2022,176287603,4
2022,176287607,5
2022,176287609,4
2022,176337310,4
2022,176337311,4
2022,176337313,4
2022,176337314,8
2022,181268425,4
2022,176337323,5
2022,176337326,4
2022,176340835,4
2022,176340841,4
2022,176340842,4
2022,185105002,4
2022,176340851,4
2022,176340852,4
2022,176354331,4
2022,176354332,4
2022,176354336,8
2022,176354337,4
2022,179962789,5
2022,176669385,5
2022,176669386,5
2022,176354341,5
2022,176376576,4
2022,176379741,5
2022,176433038,5
2022,176433040,5
2022,176434799,5
2022,176434800,5
2022,176434802,4
2022,176434803,4
2022,176434808,5
2022,176519248,5
2022,176519249,5
2022,176519252,5
2022,176519253,4
2022,176519257,4
2022,176519276,5
2022,176523514,5
2022,176523518,5
2022,176523519,5
2022,176519279,4
2022,176519280,5
2022,176519282,4
2022,176519283,6
2022,176523522,3
2022,176523525,4
2022,176523534,5
2022,176523535,5
2022,176523538,3
2022,176523539,3
2022,176523540,4
2022,176523542,4
2022,176618304,4
2022,176618305,5
2022,176523550,5
2022,177312385,4
2022,176523555,5
2022,176523556,8
2022,176618307,8
2022,176618312,4
2022,176618315,4
2022,177740379,6
2022,176618329,5
2022,176618330,5
2022,176618331,6
2022,176649020,4
2022,176649023,3
2022,176649026,4
2022,176649027,4
2022,176672245,5
2022,176669400,5
2022,176669401,1
2022,176923730,4
2022,176923734,5
2022,176923743,5
2022,176923747,5
2022,176923751,4
2022,176923752,4
2022,176923756,4
2022,176923760,4
2022,176923761,4
2022,176923763,5
2022,176923764,4
2022,177011070,4
2022,177011078,4
2022,177312387,4
2022,177312389,5
2022,177312392,4
2022,177312394,4
2022,177312397,4
2022,177312399,5
2022,177307301,5
2022,177307304,6
2022,177307307,5
2022,177312403,4
2022,177312406,4
2022,177448483,4
2022,178138976,4
2022,177448490,4
2022,177448491,4
2022,177448495,4
2022,177448497,4
2022,177448498,8
2022,177448504,4
2022,177448512,5
2022,177448517,5
2022,177448518,4
2022,179962800,4
2022,188918777,2
2022,188918778,5
2022,177488900,4
2022,177488910,2
2022,177488911,4
2022,177535698,4
2022,177535706,4
2022,179962806,4
2022,177537855,4
2022,177537857,4
2022,178105400,5
2022,177537859,5
2022,177537860,3
2022,177537862,4
2022,177537863,5
2022,177617557,4
2022,177617558,4
2022,177617569,4
2022,177617570,4
2022,180800628,5
2022,177740380,4
2022,177617576,5
2022,177617579,5
2022,177617581,5
2022,177673173,4
2022,177673174,6
2022,177673178,4
2022,177673179,4
2022,177673180,5
2022,177673182,4
2022,177673190,4
2022,177673196,3
2022,177673197,5
2022,177673200,3
2022,177713550,4
2022,177713558,5
2022,177713559,6
2022,177713562,4
2022,177713564,5
2022,177713566,4
2022,177713567,4
2022,177713572,4
2022,177724205,4
2022,177724209,5
2022,177724219,4
2022,177724220,4
2022,177724223,5
2022,177724226,2
2022,177724228,5
2022,177740389,6
2022,177740390,4
2022,177740392,4
2022,177740396,4
2022,177851093,5
2022,177851095,4
2022,177931587,5
2022,177931589,4
2022,178105410,4
2022,177931594,5
2022,178105412,4
2022,177931601,5
2022,177931604,4
2022,177977340,2
2022,177977342,4
2022,177977346,5
2022,179962814,5
2022,179962815,5
2022,178105425,5
2022,177931607,4
2022,177931608,3
2022,177931610,4
2022,177931611,4
2022,177931614,5
2022,177977353,5
2022,177977354,5
2022,177977356,4
2022,178058578,4
2022,178058580,4
2022,178058581,5
2022,178105456,3
2022,178138977,4
2022,178105480,4
2022,178105490,5
2022,178105505,5
2022,178105511,8
2022,178139000,4
2022,178139003,8
2022,178139005,5
2022,178139017,4
2022,178395084,4
2022,178395085,4
2022,178395094,4
2022,178395095,4
2022,178395096,4
2022,178395097,4
2022,178395102,4
2022,181609201,4
2022,178421942,4
2022,178421953,5
2022,178421955,5
2022,179962821,4
2022,178452342,4
2022,178452345,4
2022,178452346,5
2022,178452347,4
2022,178452348,3
2022,179962822,4
2022,178452353,4
2022,179962827,4
2022,179962828,5
2022,178452356,5
2022,178452361,5
2022,178452364,4
2022,178452365,5
2022,178452367,5
2022,178452368,5
2022,178421965,5
2022,178421966,5
2022,178421967,5
2022,178421968,5
2022,178421969,5
2022,178421970,5
2022,179962837,4
2022,179962840,4
2022,179962841,5
2022,179962842,5
2022,179962843,5
2022,179962844,6
2022,179962846,5
2022,179962847,5
2022,179962858,4
2022,179962866,8
2022,179962876,4
2022,179962877,5
2022,179962880,5
2022,179962881,4
2022,179962882,4
2022,179962883,4
2022,179962885,3
2022,179962893,4
2022,180868530,5
2022,179962897,4
2022,179962906,5
2022,179962921,5
2022,179962925,4
2022,179962931,4
2022,179962932,5
2022,179962937,4
2022,179962946,5
2022,179962949,5
2022,179962950,3
2022,179962952,4
2022,179962954,4
2022,179962955,4
2022,179962965,4
2022,179962966,5
2022,179962977,8
2022,179962979,3
2022,179962980,4
2022,179962981,4
2022,179962984,4
2022,179962985,4
2022,179962993,5
2022,179962997,5
2022,179962998,4
2022,179963000,4
2022,179963001,4
2022,179963002,4
2022,179963004,4
2022,179963005,5
2022,179963010,4
2022,179963011,5
2022,179963015,4
2022,179963016,4
2022,179963034,4
2022,179963035,4
2022,179963037,5
2022,179963038,5
2022,179963043,3
2022,180800635,4
2022,179963051,4
2022,179963056,5
2022,179963057,5
2022,179963068,4
2022,179963071,4
2022,179963076,5
2022,179963077,4
2022,179963078,5
2022,180800636,5
2022,180800637,4
2022,179963094,4
2022,184670189,5
2022,179963098,5
2022,179963100,6
2022,179963103,4
2022,179963106,5
2022,179963108,5
2022,179963111,5
2022,179963112,4
2022,179963114,5
2022,179963115,3
2022,179963119,5
2022,179963120,5
2022,179963122,4
2022,179963133,5
2022,179963134,5
2022,179963140,5
2022,179963143,4
2022,179963144,4
2022,179963145,5
2022,179963146,4
2022,179963148,4
2022,179963149,6
2022,179963156,4
2022,179963176,4
2022,179963179,4
2022,180848996,5
2022,179963190,5
2022,179963192,4
2022,179963197,5
2022,179963200,5
2022,179963205,5
2022,180800641,4
2022,179963208,5
2022,179963215,5
2022,179963216,5
2022,179963217,5
2022,179963218,4
2022,179963224,4
2022,179963225,5
2022,179963226,5
2022,179963228,4
2022,179963229,4
2022,179963230,4
2022,179963231,5
2022,179963232,4
2022,179963233,4
2022,179963234,4
2022,179963238,4
2022,179963256,5
2022,179963258,4
2022,179963262,4
2022,179963276,3
2022,179963282,4
2022,179963286,4
2022,180800644,4
2022,180800645,4
2022,179963291,4
2022,179963292,4
2022,179963295,5
2022,179963296,3
2022,179963300,4
2022,179963305,4
2022,179963322,4
2022,179963330,3
2022,183094762,4
2022,179963340,5
2022,179963349,5
2022,179963351,4
2022,179963354,4
2022,179963365,4
2022,179963373,5
2022,179963379,4
2022,179963380,4
2022,179963381,4
2022,179963382,4
2022,179963387,4
2022,187628102,4
2022,179963394,1
2022,179963405,4
2022,179963418,4
2022,179963419,5
2022,179963421,4
2022,179963432,4
2022,179963437,4
2022,179963440,5
2022,179963444,4
2022,179963445,4
2022,179963460,5
2022,179963461,4
2022,179963462,1
2022,179963472,4
2022,179963479,4
2022,179963480,4
2022,179963481,5
2022,179963482,4
2022,179963483,4
2022,179963486,4
2022,179963488,4
2022,179963490,4
2022,179963500,4
2022,179963504,4
2022,179963510,4
2022,179963513,5
2022,179963521,5
2022,179963532,4
2022,179963533,4
2022,179963540,5
2022,179963544,4
2022,179963548,4
2022,188611222,4
2022,179963559,4
2022,179963560,5
2022,179963561,4
2022,179963562,4
2022,179963567,4
2022,179963571,4
2022,179963572,5
2022,179963575,4
2022,179963576,4
2022,179963580,4
2022,179963581,4
2022,179963582,4
2022,179963588,4
2022,181069788,5
2022,179963594,6
2022,180868532,5
2022,179963597,5
2022,179963600,4
2022,179963602,6
2022,179963603,6
2022,179963604,4
2022,179963605,4
2022,179963606,4
2022,179963611,4
2022,179963619,4
2022,179963620,4
2022,179963628,4
2022,179963630,3
2022,179963632,4
2022,179963633,8
2022,180913601,4
2022,179963639,4
2022,179963647,4
2022,179963654,4
2022,179963655,6
2022,179963657,8
2022,179963662,3
2022,179963668,4
2022,179963669,4
2022,179963678,5
2022,179963679,4
2022,179963686,5
2022,179963715,5
2022,179963717,4
2022,179963720,4
2022,179963724,4
2022,179963726,5
2022,180399632,4
2022,181524490,4
2022,180399637,6
2022,180399640,5
2022,180399647,4
2022,180399649,5
2022,180399650,4
2022,180399651,2
2022,180399669,5
2022,180403381,5
2022,180403384,5
2022,180403385,5
2022,180731686,4
2022,180731689,4
2022,180731694,4
2022,180403387,5
2022,180403388,4
2022,180761386,4
2022,180761387,4
2022,180761390,4
2022,180761392,4
2022,180761394,4
2022,180761396,4
2022,180761402,4
2022,180761405,4
2022,180731700,4
2022,180780001,4
2022,180780003,5
2022,180780011,4
2022,180780012,4
2022,186398001,5
2022,185564575,5
2022,180799186,4
2022,180799187,4
2022,180799188,3
2022,180824314,5
2022,180824317,5
2022,180848997,5
2022,180848998,5
2022,180849006,4
2022,180849007,4
2022,180849055,5
2022,180868539,4
2022,180868541,4
2022,180868542,4
2022,180868544,4
2022,180868547,4
2022,180868549,4
2022,180868550,4
2022,180868554,5
2022,180913604,4
2022,180913608,4
2022,180913610,4
2022,180913611,4
2022,180928051,4
2022,180928052,4
2022,180928056,5
2022,181588596,4
2022,180928072,4
2022,180979670,4
2022,180979672,4
2022,180979683,5
2022,180979684,3
2022,181063291,4
2022,181063292,4
2022,181063294,5
2022,181063296,5
2022,181063300,5
2022,181069789,5
2022,181069795,5
2022,181524492,7
2022,181097993,5
2022,185493914,4
2022,181097994,3
2022,181097995,5
2022,181097996,4
2022,182426884,4
2022,182426901,4
2022,182426911,4
2022,182426913,5
2022,162424284,3
2022,168575371,5
2022,162849328,4
2022,162851623,4
2022,162851626,5
2022,163048893,5
2022,163048894,5
2022,162424285,4
2022,163123782,5
2022,163916522,5
2022,163916561,3
2022,162837875,4
2022,163927336,4
2022,163935974,5
2022,163935976,3
2022,163935977,3
2022,162837877,4
2022,163947218,4
2022,163951326,5
2022,167111674,4
2022,167117423,4
2022,167117427,5
2022,167132251,3
2022,164821460,5
2022,164503021,4
2022,167121136,4
2022,167121140,5
2022,167130353,5
2022,164503023,5
2022,167130355,4
2022,167130356,4
2022,167130363,5
2022,167132272,5
2022,167132287,4
2022,167132288,5
2022,167135007,5
2022,167135010,4
2022,167135011,5
2022,167415311,5
2022,167415315,4
2022,167415316,4
2022,167423656,4
2022,167423659,5
2022,167429691,5
2022,167436330,5
2022,167436331,5
2022,167440582,5
2022,167445664,5
2022,168323870,4
2022,167156468,6
2022,167156470,4
2022,168323886,5
2022,168323890,4
2022,168323891,4
2022,167194750,5
2022,167329943,5
2022,168323902,4
2022,169564518,5
2022,168323905,5
2022,169570978,5
2022,169651014,4
2022,169714577,5
2022,168323910,5
2022,168323911,4
2022,169714579,4
2022,169757289,4
2022,168824899,5
2022,168824900,5
2022,168824901,3
2022,168824903,5
2022,168824904,4
2022,169757618,5
2022,168824905,4
2022,169757622,5
2022,169757629,7
2022,169757632,4
2022,168881691,5
2022,171043833,5
2022,171104158,5
2022,169912257,4
2022,171104163,4
2022,171104174,4
2022,169639677,5
2022,169838033,4
2022,174557844,4
2022,169838034,4
2022,171116241,4
2022,171116242,4
2022,171116248,4
2022,169912259,5
2022,171116250,4
2022,169838035,4
2022,171224955,5
2022,169914918,5
2022,172766228,5
2022,172638181,4
2022,172766229,4
2022,172786434,5
2022,170298804,4
2022,172370536,5
2022,172370537,4
2022,172880915,4
2022,172880921,5
2022,172356224,4
2022,172880922,4
2022,172356225,4
2022,175028942,5
2022,172356226,4
2022,174540968,5
2022,174762966,4
2022,174762988,5
2022,174762993,5
2022,174763007,5
2022,174763010,5
2022,174818291,4
2022,174818292,4
2022,174818296,4
2022,174818297,4
2022,173685172,4
2022,173685173,4
2022,175121163,4
2022,173685179,4
2022,175121164,4
2022,173685180,5
2022,175121171,5
2022,175478429,4
2022,175491246,4
2022,175491251,4
2022,175491252,4
2022,175510062,5
2022,179966226,4
2022,175783531,4
2022,175783532,4
2022,175787513,5
2022,175787518,5
2022,175787524,5
2022,174711892,5
2022,175845723,5
2022,174711893,4
2022,185238736,5
2022,176672249,4
2022,177488917,5
2022,177488921,4
2022,177537868,4
2022,177724232,5
2022,176107175,5
2022,177742257,5
2022,177742258,5
2022,179966231,4
2022,179966233,4
2022,177848791,5
2022,179966246,5
2022,179966250,8
2022,181818912,4
2022,179966253,5
2022,179966260,5
2022,179966262,4
2022,179966267,5
2022,177977364,4
2022,179966277,4
2022,179966278,5
2022,179966280,5
2022,179966283,3
2022,179966310,5
2022,179966316,5
2022,180399672,5
2022,180399679,5
2022,180403395,5
2022,180403400,5
2022,180403401,5
2022,179966333,4
2022,179966334,4
2022,179966336,4
2022,179966337,4
2022,180731702,5
2022,180731703,5
2022,180731710,4
2022,180731711,4
2022,182138991,5
2022,182138992,4
2022,182138993,4
2022,179966344,4
2022,182138996,4
2022,182139003,4
2022,182267891,4
2022,182267892,5
2022,182330983,4
2022,179966351,5
2022,182365188,5
2022,182451623,4
2022,182451624,4
2022,182464895,5
2022,182464902,4
2022,182134929,4
2022,164026428,4
2022,168324427,5
2022,173395521,4
2022,173169072,4
2022,173395527,4
2022,176795022,5
2022,176795024,4
2022,186675316,4
2022,186979316,4
2022,186982698,4
2022,186982707,6
2022,187221762,4
2022,187221763,4
2022,187228649,4
2022,171785874,3
2022,172356239,5
2022,174314857,5
2022,179970822,5
2022,180761410,4
2022,182864607,5
2022,161712600,4
2022,161880510,5
2022,162034061,3
2022,162034062,3
2022,162289289,5
2022,162424286,4
2022,162784917,4
2022,162801096,5
2022,163119244,5
2022,163119248,5
2022,163769349,4
2022,164002616,5
2022,164026429,5
2022,164084612,4
2022,164503025,4
2022,165258925,5
2022,164904272,4
2022,165325295,4
2022,165210032,4
2022,165093877,4
2022,165210033,5
2022,165722144,4
2022,165826419,1
2022,165948900,4
2022,166572750,4
2022,166997928,4
2022,167132290,4
2022,167138644,4
2022,167156471,3
2022,167205887,4
2022,167254045,4
2022,167329946,5
2022,173097555,5
2022,168329215,5
2022,168329219,4
2022,168329221,5
2022,168329222,5
2022,168329235,4
2022,168329236,4
2022,168329237,5
2022,168532764,4
2022,168655626,5
2022,168789405,8
2022,168882053,5
2022,168882054,4
2022,169052701,4
2022,169052702,4
2022,169052703,4
2022,169052704,4
2022,169120743,5
2022,169120744,5
2022,169626336,4
2022,169626337,5
2022,169643381,4
2022,169745768,5
2022,169745769,4
2022,169797382,5
2022,169797383,6
2022,169914919,4
2022,170007956,3
2022,170036444,4
2022,170007957,5
2022,170489913,5
2022,170489914,5
2022,170489915,4
2022,170489919,4
2022,183748266,4
2022,170876019,6
2022,171305627,5
2022,171456730,5
2022,179975062,4
2022,172293740,5
2022,172293741,5
2022,172293742,5
2022,172001512,5
2022,172786447,4
2022,172786448,4
2022,172786449,5
2022,172696002,4
2022,172696004,4
2022,173000010,4
2022,173018958,5
2022,173040860,4
2022,173097559,5
2022,173376022,5
2022,173556466,4
2022,173378280,5
2022,173395531,5
2022,173460829,4
2022,173685185,4
2022,174083562,4
2022,174038757,4
2022,174083565,4
2022,174083566,4
2022,174711894,4
2022,174711895,4
2022,174975765,4
2022,174975766,4
2022,174944357,4
2022,175845738,4
2022,175478434,4
2022,175478437,5
2022,175478438,4
2022,175845739,5
2022,179975063,4
2022,175711088,5
2022,175711089,5
2022,175711090,5
2022,175711091,5
2022,175711092,4
2022,175711094,4
2022,176264947,5
2022,176228564,4
2022,176364153,4
2022,176390926,5
2022,176618334,5
2022,176686687,4
2022,176672253,4
2022,177011110,4
2022,177448526,4
2022,177488924,4
2022,177535731,4
2022,177535732,4
2022,177851104,4
2022,179975067,4
2022,179975068,4
2022,179975079,5
2022,179975082,4
2022,179975095,4
2022,179975099,4
2022,179975103,5
2022,180362111,5
2022,180362112,4
2022,180362113,5
2022,180403412,5
2022,180403418,4
2022,180808456,5
2022,180928073,4
2022,180928074,4
2022,180928075,5
2022,180928076,5
2022,180928078,4
2022,182588025,4
2022,180928080,4
2022,164821467,4
2022,164741292,5
2022,164741294,4
2022,164821471,5
2022,164821477,5
2022,167132293,4
2022,167121151,5
2022,167132297,5
2022,167121157,4
2022,167132303,5
2022,167132304,5
2022,167121164,5
2022,167132305,5
2022,168329746,5
2022,168375299,5
2022,168375300,5
2022,168575575,4
2022,168882083,5
2022,169797390,4
2022,170007970,4
2022,170500213,4
2022,170548188,4
2022,170548189,5
2022,171449493,5
2022,171449498,4
2022,171571524,4
2022,174412651,4
2022,174557979,5
2022,174558003,4
2022,175510074,4
2022,177307309,4
2022,177307310,4
2022,177617586,5
2022,177931631,5
2022,177977370,4
2022,179975366,5
2022,179975370,5
2022,179975372,5
2022,181069803,5
2022,168330434,4
2022,168330440,4
2022,168330445,4
2022,168330446,4
2022,168330450,5
2022,168330451,5
2022,168330455,5
2022,168330464,4
2022,168330470,4
2022,168330519,4
2022,168330534,6
2022,168330536,5
2022,168330537,4
2022,168606090,4
2022,168655672,4
2022,168655674,5
2022,168655675,4
2022,168655688,5
2022,169975802,4
2022,170007992,4
2022,170023712,6
2022,170036456,5
2022,170036457,3
2022,170800084,5
2022,172001513,4
2022,172001514,4
2022,172350537,4
2022,172356247,4
2022,173000017,4
2022,173000018,4
2022,173000020,5
2022,173015463,4
2022,173015465,5
2022,173040863,4
2022,174328053,4
2022,174540970,4
2022,174568480,5
2022,174568482,5
2022,174849447,5
2022,174849452,4
2022,174857404,5
2022,174944358,3
2022,175783534,4
2022,175845743,4
2022,175845745,4
2022,176264955,5
2022,176264962,5
2022,176264964,5
2022,176672254,4
2022,179975795,5
2022,179975796,5
2022,179975798,4
2022,179975818,5
2022,179975820,4
2022,179975836,6
2022,179975838,4
2022,184588046,4
2022,184588055,4
2022,184588060,4
2022,185245419,4
2022,161622123,4
2022,162260555,4
2022,163044178,5
2022,163769351,5
2022,165093883,5
2022,165093884,5
2022,166976994,4
2022,166976995,5
2022,167132306,4
2022,167138649,5
2022,167194751,4
2022,167415320,5
2022,167194753,4
2022,168330991,4
2022,168330992,4
2022,167415321,5
2022,168330993,5
2022,168330995,3
2022,168330995,4
2022,168331004,5
2022,168331005,5
2022,168331006,5
2022,168331009,4
2022,168331010,4
2022,168331023,5
2022,168331025,4
2022,185413228,5
2022,168331028,4
2022,168331029,4
2022,168825248,4
2022,184606816,5
2022,169838045,5
2022,169902865,5
2022,170548190,5
2022,170489921,4
2022,171305632,5
2022,171347140,5
2022,171347144,5
2022,171805589,5
2022,172681809,4
2022,172681810,5
2022,172701288,4
2022,172701293,5
2022,173664739,5
2022,173401776,4
2022,173439917,4
2022,174083572,4
2022,175787529,4
2022,174485396,5
2022,174818301,5
2022,174944364,5
2022,174944365,5
2022,175436846,5
2022,175908573,4
2022,175908577,5
2022,176354346,5
2022,177535740,5
2022,177740415,5
2022,179976476,5
2022,179976477,5
2022,185413229,4
2022,180783106,4
2022,174488877,5
2022,174488889,4
2022,174488917,4
2022,174488918,4
2022,178139019,8
2022,174488925,4
2022,174540977,4
2022,174540979,4
2022,174541000,4
2022,174541002,5
2022,174541006,5
2022,174541019,5
2022,174541021,4
2022,174541024,4
2022,174541028,2
2022,178139020,8
2022,174541048,4
2022,174541056,5
2022,174541057,5
2022,174548978,4
2022,174711920,4
2022,174711929,4
2022,174711930,4
2022,174711943,4
2022,174711950,4
2022,174711951,4
2022,174711971,4
2022,174711979,4
2022,174718566,4
2022,174718567,4
2022,174763026,4
2022,174763032,4
2022,174763061,4
2022,174763080,4
2022,174763083,4
2022,174763089,4
2022,174763228,4
2022,174763237,4
2022,174763248,4
2022,174763251,5
2022,174763255,4
2022,174857414,4
2022,174857415,4
2022,174857426,5
2022,174857432,4
2022,174857438,5
2022,174857446,4
2022,174857448,4
2022,174857449,4
2022,174857450,4
2022,174857451,4
2022,181819523,4
2022,174857462,5
2022,174857463,4
2022,174857464,4
2022,174857467,4
2022,174857474,4
2022,174857475,4
2022,174857477,4
2022,174857486,4
2022,174857489,4
2022,174857495,4
2022,174857496,4
2022,174857499,4
2022,174857503,4
2022,174857504,4
2022,174857507,4
2022,174944370,4
2022,174944371,4
2022,186167120,4
2022,174944387,5
2022,174944392,4
2022,174944418,5
2022,188825345,4
2022,174944428,4
2022,174944461,4
2022,174944477,4
2022,174944480,4
2022,174944492,4
2022,174944507,4
2022,174975779,4
2022,174975781,4
2022,174975786,4
2022,174975792,1
2022,175028954,7
2022,175028956,4
2022,175091069,4
2022,175121186,5
2022,175478449,4
2022,175510083,4
2022,175510092,4
2022,175787540,4
2022,175845748,4
2022,176087898,5
2022,175896638,4
2022,175896645,4
2022,176065795,4
2022,176087910,4
2022,176110018,4
2022,176110022,5
2022,176203167,5
2022,176203170,4
2022,177448534,5
2022,177451494,4
2022,177488938,4
2022,177742268,4
2022,178058595,4
2022,178074445,5
2022,178074446,5
2022,178074448,4
2022,179977462,4
2022,178452370,5
2022,179977472,5
2022,179977474,5
2022,179977478,4
2022,179977488,4
2022,179977493,4
2022,179977495,8
2022,179977504,4
2022,179977506,4
2022,179977526,5
2022,179977527,4
2022,179977531,5
2022,179977542,4
2022,179977546,4
2022,179977552,4
2022,179977556,4
2022,179977562,4
2022,179977563,5
2022,179977566,6
2022,179977586,5
2022,179977592,4
2022,179977606,4
2022,179977634,4
2022,179977635,4
2022,179977637,4
2022,179977638,4
2022,179977652,4
2022,179977658,4
2022,179977662,4
2022,179977665,8
2022,179977670,4
2022,179977677,3
2022,179977681,4
2022,179977682,4
2022,180403420,4
2022,180403428,4
2022,180761435,4
2022,180783117,4
2022,180783123,4
2022,180783124,4
2022,180783143,4
2022,180979690,4
2022,180988761,1
2022,180996185,4
2022,180996186,4
2022,180997643,4
2022,180997644,4
2022,181069818,4
2022,181069819,4
2022,181098000,4
2022,181527089,4
2022,181527093,4
2022,181527096,4
2022,181609244,5
2022,181609245,4
2022,181609247,4
2022,182465089,3
2022,181786685,4
2022,181819534,4
2022,181819535,4
2022,181819537,4
2022,182333598,4
2022,182427274,4
2022,182465116,4
2022,161664224,4
2022,161664226,4
2022,162851627,4
2022,163238951,4
2022,165774321,5
2022,165774344,4
2022,165774350,4
2022,165826425,4
2022,165826428,5
2022,167436344,4
2022,167415329,4
2022,168332144,4
2022,168332148,4
2022,168332157,4
2022,168560824,4
2022,169592241,4
2022,169592244,4
2022,169662593,4
2022,171340958,4
2022,170950742,4
2022,171347154,5
2022,171734929,4
2022,171734943,5
2022,172293770,4
2022,173040873,5
2022,173638020,4
2022,173640153,5
2022,176340860,5
2022,175436870,4
2022,175787550,5
2022,175845773,4
2022,175787552,5
2022,175845774,4
2022,175845775,5
2022,177448536,4
2022,177537882,4
2022,177713586,5
2022,177977377,4
2022,178074451,5
2022,179980311,4
2022,179980313,4
2022,181527108,4
2022,171734953,5
2022,169367800,4
2022,183662883,5
2022,179967866,5
2022,162953575,5
2022,162953576,4
2022,162953577,4
2022,162953578,4
2022,162953581,4
2022,162953582,6
2022,162953586,4
2022,162953587,5
2022,162953588,4
2022,162953589,4
2022,162953590,4
2022,162953591,5
2022,162953593,4
2022,162953599,4
2022,162903409,4
2022,162953601,4
2022,162953602,4
2022,162953603,4
2022,162953604,4
2022,162953605,4
2022,162953606,4
2022,162953607,5
2022,162953609,4
2022,162953611,6
2022,169838065,4
2022,162953628,4
2022,162953630,4
2022,162953632,4
2022,162953640,6
2022,168881903,5
2022,162953645,4
2022,162953649,4
2022,162953651,4
2022,162953654,4
2022,162953656,4
2022,162953657,5
2022,162974043,4
2022,162974051,5
2022,162974054,4
2022,162974056,4
2022,162974057,4
2022,162974058,4
2022,162974060,4
2022,171305649,3
2022,162974063,5
2022,162974066,4
2022,162974067,4
2022,162974068,4
2022,162974073,4
2022,162974074,5
2022,162974081,6
2022,163044199,6
2022,163044205,4
2022,163044207,4
2022,163044208,3
2022,163044209,4
2022,163044210,4
2022,163044213,4
2022,168327038,4
2022,163044217,4
2022,163044218,4
2022,163044221,4
2022,163044225,6
2022,163044229,6
2022,163044230,6
2022,163044235,4
2022,163044237,4
2022,163044240,4
2022,163044241,4
2022,163044243,4
2022,163044246,4
2022,163044248,6
2022,163044257,6
2022,163044270,5
2022,163044271,5
2022,163044273,4
2022,163044275,4
2022,163253243,4
2022,163238956,4
2022,163238957,4
2022,163238958,6
2022,163253244,4
2022,163253245,4
2022,163253246,4
2022,163253247,4
2022,163238963,5
2022,173040880,3
2022,163238966,4
2022,163238967,4
2022,171305650,6
2022,163238969,4
2022,163253248,4
2022,163238974,4
2022,163238976,4
2022,163238977,4
2022,163238978,4
2022,163253249,4
2022,163253250,4
2022,163253251,4
2022,163238985,5
2022,163238989,4
2022,163238991,4
2022,163238993,4
2022,163238995,5
2022,163238997,4
2022,163238998,4
2022,163253252,4
2022,163253253,4
2022,163253254,4
2022,163253255,4
2022,163254598,5
2022,163254602,4
2022,163254605,4
2022,163254615,4
2022,163254618,6
2022,163254624,4
2022,163254627,4
2022,163254629,5
2022,163254638,4
2022,168327039,4
2022,163320446,4
2022,163365832,4
2022,163365839,4
2022,163365840,4
2022,163365844,4
2022,163365847,6
2022,163365849,4
2022,163365850,4
2022,163365858,4
2022,163365862,4
2022,163365863,6
2022,163365866,4
2022,163365868,4
2022,163365869,4
2022,163769354,4
2022,169838066,5
2022,169838067,4
2022,163769360,4
2022,176197351,4
2022,163769362,4
2022,163769365,4
2022,163769367,4
2022,163769386,4
2022,163769401,6
2022,163769407,4
2022,163769408,4
2022,163769410,3
2022,163916592,6
2022,163904210,5
2022,163916596,4
2022,163916600,4
2022,163916609,5
2022,163916626,4
2022,163916632,6
2022,163916637,4
2022,163916649,4
2022,163916678,4
2022,163916682,4
2022,163916687,4
2022,163916691,4
2022,163947236,5
2022,163947237,5
2022,163947238,5
2022,163947239,6
2022,163947240,6
2022,163947241,4
2022,163947242,4
2022,163935982,4
2022,163947243,4
2022,163947244,4
2022,163947245,4
2022,163947246,4
2022,163947248,4
2022,163947249,3
2022,163947251,4
2022,163947271,6
2022,163947274,4
2022,163947275,6
2022,168327040,6
2022,163947279,4
2022,163947281,4
2022,164002642,4
2022,164002645,4
2022,164002649,5
2022,164002651,5
2022,164002652,4
2022,164002654,4
2022,164002655,4
2022,164002656,4
2022,164002657,3
2022,164002658,4
2022,164002659,4
2022,164002660,4
2022,176197352,4
2022,164002668,4
2022,164002669,4
2022,164002670,4
2022,164002671,6
2022,164002673,3
2022,164002675,4
2022,164002677,4
2022,164002684,4
2022,164002686,4
2022,164002690,3
2022,164002693,4
2022,164002698,4
2022,176197353,4
2022,164002700,4
2022,164002706,5
2022,164002732,4
2022,164002738,6
2022,164084645,4
2022,164084647,4
2022,164084649,4
2022,164084655,6
2022,164084659,4
2022,164084663,4
2022,164084665,4
2022,164084675,4
2022,164084677,4
2022,164084678,4
2022,164084680,5
2022,164084683,4
2022,164084684,4
2022,164084686,4
2022,164084695,4
2022,164084702,6
2022,164084708,6
2022,164084711,4
2022,164084716,4
2022,164084719,4
2022,164203074,4
2022,164203075,4
2022,164203076,4
2022,164203077,4
2022,164203080,6
2022,164203081,4
2022,164203084,4
2022,164203086,4
2022,164203087,4
2022,164203090,4
2022,164203091,4
2022,164203096,4
2022,164203097,4
2022,164203098,4
2022,164203099,4
2022,164203100,4
2022,164203101,6
2022,164203115,3
2022,164203118,4
2022,164203120,4
2022,164203123,4
2022,164203125,6
2022,164203126,4
2022,164203127,4
2022,164203129,4
2022,164203130,4
2022,164203136,4
2022,164203141,4
2022,164203142,4
2022,164203145,4
2022,164203146,4
2022,169838068,4
2022,164203151,4
2022,164203152,4
2022,164203154,4
2022,164203155,4
2022,164203157,4
2022,164203161,4
2022,164203169,4
2022,164203172,4
2022,164503059,6
2022,164503060,6
2022,164503079,4
2022,164503081,6
2022,164503085,4
2022,166974109,4
2022,164503088,4
2022,164503089,4
2022,164503101,4
2022,164503102,4
2022,164503104,4
2022,164503114,4
2022,164503123,4
2022,164503126,4
2022,164503130,4
2022,164503133,4
2022,164503138,4
2022,164503140,4
2022,164578619,4
2022,164503148,4
2022,164503151,4
2022,164578623,4
2022,164578632,4
2022,164578634,4
2022,164578635,4
2022,164578642,4
2022,164578644,4
2022,164578646,4
2022,164578647,4
2022,164578649,4
2022,164578650,4
2022,164578652,4
2022,164578654,4
2022,164631718,5
2022,164631719,4
2022,164631767,4
2022,164677574,4
2022,164677575,4
2022,164741227,4
2022,164741228,4
2022,164741229,4
2022,164741234,4
2022,164741235,4
2022,164741237,6
2022,164741254,4
2022,164741255,4
2022,164741258,4
2022,164741260,4
2022,164741264,4
2022,164741265,4
2022,164741269,6
2022,164741271,6
2022,164741275,3
2022,164741280,3
2022,164741282,4
2022,164741287,4
2022,164741288,4
2022,164741289,6
2022,164821535,3
2022,164821536,3
2022,164821537,6
2022,164821541,4
2022,164821542,6
2022,164821543,6
2022,164821545,4
2022,164821548,4
2022,164821549,4
2022,169838070,4
2022,164821553,4
2022,164821559,4
2022,164821560,4
2022,164821562,4
2022,164821564,4
2022,164904280,4
2022,164904281,4
2022,164904282,6
2022,164904285,4
2022,169838071,4
2022,176197354,1
2022,164904288,4
2022,164904289,4
2022,164904294,6
2022,164904295,6
2022,164904296,6
2022,164904297,4
2022,164904300,4
2022,164904301,4
2022,164904322,3
2022,164904324,4
2022,164904326,4
2022,164904329,4
2022,164904339,4
2022,164904341,4
2022,164904348,4
2022,164904350,4
2022,164904351,4
2022,171305651,4
2022,164904359,4
2022,164904361,4
2022,164904364,4
2022,165093888,4
2022,165093893,4
2022,165093894,4
2022,165093895,4
2022,165093896,4
2022,165040955,4
2022,165040956,4
2022,165093902,4
2022,165303132,4
2022,165093903,4
2022,165093904,4
2022,165093907,4
2022,165093909,5
2022,165093912,3
2022,165093914,4
2022,165093915,4
2022,165093916,4
2022,165093927,6
2022,165338095,4
2022,165338099,4
2022,165338100,4
2022,165338101,4
2022,165338102,4
2022,165338103,4
2022,165338104,4
2022,165338105,4
2022,165338107,6
2022,165338108,4
2022,165692721,5
2022,165692725,4
2022,165692732,4
2022,165692744,4
2022,165692769,5
2022,165692815,4
2022,165692838,3
2022,165692922,4
2022,165692933,4
2022,165692958,1
2022,165692962,4
2022,165774357,5
2022,165774361,4
2022,165774362,4
2022,165774363,4
2022,165774364,4
2022,165757991,4
2022,165757992,4
2022,165757993,4
2022,169838073,4
2022,165774374,1
2022,165774375,4
2022,165774378,4
2022,165757994,4
2022,165757995,4
2022,165774379,4
2022,183524011,4
2022,165757996,4
2022,165774380,4
2022,165774381,4
2022,165774382,4
2022,165774384,4
2022,165774385,4
2022,165774387,4
2022,165774391,4
2022,165774393,6
2022,165774394,4
2022,165774395,4
2022,165774396,4
2022,165774397,6
2022,165774398,4
2022,165774399,5
2022,165774400,4
2022,165774401,4
2022,165774403,4
2022,165774404,4
2022,165774406,4
2022,165774407,4
2022,165774409,1
2022,165774410,4
2022,165774411,4
2022,165774412,4
2022,165774413,4
2022,165774414,4
2022,165774415,4
2022,165774416,4
2022,165774417,4
2022,165774418,4
2022,165774420,4
2022,165774421,4
2022,165774422,4
2022,165774423,6
2022,165774424,4
2022,165774425,4
2022,165774432,4
2022,165774434,4
2022,165774436,4
2022,165774439,4
2022,165774443,4
2022,165774445,4
2022,165774446,6
2022,165774447,3
2022,165948920,6
2022,165948923,6
2022,165948929,4
2022,165948934,4
2022,165948935,4
2022,165948941,4
2022,165948951,4
2022,165948953,4
2022,165948955,4
2022,165948956,4
2022,165948958,4
2022,165948959,4
2022,165948960,4
2022,165948963,4
2022,165948971,4
2022,165948972,5
2022,165948973,4
2022,165948974,4
2022,171305659,6
2022,165948977,6
2022,165948978,4
2022,165948979,4
2022,165948981,4
2022,165948982,4
2022,165948983,4
2022,169838074,4
2022,165948989,5
2022,165948991,4
2022,165948992,4
2022,165948995,6
2022,165949001,3
2022,165949003,4
2022,165949004,4
2022,165949006,4
2022,165949007,6
2022,165949008,4
2022,165949028,4
2022,166955693,4
2022,166955694,4
2022,169838075,5
2022,166955698,4
2022,166955699,3
2022,166955700,4
2022,166955702,4
2022,166955705,5
2022,166955708,4
2022,166955709,4
2022,166955710,4
2022,166955711,4
2022,166955712,4
2022,166977010,4
2022,166977011,4
2022,166977012,4
2022,166977015,4
2022,166977016,4
2022,166977020,4
2022,166977021,5
2022,166977022,4
2022,166977023,4
2022,166977025,4
2022,166977026,6
2022,166977032,3
2022,166977038,4
2022,166997932,4
2022,166997934,4
2022,166997935,4
2022,166997936,4
2022,166997938,4
2022,166997939,4
2022,183524016,4
2022,166997942,5
2022,166997951,5
2022,166997953,6
2022,166997954,6
2022,166997955,6
2022,166997957,4
2022,166997958,4
2022,166997961,4
2022,166997963,4
2022,166997965,6
2022,166997972,4
2022,166997973,4
2022,176197355,4
2022,166997990,4
2022,166997992,6
2022,166997999,6
2022,166998006,3
2022,166998010,4
2022,166998011,4
2022,166998015,4
2022,166998016,4
2022,166998018,4
2022,166998020,4
2022,166998021,4
2022,166998031,4
2022,166998033,6
2022,166998035,6
2022,166998041,5
2022,166998042,4
2022,166998047,4
2022,166998048,4
2022,166998050,4
2022,167098326,6
2022,167098327,6
2022,167098329,6
2022,167098330,3
2022,167098335,5
2022,169838077,5
2022,167098337,4
2022,167098338,4
2022,167098339,4
2022,167098340,4
2022,167098341,4
2022,167098342,4
2022,167098343,4
2022,167098345,4
2022,167098346,4
2022,167098347,4
2022,167098351,4
2022,167098353,4
2022,167098354,6
2022,167098356,3
2022,167098358,6
2022,167098359,6
2022,167098363,4
2022,167098365,5
2022,167098366,4
2022,167098367,4
2022,167098368,4
2022,167098369,5
2022,167098372,6
2022,167098373,6
2022,167098374,4
2022,167098377,5
2022,167098378,4
2022,176197356,4
2022,167098380,4
2022,167098383,4
2022,167098384,4
2022,167098391,6
2022,167098393,5
2022,167111695,4
2022,167111696,4
2022,167111697,1
2022,167111699,6
2022,167111700,6
2022,167111701,5
2022,167111705,4
2022,167111707,4
2022,167111709,4
2022,167111713,4
2022,167111714,4
2022,167111719,4
2022,167111720,4
2022,167111721,4
2022,167111722,4
2022,167119786,4
2022,167121187,4
2022,167121188,4
2022,167121190,4
2022,167121193,5
2022,167121195,4
2022,167121196,4
2022,167121200,4
2022,167156478,4
2022,167156480,4
2022,167156482,4
2022,167156486,4
2022,167156487,4
2022,167156489,5
2022,167156490,5
2022,167156492,4
2022,167156493,3
2022,167156496,4
2022,167156498,3
2022,167156499,4
2022,167156500,4
2022,167156504,4
2022,167156510,4
2022,167156511,4
2022,167156513,3
2022,167156514,4
2022,167156515,4
2022,167155081,5
2022,167155083,4
2022,167155085,4
2022,167156522,4
2022,167156523,5
2022,167156525,6
2022,167156527,4
2022,167156529,4
2022,167156530,4
2022,167156531,5
2022,167156532,4
2022,167156534,5
2022,167156535,4
2022,167156542,5
2022,167156552,4
2022,167156555,4
2022,167167839,4
2022,167167842,4
2022,167167846,4
2022,167167847,4
2022,167167848,4
2022,167167850,4
2022,167167853,4
2022,167194764,4
2022,167194766,4
2022,167194768,4
2022,167194769,4
2022,167194770,5
2022,167194771,4
2022,167194773,6
2022,167194775,6
2022,167194785,4
2022,167194794,4
2022,167194799,3
2022,167194807,4
2022,167194812,4
2022,167194830,4
2022,167194833,4
2022,167194834,4
2022,167194836,4
2022,167194838,4
2022,167194841,4
2022,167194847,5
2022,167194848,5
2022,167194849,5
2022,167194850,3
2022,167194853,4
2022,167194854,4
2022,167194856,4
2022,167205888,4
2022,167205890,4
2022,167205895,4
2022,167205896,3
2022,167205898,4
2022,167205899,5
2022,167205900,5
2022,167205903,4
2022,167205904,4
2022,167205905,4
2022,167205906,4
2022,167329953,4
2022,167329954,3
2022,167329955,3
2022,167329956,4
2022,167329957,4
2022,167329958,4
2022,176197357,4
2022,167329961,3
2022,167329963,4
2022,167329965,4
2022,167329972,4
2022,167329976,6
2022,167329978,3
2022,167329989,4
2022,171305660,5
2022,167329994,5
2022,167329997,4
2022,167330000,4
2022,167330002,4
2022,176197358,4
2022,167330007,4
2022,167330008,4
2022,167330009,4
2022,167330010,5
2022,167330015,6
2022,167330018,4
2022,167330019,4
2022,167330021,4
2022,167415346,4
2022,167415348,4
2022,167415349,6
2022,167415353,4
2022,167415357,4
2022,167415360,6
2022,167415361,6
2022,167415367,4
2022,167415393,4
2022,167415396,4
2022,167415401,4
2022,167415407,4
2022,167415416,4
2022,167415417,4
2022,167415431,5
2022,167429701,6
2022,167429702,6
2022,167436351,6
2022,167436357,5
2022,167436362,4
2022,167436364,4
2022,167436365,4
2022,167436368,6
2022,167436374,6
2022,167436376,4
2022,167436379,4
2022,167436380,4
2022,167436381,4
2022,167436385,5
2022,167436392,4
2022,167436399,4
2022,167436400,4
2022,167436402,4
2022,168327064,4
2022,168327065,4
2022,168327068,6
2022,168327075,4
2022,168327076,4
2022,168327077,4
2022,168327079,6
2022,168327080,4
2022,168327081,4
2022,168327082,4
2022,168327084,4
2022,168327085,6
2022,168327096,6
2022,168327098,4
2022,171305662,3
2022,168327101,4
2022,168327102,4
2022,168327104,4
2022,168327106,4
2022,168327108,4
2022,168327111,4
2022,168327115,3
2022,168327117,4
2022,168327119,4
2022,168327121,6
2022,168327128,5
2022,168327131,4
2022,168327132,4
2022,168327134,4
2022,168327135,4
2022,168327137,4
2022,168327140,6
2022,168327161,5
2022,168327163,5
2022,168327164,4
2022,168327165,5
2022,168327167,6
2022,168327172,6
2022,168327174,4
2022,168327175,4
2022,168327177,4
2022,168327178,4
2022,168327181,4
2022,168327182,5
2022,168327186,4
2022,168327190,4
2022,168327191,5
2022,168327193,4
2022,168327194,4
2022,168327195,4
2022,168327200,4
2022,168327205,4
2022,168327211,6
2022,168327212,4
2022,168327214,4
2022,168327215,4
2022,168327216,4
2022,168327218,4
2022,168327219,4
2022,168327221,6
2022,168327227,6
2022,168327228,4
2022,168327229,4
2022,168327231,4
2022,168327255,4
2022,168327256,4
2022,168327260,1
2022,168327263,3
2022,168327267,4
2022,168327269,4
2022,168327271,4
2022,168327288,6
2022,168327292,3
2022,168327297,4
2022,168327301,4
2022,168327303,6
2022,168327313,4
2022,168327318,4
2022,168327324,4
2022,168327329,4
2022,168327339,6
2022,168327343,6
2022,168327346,4
2022,168327349,4
2022,168327360,4
2022,168327361,4
2022,168327363,4
2022,168327364,4
2022,168327365,4
2022,168327369,5
2022,168327373,4
2022,168327375,4
2022,168327384,6
2022,168327390,4
2022,168327407,4
2022,168327408,4
2022,168327409,4
2022,168327410,4
2022,168327412,4
2022,168327413,4
2022,168327414,4
2022,168327415,4
2022,168327416,4
2022,168327417,4
2022,168327418,4
2022,168327420,5
2022,168327422,4
2022,168327424,4
2022,168327433,5
2022,168327435,4
2022,168327436,4
2022,168327437,4
2022,168327438,4
2022,168327439,6
2022,168327440,4
2022,168327441,4
2022,168327442,4
2022,168327443,4
2022,168327444,4
2022,168327446,4
2022,168327447,4
2022,168327449,4
2022,168327450,4
2022,168327451,4
2022,168327452,4
2022,168327453,4
2022,168327454,4
2022,168327455,4
2022,168327456,4
2022,173040887,5
2022,168327458,4
2022,168327459,4
2022,168327460,4
2022,168327461,5
2022,168327462,4
2022,168327463,4
2022,168327470,4
2022,168327471,4
2022,168327472,4
2022,168327473,4
2022,168327474,4
2022,168327475,5
2022,168327476,4
2022,168327478,4
2022,168327479,4
2022,168327480,4
2022,168327497,5
2022,168327498,5
2022,168327506,5
2022,168327509,5
2022,168327511,5
2022,168327512,4
2022,168327513,4
2022,168327514,4
2022,168327515,4
2022,168327516,4
2022,168327518,4
2022,168327520,4
2022,168327521,4
2022,168327524,4
2022,168327525,4
2022,176197359,4
2022,168327527,4
2022,168327528,4
2022,168327529,4
2022,168327532,4
2022,168327533,4
2022,168327544,3
2022,168327545,3
2022,168327548,4
2022,168327549,4
2022,168327550,4
2022,168327552,4
2022,168327553,4
2022,168327554,4
2022,168327555,4
2022,168327556,4
2022,168327561,4
2022,168327572,4
2022,168327573,4
2022,168327575,4
2022,168327576,4
2022,168327578,4
2022,168327579,4
2022,168327585,5
2022,168327601,4
2022,168327602,4
2022,171305663,4
2022,168327604,4
2022,168327605,4
2022,176197360,4
2022,168327608,4
2022,168327617,4
2022,168327619,4
2022,168327621,4
2022,168327632,6
2022,168327644,4
2022,168327645,4
2022,168327647,4
2022,168327651,4
2022,168327665,4
2022,168327670,4
2022,168327671,4
2022,168327672,4
2022,168327674,4
2022,168327680,4
2022,168327682,4
2022,168327684,4
2022,168327686,4
2022,168327689,4
2022,168327692,4
2022,168327701,4
2022,168327702,6
2022,168327763,6
2022,168327765,4
2022,168327778,6
2022,168327780,4
2022,168327781,4
2022,168327782,4
2022,168327783,5
2022,168327784,6
2022,168327788,4
2022,168327795,4
2022,187489833,4
2022,168327811,4
2022,168327812,4
2022,176197361,6
2022,168327814,4
2022,168327815,4
2022,168327816,4
2022,168327817,4
2022,168327818,4
2022,168327820,4
2022,168327821,4
2022,168327822,4
2022,168327823,4
2022,168327824,4
2022,168327825,6
2022,168327826,6
2022,168327827,4
2022,168327828,4
2022,168327830,4
2022,168327831,4
2022,168327832,4
2022,168327833,4
2022,168327834,4
2022,168327835,4
2022,168327836,4
2022,168327837,6
2022,168327848,4
2022,168327849,5
2022,168327850,5
2022,168327912,6
2022,168327913,6
2022,168327914,6
2022,168327915,6
2022,168327916,4
2022,168327917,5
2022,168327918,6
2022,168327928,6
2022,168327930,6
2022,168327935,6
2022,168327936,6
2022,168327940,6
2022,168327941,4
2022,168327944,4
2022,168327947,4
2022,168327948,4
2022,168327949,4
2022,168327950,4
2022,168327952,4
2022,168327953,3
2022,168327955,4
2022,168327957,6
2022,168327992,4
2022,168327993,5
2022,168327995,4
2022,168327996,4
2022,168327997,4
2022,168327998,4
2022,168327999,4
2022,168375271,5
2022,168379657,4
2022,168379663,4
2022,173040889,1
2022,168379675,4
2022,168379676,4
2022,168379687,4
2022,168379691,4
2022,168379692,4
2022,168440197,4
2022,168440199,4
2022,168440203,4
2022,168440204,6
2022,168440205,6
2022,168440216,4
2022,168440218,4
2022,168440220,4
2022,168440221,4
2022,168440224,4
2022,168440225,4
2022,168440229,4
2022,168440230,4
2022,168881912,4
2022,168881913,5
2022,168881927,4
2022,168881938,4
2022,168881939,4
2022,168881942,4
2022,168881949,4
2022,168881952,4
2022,168881954,6
2022,168881956,3
2022,168881958,4
2022,168881966,6
2022,168881967,4
2022,168881968,4
2022,168881969,4
2022,168881971,4
2022,169120514,4
2022,169120516,4
2022,169120517,4
2022,169120519,4
2022,169120520,4
2022,169120521,6
2022,169120524,3
2022,183636789,4
2022,169120527,4
2022,169120528,4
2022,169120530,4
2022,169120531,4
2022,169120532,4
2022,169120539,5
2022,169120541,4
2022,169120542,4
2022,169120544,3
2022,169120546,4
2022,169120547,4
2022,169120548,4
2022,169120550,6
2022,169120553,4
2022,169120555,5
2022,169120557,4
2022,169120558,4
2022,169120559,4
2022,169120560,6
2022,169120564,4
2022,169120565,4
2022,169643394,6
2022,169643398,4
2022,169643400,4
2022,169643401,4
2022,169643402,4
2022,169643403,4
2022,169643404,4
2022,169643405,4
2022,169567849,4
2022,169567850,4
2022,169567852,4
2022,169567853,4
2022,169567862,4
2022,169567863,4
2022,169567865,4
2022,169570997,4
2022,169571000,4
2022,169571001,4
2022,169643410,3
2022,169643413,5
2022,169643415,5
2022,169643417,5
2022,169643435,6
2022,169643436,4
2022,169643441,4
2022,169643444,4
2022,169662596,4
2022,169662597,4
2022,169662598,4
2022,169662599,4
2022,169662600,4
2022,169662601,4
2022,169662602,4
2022,169662603,4
2022,169662604,4
2022,169662605,4
2022,169662606,4
2022,169662607,4
2022,169662608,4
2022,169662609,4
2022,169662610,4
2022,169662612,4
2022,169662613,4
2022,169662616,4
2022,169662618,4
2022,169662620,4
2022,169662623,6
2022,169662624,4
2022,169662627,4
2022,169662631,6
2022,169662632,4
2022,169662633,4
2022,169662635,4
2022,169662636,6
2022,169662639,6
2022,169662641,5
2022,169662642,5
2022,169662647,4
2022,169662650,4
2022,169662653,4
2022,169662657,4
2022,169662658,4
2022,169662659,4
2022,169714589,4
2022,169714596,4
2022,169714597,4
2022,169714598,4
2022,169714599,4
2022,169714600,4
2022,169714601,4
2022,169714602,4
2022,169714603,4
2022,169714604,4
2022,169714608,4
2022,169714609,4
2022,169714613,4
2022,169817707,4
2022,169714615,4
2022,169714616,4
2022,169714617,4
2022,169714618,4
2022,169714619,4
2022,169714620,4
2022,169714621,4
2022,169714622,4
2022,169714623,4
2022,169714624,4
2022,169714626,4
2022,169714627,4
2022,169714628,4
2022,169714629,4
2022,169714630,4
2022,169714631,4
2022,169714632,4
2022,169714633,4
2022,169745779,5
2022,169745780,4
2022,169745781,4
2022,169745785,3
2022,169745786,5
2022,169745787,4
2022,169745788,4
2022,169745789,4
2022,169745790,4
2022,169745791,4
2022,169745792,5
2022,169745794,5
2022,169745798,4
2022,169745801,4
2022,169745802,4
2022,169745804,6
2022,169745805,4
2022,169745811,4
2022,169745813,6
2022,169745816,4
2022,169745821,4
2022,169745822,4
2022,169745823,4
2022,169745825,4
2022,169899162,4
2022,169914922,6
2022,169914924,4
2022,169838081,6
2022,169914925,6
2022,169914926,6
2022,169914928,6
2022,169914930,6
2022,169838082,3
2022,169914931,3
2022,169914932,3
2022,169914934,3
2022,169838084,4
2022,169838085,4
2022,169838086,4
2022,169838087,4
2022,169838088,4
2022,169838089,4
2022,169838090,4
2022,169838091,4
2022,176203171,4
2022,169899165,4
2022,169899167,4
2022,169899168,4
2022,169899169,6
2022,169899170,4
2022,169899171,4
2022,169899172,3
2022,169899173,4
2022,169899174,4
2022,169899175,4
2022,169899176,4
2022,176203172,4
2022,169899178,6
2022,169899179,4
2022,169899180,4
2022,169899181,4
2022,169899182,4
2022,169899183,4
2022,169899184,4
2022,169899185,4
2022,169914936,4
2022,169914937,4
2022,169914938,4
2022,169914939,4
2022,169914940,4
2022,169914941,4
2022,169797409,4
2022,169797410,4
2022,169778451,4
2022,169778452,4
2022,169778453,4
2022,169778454,4
2022,169778455,4
2022,169778456,4
2022,169778457,4
2022,169778458,4
2022,169778459,4
2022,169778460,4
2022,169797411,4
2022,169797412,4
2022,169817726,4
2022,169899186,4
2022,169817734,4
2022,169817735,4
2022,169817736,4
2022,169817737,4
2022,169817738,4
2022,169817739,4
2022,169817740,4
2022,169899195,4
2022,169899199,5
2022,169899200,4
2022,169899201,4
2022,169899202,5
2022,169899204,5
2022,169899205,6
2022,169899206,3
2022,169914942,4
2022,169914943,4
2022,169914945,4
2022,169914947,4
2022,169914948,4
2022,170489922,4
2022,170489924,6
2022,170489925,6
2022,170489930,6
2022,170489931,4
2022,170489932,4
2022,170489935,4
2022,170489937,4
2022,173040893,6
2022,170046629,4
2022,170046630,4
2022,170046632,4
2022,170046633,4
2022,170046634,4
2022,170046636,4
2022,170046637,4
2022,170063171,4
2022,170063174,4
2022,170063176,4
2022,170063179,4
2022,170063181,4
2022,170063182,4
2022,170063184,4
2022,170063186,4
2022,170063187,4
2022,170063189,4
2022,170063191,4
2022,170063192,4
2022,170063194,4
2022,170063197,4
2022,170063198,4
2022,170489941,4
2022,170489942,4
2022,170489943,6
2022,170489944,4
2022,170489945,4
2022,170489948,4
2022,170489950,4
2022,170489953,4
2022,170489955,4
2022,170489961,4
2022,170489964,5
2022,170876021,4
2022,170800103,4
2022,170800109,5
2022,170548244,4
2022,170548246,4
2022,170548247,4
2022,170548248,4
2022,170548250,4
2022,170548251,4
2022,170548252,4
2022,170548254,4
2022,170548256,4
2022,170548257,4
2022,170548259,4
2022,170548260,4
2022,170548261,4
2022,170548263,4
2022,170548264,4
2022,170548266,4
2022,170548267,4
2022,170548270,4
2022,170548271,4
2022,170548273,4
2022,170548275,4
2022,170548277,4
2022,170548279,4
2022,170548280,4
2022,170548282,4
2022,170548284,4
2022,170548286,4
2022,170548288,4
2022,170548291,4
2022,170548293,4
2022,170548295,4
2022,170548296,4
2022,170548298,4
2022,170548300,4
2022,170548302,4
2022,170548304,4
2022,170548306,4
2022,170548307,4
2022,170548309,4
2022,170648729,5
2022,170648731,3
2022,170876024,4
2022,170800113,4
2022,170876026,4
2022,170876027,4
2022,170876028,4
2022,170876029,4
2022,170876030,5
2022,170800115,4
2022,170800116,4
2022,170800118,4
2022,176197363,5
2022,170800121,4
2022,170800122,4
2022,170800123,4
2022,170800124,4
2022,170800125,4
2022,170800126,4
2022,170800131,4
2022,170800133,4
2022,170800134,4
2022,170800135,6
2022,170800144,5
2022,170876032,3
2022,170876034,4
2022,170876035,4
2022,170876037,4
2022,170800151,5
2022,170800153,4
2022,170800154,4
2022,170876038,6
2022,170800165,4
2022,170800170,4
2022,170800173,4
2022,170800176,4
2022,170800198,5
2022,170876039,4
2022,170876040,4
2022,170876041,4
2022,170876042,4
2022,170876044,4
2022,170876045,4
2022,170876046,4
2022,170876047,4
2022,170876048,4
2022,170876050,4
2022,170876051,4
2022,170876052,4
2022,170876053,3
2022,170876055,3
2022,170876057,4
2022,170876058,4
2022,170876060,4
2022,170876061,4
2022,170876062,4
2022,170876063,4
2022,170876064,4
2022,170876065,4
2022,170876067,4
2022,170876068,4
2022,170876070,4
2022,170876072,4
2022,170876073,4
2022,170876074,4
2022,170876075,4
2022,170876079,4
2022,170876080,4
2022,170876082,5
2022,170876083,4
2022,170874230,4
2022,170876084,4
2022,170876087,4
2022,170876091,6
2022,170876093,6
2022,170876094,4
2022,170876095,6
2022,170876096,6
2022,170876098,6
2022,170876099,6
2022,170876105,5
2022,170876114,5
2022,170876120,3
2022,170876125,4
2022,170876126,4
2022,171043846,4
2022,171043847,4
2022,171043848,4
2022,171043849,4
2022,171043850,4
2022,171043851,4
2022,170957308,3
2022,171043852,4
2022,171043853,4
2022,171043854,4
2022,170957311,4
2022,170957312,4
2022,170957313,5
2022,170957317,4
2022,170957319,4
2022,170950745,4
2022,170957321,4
2022,170957322,4
2022,170957323,4
2022,170957325,4
2022,170957326,4
2022,170957329,4
2022,170957331,4
2022,170957333,4
2022,170957338,4
2022,170957342,4
2022,170957343,4
2022,170957346,4
2022,170957363,4
2022,170957364,6
2022,170957369,4
2022,170957370,4
2022,183715134,5
2022,170957388,5
2022,170957393,4
2022,170957394,4
2022,170957396,3
2022,170957401,4
2022,170957403,4
2022,170957404,4
2022,170957409,4
2022,170957412,4
2022,171043857,4
2022,171043859,4
2022,171043861,4
2022,171043863,4
2022,171043864,4
2022,171043865,4
2022,171043867,4
2022,171043868,4
2022,171043869,4
2022,171043870,4
2022,171043871,5
2022,171043879,4
2022,171043880,4
2022,171104208,4
2022,171104210,4
2022,171116254,4
2022,171116255,3
2022,171116256,3
2022,171116257,3
2022,171116258,3
2022,171116259,3
2022,171116260,3
2022,171116261,3
2022,171116263,3
2022,171116269,6
2022,171116270,6
2022,171116271,5
2022,171116275,6
2022,171116277,6
2022,171116278,6
2022,171116282,6
2022,171116283,6
2022,171116284,6
2022,176197365,6
2022,171116291,6
2022,171116292,6
2022,171116293,6
2022,171116295,6
2022,171240862,4
2022,171240864,4
2022,171240865,5
2022,171240866,5
2022,171305687,4
2022,171305691,4
2022,171305700,5
2022,171305708,5
2022,171305711,5
2022,171305712,5
2022,171305713,5
2022,171305751,5
2022,171305754,5
2022,171305761,5
2022,171402082,4
2022,171402083,4
2022,171402084,4
2022,171402085,4
2022,171402086,4
2022,171402087,4
2022,171402088,4
2022,171402089,4
2022,171402091,4
2022,171402092,4
2022,171402093,4
2022,171402094,4
2022,171402100,6
2022,171402113,6
2022,171402117,4
2022,172370551,4
2022,173169081,4
2022,173169083,4
2022,173169084,4
2022,171571644,4
2022,183524023,5
2022,171734981,4
2022,171734983,5
2022,171734985,4
2022,171734987,4
2022,171734989,5
2022,171734992,4
2022,171734993,3
2022,171709330,4
2022,171734997,4
2022,171735000,1
2022,171735001,4
2022,171735003,4
2022,171735006,4
2022,171735008,4
2022,171735010,4
2022,171735012,4
2022,171735017,4
2022,171735022,4
2022,171735025,4
2022,171735027,4
2022,171735030,4
2022,171735034,4
2022,171735038,4
2022,171735043,4
2022,171735044,4
2022,171735047,4
2022,171735058,6
2022,171735059,5
2022,173040901,4
2022,171735070,4
2022,171735078,4
2022,171735085,4
2022,171735087,4
2022,171735089,4
2022,171735094,4
2022,171735098,4
2022,171735109,4
2022,171735113,4
2022,171830780,4
2022,171830781,4
2022,171830782,4
2022,171830783,6
2022,171830784,4
2022,171830785,4
2022,171830786,4
2022,171830787,5
2022,171830788,4
2022,171830789,4
2022,171830790,4
2022,171830792,4
2022,171830794,4
2022,171830795,6
2022,171830796,4
2022,171830797,4
2022,171830798,4
2022,171830799,4
2022,171805595,4
2022,171805596,4
2022,171830801,4
2022,171805597,4
2022,171805598,4
2022,171830803,6
2022,183524030,4
2022,171805599,4
2022,171830805,4
2022,171805600,4
2022,171805601,4
2022,171805602,4
2022,171805603,4
2022,171830806,4
2022,171805604,4
2022,171805605,4
2022,171830807,5
2022,171805606,4
2022,171830811,4
2022,171805607,4
2022,171805608,4
2022,171830812,4
2022,171830813,5
2022,171830814,4
2022,171830815,4
2022,171830816,4
2022,171830817,4
2022,171830818,4
2022,171830819,4
2022,171830823,6
2022,171830824,6
2022,171830825,6
2022,171830828,4
2022,171830829,4
2022,171830830,4
2022,171830831,5
2022,171830832,4
2022,171830834,4
2022,171830835,5
2022,171830836,6
2022,171830837,5
2022,171830838,5
2022,172001523,4
2022,172001524,4
2022,172001526,4
2022,172001527,4
2022,171967313,4
2022,172001529,4
2022,171967314,4
2022,171967315,4
2022,172001530,4
2022,171978714,5
2022,172001531,4
2022,172001533,4
2022,172001534,4
2022,171978717,4
2022,172001536,4
2022,183415235,4
2022,183415284,5
2022,172001543,5
2022,172001544,4
2022,172001546,4
2022,172001547,4
2022,172001550,4
2022,172001551,4
2022,172001552,4
2022,172001553,4
2022,172001554,4
2022,172001555,4
2022,172001556,4
2022,172001557,4
2022,172001558,4
2022,172001559,4
2022,172001560,4
2022,172001561,3
2022,172001562,4
2022,172001563,6
2022,172001564,6
2022,172001566,4
2022,172001568,4
2022,172001569,4
2022,172001570,5
2022,183415356,3
2022,172001572,4
2022,172001573,4
2022,172001574,4
2022,172001575,4
2022,172001577,4
2022,172001578,5
2022,172001580,4
2022,172001584,4
2022,183715274,4
2022,172001586,4
2022,172001587,3
2022,172293774,4
2022,172293776,4
2022,172293778,4
2022,172293859,4
2022,172293863,4
2022,172356252,4
2022,172356253,4
2022,172356254,6
2022,172356255,6
2022,172356256,6
2022,172356257,6
2022,172356258,6
2022,172356259,6
2022,172356260,6
2022,172356261,6
2022,172356262,6
2022,172356263,6
2022,172356264,6
2022,172356265,6
2022,172356266,4
2022,172370561,6
2022,172370564,6
2022,172370568,6
2022,172370570,6
2022,172370572,6
2022,172370580,4
2022,172370584,6
2022,172370597,4
2022,172370609,5
2022,172370621,6
2022,172370625,6
2022,172370626,6
2022,172370628,6
2022,172370630,6
2022,172370633,6
2022,172370636,6
2022,172370638,6
2022,172681812,6
2022,172681815,6
2022,172681817,6
2022,172681819,6
2022,172681820,6
2022,172681821,5
2022,172681823,6
2022,183415426,6
2022,172681825,5
2022,172681827,3
2022,172681829,6
2022,183524034,6
2022,172681832,6
2022,172681833,6
2022,172681834,6
2022,172681835,6
2022,172681836,6
2022,172681837,6
2022,172681838,6
2022,172681839,4
2022,172681840,6
2022,172681843,6
2022,172681847,6
2022,172681851,6
2022,172681854,6
2022,172701296,4
2022,172701297,4
2022,172701298,4
2022,172701300,4
2022,172701301,4
2022,172701302,4
2022,172701303,4
2022,172701306,4
2022,172701308,4
2022,172701311,4
2022,172701313,4
2022,172701314,4
2022,172701315,4
2022,172701316,4
2022,172701317,4
2022,172701318,4
2022,172701320,4
2022,172701321,4
2022,172701322,4
2022,172701324,4
2022,172701325,4
2022,172701326,4
2022,172701327,4
2022,172701329,4
2022,172701330,4
2022,172701331,4
2022,172701333,4
2022,172701334,4
2022,172701337,4
2022,172701338,4
2022,172701339,4
2022,172701340,4
2022,172701341,4
2022,172701342,4
2022,172701344,4
2022,172701345,3
2022,172701347,4
2022,172701349,4
2022,172701350,4
2022,172701352,6
2022,172701353,4
2022,172701355,4
2022,172701357,4
2022,172701358,4
2022,172701360,4
2022,172701361,4
2022,172701363,4
2022,172701364,4
2022,172786455,4
2022,172786456,4
2022,172786457,4
2022,172786458,4
2022,172786459,4
2022,172786460,4
2022,172786462,4
2022,172786463,4
2022,172786465,6
2022,172786467,4
2022,172786468,4
2022,172786469,4
2022,172786470,4
2022,172786473,4
2022,172786475,4
2022,176203173,5
2022,172786478,4
2022,172786480,4
2022,172786481,4
2022,172786482,4
2022,172786483,4
2022,172786484,4
2022,172786485,3
2022,172786487,4
2022,172786488,4
2022,172786489,4
2022,172786490,4
2022,172786491,4
2022,172786492,4
2022,172786493,4
2022,172786494,4
2022,172786495,4
2022,172786496,4
2022,172786497,3
2022,172880939,4
2022,172880942,4
2022,172880944,4
2022,172880946,4
2022,172880947,4
2022,172880948,4
2022,172880949,5
2022,172880951,4
2022,172880952,5
2022,172880955,4
2022,172880956,4
2022,172880957,4
2022,172880960,6
2022,172880963,4
2022,172880966,4
2022,172880968,4
2022,183524039,4
2022,172880973,4
2022,172880974,4
2022,173015467,4
2022,173015468,4
2022,173015471,4
2022,173015472,4
2022,173015475,4
2022,173015476,4
2022,173015479,4
2022,173015480,4
2022,173015482,4
2022,173015483,4
2022,173015484,4
2022,173015485,4
2022,173015486,4
2022,173015487,4
2022,173015488,4
2022,173015489,4
2022,173015491,5
2022,173015493,4
2022,173015496,4
2022,173015497,4
2022,173015498,4
2022,173015499,3
2022,173015501,4
2022,173015502,4
2022,173015503,4
2022,173015505,4
2022,173015506,4
2022,173015508,4
2022,173015510,4
2022,173015512,4
2022,173015514,4
2022,173015515,4
2022,173015516,4
2022,173015517,4
2022,173015518,4
2022,173015520,4
2022,173015521,4
2022,173015522,4
2022,173015523,4
2022,173015524,4
2022,173015525,4
2022,173015527,4
2022,173015528,4
2022,173015529,4
2022,173015530,4
2022,173015536,5
2022,173015539,4
2022,173015540,4
2022,173015541,4
2022,173015542,4
2022,173015543,4
2022,173015545,4
2022,173015546,4
2022,173015548,4
2022,173015553,4
2022,173015555,4
2022,173015556,4
2022,173015558,4
2022,173015559,4
2022,173015560,4
2022,173015561,4
2022,173015562,3
2022,173015564,4
2022,173015565,4
2022,173015567,4
2022,173015568,4
2022,183524043,4
2022,173015571,4
2022,173015572,4
2022,173015576,4
2022,173015579,4
2022,173015580,4
2022,173015581,4
2022,173015582,4
2022,173015583,3
2022,183715375,4
2022,173015588,3
2022,173097588,4
2022,173097593,4
2022,173097604,4
2022,173097605,4
2022,173097610,4
2022,173097613,4
2022,173097614,4
2022,173097627,4
2022,173097630,4
2022,173097632,4
2022,173097639,4
2022,173097642,6
2022,173097645,5
2022,173097647,5
2022,173097649,5
2022,173097651,4
2022,173097653,4
2022,173097655,4
2022,173097656,4
2022,173097658,4
2022,173097659,4
2022,173097666,5
2022,173097668,6
2022,173097669,4
2022,173097670,6
2022,173097672,4
2022,173097674,4
2022,173097675,4
2022,173097677,5
2022,173097678,4
2022,173097680,6
2022,173097684,4
2022,173097694,5
2022,173097699,4
2022,173097701,4
2022,173097702,5
2022,173097705,4
2022,173097707,4
2022,173097717,3
2022,173097724,4
2022,173097726,4
2022,173097728,4
2022,173097729,4
2022,173097731,4
2022,173097736,4
2022,173097741,4
2022,173097744,4
2022,173097746,4
2022,173097751,4
2022,173097753,4
2022,173097754,4
2022,173097756,3
2022,173097757,4
2022,173097759,4
2022,173097761,4
2022,173097763,4
2022,173097764,5
2022,173097766,4
2022,176197370,4
2022,173097769,4
2022,173097771,4
2022,173097772,4
2022,173097774,4
2022,173097777,4
2022,173097780,4
2022,173097784,4
2022,173097785,4
2022,173097787,4
2022,173097788,4
2022,173097790,4
2022,173097792,4
2022,173097794,4
2022,173097795,4
2022,173097797,4
2022,173097798,4
2022,173097800,4
2022,173097802,4
2022,173169168,4
2022,173169169,4
2022,173169172,4
2022,173169173,4
2022,173169176,4
2022,173169178,4
2022,173169180,4
2022,173169181,4
2022,183524047,4
2022,173169185,4
2022,173169187,4
2022,173169189,4
2022,173169191,4
2022,173169194,4
2022,173169196,4
2022,173169198,4
2022,173169200,4
2022,173169202,4
2022,173169204,4
2022,173169206,4
2022,173169207,4
2022,173169209,4
2022,173169212,4
2022,176197371,5
2022,173704269,4
2022,173704270,4
2022,173704271,4
2022,174541075,4
2022,183953994,4
2022,174541076,4
2022,174541077,4
2022,174541079,4
2022,174541080,4
2022,173704275,4
2022,174541081,4
2022,174541082,4
2022,174541083,4
2022,174485399,4
2022,183524050,4
2022,174541085,4
2022,174541087,4
2022,173704278,5
2022,173704280,5
2022,174541088,4
2022,174541089,4
2022,174541090,4
2022,174541091,4
2022,174541095,5
2022,174485400,4
2022,173704282,4
2022,174541098,4
2022,174541099,4
2022,174485401,6
2022,174485402,4
2022,174485404,4
2022,173704284,4
2022,173704285,6
2022,173704286,5
2022,173704289,3
2022,174541100,4
2022,174541101,4
2022,173704291,4
2022,173704292,4
2022,173704293,4
2022,174541102,4
2022,174541103,4
2022,187489834,4
2022,174541106,4
2022,174541107,4
2022,173704295,4
2022,173704296,4
2022,173704298,4
2022,174541108,4
2022,173704300,4
2022,173704301,6
2022,173704302,4
2022,174541109,4
2022,174541110,4
2022,173704307,4
2022,174541111,4
2022,183604447,4
2022,174541113,4
2022,174541114,4
2022,174541115,4
2022,174541116,4
2022,174541117,4
2022,174541118,4
2022,174485413,6
2022,174485415,4
2022,174485416,5
2022,173704308,3
2022,174541119,4
2022,174541120,4
2022,174541122,4
2022,174541123,4
2022,174541124,4
2022,174541125,4
2022,174485417,4
2022,173704312,4
2022,173704314,4
2022,174541126,3
2022,174541128,3
2022,174541130,4
2022,173704315,4
2022,173704316,4
2022,173704317,4
2022,174541134,4
2022,174541135,6
2022,174541136,4
2022,174541137,3
2022,174541139,4
2022,174541140,4
2022,174541141,4
2022,174541142,4
2022,174541143,5
2022,174541144,4
2022,174541145,4
2022,173704323,4
2022,176714040,1
2022,173704324,6
2022,173704326,4
2022,174541146,4
2022,174541147,4
2022,174541148,4
2022,174541149,4
2022,174541150,4
2022,174541151,4
2022,174541152,4
2022,174541153,4
2022,174541154,4
2022,173704332,4
2022,173704333,6
2022,173704334,5
2022,173704335,4
2022,173704337,4
2022,173704338,4
2022,173704340,4
2022,174541156,6
2022,174485424,4
2022,174485425,5
2022,173704341,4
2022,173704342,4
2022,173704343,4
2022,174541158,4
2022,174541159,4
2022,174541160,4
2022,173704344,6
2022,173704347,4
2022,173704348,4
2022,173704350,4
2022,173704351,4
2022,173704352,4
2022,173704353,4
2022,173704355,4
2022,173704356,4
2022,173704357,6
2022,173704358,4
2022,173704359,4
2022,173704360,4
2022,174541161,4
2022,174541163,4
2022,173704363,4
2022,173704365,5
2022,173704366,4
2022,173704367,4
2022,173704369,4
2022,174541164,4
2022,174485433,4
2022,174485434,4
2022,174541165,4
2022,174541168,4
2022,173704370,4
2022,173704371,5
2022,173704372,4
2022,173704373,5
2022,173704375,4
2022,173704376,4
2022,173704378,4
2022,173704379,4
2022,173704380,4
2022,173704382,4
2022,174541169,4
2022,174485438,4
2022,173704383,6
2022,174485439,4
2022,174485440,6
2022,174485441,4
2022,174541172,4
2022,174541173,4
2022,173704385,6
2022,173704387,4
2022,173704388,4
2022,173704389,4
2022,174485443,4
2022,174541175,4
2022,173704394,4
2022,173704395,6
2022,173704396,4
2022,173704397,4
2022,173704399,4
2022,173704400,4
2022,173704402,4
2022,174541179,4
2022,174541180,4
2022,174541182,4
2022,174541184,4
2022,174541185,4
2022,174541187,4
2022,183524059,5
2022,173704405,5
2022,173704406,4
2022,173704407,5
2022,173704410,4
2022,173704412,4
2022,173704413,4
2022,183715491,3
2022,173704415,4
2022,173704416,3
2022,173704417,4
2022,174485449,4
2022,174485450,4
2022,174485451,4
2022,174541190,4
2022,174541191,4
2022,173704424,6
2022,173704426,4
2022,173704427,4
2022,173704428,4
2022,173704429,4
2022,174485455,4
2022,174541192,4
2022,174541193,4
2022,173704432,4
2022,174485461,4
2022,174485462,6
2022,174485463,4
2022,174541194,4
2022,174541195,4
2022,174541196,4
2022,174541197,4
2022,174541198,4
2022,174541200,4
2022,173704438,4
2022,173704439,6
2022,173704441,4
2022,173704442,4
2022,173704443,4
2022,173704444,4
2022,173704445,4
2022,173704446,4
2022,174485469,4
2022,174485470,4
2022,174541203,6
2022,173704448,4
2022,173704449,4
2022,174485475,4
2022,174485476,4
2022,174485477,4
2022,174541204,4
2022,174541206,4
2022,174541207,4
2022,185494034,4
2022,183604449,4
2022,173704454,6
2022,173704455,4
2022,173704457,3
2022,173704458,3
2022,173704459,4
2022,173704460,4
2022,173704461,4
2022,174541210,4
2022,174541211,4
2022,174541212,4
2022,174485481,3
2022,174541213,4
2022,174541214,4
2022,174541215,4
2022,174541216,4
2022,173704463,4
2022,173704464,4
2022,173704465,5
2022,173704466,4
2022,173704468,3
2022,173704470,6
2022,173704472,3
2022,173704475,4
2022,173704476,4
2022,174485482,4
2022,174541217,4
2022,174541218,4
2022,174541220,5
2022,174541221,4
2022,173704481,4
2022,173704483,4
2022,173704484,4
2022,173704486,4
2022,174485488,4
2022,174485489,6
2022,174541223,4
2022,174541224,4
2022,174541225,4
2022,174541226,4
2022,174541227,4
2022,173704489,4
2022,173704490,6
2022,173704491,6
2022,173704492,6
2022,173704494,4
2022,173704495,4
2022,173704496,4
2022,173704498,4
2022,174485497,6
2022,174485498,4
2022,174485499,4
2022,174485500,6
2022,174485501,4
2022,174485502,4
2022,174485503,4
2022,174485504,4
2022,174485505,4
2022,174485506,4
2022,174485507,4
2022,174541228,4
2022,174541232,4
2022,178253821,4
2022,174541234,5
2022,174541235,4
2022,174541237,4
2022,174541238,4
2022,173704507,6
2022,173704508,6
2022,173704513,6
2022,173704515,4
2022,173704516,4
2022,173704517,4
2022,173704518,4
2022,173704519,4
2022,173704520,4
2022,173704521,4
2022,173704527,5
2022,173704528,1
2022,173704530,4
2022,173704532,4
2022,173704533,4
2022,173704535,4
2022,188846142,4
2022,173704541,4
2022,174178201,4
2022,174178202,4
2022,174178203,4
2022,174178204,4
2022,174178205,4
2022,174178206,4
2022,174312690,4
2022,174312691,4
2022,174312692,4
2022,174312693,4
2022,174312694,4
2022,174312695,4
2022,174312696,4
2022,174312697,4
2022,174312698,4
2022,174312699,4
2022,174312700,4
2022,174314883,4
2022,174314884,4
2022,174314885,4
2022,174314886,4
2022,174314887,4
2022,174314888,4
2022,174314889,4
2022,174314890,4
2022,174314891,4
2022,174314892,4
2022,174314893,4
2022,174314894,4
2022,174314895,4
2022,174314898,4
2022,174314899,4
2022,174314900,4
2022,174314901,4
2022,174314902,4
2022,174314903,4
2022,174314904,4
2022,174314905,4
2022,174314906,4
2022,174314907,4
2022,174314908,4
2022,174314909,4
2022,174314910,4
2022,174314911,4
2022,174406047,4
2022,174406049,4
2022,174406051,4
2022,174406052,4
2022,174406053,4
2022,174406054,4
2022,174406055,4
2022,174406056,4
2022,176197372,6
2022,176197375,4
2022,175908578,4
2022,175055867,4
2022,175055868,4
2022,175055869,4
2022,175055870,4
2022,175055871,4
2022,175055872,4
2022,175631354,4
2022,175631355,4
2022,176197379,5
2022,176197380,6
2022,176197381,6
2022,176197383,3
2022,176197384,6
2022,176197385,4
2022,176197386,4
2022,176197387,4
2022,176197388,4
2022,176197389,4
2022,176197390,4
2022,176197391,3
2022,183954017,6
2022,183954020,6
2022,175908580,4
2022,175908581,4
2022,175908582,6
2022,175055876,6
2022,175055877,4
2022,175055878,4
2022,175055879,3
2022,175055881,4
2022,175055882,4
2022,175055883,4
2022,176197397,4
2022,176197398,4
2022,176197399,3
2022,176197401,4
2022,176197402,3
2022,175055884,5
2022,175908583,6
2022,175055890,5
2022,175055892,3
2022,175055893,4
2022,175055894,4
2022,176197407,3
2022,176197409,5
2022,176197410,4
2022,175055895,5
2022,175055896,5
2022,175055899,6
2022,175055901,6
2022,175055902,6
2022,175055903,6
2022,175055906,6
2022,178253823,6
2022,175055913,6
2022,175055914,3
2022,175055916,3
2022,175055918,4
2022,175055920,3
2022,175055921,3
2022,175055922,3
2022,175055924,3
2022,175055925,3
2022,177803422,4
2022,176197413,5
2022,176197414,4
2022,176197415,5
2022,176197417,4
2022,176197419,4
2022,176197420,4
2022,176197421,4
2022,176197422,4
2022,175908584,4
2022,175908585,6
2022,175055932,5
2022,175055936,4
2022,175055937,4
2022,175055938,5
2022,175055941,3
2022,175055944,4
2022,175055945,4
2022,175055946,4
2022,175055947,4
2022,175055948,4
2022,175055952,4
2022,176197432,1
2022,176197433,4
2022,176197434,4
2022,176197435,4
2022,176197436,4
2022,176197437,4
2022,175908586,4
2022,175055957,5
2022,175055960,5
2022,175055962,4
2022,175055963,4
2022,175055964,6
2022,176197441,4
2022,176197442,4
2022,176197443,4
2022,176197448,4
2022,176197449,4
2022,176197450,4
2022,176197451,4
2022,175055966,6
2022,175055967,6
2022,175055968,6
2022,175055969,6
2022,175055970,6
2022,175055975,6
2022,175055979,6
2022,183954027,4
2022,175631398,4
2022,188846143,4
2022,175908588,6
2022,176197453,6
2022,175055982,4
2022,175055984,4
2022,175055986,3
2022,176197454,4
2022,176197455,4
2022,176197457,4
2022,176197460,4
2022,176197461,4
2022,176197463,4
2022,176197464,4
2022,175908590,4
2022,175908591,4
2022,175908593,5
2022,175908595,6
2022,175908596,4
2022,175908598,4
2022,175908599,4
2022,175908601,4
2022,176197467,5
2022,176197469,4
2022,176197470,4
2022,176197472,4
2022,183954031,4
2022,176197473,4
2022,176197475,4
2022,175908604,4
2022,175908605,4
2022,175908606,4
2022,176197477,4
2022,176197479,4
2022,176197480,4
2022,176197481,4
2022,176197482,6
2022,176197483,4
2022,175908609,4
2022,175908610,4
2022,175908611,4
2022,175908613,4
2022,175908614,4
2022,175845777,4
2022,175845778,4
2022,175845779,4
2022,175845780,6
2022,175845781,4
2022,175845782,4
2022,175845783,4
2022,176197487,5
2022,176197488,4
2022,176197489,4
2022,176197490,3
2022,176197491,4
2022,176197492,4
2022,176197493,6
2022,175908616,4
2022,175845785,4
2022,176197498,4
2022,176197499,6
2022,176197501,4
2022,176197503,4
2022,176197504,4
2022,176197505,4
2022,176197506,4
2022,176197507,5
2022,176197508,4
2022,176197509,4
2022,176197510,4
2022,176197512,4
2022,176197513,4
2022,176197514,4
2022,176197515,4
2022,176197516,4
2022,176197517,4
2022,176197518,4
2022,176197519,4
2022,176197520,4
2022,176197521,6
2022,176197522,4
2022,176197523,4
2022,176197524,4
2022,175908622,4
2022,175908624,6
2022,175845786,4
2022,175845788,4
2022,175845789,5
2022,175845791,4
2022,175845792,4
2022,175845793,4
2022,175845794,5
2022,175845796,4
2022,175845797,4
2022,175845798,4
2022,175845799,4
2022,176197529,5
2022,176197530,4
2022,176197532,4
2022,176197533,4
2022,176197534,5
2022,176197535,4
2022,175908631,4
2022,176197538,4
2022,176197539,4
2022,176197540,4
2022,176197541,3
2022,176197542,4
2022,176197543,4
2022,176197544,4
2022,176197546,4
2022,175845801,4
2022,175845802,4
2022,175845803,4
2022,184061059,4
2022,176197563,4
2022,176197566,4
2022,176197568,6
2022,176197569,5
2022,176197570,4
2022,176197571,4
2022,176197572,5
2022,176197574,4
2022,176197575,4
2022,176197576,3
2022,176197577,5
2022,176197578,5
2022,176197579,4
2022,176197580,3
2022,176197581,3
2022,176197582,4
2022,176197583,4
2022,176197584,4
2022,176197585,4
2022,176197586,3
2022,176197587,4
2022,176197588,6
2022,176197589,4
2022,176197590,3
2022,176197592,5
2022,176197594,5
2022,176197596,4
2022,176197597,4
2022,176197598,4
2022,176197599,4
2022,175908644,6
2022,175845809,4
2022,175845810,4
2022,175845811,3
2022,175845813,4
2022,175845814,4
2022,175845815,4
2022,175845818,4
2022,176197600,4
2022,183524070,5
2022,176197602,4
2022,176197603,4
2022,176197604,4
2022,183954034,4
2022,175845819,4
2022,175845820,4
2022,175845821,4
2022,175893869,4
2022,176197606,4
2022,175893870,4
2022,176197607,4
2022,175893871,4
2022,176197609,4
2022,175893872,4
2022,176197610,4
2022,176197611,5
2022,175893873,4
2022,175893874,4
2022,175893875,4
2022,175893876,4
2022,175893877,4
2022,175908653,6
2022,175893878,4
2022,175908654,4
2022,175893879,4
2022,175908655,6
2022,175893880,4
2022,175908657,4
2022,175908658,4
2022,175908659,4
2022,175908660,4
2022,175893881,4
2022,175893882,4
2022,175908661,4
2022,175893883,4
2022,176197612,4
2022,175893884,4
2022,176197613,4
2022,183524072,3
2022,176197615,4
2022,175893885,4
2022,175893886,4
2022,175893887,4
2022,175893888,4
2022,175893889,4
2022,175893890,4
2022,175908665,6
2022,175893891,4
2022,175908670,4
2022,175893892,4
2022,175908671,4
2022,175893893,4
2022,175908672,4
2022,175908674,4
2022,176197618,5
2022,176197620,4
2022,175908679,4
2022,176197621,4
2022,183524074,4
2022,176197623,4
2022,176197624,4
2022,176197625,4
2022,176197626,4
2022,176197627,4
2022,175908693,4
2022,175908695,4
2022,175908696,4
2022,175908697,4
2022,175911691,4
2022,175908698,4
2022,175908699,4
2022,175908700,4
2022,175908701,4
2022,175908702,4
2022,175911692,4
2022,175908703,4
2022,175911693,4
2022,175911694,4
2022,175911695,4
2022,175911696,4
2022,175911697,4
2022,175911698,4
2022,175911699,4
2022,175911700,4
2022,175911701,4
2022,175911702,4
2022,175911703,4
2022,175911704,4
2022,175911705,4
2022,175911706,4
2022,175911709,4
2022,175911710,4
2022,175911711,4
2022,175911712,4
2022,178253827,4
2022,175911714,4
2022,175911715,4
2022,175911716,4
2022,175911717,4
2022,175911718,4
2022,175911719,4
2022,175911720,4
2022,175911721,4
2022,175911722,4
2022,175941679,4
2022,176197628,4
2022,176197629,4
2022,176197630,6
2022,176197631,4
2022,176197632,4
2022,176197633,4
2022,176197635,1
2022,176197636,4
2022,176197637,4
2022,176197638,4
2022,176197639,4
2022,176197640,4
2022,176197641,6
2022,176197642,6
2022,176197643,4
2022,176197644,4
2022,176197645,4
2022,176197646,4
2022,183604450,4
2022,176197649,4
2022,176197650,4
2022,176197651,4
2022,176197652,4
2022,176197653,4
2022,176197659,4
2022,176197660,4
2022,176197661,4
2022,176197662,4
2022,176197663,4
2022,176197664,6
2022,176110035,4
2022,176110036,4
2022,176110037,4
2022,176110040,4
2022,176110041,4
2022,176110044,4
2022,176110045,4
2022,176110046,4
2022,176110047,4
2022,176110048,4
2022,176110049,4
2022,176110050,4
2022,176110051,4
2022,176110052,4
2022,176110053,4
2022,176110054,4
2022,176110055,4
2022,176110057,4
2022,176110058,4
2022,176197668,6
2022,176197672,4
2022,176110059,4
2022,176197673,6
2022,176197674,6
2022,176197675,6
2022,176197676,6
2022,176110068,3
2022,176197677,4
2022,176197678,4
2022,176197679,4
2022,176197680,4
2022,176197681,4
2022,176110071,4
2022,176110072,4
2022,188846144,4
2022,176110075,4
2022,176197682,4
2022,176197684,4
2022,183954037,4
2022,176110076,4
2022,176110077,4
2022,176110078,4
2022,176197685,4
2022,176197686,4
2022,176197687,4
2022,176197689,4
2022,176110080,4
2022,176110081,4
2022,176110082,4
2022,176197690,4
2022,176197691,4
2022,176197692,4
2022,176197693,4
2022,176197694,4
2022,176197695,4
2022,176197696,4
2022,176197697,4
2022,176110085,5
2022,183954040,4
2022,176110087,3
2022,176110088,3
2022,176110089,3
2022,176110091,4
2022,176110093,4
2022,176087951,4
2022,176107178,4
2022,176107180,4
2022,176107181,4
2022,176107182,4
2022,176107183,4
2022,176107185,4
2022,176107188,1
2022,176107190,4
2022,176107192,5
2022,176197699,4
2022,176107198,4
2022,176107200,3
2022,176107204,4
2022,176107209,5
2022,176107216,6
2022,176107220,6
2022,176107229,4
2022,176110100,4
2022,177803424,4
2022,177803426,6
2022,177803429,4
2022,177803430,4
2022,177803431,4
2022,177803436,6
2022,177803468,4
2022,177803469,4
2022,177848803,4
2022,177803471,4
2022,177803473,6
2022,177848805,5
2022,177848811,5
2022,176714059,4
2022,176714061,4
2022,176714062,4
2022,183524082,4
2022,177803476,5
2022,177803478,4
2022,177803479,4
2022,177803481,4
2022,177803483,5
2022,177803484,5
2022,177803486,4
2022,177803487,5
2022,177803489,4
2022,177803491,4
2022,177803492,5
2022,177803493,4
2022,177803494,4
2022,177803495,5
2022,177803496,4
2022,177803497,5
2022,177803498,4
2022,177803499,4
2022,177803500,4
2022,183748200,3
2022,177803503,5
2022,177803504,4
2022,177803505,4
2022,177803506,4
2022,177803507,4
2022,176714065,3
2022,176714066,4
2022,176714069,4
2022,176714071,4
2022,177803508,4
2022,177803509,4
2022,177803510,4
2022,177803511,4
2022,177803514,4
2022,177803515,4
2022,177803516,4
2022,177803517,4
2022,177803518,4
2022,177803519,4
2022,177803520,4
2022,177803522,4
2022,177803523,4
2022,177803524,4
2022,177803525,4
2022,177803526,4
2022,177803527,4
2022,177803529,4
2022,177803530,4
2022,177848815,4
2022,177803532,4
2022,177803533,4
2022,177803534,4
2022,177803535,4
2022,177803536,4
2022,177803537,4
2022,177803539,4
2022,177803540,4
2022,177803541,4
2022,177803542,4
2022,183748201,4
2022,177803544,4
2022,177803545,4
2022,177803546,4
2022,177803547,4
2022,177803548,4
2022,177803549,4
2022,177803550,4
2022,177803551,4
2022,177803552,4
2022,177803553,4
2022,177803554,4
2022,177803555,4
2022,177803556,4
2022,177803557,4
2022,177803558,4
2022,177803560,4
2022,176714072,4
2022,177803561,4
2022,177803562,4
2022,177803563,4
2022,177803564,3
2022,177803565,5
2022,177848816,4
2022,177848817,3
2022,178452377,6
2022,178452378,4
2022,176714097,4
2022,176714100,4
2022,176714101,4
2022,176714104,3
2022,176714106,4
2022,176714107,4
2022,176714109,4
2022,176714110,4
2022,176714112,4
2022,176714113,4
2022,176714117,4
2022,176714120,4
2022,176714121,4
2022,176714123,4
2022,176714124,3
2022,176714126,4
2022,176714127,4
2022,176714129,4
2022,176714130,4
2022,176714132,4
2022,176714133,4
2022,176714135,4
2022,176714136,4
2022,176714137,4
2022,176714139,4
2022,176714142,4
2022,177803567,4
2022,176714143,4
2022,176714148,3
2022,177848819,4
2022,177848820,4
2022,177848821,4
2022,176714151,4
2022,176714152,4
2022,176714165,4
2022,176714166,4
2022,176714178,6
2022,176714179,6
2022,176714182,5
2022,176714183,4
2022,176714186,6
2022,176714190,6
2022,176714195,3
2022,176714196,4
2022,176714197,4
2022,176714199,4
2022,176714202,4
2022,176714203,4
2022,176714205,4
2022,177803568,4
2022,177803569,4
2022,177803570,4
2022,177803571,4
2022,177803572,4
2022,177803573,4
2022,177848822,6
2022,177848825,4
2022,177848826,5
2022,177803574,4
2022,177848827,4
2022,177848830,4
2022,177848832,5
2022,177848835,4
2022,177848836,4
2022,177848838,4
2022,177848839,4
2022,177848840,4
2022,177848841,4
2022,177848843,4
2022,177848846,6
2022,177848851,4
2022,183954116,5
2022,177848860,3
2022,177848862,4
2022,177848864,4
2022,177848865,4
2022,177848866,4
2022,183524089,6
2022,177848869,4
2022,177848870,4
2022,177448561,4
2022,177848871,4
2022,177448562,4
2022,177848872,4
2022,177848873,4
2022,177848878,4
2022,177848880,4
2022,183604451,4
2022,183524093,4
2022,177848883,3
2022,177848884,4
2022,177848885,6
2022,177488948,4
2022,177503106,4
2022,177503107,4
2022,177505763,4
2022,177505764,4
2022,177505765,4
2022,177505766,4
2022,177505767,4
2022,177505768,4
2022,177505769,4
2022,177505770,4
2022,177505771,4
2022,177505772,4
2022,177505773,4
2022,177505774,4
2022,177505775,4
2022,177505776,4
2022,177505777,4
2022,177505778,4
2022,177505779,4
2022,177505780,4
2022,177505781,4
2022,177505782,4
2022,177505783,4
2022,177505784,4
2022,177527124,4
2022,177507832,4
2022,177507833,4
2022,177507834,4
2022,177507835,4
2022,177507836,4
2022,177507837,4
2022,177507838,4
2022,177507839,4
2022,177507840,4
2022,177507841,4
2022,177527126,4
2022,177527127,4
2022,177527128,4
2022,177848889,6
2022,177848892,4
2022,177848893,4
2022,177848894,4
2022,177848895,4
2022,177848896,4
2022,177848897,4
2022,177848898,4
2022,177848899,4
2022,177848900,4
2022,177848902,4
2022,177848903,4
2022,177848904,4
2022,177848905,4
2022,177848907,6
2022,177848908,3
2022,177848909,3
2022,177848910,3
2022,177848911,3
2022,183954123,4
2022,177848916,4
2022,177848917,4
2022,177848919,4
2022,183524097,6
2022,177848921,5
2022,177848924,6
2022,177848925,4
2022,177848927,4
2022,177848929,4
2022,177848930,4
2022,177848932,4
2022,177848933,4
2022,177848935,4
2022,177848936,4
2022,177848937,4
2022,177848939,4
2022,177848940,4
2022,177848941,4
2022,177848959,6
2022,177848960,6
2022,177848961,6
2022,177848962,6
2022,177848963,6
2022,177848964,6
2022,177848965,6
2022,177848966,6
2022,177848967,6
2022,177848968,6
2022,177848969,6
2022,177848971,4
2022,177848972,4
2022,177848973,4
2022,177848975,4
2022,177848977,4
2022,177848979,4
2022,177848980,4
2022,177848981,4
2022,177848983,4
2022,177848985,4
2022,177848987,4
2022,177848988,4
2022,177848989,4
2022,177848991,4
2022,177848992,4
2022,177848993,4
2022,177848994,4
2022,177848995,4
2022,177848996,4
2022,177848998,4
2022,177848999,4
2022,177849000,4
2022,177849001,4
2022,177849002,4
2022,177849004,4
2022,177849005,4
2022,177849006,4
2022,177849008,4
2022,183524102,4
2022,177849011,4
2022,177849013,4
2022,177849015,4
2022,177849016,4
2022,177849018,3
2022,177849019,4
2022,177849020,4
2022,177849022,4
2022,177851109,4
2022,177851111,6
2022,177851112,6
2022,177851119,4
2022,177851121,4
2022,177851124,6
2022,177851126,3
2022,177851128,4
2022,177851129,4
2022,177851130,4
2022,178139038,4
2022,177851131,4
2022,177851136,6
2022,179971453,4
2022,185494038,4
2022,178139045,4
2022,178139046,4
2022,178139048,4
2022,178139049,4
2022,178139051,4
2022,178197643,4
2022,178139057,4
2022,178197647,4
2022,178197649,4
2022,178197652,4
2022,178139068,4
2022,178139069,4
2022,178139071,4
2022,178197657,4
2022,178197658,3
2022,178197660,4
2022,178197662,4
2022,178197664,4
2022,178139075,4
2022,178139076,4
2022,178139078,4
2022,178139079,4
2022,178139081,4
2022,178139083,4
2022,178197666,4
2022,178197668,4
2022,178197670,4
2022,178197672,4
2022,178197676,4
2022,178197681,4
2022,178197683,4
2022,178197685,4
2022,178139089,4
2022,178139090,4
2022,178197688,4
2022,178139095,4
2022,178139096,6
2022,178139098,4
2022,178139099,4
2022,178197694,4
2022,178197698,4
2022,178197700,4
2022,178197702,4
2022,178197708,4
2022,178139101,6
2022,178139102,4
2022,178139103,4
2022,178139104,3
2022,178139108,4
2022,178139109,4
2022,178197711,4
2022,178197717,4
2022,178197724,5
2022,178197725,4
2022,178197728,4
2022,178197732,4
2022,178197733,4
2022,178197736,4
2022,178139115,6
2022,178139116,6
2022,178139121,4
2022,178139125,4
2022,178139126,4
2022,178197741,4
2022,178197743,4
2022,178197744,4
2022,178197745,4
2022,178197746,4
2022,178197750,4
2022,178197751,4
2022,178139130,5
2022,178139135,4
2022,178139136,4
2022,178139137,4
2022,178139138,4
2022,178139139,4
2022,178139141,4
2022,178139143,4
2022,178139146,4
2022,178197753,4
2022,178197754,4
2022,185494039,4
2022,178197758,4
2022,178197759,4
2022,178139151,6
2022,178139152,4
2022,178139154,4
2022,178139155,4
2022,178197760,4
2022,178197762,4
2022,178197763,4
2022,178197765,4
2022,178139156,6
2022,178139157,6
2022,178139158,4
2022,178139159,4
2022,178197773,4
2022,178197777,4
2022,178197780,4
2022,178197783,4
2022,178197785,4
2022,178139167,6
2022,178139175,4
2022,178139182,4
2022,178139184,4
2022,179971454,5
2022,179971455,6
2022,178197787,4
2022,178197789,4
2022,178197791,4
2022,178197794,4
2022,178197796,4
2022,178197798,4
2022,178197800,4
2022,178197803,4
2022,178197805,3
2022,178197808,4
2022,178197810,4
2022,178197812,4
2022,178197816,3
2022,178197820,4
2022,179971463,4
2022,188846145,5
2022,179971465,6
2022,178421971,4
2022,178253181,4
2022,178253183,3
2022,178253185,4
2022,178253186,4
2022,178253187,4
2022,178253188,4
2022,178253189,4
2022,178253195,4
2022,178253829,6
2022,178253831,3
2022,178253832,3
2022,178253834,3
2022,178253835,3
2022,178253837,5
2022,178253839,4
2022,178253840,6
2022,183524106,1
2022,178253844,4
2022,178421991,4
2022,179971468,6
2022,179971476,6
2022,179971478,6
2022,178421994,4
2022,178421995,5
2022,178421996,5
2022,178421997,5
2022,178421998,4
2022,178421999,3
2022,178422000,4
2022,178422002,4
2022,178422003,4
2022,178422004,4
2022,178422005,4
2022,178422008,4
2022,178422009,4
2022,178422010,4
2022,178422011,4
2022,178422014,4
2022,179971486,3
2022,178422015,4
2022,178422016,4
2022,179971488,6
2022,178422017,4
2022,178422020,4
2022,178422021,5
2022,178422023,4
2022,179971492,3
2022,178452379,4
2022,179971494,4
2022,179971495,3
2022,179971497,3
2022,179971499,4
2022,179971500,4
2022,181609253,6
2022,179971502,4
2022,178452388,4
2022,183604453,5
2022,178452391,6
2022,179971505,4
2022,179971506,3
2022,179971508,4
2022,179971509,4
2022,179971510,4
2022,179971513,3
2022,179971515,4
2022,179971517,4
2022,179971518,6
2022,179971519,4
2022,179971520,4
2022,178452401,4
2022,179971521,4
2022,179971522,6
2022,179971524,4
2022,179971525,6
2022,179971527,4
2022,179971531,4
2022,179971533,4
2022,179971536,4
2022,179971539,3
2022,179971543,4
2022,179971545,4
2022,179971547,4
2022,179971548,4
2022,179971549,4
2022,179971550,4
2022,179971551,4
2022,179971552,6
2022,179971553,5
2022,179971554,4
2022,179971561,4
2022,179971562,4
2022,179971563,4
2022,179971580,5
2022,179971585,4
2022,179971599,4
2022,179971600,4
2022,179971601,5
2022,179971607,4
2022,179971610,5
2022,179971613,4
2022,179971614,4
2022,179971621,4
2022,179971626,6
2022,179971633,4
2022,179971635,4
2022,179971638,4
2022,179971639,4
2022,179971642,4
2022,179971648,4
2022,179971649,4
2022,179971650,4
2022,179971655,4
2022,179971659,4
2022,179971660,5
2022,179971662,4
2022,179971669,4
2022,179971670,4
2022,179971671,4
2022,179971672,6
2022,179971677,4
2022,179971678,4
2022,179971680,4
2022,179971681,4
2022,179971682,6
2022,179971684,4
2022,179971685,4
2022,179971687,3
2022,179971690,4
2022,179971700,4
2022,179971702,3
2022,179971704,4
2022,179971705,4
2022,179971706,5
2022,179971708,4
2022,179971709,5
2022,183748204,4
2022,179971759,4
2022,179971760,4
2022,179971761,4
2022,179971762,4
2022,179971775,4
2022,179971776,5
2022,179971777,4
2022,179971779,4
2022,179971784,4
2022,179971785,4
2022,179971796,3
2022,179971802,4
2022,179971803,4
2022,179971804,4
2022,179971805,4
2022,179971806,4
2022,179971807,4
2022,179971808,4
2022,179971810,4
2022,179971812,4
2022,179971815,4
2022,179971820,4
2022,179971822,4
2022,179971833,4
2022,179971834,4
2022,179971835,5
2022,179971836,4
2022,179971840,4
2022,179971841,4
2022,179971842,4
2022,183604454,4
2022,179971845,4
2022,179971847,4
2022,179971848,4
2022,179971851,4
2022,179971860,4
2022,179971861,6
2022,179971862,5
2022,179971868,4
2022,179971870,4
2022,179971875,4
2022,179971876,4
2022,179971877,4
2022,179971880,4
2022,179971885,4
2022,179971889,6
2022,179971890,6
2022,179971891,5
2022,179971892,4
2022,179971893,3
2022,179971895,4
2022,183604455,4
2022,179971898,4
2022,179971902,4
2022,179971908,4
2022,179971911,4
2022,179971915,5
2022,179971916,5
2022,179971917,4
2022,179971918,4
2022,179971919,4
2022,179971920,4
2022,179971921,4
2022,179971922,4
2022,179971924,4
2022,179971927,4
2022,179971930,4
2022,179971931,6
2022,179971933,4
2022,179971934,4
2022,179971936,4
2022,179971937,4
2022,179971942,4
2022,179971944,4
2022,179971955,4
2022,179971956,4
2022,179971957,4
2022,179971958,4
2022,179971959,4
2022,179971960,3
2022,179971961,3
2022,179971964,4
2022,179971965,4
2022,179971967,4
2022,179971968,4
2022,179971969,4
2022,179971970,4
2022,179971971,5
2022,179971972,4
2022,179971973,4
2022,183954148,6
2022,179971984,5
2022,179971985,4
2022,179971987,6
2022,179971988,5
2022,179971990,4
2022,179971991,4
2022,179971992,4
2022,179971995,4
2022,179971996,4
2022,179971997,4
2022,179971998,4
2022,179972005,6
2022,179972007,4
2022,179972008,4
2022,179972009,4
2022,179972010,4
2022,179972022,4
2022,179972023,4
2022,179972024,4
2022,181069821,4
2022,179972026,4
2022,179972027,4
2022,179972028,4
2022,179972029,6
2022,179972031,6
2022,179972032,6
2022,179972033,4
2022,179972037,4
2022,179972038,4
2022,179972039,3
2022,179972040,4
2022,179972041,4
2022,179972042,4
2022,179972044,4
2022,179972046,6
2022,179972050,4
2022,179972052,4
2022,179972056,6
2022,179972057,6
2022,179972060,4
2022,179972062,4
2022,179972064,4
2022,179972065,4
2022,179972068,4
2022,179972069,4
2022,179972070,4
2022,179972071,4
2022,179972074,4
2022,179972075,4
2022,179972080,6
2022,179972081,4
2022,179972085,3
2022,179972086,4
2022,179972087,4
2022,179972088,4
2022,179972089,4
2022,179972091,5
2022,179972092,4
2022,179972093,4
2022,179972094,4
2022,179972095,4
2022,179972098,4
2022,179972103,6
2022,179972104,3
2022,179972107,4
2022,179972112,4
2022,187489837,4
2022,179972123,4
2022,179972132,6
2022,179972133,4
2022,179972134,4
2022,179972135,4
2022,179972138,4
2022,179972152,4
2022,179972154,4
2022,179972155,4
2022,179972157,4
2022,179972158,4
2022,179972159,4
2022,179972161,5
2022,179972164,6
2022,179972169,4
2022,179972177,4
2022,179972178,4
2022,179972179,4
2022,179972181,4
2022,179972182,3
2022,179972185,4
2022,179972186,4
2022,179972193,4
2022,179972194,4
2022,179972196,6
2022,179972198,6
2022,179972205,4
2022,179972206,4
2022,179972207,4
2022,179972208,4
2022,179972209,4
2022,179972212,4
2022,179972214,4
2022,179972217,6
2022,179972218,6
2022,179972219,6
2022,179972220,4
2022,179972223,4
2022,179972224,4
2022,179972226,4
2022,179972229,4
2022,179972230,4
2022,179972231,4
2022,179972235,4
2022,179972237,3
2022,179972241,4
2022,179972243,5
2022,179972245,4
2022,179972247,4
2022,179972248,4
2022,179972249,4
2022,179972254,3
2022,179972257,3
2022,179972258,4
2022,179972259,3
2022,179972263,5
2022,179972264,5
2022,179972272,4
2022,179972274,4
2022,179972280,6
2022,179972283,6
2022,179972284,6
2022,185494040,6
2022,179972288,5
2022,179972289,5
2022,179972290,5
2022,179972291,5
2022,179972294,6
2022,179972295,6
2022,179972296,6
2022,179972297,6
2022,179972300,6
2022,179972301,1
2022,179972303,6
2022,179972304,3
2022,179972307,3
2022,179972308,3
2022,179972310,3
2022,179972311,3
2022,179972313,3
2022,183748206,4
2022,179972315,5
2022,179972316,5
2022,179972317,5
2022,179972319,6
2022,179972320,6
2022,183604457,6
2022,179972328,4
2022,179972329,4
2022,179972331,4
2022,179972351,4
2022,179972355,4
2022,179972364,5
2022,179972367,4
2022,179972368,4
2022,185494041,4
2022,179972371,4
2022,179972372,4
2022,179972381,4
2022,179972383,4
2022,179972384,4
2022,179972385,4
2022,179972386,4
2022,179972391,6
2022,179972397,4
2022,185494042,4
2022,179972400,4
2022,179972406,4
2022,179972407,6
2022,179972408,6
2022,179972419,6
2022,179972422,4
2022,179972430,6
2022,179972436,6
2022,179972438,4
2022,179972442,5
2022,179972458,6
2022,179972465,4
2022,179972468,4
2022,179972475,6
2022,179972478,6
2022,179972491,6
2022,179972493,4
2022,179972494,4
2022,179972501,4
2022,179972503,5
2022,179972519,5
2022,179972521,4
2022,179972525,4
2022,179972531,4
2022,179972532,4
2022,179972534,4
2022,179972548,4
2022,179972549,4
2022,179972561,4
2022,179972566,5
2022,179972568,4
2022,179972569,5
2022,179972571,5
2022,179972574,1
2022,180988762,4
2022,179972610,4
2022,179972612,4
2022,179972643,4
2022,179972644,4
2022,179972645,4
2022,179972648,4
2022,179972650,4
2022,183954194,4
2022,179972653,3
2022,183604459,5
2022,179972655,4
2022,179972656,4
2022,179972657,4
2022,183604460,4
2022,179972659,5
2022,179972660,5
2022,179972661,4
2022,179972662,5
2022,179972664,5
2022,179972666,5
2022,179972668,4
2022,179972669,5
2022,179972671,5
2022,179972674,4
2022,179972677,5
2022,179972678,3
2022,179972679,4
2022,179972680,4
2022,179972682,4
2022,179972691,4
2022,179972692,4
2022,179972693,4
2022,179972694,4
2022,179972695,4
2022,179972696,4
2022,179972697,4
2022,179972709,4
2022,179972712,4
2022,179972713,6
2022,179972714,6
2022,179972715,6
2022,179972717,6
2022,179972722,4
2022,179972724,4
2022,179972729,4
2022,179972731,4
2022,179972732,6
2022,179972734,4
2022,179972742,3
2022,179972743,3
2022,179972744,4
2022,179972745,4
2022,179972746,4
2022,179972747,4
2022,179972748,4
2022,179972749,4
2022,179972750,4
2022,179972751,4
2022,179972752,4
2022,179972753,4
2022,179972754,4
2022,179972755,4
2022,179972756,4
2022,179972757,4
2022,179972758,4
2022,179972759,4
2022,179972760,4
2022,179972761,4
2022,179972762,6
2022,179972763,4
2022,179972764,4
2022,179972765,4
2022,179972782,4
2022,179972783,4
2022,179972784,6
2022,179972785,6
2022,179972787,6
2022,179972790,6
2022,179972793,6
2022,179972795,6
2022,179972796,6
2022,179972798,6
2022,179972800,6
2022,179972826,1
2022,179972827,1
2022,179972832,4
2022,179972835,5
2022,179972837,4
2022,183748208,6
2022,179972839,4
2022,179972843,1
2022,179972844,6
2022,179972847,4
2022,179972850,6
2022,179972880,4
2022,179972881,4
2022,179972882,4
2022,179972883,4
2022,179972912,4
2022,179972914,4
2022,179972915,4
2022,179972917,4
2022,179972918,4
2022,179972919,4
2022,179972921,4
2022,179972922,4
2022,179972923,4
2022,179972924,4
2022,179972925,4
2022,179972926,4
2022,179972927,4
2022,179972928,4
2022,179972929,4
2022,179972930,4
2022,179972931,4
2022,179972932,4
2022,185494043,4
2022,179972934,4
2022,179972935,4
2022,179972936,4
2022,179972938,4
2022,179972939,4
2022,179972940,4
2022,179972941,4
2022,179972942,4
2022,179972943,4
2022,179972944,4
2022,179972945,4
2022,179972946,4
2022,179972947,4
2022,179972948,4
2022,179972949,3
2022,179972951,4
2022,179972952,4
2022,179972953,4
2022,180988763,4
2022,179972954,4
2022,179972956,4
2022,179972957,4
2022,179972958,4
2022,179972959,4
2022,179972960,4
2022,179972961,4
2022,179972962,4
2022,179972964,4
2022,179972965,4
2022,179972967,4
2022,179972968,1
2022,179972970,4
2022,179972971,4
2022,179972972,4
2022,179972973,4
2022,180979691,4
2022,179972975,4
2022,179972978,4
2022,187489838,3
2022,185494044,4
2022,179972981,4
2022,179972986,4
2022,179972987,4
2022,179972992,4
2022,179972995,4
2022,179972997,4
2022,179972999,4
2022,179973004,4
2022,179973006,4
2022,179973007,4
2022,179973008,5
2022,179973015,4
2022,179973017,4
2022,179973020,4
2022,179973023,4
2022,179973025,4
2022,179973034,5
2022,179973036,4
2022,179973038,4
2022,179973039,4
2022,179973041,4
2022,179973046,4
2022,179973048,4
2022,179973050,4
2022,179973051,4
2022,179973052,4
2022,179973057,4
2022,179973060,4
2022,179973063,5
2022,179973068,5
2022,179973070,4
2022,179973072,4
2022,179973074,4
2022,179973076,6
2022,179973078,4
2022,179973079,4
2022,179973081,4
2022,179973082,4
2022,179973084,4
2022,179973085,4
2022,179973087,4
2022,179973089,4
2022,179973090,4
2022,179973091,4
2022,179973092,4
2022,179973105,4
2022,179973112,4
2022,179973113,4
2022,179973116,5
2022,179973122,4
2022,179973123,4
2022,179973129,4
2022,179973131,4
2022,179973134,4
2022,179973140,4
2022,179973141,4
2022,179973142,4
2022,179973143,4
2022,179973144,4
2022,179973146,4
2022,179973147,4
2022,179973148,4
2022,179973149,4
2022,179973150,4
2022,179973151,4
2022,179973152,4
2022,179973153,5
2022,179973155,5
2022,179973157,4
2022,179973158,4
2022,179973159,4
2022,179973160,4
2022,179973162,4
2022,179973163,4
2022,179973164,4
2022,179973165,4
2022,179973166,4
2022,179973167,4
2022,179973168,4
2022,179973169,4
2022,179973171,4
2022,179973172,4
2022,179973173,3
2022,179973174,4
2022,179973175,4
2022,179973176,4
2022,179973177,4
2022,179973178,4
2022,179973179,4
2022,179973182,4
2022,179973183,4
2022,179973184,4
2022,179973185,4
2022,179973186,4
2022,179973187,4
2022,179973188,4
2022,179973189,4
2022,179973190,4
2022,179973191,4
2022,179973192,4
2022,179973194,4
2022,179973195,4
2022,179973196,4
2022,179973197,4
2022,179973198,4
2022,179973199,4
2022,179973200,4
2022,179973201,4
2022,179973202,4
2022,179973203,4
2022,179973204,4
2022,179973205,4
2022,179973207,4
2022,179973208,4
2022,179973209,4
2022,179973210,4
2022,180403434,4
2022,180403435,4
2022,180403436,4
2022,180403437,4
2022,180403438,4
2022,180403439,4
2022,180403440,4
2022,180403441,4
2022,180403442,4
2022,180403443,4
2022,180403445,4
2022,180403446,4
2022,180403447,4
2022,180403448,4
2022,180403449,4
2022,180403450,4
2022,180403452,4
2022,180403453,6
2022,180403455,4
2022,180403456,4
2022,180403457,4
2022,180403458,4
2022,180403459,4
2022,180403460,4
2022,180403461,4
2022,180403462,4
2022,180403463,4
2022,180403464,4
2022,180403465,4
2022,180403466,4
2022,180403467,4
2022,180403468,4
2022,180403469,4
2022,180403470,4
2022,180403471,4
2022,180403473,4
2022,180403474,4
2022,180403475,4
2022,180403477,4
2022,187489839,4
2022,180403480,4
2022,180403482,4
2022,180403483,4
2022,180403484,4
2022,180403486,4
2022,180403487,4
2022,180403488,4
2022,180403489,3
2022,180403491,3
2022,180403493,3
2022,180403495,4
2022,180731721,4
2022,180731722,3
2022,180731723,4
2022,180731724,1
2022,180731727,4
2022,184064452,4
2022,180783151,5
2022,180783152,4
2022,180783153,5
2022,180783155,4
2022,180783157,4
2022,180783159,4
2022,180783162,4
2022,180783165,4
2022,180783167,4
2022,180783176,4
2022,180783182,5
2022,180783184,4
2022,180783185,6
2022,180783188,5
2022,180783190,5
2022,180783191,5
2022,180783193,5
2022,180783198,4
2022,180783199,4
2022,184064453,4
2022,180783201,6
2022,180783206,6
2022,180783207,6
2022,180783208,6
2022,180783209,4
2022,180783210,6
2022,180783211,3
2022,180783213,3
2022,180783215,3
2022,180783216,3
2022,180783218,3
2022,180783219,3
2022,180783220,4
2022,180783222,5
2022,180783223,6
2022,180783224,6
2022,180783226,6
2022,180783228,6
2022,180783231,6
2022,180783232,6
2022,180783234,6
2022,184064454,5
2022,184064455,6
2022,180783238,1
2022,180783239,4
2022,180783240,4
2022,180783241,4
2022,180783242,5
2022,184064457,5
2022,180783243,4
2022,180783244,5
2022,180783245,3
2022,180809460,4
2022,180809462,6
2022,180809464,4
2022,180809466,4
2022,180809469,4
2022,183604461,3
2022,180809471,4
2022,180809475,6
2022,180809477,4
2022,180809479,5
2022,180809481,5
2022,180809482,5
2022,180809483,5
2022,180809484,4
2022,180809485,4
2022,180809486,4
2022,180809487,4
2022,180809488,4
2022,180809489,4
2022,180809490,4
2022,180809491,4
2022,180809499,6
2022,180809500,6
2022,180809501,6
2022,182046258,4
2022,180928088,5
2022,180928089,5
2022,180928090,4
2022,180928091,4
2022,180928092,5
2022,180928093,4
2022,180928094,4
2022,180928096,5
2022,180928097,5
2022,187489842,6
2022,180928099,4
2022,180928100,5
2022,183604462,4
2022,180928103,4
2022,180928104,5
2022,180928105,4
2022,180928106,4
2022,180928107,4
2022,180928111,4
2022,180928112,6
2022,180928113,4
2022,180928114,4
2022,183954262,3
2022,183954264,4
2022,180928116,4
2022,183954267,4
2022,180928117,4
2022,180928118,4
2022,180928119,5
2022,180928120,4
2022,180928121,4
2022,180928122,5
2022,180928125,5
2022,180928127,4
2022,180928128,4
2022,180928129,4
2022,180928130,4
2022,180928131,5
2022,180928132,4
2022,180928133,4
2022,180928134,4
2022,180928135,4
2022,180928136,1
2022,180928137,4
2022,180928138,4
2022,180928139,4
2022,180928140,4
2022,180928141,4
2022,180928142,4
2022,180928143,4
2022,180928144,4
2022,180928145,4
2022,180928146,4
2022,180928147,4
2022,180928148,4
2022,180928149,4
2022,180928150,4
2022,180928151,4
2022,180928152,4
2022,180928153,4
2022,180928154,4
2022,180928155,4
2022,180928156,4
2022,180928157,5
2022,180928158,4
2022,180928159,5
2022,180928160,4
2022,180928161,4
2022,180928162,4
2022,180928163,4
2022,180928164,4
2022,181098022,4
2022,180928168,6
2022,180988786,3
2022,180988788,5
2022,180988790,6
2022,180988791,6
2022,180988792,6
2022,180988793,6
2022,180988794,6
2022,180988795,4
2022,180988796,6
2022,180988797,6
2022,180988799,6
2022,180988800,6
2022,180988801,6
2022,180988802,6
2022,180988803,6
2022,180988804,6
2022,180988805,6
2022,180988806,6
2022,180988807,6
2022,180988812,6
2022,180988813,4
2022,183954273,5
2022,180988819,4
2022,180988823,4
2022,180988824,5
2022,180988833,5
2022,180988837,1
2022,180988839,1
2022,180988841,5
2022,180988843,4
2022,180988846,4
2022,180988847,4
2022,180988848,4
2022,180988850,4
2022,181063317,4
2022,180988851,4
2022,180996187,4
2022,180996188,4
2022,180996189,4
2022,180996190,4
2022,180996191,4
2022,180996192,4
2022,180996193,4
2022,180996194,4
2022,180996195,4
2022,180996196,4
2022,180996197,4
2022,180996198,4
2022,180997653,4
2022,180997654,4
2022,180997655,4
2022,180997656,4
2022,181069822,4
2022,181168742,4
2022,181168743,4
2022,181168744,4
2022,181168745,4
2022,181069823,5
2022,181069824,4
2022,181069825,4
2022,181069826,4
2022,181069830,4
2022,181098024,4
2022,181098025,4
2022,181098026,4
2022,181098028,4
2022,185494047,4
2022,181098030,4
2022,181098033,4
2022,181098034,4
2022,181098035,4
2022,181098036,4
2022,181168746,4
2022,181098037,4
2022,181168747,4
2022,181098039,4
2022,181168748,5
2022,181168749,4
2022,181098040,4
2022,181168750,4
2022,181098042,4
2022,181098043,4
2022,181168752,4
2022,181168753,4
2022,181168754,4
2022,181098045,4
2022,181098046,4
2022,181098048,4
2022,181168755,4
2022,181168756,4
2022,181168757,4
2022,181168758,4
2022,181168759,4
2022,181168760,4
2022,181098049,4
2022,181098050,4
2022,181098051,4
2022,181098052,4
2022,181098053,4
2022,181098054,4
2022,181098055,4
2022,187489844,1
2022,181098057,4
2022,181063318,4
2022,181098059,4
2022,181098061,5
2022,181063319,4
2022,181168761,4
2022,181168762,4
2022,181069831,4
2022,181168763,4
2022,181168765,4
2022,181168766,4
2022,181168767,4
2022,181168768,4
2022,181069832,4
2022,181069833,4
2022,181168769,4
2022,181168770,5
2022,181069834,4
2022,181168773,3
2022,181069835,4
2022,181168776,5
2022,181168778,4
2022,181168779,4
2022,181069836,4
2022,181168780,4
2022,181168783,4
2022,181069837,4
2022,181168784,6
2022,181069838,4
2022,181069839,4
2022,181069840,4
2022,181069841,4
2022,181069842,4
2022,181098065,4
2022,181098068,4
2022,185494048,4
2022,181098070,4
2022,181098072,4
2022,181098073,4
2022,181098074,5
2022,181098076,4
2022,181098077,4
2022,181098078,4
2022,181098079,3
2022,181168785,4
2022,181168786,4
2022,181168787,4
2022,181168788,4
2022,181168791,4
2022,181098080,4
2022,181168792,4
2022,181168795,4
2022,181168803,5
2022,181168806,5
2022,181168808,5
2022,181168811,5
2022,181168812,5
2022,181168813,4
2022,181168814,4
2022,181411099,3
2022,181819226,4
2022,181819229,4
2022,181819232,4
2022,185494049,4
2022,181819239,4
2022,181819243,6
2022,185494050,5
2022,181819248,4
2022,181819255,4
2022,181819258,4
2022,181819262,4
2022,185494052,4
2022,181819273,4
2022,181819275,4
2022,181819277,4
2022,181819280,4
2022,181819283,4
2022,181819287,4
2022,181819290,4
2022,181819297,4
2022,181411101,4
2022,181411102,4
2022,181411103,4
2022,181411104,4
2022,181411105,4
2022,181411106,4
2022,181411107,4
2022,181411109,4
2022,181411110,4
2022,181411111,4
2022,181411112,4
2022,181411114,4
2022,181411115,5
2022,181411118,4
2022,181411119,4
2022,181411121,5
2022,181411124,4
2022,181411125,5
2022,181411126,4
2022,181411128,3
2022,181411129,4
2022,181411130,4
2022,181411132,4
2022,181411133,4
2022,181411134,4
2022,181411135,4
2022,181411138,4
2022,181819300,4
2022,181819303,4
2022,181819304,4
2022,181819312,4
2022,181819323,4
2022,181819325,4
2022,181819327,4
2022,181819328,4
2022,181819329,4
2022,181819330,4
2022,181819331,4
2022,181819332,4
2022,181819333,4
2022,181819334,4
2022,181819335,4
2022,181819336,4
2022,182046288,4
2022,182046289,4
2022,182046294,4
2022,182046295,6
2022,182046297,6
2022,184064459,6
2022,184064460,6
2022,182046338,4
2022,181819345,4
2022,181819348,4
2022,181819349,4
2022,181819350,4
2022,182046349,1
2022,182059768,6
2022,182059777,4
2022,182059781,4
2022,182427056,5
2022,182427057,4
2022,182427058,4
2022,182427059,5
2022,182427061,4
2022,182427063,5
2022,182427068,4
2022,182427069,4
2022,187489845,4
2022,182427076,4
2022,182427077,4
2022,182427086,4
2022,182427088,4
2022,182427089,5
2022,182427091,6
2022,182427092,5
2022,182427094,4
2022,182427095,5
2022,182427096,4
2022,182427098,4
2022,182427099,3
2022,182427102,4
2022,182427103,6
2022,182427104,6
2022,182427106,4
2022,182427108,4
2022,182427109,4
2022,182427111,4
2022,182427112,4
2022,182427113,1
2022,182427116,4
2022,182427117,4
2022,182427119,4
2022,182427120,3
2022,182427124,4
2022,182427125,5
2022,182427127,4
2022,182427128,4
2022,182427129,4
2022,182427131,4
2022,182427132,1
2022,182427134,4
2022,182427135,4
2022,182427137,4
2022,182427138,3
2022,182427140,4
2022,182427141,4
2022,182427143,4
2022,182427144,4
2022,182427146,6
2022,182427147,4
2022,182427148,4
2022,182427152,6
2022,182427154,4
2022,182427155,4
2022,182427157,4
2022,182427158,4
2022,182427159,6
2022,182427162,4
2022,182427163,4
2022,182427167,4
2022,182427171,4
2022,182427172,4
2022,182427174,4
2022,182427175,4
2022,182427176,4
2022,182427177,4
2022,182427178,4
2022,182427179,4
2022,182427181,4
2022,183051969,1
2022,182820820,4
2022,182820821,4
2022,182820822,4
2022,182820823,4
2022,182820824,4
2022,183748211,4
2022,182820826,4
2022,182820828,4
2022,182820829,4
2022,182820830,4
2022,182820831,4
2022,182820833,4
2022,182820834,4
2022,182820835,4
2022,182820836,4
2022,182820837,4
2022,182820839,6
2022,182820841,4
2022,182820842,4
2022,182820843,4
2022,182820844,6
2022,182820845,4
2022,182820846,1
2022,184064462,6
2022,183051971,5
2022,184064463,6
2022,183051972,3
2022,183051975,3
2022,183051976,3
2022,183051978,3
2022,183051979,3
2022,182820848,5
2022,185494053,5
2022,182820850,6
2022,183051981,5
2022,182820853,4
2022,182820854,4
2022,182820855,4
2022,182820856,4
2022,182820857,4
2022,182820858,4
2022,182820860,4
2022,182820861,4
2022,182820862,4
2022,182820863,4
2022,182820864,4
2022,182820865,3
2022,182820866,4
2022,182820867,4
2022,182820869,4
2022,182820872,4
2022,182820873,4
2022,182820874,4
2022,182820876,4
2022,182820877,4
2022,182820878,6
2022,182820879,6
2022,182820880,6
2022,182820881,6
2022,182820882,6
2022,182820883,6
2022,182820884,6
2022,182820885,6
2022,182634958,4
2022,183051990,4
2022,183051992,4
2022,183094835,4
2022,183094836,4
2022,183094838,4
2022,183094840,4
2022,183094841,4
2022,183094842,4
2022,183094843,4
2022,185494054,4
2022,183094845,4
2022,183094846,4
2022,183094847,4
2022,183094849,4
2022,183094850,4
2022,183094851,4
2022,183094852,4
2022,183094853,4
2022,183094854,4
2022,183094856,4
2022,183094857,4
2022,183094858,4
2022,183094860,4
2022,183094861,4
2022,183094863,4
2022,183094864,4
2022,183094865,3
2022,182820889,4
2022,185494055,4
2022,182820891,4
2022,182820892,4
2022,182820893,4
2022,182820895,4
2022,182662665,4
2022,182662666,4
2022,182820896,4
2022,182662667,4
2022,182662668,4
2022,182662669,4
2022,182662670,4
2022,182820900,3
2022,182820901,6
2022,182820902,4
2022,182820903,4
2022,182820906,4
2022,182820908,4
2022,182820909,4
2022,182820910,4
2022,182820911,4
2022,182820912,4
2022,182820913,4
2022,182820915,5
2022,182820919,4
2022,182820921,4
2022,182820923,5
2022,182820926,6
2022,182820928,6
2022,183051999,6
2022,183052000,6
2022,183052001,6
2022,183052002,6
2022,183052003,6
2022,183052005,6
2022,182820932,6
2022,183052013,6
2022,183052014,6
2022,183052016,6
2022,183052017,4
2022,183094890,3
2022,183094894,4
2022,183094895,4
2022,183094896,4
2022,183094897,4
2022,183094898,4
2022,183094899,4
2022,183094901,4
2022,183094902,4
2022,183094904,4
2022,183094906,4
2022,183094908,4
2022,183094909,3
2022,183094910,4
2022,183052022,4
2022,183052023,4
2022,183052025,4
2022,183094911,4
2022,183052027,4
2022,183094913,4
2022,183094914,4
2022,187489847,4
2022,183052029,4
2022,183052031,4
2022,183094916,4
2022,183094917,4
2022,183094918,4
2022,183094921,4
2022,183094923,6
2022,183094924,4
2022,183094925,4
2022,183094926,4
2022,183094928,4
2022,183094929,6
2022,183094930,4
2022,183094931,4
2022,183094932,4
2022,183094933,4
2022,183094934,4
2022,183094937,4
2022,183094938,4
2022,183094939,4
2022,183094941,4
2022,183094943,4
2022,183094945,4
2022,183094948,4
2022,183094950,4
2022,183094953,4
2022,183094956,4
2022,183094957,4
2022,183094959,4
2022,183094960,4
2022,183186323,4
2022,183186325,4
2022,183186329,4
2022,183186331,4
2022,183186333,4
2022,183186336,4
2022,183186338,4
2022,183186339,4
2022,183186342,4
2022,183186347,4
2022,183186351,4
2022,183186354,4
2022,183186356,4
2022,183186367,4
2022,183186368,4
2022,183186369,4
2022,183186372,4
2022,183186374,4
2022,183186375,4
2022,183186376,4
2022,183186377,4
2022,183186379,4
2022,183186381,4
2022,183186384,4
2022,183186385,4
2022,183186387,4
2022,183186388,4
2022,183186390,4
2022,183186391,4
2022,183186396,4
2022,183186398,4
2022,183186399,4
2022,183326002,4
2022,183326003,4
2022,183326004,4
2022,183416043,4
2022,183416126,4
2022,183416239,4
2022,183416295,4
2022,183416400,3
2022,183416488,4
2022,183416526,4
2022,183416622,4
2022,183416650,4
2022,183416682,4
2022,183416726,4
2022,183416746,4
2022,183416762,4
2022,183416781,4
2022,183416817,4
2022,183416846,4
2022,183416880,4
2022,183416909,4
2022,183416941,4
2022,183416987,4
2022,183417021,4
2022,183417059,4
2022,183417104,4
2022,183417195,4
2022,183417242,4
2022,183417320,4
2022,183417386,4
2022,183417498,4
2022,183417585,4
2022,183417639,5
2022,183417691,4
2022,183417741,5
2022,183417789,5
2022,183417875,4
2022,183417926,5
2022,183418041,4
2022,183418070,4
2022,183418140,4
2022,183418174,4
2022,183418312,6
2022,183604472,4
2022,183604477,4
2022,183636791,4
2022,183604481,4
2022,183636792,4
2022,183636793,4
2022,183715663,4
2022,183748212,4
2022,183748213,4
2022,183748214,4
2022,183748215,4
2022,183748216,4
2022,183748217,4
2022,183748219,4
2022,183748220,4
2022,183748221,4
2022,183748222,4
2022,183748223,4
2022,183748224,4
2022,183748225,4
2022,183748226,4
2022,183748227,4
2022,183748228,4
2022,183748229,4
2022,183748231,4
2022,183748232,4
2022,183748233,4
2022,183954339,4
2022,183954341,4
2022,183979959,4
2022,183979960,4
2022,184015661,4
2022,184015662,4
2022,184015663,4
2022,184015664,4
2022,184015665,4
2022,184015666,4
2022,184061060,4
2022,184064477,4
2022,185494057,4
2022,184821982,4
2022,185413242,4
2022,185413243,4
2022,185413244,4
2022,185413245,4
2022,185413246,4
2022,185413247,4
2022,185413248,4
2022,185413249,4
2022,185413250,4
2022,185413251,4
2022,185417570,4
2022,185417580,4
2022,185417581,4
2022,185417582,4
2022,185417583,4
2022,185417584,4
2022,185417585,4
2022,185494289,4
2022,185494290,4
2022,185588888,4
2022,185588889,4
2022,185588890,4
2022,185595360,4
2022,185595361,4
2022,185595362,4
2022,185595363,4
2022,185595364,4
2022,186244268,4
2022,186244269,4
2022,186244270,4
2022,186255029,4
2022,186255033,4
2022,186255034,4
2022,186255035,4
2022,186255036,4
2022,186255037,4
2022,186255038,4
2022,186255039,4
2022,186639534,4
2022,186639535,4
2022,186885131,4
2022,186885132,4
2022,186885133,4
2022,187221777,4
2022,188274168,4
2022,188846167,4
2022,188854356,4
2022,188854362,4
2022,188854363,4
2022,188854365,4
2022,188854366,4
2022,181785171,4
2022,181785179,5
2022,181785181,5
2022,181785183,5
2022,181785184,5
2022,181785192,4
2022,181785204,4
2022,181785231,4
2022,181785244,4
2022,181785249,4
2022,181785259,4
2022,181785260,4
2022,181785278,4
2022,181785307,3
2022,181785308,4
2022,181785315,5
2022,181785319,5
2022,181785350,4
2022,181785351,5
2022,181785353,4
2022,187138626,4
2022,181785401,4
2022,181785402,4
2022,181785403,5
2022,181785405,4
2022,181785406,4
2022,187138628,4
2022,187138629,4
2022,187138630,4
2022,187138631,4
2022,181785414,5
2022,181785423,5
2022,181785429,3
2022,181785436,5
2022,181785439,5
2022,181785444,4
2022,181785449,4
2022,181785452,4
2022,181785466,4
2022,181785468,4
2022,181785469,4
2022,181785490,4
2022,181785493,4
2022,181785504,4
2022,181785517,3
2022,181785518,4
2022,181785539,4
2022,181785540,4
2022,181785541,4
2022,181785543,4
2022,181785544,4
2022,181785547,5
2022,181785564,4
2022,181785565,4
2022,181785568,5
2022,181785569,4
2022,181785573,5
2022,181785575,4
2022,181785576,4
2022,181785577,4
2022,181785578,4
2022,181785580,5
2022,181785581,4
2022,181785589,5
2022,181785590,4
2022,181785596,5
2022,181785600,4
2022,181785614,5
2022,181785627,4
2022,181785633,1
2022,181785634,4
2022,181785636,4
2022,181785651,4
2022,181785658,4
2022,181785670,5
2022,181785672,4
2022,181785680,4
2022,181785685,4
2022,181785703,4
2022,181785740,3
2022,181785758,5
2022,181785759,4
2022,181785784,4
2022,181785791,5
2022,181785810,4
2022,187138635,5
2022,187138636,4
2022,181785827,4
2022,181785832,3
2022,181785833,4
2022,181785839,4
2022,181785858,4
2022,181785862,5
2022,181785882,2
2022,181785882,4
2022,181785908,4
2022,181785929,5
2022,181785939,4
2022,181785954,5
2022,181785965,4
2022,181785970,4
2022,181785971,8
2022,181786011,4
2022,181786019,3
2022,187138639,5
2022,181786042,5
2022,181786055,5
2022,181786059,4
2022,181786063,5
2022,181786065,4
2022,181786069,4
2022,181786086,5
2022,181786092,5
2022,187138648,5
2022,181786127,5
2022,181786128,4
2022,181786134,4
2022,181786161,4
2022,181786173,2
2022,181786173,3
2022,181786173,6
2022,181786182,5
2022,181786184,4
2022,181786185,4
2022,181786188,4
2022,181786214,4
2022,181786215,4
2022,181786217,5
2022,181786229,4
2022,181786239,4
2022,181786252,5
2022,181786253,5
2022,181786262,4
2022,181786264,4
2022,181786265,4
2022,181786267,4
2022,181786283,5
2022,187138658,2
2022,187138659,4
2022,187138660,4
2022,187138661,4
2022,181786310,4
2022,181786313,4
2022,181786339,4
2022,181786355,4
2022,181786362,5
2022,187138668,4
2022,181786399,4
2022,181786411,4
2022,181786441,4
2022,181786456,4
2022,181786462,5
2022,181786475,4
2022,181786534,5
2022,181786546,4
2022,187138699,5
2022,181786579,4
2022,181786581,5
2022,181786587,5
2022,181786589,5
2022,187138710,5
2022,187138719,5
2022,181786618,4
2022,181786619,4
2022,181786620,4
2022,181786633,5
2022,187138758,4
