data_year,suspected_drug_type_id,property_id,est_drug_qty,drug_measure_type_id,nibrs_suspected_drug_id
2022,4,158652802,1.000,11,14152287
2022,4,158652809,56.000,9,14152288
2022,2,158652809,1.000,9,14152289
2022,4,160129976,202.000,1,14350606
2022,1,158652812,1.000,11,14152292
2022,4,158652815,3.000,9,14152293
2022,4,158652819,1.000,11,14152294
2022,12,165968049,1.000,11,15146869
2022,17,165968049,1.000,11,15146870
2022,1,158652821,1.000,11,14152295
2022,4,158652821,1.000,11,14152296
2022,12,165968050,1.000,3,15146871
2022,4,158652833,1.000,11,14152297
2022,5,158652833,1.000,11,14152298
2022,8,158652849,1.000,11,14152299
2022,1,160129986,1.000,11,14350607
2022,4,160129986,1.000,11,14350608
2022,4,160129987,1.000,11,14350609
2022,1,160129987,1.000,11,14350610
2022,4,160129991,1.000,11,14350611
2022,1,158652857,1.000,11,14152301
2022,1,158652871,1.000,11,14152302
2022,12,165968051,1.000,11,15146872
2022,12,165968052,1.000,11,15146873
2022,16,158652886,1.000,11,14152303
2022,8,158652886,1.000,11,14152304
2022,4,158652907,1.000,11,14152305
2022,16,160130005,1.000,11,14350612
2022,12,160130009,1.000,11,14350613
2022,4,160130009,1.000,11,14350614
2022,2,160130010,1.000,11,14350615
2022,1,160130012,1.000,11,14350616
2022,4,160130012,1.000,11,14350617
2022,4,160130014,1.000,11,14350618
2022,2,160130014,1.000,11,14350619
2022,4,165968053,1.000,11,15146874
2022,12,165968053,1.000,11,15146875
2022,4,160130027,1.000,11,14350620
2022,1,165968054,1.000,11,15146877
2022,12,165968054,1.000,11,15146878
2022,12,165968055,1.000,11,15146880
2022,4,165968055,1.000,11,15146881
2022,4,160448883,1.000,11,14395166
2022,1,160448883,1.000,11,14395167
2022,12,165968056,1.000,11,15146882
2022,1,148437510,3.000,1,12669896
2022,17,148437510,1.000,9,12669897
2022,4,148618039,27.000,9,12694070
2022,4,149418035,2252.000,9,12805093
2022,17,149418037,1.000,1,12805094
2022,4,150431183,22.000,9,12942353
2022,12,150431183,1.000,1,12942354
2022,4,150431192,1.000,9,12942355
2022,4,150681372,8.000,9,12979073
2022,16,150681372,31.000,9,12979074
2022,4,151352034,50.000,9,13085142
2022,1,151653078,1.000,1,13128904
2022,12,152337224,1.000,1,13233894
2022,4,152584642,2.000,9,13272530
2022,12,152584642,1.000,9,13272531
2022,12,157540685,1.000,9,14001060
2022,4,157681806,26.000,9,14021384
2022,1,158136984,5.000,9,14079949
2022,16,158248956,60.000,9,14091853
2022,12,158248956,18.000,9,14091854
2022,15,158272987,10.000,9,14095617
2022,17,158288625,1.000,1,14097847
2022,4,158288652,5.000,9,14097848
2022,1,158288652,1.000,1,14097849
2022,4,158290950,5.000,9,14098207
2022,1,158290950,31.000,9,14098208
2022,4,147206379,120.000,9,12497694
2022,4,155172773,1.000,11,13665120
2022,7,160131571,1.000,9,14350696
2022,17,160131578,1.000,9,14350697
2022,4,160131580,10.000,9,14350698
2022,4,160131585,1.000,1,14350699
2022,4,160131586,1.000,9,14350700
2022,16,160131592,1.000,9,14350701
2022,16,160131602,7.000,9,14350702
2022,1,160131621,1.000,1,14350703
2022,12,160131643,1.000,9,14350704
2022,8,160131643,1.000,9,14350705
2022,16,160131657,1.000,9,14350706
2022,16,160131669,15.000,9,14350707
2022,4,160131672,30.000,9,14350708
2022,1,160131678,1.000,11,14350709
2022,4,155880413,1.000,1,13769658
2022,1,155880413,1.000,1,13769659
2022,1,146807053,1.000,1,12442933
2022,1,155880475,1.000,1,13769660
2022,4,146570545,1.000,1,12407370
2022,1,155880477,1.000,1,13769661
2022,4,150487324,2.150,1,12951922
2022,1,155880493,1.000,1,13769662
2022,1,157741433,1.000,11,14028059
2022,4,157681867,1.000,9,14021386
2022,4,157681904,2.000,9,14021387
2022,4,147199804,2.430,1,12496308
2022,4,158417559,1.000,9,14119869
2022,8,147199806,13.000,9,12496309
2022,2,147199806,1.100,1,12496310
2022,4,154902358,3.500,1,13626527
2022,5,160933754,166.000,1,14462948
2022,12,161546764,1.000,1,14550491
2022,4,151352788,3.000,1,13085160
2022,1,151352793,2.000,1,13085161
2022,4,151352812,1.000,1,13085162
2022,4,151352818,1.000,1,13085163
2022,8,151352818,1.000,1,13085164
2022,4,151352839,2.000,1,13085165
2022,4,151352861,1.000,1,13085167
2022,8,151352861,1.000,1,13085168
2022,1,151352861,1.000,1,13085169
2022,7,152732492,1.000,1,13296309
2022,4,152732505,1.000,11,13296313
2022,4,147199813,136.000,1,12496311
2022,1,154386630,1.000,11,13546435
2022,15,154386630,1.000,11,13546436
2022,13,155764368,0.500,3,13752174
2022,1,155764370,1.000,1,13752175
2022,1,155764376,1.000,1,13752176
2022,4,156705029,1.000,1,13877909
2022,4,156705041,5.000,9,13877910
2022,4,156705050,12.000,9,13877911
2022,1,156705060,1.000,1,13877912
2022,4,156705061,1.000,1,13877913
2022,4,156705067,5.000,9,13877914
2022,8,147199813,90.000,1,12496312
2022,4,148020744,48.000,1,12608885
2022,2,156705078,6.000,1,13877915
2022,16,157660655,1.000,1,14019891
2022,1,157660674,5.000,1,14019892
2022,4,157660699,1.000,9,14019893
2022,1,148020744,32.000,1,12608886
2022,4,151352199,6.000,9,13085144
2022,4,161227637,2.000,9,14511303
2022,12,161227637,7.000,9,14511304
2022,16,148120910,2.000,5,12624259
2022,4,147903453,5.100,1,12594801
2022,4,148020753,1.000,11,12608887
2022,1,160132807,2.000,1,14350817
2022,4,160132808,2.000,1,14350818
2022,2,160132819,15.000,1,14350819
2022,4,160132885,46.000,3,14350824
2022,4,160132907,13.000,1,14350827
2022,16,148020753,1.000,11,12608888
2022,4,148036485,17.000,1,12610897
2022,5,148036485,5.000,1,12610898
2022,1,154604906,1.000,9,13584223
2022,5,154604906,8.000,1,13584224
2022,2,156857214,1.500,1,13897269
2022,7,156857214,1.000,9,13897270
2022,8,148120922,33.500,1,12624260
2022,16,161522431,27.000,9,14547078
2022,4,161522434,2.000,1,14547079
2022,1,148234869,2.000,1,12641837
2022,4,148690416,5.000,1,12702022
2022,4,155865894,7.000,9,13767621
2022,5,148690416,27.000,1,12702023
2022,5,148622974,2.190,4,12694525
2022,1,148622974,24.000,1,12694526
2022,4,163228351,10.000,9,14760080
2022,1,163228351,7.000,1,14760081
2022,17,148905025,1.000,1,12725578
2022,4,149038040,24.000,9,12748678
2022,4,155764402,1.000,11,13752177
2022,4,156448350,6.000,9,13841708
2022,1,156448350,10.000,1,13841709
2022,12,156448372,1.000,1,13841710
2022,2,149313854,4.900,1,12788050
2022,4,156448384,1.000,1,13841711
2022,1,156448384,3.000,1,13841712
2022,2,150460419,0.500,1,12947234
2022,1,149600724,4.000,1,12830348
2022,2,160133380,2.000,3,14350848
2022,4,155172782,1.000,1,13665121
2022,4,155172788,1.000,1,13665122
2022,17,155172791,1.000,1,13665123
2022,4,155172801,4.000,9,13665124
2022,2,155172818,1.000,1,13665125
2022,12,155172839,3.000,9,13665126
2022,16,155172839,11.000,9,13665127
2022,16,157429345,4.000,9,13983523
2022,12,157429347,2.000,9,13983524
2022,4,157429350,4.000,9,13983525
2022,12,161227666,1.000,9,14511305
2022,12,149600724,5.000,1,12830349
2022,4,150511174,2.000,1,12953976
2022,1,151354074,1.000,11,13085225
2022,2,151354074,1.000,11,13085226
2022,4,151354094,1.000,9,13085227
2022,4,151354127,1.000,9,13085228
2022,12,151354127,1.000,9,13085229
2022,16,151354131,12.000,9,13085230
2022,2,151354153,1.000,9,13085231
2022,2,151354156,2.000,1,13085232
2022,4,151354159,39.000,9,13085233
2022,4,150619036,189.000,1,12966869
2022,4,151952871,1.000,9,13179048
2022,4,151952894,3.000,9,13179049
2022,12,152996223,1.000,11,13331668
2022,4,152996223,1.000,11,13331669
2022,8,150619036,40.000,9,12966870
2022,1,153818702,2.000,1,13460609
2022,1,151352297,7.000,1,13085145
2022,8,152996322,1.000,11,13331671
2022,12,152996326,1.000,11,13331672
2022,16,151352297,1.000,11,13085146
2022,1,163841917,1.000,1,14853976
2022,4,154336143,1.000,1,13541718
2022,12,154336147,1.000,11,13541719
2022,5,154336172,1.000,11,13541721
2022,8,154336180,1.000,11,13541724
2022,16,154336211,1.000,11,13541728
2022,2,154336248,1.000,11,13541735
2022,1,160135109,1.000,11,14350915
2022,8,160135111,1.000,11,14350916
2022,12,160135122,1.000,11,14350917
2022,1,160135124,1.000,11,14350918
2022,4,160135129,1.000,11,14350919
2022,2,160135129,1.000,11,14350920
2022,1,151352301,3.000,1,13085147
2022,4,156241361,70.000,1,13814471
2022,4,160135154,2.000,9,14350921
2022,4,160135154,1.000,11,14350922
2022,16,160135161,2.000,9,14350923
2022,17,160135166,2.000,9,14350924
2022,8,151352332,120.000,9,13085148
2022,8,160135170,1.000,11,14350925
2022,4,160135176,1.000,11,14350926
2022,8,160135176,1.000,11,14350927
2022,8,160135185,1.000,9,14350928
2022,1,151352332,65.500,9,13085149
2022,4,151550358,6.790,3,13112206
2022,16,151550358,46.200,9,13112207
2022,16,152578944,1.000,11,13271464
2022,8,152578944,50.000,5,13271465
2022,5,160767878,157.500,1,14438771
2022,4,156450613,48.500,9,13842095
2022,4,156467318,1.000,9,13845370
2022,1,156467318,1.000,11,13845371
2022,4,156467344,3.000,9,13845373
2022,2,156467344,1.000,11,13845374
2022,15,156467344,18.000,9,13845375
2022,1,156450613,6.500,1,13842096
2022,2,156467370,1.000,11,13845376
2022,1,155200505,1.700,1,13668578
2022,4,153818703,1.000,1,13460610
2022,5,151785277,311.000,1,13145805
2022,4,156467376,5.000,9,13845377
2022,2,157399296,1.000,11,13979372
2022,4,157399300,1.000,9,13979373
2022,2,157399313,1.000,11,13979374
2022,4,157399333,1.000,11,13979376
2022,5,157399339,1.000,11,13979377
2022,4,157399360,1.000,9,13979378
2022,8,160135210,5.000,9,14350929
2022,5,160135228,1.000,11,14350930
2022,1,151785277,1.500,1,13145806
2022,4,152824721,121.000,9,13302916
2022,16,152824721,336.000,1,13302917
2022,1,160475540,1.000,1,14399365
2022,1,151960677,1.300,1,13181036
2022,5,151675660,330.000,1,13132810
2022,5,160135298,1.000,11,14350931
2022,4,151675660,51.600,1,13132811
2022,4,152359253,3.000,1,13237166
2022,12,160135302,1.000,11,14350932
2022,1,152330974,0.900,1,13233159
2022,2,160135309,1.000,11,14350933
2022,2,152168293,1.000,11,13214496
2022,1,160135354,1.000,11,14350935
2022,15,160135368,7.000,9,14350937
2022,13,160135368,1.000,11,14350938
2022,16,160135374,1.000,11,14350939
2022,1,152168293,1.000,11,13214497
2022,4,152294992,7.000,1,13228863
2022,12,160135405,1.000,11,14350940
2022,8,160135405,1.000,11,14350941
2022,1,152294992,2.000,1,13228864
2022,1,152168295,1.000,1,13214498
2022,4,154392745,65.000,1,13547274
2022,1,154392745,27.500,1,13547275
2022,5,163658487,230.000,1,14828056
2022,2,161724468,1.000,11,14576156
2022,4,161724488,1.000,11,14576157
2022,4,161724498,8.000,9,14576158
2022,8,161724498,2.000,9,14576159
2022,16,161724527,13.000,9,14576161
2022,4,163658487,14.000,1,14828057
2022,4,152359255,25.000,1,13237170
2022,1,152359255,16.000,1,13237171
2022,4,152294995,3.000,1,13228865
2022,1,152294995,1.000,1,13228866
2022,4,155447907,6.000,9,13703635
2022,1,151362049,1.000,1,13085717
2022,4,152359256,155.000,1,13237172
2022,12,151362065,1.000,9,13085719
2022,5,151362071,1430.000,1,13085720
2022,1,151362071,13.000,1,13085721
2022,1,152359256,1.300,1,13237173
2022,2,152403457,1.000,1,13246091
2022,5,154651697,1.000,1,13592790
2022,5,151362110,9.200,3,13085723
2022,4,156326831,39.000,1,13826316
2022,16,151614208,2.000,1,13121016
2022,5,152620475,5.000,4,13277508
2022,16,152620475,7.000,1,13277509
2022,1,156326831,5.000,1,13826317
2022,2,152996105,1.000,1,13331661
2022,1,157195126,1.000,1,13952095
2022,17,152620489,1.000,1,13277510
2022,12,152986702,66.500,1,13330075
2022,5,152986702,256.000,1,13330076
2022,5,154392747,64.000,1,13547277
2022,4,152986706,24.000,1,13330077
2022,5,153973361,1.000,1,13483767
2022,12,153973377,1.000,1,13483768
2022,1,153973378,7.000,1,13483769
2022,16,153973388,1.000,1,13483770
2022,16,153973400,44.000,1,13483771
2022,12,153973400,10.000,1,13483772
2022,2,153973400,82.000,1,13483773
2022,4,154392748,8.000,1,13547278
2022,4,153270974,96.000,1,13384585
2022,4,153818709,74.000,9,13460611
2022,8,153217595,3.000,9,13377875
2022,17,153217595,5.000,9,13377876
2022,4,154804745,3.000,1,13614356
2022,4,152986710,45.000,1,13330078
2022,2,156361863,1.000,1,13830500
2022,1,152986710,18.000,1,13330079
2022,4,153747489,32.000,1,13451083
2022,1,153747489,10.000,1,13451084
2022,1,163841920,14.000,1,14853977
2022,16,157441415,2.000,1,13985181
2022,1,157441415,1.000,3,13985182
2022,4,163841920,24.000,1,14853978
2022,5,158971762,1.000,1,14191994
2022,4,155410183,1.000,1,13694000
2022,1,153614348,1.000,1,13432587
2022,1,160148151,10.000,1,14351668
2022,16,153614348,17.000,9,13432588
2022,1,152986719,0.500,1,13330081
2022,4,152986719,30.000,9,13330082
2022,12,154892244,2.000,1,13625093
2022,2,161227683,3.900,3,14511306
2022,1,153444628,16.000,1,13408084
2022,4,153444628,10.000,1,13408085
2022,1,153818713,3.500,1,13460612
2022,5,153818714,115.000,1,13460613
2022,12,153818714,12.000,1,13460614
2022,2,153648448,58.000,1,13438057
2022,4,153648448,29.500,1,13438058
2022,5,158310956,129.000,1,14101209
2022,8,160139237,10.000,9,14351064
2022,12,160139239,1.000,1,14351065
2022,4,160139252,5.000,1,14351067
2022,12,160139252,1.000,1,14351068
2022,4,160139256,1.000,1,14351069
2022,4,160139259,1.000,1,14351070
2022,4,160139260,7.000,1,14351071
2022,1,160139260,9.000,1,14351072
2022,4,160139303,1.000,1,14351074
2022,4,160139307,1.000,1,14351075
2022,11,160139307,2.000,9,14351076
2022,15,160139307,1.000,9,14351077
2022,4,160753607,1.000,1,14436883
2022,4,160753615,30.000,1,14436884
2022,15,160753615,2.000,9,14436885
2022,8,160753615,1.000,9,14436886
2022,4,160753621,30.000,1,14436887
2022,16,160753621,11.000,9,14436888
2022,4,160753623,2.000,1,14436889
2022,12,160753625,1.000,1,14436890
2022,15,160753625,2.000,9,14436891
2022,1,158310956,2.200,9,14101210
2022,1,153792123,20.000,1,13457265
2022,12,160753631,1.110,3,14436892
2022,11,160753631,1.000,1,14436893
2022,4,160753637,1.000,1,14436894
2022,17,153792123,1.000,11,13457266
2022,12,155697558,1.000,1,13736652
2022,12,163188480,1.000,9,14755831
2022,5,154892252,5.000,1,13625094
2022,2,163188485,1.000,1,14755832
2022,1,163188492,0.670,1,14755833
2022,16,154892252,34.000,1,13625095
2022,8,154640962,12.000,1,13591145
2022,12,163188500,0.120,1,14755834
2022,5,163188503,296.780,1,14755835
2022,12,163188503,1.920,9,14755836
2022,12,163188505,1.000,1,14755837
2022,1,163188515,0.340,1,14755838
2022,5,157326786,9.000,1,13968611
2022,4,157326787,2.000,9,13968612
2022,1,154640962,1.000,1,13591146
2022,4,154640963,7.000,1,13591147
2022,1,154640963,3.000,1,13591148
2022,1,154392754,1.000,1,13547279
2022,5,154392754,54.000,1,13547280
2022,4,155385653,4.000,1,13690424
2022,5,155385653,1.000,11,13690425
2022,1,155360150,11.000,1,13686818
2022,4,155404612,70.000,1,13693085
2022,16,155404612,16.000,9,13693086
2022,1,154804753,1.000,1,13614358
2022,16,154804753,6.000,9,13614359
2022,8,154640971,67.500,1,13591149
2022,8,166544002,4.000,9,15231342
2022,1,154559281,1.000,1,13575038
2022,1,154928330,1.000,1,13630418
2022,5,151356827,1.000,1,13085367
2022,16,154658441,1.000,1,13593508
2022,1,151356828,1.000,11,13085368
2022,12,151397469,1.000,9,13092742
2022,2,154658441,4.000,1,13593509
2022,4,156112212,4.000,1,13797184
2022,1,151397496,1.000,11,13092743
2022,1,151397520,0.500,3,13092744
2022,12,151902274,1.000,3,13171902
2022,8,151902296,8.000,9,13171903
2022,8,151902313,1.000,11,13171905
2022,4,152725226,1.000,9,13292185
2022,16,152725235,1.000,1,13292186
2022,8,152725236,1.000,1,13292187
2022,4,154151528,1.000,11,13516992
2022,8,154151569,1.000,1,13517002
2022,5,154151601,13.000,4,13517006
2022,4,160130450,50.000,9,14350643
2022,2,155211346,1.000,11,13669944
2022,1,155211355,1.000,11,13669945
2022,12,155200531,22.000,1,13668581
2022,1,156764863,34.000,1,13886462
2022,16,156764863,4.000,1,13886463
2022,17,163420983,11.000,9,14786134
2022,2,156396022,1.000,3,13834200
2022,8,155770627,75.000,9,13753001
2022,4,160918310,4.000,9,14461245
2022,4,155366581,43.500,9,13687564
2022,2,157537365,1.000,3,14000735
2022,1,155770636,57.000,1,13753002
2022,1,156326318,2.200,1,13826272
2022,2,157537383,1.000,1,14000736
2022,5,157537385,1.000,11,14000737
2022,4,160139616,1.000,11,14351102
2022,12,160139617,1.000,11,14351103
2022,1,155984708,1.000,1,13778935
2022,2,160139670,1.000,11,14351104
2022,16,155871727,1.000,11,13768648
2022,4,155996981,78.000,1,13780907
2022,8,156130827,1.000,11,13799436
2022,2,156063748,11.000,1,13790329
2022,4,155943281,1.000,1,13772981
2022,8,155943281,46.000,1,13772982
2022,4,157403604,24.300,1,13980039
2022,16,157403604,3.000,1,13980040
2022,4,156049134,10.000,1,13788503
2022,4,156882065,3.000,1,13900907
2022,4,152542477,17.000,9,13266403
2022,17,153655487,3.000,9,13438662
2022,5,154922024,5.000,4,13629164
2022,4,158250844,1.000,9,14092125
2022,4,158250854,1.000,1,14092126
2022,2,156209225,3.000,1,13811951
2022,4,160774715,2.000,9,14439421
2022,11,162129383,1.000,3,14625642
2022,4,153331717,6.000,9,13392156
2022,10,153331717,7.000,9,13392157
2022,4,156349544,105.000,1,13829045
2022,1,156349544,5.000,9,13829046
2022,1,156982538,2.000,1,13914438
2022,4,156349546,10.000,1,13829047
2022,5,156388153,1.000,1,13832763
2022,4,157540708,11.000,9,14001061
2022,4,157540714,1.000,9,14001062
2022,12,157540717,1.000,9,14001063
2022,1,157540727,1.000,9,14001064
2022,2,160140480,1.000,9,14351143
2022,5,160130466,2.000,1,14350644
2022,5,156388155,100.500,1,13832764
2022,4,165969671,1.000,11,15147193
2022,4,162466437,1.000,11,14664784
2022,4,162466438,1.000,11,14664785
2022,12,162466461,1.000,11,14664786
2022,4,162497683,30.000,9,14668594
2022,12,162720502,1.000,11,14697611
2022,5,156404494,727.130,1,13835140
2022,5,156404498,2.000,1,13835141
2022,5,156404499,3.000,1,13835142
2022,4,166916479,1.700,1,15289394
2022,1,166916479,1.000,1,15289395
2022,12,156882083,27.000,1,13900908
2022,12,164180611,1.000,11,14898257
2022,16,151606096,6.000,9,13119798
2022,4,157433182,26.000,9,13984040
2022,4,151606300,1.000,9,13119804
2022,12,151606451,1.000,9,13119808
2022,2,151606455,1.000,11,13119809
2022,4,151606463,3.000,9,13119810
2022,2,151606463,1.000,11,13119811
2022,4,156444542,44.500,1,13841045
2022,4,151447087,1.000,9,13095658
2022,2,151447139,1.000,11,13095659
2022,8,151447170,3.000,9,13095660
2022,2,152426319,1.000,11,13248938
2022,12,156444542,6.500,1,13841046
2022,2,163231034,1.000,1,14760399
2022,4,156736822,21.500,1,13881743
2022,4,166867664,49.500,1,15283262
2022,1,166867664,2.000,1,15283263
2022,1,156988081,58.000,9,13915545
2022,1,152426358,1.000,11,13248941
2022,4,156988081,2.000,9,13915546
2022,5,156473438,34.000,1,13846124
2022,4,152426383,10.000,9,13248942
2022,5,152426385,1.000,11,13248943
2022,4,152426417,1.000,11,13248944
2022,4,153331844,4.000,9,13392158
2022,4,153331859,1.000,9,13392159
2022,17,156473438,5.000,9,13846125
2022,1,157220775,50.000,1,13956554
2022,4,153331894,1.000,9,13392161
2022,8,153331899,1.000,9,13392162
2022,5,160130478,456.000,1,14350645
2022,12,155185993,1.000,11,13667011
2022,2,160130478,6.000,1,14350646
2022,5,158248965,470.000,1,14091856
2022,1,155186032,1.000,11,13667012
2022,1,155186059,1.000,11,13667013
2022,4,155186081,1.000,11,13667014
2022,1,157198833,64.000,1,13952538
2022,4,157301290,1.700,1,13965587
2022,1,157232391,7.500,1,13958030
2022,4,157232391,2.600,1,13958031
2022,4,157198835,3.000,1,13952539
2022,4,157469806,30.000,1,13990085
2022,4,157417417,1.000,11,13981827
2022,2,157417425,1.000,11,13981828
2022,16,158456373,1.000,2,14126684
2022,5,157469806,13.000,1,13990086
2022,4,158456406,1.000,11,14126685
2022,4,158456426,1.000,11,14126687
2022,4,158456430,1.000,11,14126688
2022,12,158456468,1.000,11,14126689
2022,1,158456482,1.000,11,14126690
2022,2,158456486,1.000,11,14126691
2022,12,158456486,1.000,11,14126692
2022,4,158456486,1.000,11,14126693
2022,2,160140503,1.000,11,14351144
2022,2,162134223,1.000,11,14626258
2022,1,157743086,8.000,1,14028314
2022,4,160140541,1.000,11,14351145
2022,12,160140545,1.000,11,14351146
2022,2,160140577,1.000,11,14351147
2022,17,160140601,1.000,9,14351148
2022,2,160140616,1.000,11,14351149
2022,2,157743086,13.000,1,14028315
2022,1,157403627,1.000,1,13980044
2022,1,157476132,1.000,1,13990829
2022,1,160755267,1.000,11,14437029
2022,4,160755272,1.000,11,14437030
2022,2,160755296,1.000,11,14437031
2022,1,160755312,1.000,11,14437032
2022,4,160755328,1.000,11,14437033
2022,4,162307462,1.000,1,14648606
2022,5,162307462,1.000,1,14648607
2022,5,166867666,26.000,1,15283264
2022,1,166867666,21.630,1,15283265
2022,1,157640324,3.700,1,14017239
2022,2,160755412,1.000,11,14437034
2022,4,157640324,9.270,1,14017240
2022,1,157469824,1.000,1,13990087
2022,1,162134239,1.000,11,14626260
2022,4,162134239,1.000,11,14626261
2022,2,162134260,1.000,11,14626262
2022,8,162134272,1.000,11,14626263
2022,2,162134344,1.000,11,14626264
2022,1,162134349,1.000,11,14626265
2022,5,163231038,3942.000,9,14760400
2022,5,165173713,1.000,11,15029557
2022,12,165173738,1.000,11,15029559
2022,4,165173743,1.000,11,15029560
2022,16,165173743,1.000,11,15029561
2022,2,165173746,1.000,11,15029562
2022,17,163231038,916.000,9,14760401
2022,5,160130518,3.000,4,14350654
2022,4,160130518,12.000,1,14350655
2022,12,157651712,0.700,1,14018881
2022,8,165173798,1.000,11,15029563
2022,12,165173803,1.000,11,15029564
2022,4,160130526,10.000,1,14350656
2022,1,160130530,0.100,1,14350657
2022,4,164227259,1.500,1,14905539
2022,2,165173846,1.000,11,15029565
2022,12,160130549,1.000,11,14350659
2022,1,158664282,1.000,1,14152852
2022,12,160142463,1.000,1,14351376
2022,4,158664282,10.000,9,14152853
2022,2,158664283,4.000,1,14152854
2022,1,158859164,43.000,1,14177761
2022,4,158859164,11.000,1,14177762
2022,4,160130624,3.000,1,14350660
2022,5,160130624,6.000,1,14350661
2022,5,160130625,1.000,11,14350662
2022,17,160130625,1.000,11,14350663
2022,17,160130634,1.000,11,14350664
2022,16,158859171,10.000,9,14177764
2022,1,158859171,15.500,1,14177765
2022,4,165418459,0.300,1,15062197
2022,4,156982565,0.500,3,13914443
2022,1,165418459,1.000,1,15062198
2022,4,158859172,1.000,1,14177767
2022,12,156982581,1.000,3,13914445
2022,12,156982584,18.000,9,13914446
2022,1,158859172,1.400,1,14177768
2022,4,160130659,114.040,1,14350665
2022,8,156982605,29.000,9,13914447
2022,2,156982619,0.070,1,13914448
2022,4,160130716,21.000,1,14350666
2022,8,157025761,7.000,9,13923752
2022,16,157025777,10.000,9,13923753
2022,16,157025804,51.000,9,13923754
2022,1,157025849,1.000,3,13923755
2022,16,157025850,4.000,9,13923756
2022,8,160130716,1.000,1,14350667
2022,16,160130763,4.000,1,14350668
2022,5,157025887,10.000,4,13923757
2022,1,157540766,1.000,11,14001065
2022,4,160142765,1.000,11,14351384
2022,16,160130766,3.000,1,14350669
2022,16,160142767,33.000,9,14351385
2022,12,160130771,5.000,1,14350670
2022,1,160130777,0.020,1,14350671
2022,1,160142782,1.000,11,14351386
2022,10,160142782,1.000,11,14351387
2022,1,160130827,11.000,1,14350672
2022,1,160142806,1.000,11,14351388
2022,1,162466464,7.000,1,14664787
2022,4,160130827,192.000,9,14350673
2022,4,165457702,331.000,1,15069397
2022,1,165457702,2.000,1,15069398
2022,4,160130857,30.000,9,14350676
2022,4,163231045,1.750,1,14760404
2022,1,160130904,2.700,1,14350678
2022,4,160130907,53.000,1,14350679
2022,8,160130907,39.000,9,14350680
2022,4,160130909,61.460,1,14350681
2022,1,160130909,5.460,1,14350682
2022,1,160130931,6.000,1,14350684
2022,4,160130943,3.000,1,14350685
2022,1,160130945,2.000,1,14350686
2022,11,160130945,2.000,9,14350687
2022,2,163231048,6.000,1,14760405
2022,1,156399802,1.000,1,13834611
2022,5,163231048,282.000,1,14760406
2022,1,160130976,4.000,1,14350691
2022,1,160918314,8.000,1,14461246
2022,4,160918314,1.000,9,14461247
2022,1,160467517,4.000,1,14397824
2022,1,163231053,8.500,1,14760407
2022,2,163231054,1.000,1,14760408
2022,12,160772080,2.000,1,14439113
2022,1,156399815,1.000,11,13834612
2022,4,156399815,1.000,11,13834613
2022,1,156399826,1.000,11,13834614
2022,8,161316720,4.000,9,14523201
2022,5,161316720,58.000,1,14523202
2022,1,163231056,11.000,1,14760409
2022,16,163231056,1.000,11,14760410
2022,8,163231057,1.000,1,14760412
2022,1,163231057,1.000,1,14760413
2022,4,160918316,12.000,1,14461252
2022,1,163228401,7.000,1,14760084
2022,5,162225275,291.000,1,14637207
2022,1,160918318,3.000,1,14461253
2022,5,163231058,95.000,1,14760415
2022,4,163231058,9.000,1,14760416
2022,8,163231059,22.000,1,14760418
2022,2,163231059,3.500,1,14760419
2022,1,163231060,11.000,1,14760421
2022,1,165031137,3.000,1,15010086
2022,4,156399842,1.000,11,13834615
2022,4,156399843,1.000,11,13834616
2022,16,156399847,1.000,11,13834617
2022,4,162006894,3.000,9,14613669
2022,1,156399847,1.000,11,13834618
2022,4,162023915,43.000,9,14615312
2022,1,162023915,2.000,9,14615313
2022,4,162818612,10.000,9,14707200
2022,16,156399849,1.000,11,13834619
2022,16,156399849,1.000,9,13834620
2022,4,156399853,1.000,11,13834621
2022,4,162818613,1.000,9,14707201
2022,4,156399870,1.000,11,13834622
2022,12,163405007,69.900,1,14784061
2022,12,156399881,1.000,9,13834623
2022,4,156399883,1.000,9,13834624
2022,4,156399889,7.000,9,13834625
2022,1,156399889,1.000,11,13834626
2022,4,163405007,4.000,9,14784062
2022,16,163405007,2.000,9,14784063
2022,4,163614248,1.000,9,14815995
2022,16,148223814,7.000,9,12640700
2022,2,163902646,2.000,9,14856208
2022,4,156399899,1.000,11,13834628
2022,4,156399901,1.000,11,13834629
2022,4,163902646,8.000,9,14856209
2022,12,157441376,5.000,9,13985178
2022,16,147296965,1.000,11,12513238
2022,4,146761007,1.000,9,12436949
2022,12,156399901,1.000,11,13834630
2022,12,147296967,8.000,1,12513239
2022,4,148153479,10.000,9,12629071
2022,1,156399925,1.000,11,13834632
2022,16,156399930,5.000,9,13834633
2022,4,156399930,1.000,9,13834634
2022,16,156399936,2.000,9,13834635
2022,4,150521023,2.000,3,12954752
2022,1,156399937,1.000,11,13834636
2022,12,156399943,1.000,9,13834637
2022,4,156399958,1.000,9,13834638
2022,12,156399962,5.000,1,13834639
2022,4,151353473,9.000,9,13085185
2022,12,156399975,1.000,11,13834640
2022,7,160977987,8.000,9,14469515
2022,12,153748992,1.000,1,13451238
2022,17,153748992,1.000,1,13451239
2022,2,151362314,2.000,1,13085758
2022,4,156399986,1.000,11,13834641
2022,16,156399986,1.000,11,13834642
2022,4,156399991,1.000,11,13834643
2022,4,156400004,1.000,9,13834644
2022,5,156400018,5.000,1,13834645
2022,2,164110473,1.000,1,14891563
2022,1,152405878,2.000,1,13246529
2022,12,152342014,1.000,1,13234765
2022,4,152342014,1.000,1,13234766
2022,4,152430598,3.000,9,13249299
2022,4,156400023,1.000,9,13834646
2022,4,153748996,1.000,1,13451241
2022,5,156400036,1.000,11,13834647
2022,4,156400048,1.000,11,13834648
2022,2,156400048,1.000,11,13834649
2022,4,156400052,1.000,9,13834651
2022,12,156400054,1.000,11,13834652
2022,12,156400057,1.000,11,13834653
2022,8,156400063,2.000,9,13834654
2022,16,156400063,2.000,9,13834655
2022,5,156400063,1.000,11,13834656
2022,4,154379837,1.000,11,13545419
2022,1,154379837,1.000,11,13545420
2022,12,153735238,5.000,1,13449166
2022,12,157403628,1.000,1,13980045
2022,4,160133936,2.000,9,14350881
2022,4,157029824,0.900,1,13924439
2022,5,156400081,1.000,11,13834657
2022,1,156866027,1.000,9,13898684
2022,4,158298918,1.000,9,14099216
2022,12,155112119,1.000,1,13655023
2022,2,156400093,1.000,11,13834658
2022,17,156400110,1.000,11,13834659
2022,16,158420834,12.000,9,14120389
2022,4,156400111,1.000,11,13834660
2022,12,156400113,1.000,11,13834661
2022,12,156400113,2.000,9,13834662
2022,12,157725383,1.000,1,14025953
2022,16,158733590,7.000,9,14159706
2022,4,156400118,3.000,9,13834663
2022,2,158733590,1.000,9,14159707
2022,4,157364025,1.000,11,13973811
2022,4,157640356,1.000,9,14017244
2022,2,157640356,4.000,1,14017245
2022,8,158298938,1.000,9,14099218
2022,12,156400118,2.000,9,13834664
2022,12,158298938,22.000,9,14099219
2022,4,160133978,1.000,11,14350882
2022,16,160133978,1.000,11,14350883
2022,4,158733596,4.000,9,14159709
2022,4,162565478,1.000,1,14676926
2022,4,160134017,1.000,1,14350885
2022,16,156400118,1.000,9,13834665
2022,4,156400123,3.000,9,13834666
2022,4,156400126,1.000,11,13834667
2022,4,156400129,1.000,11,13834668
2022,12,156400143,1.000,11,13834669
2022,4,161136517,2.000,9,14490307
2022,4,161560377,1.000,9,14552296
2022,4,156400165,1.000,11,13834670
2022,5,154730182,1.000,11,13601118
2022,1,156400180,1.000,11,13834671
2022,16,156400182,1.000,11,13834672
2022,4,156400183,1.000,11,13834673
2022,1,156400183,1.000,11,13834674
2022,16,148099570,1.000,11,12621474
2022,16,146785545,1.000,11,12439511
2022,11,160915389,10.000,1,14460883
2022,6,160915389,21.000,9,14460884
2022,1,148938568,1.000,11,12732056
2022,4,156400188,1.000,11,13834675
2022,12,156400222,1.000,11,13834676
2022,4,156400230,1.000,11,13834677
2022,8,156400234,1.000,9,13834678
2022,4,166526957,1.000,11,15227972
2022,8,166526957,1.000,11,15227973
2022,4,148016385,11.000,9,12608613
2022,1,165345736,1.000,11,15049478
2022,12,165345736,1.000,11,15049479
2022,1,149144766,1.000,11,12762435
2022,4,150020308,1.000,11,12889063
2022,16,150020308,1.000,11,12889064
2022,1,150478792,1.000,11,12950407
2022,1,150020309,1.000,11,12889066
2022,4,156400235,12.000,9,13834679
2022,1,156400255,1.000,11,13834680
2022,12,156400255,1.000,11,13834681
2022,4,156400265,3.000,9,13834682
2022,12,156400265,1.000,11,13834683
2022,4,150407725,1.000,11,12937922
2022,1,156400270,1.000,11,13834685
2022,4,156400299,1.000,11,13834686
2022,8,156400299,6.000,9,13834687
2022,4,156400313,1.000,11,13834688
2022,4,150422675,1.000,11,12941243
2022,4,149494957,1.000,11,12816246
2022,12,156400314,1.000,11,13834689
2022,4,156400318,3.000,9,13834690
2022,12,156400322,1.000,9,13834691
2022,16,156400341,1.000,11,13834692
2022,4,156400342,1.000,11,13834693
2022,16,156400347,4.000,9,13834694
2022,16,156400347,1.000,11,13834695
2022,16,150478793,21.000,9,12950408
2022,16,149494962,1.000,11,12816247
2022,5,149494962,2.000,4,12816248
2022,4,150434800,1.000,11,12942877
2022,16,153648493,3.000,9,13438060
2022,4,160135825,1.000,11,14350968
2022,11,150561706,25.000,9,12958598
2022,1,150619061,1.000,1,12966872
2022,16,156400356,1.000,9,13834697
2022,4,156400374,1.000,11,13834698
2022,16,156400378,1.000,11,13834699
2022,8,156400378,1.000,11,13834700
2022,8,152114761,1.000,11,13205113
2022,16,156400390,1.000,11,13834702
2022,12,156381820,1.000,11,13832047
2022,4,165239169,1.000,11,15038545
2022,8,152295009,1.000,11,13228867
2022,16,152295009,1.000,11,13228868
2022,1,155103366,1.000,11,13653718
2022,4,155103366,1.000,11,13653719
2022,8,160915391,5.000,9,14460885
2022,2,154386568,1.000,11,13546415
2022,16,156381820,1.000,11,13832048
2022,12,156381821,1.000,9,13832049
2022,16,156381831,1.000,11,13832050
2022,4,156381840,1.000,11,13832051
2022,4,158133007,1.000,11,14079663
2022,16,156381857,1.000,9,13832052
2022,16,156381857,1.000,11,13832053
2022,17,154386568,1.000,11,13546416
2022,8,154799149,1.000,11,13613311
2022,17,154963477,1.000,11,13635758
2022,4,156006840,1.000,11,13782214
2022,1,156381870,1.000,11,13832054
2022,4,156381870,1.000,11,13832055
2022,12,156381876,1.000,11,13832056
2022,11,156130197,14.500,1,13799341
2022,4,155871750,1.000,11,13768649
2022,16,157476140,14.000,9,13990832
2022,12,156130198,1.000,11,13799342
2022,16,156130198,1.000,11,13799343
2022,4,156130202,1.000,11,13799344
2022,16,156427400,196.500,9,13838734
2022,16,156381876,1.000,11,13832057
2022,4,156381890,1.000,11,13832058
2022,1,157198842,1.000,11,13952540
2022,4,157198842,1.000,11,13952541
2022,5,158298946,1.000,1,14099220
2022,1,160830857,1.000,11,14448422
2022,4,160135851,7.000,9,14350969
2022,4,156381894,1.000,11,13832059
2022,12,156381902,1.000,11,13832060
2022,4,158857385,1.000,11,14177421
2022,4,160135860,1.000,11,14350970
2022,5,162021825,1.000,11,14615139
2022,16,160135864,2.000,9,14350971
2022,4,160135899,10.000,9,14350972
2022,1,160135921,1.000,11,14350973
2022,2,156381908,2.000,1,13832061
2022,12,156381914,1.000,11,13832062
2022,5,156381914,1.000,1,13832063
2022,5,156381914,1.000,11,13832064
2022,4,162718447,1.000,11,14697242
2022,12,157438248,1.000,9,13984643
2022,8,157438248,6.000,9,13984644
2022,1,162718447,1.000,11,14697243
2022,4,160481787,1.000,11,14400398
2022,17,160481787,1.000,11,14400399
2022,1,160772111,1.000,11,14439114
2022,8,157438250,100.000,9,13984645
2022,4,157438253,1.000,9,13984646
2022,4,157438258,1.000,11,13984647
2022,1,157438258,1.000,11,13984648
2022,4,157438262,1.000,9,13984649
2022,4,157438267,1.000,11,13984650
2022,16,158417618,5.000,9,14119870
2022,4,158417618,1.000,9,14119871
2022,4,158417619,1.000,11,14119873
2022,4,160772111,1.000,11,14439115
2022,4,161136541,1.000,11,14490309
2022,4,149380764,3.000,9,12799656
2022,16,157438273,1.000,11,13984651
2022,16,157438280,7.000,9,13984652
2022,12,157438283,1.000,11,13984653
2022,1,157438307,1.000,11,13984654
2022,12,153268127,128.000,9,13384055
2022,5,157438310,1.000,11,13984655
2022,12,157438310,1.000,9,13984656
2022,16,158971928,1.000,11,14192000
2022,1,158971941,1.000,11,14192001
2022,16,158971949,1.000,11,14192002
2022,12,158971987,1.000,11,14192003
2022,12,158971999,1.000,11,14192005
2022,1,158972005,1.000,1,14192006
2022,1,158972005,1.000,11,14192007
2022,8,158972021,1.000,9,14192009
2022,12,158972030,1.000,11,14192011
2022,1,158972049,1.000,1,14192014
2022,12,158972054,1.000,11,14192015
2022,12,158972057,1.000,9,14192016
2022,2,158972061,1.000,11,14192017
2022,16,158972061,1.000,11,14192018
2022,12,158972078,1.000,11,14192019
2022,12,158972101,1.000,11,14192020
2022,4,158972101,1.000,11,14192021
2022,16,158972101,2.000,9,14192022
2022,1,158972102,1.000,11,14192023
2022,4,158972107,1.000,9,14192024
2022,16,158972107,2.000,9,14192025
2022,4,160143541,1.000,11,14351409
2022,1,160143578,1.000,1,14351410
2022,16,160143581,4.000,9,14351411
2022,2,160143591,3.000,1,14351412
2022,12,160143591,2.000,1,14351413
2022,4,160143599,20.000,9,14351415
2022,1,160143599,1.000,1,14351416
2022,16,160143605,16.000,9,14351418
2022,1,160143609,2.000,1,14351420
2022,17,160143618,2.000,9,14351421
2022,8,161227825,11.000,9,14511308
2022,8,161227826,2.000,9,14511309
2022,8,161227834,1.000,9,14511310
2022,2,151355015,1.000,1,13085265
2022,2,161227837,10.000,1,14511311
2022,8,153449670,1.000,11,13408960
2022,16,161227844,24.000,9,14511312
2022,12,161227844,1.000,1,14511313
2022,4,161227844,2.000,9,14511314
2022,12,161227860,1.000,1,14511315
2022,4,161227866,1.000,1,14511316
2022,12,161227866,1.000,1,14511317
2022,4,161227876,1.000,1,14511318
2022,12,161227876,1.000,1,14511319
2022,4,155991469,1.000,11,13780109
2022,1,156396076,2.000,9,13834205
2022,4,165845811,10.000,9,15130744
2022,12,157358749,2.000,9,13973065
2022,4,156919477,1.000,9,13907739
2022,4,156396085,2.000,9,13834206
2022,16,158771017,10.000,9,14164257
2022,17,156396091,1.000,9,13834209
2022,4,155982258,2.000,9,13777908
2022,2,158771017,1.000,9,14164258
2022,4,157472238,11.000,7,13990365
2022,4,155982277,1.000,9,13777909
2022,2,155982287,1.000,9,13777910
2022,2,158258976,1.000,9,14093628
2022,12,158258980,1.000,9,14093629
2022,4,158258982,4.000,9,14093630
2022,1,158258989,1.000,9,14093631
2022,1,158259001,1.000,9,14093632
2022,4,158259003,3.000,9,14093633
2022,12,158744683,9.000,9,14160707
2022,16,158744689,11.000,9,14160708
2022,1,158259012,1.000,11,14093634
2022,2,158259021,1.000,11,14093635
2022,4,158259021,1.000,11,14093636
2022,4,160144035,1.000,9,14351428
2022,1,160144035,1.000,9,14351429
2022,4,160144044,1.000,9,14351430
2022,1,160144046,1.000,9,14351431
2022,1,160969198,1.000,9,14468340
2022,16,161316795,12.000,9,14523205
2022,4,161316799,2.000,9,14523206
2022,12,151359984,1.000,11,13085547
2022,4,151359990,1.000,11,13085548
2022,12,151779368,1.000,11,13144816
2022,4,151779368,1.000,11,13144817
2022,4,151779369,1.000,11,13144818
2022,1,151779370,1.000,11,13144819
2022,8,153441461,1.000,11,13407624
2022,4,153441462,1.000,11,13407625
2022,2,153441462,1.000,11,13407626
2022,8,155382310,3.000,3,13690105
2022,7,160136419,97.000,9,14350990
2022,10,156746317,1.000,11,13883261
2022,17,156746317,1.000,11,13883262
2022,8,157609966,1.000,11,14013524
2022,17,160136462,1.000,9,14350992
2022,1,160144054,1.000,3,14351432
2022,1,157907224,1.000,1,14051376
2022,12,160768964,1.000,9,14438851
2022,4,160136476,2.000,9,14350993
2022,4,160912514,3.000,9,14460654
2022,5,160912514,1.000,11,14460655
2022,4,160935648,1.000,9,14463058
2022,1,157399434,1.000,3,13979379
2022,1,160140784,1.000,11,14351152
2022,1,157399438,2.000,3,13979380
2022,1,157907392,1.000,3,14051381
2022,4,160140784,1.000,11,14351153
2022,4,155693405,3.000,9,13735917
2022,4,161385823,1.000,3,14535510
2022,8,161385838,1.000,3,14535511
2022,5,155766586,4.000,9,13752437
2022,5,155991494,20.000,1,13780111
2022,4,156046325,1.000,3,13788167
2022,1,156046325,1.000,3,13788168
2022,12,156046326,1.000,1,13788169
2022,4,156046326,1.000,1,13788170
2022,5,156163755,7.510,1,13803892
2022,1,148758036,2.000,9,12704557
2022,1,148758037,50.000,9,12704558
2022,2,148758037,52.000,9,12704559
2022,16,148758037,6.000,9,12704560
2022,4,148758039,8.000,9,12704561
2022,1,148758039,2.000,9,12704562
2022,1,148758041,27.000,9,12704563
2022,1,150457541,5.000,9,12946327
2022,4,150457545,23.000,9,12946328
2022,1,150457545,7.000,9,12946329
2022,4,150457546,5.000,9,12946330
2022,4,151352886,23.000,9,13085170
2022,2,151352887,10.000,9,13085171
2022,2,151352890,7.000,9,13085172
2022,2,152424232,5.000,9,13248549
2022,1,152424232,25.000,9,13248550
2022,1,152424234,23.000,9,13248551
2022,4,152424235,8.000,9,13248552
2022,4,152424236,57.000,9,13248553
2022,1,152424236,52.000,9,13248554
2022,2,152424236,36.000,9,13248555
2022,8,152424238,65.000,9,13248556
2022,12,152424238,19.000,9,13248557
2022,2,152424239,1.000,9,13248558
2022,4,153441474,45.000,9,13407627
2022,1,153441475,2.000,9,13407628
2022,8,153441478,34.000,9,13407629
2022,1,153441481,20.000,9,13407630
2022,4,153441481,130.000,9,13407631
2022,8,153441481,7.000,9,13407632
2022,5,153441482,1.000,11,13407633
2022,15,164073557,16.000,9,14886633
2022,8,154902408,55.000,9,13626528
2022,16,154902409,16.000,9,13626529
2022,8,154902409,17.000,9,13626530
2022,2,154902410,90.000,9,13626531
2022,1,154902410,2.000,9,13626532
2022,5,154902412,6.000,3,13626533
2022,1,154902414,44.000,9,13626534
2022,8,156046347,65.000,9,13788171
2022,1,157204940,9.000,9,13953229
2022,4,156704999,15.000,9,13877906
2022,8,158273175,5.000,9,14095623
2022,12,160132521,1.000,9,14350788
2022,15,156704999,17.000,9,13877907
2022,5,156704999,1.000,9,13877908
2022,4,157431525,5.000,1,13983784
2022,4,157468399,4.000,1,13989824
2022,16,164073558,26.000,9,14886634
2022,4,157844186,4.000,9,14042524
2022,4,158722511,4.000,1,14159304
2022,12,158728337,4.000,1,14159516
2022,16,146777241,1.000,9,12438246
2022,4,161276927,1.000,11,14517433
2022,4,161785780,1.000,11,14581268
2022,1,162156805,1.000,11,14629535
2022,2,160912546,4.000,3,14460657
2022,12,147294765,6.000,9,12512915
2022,16,147294765,5.000,9,12512916
2022,4,147294768,2.000,9,12512917
2022,12,147498315,1.000,1,12538130
2022,2,148075962,5.000,9,12617283
2022,12,148075965,1.000,9,12617284
2022,5,147498315,1.000,1,12538131
2022,4,147508054,8.000,9,12539729
2022,12,148075968,1.000,9,12617285
2022,4,148075968,1.000,9,12617286
2022,1,147508054,1.000,9,12539730
2022,1,149087891,3.000,9,12754861
2022,16,147508054,1.000,9,12539731
2022,16,147508996,1.000,9,12539971
2022,4,149087878,2.000,9,12754859
2022,4,149087901,1.000,11,12754862
2022,12,149087903,1.000,11,12754863
2022,16,149087904,1.000,11,12754864
2022,4,149647712,17.000,9,12836962
2022,4,150515112,5.000,9,12954380
2022,17,151554817,5.000,9,13112790
2022,12,152434611,3.000,9,13249777
2022,1,154386600,1.000,1,13546423
2022,16,154386600,4.000,9,13546424
2022,4,154397171,43.000,9,13547801
2022,17,156112222,1.000,9,13797185
2022,2,149771436,1.000,11,12855226
2022,1,149771436,1.000,11,12855227
2022,5,156263920,66.600,1,13817954
2022,12,149771437,1.000,11,12855228
2022,1,149771440,1.000,11,12855229
2022,2,149771440,1.000,11,12855230
2022,2,160767897,1.000,1,14438772
2022,4,157293505,1.000,9,13964809
2022,4,157314522,1.000,9,13966706
2022,4,157314527,2.000,9,13966707
2022,4,160932490,1.000,9,14462895
2022,12,149771441,1.000,11,12855231
2022,5,150483350,6.000,3,12951273
2022,2,150483352,1.000,9,12951274
2022,4,150615871,1.000,9,12966460
2022,2,151531130,1.000,9,13109019
2022,12,151531133,1.000,11,13109020
2022,2,151531988,1.000,11,13109156
2022,12,151531993,1.000,11,13109158
2022,1,151531996,1.000,11,13109159
2022,12,151531998,1.000,11,13109160
2022,1,151531998,1.000,11,13109161
2022,12,153987507,1.000,9,13485969
2022,1,151532004,1.000,11,13109165
2022,4,153984801,1.000,9,13485422
2022,4,153984816,1.000,9,13485424
2022,1,153984837,3.000,9,13485430
2022,12,153987510,1.000,9,13485970
2022,1,153987520,1.000,9,13485971
2022,8,153987521,24.000,9,13485972
2022,4,153987530,3.000,9,13485973
2022,12,154904856,3.000,9,13626801
2022,1,154904857,61.000,9,13626802
2022,1,154904858,2.000,9,13626803
2022,12,154904859,1.000,9,13626804
2022,2,164832354,3.000,9,14979691
2022,12,164832354,1.000,9,14979692
2022,12,156402778,7.000,1,13834921
2022,5,156402778,5.000,3,13834922
2022,13,156402778,23.000,9,13834923
2022,2,157226910,2.000,9,13957330
2022,8,157226910,1.000,9,13957331
2022,4,157226920,2.000,9,13957332
2022,12,157226920,1.000,9,13957333
2022,15,157226920,2.000,9,13957334
2022,8,157226921,5.000,9,13957335
2022,1,157226923,1.000,11,13957337
2022,12,157226925,26.000,1,13957338
2022,16,157226925,20.000,9,13957339
2022,12,158313483,1.000,9,14101485
2022,2,158556578,1.000,9,14138075
2022,2,160131045,2.000,9,14350693
2022,16,160932490,2.000,9,14462896
2022,1,156761040,29.000,1,13885810
2022,2,161043239,2.000,9,14483838
2022,12,147408417,1.000,11,12525668
2022,8,147408417,12.000,9,12525669
2022,12,150348034,1.000,11,12931356
2022,4,150348035,1.000,11,12931357
2022,12,148621272,1.000,11,12694323
2022,8,148621272,1.000,11,12694324
2022,15,148621274,36.000,9,12694325
2022,12,148621276,1.000,11,12694326
2022,8,148621276,1.000,11,12694327
2022,12,148621277,1.000,11,12694328
2022,8,148621277,1.000,11,12694329
2022,1,150020387,1.000,11,12889067
2022,4,150020392,1.000,11,12889068
2022,12,150020394,1.000,11,12889069
2022,12,150431211,1.000,11,12942356
2022,12,150431213,1.000,11,12942357
2022,1,151352561,1.000,11,13085154
2022,8,151352565,1.000,11,13085155
2022,4,152337259,1.000,11,13233895
2022,12,152337259,1.000,11,13233896
2022,16,152337259,1.000,11,13233897
2022,10,152542502,1.000,11,13266404
2022,1,152542502,1.000,11,13266405
2022,4,156761040,70.000,1,13885811
2022,1,157417314,1.000,1,13981823
2022,4,158722515,7.000,1,14159305
2022,4,151473303,3.000,1,13099311
2022,5,152542506,1.000,11,13266406
2022,5,152542507,1.000,11,13266407
2022,3,152542507,1.000,11,13266408
2022,5,152542508,1.000,11,13266409
2022,3,152542508,1.000,11,13266410
2022,3,152542509,1.000,11,13266411
2022,5,152542509,1.000,11,13266412
2022,3,152542510,1.000,11,13266413
2022,3,152542511,1.000,11,13266414
2022,3,152542512,1.000,11,13266415
2022,12,152542514,1.000,11,13266416
2022,8,153449699,1.000,11,13408961
2022,12,157631740,1.000,11,14015945
2022,12,157631742,1.000,11,14015946
2022,1,151473303,1.000,1,13099312
2022,2,153811874,4.000,9,13459680
2022,4,158291004,1.000,11,14098213
2022,12,160131257,1.000,3,14350694
2022,5,152462863,1.000,1,13253268
2022,16,161235221,1.000,11,14512084
2022,12,154400934,1.000,11,13548379
2022,5,152462865,2.000,1,13253269
2022,1,164243242,11.000,1,14908111
2022,1,152448128,1.000,1,13251612
2022,8,152448174,1.000,11,13251613
2022,4,153667991,1.000,3,13439225
2022,1,153668017,1.000,1,13439226
2022,8,153668017,1.000,1,13439227
2022,2,155172861,1.000,11,13665128
2022,4,157098928,2.000,9,13935560
2022,1,157326329,54.000,1,13968528
2022,4,157326332,1.000,1,13968529
2022,4,157327129,5.000,1,13968653
2022,1,157328559,1.000,1,13968916
2022,5,158308027,1.000,7,14100808
2022,5,158308028,1.000,1,14100809
2022,5,158308033,1.000,1,14100810
2022,4,160134993,8.000,1,14350909
2022,16,161773346,15.000,1,14580875
2022,8,152539788,5.000,9,13266042
2022,12,151353228,3.000,9,13085183
2022,4,153895987,2.000,1,13473177
2022,12,156041231,1.000,1,13787145
2022,2,160905076,2.000,1,14459897
2022,4,163676662,1.000,1,14831749
2022,2,151354020,1.000,1,13085222
2022,4,156041240,1.000,11,13787146
2022,4,151354069,3.000,1,13085223
2022,2,156041240,1.000,11,13787147
2022,1,158417654,4.000,1,14119874
2022,4,158417654,1.000,1,14119875
2022,1,158417659,1.000,1,14119876
2022,16,153746429,26.000,9,13450954
2022,16,157063430,3.000,1,13930512
2022,16,157063432,1.000,8,13930513
2022,1,160132335,1.000,1,14350765
2022,8,160132335,1.000,1,14350766
2022,1,163676663,1.000,1,14831750
2022,16,160132350,1.000,11,14350768
2022,12,160132373,1.000,11,14350772
2022,2,153746429,16.000,1,13450955
2022,1,154536792,2.000,1,13571721
2022,4,160739292,1.000,11,14434617
2022,1,151653104,1.000,7,13128905
2022,12,151653104,1.000,3,13128906
2022,16,151653104,114.000,9,13128907
2022,4,151554637,9.000,1,13112780
2022,16,151569339,19.000,9,13114847
2022,1,151569339,10.000,1,13114848
2022,1,154536795,2.000,1,13571722
2022,12,154559022,5.000,1,13575021
2022,5,154729728,1812.000,1,13601044
2022,1,151554679,4.000,1,13112781
2022,4,151554699,5.000,1,13112782
2022,8,155470664,4.000,9,13706404
2022,16,155470664,60.000,9,13706405
2022,4,155470667,1.000,1,13706407
2022,1,155470667,3.000,1,13706408
2022,1,155470670,15.000,1,13706409
2022,4,155948172,1.000,1,13773434
2022,8,155971425,70.000,9,13776538
2022,4,155973728,18.000,1,13776999
2022,8,155973728,20.000,9,13777000
2022,4,157639422,2.000,1,14017129
2022,1,155867653,3.000,1,13767853
2022,1,155867658,22.000,1,13767854
2022,8,155867663,3.000,9,13767855
2022,1,157639422,1.000,1,14017130
2022,2,157742085,5.000,1,14028084
2022,1,156263981,11.000,1,13817955
2022,2,160135049,1.000,1,14350910
2022,12,156264007,2.000,1,13817956
2022,1,157417482,1.000,1,13981831
2022,4,160135061,5.000,1,14350911
2022,4,157417536,6.000,9,13981833
2022,5,160135064,1.000,1,14350912
2022,4,160135066,3.000,1,14350913
2022,1,160135087,5.000,1,14350914
2022,1,160480861,1.000,1,14400221
2022,17,164187049,1.000,1,14898997
2022,8,158956197,27.000,9,14190698
2022,16,161227574,60.000,9,14511300
2022,1,161227574,9.000,3,14511301
2022,2,161227574,1.000,3,14511302
2022,4,150554801,0.290,1,12958012
2022,7,150554802,0.110,1,12958013
2022,7,150554807,0.110,1,12958014
2022,2,161125718,1.000,1,14489055
2022,7,161125718,2.000,1,14489056
2022,5,151515215,29.000,1,13107082
2022,7,147243719,1.000,11,12503852
2022,1,147243734,1.000,11,12503853
2022,4,147243734,1.000,11,12503854
2022,1,147243747,1.000,11,12503855
2022,12,148133672,4.000,9,12626704
2022,8,153441415,12.600,4,13407620
2022,1,148034428,3.000,9,12610719
2022,12,147498348,1.000,9,12538132
2022,12,147498351,3.000,9,12538133
2022,4,148007378,1.000,9,12607950
2022,7,148007380,1.000,9,12607951
2022,8,148133674,1.000,9,12626705
2022,5,148149007,20.000,9,12628657
2022,4,148689342,2.000,9,12701892
2022,1,148689342,10.000,9,12701893
2022,12,150319227,1.000,9,12926488
2022,4,150349546,1.000,9,12931562
2022,4,149549240,1.000,9,12823706
2022,12,150448270,1.000,9,12944895
2022,8,150448270,2.000,9,12944896
2022,12,153441415,5.600,4,13407621
2022,1,157072737,1.000,3,13931666
2022,12,150431216,1.000,9,12942358
2022,2,150507210,4.000,9,12953304
2022,12,150507210,4.000,9,12953305
2022,12,150432896,2.000,9,12942597
2022,4,150509863,2.000,9,12953714
2022,8,150507215,3.000,9,12953306
2022,1,150666041,1.000,9,12976605
2022,2,150666041,2.000,9,12976606
2022,4,151515242,5.000,9,13107084
2022,8,151572992,2.000,9,13115491
2022,4,151572997,11.000,9,13115492
2022,1,151572997,2.000,9,13115493
2022,8,152295232,1.000,9,13228877
2022,8,152337264,20.000,9,13233898
2022,2,160135717,1.340,3,14350949
2022,2,152996363,2.000,9,13331673
2022,12,152349615,1.000,9,13235836
2022,2,152363158,7.000,9,13237788
2022,1,154120321,3.000,9,13512612
2022,4,153555286,2.000,9,13425501
2022,4,154336280,60.000,9,13541737
2022,2,154336280,35.000,9,13541738
2022,4,153591085,1.000,9,13429420
2022,2,154336285,80.000,1,13541739
2022,13,154336285,91.000,9,13541740
2022,1,154403989,1.000,9,13548847
2022,15,154403989,6.000,9,13548848
2022,8,165969580,1.000,9,15147182
2022,4,155395780,240.000,9,13691611
2022,8,155171012,1.000,9,13664847
2022,12,155172868,1.000,9,13665129
2022,4,155172876,3.000,9,13665130
2022,1,155172876,21.000,9,13665131
2022,2,155172877,1.000,9,13665132
2022,1,155172877,1.000,9,13665133
2022,12,155382334,61.000,9,13690106
2022,8,155991538,14.000,9,13780114
2022,4,148351620,1.000,11,12657753
2022,1,156979921,5.000,9,13913761
2022,4,156979921,1.000,9,13913762
2022,8,156469995,5.000,9,13845760
2022,1,153441423,1.000,1,13407622
2022,8,156746346,9.000,9,13883263
2022,8,156746348,24.000,9,13883264
2022,4,157063464,4.000,9,13930514
2022,4,157063470,24.000,9,13930515
2022,12,157063472,1.000,9,13930516
2022,16,153529945,1.000,1,13422533
2022,4,156381798,1.000,1,13832046
2022,5,157844213,2.000,4,14042525
2022,4,149098802,215.000,9,12756797
2022,1,158417683,2.000,9,14119878
2022,2,158448461,1.000,9,14125370
2022,4,160135990,6.000,9,14350976
2022,1,160135990,4.000,9,14350977
2022,8,160136022,40.000,9,14350978
2022,8,160755443,3.000,9,14437035
2022,8,160755452,435.000,9,14437036
2022,12,160739319,1.000,9,14434618
2022,12,160739323,1.000,9,14434619
2022,1,160739323,3.000,9,14434620
2022,4,160739323,1.000,9,14434621
2022,14,154706542,8.000,9,13599356
2022,4,162033374,3.000,9,14616050
2022,14,150322490,1.000,9,12926995
2022,14,150458552,13.000,9,12946448
2022,2,150458552,1.000,1,12946449
2022,2,154725189,1.000,9,13600414
2022,2,155991506,1.000,9,13780112
2022,16,152998960,51.000,9,13332054
2022,4,154130786,28.000,9,13513416
2022,2,155361931,3.000,1,13687017
2022,14,155382344,5.000,9,13690107
2022,1,157226903,1.000,9,13957329
2022,2,156171359,1.000,3,13805415
2022,4,157358764,30.000,9,13973066
2022,2,158132949,1.000,1,14079661
2022,2,158132951,1.000,1,14079662
2022,2,165969588,0.300,1,15147183
2022,14,157681924,8.000,9,14021389
2022,14,158314742,28.000,9,14101640
2022,1,160136333,6.000,9,14350988
2022,2,161546853,1.000,3,14550492
2022,1,162279355,7.000,9,14645393
2022,2,162279357,2.000,2,14645394
2022,2,162313381,2.000,3,14649355
2022,5,155121508,2.000,1,13656206
2022,5,155121509,2.000,1,13656207
2022,8,155121513,6.000,9,13656208
2022,4,147354043,10.000,9,12517267
2022,4,160136379,2.000,9,14350989
2022,5,147891976,3.700,3,12592888
2022,16,148687821,37.500,9,12701699
2022,1,148351627,1.000,9,12657754
2022,1,148351629,1.000,9,12657755
2022,9,148687821,1.000,9,12701700
2022,11,148687821,4.000,9,12701701
2022,1,149418107,0.300,1,12805096
2022,1,152349631,1.000,1,13235837
2022,5,152349633,1.000,9,13235838
2022,2,152355216,1.000,9,13236648
2022,7,152355224,2.000,9,13236649
2022,1,153482825,1.000,1,13415097
2022,4,153482834,4.000,9,13415098
2022,1,154390753,2.000,9,13546993
2022,12,154390759,16.000,1,13546994
2022,12,157229063,1.000,9,13957675
2022,1,160136302,1.000,5,14350987
2022,12,160755476,1.000,9,14437037
2022,12,162307531,2.000,9,14648612
2022,1,165969589,1.000,1,15147184
2022,2,165969590,0.500,1,15147185
2022,1,166002526,0.060,1,15151011
2022,8,166002526,1.000,9,15151012
2022,8,165969591,21.000,7,15147186
2022,2,151473353,1.000,1,13099317
2022,1,151473353,1.000,1,13099318
2022,8,165969591,10.000,9,15147187
2022,4,151653145,20.000,9,13128908
2022,5,151902180,2.000,4,13171897
2022,1,151779175,10.000,1,13144796
2022,2,152312625,1.000,1,13230995
2022,8,165969592,163.000,9,15147188
2022,4,153449709,1.000,1,13408964
2022,1,153449709,5.000,9,13408965
2022,12,153668030,2.000,9,13439228
2022,8,165969593,8.000,9,15147189
2022,1,165969593,1.000,1,15147190
2022,4,165969594,0.300,1,15147191
2022,4,157399449,8.000,9,13979381
2022,12,157399451,6.000,9,13979382
2022,1,157399451,11.000,9,13979383
2022,12,157429359,2.000,9,13983526
2022,1,165969595,1.000,1,15147192
2022,5,157537444,6.000,9,14000738
2022,1,157537444,2.000,9,14000739
2022,4,157537444,3.000,9,14000740
2022,7,154904842,2.000,1,13626799
2022,12,158771084,3.000,9,14164260
2022,17,150440746,1.000,9,12943950
2022,1,160138813,18.000,9,14351053
2022,4,160138813,54.000,9,14351054
2022,1,156396105,1.000,9,13834211
2022,15,156396118,69.000,9,13834212
2022,15,156917580,10.000,9,13907462
2022,4,157297457,2.000,9,13965185
2022,12,157297458,1.000,9,13965186
2022,1,157470901,1.000,9,13990221
2022,4,157470901,1.000,9,13990222
2022,1,158273183,21.000,9,14095624
2022,2,158313485,4.000,9,14101486
2022,1,158744708,1.000,9,14160709
2022,5,153327593,1.000,3,13391766
2022,4,160138867,1.000,9,14351055
2022,15,160138867,8.000,9,14351056
2022,4,160138881,1.000,9,14351057
2022,5,156860628,8.000,4,13897778
2022,12,157631689,1.000,11,14015944
2022,5,160138711,130.000,9,14351051
2022,5,160138718,2.000,4,14351052
2022,1,160138987,0.000,1,14351058
2022,12,151356731,1.000,9,13085349
2022,11,160919244,1.000,1,14461333
2022,17,156421010,1.000,11,13837777
2022,4,157429373,2.000,9,13983527
2022,2,157429373,4.000,9,13983528
2022,16,157429373,1.000,9,13983529
2022,4,149357981,2.000,9,12796453
2022,1,150554854,2.000,9,12958015
2022,1,151515437,1.000,9,13107088
2022,1,152542516,10.000,9,13266417
2022,1,152542523,1.000,9,13266418
2022,4,152542525,3.000,9,13266419
2022,8,152542545,5.000,9,13266420
2022,2,153702588,7.000,9,13444073
2022,2,155379959,3.000,9,13689892
2022,4,155379960,1.000,9,13689893
2022,2,155379975,1.000,9,13689894
2022,4,160139070,1.000,11,14351060
2022,4,156302152,36.000,9,13822682
2022,1,156302156,1.000,9,13822683
2022,16,156302158,2.000,9,13822684
2022,2,156302168,20.000,9,13822686
2022,16,157342112,2.000,9,13970408
2022,1,157342126,2.000,9,13970409
2022,5,160139078,1.000,11,14351061
2022,4,157342136,1.000,9,13970410
2022,4,160139078,1.000,11,14351062
2022,4,160139153,1.000,11,14351063
2022,1,157342147,18.000,9,13970411
2022,15,157342147,5.000,9,13970412
2022,4,158652988,2.000,9,14152311
2022,2,158652988,1.000,9,14152312
2022,1,158652988,1.000,9,14152313
2022,2,158652997,2.000,9,14152314
2022,1,158653018,1.000,9,14152315
2022,8,158653030,12.000,9,14152316
2022,12,160140752,1.000,9,14351150
2022,2,160140777,1.000,9,14351151
2022,11,146880931,5.000,9,12456729
2022,2,160969218,1.000,9,14468342
2022,4,147592063,9.000,9,12553599
2022,4,148090845,2.000,9,12620342
2022,15,147592063,1.000,9,12553600
2022,2,147592065,2.000,1,12553601
2022,11,148223836,3.000,10,12640701
2022,11,148512344,1.000,9,12680104
2022,7,148555637,1.500,9,12687046
2022,15,148687826,120.000,9,12701702
2022,1,148034520,4.000,1,12610722
2022,16,148687826,346.000,9,12701703
2022,4,150348011,1.000,1,12931355
2022,8,150461517,11.000,9,12947418
2022,4,148034571,5.000,9,12610726
2022,15,158137011,30.000,9,14079950
2022,16,148034588,10.000,9,12610728
2022,7,158137011,9.000,9,14079951
2022,16,158137011,1.000,9,14079952
2022,2,166059630,1.000,9,15159117
2022,1,158273035,2.000,9,14095618
2022,1,158273039,1.000,9,14095619
2022,4,158273039,5.000,9,14095620
2022,16,158273039,1.000,9,14095621
2022,1,158278290,5.000,1,14096235
2022,4,158278290,9.000,9,14096236
2022,4,158288692,2.000,9,14097851
2022,5,151359374,7.000,9,13085543
2022,11,158288692,1.000,9,14097852
2022,13,158288711,3.000,9,14097853
2022,1,158288715,1.000,11,14097854
2022,2,158288718,4.000,9,14097855
2022,2,158290964,3.000,1,14098209
2022,4,158290964,5.000,1,14098210
2022,4,158290970,10.000,9,14098211
2022,2,158290996,1.000,1,14098212
2022,4,151359467,33.000,9,13085544
2022,4,158956216,1.000,11,14190699
2022,16,158956216,1.000,11,14190700
2022,17,158956216,1.000,11,14190701
2022,2,160139359,2.000,1,14351078
2022,4,151606065,1.000,9,13119793
2022,4,151902342,100.000,9,13171908
2022,4,152141730,10.000,9,13208722
2022,2,152303547,42.000,9,13229749
2022,16,154892273,27.000,9,13625097
2022,4,154892274,10.000,9,13625098
2022,16,163791179,10.000,9,14846781
2022,16,153443730,1.000,3,13407958
2022,12,158309980,2.000,9,14101093
2022,17,154392208,1.000,9,13547202
2022,9,154392215,1.000,1,13547203
2022,4,162139269,3.000,1,14627269
2022,8,158778263,7.000,9,14164783
2022,12,147500142,2.000,1,12538378
2022,12,147500143,1.000,9,12538379
2022,2,152292655,1.000,1,13228550
2022,4,152296592,2.000,1,13229106
2022,15,152312632,29.500,9,13230996
2022,4,156241370,3.000,1,13814472
2022,11,157028477,3.000,3,13924134
2022,5,157028477,1.100,3,13924135
2022,3,157028477,18.000,3,13924136
2022,11,157063409,1.000,3,13930511
2022,5,157074753,1.300,4,13931923
2022,2,160140448,0.500,1,14351134
2022,16,160140448,75.000,9,14351135
2022,12,160140449,1.000,9,14351137
2022,15,160140449,3.000,9,14351138
2022,4,160140454,1.000,1,14351139
2022,4,160140457,4.000,1,14351140
2022,1,160933729,0.500,1,14462946
2022,16,160933729,2.000,9,14462947
2022,12,160935661,0.500,1,14463059
2022,13,154651945,5.000,9,13592806
2022,16,158653082,1.000,9,14152317
2022,5,158653092,2.000,4,14152318
2022,2,158273082,1.000,3,14095622
2022,16,158554628,4000.000,9,14137777
2022,1,158554669,1.000,11,14137778
2022,2,160475618,4.000,2,14399368
2022,5,160475620,1.000,1,14399369
2022,1,160475673,1.000,1,14399371
2022,2,158278336,1.000,9,14096237
2022,1,160475713,1.000,1,14399372
2022,5,160475742,1.000,10,14399373
2022,4,160475743,1.000,9,14399374
2022,12,157396817,1.000,9,13978907
2022,5,161880702,5.000,1,14597851
2022,8,153484715,1.000,9,13415748
2022,12,160935815,15000.000,9,14463061
2022,2,153747439,6.000,1,13451080
2022,16,151453685,1.000,9,13096350
2022,16,162129443,10.000,9,14625644
2022,12,154336136,2.000,9,13541717
2022,4,151360083,14.000,9,13085554
2022,14,156982561,8.000,9,13914440
2022,4,156982562,1.000,9,13914441
2022,15,156982562,1.000,9,13914442
2022,5,147354054,13.000,3,12517269
2022,4,151360105,10.000,9,13085555
2022,1,154120335,7.000,9,13512613
2022,1,155395792,4.000,9,13691612
2022,16,155447922,2.000,9,13703636
2022,1,156302207,8.000,9,13822689
2022,4,156302207,2.000,9,13822690
2022,12,156302207,11.000,9,13822691
2022,4,156445835,2.000,9,13841286
2022,4,157399455,1.000,9,13979385
2022,1,151360933,1.000,3,13085601
2022,16,147354054,1.300,3,12517270
2022,1,148133659,1.000,3,12626703
2022,12,149098833,1.000,1,12756801
2022,5,150457567,4.900,4,12946331
2022,4,151359128,95.000,9,13085540
2022,4,149494992,1.000,1,12816250
2022,1,151359128,8.170,3,13085541
2022,5,156270413,1.000,11,13818704
2022,2,149494994,1.000,1,12816251
2022,12,149495016,1.000,1,12816252
2022,4,150575629,1.000,1,12960841
2022,4,150575631,1.000,1,12960842
2022,4,150575633,1.000,1,12960843
2022,12,150575635,1.000,1,12960844
2022,4,151361441,1.000,1,13085669
2022,2,151779397,1.000,1,13144820
2022,1,155269759,1.000,1,13677651
2022,2,155269768,1.000,1,13677652
2022,4,157396836,1.000,1,13978908
2022,4,157396840,1.000,9,13978909
2022,7,158771092,1.000,9,14164261
2022,17,156270414,1.000,11,13818705
2022,1,160145244,1.000,1,14351496
2022,4,160930417,1.000,1,14462812
2022,12,160930419,1.000,1,14462813
2022,4,160930420,1.000,1,14462814
2022,2,160930421,1.000,1,14462815
2022,8,160930423,1.000,3,14462816
2022,4,152539840,11.000,9,13266043
2022,16,152539862,179.000,9,13266044
2022,16,152539863,49.000,9,13266045
2022,2,156302122,1.000,11,13822681
2022,12,154390777,1.000,9,13546995
2022,16,157647131,1.000,11,14018207
2022,13,161385860,2.000,7,14535512
2022,4,161385868,62.000,9,14535513
2022,12,157647131,1.000,11,14018208
2022,1,160143067,1.000,3,14351389
2022,5,156112240,2.000,4,13797186
2022,12,156982632,30.000,9,13914449
2022,2,157844252,1.000,3,14042526
2022,5,160143068,1.000,3,14351390
2022,2,163188606,2.000,9,14755840
2022,4,157074882,1.000,3,13931925
2022,14,163188606,6.000,9,14755841
2022,12,163283461,1.000,1,14767056
2022,12,151447284,2.000,9,13095669
2022,2,151447285,4.000,1,13095670
2022,16,151447299,3.000,9,13095673
2022,1,151447300,2.000,1,13095674
2022,1,151447328,1.000,1,13095675
2022,17,151356697,1.000,11,13085344
2022,8,156448331,3.000,9,13841706
2022,15,152550904,1.000,11,13267917
2022,12,153706671,1.000,11,13445033
2022,2,153706678,1.000,11,13445034
2022,17,157417570,1.000,11,13981834
2022,13,156448331,8.000,9,13841707
2022,8,161125687,5.000,9,14489054
2022,5,152542460,1.000,9,13266402
2022,5,158519747,1.000,9,14132999
2022,5,158618635,1.000,9,14146652
2022,8,153622946,5.000,9,13434403
2022,4,158553105,1.000,9,14137594
2022,12,158553106,1.000,9,14137595
2022,1,156467217,5.000,1,13845368
2022,4,163246506,3.000,9,14762113
2022,5,158653126,2.000,9,14152319
2022,5,158653128,1.000,9,14152320
2022,4,154024154,51.000,9,13491839
2022,8,163246507,4.000,9,14762114
2022,4,154846027,1.000,9,13620184
2022,8,154846027,1.000,9,13620185
2022,4,163246509,8.000,9,14762115
2022,5,158744728,1.000,9,14160710
2022,5,158711515,1.000,9,14157953
2022,5,158711519,1.000,9,14157956
2022,8,163246510,1.000,9,14762116
2022,5,158744732,1.000,9,14160711
2022,5,158744733,1.000,9,14160712
2022,8,158744739,2.000,9,14160713
2022,12,158744742,4.000,9,14160714
2022,5,158744744,1.000,9,14160715
2022,12,163902719,1.000,9,14856213
2022,5,163902719,1.000,9,14856214
2022,1,163246511,1.000,9,14762117
2022,12,163246511,2.000,9,14762118
2022,5,158814563,1.000,9,14172268
2022,4,163246516,1.000,9,14762120
2022,5,155693448,1.000,9,13735918
2022,4,155693448,2.000,9,13735919
2022,8,155693448,1.000,9,13735920
2022,4,158845610,2.000,9,14176787
2022,14,155943322,8.000,9,13772985
2022,4,160139829,3.000,9,14351107
2022,4,163246517,50.000,9,14762121
2022,5,156060594,40.000,9,13790015
2022,8,156060594,12.000,9,13790016
2022,12,163246518,1.000,9,14762122
2022,14,163246518,5.000,9,14762123
2022,8,163246518,11.000,9,14762124
2022,4,163246519,1.000,9,14762125
2022,4,160139848,3.000,9,14351108
2022,11,160139853,2.000,9,14351109
2022,12,156167354,1.000,9,13804824
2022,12,163246520,1.000,9,14762126
2022,9,156302211,2.000,9,13822692
2022,12,160139866,2.000,9,14351110
2022,4,156746357,1.000,9,13883265
2022,4,160139868,1.000,9,14351111
2022,4,156445839,8.000,9,13841287
2022,4,157314538,2.000,9,13966708
2022,4,163246521,1.000,9,14762127
2022,2,163246521,1.000,9,14762128
2022,4,160139910,3.000,9,14351112
2022,5,160139924,1.000,9,14351113
2022,4,163793231,4.000,9,14847164
2022,5,160139929,1.000,9,14351114
2022,4,160139945,3.000,9,14351115
2022,5,160139953,1.000,9,14351116
2022,15,163793232,1.000,9,14847165
2022,12,160139969,1.000,9,14351117
2022,4,148007101,1.000,1,12607920
2022,4,148007102,1.000,1,12607921
2022,17,149026159,15.000,5,12746385
2022,2,149026162,17.000,9,12746386
2022,4,163793233,3.000,9,14847166
2022,12,163793233,1.000,9,14847167
2022,8,149026163,1.000,9,12746387
2022,5,149026169,1.260,4,12746388
2022,5,160139980,1.000,9,14351118
2022,5,160139981,1.000,9,14351119
2022,16,150440758,2.000,9,12943951
2022,4,151359995,1.000,1,13085549
2022,4,163793234,2.000,9,14847168
2022,2,151359995,1.000,1,13085550
2022,16,151359997,100.000,9,13085551
2022,1,151535682,1.000,1,13109852
2022,1,151535684,1.000,1,13109853
2022,2,151547151,1.000,1,13111802
2022,16,151547151,4.000,9,13111803
2022,2,152989227,1.000,1,13330982
2022,11,160818852,3.000,9,14447751
2022,5,160818852,1.000,9,14447752
2022,8,163793235,1.000,9,14847169
2022,8,153792190,2.000,9,13457275
2022,8,153792195,4.000,9,13457276
2022,8,153792197,28.000,9,13457278
2022,8,154799165,3.000,9,13613312
2022,4,161125769,7.000,9,14489057
2022,4,160786705,1.000,11,14441394
2022,2,161125772,2.000,9,14489058
2022,8,161125772,22.000,9,14489059
2022,5,161227889,1.000,9,14511320
2022,4,163793237,2.000,9,14847170
2022,1,160786705,1.000,11,14441395
2022,4,160739246,1.000,11,14434616
2022,4,160753589,1.000,11,14436881
2022,2,160786127,1.000,11,14441278
2022,5,161227909,1.000,9,14511321
2022,5,161227911,1.000,9,14511322
2022,2,160786140,1.000,11,14441279
2022,4,161929095,3.000,9,14607458
2022,1,160786142,1.000,11,14441280
2022,2,160786717,1.000,11,14441396
2022,5,162184976,1.000,9,14632733
2022,2,162184979,7.000,9,14632734
2022,4,160786728,1.000,11,14441397
2022,4,154652502,1.000,5,13592816
2022,9,163793613,3.000,9,14847220
2022,8,162188136,2.000,9,14632988
2022,4,154652515,5.000,9,13592817
2022,17,160753592,1000.000,9,14436882
2022,4,149099017,1.000,9,12756815
2022,5,147627852,583.000,1,12557664
2022,5,152433180,23.000,3,13249652
2022,5,150319236,2.000,9,12926489
2022,8,150319237,1.000,1,12926490
2022,5,150319240,3.000,9,12926491
2022,4,150319242,15.000,9,12926492
2022,2,150319242,1.000,9,12926493
2022,16,150319242,2.000,9,12926494
2022,4,153080245,1.000,11,13348205
2022,2,155111065,1.000,11,13654773
2022,5,150319260,1.000,9,12926495
2022,5,150319261,1.000,9,12926496
2022,8,150319263,25.000,9,12926497
2022,5,150319273,1.000,9,12926498
2022,5,150319274,1.000,9,12926499
2022,4,156411176,1.000,11,13835934
2022,5,150319277,1.000,9,12926500
2022,14,150331789,15.000,9,12928631
2022,2,150331793,1.000,9,12928632
2022,8,156917586,16.000,9,13907463
2022,4,156445826,1.000,11,13841284
2022,1,156445826,1.000,11,13841285
2022,1,157417318,1.000,11,13981824
2022,16,160144404,89.000,9,14351440
2022,11,160144411,1.000,11,14351441
2022,1,154926568,1.000,3,13630090
2022,2,156919495,9.600,1,13907741
2022,4,155023368,3.000,3,13642875
2022,2,156979943,1.200,1,13913763
2022,2,155024465,7.000,3,13643166
2022,4,155024610,0.250,3,13643187
2022,2,155024611,3.000,3,13643188
2022,4,156879439,7.000,1,13900354
2022,2,157061395,1.000,1,13930279
2022,12,157061395,1.000,9,13930280
2022,12,157025928,1.000,9,13923758
2022,2,157061396,1.000,1,13930281
2022,2,157061397,0.070,1,13930282
2022,12,157061399,1.100,1,13930283
2022,16,157342175,8.000,1,13970416
2022,1,156879444,3.000,9,13900355
2022,2,156879999,1.000,1,13900490
2022,12,156880003,1.000,9,13900491
2022,17,156880003,1.000,9,13900492
2022,4,160144900,4.000,1,14351484
2022,2,152165303,1.000,9,13214167
2022,2,164094065,0.250,3,14889593
2022,4,160144906,290.000,1,14351485
2022,16,164099872,2.000,9,14890046
2022,1,160775582,1.000,1,14439512
2022,11,162173908,9.000,9,14631389
2022,5,157025706,1.000,11,13923751
2022,1,152581891,1.000,1,13272102
2022,12,160147986,1.000,1,14351666
2022,5,156746296,1.000,11,13883260
2022,12,151653301,1.000,11,13128916
2022,16,157074808,1.000,11,13931924
2022,8,152989234,2.000,9,13330983
2022,11,155186173,1.000,11,13667017
2022,4,155865953,2.000,9,13767623
2022,2,155865957,2.000,9,13767624
2022,1,155865957,2.000,9,13767625
2022,5,157417319,1.000,11,13981825
2022,2,155865969,1.000,1,13767626
2022,5,152292684,1.000,11,13228551
2022,1,160473170,1.000,11,14398947
2022,5,152550914,1.000,1,13267918
2022,1,153441507,1.000,1,13407634
2022,5,153399591,1.000,3,13401545
2022,4,153077125,1.000,3,13347794
2022,5,153077169,1.000,11,13347797
2022,5,154536822,1.000,7,13571727
2022,1,154536859,1.000,1,13571734
2022,5,155360237,1.000,1,13686819
2022,4,160774674,1.000,11,14439420
2022,5,156411186,0.000,3,13835935
2022,4,161329323,1.000,11,14525064
2022,9,161329323,1.000,11,14525065
2022,5,161390995,525.000,1,14536166
2022,4,161547247,1.000,11,14550501
2022,16,161547247,1.000,11,14550502
2022,8,161715378,1.000,11,14574608
2022,1,157329151,1.000,11,13968987
2022,4,156411242,1.000,3,13835937
2022,1,157358865,0.000,1,13973067
2022,1,157358898,1.000,1,13973068
2022,1,160131722,1.000,1,14350710
2022,12,162134117,1.000,1,14626246
2022,1,160147071,1.000,11,14351623
2022,1,162497768,1.000,1,14668595
2022,4,160147083,1.000,11,14351624
2022,2,160147083,1.000,11,14351625
2022,8,148774479,1.000,9,12708864
2022,1,163222825,1.000,1,14759471
2022,1,162338807,1.000,1,14652290
2022,5,162313416,1.000,1,14649358
2022,1,162313417,1.000,1,14649359
2022,1,162033309,1.000,1,14616044
2022,5,161926767,1.000,1,14607182
2022,5,161546740,0.000,1,14550490
2022,1,158814577,1.000,1,14172269
2022,4,148774492,1.000,9,12708865
2022,8,150331768,1.000,9,12928629
2022,16,150331772,1.000,9,12928630
2022,4,152165295,2.000,9,13214166
2022,8,160132113,1.000,1,14350730
2022,5,160132118,1.000,1,14350731
2022,1,160973873,1.000,1,14468988
2022,8,156736862,1.000,9,13881744
2022,4,156761100,75.000,9,13885812
2022,4,157316976,9.000,9,13967232
2022,1,147601174,1.000,11,12554242
2022,4,147601174,1.000,11,12554243
2022,2,151569664,1.000,11,13114864
2022,1,151362138,1.000,1,13085724
2022,16,151362138,4.000,9,13085725
2022,8,152594329,1.000,9,13273739
2022,4,148133694,0.200,1,12626706
2022,12,148133701,0.200,1,12626707
2022,4,154130760,3.000,9,13513414
2022,4,148163168,0.200,1,12630800
2022,4,154130764,1.000,9,13513415
2022,4,148223843,0.200,1,12640703
2022,5,148223843,0.200,1,12640704
2022,4,148223844,0.200,1,12640705
2022,4,155176821,8.000,1,13665481
2022,12,148223867,0.200,1,12640706
2022,5,160935690,1.000,1,14463060
2022,4,148223879,0.200,1,12640707
2022,1,149358259,4.000,1,12796487
2022,2,149019139,0.200,1,12745304
2022,4,149026214,0.200,1,12746391
2022,1,149026233,0.200,1,12746393
2022,12,149026236,0.200,1,12746394
2022,4,149099042,0.200,1,12756816
2022,1,149099058,0.200,1,12756818
2022,2,149099124,0.200,1,12756823
2022,1,149358074,0.200,1,12796463
2022,10,150448278,0.200,7,12944897
2022,12,150483383,0.200,1,12951275
2022,4,149358259,1.000,1,12796488
2022,4,149026350,4.000,1,12746405
2022,16,149030931,3.000,9,12747181
2022,5,149061384,10.000,1,12751536
2022,5,149358271,23.000,3,12796490
2022,5,149549310,20.000,1,12823712
2022,1,150319320,1.000,1,12926504
2022,4,150448340,6.000,9,12944900
2022,4,151354232,10.000,9,13085236
2022,1,150507254,0.200,1,12953308
2022,4,151354235,3.000,1,13085237
2022,12,151354235,1.000,1,13085238
2022,2,151354265,1.000,1,13085239
2022,4,151546783,1.000,9,13111773
2022,12,151546783,1.000,1,13111774
2022,17,151921860,1.000,1,13173714
2022,2,150511688,0.200,1,12954048
2022,5,151921860,1.000,1,13173715
2022,4,152112764,1.000,1,13204811
2022,1,150666058,0.200,1,12976608
2022,17,152112764,1.000,6,13204812
2022,1,152112764,1.000,1,13204813
2022,1,154401146,1.000,1,13548396
2022,5,154536959,1.780,4,13571757
2022,4,150666082,0.200,1,12976609
2022,5,155171072,30.000,10,13664851
2022,1,150666088,0.200,1,12976610
2022,5,155259042,17.000,3,13676004
2022,1,151554785,0.200,1,13112787
2022,1,151554788,0.200,1,13112788
2022,4,151653207,0.200,1,13128910
2022,1,151779194,0.200,1,13144798
2022,1,151885485,0.200,1,13168680
2022,12,158417915,1.000,1,14119880
2022,1,153023063,0.200,1,13337272
2022,4,158417915,3.000,9,14119881
2022,7,158417915,10.000,9,14119882
2022,7,158771183,2.000,9,14164263
2022,16,158771183,1.000,9,14164264
2022,5,158957023,2.200,4,14190708
2022,1,160135444,1.000,1,14350943
2022,1,160135451,0.500,1,14350944
2022,12,153266888,0.200,1,13383882
2022,4,160135536,5.000,9,14350945
2022,4,153748199,0.200,1,13451122
2022,4,160819000,4.000,9,14447760
2022,2,153896016,0.200,1,13473178
2022,1,153896032,0.200,1,13473179
2022,4,160819006,10.000,9,14447761
2022,1,160819006,1.000,1,14447762
2022,1,160863160,1.000,1,14451780
2022,4,160863160,5.000,9,14451781
2022,1,164126748,1.000,9,14893869
2022,1,164319788,1.000,1,14916438
2022,5,164343745,6.000,4,14918811
2022,1,153896034,0.200,1,13473180
2022,2,153896036,0.200,1,13473181
2022,16,166506951,0.400,3,15225933
2022,4,154397192,0.200,1,13547802
2022,4,154725376,0.050,1,13600415
2022,2,154892335,0.200,1,13625099
2022,1,154892348,0.200,1,13625100
2022,12,154902440,2.000,9,13626535
2022,2,154922050,0.200,1,13629172
2022,2,154922064,0.200,1,13629173
2022,2,154949147,0.200,1,13633816
2022,4,147166197,1.000,1,12491333
2022,4,155380022,0.200,1,13689895
2022,1,155395811,0.200,1,13691613
2022,12,155658771,0.200,1,13730643
2022,4,155658772,0.200,1,13730644
2022,2,155766635,0.200,1,13752438
2022,12,155766636,0.200,1,13752439
2022,12,155865984,0.200,1,13767627
2022,4,156326882,0.500,1,13826318
2022,12,156327568,0.200,1,13826370
2022,4,156327572,0.200,1,13826371
2022,1,147191797,1.000,1,12495111
2022,16,147191798,1.000,1,12495112
2022,4,147191799,1.000,1,12495113
2022,4,147191811,0.200,3,12495115
2022,1,147191811,0.031,3,12495116
2022,16,147191811,1.000,9,12495117
2022,1,147201612,1.000,1,12496599
2022,2,147201612,1.000,1,12496600
2022,8,147294843,1.000,1,12512918
2022,1,147354153,1.000,1,12517279
2022,17,147354153,1.000,9,12517280
2022,1,147408493,1.000,1,12525671
2022,13,147592208,2.000,9,12553613
2022,1,156334412,0.200,1,13827262
2022,4,147592208,4.000,1,12553614
2022,16,148007680,247.000,1,12607967
2022,4,156411335,0.200,1,13835941
2022,4,156979980,0.200,1,13913764
2022,4,157061430,0.500,1,13930284
2022,12,157166848,0.200,1,13946185
2022,12,157195196,0.200,1,13952096
2022,4,157211725,0.200,1,13954517
2022,12,157396863,0.200,1,13978912
2022,1,148072598,5.000,1,12616724
2022,16,148072598,4.000,1,12616725
2022,4,148072598,6.000,1,12616726
2022,1,148498367,1.000,1,12678265
2022,15,148618168,10.000,9,12694074
2022,1,157441484,0.200,1,13985183
2022,4,158249053,0.200,1,14091858
2022,2,158249054,0.200,1,14091859
2022,4,158249055,0.200,1,14091860
2022,1,158314762,0.200,1,14101641
2022,12,158314775,0.200,1,14101642
2022,13,148761448,2.000,9,12705243
2022,1,158519760,0.200,1,14133000
2022,15,148761448,23.000,9,12705244
2022,16,148989144,1.000,9,12739660
2022,4,158553115,0.200,1,14137596
2022,1,158553117,0.200,1,14137597
2022,12,158553142,0.200,1,14137598
2022,16,149061399,17.000,9,12751537
2022,4,160140071,0.200,1,14351121
2022,1,149078367,1.000,1,12753736
2022,5,160140077,0.200,1,14351122
2022,4,149078367,1.000,1,12753737
2022,2,149122209,1.000,1,12760428
2022,8,160140087,1.000,9,14351123
2022,17,149122211,5.000,3,12760429
2022,1,150020473,1.000,1,12889075
2022,12,160140175,0.200,1,14351124
2022,1,160140234,0.200,1,14351125
2022,1,160140241,0.200,1,14351126
2022,1,160140256,0.200,1,14351127
2022,12,160140261,0.200,1,14351128
2022,2,160805513,0.200,1,14445645
2022,2,160863110,0.200,1,14451779
2022,2,160905087,0.200,1,14459898
2022,4,150020473,2.000,1,12889076
2022,8,150458992,3.000,9,12946571
2022,5,160969265,0.200,1,14468345
2022,13,150474944,3.000,9,12949394
2022,5,162818838,1.000,7,14707211
2022,1,150610938,1.700,1,12965761
2022,4,151355078,4.000,1,13085266
2022,8,164457549,1.000,11,14934072
2022,5,164457550,1.000,7,14934073
2022,1,151355078,1.000,1,13085267
2022,4,151355116,2.000,1,13085268
2022,4,160146182,1.000,11,14351539
2022,12,151355145,3.000,9,13085269
2022,4,164457556,1.000,9,14934074
2022,1,160146212,1.000,11,14351541
2022,4,151355152,2.000,1,13085270
2022,5,160146233,2.000,7,14351543
2022,4,151355155,1.000,1,13085271
2022,8,151355166,2.000,9,13085272
2022,4,151355204,12.000,1,13085273
2022,8,151355204,229.000,1,13085274
2022,1,151569463,6.000,1,13114856
2022,1,151902192,1.000,1,13171898
2022,5,164457561,1.000,11,14934075
2022,3,160146252,4.000,1,14351545
2022,4,151902200,3.000,1,13171900
2022,16,151952981,2.000,9,13179052
2022,17,164475075,1.000,11,14936587
2022,16,160146274,1.000,11,14351546
2022,2,152112784,1.000,1,13204814
2022,5,160146280,1.000,1,14351547
2022,2,152114297,1.000,1,13205027
2022,8,152114297,1.000,9,13205028
2022,4,152141856,1.000,1,13208724
2022,2,164475081,1.000,3,14936588
2022,8,160146318,1.000,7,14351549
2022,3,160146326,2.000,1,14351550
2022,3,160146327,1.000,11,14351551
2022,4,152141874,2.000,1,13208725
2022,16,152141874,1.000,9,13208726
2022,4,152165842,2.000,1,13214185
2022,1,160146369,1.000,11,14351552
2022,16,152292760,10.000,9,13228560
2022,1,152165868,2.000,1,13214188
2022,5,160146426,1.000,7,14351557
2022,8,162024080,1.000,11,14615317
2022,5,164832371,1.000,11,14979693
2022,5,160146441,1.000,11,14351559
2022,16,160146446,1.000,7,14351560
2022,5,160146447,1.000,3,14351561
2022,1,164811355,1.000,11,14978074
2022,4,164811358,1.000,11,14978075
2022,1,160146478,1.000,11,14351564
2022,8,160146489,1.000,11,14351565
2022,2,164811368,1.000,11,14978077
2022,4,152312697,29.000,1,13230997
2022,1,152312697,1.000,1,13230998
2022,1,152337462,4.000,1,13233901
2022,2,152337462,18.000,1,13233902
2022,1,152349682,4.000,1,13235840
2022,8,152349693,1.000,9,13235841
2022,4,152349694,152.000,1,13235842
2022,4,152424255,30.000,1,13248559
2022,1,152424255,1.000,1,13248560
2022,4,152426520,1.000,1,13248954
2022,16,152426520,1.000,1,13248955
2022,4,152596067,1.000,1,13274119
2022,4,152596069,5.000,1,13274120
2022,4,152620269,20.000,1,13277498
2022,1,152620269,1.000,1,13277499
2022,1,152620278,1.000,1,13277500
2022,4,152620278,5.000,1,13277501
2022,1,152639666,1.000,1,13279958
2022,4,152659256,10.000,1,13282789
2022,4,152642487,3.000,1,13280303
2022,12,152639677,1.000,9,13279959
2022,1,152639677,7.000,1,13279960
2022,4,152659271,12.000,1,13282792
2022,1,152659271,1.000,1,13282793
2022,1,152802527,1.000,1,13302690
2022,4,164969003,1.000,11,15000673
2022,1,164811375,1.000,11,14978079
2022,2,160146525,1.000,11,14351566
2022,4,161540813,1.000,11,14549756
2022,4,164811377,1.000,11,14978080
2022,4,164562656,1.000,11,14947298
2022,16,164562657,1.000,11,14947299
2022,2,161540823,1.000,11,14549757
2022,1,152802542,1.000,1,13302691
2022,8,160146556,1.000,7,14351569
2022,8,152842504,6.500,9,13307971
2022,16,164562661,1.000,7,14947300
2022,2,152981303,1.000,1,13329125
2022,4,153482905,7.000,1,13415100
2022,1,164562662,1.000,11,14947301
2022,1,165985292,1.000,11,15148787
2022,2,164969010,1.000,11,15000676
2022,4,153623132,3.000,1,13434421
2022,1,153668102,1.000,1,13439229
2022,4,153706709,1.000,1,13445038
2022,16,153916579,5.000,1,13476026
2022,4,151569655,1.000,11,13114863
2022,4,153973475,9.000,1,13483778
2022,4,153973476,1.000,1,13483779
2022,13,153973476,1.000,9,13483780
2022,1,153973477,12.000,1,13483781
2022,1,154024240,1.000,1,13491844
2022,1,154040560,1.000,1,13497108
2022,1,154024258,1.000,1,13491845
2022,1,154120487,19.000,1,13512619
2022,4,154120487,6.000,1,13512620
2022,8,154040568,3.000,9,13497109
2022,4,154336586,3.000,1,13541741
2022,2,154336590,2.000,1,13541742
2022,8,154336608,89.000,9,13541743
2022,1,154390830,13.000,1,13546997
2022,4,154390830,4.000,1,13546998
2022,4,154390836,110.000,1,13546999
2022,2,154390837,1.000,1,13547000
2022,4,154392311,2.000,1,13547204
2022,1,154392311,1.000,1,13547205
2022,4,154401177,14.000,1,13548399
2022,16,154401177,16.000,1,13548400
2022,1,154537022,5.000,1,13571766
2022,2,164969022,1.000,11,15000678
2022,4,154537022,12.000,1,13571767
2022,4,154638368,44.000,1,13590789
2022,16,151397924,1.000,7,13092765
2022,16,154638368,1.000,9,13590790
2022,4,154638372,2.000,1,13590791
2022,12,154638372,2.000,1,13590792
2022,2,154892777,1.000,1,13625104
2022,1,151653289,1.000,11,13128914
2022,4,151653289,1.000,11,13128915
2022,11,154892778,18.000,1,13625105
2022,4,154905043,6.000,1,13626809
2022,4,153655496,1.000,11,13438669
2022,4,164409415,1.000,11,14927311
2022,1,164409415,1.000,11,14927312
2022,1,154905045,6.000,1,13626810
2022,2,154905045,62.000,1,13626811
2022,14,154905045,2.000,9,13626812
2022,16,154958389,1.000,1,13634955
2022,5,162024086,1.000,11,14615319
2022,1,162024088,1.000,11,14615320
2022,13,154958389,28.000,1,13634956
2022,4,155012834,1.000,1,13641522
2022,2,155012842,1.000,1,13641523
2022,8,155012842,1.000,9,13641524
2022,4,155190824,1.000,1,13667357
2022,1,155272241,3.000,1,13678015
2022,16,155272241,32.000,9,13678016
2022,4,155362015,8.000,1,13687018
2022,4,155877297,1.000,11,13769468
2022,17,155401876,11.000,3,13692658
2022,1,162024091,1.000,11,14615323
2022,4,156114660,12.000,1,13797509
2022,17,152461595,1.000,11,13253087
2022,1,164409417,1.000,11,14927313
2022,4,156041282,1.000,1,13787148
2022,4,156041286,24.000,1,13787149
2022,1,156041286,1.000,1,13787150
2022,16,164409418,1.000,7,14927314
2022,2,164409419,1.000,11,14927315
2022,2,164562678,1.000,11,14947305
2022,2,164969027,1.000,11,15000680
2022,16,164969031,1.000,7,15000681
2022,4,152364750,1.000,11,13238034
2022,2,164409420,1.000,11,14927316
2022,12,164371451,1.000,11,14922342
2022,4,164409421,1.000,11,14927317
2022,2,164409422,1.000,11,14927318
2022,4,156041288,12.000,1,13787151
2022,3,164409429,1.000,7,14927319
2022,3,164317785,2.000,7,14916159
2022,4,155877303,1.000,11,13769472
2022,1,153541864,1.000,11,13423873
2022,4,164259708,1.000,11,14910530
2022,4,164409431,1.000,11,14927320
2022,1,156046443,8.000,1,13788176
2022,4,156209329,12.000,1,13811953
2022,4,164180703,1.000,11,14898261
2022,1,164180703,1.000,11,14898262
2022,1,164142878,1.000,11,14895784
2022,1,156209329,6.000,1,13811954
2022,4,156362052,5.000,1,13830505
2022,1,156338012,13.000,1,13827856
2022,1,157427013,1.000,11,13983227
2022,2,162722011,1.000,11,14697823
2022,4,162722011,1.000,11,14697824
2022,2,156264048,1.000,11,13817959
2022,4,162664255,1.000,11,14689402
2022,2,158711555,1.000,11,14157959
2022,2,156338012,7.000,1,13827857
2022,1,162664258,1.000,11,14689403
2022,16,158744760,1.000,11,14160718
2022,1,162497780,1.000,11,14668596
2022,8,156338012,5.000,9,13827858
2022,4,156338016,26.000,1,13827859
2022,2,156264056,1.000,11,13817960
2022,4,160146633,28.000,1,14351574
2022,1,160146633,1.000,1,14351575
2022,8,156338016,30.000,3,13827860
2022,4,162466529,1.000,11,14664790
2022,1,162722396,5.000,3,14697901
2022,1,156467759,2.000,1,13845441
2022,16,160146646,1.000,9,14351578
2022,4,156761176,1.000,1,13885818
2022,4,156736927,2.000,1,13881747
2022,1,156761180,2.000,1,13885819
2022,16,156761182,1.000,1,13885820
2022,1,156761201,6.000,1,13885821
2022,4,156761201,5.000,1,13885822
2022,13,156857276,2.000,1,13897272
2022,16,156857276,23.000,1,13897273
2022,4,156859053,17.000,1,13897564
2022,4,156859054,1.000,1,13897565
2022,4,156859055,1.000,1,13897566
2022,4,156411344,39.000,3,13835942
2022,2,156917670,6.000,1,13907464
2022,2,156467580,1.000,11,13845403
2022,11,156917670,7.000,1,13907465
2022,5,156917670,14.000,1,13907466
2022,1,156917676,1.000,1,13907467
2022,4,158744764,1.000,11,14160722
2022,4,156917676,1.000,1,13907468
2022,4,157212039,7.000,1,13954593
2022,1,162466534,1.000,11,14664792
2022,8,157212039,15.000,9,13954594
2022,1,157026226,11.000,1,13923787
2022,2,157026226,6.000,1,13923788
2022,4,157026226,6.000,1,13923789
2022,4,157195270,1.000,1,13952098
2022,16,162722497,1.000,9,14697930
2022,1,157647162,1.000,11,14018215
2022,1,157229100,1.000,1,13957677
2022,2,157314597,10.000,1,13966712
2022,1,156746391,1.000,11,13883271
2022,4,162338812,1.000,11,14652291
2022,3,157074916,1.000,7,13931926
2022,3,162338813,1.000,11,14652292
2022,1,162338814,1.000,11,14652293
2022,5,157074917,1.000,7,13931927
2022,1,157417690,2.000,1,13981836
2022,1,157410074,1.000,11,13980845
2022,4,157417690,10.000,1,13981837
2022,13,157427100,30.000,9,13983232
2022,1,157417691,6.000,1,13981838
2022,2,157631833,6.000,1,14015949
2022,5,162338816,1.000,11,14652294
2022,5,162338817,1.000,11,14652295
2022,4,157647316,1.000,1,14018218
2022,1,157429387,1.000,11,13983531
2022,1,158133081,1.000,11,14079664
2022,4,157647320,1.000,1,14018219
2022,1,157681979,1.000,1,14021395
2022,3,157410076,1.000,7,13980846
2022,3,158273202,1.000,7,14095626
2022,2,158469140,1.000,3,14128470
2022,12,160146658,1.000,11,14351580
2022,8,162338819,3.000,7,14652296
2022,1,158527337,1.000,11,14133692
2022,3,158553145,1.000,7,14137599
2022,5,158448491,1.000,11,14125371
2022,1,158469146,1.000,11,14128471
2022,4,164020583,1.000,11,14878358
2022,1,157844354,8.000,1,14042528
2022,4,157844354,18.000,1,14042529
2022,4,157907591,1.000,1,14051388
2022,1,157681987,1.000,1,14021396
2022,3,160146668,1.000,1,14351582
2022,4,157681989,1.000,1,14021397
2022,1,157907611,1.000,1,14051389
2022,5,162338822,1.000,11,14652297
2022,4,157907638,1.000,1,14051391
2022,4,158133163,15.000,1,14079669
2022,5,158553147,1.000,11,14137600
2022,3,162338826,7.000,7,14652298
2022,4,162722853,1.000,11,14698009
2022,1,158133166,10.000,1,14079670
2022,1,158289094,3.000,1,14097867
2022,3,162333896,1.000,9,14651736
2022,3,162333897,1.000,9,14651737
2022,3,160146695,1.000,9,14351588
2022,4,158289094,3.000,1,14097868
2022,4,158291077,4.000,1,14098217
2022,12,158291077,20.000,1,14098218
2022,4,158289095,1.000,1,14097869
2022,1,158315251,4.000,1,14101643
2022,4,160146708,1.000,11,14351590
2022,4,158315251,4.000,1,14101644
2022,1,158417932,2.000,1,14119883
2022,1,158470562,44.000,1,14128645
2022,4,158470565,1.000,1,14128646
2022,4,158653189,10.000,1,14152327
2022,3,160146750,1.000,9,14351592
2022,2,160146755,1.000,11,14351593
2022,1,158527364,1.000,1,14133693
2022,1,158527367,10.000,1,14133694
2022,4,158553224,24.000,1,14137602
2022,4,158653202,1.000,1,14152328
2022,1,158653202,1.000,1,14152329
2022,4,158711610,6.000,1,14157962
2022,4,158722630,4.000,1,14159307
2022,4,158744983,9.000,1,14160725
2022,3,162722951,2.000,7,14698033
2022,16,158976181,1.000,9,14192179
2022,5,160146824,3.000,7,14351596
2022,4,158976187,2.270,1,14192181
2022,4,160136545,6.000,1,14350995
2022,2,160136591,1.000,1,14350996
2022,2,162722998,1.000,11,14698049
2022,5,162723033,1.000,11,14698052
2022,2,162723033,1.000,11,14698053
2022,3,160146836,2.000,7,14351599
2022,1,160136615,1.000,1,14350997
2022,3,160146857,2.000,7,14351600
2022,3,160146867,6.000,7,14351601
2022,1,160136628,1.000,1,14350998
2022,4,160136628,1.000,1,14350999
2022,2,160136644,6.000,1,14351000
2022,4,160136644,7.000,1,14351001
2022,12,160136669,1.000,1,14351003
2022,3,160146917,1.000,7,14351606
2022,13,160136669,1.000,9,14351004
2022,12,160136684,1.000,1,14351005
2022,5,160146925,1.000,11,14351607
2022,13,160136714,1.000,1,14351006
2022,1,162313470,1.000,11,14649366
2022,1,165588881,1.000,11,15089676
2022,3,160905103,1.000,7,14459900
2022,5,162723133,24.000,4,14698069
2022,3,160905104,1.000,7,14459901
2022,8,160136714,25.000,5,14351007
2022,4,160136716,15.000,1,14351008
2022,1,160136741,1.000,1,14351009
2022,13,162313479,1.000,11,14649369
2022,4,162313481,1.000,11,14649370
2022,12,160475938,1.000,1,14399378
2022,4,165985300,1.000,11,15148788
2022,16,160481004,45.000,1,14400222
2022,2,161730433,1.000,1,14576706
2022,10,160819017,4.000,1,14447763
2022,1,160852275,1.000,1,14450459
2022,4,160852277,5.000,1,14450460
2022,1,160863166,17.000,1,14451782
2022,16,160863166,4.000,9,14451783
2022,2,160974017,5.000,1,14468992
2022,1,165985301,1.000,11,15148789
2022,4,163773775,1.000,11,14844230
2022,17,163773775,1.000,11,14844231
2022,2,161276955,4.000,1,14517434
2022,4,161276955,11.000,1,14517435
2022,12,161276955,11.000,1,14517436
2022,2,161322507,1.000,1,14524065
2022,4,161329344,15.000,1,14525066
2022,11,161759552,1.000,1,14580405
2022,1,163676698,1.000,11,14831752
2022,4,157681995,1.000,9,14021399
2022,1,163773776,1.000,11,14844232
2022,4,163676699,1.000,11,14831753
2022,3,163770676,1.000,9,14843918
2022,4,163770677,1.000,11,14843919
2022,2,163770677,1.000,11,14843920
2022,16,163676700,5.000,9,14831754
2022,2,163770678,1.000,11,14843921
2022,17,156325664,1.000,1,13826114
2022,12,156441773,1.000,1,13840877
2022,2,163676701,1.000,11,14831755
2022,1,163676702,1.000,11,14831756
2022,4,163676702,1.000,11,14831757
2022,8,156441773,2.000,9,13840878
2022,5,157421033,1.000,8,13982257
2022,4,160137185,3.000,1,14351026
2022,2,155360472,0.400,1,13686825
2022,1,163770679,1.000,11,14843922
2022,5,160905130,1.000,5,14459904
2022,8,163676703,1.000,11,14831758
2022,2,163676703,1.000,11,14831759
2022,1,163676704,1.000,11,14831760
2022,1,163770681,1.000,11,14843923
2022,4,163770681,1.000,11,14843924
2022,1,164969068,1.000,11,15000686
2022,1,164227327,1.000,11,14905543
2022,16,148133795,7.700,1,12626710
2022,1,148133814,7.800,1,12626711
2022,4,148024454,3.000,9,12609096
2022,8,148024454,29.000,9,12609097
2022,1,152312731,2.700,1,13230999
2022,4,152337321,9.000,9,13233900
2022,4,152842429,69.000,9,13307958
2022,6,152842429,5.000,9,13307959
2022,16,152312751,5.000,9,13231000
2022,12,160143631,2.000,9,14351422
2022,4,151554804,0.500,3,13112789
2022,2,155186224,28.260,1,13667020
2022,1,156470025,5.000,1,13845761
2022,4,156470025,5.000,1,13845762
2022,1,156470045,5.000,1,13845763
2022,1,157063491,1.000,1,13930517
2022,4,151921894,1.000,1,13173717
2022,1,155410257,2.000,1,13694002
2022,1,157399489,2.000,1,13979386
2022,5,156857372,8.000,1,13897274
2022,16,155382411,1.000,9,13690108
2022,2,155996568,2.000,1,13780845
2022,1,155996571,1.000,1,13780846
2022,4,155996575,15.000,1,13780847
2022,2,155996575,2.000,1,13780848
2022,1,156115937,5.000,1,13797641
2022,1,156115939,5.000,1,13797642
2022,8,156129215,10.000,9,13799199
2022,4,156129216,20.000,9,13799200
2022,1,156129216,1.000,9,13799201
2022,4,156129219,5.000,9,13799202
2022,8,160912556,1.000,9,14460658
2022,17,156129227,1.000,9,13799203
2022,12,156129232,5.000,9,13799204
2022,16,156129232,12.000,9,13799205
2022,4,156129630,20.000,5,13799257
2022,4,156130662,20.000,5,13799409
2022,4,149771735,1.000,9,12855318
2022,7,156130663,5.000,9,13799410
2022,5,151352631,20.000,1,13085157
2022,15,151352631,88.000,9,13085158
2022,3,157410258,31.000,9,13980850
2022,2,157410258,3.000,9,13980851
2022,15,157410258,26.000,9,13980852
2022,16,157441516,3.000,9,13985184
2022,15,157441517,43.000,9,13985185
2022,12,157441519,1.000,9,13985186
2022,2,157441520,55.000,1,13985187
2022,1,157441522,1.000,1,13985188
2022,4,157441522,7.000,1,13985189
2022,16,157441529,1.000,9,13985190
2022,12,157441530,2.000,9,13985191
2022,12,157466436,6.000,9,13989579
2022,4,152549028,1.000,9,13267627
2022,4,157466438,10.000,9,13989580
2022,4,154517133,1.000,11,13569186
2022,4,158417933,17.000,1,14119884
2022,4,158417936,1.000,1,14119885
2022,4,160144060,4.000,1,14351433
2022,4,160144061,5.000,1,14351434
2022,4,163999612,2.000,1,14872919
2022,16,163999612,252.000,9,14872920
2022,12,161938089,1.000,1,14608672
2022,2,161938093,3.000,1,14608674
2022,4,155693509,17.000,9,13735921
2022,17,158309483,1.000,9,14101024
2022,4,155693533,10.000,9,13735922
2022,4,160132723,10.000,1,14350808
2022,13,160131483,25.000,9,14350695
2022,1,160132723,20.000,1,14350809
2022,2,160132737,5.000,1,14350815
2022,4,160905156,2.000,9,14459907
2022,4,157399517,7.000,9,13979388
2022,1,157399517,2.000,9,13979389
2022,2,146590341,1.000,11,12410814
2022,2,163184962,16.000,1,14755593
2022,4,163184962,30.000,9,14755594
2022,2,163188369,9.000,1,14755825
2022,12,162948997,110.000,9,14723805
2022,4,163188369,10.000,9,14755826
2022,16,163188369,2.000,9,14755827
2022,4,155658834,1.000,11,13730645
2022,5,155870836,13.000,4,13768484
2022,12,155885758,10.000,3,13770368
2022,8,146335554,8.000,9,12381207
2022,1,157063502,332.000,1,13930518
2022,2,157063511,1.000,1,13930519
2022,16,157063511,28.000,9,13930520
2022,1,157211784,286.000,9,13954534
2022,16,157211784,2.000,9,13954535
2022,1,157297473,18.000,9,13965187
2022,4,157297473,11.000,9,13965188
2022,4,157314549,133.000,9,13966709
2022,1,157316991,1.000,9,13967233
2022,1,157317001,23.000,9,13967234
2022,1,157317012,18.000,9,13967235
2022,15,146335554,3.000,9,12381208
2022,1,146511519,1.900,1,12402874
2022,4,146881050,1.200,1,12456737
2022,4,147354169,0.080,1,12517281
2022,2,148072601,2.400,1,12616727
2022,13,148072601,2.000,9,12616728
2022,4,148079055,5.100,1,12617804
2022,1,148437628,0.000,1,12669903
2022,15,148437628,116.100,1,12669904
2022,2,148758051,1.700,1,12704564
2022,15,148758051,9.000,9,12704565
2022,1,148901932,1.500,1,12725093
2022,1,148901938,2.500,1,12725094
2022,12,149452567,2.000,1,12810548
2022,1,164461593,7.000,1,14934552
2022,16,164461593,4.000,9,14934553
2022,16,164461594,42.000,9,14934554
2022,2,165388362,2.000,9,15057637
2022,4,149513514,0.500,1,12819001
2022,2,149513514,1.300,1,12819002
2022,9,150353386,25.000,1,12932048
2022,5,150353386,778.000,1,12932049
2022,4,150436716,0.010,1,12943116
2022,8,150436716,0.500,1,12943117
2022,2,150610945,2.200,1,12965762
2022,2,146285545,8.000,1,12375353
2022,8,150479190,23.000,9,12950458
2022,1,150511700,8.400,1,12954050
2022,1,156919515,8.000,1,13907742
2022,4,150511700,8.700,1,12954051
2022,8,150676551,1.000,1,12978239
2022,4,155171086,18.000,9,13664852
2022,4,151535610,14.500,1,13109847
2022,4,151554719,98.000,9,13112783
2022,2,151554719,6.000,1,13112784
2022,13,151554719,32.000,9,13112785
2022,4,151706571,10.700,1,13136730
2022,1,151706571,5.700,1,13136731
2022,12,151706571,3.100,1,13136732
2022,15,152347176,1.000,9,13235566
2022,4,152364796,20.000,9,13238036
2022,15,152364796,4.500,9,13238037
2022,15,152725180,6.000,9,13292184
2022,2,153099140,1.000,1,13352466
2022,11,153099141,2.300,1,13352467
2022,2,153099141,3.200,1,13352468
2022,4,153224394,20.000,9,13378521
2022,13,153591359,6.600,1,13429454
2022,4,153896180,0.080,1,13473195
2022,1,153957242,9.000,1,13481697
2022,4,153896184,41.000,9,13473196
2022,8,154103088,10.000,9,13509134
2022,13,154103088,26.000,9,13509135
2022,16,154103088,9.000,9,13509136
2022,1,153993373,0.400,1,13486950
2022,2,153993373,2.400,1,13486951
2022,13,154386844,0.600,1,13546449
2022,5,154799313,10.676,3,13613320
2022,8,155103462,13.000,9,13653722
2022,13,155211480,1.000,1,13669946
2022,4,155272249,5.000,9,13678017
2022,1,155272249,5.000,1,13678018
2022,1,155410260,1.300,1,13694003
2022,13,155410260,25.000,9,13694004
2022,4,155272256,22.000,9,13678019
2022,15,155380136,12.000,9,13689904
2022,8,155380136,1.000,9,13689905
2022,4,155866040,0.500,1,13767631
2022,15,158372527,5.000,9,14108691
2022,13,158372527,5.000,9,14108692
2022,5,157061621,4.587,4,13930289
2022,8,157061621,0.140,1,13930290
2022,13,157061621,0.100,1,13930291
2022,1,156705161,2.200,1,13877917
2022,5,156980096,57.000,1,13913779
2022,2,156980096,71.100,1,13913780
2022,4,156705164,5.000,9,13877918
2022,4,156980099,24.000,1,13913782
2022,12,156980099,0.500,1,13913783
2022,8,157072863,5.000,9,13931672
2022,4,157537526,9.000,9,14000741
2022,1,157166968,0.060,1,13946194
2022,8,157396970,2.000,9,13978916
2022,11,157470967,8.000,1,13990224
2022,4,158711611,2.000,9,14157963
2022,15,158711611,1.000,9,14157964
2022,13,158289101,5.000,9,14097870
2022,15,158289101,1.000,9,14097871
2022,15,158289102,0.625,1,14097872
2022,2,158313594,0.200,1,14101489
2022,1,160133498,0.010,1,14350861
2022,4,160133498,0.010,1,14350862
2022,2,160133516,1.000,1,14350864
2022,4,160133516,1.000,1,14350865
2022,15,160133518,6.000,9,14350866
2022,4,160133641,16.800,1,14350875
2022,4,160969296,43.000,9,14468347
2022,4,160991746,56.000,9,14470535
2022,12,160969301,0.700,1,14468348
2022,4,151355436,7.000,9,13085284
2022,4,151355441,1.000,9,13085285
2022,1,152292767,12.000,9,13228561
2022,15,153077459,55.000,9,13347852
2022,1,156193335,1.000,9,13809364
2022,4,156200460,2.000,9,13810875
2022,4,156241463,10.000,9,13814478
2022,8,155395855,115.000,5,13691615
2022,4,155395858,1.000,9,13691616
2022,5,155410229,699.800,1,13694001
2022,4,156448425,1.000,1,13841713
2022,15,156241463,1.000,9,13814479
2022,12,160774730,1.000,1,14439422
2022,4,154652698,10.000,9,13592821
2022,16,161928903,65.000,9,14607434
2022,4,163355607,4.000,9,14776720
2022,16,163676813,226.000,9,14831770
2022,4,163676813,8.000,9,14831771
2022,4,162834638,1.000,9,14708685
2022,5,162834652,5.850,3,14708686
2022,8,152141901,31.000,9,13208727
2022,16,155362027,17.000,9,13687019
2022,4,151356957,9.000,9,13085375
2022,2,151356957,1.000,9,13085376
2022,4,153443869,12.000,9,13407962
2022,4,154336665,2.000,9,13541744
2022,16,154336665,13.000,9,13541745
2022,4,160140044,29.000,1,14351120
2022,1,155880588,1.000,11,13769664
2022,7,150322809,4.000,9,12927006
2022,11,151953022,1.000,1,13179055
2022,11,155880588,31.000,9,13769665
2022,11,155880588,0.987,3,13769666
2022,1,156241466,1.000,11,13814480
2022,1,158554711,4.000,1,14137780
2022,4,158554711,2.000,1,14137781
2022,1,155880591,0.070,3,13769667
2022,1,155880594,1.000,11,13769668
2022,2,151515459,0.176,3,13107093
2022,1,156001903,1.000,11,13781475
2022,4,156001903,1.000,11,13781476
2022,2,156001905,176.370,3,13781478
2022,2,162185032,0.001,3,14632737
2022,1,156001906,0.211,3,13781479
2022,1,156060708,0.275,3,13790021
2022,1,156001907,0.352,3,13781480
2022,4,156001907,15.000,9,13781481
2022,4,156001908,1.000,11,13781483
2022,2,156060709,0.014,3,13790022
2022,1,156060710,1.000,11,13790023
2022,4,156060710,1.000,11,13790024
2022,4,156060711,159.000,9,13790025
2022,8,156060711,45.000,9,13790026
2022,4,149358328,1.000,9,12796497
2022,5,164900672,8.000,3,14989692
2022,1,156060713,0.008,3,13790027
2022,1,156114671,0.126,3,13797510
2022,5,165008006,1.000,1,15007418
2022,4,166448072,2.000,9,15219204
2022,4,150681536,1.000,11,12979086
2022,1,150681548,0.042,3,12979087
2022,2,150681548,0.211,3,12979088
2022,1,156264120,1.000,11,13817962
2022,1,151569553,1.000,11,13114861
2022,4,161320648,1.000,11,14523795
2022,8,161320648,1.000,11,14523796
2022,4,161320650,1.000,11,14523797
2022,1,158957046,0.119,3,14190709
2022,2,158957048,1.000,11,14190710
2022,2,156307795,0.074,3,13823342
2022,1,152296730,0.014,3,13229108
2022,4,152296730,70.000,9,13229109
2022,16,152296730,6.000,9,13229110
2022,4,152296736,1.000,11,13229111
2022,16,152620338,7.000,9,13277507
2022,2,156338027,1.000,11,13827861
2022,4,153077530,1.000,11,13347862
2022,1,153241499,0.014,3,13380295
2022,4,153241499,9.000,9,13380296
2022,1,157441579,3.000,9,13985192
2022,4,157441579,236.000,9,13985193
2022,2,153792474,11.000,9,13457306
2022,4,153792474,4.000,9,13457307
2022,2,157660811,5.000,9,14019897
2022,4,157660811,8.000,9,14019898
2022,2,157660814,0.176,3,14019899
2022,4,160739377,0.200,1,14434624
2022,4,157660814,35.000,9,14019900
2022,1,157441585,37.000,9,13985194
2022,4,157441585,20.000,9,13985195
2022,2,157441586,1.000,11,13985196
2022,4,161547058,0.010,3,14550496
2022,1,157441589,1.000,11,13985197
2022,2,162188256,1.000,11,14632991
2022,4,155766717,9.000,9,13752442
2022,5,152165803,1.000,1,13214183
2022,4,152141800,3.000,9,13208723
2022,8,152539938,3.000,7,13266047
2022,4,152584787,15.000,9,13272540
2022,16,160140805,137.000,9,14351155
2022,1,157610201,0.257,3,14013533
2022,2,157610201,0.063,3,14013534
2022,2,161228071,1.000,11,14511329
2022,2,160140808,1.000,11,14351156
2022,1,148512999,1.000,9,12680148
2022,1,160140811,0.148,3,14351157
2022,1,148513035,2.000,9,12680149
2022,5,148513035,2.000,9,12680150
2022,4,148513043,90.000,9,12680151
2022,1,148513043,11.000,1,12680152
2022,1,148513058,7.000,9,12680153
2022,4,148513058,10.000,9,12680154
2022,15,148618123,1.000,9,12694071
2022,1,148901715,6.000,1,12725065
2022,4,148901715,11.000,9,12725066
2022,1,161228077,0.670,3,14511330
2022,4,151358999,340.000,9,13085529
2022,4,150448293,9.000,9,12944898
2022,1,150448293,5.000,9,12944899
2022,1,161228077,1.000,11,14511331
2022,4,161228077,1.000,11,14511332
2022,1,160140824,3.000,9,14351158
2022,4,151359031,42.000,9,13085530
2022,1,151359031,2.000,9,13085531
2022,4,151359032,13.000,9,13085532
2022,11,151359033,49.500,9,13085533
2022,1,160140824,0.116,3,14351159
2022,4,160140824,149.000,9,14351160
2022,4,160140850,1.000,11,14351161
2022,1,151359051,2.000,9,13085534
2022,4,151359051,1.000,9,13085535
2022,1,151359061,2.000,9,13085536
2022,4,151359061,1.000,9,13085537
2022,1,151359072,157.000,9,13085538
2022,4,151359072,48.000,9,13085539
2022,16,151397708,1.000,9,13092752
2022,17,160140850,1.000,11,14351162
2022,1,160140857,0.067,3,14351163
2022,2,160140885,5.000,9,14351164
2022,7,151653250,4.000,9,13128912
2022,4,161386049,1.000,11,14535516
2022,7,151921892,1.000,9,13173716
2022,4,152161402,18.000,9,13213716
2022,4,152248342,14.000,9,13226595
2022,7,152248344,21.000,9,13226596
2022,4,152248345,5.000,9,13226597
2022,4,160140942,1.000,9,14351167
2022,7,152349654,13.000,9,13235839
2022,4,152364771,44.000,9,13238035
2022,2,160919410,1.054,3,14461334
2022,2,152550950,123.600,1,13267919
2022,4,152842468,12.000,9,13307968
2022,2,153441542,5.000,1,13407635
2022,4,153896082,12.000,9,13473187
2022,4,153916436,21.000,9,13476003
2022,4,152448213,4.000,9,13251614
2022,1,153916452,12.000,9,13476007
2022,1,153916454,2.800,1,13476009
2022,1,153973434,7.000,1,13483774
2022,4,154024186,49.000,9,13491840
2022,7,154652661,4502.000,9,13592818
2022,1,154652661,589.800,1,13592819
2022,11,154652661,341.000,9,13592820
2022,1,155171056,4.000,9,13664848
2022,4,155171056,1.000,9,13664849
2022,11,155010068,3.000,9,13641150
2022,4,155186259,27.000,9,13667021
2022,7,155186259,24.000,9,13667022
2022,1,155186259,41.000,9,13667023
2022,1,155380075,41.000,9,13689899
2022,4,155380075,2.000,9,13689900
2022,4,155984775,79.000,9,13778940
2022,4,156052737,11.000,9,13789013
2022,1,156052737,5.000,9,13789014
2022,4,156302219,35.000,9,13822696
2022,4,156362022,2.000,9,13830502
2022,5,156362025,21.000,7,13830503
2022,17,158814869,36.000,9,14172279
2022,16,153482982,100.000,9,13415106
2022,12,156411402,2.000,7,13835944
2022,1,156411403,56.000,9,13835945
2022,4,156411403,513.000,9,13835946
2022,2,156411403,2.000,9,13835947
2022,1,156736894,36.000,9,13881745
2022,2,156761141,4.000,9,13885814
2022,4,156761146,101.000,9,13885815
2022,1,156761146,11.000,9,13885816
2022,1,157061505,26.000,9,13930287
2022,7,157061505,2.000,9,13930288
2022,7,157410094,22.000,9,13980847
2022,5,157410094,29.000,9,13980848
2022,7,157649575,3.000,9,14018484
2022,1,157649575,3.000,9,14018485
2022,4,158133104,28.000,9,14079665
2022,1,158133104,10.000,9,14079666
2022,9,158553177,7.000,9,14137601
2022,12,158278644,0.800,2,14096248
2022,1,166265866,4.000,1,15189991
2022,4,166265866,266.000,9,15189992
2022,7,166265866,11.000,9,15189993
2022,4,160739381,4700.000,9,14434625
2022,2,160739381,1.800,1,14434626
2022,7,160475890,22.000,9,14399375
2022,5,160769093,1.000,1,14438854
2022,8,146282457,138.000,9,12374989
2022,1,146474468,1.000,9,12398563
2022,4,163676818,42.000,1,14831772
2022,12,146474468,1.000,9,12398564
2022,4,146474468,33.000,9,12398565
2022,8,147201681,72.000,9,12496603
2022,4,147892140,37.000,9,12592889
2022,4,148133859,18.000,9,12626712
2022,4,150610968,48.000,9,12965763
2022,4,154401022,1.000,11,13548390
2022,1,150610968,2.000,9,12965764
2022,4,153266932,27.000,9,13383883
2022,2,154706640,1.000,11,13599357
2022,1,153266932,1.000,9,13383884
2022,1,153896190,1.000,1,13473197
2022,4,153896190,1.000,9,13473198
2022,12,157660825,2.000,9,14019901
2022,4,158814874,1.000,9,14172280
2022,12,149418556,0.287,3,12805116
2022,17,149418556,0.035,3,12805117
2022,2,147892144,0.003,3,12592890
2022,1,151606563,0.003,3,13119813
2022,1,150554955,0.010,3,12958016
2022,4,161541086,35.000,2,14549769
2022,4,150554955,2.000,9,12958017
2022,4,150554955,0.003,3,12958018
2022,2,151360138,1.000,11,13085556
2022,16,150554958,4.000,9,12958019
2022,17,150456768,0.500,9,12946226
2022,1,150554960,0.900,3,12958020
2022,2,150554960,0.003,3,12958021
2022,1,151360148,1.000,11,13085557
2022,15,151360148,1.000,9,13085558
2022,2,153792628,0.705,3,13457321
2022,5,153792628,2.194,3,13457322
2022,8,153792628,4.000,9,13457323
2022,1,156112291,1.000,11,13797187
2022,4,151547207,0.035,3,13111805
2022,17,156112291,1.000,3,13797188
2022,12,152461671,2.000,9,13253094
2022,4,152461675,38.000,9,13253095
2022,1,157417707,1.000,3,13981841
2022,5,157417707,0.010,3,13981842
2022,2,155766725,0.804,3,13752443
2022,4,155766725,250.000,9,13752444
2022,4,160739462,1.000,9,14434628
2022,8,152461691,1.000,9,13253096
2022,4,152461691,1.000,9,13253097
2022,8,164121560,1.000,11,14893194
2022,1,156467798,1.000,3,13845449
2022,1,152461701,10.000,9,13253099
2022,1,152461701,1.000,11,13253100
2022,4,152461701,1.000,9,13253101
2022,8,152461702,1.000,11,13253102
2022,4,152461706,4.000,9,13253103
2022,16,152461706,5.000,9,13253104
2022,4,152461708,2.000,9,13253105
2022,2,152461714,1.000,11,13253106
2022,4,152461715,7.000,9,13253107
2022,16,152461715,5.000,9,13253108
2022,4,152461716,4.000,9,13253109
2022,1,152461722,1.000,9,13253110
2022,4,152461726,40.000,9,13253111
2022,8,157342227,7.000,9,13970423
2022,4,157342227,1.000,11,13970424
2022,16,152461737,7.000,9,13253114
2022,1,152461739,1.000,11,13253115
2022,4,156980002,1.000,11,13913767
2022,4,152477187,13.000,9,13255960
2022,4,152477188,141.000,9,13255961
2022,1,152477188,83.000,9,13255962
2022,4,152477189,4.000,9,13255963
2022,4,152477194,1.000,11,13255965
2022,8,152477196,2.000,9,13255966
2022,8,153445715,8.000,9,13408324
2022,12,153445723,1.000,9,13408325
2022,10,153445725,1.000,9,13408326
2022,16,153445733,1.000,9,13408327
2022,8,153445750,7.000,9,13408328
2022,16,162226931,1.000,9,14637334
2022,4,153449751,7.000,9,13408969
2022,4,153449754,2.000,9,13408970
2022,4,156163890,1.000,11,13803896
2022,4,162226933,4.000,9,14637335
2022,12,153449789,1.000,1,13408973
2022,10,153449789,1.000,7,13408974
2022,16,154604973,5.000,9,13584228
2022,10,154604973,1.000,11,13584229
2022,4,160141002,1.000,9,14351170
2022,4,153449816,5.000,9,13408978
2022,16,153449816,5.000,9,13408979
2022,8,153449822,2.000,9,13408980
2022,4,154638154,3.000,9,13590759
2022,8,154638154,1.000,9,13590760
2022,4,154638192,6.000,9,13590761
2022,4,154638196,4.000,9,13590762
2022,4,154638199,3.000,9,13590763
2022,8,154638199,7.000,9,13590764
2022,1,154638199,1.000,1,13590765
2022,8,154638210,6.000,1,13590766
2022,16,154638210,0.500,3,13590767
2022,4,154638214,5.000,9,13590768
2022,4,158976288,1.000,11,14192189
2022,1,158527375,1.000,11,14133695
2022,4,158976317,10.000,9,14192191
2022,16,156337922,3.000,9,13827820
2022,5,158976334,0.010,3,14192193
2022,4,154638222,25.000,9,13590770
2022,1,162226939,21.000,9,14637336
2022,4,162226939,6.000,9,14637337
2022,8,154638232,1.000,3,13590773
2022,14,158976338,7.000,9,14192194
2022,10,154638237,2.000,9,13590774
2022,17,158976338,3.000,9,14192195
2022,1,161322528,0.035,3,14524066
2022,1,154638255,5.000,9,13590775
2022,4,154638255,8.000,9,13590776
2022,16,154638255,1.000,9,13590777
2022,1,154638265,1.000,11,13590778
2022,4,154638266,1.000,11,13590779
2022,2,161322529,0.028,3,14524067
2022,4,154638288,5.000,9,13590780
2022,16,154638288,1.000,9,13590781
2022,2,161322529,1.000,11,14524068
2022,16,162033602,80.500,9,14616064
2022,4,164121570,2.000,9,14893195
2022,16,164121570,2.000,9,14893196
2022,8,164121570,4.000,9,14893197
2022,1,162033605,0.035,3,14616065
2022,8,154638316,14.000,1,13590785
2022,4,152292842,1.000,1,13228569
2022,4,155401902,0.250,2,13692660
2022,16,156445891,0.400,3,13841288
2022,8,154638319,1.000,9,13590786
2022,16,156334538,2.000,3,13827268
2022,1,156334540,49.000,9,13827269
2022,11,156334540,13.000,9,13827270
2022,16,156334540,2.000,9,13827271
2022,11,157227003,2.000,7,13957342
2022,2,157317089,2.000,1,13967237
2022,16,156334541,1.000,9,13827272
2022,8,164121579,1.000,9,14893198
2022,8,156334554,13.000,9,13827274
2022,4,160133813,0.210,1,14350880
2022,4,160912660,1.000,1,14460660
2022,8,156334557,4.000,9,13827275
2022,16,156334559,3.000,9,13827276
2022,8,156334559,4.000,9,13827277
2022,1,151902243,1.000,9,13171901
2022,5,161133625,2.000,1,14489945
2022,4,156334565,25.000,9,13827278
2022,12,165947648,1.000,11,15144754
2022,8,156334571,3.000,9,13827280
2022,8,156334572,7.000,1,13827281
2022,4,152539983,1.000,1,13266052
2022,4,152461801,1.000,1,13253117
2022,4,157198035,1.000,3,13952443
2022,4,153224403,4.000,9,13378522
2022,16,156334575,3.000,9,13827282
2022,1,164121586,7.000,9,14893200
2022,8,156334581,1.000,9,13827284
2022,15,153541961,4.250,9,13423874
2022,16,156334587,4.000,9,13827286
2022,4,153541964,146.000,9,13423875
2022,4,160141014,41.000,9,14351173
2022,4,153957267,23.000,9,13481699
2022,16,158249091,4.000,9,14091867
2022,4,161391002,2.000,1,14536167
2022,1,156052816,6.000,9,13789023
2022,4,156163898,6.000,9,13803898
2022,16,156163898,427.000,9,13803899
2022,15,157212082,7.000,9,13954603
2022,8,156337932,12.000,9,13827825
2022,5,157212088,16.000,3,13954604
2022,15,157293708,3.000,9,13964811
2022,8,160475956,1.000,1,14399379
2022,1,162284503,2.000,1,14646003
2022,4,151706744,4.000,9,13136743
2022,8,156337934,1.000,9,13827826
2022,1,165947650,3.000,9,15144755
2022,4,151902434,1.000,11,13171915
2022,1,151902434,1.000,11,13171916
2022,4,151902452,22.000,9,13171917
2022,4,156337939,10.000,9,13827828
2022,12,165947651,2.000,9,15144756
2022,1,165947651,1.000,11,15144757
2022,4,165947651,3.000,9,15144758
2022,4,158273493,3.000,1,14095633
2022,12,156337954,6.000,9,13827836
2022,4,156337954,3.000,9,13827837
2022,16,156337956,12.000,1,13827838
2022,16,156337956,51.000,9,13827839
2022,1,160755686,1.000,1,14437043
2022,4,156337958,42.000,9,13827840
2022,16,156337958,1.000,9,13827841
2022,16,158249096,27.000,1,14091871
2022,4,150554963,1.000,9,12958023
2022,8,156337975,2.000,1,13827843
2022,4,156337975,1.000,9,13827844
2022,16,156337979,4.000,1,13827846
2022,16,156337982,2.000,1,13827847
2022,1,156337983,1.000,11,13827848
2022,8,156337983,7.000,9,13827849
2022,16,156337983,2.000,9,13827850
2022,4,150666277,4.000,9,12976634
2022,4,153441616,5.000,9,13407639
2022,4,149122251,1.000,1,12760431
2022,4,156337987,1.000,9,13827851
2022,17,156337987,44.000,9,13827852
2022,1,149296271,1.000,1,12783992
2022,4,156337991,1.000,3,13827853
2022,1,156337991,1.000,3,13827854
2022,8,156337991,1.000,1,13827855
2022,4,147408531,5.000,9,12525672
2022,4,149549347,1.000,9,12823715
2022,16,149549347,1.000,9,12823716
2022,4,150666295,14.000,9,12976635
2022,1,152110936,26.000,9,13204571
2022,8,152110939,3.000,9,13204572
2022,4,152110949,4.000,9,13204573
2022,1,152110949,2.000,9,13204574
2022,4,152110951,10.000,9,13204575
2022,2,152620183,1.000,9,13277492
2022,4,156445907,27.000,9,13841291
2022,8,156445907,33.000,9,13841292
2022,16,156445907,7.000,1,13841293
2022,4,156980009,8.000,9,13913769
2022,8,156980009,25.000,9,13913770
2022,4,156445914,157.000,9,13841296
2022,8,156445914,12.000,9,13841297
2022,4,152620188,9.000,9,13277493
2022,4,154120524,5.000,9,13512622
2022,1,154120524,3.000,9,13512623
2022,12,155211551,4.000,9,13669949
2022,4,156362110,1.000,9,13830507
2022,5,157540925,50.000,1,14001068
2022,1,157540931,12.000,9,14001069
2022,4,157540931,5.000,9,14001070
2022,1,157540936,1.000,9,14001071
2022,4,157540936,1.000,9,14001072
2022,15,157540936,6.000,9,14001073
2022,1,160133434,1.000,9,14350856
2022,4,160133434,1.000,9,14350857
2022,4,160774888,17.000,1,14439445
2022,2,164090026,2.000,9,14888881
2022,4,156445915,1.000,9,13841298
2022,1,156445915,1.000,9,13841299
2022,16,157342235,2.000,9,13970426
2022,12,156445917,4.000,9,13841301
2022,4,156445917,1.000,9,13841302
2022,8,156445923,1.000,1,13841303
2022,15,156445934,3.000,1,13841304
2022,16,156445935,24.000,1,13841305
2022,8,156445942,41.000,1,13841307
2022,13,156445945,11.000,9,13841308
2022,2,164090027,6.000,9,14888882
2022,2,164093929,2.000,9,14889585
2022,2,164389192,1.000,9,14924613
2022,1,149615899,1.000,11,12832326
2022,16,156445952,25.000,9,13841309
2022,8,156445953,1.000,1,13841310
2022,4,156445953,1.000,11,13841311
2022,16,156445958,11.000,1,13841312
2022,16,156445961,3.000,9,13841313
2022,1,156445964,7.000,9,13841315
2022,4,156445966,29.000,9,13841316
2022,16,156445966,2.000,9,13841317
2022,2,157212159,5.000,1,13954613
2022,16,156445967,166.000,1,13841318
2022,4,151554742,3.000,9,13112786
2022,16,156445970,13.000,9,13841319
2022,8,158249099,8.100,3,14091872
2022,12,152337519,5.000,9,13233903
2022,5,152337519,11.000,9,13233904
2022,16,152337519,20.000,9,13233905
2022,4,158259033,1.000,9,14093637
2022,2,158814903,15.000,9,14172281
2022,4,158814903,13.000,9,14172282
2022,8,158814903,4.000,9,14172283
2022,8,160135578,5.000,9,14350946
2022,4,156448452,1.000,11,13841715
2022,16,156448459,1.900,3,13841716
2022,4,156980012,4.000,9,13913771
2022,8,156980012,1.000,9,13913772
2022,4,156980019,5.000,9,13913773
2022,2,156980019,14.000,9,13913774
2022,8,160141020,27.000,9,14351177
2022,16,160141020,1.000,9,14351178
2022,4,150391921,3.000,1,12933177
2022,15,156982733,8.000,9,13914451
2022,4,156982733,1.000,9,13914452
2022,16,156982733,3.000,9,13914453
2022,1,156982742,4.000,9,13914454
2022,13,156982745,1.000,9,13914455
2022,16,156982753,4.000,9,13914457
2022,4,156982760,1.000,9,13914458
2022,8,156982760,7.000,9,13914459
2022,2,156982785,1.000,9,13914461
2022,16,150391921,30.000,9,12933178
2022,8,156982805,1.000,9,13914463
2022,4,156982805,7.000,9,13914464
2022,16,156982805,1.000,9,13914465
2022,8,150391927,1.000,1,12933179
2022,1,156982807,2.000,9,13914466
2022,4,156982807,11.000,9,13914467
2022,3,151782685,18.000,1,13145416
2022,4,156982821,8.000,9,13914468
2022,1,156982821,5.000,9,13914469
2022,16,156982821,1.000,9,13914470
2022,1,151782705,2.000,1,13145419
2022,4,157026049,10.000,9,13923768
2022,4,154725510,4.000,9,13600417
2022,4,157342238,50.000,9,13970428
2022,4,157026061,1.000,9,13923770
2022,15,157026073,1.500,9,13923771
2022,8,157026073,1.000,9,13923772
2022,17,164121612,4.000,1,14893204
2022,1,154725510,3.000,9,13600418
2022,2,154846074,2.000,9,13620186
2022,4,157026121,46.000,9,13923775
2022,4,154846074,4.000,9,13620187
2022,11,157026122,3.000,9,13923776
2022,8,156041322,4.000,9,13787152
2022,12,157342248,1.000,1,13970429
2022,4,157026158,1.000,9,13923777
2022,4,157026162,20.000,9,13923778
2022,1,157026162,9.000,9,13923779
2022,4,157026163,2.000,9,13923780
2022,11,157026175,1.000,9,13923781
2022,16,158249107,8.000,9,14091873
2022,4,157358956,111.000,9,13973069
2022,1,157358956,70.000,9,13973070
2022,16,157358956,9.000,9,13973071
2022,16,157358966,10.000,9,13973072
2022,10,157358966,1.000,7,13973073
2022,16,158249111,3.000,9,14091874
2022,4,157358976,10.000,9,13973075
2022,4,157358979,1.000,9,13973076
2022,16,157358979,2.000,9,13973077
2022,4,157358980,50.000,9,13973078
2022,4,157358988,0.290,1,13973079
2022,4,157359022,7.000,9,13973080
2022,4,157359041,2.000,9,13973082
2022,4,156041328,4.000,9,13787153
2022,1,156041328,2.000,9,13787154
2022,8,156041328,2.000,9,13787155
2022,4,158711672,1.000,11,14157965
2022,2,157359068,1.000,11,13973083
2022,16,157359074,0.000,3,13973084
2022,13,157359080,17.000,9,13973085
2022,8,157359083,1.000,1,13973086
2022,4,157359093,9.000,9,13973087
2022,8,157359093,8.000,9,13973088
2022,8,157359103,4.000,9,13973091
2022,16,157359103,2.000,9,13973092
2022,8,157359103,1.000,11,13973093
2022,16,158249122,37.000,9,14091875
2022,4,158249122,1.000,9,14091876
2022,16,158249124,129.000,1,14091877
2022,4,158249129,20.000,9,14091878
2022,16,158249129,1.000,9,14091879
2022,4,160141053,1.000,9,14351180
2022,15,158711672,1.000,11,14157966
2022,4,158771221,1.000,11,14164265
2022,4,158250943,14.000,9,14092127
2022,16,158250943,1.500,9,14092128
2022,4,158250947,5.000,9,14092129
2022,15,158250947,15.000,9,14092130
2022,2,162226991,19.000,9,14637340
2022,4,158250949,20.000,9,14092132
2022,1,158250949,4.000,9,14092133
2022,15,158250949,2.000,9,14092134
2022,16,162279412,15.000,9,14645399
2022,4,162279412,2.000,9,14645400
2022,4,164121669,10.000,9,14893208
2022,15,158771221,1.000,11,14164266
2022,16,160136768,1.000,11,14351010
2022,4,158250965,1.000,11,14092138
2022,15,160136773,1.000,11,14351011
2022,1,160136773,1.000,11,14351012
2022,1,160136804,1.000,11,14351013
2022,4,160141065,147.000,9,14351182
2022,12,158251000,1.000,9,14092141
2022,4,158251000,13.000,9,14092142
2022,4,158251006,1.000,9,14092143
2022,4,161228131,1.000,11,14511333
2022,12,158251018,4.000,9,14092145
2022,2,161228131,1.000,11,14511334
2022,4,161228138,1.000,11,14511335
2022,1,161228138,1.000,11,14511336
2022,2,161228138,1.000,11,14511337
2022,1,161228156,1.000,11,14511338
2022,16,158251049,2.000,1,14092149
2022,2,161228156,1.000,11,14511339
2022,1,153482992,1.000,1,13415107
2022,16,160141075,1.000,9,14351184
2022,8,160141077,2.000,9,14351185
2022,4,160141079,14.000,9,14351186
2022,8,160141079,1.000,9,14351187
2022,4,162279423,3.000,9,14645402
2022,16,160141086,14.000,1,14351189
2022,4,162279424,1.000,11,14645403
2022,1,160141098,1.000,11,14351191
2022,16,160141102,2.000,3,14351192
2022,4,160141107,6.000,9,14351193
2022,2,160141107,1.000,9,14351194
2022,4,160141115,11.000,9,14351196
2022,4,160141115,1.000,11,14351197
2022,1,164121701,1.000,11,14893210
2022,4,164121707,17.000,9,14893211
2022,1,164121707,2.000,9,14893212
2022,1,160141132,1.000,11,14351201
2022,4,165947673,11.000,9,15144759
2022,4,160141153,5.000,9,14351205
2022,4,160141184,20.000,9,14351210
2022,4,153482992,1.000,1,13415108
2022,2,155468704,1.000,1,13706281
2022,16,162279437,34.000,9,14645407
2022,4,162279441,5.000,9,14645408
2022,2,158976441,3.000,1,14192206
2022,15,147313047,16.000,9,12515372
2022,16,162279450,7.000,1,14645409
2022,1,162279460,6.000,9,14645412
2022,4,162279460,21.000,9,14645413
2022,8,164121732,2.000,9,14893213
2022,8,162279472,9.000,9,14645415
2022,1,162279487,2.000,9,14645416
2022,1,162279488,1.000,9,14645417
2022,1,162279498,4.000,9,14645418
2022,4,162279498,8.000,9,14645419
2022,1,162279498,1.000,11,14645420
2022,4,162279503,1.000,9,14645422
2022,8,162279503,1.000,9,14645423
2022,4,162279507,1.000,9,14645424
2022,4,162279517,1.000,9,14645426
2022,16,162279517,1.000,9,14645427
2022,10,162279521,1.000,11,14645429
2022,4,164121752,1.000,9,14893218
2022,1,165947680,8.000,9,15144760
2022,16,162279546,1.000,9,14645432
2022,4,162279548,8.000,9,14645433
2022,1,162279548,8.000,1,14645434
2022,16,162279549,1.000,9,14645435
2022,8,162279554,2.000,9,14645436
2022,4,162279554,3.000,9,14645437
2022,1,162279554,3.000,9,14645438
2022,16,162279564,1.000,11,14645439
2022,8,165947683,1.000,11,15144761
2022,2,151473333,0.010,1,13099316
2022,16,164126911,1.000,9,14893879
2022,8,164126913,3.000,9,14893880
2022,4,152549136,0.300,1,13267629
2022,8,164126931,2.000,9,14893881
2022,4,152549139,0.700,1,13267630
2022,4,164126936,3.000,9,14893882
2022,1,152549139,0.300,1,13267631
2022,1,155171102,1.000,1,13664853
2022,16,164126941,2.000,9,14893883
2022,8,164126941,1.000,9,14893884
2022,1,164126941,1.000,3,14893885
2022,1,164126953,1.000,1,14893886
2022,8,164126953,5.000,9,14893887
2022,4,155171102,2.000,1,13664854
2022,15,155171102,30.000,9,13664855
2022,4,155172988,5.600,1,13665137
2022,1,155172988,0.100,1,13665138
2022,2,158845721,4.000,1,14176789
2022,4,155114945,5.000,9,13655362
2022,2,152363237,6.000,9,13237789
2022,4,156193293,1.000,9,13809361
2022,12,160133087,1.000,11,14350828
2022,12,150315246,1.000,1,12925734
2022,8,150315246,2.000,9,12925735
2022,12,153270427,1.000,11,13384446
2022,16,153896099,1.000,9,13473189
2022,12,157417663,3.000,1,13981835
2022,5,147013709,1.000,11,12469942
2022,1,148031686,1.000,11,12610349
2022,5,147892150,1.000,11,12592891
2022,12,157470936,3.000,1,13990223
2022,5,152542705,1.000,11,13266424
2022,5,148618190,1.000,11,12694075
2022,5,148774572,1.000,11,12708868
2022,3,151779223,4.000,1,13144801
2022,16,160995630,6.000,9,14471089
2022,2,160995631,1.000,11,14471090
2022,12,160772157,33.000,1,14439120
2022,1,160772157,1.000,11,14439121
2022,16,160774745,55.000,9,14439425
2022,16,160774746,11.200,1,14439426
2022,12,160777627,4.000,9,14439784
2022,12,160774749,1.000,11,14439428
2022,16,160772161,22.000,9,14439123
2022,12,160772161,5.000,1,14439124
2022,2,160772162,1.000,1,14439125
2022,4,160774750,1.000,11,14439429
2022,3,151779224,4.000,1,13144802
2022,1,160772165,1.000,1,14439126
2022,8,160772165,1.000,11,14439127
2022,5,151357442,1.000,11,13085415
2022,16,160772166,4.000,1,14439129
2022,4,152620315,36.000,9,13277504
2022,2,160772173,1.000,11,14439130
2022,5,151357455,1.000,11,13085416
2022,1,160772191,1.000,11,14439131
2022,4,160774760,7.000,9,14439430
2022,5,151357456,1.000,11,13085417
2022,4,152620317,1.000,9,13277505
2022,8,160772198,11.000,9,14439133
2022,3,151779228,28.000,1,13144804
2022,12,160768019,4.000,9,14438781
2022,16,160768019,4.000,9,14438782
2022,3,152248392,1.000,11,13226598
2022,2,151779231,1.000,11,13144805
2022,2,152347188,1.000,11,13235567
2022,4,154958463,1.000,9,13634959
2022,1,147240634,1.000,2,12503275
2022,14,147240634,8.000,9,12503276
2022,12,147279997,1.000,9,12511124
2022,12,147354101,1.100,3,12517276
2022,12,147509053,1.000,1,12539972
2022,4,156859078,18.000,9,13897567
2022,12,149456970,1.000,1,12811399
2022,16,148687884,12.000,9,12701709
2022,12,148901846,1.000,1,12725087
2022,8,148901846,4.000,9,12725088
2022,12,151354517,1.000,1,13085249
2022,12,149549285,1.000,1,12823711
2022,15,150020420,10.000,9,12889070
2022,12,150319300,2.000,1,12926501
2022,8,150319300,4.000,9,12926502
2022,5,157540944,2.000,9,14001074
2022,5,158133170,1.000,9,14079671
2022,4,160819030,5.000,9,14447764
2022,1,150331802,2.000,1,12928633
2022,15,150331802,1.000,9,12928634
2022,4,151354519,15.000,1,13085250
2022,15,151354519,72.000,9,13085251
2022,12,153562624,1.000,1,13426128
2022,3,161724699,1.000,9,14576171
2022,2,152292710,1.000,1,13228555
2022,4,152292710,1.000,1,13228556
2022,3,161724710,1.000,9,14576172
2022,15,152292711,23.000,9,13228558
2022,4,161724711,19.000,9,14576173
2022,4,166072044,0.000,1,15160852
2022,4,166274609,1.000,1,15191173
2022,1,166274609,0.000,1,15191174
2022,9,157026267,1.000,1,13923790
2022,16,156119205,3.000,9,13798048
2022,12,156119205,12.000,1,13798049
2022,4,158249155,2.000,1,14091882
2022,1,158249155,1.000,1,14091883
2022,4,151732467,4.000,1,13140268
2022,4,158456635,0.500,1,14126699
2022,12,160135743,1.230,3,14350950
2022,4,152639642,2.000,1,13279957
2022,4,152403542,2.000,1,13246093
2022,15,152620244,5.000,9,13277496
2022,11,153449837,1.000,11,13408982
2022,16,158456635,3.000,9,14126700
2022,8,158456635,2.000,9,14126701
2022,4,158745011,5.300,1,14160727
2022,1,157026184,2.000,1,13923783
2022,12,153449838,2.000,1,13408983
2022,5,154024205,1.650,3,13491842
2022,4,160135744,1.000,1,14350951
2022,4,164502874,2.000,1,14941235
2022,4,154799302,3.000,1,13613319
2022,2,153973446,2.000,1,13483775
2022,15,153973446,3.000,1,13483776
2022,5,154151749,33.520,3,13517013
2022,12,154801653,2.000,1,13613951
2022,12,156362027,1.000,1,13830504
2022,12,154904923,2.000,1,13626808
2022,12,158448513,2.000,1,14125373
2022,8,155108811,1.000,1,13654584
2022,1,155171058,1.000,1,13664850
2022,4,158745015,2.000,1,14160728
2022,4,147655302,1.000,11,12562091
2022,12,165193277,2.000,1,15031801
2022,5,156046384,1.000,3,13788172
2022,1,155272211,1.000,1,13678013
2022,15,156046391,1.000,9,13788173
2022,12,156241418,1.000,1,13814475
2022,4,156241418,1.000,1,13814476
2022,12,156200329,0.100,3,13810858
2022,12,156982843,1.000,1,13914472
2022,15,158249159,4.000,9,14091885
2022,12,156241419,2.000,1,13814477
2022,12,160135748,1.000,1,14350953
2022,2,147674654,2.000,9,12564902
2022,15,157195234,3.000,9,13952097
2022,5,156381955,288.000,1,13832065
2022,12,156761155,2.000,1,13885817
2022,8,156982844,3.000,9,13914473
2022,15,157026188,1.000,9,13923786
2022,15,157211872,18.000,9,13954553
2022,8,162144643,1.000,11,14627901
2022,4,150478800,7.000,9,12950411
2022,4,160135757,18.000,1,14350955
2022,12,158448520,1.000,1,14125375
2022,1,158456515,1.000,1,14126696
2022,4,158456515,8.000,1,14126697
2022,5,158448524,1.000,1,14125376
2022,15,160135765,1.000,9,14350956
2022,12,160135771,1.000,1,14350957
2022,4,160135783,5.000,1,14350958
2022,12,160135789,1.000,1,14350959
2022,15,160135793,16.000,9,14350960
2022,12,160135806,4.000,1,14350961
2022,4,160135806,2.000,1,14350962
2022,1,160135809,1.000,1,14350964
2022,8,160135819,8.000,9,14350965
2022,15,160135819,18.000,1,14350966
2022,2,160973959,2.000,1,14468990
2022,4,160475894,2.000,1,14399376
2022,12,160475894,1.000,1,14399377
2022,12,160918335,1.000,1,14461254
2022,4,148437570,1.000,1,12669899
2022,2,148437570,1.000,1,12669900
2022,1,149099238,6.000,9,12756836
2022,4,150666225,2.000,9,12976632
2022,4,152542582,4.000,9,13266421
2022,8,152542582,25.000,9,13266422
2022,1,152559974,1.000,1,13268930
2022,2,160973968,0.100,1,14468991
2022,13,156060628,1.000,11,13790018
2022,8,156060655,12.000,9,13790019
2022,8,158137110,50.000,9,14079954
2022,2,161125856,1.000,11,14489061
2022,4,161125856,1.000,11,14489062
2022,4,158292736,4.000,9,14098384
2022,4,154706687,1.000,11,13599358
2022,5,154892704,1.000,11,13625101
2022,4,154902494,1.000,9,13626536
2022,12,155472114,1.000,11,13706682
2022,14,155472117,1.000,9,13706683
2022,1,155472119,1.000,1,13706684
2022,4,155472119,1.000,1,13706685
2022,12,155200565,0.000,1,13668582
2022,12,155178396,2.000,1,13665703
2022,4,157545001,3.000,9,14001448
2022,5,156444181,1.000,1,13841020
2022,12,156923021,12.000,9,13908190
2022,12,160139548,3.000,9,14351090
2022,1,160139555,7.000,1,14351092
2022,4,160139555,3.000,1,14351093
2022,1,160139561,1.000,11,14351095
2022,12,160139564,1.000,1,14351096
2022,15,160139564,6.000,9,14351097
2022,12,160139566,19.000,1,14351098
2022,4,160139566,6.000,9,14351099
2022,12,160830861,1.000,1,14448423
2022,3,160144017,1.000,1,14351427
2022,5,161238279,1.000,1,14512289
2022,1,152477221,6.000,1,13255968
2022,4,157102798,1.000,1,13936364
2022,1,160929763,3.500,1,14462654
2022,5,151362022,4.000,1,13085716
2022,4,148989106,2.000,9,12739653
2022,1,148989106,2.000,9,12739654
2022,16,151357233,2.000,9,13085403
2022,16,151357273,3.000,9,13085407
2022,4,151357274,1.000,9,13085408
2022,1,151357274,1.000,9,13085409
2022,12,150666227,1.000,1,12976633
2022,4,151357294,6.000,9,13085412
2022,8,151469157,1.000,11,13098679
2022,1,151960706,1.000,9,13181039
2022,12,151737063,1.000,11,13140590
2022,4,152318825,1.000,11,13231483
2022,16,152578995,1.000,9,13271466
2022,4,154080134,1.000,11,13504572
2022,12,153950246,1.000,11,13481040
2022,4,155025041,3.000,9,13643242
2022,14,155025041,1.000,11,13643243
2022,12,155366612,1.000,9,13687573
2022,12,155366616,1.000,9,13687574
2022,16,155997029,11.000,9,13780911
2022,12,155982291,1.000,11,13777911
2022,16,156119225,1.000,11,13798053
2022,17,156119225,1.000,11,13798054
2022,4,156326357,3.000,9,13826273
2022,4,156349579,5.000,9,13829050
2022,1,156349579,5.000,9,13829051
2022,12,157220814,4.000,1,13956557
2022,17,156382104,2.000,9,13832073
2022,1,157102778,1.000,9,13936362
2022,12,157725425,1.000,9,14025959
2022,4,157725425,3.300,1,14025960
2022,12,158859200,1.000,9,14177773
2022,4,158859202,5.000,9,14177774
2022,12,160140351,1.000,11,14351133
2022,12,161316820,1.000,11,14523210
2022,16,160774783,2.500,9,14439433
2022,11,160774789,5.000,1,14439434
2022,4,160774801,0.100,1,14439436
2022,4,160774810,7.000,9,14439438
2022,2,160774810,2.000,9,14439439
2022,8,156382104,2.000,9,13832074
2022,5,156382104,2.000,1,13832075
2022,16,153211467,1.000,11,13377591
2022,4,160772228,2.000,9,14439134
2022,16,160774833,2.000,3,14439441
2022,4,161307953,1.000,9,14521933
2022,2,160774857,1.000,1,14439442
2022,1,160774857,1.000,1,14439443
2022,4,160933017,8.000,9,14462908
2022,2,160933017,1.000,11,14462909
2022,13,151732699,3.000,9,13140279
2022,2,165999837,0.330,1,15150692
2022,12,149061436,1.000,11,12751540
2022,2,151732723,1.000,11,13140280
2022,5,149061442,1.000,11,12751541
2022,2,149061459,1.000,11,12751542
2022,16,157314560,1.000,11,13966711
2022,1,149061466,1.000,11,12751543
2022,5,155108816,5.400,3,13654585
2022,2,149061467,1.000,11,12751544
2022,1,149061472,1.000,11,12751545
2022,4,149061472,1.000,11,12751546
2022,8,149061472,5.000,9,12751547
2022,1,149549359,6.000,1,12823717
2022,8,149549364,4.000,1,12823718
2022,4,149549364,1.000,11,12823719
2022,8,149549364,1.000,11,12823720
2022,5,149549370,5.400,3,12823721
2022,5,149549397,1.000,11,12823722
2022,5,149549397,188.000,1,12823723
2022,4,149549400,1.000,9,12823724
2022,2,150348186,1.000,1,12931361
2022,16,150348186,5.000,9,12931362
2022,5,150348186,1.000,11,12931363
2022,4,150348200,1.000,11,12931365
2022,4,150348209,1.000,11,12931366
2022,1,150348209,1.000,11,12931367
2022,2,150456788,1.000,1,12946227
2022,16,150456788,2.000,9,12946228
2022,4,150456788,1.000,11,12946229
2022,4,150348218,1.000,11,12931368
2022,5,150456791,1.000,11,12946230
2022,5,150456801,1.000,11,12946231
2022,2,150456804,1.000,11,12946232
2022,4,150456810,1.000,11,12946233
2022,4,150666340,1.000,11,12976638
2022,4,150666353,1.000,11,12976639
2022,4,150666381,1.000,11,12976640
2022,1,151361471,1.000,11,13085670
2022,12,151361474,1.000,11,13085671
2022,8,151361474,1.000,11,13085672
2022,4,151361482,1.000,11,13085673
2022,16,151361482,1.000,11,13085674
2022,1,151361493,1.000,11,13085675
2022,5,151397788,2.000,1,13092754
2022,15,151397804,14.000,9,13092755
2022,4,151397813,1.000,11,13092756
2022,1,152659696,1.000,11,13282824
2022,8,151953225,42.000,9,13179066
2022,4,151953225,1.000,11,13179067
2022,2,151397848,1.000,1,13092759
2022,1,151397848,1.000,1,13092760
2022,17,151397852,63.000,9,13092761
2022,8,151397852,4.500,9,13092762
2022,2,151397859,3.000,1,13092763
2022,4,151397889,1.000,11,13092764
2022,8,151953241,1.000,1,13179068
2022,12,165999838,0.570,1,15150693
2022,12,154892719,1.000,11,13625103
2022,4,151953241,1.000,11,13179069
2022,8,151953241,1.000,9,13179070
2022,8,151547280,1.000,9,13111809
2022,16,156163837,3.000,9,13803893
2022,4,151579138,1.000,11,13116230
2022,4,151579151,1.000,11,13116231
2022,2,151579151,1.000,11,13116232
2022,4,152403680,1.000,11,13246102
2022,1,152403681,1.000,11,13246103
2022,13,152403682,1.000,11,13246104
2022,4,152403682,1.000,11,13246105
2022,4,152403683,1.000,11,13246106
2022,8,166265888,0.320,1,15189996
2022,1,152403683,7.000,1,13246107
2022,5,152403683,1.000,1,13246108
2022,2,151953283,1.000,11,13179072
2022,1,153211482,8.000,1,13377592
2022,8,153211482,7.500,9,13377593
2022,8,152403698,1.000,9,13246112
2022,1,157647292,1.000,11,14018217
2022,4,152542727,1.000,11,13266425
2022,8,152542727,14.000,9,13266426
2022,2,152659703,1.000,11,13282825
2022,12,152403751,1.000,11,13246114
2022,1,152403661,1.000,11,13246098
2022,8,153211483,1.000,11,13377594
2022,4,153211483,1.000,11,13377595
2022,5,152542757,1.000,11,13266430
2022,12,166646218,0.840,1,15248020
2022,1,158273261,1.000,1,14095628
2022,2,162313547,1.000,9,14649381
2022,8,153211485,16.000,9,13377597
2022,2,162313573,2.000,9,14649387
2022,10,162313577,30.000,9,14649388
2022,1,153211485,5.000,1,13377598
2022,5,153211485,3.000,1,13377599
2022,4,152659751,1.000,11,13282833
2022,2,162338893,2.000,1,14652300
2022,4,153792742,1.000,11,13457329
2022,16,162338896,2.000,9,14652301
2022,4,152659795,1.000,11,13282835
2022,1,152659795,5.000,1,13282836
2022,4,152659806,1.000,11,13282837
2022,2,162380335,2.000,9,14655234
2022,1,153792765,1.000,1,13457331
2022,12,162380357,11.000,9,14655235
2022,2,162380360,5.000,1,14655236
2022,5,160136111,100.000,1,14350981
2022,2,160136114,1.000,1,14350982
2022,2,160136115,1.000,1,14350983
2022,4,153792767,1.000,11,13457332
2022,15,160136118,1.000,9,14350984
2022,2,153792767,1.000,11,13457333
2022,8,153792817,1.000,11,13457342
2022,4,160136125,13.000,1,14350985
2022,4,160136128,3.000,1,14350986
2022,1,155380182,20.000,1,13689909
2022,4,153792838,1.000,11,13457347
2022,1,153792849,1.000,11,13457348
2022,5,153792878,3.000,3,13457352
2022,4,161228019,2.000,9,14511327
2022,15,161228020,3.000,9,14511328
2022,11,153792878,1.000,3,13457353
2022,17,153792878,1.000,11,13457354
2022,8,153792931,3.000,9,13457357
2022,4,153792933,1.000,11,13457358
2022,2,153792933,1.000,11,13457359
2022,4,153792935,1.000,1,13457360
2022,1,153792935,2.000,1,13457361
2022,16,155114961,1.000,11,13655363
2022,4,155877420,1.000,11,13769474
2022,1,155877420,3.000,1,13769475
2022,4,154401336,1.000,11,13548412
2022,12,154401360,1.000,11,13548413
2022,4,154401385,1.000,11,13548414
2022,16,154401410,23.000,9,13548415
2022,2,154401410,6.000,1,13548416
2022,4,154401410,1.000,11,13548417
2022,4,155114962,1.000,11,13655364
2022,4,146780909,107.000,9,12438826
2022,2,154801758,1.000,11,13613952
2022,8,154801758,1.000,11,13613953
2022,1,155114963,1.000,11,13655365
2022,4,155114963,1.000,11,13655366
2022,4,155115010,1.000,11,13655367
2022,1,147354107,0.200,1,12517277
2022,4,147354110,2.000,9,12517278
2022,2,147592153,1.000,9,12553606
2022,4,152112792,1.000,1,13204815
2022,1,152112792,1.000,1,13204816
2022,4,148618149,11.000,9,12694072
2022,1,148618149,1.000,9,12694073
2022,3,160145536,9.000,1,14351498
2022,1,160145536,57.699,1,14351499
2022,5,160145536,4.000,3,14351500
2022,4,155115054,1.000,11,13655368
2022,2,155380226,10.000,1,13689914
2022,2,155877426,1.000,1,13769479
2022,2,148989123,4.000,9,12739656
2022,1,156209359,2.000,1,13811956
2022,2,150391781,2.000,2,12933173
2022,8,150391781,4.000,2,12933174
2022,12,150431254,4.000,9,12942360
2022,1,156060734,1.000,1,13790028
2022,17,150452302,1.000,11,12945665
2022,17,150452305,1.000,11,12945666
2022,10,152112793,2.000,9,13204817
2022,2,155877458,1.000,11,13769480
2022,4,155877487,1.000,11,13769481
2022,5,150511699,9.000,9,12954049
2022,4,156396281,1.000,11,13834222
2022,4,151547017,11.000,9,13111793
2022,4,151779120,7.400,1,13144793
2022,2,151779120,1.600,1,13144794
2022,4,151952991,1.000,9,13179053
2022,4,151952992,8.300,1,13179054
2022,4,152112796,63.150,1,13204818
2022,2,152112796,12.500,1,13204819
2022,1,152165804,14.000,1,13214184
2022,8,156396281,1.000,11,13834223
2022,1,156209360,1.000,1,13811957
2022,4,156209360,1.000,11,13811958
2022,2,155877496,1.000,11,13769482
2022,1,152631719,0.500,1,13278540
2022,4,156060751,1.000,11,13790029
2022,4,152659287,2.000,9,13282795
2022,4,157647347,1.000,11,14018220
2022,2,160775644,1.000,1,14439517
2022,4,160775644,1452.000,9,14439518
2022,1,156209361,1.000,1,13811959
2022,4,156209361,1.000,11,13811960
2022,2,156209361,1.000,1,13811961
2022,4,156396290,1.000,11,13834224
2022,1,156396290,1.000,1,13834225
2022,1,153916483,1.000,9,13476015
2022,4,154120447,73.000,9,13512616
2022,5,156396292,1.000,11,13834226
2022,1,155226743,1.000,1,13672516
2022,4,155272213,5.000,1,13678014
2022,1,155880539,0.500,1,13769663
2022,4,156114649,1.000,9,13797508
2022,4,156396294,1.000,11,13834227
2022,8,156396294,1.000,1,13834228
2022,4,156421089,1.000,9,13837780
2022,1,156396307,6.000,1,13834230
2022,4,157229083,2.000,9,13957676
2022,4,157540879,13.200,1,14001066
2022,1,157540879,3.000,1,14001067
2022,4,156396311,1.000,11,13834231
2022,4,156396313,1.000,11,13834232
2022,12,156396313,1.000,11,13834233
2022,1,157681962,2.000,1,14021392
2022,4,158554731,5.000,9,14137782
2022,4,156396316,1.000,11,13834234
2022,2,156396322,1.000,11,13834235
2022,8,156396322,1.000,11,13834236
2022,1,160145537,1.000,11,14351501
2022,4,160137092,10.000,9,14351023
2022,16,160145537,1.000,11,14351502
2022,5,160145537,1.000,11,14351503
2022,1,156746464,1.000,11,13883273
2022,16,156746479,12.000,9,13883274
2022,12,156746479,1.000,9,13883275
2022,8,160145538,25.000,9,14351504
2022,10,160137143,4.000,9,14351024
2022,1,160145538,1.000,1,14351505
2022,4,160145538,80.000,1,14351506
2022,1,156746506,7.000,1,13883276
2022,4,160137167,2.000,9,14351025
2022,4,156746506,1.000,11,13883277
2022,16,157061637,2.000,9,13930295
2022,5,157061641,4.500,3,13930296
2022,8,158469221,58.000,9,14128476
2022,1,158469221,2.000,1,14128477
2022,1,157297636,1.000,11,13965189
2022,1,160805607,1.000,9,14445655
2022,1,160818940,1.000,9,14447759
2022,2,157427163,12.000,1,13983234
2022,8,157427163,1.000,11,13983235
2022,5,157427163,1.000,11,13983236
2022,4,160145541,120.000,1,14351507
2022,4,158273558,1.000,11,14095640
2022,4,157647394,1.000,11,14018222
2022,4,158745030,1.000,11,14160729
2022,4,157647408,1.000,11,14018223
2022,1,158745033,1.000,1,14160730
2022,8,158745033,1.000,9,14160731
2022,4,160145542,1.000,11,14351508
2022,2,160145542,2.000,1,14351509
2022,4,158273576,1.000,11,14095641
2022,1,158273576,1.000,11,14095642
2022,17,158469273,1.000,11,14128479
2022,1,160145543,10.000,1,14351510
2022,1,160145547,1.000,1,14351511
2022,4,160145547,1.000,11,14351512
2022,8,160145567,5.000,9,14351514
2022,4,160145593,1.000,11,14351515
2022,4,160145602,1.000,11,14351516
2022,1,160145602,1.000,11,14351517
2022,8,160145602,10.000,9,14351518
2022,4,160145630,1.000,11,14351519
2022,8,160145630,1.000,11,14351520
2022,16,160145649,28.500,9,14351521
2022,1,160145649,55.000,1,14351522
2022,4,160145665,1.000,11,14351524
2022,8,160145689,3.730,3,14351525
2022,8,160775645,1.000,9,14439519
2022,1,160775645,9.000,1,14439520
2022,1,160775646,1.000,11,14439521
2022,1,160145746,1.000,1,14351529
2022,2,160145760,34.000,1,14351530
2022,2,160775647,5.000,1,14439522
2022,1,160775647,9.000,1,14439523
2022,4,160775647,30.000,9,14439524
2022,1,160768040,1.000,1,14438783
2022,8,160145811,4.000,9,14351534
2022,5,160768047,1.000,11,14438785
2022,1,150507287,32.000,9,12953309
2022,4,160768052,1.000,11,14438786
2022,8,160768058,4.000,9,14438787
2022,11,160768075,1.000,11,14438788
2022,12,160995706,18.500,9,14471093
2022,15,160995706,25.000,9,14471094
2022,12,160995715,1.000,11,14471095
2022,8,160995723,1.000,11,14471096
2022,4,160995732,1.000,11,14471097
2022,5,157301347,3.000,1,13965589
2022,2,158972549,110.000,9,14192046
2022,4,158972549,80.000,9,14192047
2022,2,148133876,1.000,1,12626714
2022,1,158972706,2.000,9,14192052
2022,4,148133876,1.000,1,12626715
2022,4,148993636,10.000,9,12740422
2022,4,150391946,5.000,9,12933182
2022,8,150421789,82.000,9,12941139
2022,12,150421790,1.000,1,12941140
2022,4,151355645,1.000,9,13085292
2022,13,152303622,4.000,9,13229750
2022,4,152448242,10.000,9,13251615
2022,8,153268247,3.000,9,13384057
2022,1,153268250,1.000,11,13384058
2022,4,158972943,50.000,9,14192061
2022,2,158972943,22.000,9,14192062
2022,13,154949239,4.000,9,13633819
2022,4,154729750,4.000,9,13601048
2022,4,154729759,20.000,9,13601050
2022,4,154729762,1.000,9,13601051
2022,12,156878771,3.000,3,13900239
2022,2,158973232,1.000,11,14192071
2022,5,150331822,1.000,11,12928635
2022,5,158973283,1.000,11,14192076
2022,12,157314634,4.000,3,13966713
2022,8,157317108,1.000,9,13967238
2022,4,157326353,30.000,9,13968530
2022,16,157326799,2.000,9,13968613
2022,4,157328587,2.000,9,13968917
2022,2,158137129,1.000,1,14079955
2022,12,158137135,1.000,11,14079956
2022,4,160137489,2.000,9,14351027
2022,8,160786741,1.000,9,14441398
2022,12,161264986,1.000,1,14516155
2022,1,158974015,16.000,9,14192105
2022,4,161759568,3.000,9,14580406
2022,11,161759569,8.000,9,14580407
2022,15,149418625,3.000,9,12805120
2022,12,149358438,2.000,3,12796511
2022,6,152550968,6.000,4,13267920
2022,5,158974568,1.000,1,14192120
2022,1,158974726,22.000,2,14192125
2022,5,158974726,1.000,2,14192126
2022,4,158974734,200.000,2,14192127
2022,5,158975280,1.000,11,14192154
2022,8,149358438,2.000,3,12796512
2022,16,149358438,1.000,3,12796513
2022,8,149358444,3.000,9,12796514
2022,16,149358451,3.000,9,12796516
2022,12,149358455,1.000,3,12796517
2022,8,149358455,12.000,9,12796518
2022,2,151356025,1.000,1,13085296
2022,4,152549146,251.000,9,13267632
2022,12,152549147,10.000,9,13267633
2022,8,152549147,15.500,9,13267634
2022,8,152549156,13.500,9,13267637
2022,4,152549156,10.000,9,13267638
2022,1,152549156,1.000,1,13267639
2022,4,155115060,1.000,11,13655369
2022,1,155115060,1.000,11,13655370
2022,4,156448527,117.000,9,13841718
2022,12,156448527,1.000,1,13841719
2022,12,156448528,1.000,1,13841720
2022,2,156448535,1.000,1,13841722
2022,4,160138317,8.000,1,14351041
2022,1,160138317,4.000,1,14351042
2022,5,154638471,1.000,11,13590797
2022,8,154638471,1.000,11,13590798
2022,1,154638471,1.000,11,13590799
2022,1,150020527,1.000,11,12889083
2022,4,160137601,1.000,9,14351033
2022,1,149099975,1.000,11,12756905
2022,5,149358528,285.000,1,12796526
2022,5,150020533,1.000,11,12889084
2022,1,150461592,1.000,11,12947422
2022,4,150431341,1.000,11,12942363
2022,2,150431352,1.000,11,12942364
2022,5,150554967,10.000,9,12958024
2022,5,150554967,1.000,11,12958025
2022,2,150461599,1.000,11,12947425
2022,2,150461600,1.000,11,12947426
2022,3,150554969,1.000,11,12958026
2022,1,150431375,1.000,11,12942369
2022,12,150610997,1.000,11,12965765
2022,17,150610997,1.000,11,12965766
2022,4,150475115,1.000,11,12949407
2022,1,150475115,1.000,11,12949408
2022,12,150475119,1.000,11,12949409
2022,5,150475119,1.000,11,12949410
2022,2,151356040,1.000,11,13085299
2022,2,151356083,1.000,11,13085301
2022,1,151446963,1.000,11,13095653
2022,2,151446972,1.000,11,13095654
2022,5,151446974,1.000,11,13095655
2022,5,151446993,1.000,11,13095656
2022,1,152112838,1.000,3,13204821
2022,4,152341496,1.000,11,13234682
2022,1,152341496,1.000,11,13234683
2022,2,152112871,1.000,11,13204825
2022,16,152112871,7.000,9,13204826
2022,2,152112890,1.000,3,13204827
2022,4,152112894,1.000,11,13204828
2022,12,152112894,1.000,11,13204829
2022,12,152341498,1.000,11,13234685
2022,16,152341498,2.000,9,13234686
2022,16,152551021,1.000,11,13267921
2022,1,152551022,1.000,11,13267922
2022,2,152551024,1.000,11,13267923
2022,2,152551043,1.000,11,13267924
2022,5,158956958,1.000,11,14190707
2022,1,157317116,8.000,1,13967239
2022,4,157317116,1.000,11,13967240
2022,8,157317116,71.000,9,13967241
2022,1,153748594,13.000,1,13451190
2022,2,160137640,1.000,9,14351035
2022,4,160137640,1.000,9,14351036
2022,2,152584726,1.000,11,13272536
2022,12,152584726,1.000,11,13272537
2022,5,152584726,1.000,11,13272538
2022,2,152981342,1.000,11,13329131
2022,2,152981345,1.000,11,13329133
2022,1,152981355,1.000,11,13329134
2022,4,153264463,1.000,11,13383622
2022,2,153264464,1.000,11,13383623
2022,12,153264464,1.000,9,13383624
2022,1,152981397,1.000,11,13329135
2022,1,153748599,1.000,11,13451191
2022,10,164076475,19.000,9,14886989
2022,4,153748601,1.000,11,13451192
2022,5,153748644,908.185,1,13451193
2022,17,153748644,1.000,11,13451194
2022,12,154120545,1.000,11,13512626
2022,2,154120545,1.000,11,13512627
2022,2,154120550,1.000,9,13512629
2022,12,155108893,1.000,11,13654586
2022,1,154120614,11.000,1,13512631
2022,4,154120614,1.000,11,13512632
2022,5,154894294,1.000,1,13625333
2022,4,163405386,2.000,9,14784091
2022,4,155108914,1.000,11,13654587
2022,1,155108914,1.000,11,13654588
2022,1,155292251,1.000,11,13680286
2022,8,155108947,26.000,9,13654589
2022,16,155108947,50.000,9,13654590
2022,1,155108952,1.000,11,13654591
2022,2,155108953,1.000,11,13654592
2022,5,155108953,1.000,11,13654593
2022,5,155693653,1.000,11,13735925
2022,1,156421131,1.000,11,13837782
2022,8,156421131,3.000,9,13837783
2022,13,156421131,6.000,9,13837784
2022,1,156171428,1.000,11,13805420
2022,4,160137881,17.000,9,14351037
2022,1,160137881,12.000,9,14351038
2022,16,160137881,1.000,9,14351039
2022,1,156421144,1.000,11,13837785
2022,12,162129326,1.000,11,14625640
2022,1,162129343,1.000,11,14625641
2022,4,156421145,1.000,11,13837786
2022,4,156421163,1.000,11,13837787
2022,1,156421163,1.000,11,13837788
2022,12,156917735,1.000,11,13907469
2022,2,156917735,1.000,11,13907470
2022,8,157660850,3.000,9,14019905
2022,1,157660850,1.000,11,14019906
2022,1,157660883,1.000,11,14019910
2022,2,163991722,1.000,11,14872104
2022,4,163991724,1.000,11,14872105
2022,2,163991726,1.000,11,14872106
2022,2,164073610,1.000,11,14886637
2022,4,164073611,1.000,11,14886638
2022,2,158527463,1.000,11,14133698
2022,16,160933812,1.000,9,14462952
2022,1,160933812,1.000,11,14462953
2022,5,160933812,1.000,11,14462954
2022,4,157660920,1.000,11,14019911
2022,4,164073612,1.000,11,14886639
2022,2,160138342,1.000,1,14351044
2022,1,158845740,1.000,11,14176790
2022,4,158527465,1.000,11,14133699
2022,4,164073614,1.000,11,14886640
2022,5,164073614,1.000,11,14886641
2022,1,158527465,1.000,11,14133700
2022,5,158527483,1.000,11,14133701
2022,1,158527489,1.000,11,14133702
2022,16,158527489,1.000,11,14133703
2022,17,158553238,15.000,9,14137603
2022,5,160138346,1.000,7,14351045
2022,17,158976470,3.500,1,14192209
2022,2,160138428,1.000,11,14351046
2022,2,164099739,1.000,11,14890010
2022,12,160138436,1.000,11,14351047
2022,7,164099740,1.000,11,14890011
2022,5,160138457,1.000,11,14351048
2022,2,164073616,1.000,11,14886642
2022,5,160933814,1.000,11,14462955
2022,8,160933814,180.000,9,14462956
2022,5,160475970,1.000,1,14399380
2022,1,160445362,1.000,11,14394822
2022,1,160475975,1.000,11,14399381
2022,2,160933838,1.000,11,14462957
2022,2,160933839,1.000,11,14462958
2022,2,160933849,1.000,11,14462959
2022,4,155272301,1.000,1,13678022
2022,8,164099742,1.000,11,14890012
2022,8,164073619,1.000,11,14886643
2022,8,164234543,1.000,11,14906580
2022,2,164099743,1.000,11,14890013
2022,2,163991732,1.000,11,14872108
2022,5,164073621,1.000,11,14886644
2022,8,164073621,1.000,11,14886645
2022,4,164099745,1.000,11,14890014
2022,4,164099746,1.000,11,14890015
2022,2,164099754,1.000,11,14890016
2022,4,164099754,1.000,11,14890017
2022,2,164099755,1.000,11,14890018
2022,16,162988770,1.000,11,14730665
2022,4,164099756,1.000,11,14890019
2022,2,164099756,1.000,11,14890020
2022,4,164099757,1.000,11,14890021
2022,4,164099758,1.000,11,14890022
2022,4,154652808,5.000,9,13592825
2022,15,155401932,1.000,1,13692661
2022,4,161322621,20.000,9,14524073
2022,2,164099758,1.000,11,14890023
2022,5,164073623,1.000,11,14886646
2022,8,164073623,1.000,11,14886647
2022,4,164099760,1.000,11,14890024
2022,2,164099760,1.000,11,14890025
2022,2,164099761,1.000,11,14890026
2022,4,164099761,1.000,11,14890027
2022,2,164099762,1.000,11,14890028
2022,8,164099763,1.000,11,14890029
2022,2,164099763,1.000,11,14890030
2022,2,164099765,18.000,9,14890031
2022,4,164099765,17.000,9,14890032
2022,8,164099765,1.000,9,14890033
2022,2,164099766,28.000,9,14890034
2022,4,164099766,27.000,9,14890035
2022,2,164099767,1.000,11,14890036
2022,4,164099767,1.000,11,14890037
2022,4,164099769,4.000,9,14890038
2022,2,164099769,3.000,9,14890039
2022,2,164099771,9.000,9,14890040
2022,4,165985448,1.000,9,15148795
2022,8,165985448,6.000,9,15148796
2022,12,152461825,6.500,1,13253118
2022,2,164099774,16.000,9,14890041
2022,12,155382470,1.500,1,13690109
2022,16,155382470,1.000,9,13690110
2022,2,155382473,1.000,9,13690111
2022,2,164121268,1.000,11,14893161
2022,8,150319407,4.500,1,12926512
2022,4,164121291,33.000,9,14893163
2022,2,164121291,21.000,9,14893164
2022,4,164180559,1.000,11,14898253
2022,2,164180559,1.000,11,14898254
2022,2,164180574,1.000,11,14898255
2022,2,164180581,1.000,11,14898256
2022,5,164121304,20.000,3,14893166
2022,8,164121304,9.000,9,14893167
2022,2,164457682,72.000,9,14934076
2022,4,164555407,1.000,11,14946099
2022,4,164555414,1.000,11,14946100
2022,2,165239324,1.000,11,15038569
2022,4,150319407,100.000,9,12926513
2022,4,151356748,60.000,9,13085350
2022,2,164568136,1.000,11,14947767
2022,4,164568136,1.000,11,14947768
2022,4,151356764,491.000,9,13085352
2022,4,164900704,17.000,9,14989701
2022,8,151356764,9.000,9,13085353
2022,12,151356779,75.000,1,13085356
2022,2,164900725,96.000,9,14989702
2022,4,164900725,26.000,9,14989703
2022,1,151356779,3.000,1,13085357
2022,1,151356804,1.000,1,13085361
2022,2,165446375,17.000,9,15068125
2022,4,151356819,181.000,9,13085364
2022,2,165239326,12.000,9,15038570
2022,1,165239326,12.000,9,15038571
2022,4,165239326,88.000,9,15038572
2022,12,152494401,3.000,1,13257110
2022,13,152494432,24.000,9,13257112
2022,2,165239332,13.000,9,15038573
2022,4,165239332,6.000,9,15038574
2022,8,152494432,1.000,9,13257113
2022,8,153268257,14.000,9,13384059
2022,4,153268279,40.000,9,13384060
2022,4,153268294,11.000,9,13384063
2022,4,156193449,10.000,9,13809369
2022,4,165239335,22.000,9,15038575
2022,2,165239335,22.000,9,15038576
2022,6,165239335,36.000,9,15038577
2022,4,165385788,18.000,9,15057270
2022,2,165385788,7.000,9,15057271
2022,4,165459125,95.000,9,15069602
2022,2,165459125,1.000,9,15069603
2022,2,166063457,1.000,11,15159595
2022,4,166063457,1.000,11,15159596
2022,4,156982898,29.000,9,13914474
2022,1,156982921,1.000,1,13914476
2022,2,151358711,3.000,1,13085523
2022,5,156982921,28.000,1,13914477
2022,8,160139456,1.000,9,14351084
2022,16,151358803,6.000,9,13085524
2022,2,160139477,6.000,1,14351085
2022,5,160139477,226.000,1,14351086
2022,3,160139477,14.000,1,14351087
2022,2,155360531,1.000,3,13686826
2022,4,155186278,2.000,9,13667024
2022,4,151358924,5.000,9,13085525
2022,7,155472123,4.000,9,13706687
2022,4,151358944,4.000,9,13085526
2022,8,155982090,50.000,9,13777894
2022,4,151358945,5.000,9,13085527
2022,4,152549157,1.000,1,13267640
2022,1,156209317,1.000,1,13811952
2022,4,152494460,1.000,1,13257114
2022,4,157075130,62.000,1,13931929
2022,12,158278787,1.000,1,14096253
2022,12,158999584,1.000,1,14194652
2022,4,160142389,3.000,9,14351375
2022,4,160142619,41.000,1,14351378
2022,4,150020563,4.000,9,12889086
2022,5,154397400,1.000,11,13547803
2022,2,148618201,1.000,1,12694076
2022,12,146359550,0.500,3,12386045
2022,13,146359550,1.000,9,12386046
2022,8,146757095,1.000,9,12436359
2022,2,147199866,1.000,3,12496314
2022,7,149549411,2.000,9,12823725
2022,4,150611009,124.000,9,12965768
2022,12,157342400,1.000,1,13970446
2022,2,147498419,1.000,3,12538134
2022,8,147498419,2.000,9,12538135
2022,13,147592171,14.000,9,12553607
2022,1,147592173,1.000,3,12553608
2022,4,147592173,5.000,9,12553609
2022,4,148989125,7.000,9,12739657
2022,12,148989125,1.000,3,12739658
2022,8,148989125,25.000,9,12739659
2022,12,147999574,1.000,3,12606579
2022,8,148072593,3.000,9,12616723
2022,4,148498341,1.000,3,12678252
2022,13,148771977,40.000,9,12708155
2022,4,149026345,8.000,9,12746403
2022,2,149026345,1.000,3,12746404
2022,8,149039151,16.000,9,12748830
2022,2,149418459,1.000,3,12805114
2022,16,157342400,5.000,9,13970447
2022,2,158527505,1.000,11,14133704
2022,4,151360782,30.000,9,13085593
2022,1,150576753,1.000,11,12961038
2022,2,150456682,1.000,3,12946224
2022,4,150576910,1.000,9,12961053
2022,16,150576912,7.000,9,12961055
2022,16,150576913,10.000,9,12961056
2022,12,150479187,1.000,3,12950457
2022,12,151360786,3.000,3,13085594
2022,8,151360786,2.000,9,13085595
2022,12,151360787,3.000,3,13085596
2022,8,151360787,2.000,9,13085597
2022,2,151360835,1.000,3,13085598
2022,8,152539954,20.000,7,13266048
2022,12,152539954,8.000,3,13266049
2022,1,152539954,7.000,3,13266050
2022,1,150576914,1.000,9,12961057
2022,16,158456669,2.000,9,14126702
2022,2,151535693,1.000,3,13109854
2022,12,152539957,1.000,1,13266051
2022,4,152549093,1.000,9,13267628
2022,2,152647762,1.000,1,13281255
2022,10,155395905,1.000,9,13691622
2022,4,155866027,50.000,9,13767628
2022,13,155866027,27.000,9,13767629
2022,2,155866027,1.000,3,13767630
2022,1,156001893,1.000,9,13781474
2022,5,157410246,5.000,1,13980849
2022,8,161759582,1.000,1,14580410
2022,8,161759582,7.000,9,14580411
2022,11,161759582,2.000,9,14580412
2022,12,151360878,1.000,1,13085600
2022,12,158476781,1.000,1,14129186
2022,8,156334638,3.000,9,13827289
2022,5,156334645,5.000,1,13827290
2022,8,160144653,2.000,3,14351477
2022,12,160144653,1.000,3,14351478
2022,8,160144653,1.000,11,14351479
2022,1,160144654,9.000,3,14351480
2022,10,151361091,3.000,1,13085602
2022,2,156411424,1.000,3,13835948
2022,4,151361092,4.000,3,13085603
2022,2,156445999,2.000,3,13841321
2022,13,156445999,1.000,9,13841322
2022,4,147412029,1.000,11,12526019
2022,2,157396942,1.000,3,13978914
2022,8,157396942,7.000,9,13978915
2022,4,147498439,1.000,11,12538136
2022,1,148097642,1.000,11,12621263
2022,4,148689378,1.000,11,12701894
2022,4,149100012,1.000,11,12756911
2022,8,149100030,1.000,11,12756914
2022,2,158289076,1.000,1,14097866
2022,13,158313571,19.000,9,14101488
2022,5,149122258,1.000,11,12760432
2022,9,150486208,1.000,11,12951765
2022,2,158456598,1.000,3,14126698
2022,12,158711591,1.000,1,14157960
2022,12,158711593,1.000,3,14157961
2022,4,150483521,1.000,11,12951299
2022,4,150483522,1.000,11,12951300
2022,4,151361158,1.000,11,13085605
2022,2,160144541,1.000,1,14351464
2022,2,160144546,1.000,1,14351465
2022,13,160144549,5.000,9,14351466
2022,1,160144549,27.000,9,14351467
2022,12,160144559,1.000,3,14351468
2022,13,160144559,32.000,9,14351469
2022,4,160144559,1.000,3,14351470
2022,4,160144560,2.000,9,14351471
2022,2,160144561,1.000,1,14351472
2022,12,151361158,1.000,11,13085606
2022,4,152312790,1.000,11,13231004
2022,12,160144564,1.000,1,14351473
2022,12,160144570,1.000,1,14351474
2022,1,152312790,1.000,11,13231005
2022,4,152312791,1.000,11,13231006
2022,16,152312791,1.000,11,13231007
2022,4,152363246,1.000,11,13237790
2022,1,153441632,1.000,11,13407640
2022,4,153449931,1.000,11,13408985
2022,9,155226971,1.000,11,13672522
2022,2,160144637,1.000,3,14351475
2022,13,160144637,1.000,9,14351476
2022,16,155226973,1.000,11,13672523
2022,5,155172994,1.000,11,13665139
2022,5,156001930,17.000,3,13781485
2022,8,155226974,1.000,11,13672524
2022,8,155226979,1.000,11,13672525
2022,8,160933774,2.000,9,14462949
2022,4,155380307,1.000,11,13689916
2022,8,155447968,1.000,11,13703638
2022,12,155766733,1.000,11,13752445
2022,4,156001936,1.000,11,13781486
2022,2,160918339,1.000,3,14461255
2022,4,157061683,1.000,11,13930297
2022,2,157061683,1.000,11,13930298
2022,12,156241472,1.000,11,13814481
2022,4,156421188,1.000,11,13837789
2022,12,156736988,1.000,11,13881748
2022,4,157631852,1.000,11,14015950
2022,4,158273605,1.000,11,14095643
2022,4,158448599,1.000,11,14125377
2022,1,158470697,1.000,11,14128649
2022,1,160145091,1.000,11,14351486
2022,4,160145094,1.000,11,14351487
2022,4,160145103,1.000,11,14351488
2022,2,160145158,1.000,11,14351490
2022,4,160863238,1.000,11,14451784
2022,4,146466466,0.750,1,12398261
2022,12,160147743,5.000,9,14351665
2022,1,160933780,5.000,9,14462950
2022,4,160933780,6.000,9,14462951
2022,1,146806449,1.000,11,12442829
2022,4,146806450,1.000,11,12442830
2022,4,148133881,1.000,11,12626716
2022,7,148571447,1.000,11,12689189
2022,4,148901969,1.000,11,12725095
2022,2,150020565,1.000,11,12889087
2022,2,149940696,1.000,11,12878918
2022,12,151517236,1.000,9,13107168
2022,5,151517312,10.000,3,13107174
2022,5,151732771,1.000,3,13140282
2022,2,151732771,1.000,2,13140283
2022,4,151732772,2.000,9,13140284
2022,2,151352477,1.000,11,13085152
2022,8,151352479,1.000,11,13085153
2022,1,151569324,1.000,11,13114843
2022,4,151554561,1.000,11,13112776
2022,2,152581829,1.000,11,13272101
2022,14,154386870,1.000,11,13546452
2022,16,152494377,1.000,9,13257107
2022,4,154892891,1.000,11,13625109
2022,14,154892892,1.000,11,13625110
2022,2,154949241,1.000,11,13633820
2022,4,155658853,1.000,11,13730646
2022,2,156241477,1.000,11,13814482
2022,2,156326953,1.000,11,13826322
2022,2,156396344,1.000,11,13834237
2022,13,156446052,1.000,11,13841325
2022,2,156467813,1.000,11,13845450
2022,2,153706699,1.000,1,13445037
2022,16,154120480,5.000,9,13512618
2022,2,157195290,1.000,11,13952100
2022,5,157195290,1.000,11,13952101
2022,2,157470978,1.000,11,13990226
2022,4,157470978,1.000,11,13990227
2022,4,157844394,1.000,11,14042534
2022,2,158372598,1.000,11,14108695
2022,4,158372598,1.000,11,14108696
2022,12,158448603,1.000,11,14125378
2022,4,158554813,1.000,11,14137783
2022,2,158554813,1.000,11,14137784
2022,4,158745262,1.000,11,14160740
2022,1,160131025,1.000,11,14350692
2022,12,160753685,1.000,11,14436895
2022,8,160935932,1.000,11,14463068
2022,8,160935933,1.000,11,14463069
2022,2,160935934,1.000,11,14463070
2022,5,160739495,1.000,9,14434635
2022,2,160739504,346.000,9,14434636
2022,2,158653187,1.000,3,14152326
2022,15,147308063,24.000,9,12514621
2022,4,147308063,1.700,1,12514622
2022,17,147308063,31.000,9,12514623
2022,2,148571451,14.000,1,12689190
2022,16,148571451,187.000,9,12689191
2022,2,150465189,99.000,1,12947910
2022,15,150465189,1.000,9,12947911
2022,16,151352680,7.000,9,13085159
2022,15,152985935,2.000,9,13329909
2022,4,156402781,1.000,11,13834924
2022,1,160866067,1.000,1,14452051
2022,1,158664321,1.000,11,14152855
2022,5,160995644,8.000,9,14471092
2022,2,146415175,0.100,1,12392777
2022,4,147013711,5.000,1,12469943
2022,4,147013712,1.000,1,12469944
2022,4,148133882,26.000,1,12626717
2022,12,150458908,1.000,1,12946533
2022,4,150458912,9.000,9,12946534
2022,16,150458912,188.000,9,12946535
2022,12,150458913,3.500,1,12946536
2022,4,148133886,18.000,1,12626718
2022,12,151353032,1.000,1,13085175
2022,8,151353035,1.000,9,13085176
2022,12,152292743,1.000,1,13228559
2022,16,152434684,2.000,9,13249778
2022,16,153449889,9.000,9,13408984
2022,4,150020567,43.000,3,12889088
2022,4,154638353,2.500,1,13590787
2022,12,154638355,1.000,1,13590788
2022,12,155943366,16.000,1,13772988
2022,16,155943370,1.000,9,13772990
2022,5,155943372,1.000,9,13772991
2022,4,155943372,5.000,9,13772992
2022,2,155948279,1.000,1,13773435
2022,16,156004370,20.000,9,13781857
2022,4,156060701,95.000,9,13790020
2022,4,156326935,2.000,9,13826319
2022,2,156326935,1.000,9,13826320
2022,12,156326935,1.000,9,13826321
2022,8,150681599,2.000,9,12979093
2022,2,151732493,3.000,1,13140269
2022,4,156400496,3.000,1,13834704
2022,12,156327595,1.000,1,13826372
2022,16,156327595,3.000,9,13826373
2022,12,156736910,5.000,9,13881746
2022,1,157166957,23.000,9,13946189
2022,4,157166957,7.000,9,13946190
2022,16,157631806,1.000,9,14015947
2022,12,157631807,1.000,1,14015948
2022,12,158858287,12.000,1,14177625
2022,15,158858287,19.000,9,14177626
2022,8,158858287,5.000,9,14177627
2022,17,160133125,1.000,9,14350829
2022,12,160133125,6.000,9,14350830
2022,12,160133126,1.000,3,14350831
2022,12,160133133,1.000,1,14350832
2022,1,160133133,1.000,1,14350833
2022,1,157427177,1.000,3,13983237
2022,4,160133144,220.000,9,14350834
2022,12,160133144,13.000,9,14350835
2022,8,160133144,28.000,9,14350836
2022,17,160133152,1.000,9,14350837
2022,1,157396984,1.000,3,13978917
2022,12,160133157,1.000,1,14350838
2022,4,158289219,1.000,1,14097877
2022,16,160775605,2.000,9,14439513
2022,4,160775605,18.000,9,14439514
2022,8,160775606,10.000,9,14439515
2022,15,149648287,2.000,9,12837072
2022,4,160775608,20.000,9,14439516
2022,8,160935883,2.000,9,14463062
2022,2,160935884,1.000,3,14463063
2022,1,160935884,1.000,3,14463064
2022,4,160935886,6.000,9,14463065
2022,16,160935887,25.000,9,14463066
2022,17,160935887,14.000,9,14463067
2022,4,161780164,15.000,9,14581002
2022,8,149648287,10.000,9,12837073
2022,4,146881126,1.000,11,12456744
2022,4,146881139,10.000,9,12456746
2022,16,147191909,1.000,11,12495127
2022,1,147199911,1.000,11,12496315
2022,1,147294873,1.000,11,12512919
2022,4,147498441,1.000,11,12538137
2022,1,148031700,1.000,11,12610350
2022,1,148133890,1.000,11,12626719
2022,5,148437795,1.000,11,12669912
2022,13,148618213,1.000,11,12694077
2022,4,160133313,25.000,9,14350841
2022,8,150331873,1.000,11,12928636
2022,1,150686724,0.100,1,12979865
2022,4,158722701,2.000,9,14159310
2022,4,152347239,0.500,1,13235572
2022,10,158778299,1.000,11,14164784
2022,8,158778299,18.000,9,14164785
2022,1,153747442,5.000,9,13451081
2022,1,158543865,1.000,9,14136147
2022,4,158543866,3.000,9,14136148
2022,8,158543866,12.000,9,14136149
2022,16,158543866,4.000,9,14136150
2022,14,155269545,12.000,9,13677626
2022,4,150456844,1.000,11,12946234
2022,8,157327138,2.000,9,13968654
2022,16,150504150,1.000,11,12952984
2022,1,150475142,1.000,11,12949411
2022,4,150475142,1.000,11,12949412
2022,1,151359302,1.000,11,13085542
2022,2,151515526,1.000,11,13107095
2022,4,151547145,1.000,11,13111801
2022,4,151614105,1.000,11,13121015
2022,2,151606500,1.000,11,13119812
2022,2,151779341,1.000,11,13144815
2022,1,152551098,1.000,11,13267932
2022,8,152732985,1.000,11,13296458
2022,12,150507470,1.000,11,12953340
2022,1,153211551,1.000,11,13377600
2022,4,153211551,1.000,11,13377601
2022,1,153441642,1.000,11,13407641
2022,16,153541983,1.000,11,13423876
2022,5,153668189,1.000,11,13439233
2022,12,150681843,1.000,9,12979161
2022,15,153772432,1.000,11,13455680
2022,1,153896277,1.000,11,13473206
2022,9,150479224,1.000,11,12950459
2022,12,150479224,1.000,11,12950460
2022,4,153896277,1.000,11,13473207
2022,2,154337187,1.000,11,13541778
2022,17,150681882,1.000,11,12979171
2022,5,150681896,5.800,3,12979175
2022,4,154337202,1.000,11,13541779
2022,4,150681955,1.000,9,12979185
2022,1,153702658,1.000,11,13444090
2022,1,154725530,1.000,11,13600419
2022,2,150681972,2.000,1,12979191
2022,16,154892902,1.000,11,13625111
2022,12,150682018,1.000,11,12979202
2022,4,154926650,1.000,11,13630091
2022,8,150682049,35.000,9,12979214
2022,5,150682049,1.000,1,12979215
2022,2,150682066,0.900,1,12979219
2022,4,154926651,1.000,11,13630092
2022,13,154949246,1.000,11,13633821
2022,1,155360551,1.000,11,13686828
2022,8,151361255,2.000,1,13085625
2022,1,155362078,1.000,11,13687020
2022,5,155362078,1.000,11,13687021
2022,2,155380311,1.000,11,13689917
2022,4,151361275,1.000,1,13085630
2022,4,155984821,1.000,11,13778943
2022,2,152132363,1.000,9,13207686
2022,12,155991668,1.000,11,13780117
2022,2,155991672,1.000,11,13780118
2022,2,156001941,1.000,11,13781487
2022,1,156193475,1.000,11,13809370
2022,1,156396355,1.000,11,13834238
2022,1,152295359,1.000,11,13228883
2022,1,156467824,1.000,11,13845451
2022,8,157075169,11.000,9,13931933
2022,8,157314655,1.000,1,13966716
2022,16,157314655,1.000,9,13966717
2022,2,157317206,1.000,1,13967247
2022,12,157317206,1.000,9,13967248
2022,4,156467824,1.000,11,13845452
2022,4,156467825,1.000,11,13845453
2022,1,156917984,1.000,11,13907495
2022,4,156919628,1.000,11,13907743
2022,2,156982948,1.000,11,13914479
2022,1,156982949,1.000,11,13914480
2022,2,157063590,1.000,11,13930521
2022,2,157063591,1.000,11,13930522
2022,2,157229149,1.000,11,13957679
2022,1,157359194,1.000,11,13973094
2022,1,157649699,1.000,11,14018487
2022,4,157844412,1.000,11,14042535
2022,12,157907834,1.000,11,14051397
2022,4,157907862,1.000,11,14051399
2022,4,158249231,1.000,11,14091887
2022,12,158249231,1.000,11,14091888
2022,1,158259039,1.000,11,14093638
2022,1,158313668,1.000,11,14101496
2022,4,158456676,1.000,11,14126703
2022,1,158519854,1.000,11,14133003
2022,1,158553253,1.000,11,14137604
2022,4,158553253,1.000,11,14137605
2022,2,158745278,1.000,11,14160742
2022,4,158745278,1.000,11,14160743
2022,1,158957063,1.000,11,14190711
2022,1,158957068,1.000,11,14190712
2022,4,160143259,1.000,11,14351394
2022,1,160143263,1.000,11,14351395
2022,1,160143289,1.000,11,14351396
2022,4,160143289,1.000,11,14351397
2022,4,160143316,1.000,11,14351398
2022,1,160143356,1.000,11,14351399
2022,1,160143362,1.000,11,14351400
2022,1,160143363,1.000,11,14351401
2022,4,160143364,1.000,11,14351402
2022,1,160143365,1.000,11,14351403
2022,1,160143368,1.000,11,14351404
2022,1,160143414,1.000,11,14351405
2022,2,160143420,1.000,11,14351406
2022,4,160143521,1.000,11,14351407
2022,1,160905212,1.000,11,14459908
2022,1,160912702,1.000,11,14460662
2022,12,160991812,1.000,11,14470539
2022,1,161724772,1.000,11,14576175
2022,2,161547229,1.000,11,14550500
2022,12,161715352,1.000,11,14574606
2022,1,161715354,1.000,11,14574607
2022,16,150353391,1.000,9,12932050
2022,2,147892159,3.000,1,12592892
2022,4,147892159,6.500,1,12592893
2022,16,147892159,1.000,9,12592894
2022,4,158417991,7.000,9,14119886
2022,4,162007167,17.000,9,14613682
2022,11,148072648,1.000,11,12616731
2022,1,149418665,1.000,11,12805122
2022,4,150515304,1.000,11,12954387
2022,5,156982961,1.000,11,13914481
2022,12,160147113,1.000,11,14351626
2022,1,147206451,1.000,11,12497699
2022,8,147206452,1.000,11,12497700
2022,4,147206452,1.000,11,12497701
2022,4,151361772,1.000,11,13085693
2022,4,149242730,1.000,11,12775777
2022,1,149039153,1.000,11,12748831
2022,4,149039153,1.000,11,12748832
2022,4,147408623,1.000,11,12525676
2022,16,147296990,1.000,11,12513246
2022,8,150332297,2.000,9,12928642
2022,16,148072649,1.000,11,12616732
2022,16,148153580,1.000,11,12629086
2022,2,148556957,1.000,11,12687170
2022,4,148556957,1.000,11,12687171
2022,4,147903479,1.000,11,12594804
2022,4,150446821,1.000,11,12944620
2022,8,149648308,1.000,11,12837080
2022,1,150332299,1.000,11,12928643
2022,1,155956060,1.000,11,13774574
2022,16,155956060,1.000,11,13774575
2022,4,150332300,1.000,11,12928644
2022,16,150332300,1.000,11,12928645
2022,16,149495062,1.000,11,12816262
2022,1,150686710,1.000,11,12979864
2022,16,151361804,9.000,9,13085694
2022,8,151361804,1.000,11,13085695
2022,2,151361815,1.000,11,13085696
2022,16,164527602,1.000,11,14943119
2022,1,164527602,1.000,11,14943120
2022,8,160147251,1.000,11,14351630
2022,2,151361872,1.000,11,13085698
2022,8,151361872,1.000,11,13085699
2022,1,151361883,1.000,11,13085700
2022,4,151361883,1.000,11,13085701
2022,15,151361896,1.000,11,13085702
2022,8,151361905,1.000,11,13085704
2022,4,151361905,1.000,11,13085705
2022,4,151547298,1.000,11,13111811
2022,4,151361919,1.000,11,13085706
2022,17,151361919,1.000,11,13085707
2022,16,151361928,1.000,11,13085708
2022,4,158733616,1.000,11,14159710
2022,16,158733616,1.000,11,14159711
2022,12,151458761,1.000,11,13096925
2022,16,151458761,1.000,11,13096926
2022,2,151361936,1.000,11,13085712
2022,4,151361936,1.000,11,13085713
2022,2,151361946,1.000,11,13085714
2022,4,151361946,1.000,11,13085715
2022,17,151675694,1.000,11,13132814
2022,4,151675694,1.000,11,13132815
2022,4,151785331,1.000,11,13145817
2022,2,151785331,1.000,11,13145818
2022,2,153950255,1.000,11,13481041
2022,1,153950255,1.000,11,13481042
2022,8,158745300,1.000,11,14160748
2022,4,158745300,1.000,11,14160749
2022,8,165395193,1.000,11,15058794
2022,16,165395193,1.000,11,15058795
2022,16,153530009,1.000,11,13422534
2022,1,153530009,1.000,11,13422535
2022,4,151737073,1.000,11,13140591
2022,4,160147275,1.000,11,14351632
2022,1,160147275,1.000,11,14351633
2022,4,152430619,1.000,11,13249300
2022,4,155112165,2.000,9,13655024
2022,2,155236516,1.000,11,13673369
2022,4,155236516,1.000,11,13673370
2022,4,152497351,1.000,11,13257500
2022,1,152497351,1.000,11,13257501
2022,16,152624615,1.000,11,13277942
2022,12,152624615,1.000,11,13277943
2022,1,156049157,1.000,11,13788504
2022,16,156049157,1.000,11,13788505
2022,4,153648550,1.000,11,13438061
2022,16,153648550,1.000,11,13438062
2022,4,153735254,15.000,9,13449167
2022,4,153735256,1.000,11,13449168
2022,17,153735256,1.000,11,13449169
2022,8,155385741,1.000,7,13690437
2022,5,155385741,8.230,3,13690438
2022,12,155178425,1.000,11,13665708
2022,4,155292359,1.000,11,13680287
2022,1,155292359,1.000,11,13680288
2022,16,155200584,1.000,11,13668585
2022,16,155997040,1.000,11,13780912
2022,12,162522609,1.000,11,14670863
2022,4,162522609,1.000,11,14670864
2022,1,160147296,1.000,11,14351634
2022,4,155997048,1.000,11,13780914
2022,16,156923036,1.000,11,13908191
2022,4,156923036,1.000,11,13908192
2022,2,156171793,1.000,11,13805473
2022,4,156246216,1.000,11,13814919
2022,1,156450666,1.000,11,13842101
2022,4,156450666,1.000,11,13842102
2022,12,160147309,1.000,11,14351635
2022,16,160147309,1.000,11,14351636
2022,8,158315293,1.000,11,14101645
2022,4,156866085,1.000,11,13898688
2022,2,156866085,1.000,11,13898689
2022,4,160147333,9.000,9,14351637
2022,1,157301361,1.000,11,13965590
2022,8,158260498,1.000,11,14093887
2022,16,158260498,1.000,11,14093888
2022,2,158140914,1.000,11,14080518
2022,4,158140914,1.000,11,14080519
2022,1,157651763,13.000,9,14018886
2022,4,157651763,25.000,9,14018887
2022,2,157954429,2.000,9,14054868
2022,4,158298996,1.000,11,14099221
2022,12,158298996,1.000,11,14099222
2022,4,158308896,1.000,11,14100953
2022,4,163003605,1.000,11,14732204
2022,8,163003605,1.000,11,14732205
2022,1,163003606,1.000,11,14732206
2022,4,163003606,1.000,11,14732207
2022,16,160147368,1.000,9,14351642
2022,1,158783575,1.000,11,14165299
2022,2,162522612,1.000,11,14670865
2022,1,160147377,1.000,1,14351644
2022,4,160147377,2.000,1,14351645
2022,1,160147403,1.000,11,14351646
2022,4,160147403,1.000,11,14351647
2022,12,160147409,1.000,11,14351648
2022,4,160147418,1.000,11,14351649
2022,4,160147423,1.000,11,14351650
2022,16,160147423,1.000,11,14351651
2022,12,160147443,1.000,1,14351652
2022,16,160147445,274.000,9,14351653
2022,4,160147450,1.000,11,14351654
2022,8,160147462,1.000,9,14351655
2022,1,160147476,1.000,11,14351656
2022,4,160147476,1.000,11,14351657
2022,4,160147493,1.000,11,14351658
2022,4,160867019,1.000,11,14452187
2022,1,160147544,7.000,9,14351660
2022,16,160147544,20.000,9,14351661
2022,16,162033675,1.000,11,14616071
2022,8,160147551,1.000,11,14351663
2022,16,160743301,1.000,11,14435195
2022,2,160743309,1.000,11,14435196
2022,4,160743309,1.000,11,14435197
2022,8,160759169,1.000,11,14437369
2022,6,160759169,1.000,11,14437370
2022,16,160933019,1.000,9,14462910
2022,1,161136575,1.000,11,14490311
2022,5,161136575,1.000,11,14490312
2022,1,156396359,4.500,1,13834239
2022,4,156396359,53.000,9,13834240
2022,4,156327615,5.000,9,13826374
2022,1,161228194,1.000,9,14511340
2022,2,161228194,2.000,9,14511341
2022,12,150473396,5.000,1,12949139
2022,4,154558837,5.000,1,13574993
2022,4,152303623,1.000,9,13229751
2022,2,152303757,14.000,9,13229755
2022,12,152303757,9.000,9,13229756
2022,8,152303785,10.500,9,13229759
2022,12,152303805,1.000,1,13229760
2022,12,152303819,9.500,1,13229761
2022,12,152303834,1.000,1,13229762
2022,4,152303842,5.000,9,13229763
2022,4,152303882,1.000,9,13229764
2022,1,152461842,2.000,9,13253119
2022,16,152461842,12.000,9,13253120
2022,12,152584806,1.000,9,13272541
2022,4,153591448,130.000,9,13429478
2022,17,153591448,2.000,9,13429479
2022,4,153706732,1.000,9,13445039
2022,4,153993393,1.000,9,13486953
2022,4,154152147,12.000,9,13517031
2022,8,154892906,9.000,9,13625112
2022,4,156338057,1.000,9,13827862
2022,5,156396361,3.000,10,13834241
2022,5,157647422,1.000,1,14018224
2022,4,158273633,1.000,9,14095644
2022,4,161322641,1.000,9,14524074
2022,4,152733000,3.000,9,13296466
2022,4,152842563,5.000,9,13307972
2022,16,152981422,9.000,9,13329136
2022,4,152981430,2.000,9,13329137
2022,5,152996546,1.000,9,13331680
2022,10,152996557,3.000,9,13331681
2022,4,153023204,28.000,9,13337273
2022,17,153077684,2.000,9,13347866
2022,4,153099183,1.000,9,13352469
2022,1,153099183,1.000,9,13352470
2022,4,154638505,1.000,9,13590800
2022,4,154638512,1.000,9,13590801
2022,4,154801806,1.000,9,13613954
2022,1,156004418,3.000,9,13781862
2022,12,156001959,1.000,9,13781488
2022,16,156001959,1.000,9,13781489
2022,4,156004431,25.000,9,13781864
2022,4,157362573,2.000,1,13973568
2022,1,157362573,3.000,1,13973569
2022,12,161329359,1.000,1,14525067
2022,16,161329365,10.000,9,14525068
2022,1,152303979,1.000,9,13229766
2022,13,152303998,27.000,9,13229767
2022,2,152303998,10.000,9,13229768
2022,8,152303998,4.000,9,13229769
2022,4,152304000,2.000,9,13229770
2022,4,152494469,2.000,9,13257115
2022,2,152549180,1.000,9,13267641
2022,4,154801809,64.000,9,13613955
2022,2,154801809,1.000,9,13613956
2022,1,154801812,2.000,9,13613957
2022,1,154892907,2.000,1,13625113
2022,1,155382490,1.000,1,13690112
2022,12,155382491,1.000,1,13690113
2022,16,155382496,1.000,9,13690114
2022,8,155382497,4.000,9,13690115
2022,2,155382498,2.000,1,13690116
2022,8,155764559,37.000,9,13752183
2022,5,156382127,1.000,3,13832076
2022,1,156396367,42.000,9,13834242
2022,1,156396371,2.000,9,13834245
2022,10,157167084,1.000,9,13946222
2022,5,158278803,8.000,3,14096255
2022,1,160144413,8.000,1,14351442
2022,4,160769110,1.000,1,14438856
2022,1,160769110,1.000,1,14438857
2022,1,160144420,1.000,1,14351443
2022,1,160144421,7.000,1,14351444
2022,2,160144423,1.000,1,14351445
2022,4,160144425,18.000,1,14351446
2022,1,160144426,1.000,1,14351447
2022,2,160144426,6.000,1,14351448
2022,4,160144428,53.000,1,14351449
2022,1,160144439,3.000,1,14351450
2022,4,160144439,1.000,1,14351451
2022,6,160144440,14.000,1,14351452
2022,16,165195025,6.000,9,15032031
2022,10,160144446,1.000,7,14351454
2022,1,160144450,1.000,1,14351455
2022,4,160144451,140.000,1,14351456
2022,4,160144458,4.000,1,14351458
2022,4,160144463,1.000,1,14351459
2022,1,160718218,1.000,1,14431523
2022,16,160755837,3.000,9,14437046
2022,10,160774896,1.000,7,14439446
2022,1,160774897,46.000,3,14439447
2022,1,162033617,1.000,2,14616066
2022,1,162129454,14.000,2,14625645
2022,4,162129454,12.000,1,14625646
2022,12,162129454,89.000,9,14625647
2022,12,162134454,1.000,1,14626267
2022,4,152304044,7.000,9,13229773
2022,2,152304056,5.000,1,13229774
2022,10,152304074,2.000,9,13229775
2022,10,152304084,2.000,9,13229776
2022,4,154868786,3.000,9,13623316
2022,12,155770696,1.000,11,13753004
2022,1,160132651,1.000,11,14350804
2022,2,154902586,1.000,9,13626538
2022,8,150020570,43.000,9,12889089
2022,4,151473326,11.000,9,13099315
2022,8,151779106,10.000,9,13144792
2022,17,152672553,1.000,9,13285796
2022,4,152132322,4.000,9,13207680
2022,4,152132323,3.000,9,13207681
2022,11,152584685,1.000,11,13272535
2022,1,153591461,6.000,9,13429482
2022,12,154949249,1.000,9,13633822
2022,4,154892909,23.000,9,13625114
2022,12,155115073,1.000,9,13655372
2022,16,155380327,1.000,9,13689918
2022,17,155380327,2.000,9,13689919
2022,12,155272323,21.000,1,13678024
2022,4,155764562,40.000,9,13752184
2022,1,156167457,3.000,9,13804827
2022,4,156167457,19.000,9,13804828
2022,2,156052835,1.000,11,13789027
2022,15,156052835,1.000,9,13789028
2022,4,157061695,1.000,9,13930299
2022,1,157072909,1.000,11,13931676
2022,12,158372619,8.000,1,14108697
2022,2,158289225,1.000,9,14097878
2022,1,158289226,1.000,9,14097879
2022,1,160136884,1.000,9,14351016
2022,4,160136902,50.000,9,14351017
2022,4,160136903,19.000,9,14351018
2022,8,160974083,1.000,11,14468995
2022,4,147870610,605.000,9,12591053
2022,2,147870610,3.000,9,12591054
2022,4,149648323,20.000,9,12837084
2022,4,155119501,1.000,9,13655916
2022,1,155119501,1.000,9,13655917
2022,4,156362158,3.000,9,13830508
2022,16,157647433,1.000,9,14018225
2022,1,150332309,1.000,11,12928646
2022,4,150332309,1.000,11,12928647
2022,8,152824516,1.000,11,13302880
2022,1,147354246,1.000,11,12517286
2022,4,148774574,4.000,9,12708869
2022,2,153099188,1.000,1,13352471
2022,1,160753689,4.000,9,14436896
2022,4,160786754,5.000,1,14441399
2022,11,150319462,0.500,3,12926518
2022,5,150319462,15.000,9,12926519
2022,17,150319462,25.000,9,12926520
2022,4,151354491,10.000,9,13085242
2022,2,152448251,1.000,9,13251616
2022,17,150681604,1.000,11,12979094
2022,4,151355624,7.000,9,13085291
2022,2,152842582,1.000,1,13307977
2022,8,155766737,6.000,9,13752446
2022,1,156918067,1.000,1,13907509
2022,4,150456851,1.000,1,12946235
2022,2,153441659,1.000,1,13407642
2022,1,162033623,3.000,1,14616067
2022,16,156444213,2.000,9,13841021
2022,17,158372633,1.000,11,14108698
2022,16,154401505,2.000,9,13548424
2022,15,147074872,9.000,9,12478826
2022,2,147508072,1.000,1,12539732
2022,2,150475153,0.950,1,12949413
2022,2,150475154,0.500,1,12949414
2022,4,150475154,0.400,1,12949415
2022,16,150475154,4.000,9,12949416
2022,1,151361541,0.250,1,13085676
2022,2,151394363,1.000,1,13092352
2022,16,156396373,10.000,9,13834246
2022,2,161930119,1.000,1,14607568
2022,12,151446856,9.000,9,13095648
2022,4,151446856,1.000,1,13095649
2022,8,163646824,1.000,9,14822951
2022,4,155108995,3.000,1,13654594
2022,13,157427191,10.000,1,13983239
2022,5,157427191,20.000,1,13983240
2022,15,157205394,3.000,1,13953233
2022,4,157205419,100.000,9,13953234
2022,4,157205427,17.000,9,13953235
2022,1,157205442,1.000,1,13953236
2022,16,157205447,6.000,9,13953237
2022,1,157205451,2.000,1,13953238
2022,4,157205464,1.000,1,13953239
2022,4,157205491,0.500,3,13953240
2022,1,157205491,0.100,3,13953241
2022,16,157205517,11.000,1,13953242
2022,12,157205517,4.400,3,13953243
2022,12,157205521,0.015,1,13953244
2022,16,157205546,0.240,1,13953245
2022,16,157205546,60.000,5,13953246
2022,4,157205557,5.000,1,13953247
2022,1,157205557,0.500,1,13953248
2022,8,157205616,1.000,1,13953250
2022,15,157205616,1.000,1,13953251
2022,4,157205623,2.000,1,13953252
2022,2,157205623,1.000,1,13953253
2022,4,157205627,12.000,1,13953254
2022,4,157205640,2.000,9,13953255
2022,2,157205640,0.100,1,13953256
2022,1,157205640,0.100,1,13953257
2022,15,157205670,1.000,9,13953258
2022,2,157205677,6.000,9,13953259
2022,8,157205678,0.008,1,13953260
2022,2,157205678,4.000,9,13953261
2022,2,157205699,1.000,1,13953262
2022,12,157205699,1.000,1,13953263
2022,12,157438421,2.000,9,13984657
2022,12,157438421,1.000,1,13984658
2022,15,158957076,2.000,1,14190713
2022,4,158999601,6.000,1,14194656
2022,1,158999601,5.000,1,14194657
2022,2,146511538,1.000,11,12402875
2022,4,146511538,1.000,11,12402876
2022,8,146511538,1.000,11,12402877
2022,4,146566664,1.000,11,12406781
2022,4,146806464,1.000,11,12442831
2022,2,146806473,1.000,11,12442832
2022,4,146806473,1.000,11,12442833
2022,8,146806473,1.000,11,12442834
2022,4,146806477,1.000,11,12442835
2022,2,146806477,1.000,11,12442836
2022,4,147013747,1.000,11,12469946
2022,2,147074880,1.000,11,12478827
2022,4,147074880,1.000,11,12478828
2022,2,147074881,1.000,11,12478829
2022,12,147157588,1.000,11,12489931
2022,8,147157588,1.000,11,12489932
2022,5,147191952,1.000,11,12495136
2022,2,147184459,1.000,11,12493882
2022,4,147184459,1.000,11,12493883
2022,2,147184461,1.000,11,12493884
2022,4,147184461,1.000,11,12493885
2022,2,147184468,1.000,11,12493886
2022,1,147191959,1.000,11,12495137
2022,1,147191966,1.000,11,12495139
2022,5,147191966,1.000,11,12495140
2022,8,147191982,1.000,11,12495142
2022,5,147191982,1.000,11,12495143
2022,8,147191983,1.000,11,12495144
2022,5,147191983,1.000,11,12495145
2022,4,147240704,1.000,11,12503277
2022,4,147354253,1.000,11,12517287
2022,1,147354253,1.000,11,12517288
2022,5,147357529,1.000,11,12517667
2022,5,150332312,1.000,11,12928649
2022,1,147508082,1.000,11,12539733
2022,8,148149044,1.000,11,12628658
2022,4,148163220,1.000,11,12630801
2022,2,148163220,1.000,11,12630802
2022,4,148223988,1.000,11,12640711
2022,2,148223999,1.000,11,12640712
2022,4,148224000,1.000,11,12640713
2022,4,148498493,1.000,11,12678318
2022,4,148571476,1.000,11,12689192
2022,5,148571476,1.000,11,12689193
2022,2,148584371,1.000,11,12691235
2022,4,148620268,1.000,11,12694214
2022,4,148620279,1.000,11,12694215
2022,4,148683293,1.000,11,12701129
2022,2,148683293,1.000,11,12701130
2022,2,148758063,1.000,11,12704566
2022,4,148758063,1.000,11,12704567
2022,2,148863922,1.000,11,12719391
2022,7,148863922,1.000,11,12719392
2022,2,148863925,1.000,11,12719393
2022,5,148863925,1.000,11,12719394
2022,4,148863925,1.000,11,12719395
2022,5,148901995,1.000,11,12725096
2022,2,148863936,1.000,11,12719396
2022,4,148901998,1.000,11,12725097
2022,1,148901998,1.000,11,12725098
2022,4,148902002,1.000,11,12725099
2022,2,148902002,1.000,11,12725100
2022,15,148902039,1.000,11,12725101
2022,5,148903863,1.000,11,12725404
2022,1,148903867,1.000,11,12725405
2022,4,148903867,1.000,11,12725406
2022,2,148938612,1.000,11,12732057
2022,2,148938615,1.000,11,12732058
2022,2,148990479,1.000,11,12739703
2022,2,148990483,1.000,11,12739704
2022,5,150448406,1.000,11,12944903
2022,5,148990495,1.000,11,12739706
2022,4,148990513,1.000,11,12739707
2022,2,149061558,1.000,11,12751553
2022,4,149061558,1.000,11,12751554
2022,4,149061562,1.000,11,12751555
2022,2,149331202,1.000,11,12791915
2022,4,149331202,1.000,11,12791916
2022,2,149331217,1.000,11,12791920
2022,4,149358817,1.000,11,12796581
2022,4,149407223,1.000,11,12803416
2022,5,151353553,1.000,11,13085190
2022,2,149457053,1.000,11,12811404
2022,2,149549484,1.000,11,12823727
2022,2,149549496,1.000,11,12823728
2022,5,150332336,1.000,11,12928650
2022,8,150345792,1.000,11,12931140
2022,2,150436743,1.000,11,12943118
2022,4,150436743,1.000,11,12943119
2022,12,150436743,1.000,11,12943120
2022,2,150448422,1.000,11,12944904
2022,4,150448422,1.000,11,12944905
2022,2,150448423,1.000,11,12944906
2022,4,150448423,1.000,11,12944907
2022,2,150455440,1.000,11,12946069
2022,4,150455440,1.000,11,12946070
2022,4,150475161,1.000,11,12949417
2022,4,150474121,1.000,11,12949236
2022,1,150475173,1.000,11,12949418
2022,4,150507371,1.000,11,12953315
2022,5,166073792,1.000,11,15161148
2022,11,150511713,1.000,11,12954052
2022,4,150591439,1.000,11,12962368
2022,2,150611056,1.000,11,12965769
2022,5,150666414,1.000,11,12976641
2022,4,150681626,1.000,11,12979098
2022,1,150681626,1.000,11,12979099
2022,15,151353571,1.000,11,13085191
2022,5,151353576,1.000,11,13085192
2022,4,151353583,1.000,11,13085193
2022,5,151353583,1.000,11,13085194
2022,8,151353583,1.000,11,13085195
2022,2,151353629,1.000,11,13085196
2022,2,151353679,1.000,11,13085197
2022,1,151353698,1.000,11,13085198
2022,4,151353698,1.000,11,13085199
2022,1,151353702,1.000,11,13085200
2022,4,151353726,1.000,11,13085201
2022,1,151353730,1.000,11,13085202
2022,1,151353737,1.000,11,13085203
2022,5,151353766,1.000,11,13085204
2022,1,151353796,1.000,11,13085205
2022,6,151353818,1.000,11,13085206
2022,5,151353837,1.000,11,13085207
2022,8,151353837,1.000,11,13085208
2022,2,151353854,1.000,11,13085209
2022,4,151353854,1.000,11,13085210
2022,1,151353871,1.000,11,13085211
2022,8,151353902,1.000,11,13085212
2022,5,151397347,1.000,11,13092740
2022,5,151732454,1.000,11,13140266
2022,8,151732454,1.000,11,13140267
2022,2,151473315,1.000,11,13099313
2022,4,151473315,1.000,11,13099314
2022,4,151535627,1.000,11,13109848
2022,2,151535627,1.000,11,13109849
2022,4,151546778,1.000,11,13111771
2022,2,151546778,1.000,11,13111772
2022,4,151569438,1.000,11,13114854
2022,1,151569438,1.000,11,13114855
2022,2,151605840,1.000,11,13119697
2022,1,151706598,1.000,11,13136735
2022,4,151706598,1.000,11,13136736
2022,4,151706607,1.000,11,13136737
2022,5,151779057,1.000,11,13144788
2022,2,151885456,1.000,11,13168679
2022,4,151902169,1.000,11,13171896
2022,2,151952864,1.000,11,13179046
2022,4,151952864,1.000,11,13179047
2022,4,152132340,1.000,11,13207682
2022,5,152141972,1.000,11,13208733
2022,2,152132345,1.000,11,13207683
2022,4,152132345,1.000,11,13207684
2022,2,152295318,1.000,11,13228880
2022,7,152295318,1.000,11,13228881
2022,7,152337579,1.000,11,13233906
2022,4,152337584,1.000,11,13233907
2022,5,152337599,1.000,11,13233908
2022,1,152347210,1.000,11,13235568
2022,1,152347212,1.000,11,13235569
2022,2,152349757,1.000,11,13235845
2022,5,152363260,1.000,11,13237791
2022,5,152363263,1.000,11,13237792
2022,5,152363264,1.000,11,13237793
2022,5,152363266,1.000,11,13237794
2022,2,152363266,1.000,11,13237795
2022,4,152363274,1.000,11,13237796
2022,2,152363274,1.000,11,13237797
2022,5,152363274,1.000,11,13237798
2022,2,152434435,1.000,11,13249762
2022,4,152434435,1.000,11,13249763
2022,4,152448268,1.000,11,13251617
2022,2,152448268,1.000,11,13251618
2022,5,152448268,1.000,11,13251619
2022,1,152477247,1.000,11,13255969
2022,2,152540023,1.000,11,13266053
2022,2,152584656,1.000,11,13272532
2022,5,152584656,1.000,11,13272533
2022,4,152584657,1.000,11,13272534
2022,2,152620209,1.000,11,13277494
2022,4,152620209,1.000,11,13277495
2022,1,152631701,1.000,11,13278537
2022,4,152631706,1.000,11,13278538
2022,2,166696703,1.000,11,15254122
2022,5,153077702,1.000,11,13347869
2022,1,153077729,1.000,11,13347872
2022,2,153099205,1.000,11,13352472
2022,2,153211561,1.000,11,13377602
2022,1,153441703,1.000,11,13407643
2022,5,153445971,1.000,11,13408340
2022,2,153445971,1.000,11,13408341
2022,2,153591487,1.000,11,13429486
2022,8,153623191,1.000,11,13434422
2022,1,153668203,1.000,11,13439234
2022,4,153668203,1.000,11,13439235
2022,1,153748706,1.000,11,13451197
2022,5,153748706,1.000,11,13451198
2022,4,153748707,1.000,11,13451199
2022,8,153957377,1.000,11,13481703
2022,2,154103152,1.000,11,13509140
2022,4,154103152,1.000,11,13509141
2022,1,154120715,1.000,11,13512633
2022,4,154386923,1.000,11,13546453
2022,2,154386923,1.000,11,13546454
2022,8,154386923,1.000,11,13546455
2022,5,154397436,1.000,11,13547804
2022,8,154397436,1.000,11,13547805
2022,2,154605013,1.000,11,13584230
2022,2,154605019,1.000,11,13584231
2022,4,154605026,1.000,11,13584232
2022,1,154605026,1.000,11,13584233
2022,2,154638532,1.000,11,13590802
2022,4,154638532,1.000,11,13590803
2022,1,154706725,1.000,11,13599359
2022,4,154706731,1.000,11,13599360
2022,4,154706732,1.000,11,13599361
2022,2,154892930,1.000,11,13625115
2022,4,154922263,1.000,11,13629191
2022,2,155190994,1.000,11,13667364
2022,4,155025052,1.000,11,13643244
2022,13,155108997,1.000,11,13654596
2022,5,155173015,1.000,11,13665140
2022,2,155186411,1.000,11,13667027
2022,5,155272353,1.000,11,13678025
2022,2,155360580,1.000,11,13686829
2022,5,155360581,1.000,11,13686830
2022,2,155380344,1.000,11,13689920
2022,1,155766755,1.000,11,13752447
2022,2,155866089,1.000,11,13767632
2022,8,155984879,1.000,11,13778945
2022,4,155984881,1.000,11,13778946
2022,2,155982299,1.000,11,13777912
2022,2,156001980,1.000,11,13781490
2022,4,156001980,1.000,11,13781491
2022,4,156004467,1.000,11,13781866
2022,4,156041365,1.000,11,13787156
2022,5,156052894,1.000,11,13789035
2022,1,156163983,1.000,11,13803901
2022,4,156163983,1.000,11,13803902
2022,4,156163985,1.000,11,13803903
2022,5,156163998,1.000,11,13803904
2022,8,156163998,1.000,11,13803905
2022,1,156167464,1.000,11,13804829
2022,1,156334723,1.000,11,13827291
2022,4,156334723,1.000,11,13827292
2022,8,156334723,1.000,11,13827293
2022,2,156326961,1.000,11,13826323
2022,2,156338109,1.000,11,13827863
2022,2,156338120,1.000,11,13827864
2022,2,156396393,1.000,11,13834247
2022,4,156396398,1.000,11,13834248
2022,5,156446077,1.000,11,13841326
2022,1,156446079,1.000,11,13841327
2022,12,156467845,1.000,11,13845454
2022,4,156705198,1.000,11,13877919
2022,4,156705200,1.000,11,13877920
2022,8,156705200,1.000,11,13877921
2022,4,156705210,1.000,11,13877922
2022,1,156705210,1.000,11,13877923
2022,5,156761226,1.000,11,13885823
2022,1,156761227,1.000,11,13885824
2022,4,156761227,1.000,11,13885825
2022,4,156746551,1.000,11,13883281
2022,1,156746551,1.000,11,13883282
2022,5,156918126,1.000,11,13907515
2022,4,156918175,1.000,11,13907518
2022,5,156918175,1.000,11,13907519
2022,8,156918175,1.000,11,13907520
2022,1,156982974,1.000,11,13914482
2022,4,156982974,1.000,11,13914483
2022,1,157026345,1.000,11,13923791
2022,8,157026356,1.000,11,13923792
2022,2,157061709,1.000,11,13930300
2022,1,157195312,1.000,11,13952102
2022,4,157195312,1.000,11,13952103
2022,5,157195312,1.000,11,13952104
2022,1,157212201,1.000,11,13954625
2022,4,157212201,1.000,11,13954626
2022,8,157410294,1.000,11,13980853
2022,5,157297677,1.000,11,13965190
2022,2,157359219,1.000,11,13973095
2022,1,157397007,1.000,11,13978918
2022,8,157397007,1.000,11,13978919
2022,1,157359232,1.000,11,13973096
2022,5,157399671,1.000,11,13979390
2022,1,157429477,1.000,11,13983532
2022,4,157429477,1.000,11,13983533
2022,4,157540975,1.000,11,14001075
2022,2,157540975,1.000,11,14001076
2022,1,157631890,1.000,11,14015951
2022,2,157631890,1.000,11,14015952
2022,5,157649706,1.000,11,14018488
2022,8,160134212,1.000,11,14350889
2022,5,158249263,1.000,11,14091889
2022,5,158456700,1.000,11,14126704
2022,1,158469313,1.000,11,14128480
2022,5,158553276,1.000,11,14137606
2022,8,158618809,1.000,11,14146656
2022,2,158771263,1.000,11,14164268
2022,2,158957090,1.000,11,14190714
2022,8,160134235,1.000,11,14350890
2022,2,160134243,1.000,11,14350891
2022,2,160134283,1.000,11,14350892
2022,5,160134398,1.000,11,14350894
2022,4,160134419,1.000,11,14350895
2022,2,160134435,1.000,11,14350896
2022,4,160134440,1.000,11,14350897
2022,4,160134442,1.000,11,14350898
2022,1,160134442,1.000,11,14350899
2022,5,160134669,1.000,11,14350901
2022,2,160134687,1.000,11,14350902
2022,5,160134691,1.000,11,14350903
2022,4,160134864,1.000,11,14350904
2022,1,160134910,1.000,11,14350905
2022,4,160134912,1.000,11,14350906
2022,2,160134912,1.000,11,14350907
2022,4,160134936,1.000,11,14350908
2022,2,160905229,1.000,11,14459909
2022,4,160991842,1.000,11,14470542
2022,2,160991842,1.000,11,14470543
2022,8,160991849,1.000,11,14470544
2022,1,146881621,1.000,1,12456751
2022,4,146881621,2.000,1,12456752
2022,1,148040769,7.000,1,12611693
2022,15,150475189,4.000,1,12949419
2022,15,150475192,4.000,9,12949420
2022,4,150475195,21.000,1,12949421
2022,4,150475198,14.000,1,12949422
2022,1,151606022,1.000,1,13119789
2022,2,151569481,6.000,1,13114857
2022,1,153268335,9.000,1,13384066
2022,1,151732499,9.000,1,13140270
2022,1,153268339,1.000,1,13384067
2022,1,151732502,1.000,1,13140271
2022,7,152337607,1.000,11,13233909
2022,2,154652972,1.000,1,13592837
2022,2,154390897,2.000,1,13547001
2022,4,155395997,10.000,1,13691625
2022,2,155395997,20.000,1,13691626
2022,4,155395998,3.000,1,13691627
2022,1,155395998,1.000,1,13691628
2022,5,155395999,3.000,1,13691629
2022,4,155395999,2.000,1,13691630
2022,2,157061719,10.000,1,13930301
2022,4,156448574,1.000,1,13841723
2022,4,157541003,2.000,9,14001077
2022,1,157541012,2.000,9,14001078
2022,1,158722689,2.000,1,14159308
2022,4,160137039,2.000,1,14351019
2022,2,160137041,2.000,1,14351020
2022,3,161780219,5.000,1,14581004
2022,11,161780219,3.000,1,14581005
2022,4,152620298,1.000,1,13277502
2022,1,152620298,1.000,1,13277503
2022,4,158309506,1.000,1,14101030
2022,4,165451128,19.000,1,15068563
2022,2,165451128,8.000,1,15068564
2022,1,146359728,8.000,1,12386061
2022,4,146359728,15.000,9,12386062
2022,4,147191988,119.000,9,12495146
2022,2,147191988,10.000,1,12495147
2022,2,148761547,0.010,1,12705247
2022,1,148990516,2.000,1,12739708
2022,4,148990516,0.010,1,12739709
2022,4,150319494,8.000,9,12926521
2022,10,150391954,0.500,7,12933183
2022,4,151359586,8.000,9,13085545
2022,5,151359588,1.600,3,13085546
2022,4,152639963,76.000,9,13279964
2022,1,152639963,0.100,1,13279965
2022,2,152989317,0.500,3,13330985
2022,1,153483006,4.000,1,13415109
2022,1,154725555,0.500,1,13600420
2022,2,156001995,0.500,1,13781492
2022,16,157072918,5.000,9,13931677
2022,8,157317179,10.000,9,13967242
2022,15,160739550,1.500,9,14434638
2022,8,160912709,0.500,9,14460663
2022,1,148688054,1.000,11,12701711
2022,4,148688061,1.000,11,12701712
2022,5,150456908,100.000,1,12946236
2022,12,151360038,1.000,1,13085552
2022,8,151360049,58.000,9,13085553
2022,1,157212204,1.000,1,13954627
2022,8,151579054,10.000,9,13116228
2022,1,151361116,5.000,1,13085604
2022,5,163628539,1.000,1,14818408
2022,4,154120733,6.000,1,13512634
2022,8,154120733,19.000,9,13512635
2022,5,163628541,1.000,1,14818409
2022,5,163628543,3.000,1,14818410
2022,1,158814976,2.000,1,14172285
2022,11,162227097,2.000,9,14637352
2022,8,162227097,22.000,9,14637353
2022,1,156004502,1.000,11,13781868
2022,5,156164056,2.000,1,13803906
2022,5,156164072,8.000,7,13803907
2022,7,156270575,30.000,9,13818712
2022,7,156338242,1.000,9,13827868
2022,4,156338246,2.000,9,13827869
2022,11,156761257,2.000,9,13885826
2022,4,157229188,1.000,9,13957681
2022,4,158722693,3.000,9,14159309
2022,4,160145924,8.000,9,14351535
2022,11,160146017,4.000,9,14351536
2022,4,160739573,5.000,9,14434639
2022,4,162033643,10.000,9,14616069
2022,1,162033643,8.000,9,14616070
2022,8,152596176,4.000,9,13274121
2022,1,155171159,10.000,1,13664859
2022,1,158418033,0.500,1,14119887
2022,2,160148055,1.000,11,14351667
2022,2,147280131,3.000,1,12511126
2022,5,147280131,3.000,1,12511127
2022,1,147280139,1.000,1,12511128
2022,4,147280141,29.000,1,12511129
2022,2,147280141,40.000,1,12511130
2022,1,147280153,81.000,1,12511131
2022,4,147280153,21.000,1,12511132
2022,1,147294892,1.000,1,12512920
2022,2,147294893,6.000,1,12512921
2022,4,147294893,100.000,1,12512922
2022,2,147294894,150.000,1,12512923
2022,4,147294894,39.000,1,12512924
2022,4,147294895,23.000,1,12512925
2022,1,147294896,7.000,1,12512926
2022,4,147354298,1.000,1,12517289
2022,1,147354298,6.000,1,12517290
2022,5,147354298,1.000,1,12517291
2022,4,147354304,25.000,1,12517293
2022,1,147354304,12.000,1,12517294
2022,4,147354317,8.000,1,12517295
2022,4,147498522,18.000,1,12538139
2022,4,147498527,10.000,1,12538140
2022,2,147498527,7.000,1,12538141
2022,4,147498531,67.000,1,12538142
2022,2,147498531,10.000,1,12538143
2022,4,147498534,30.000,1,12538144
2022,4,147498535,1.000,1,12538145
2022,1,147498535,3.000,1,12538146
2022,5,147498552,57.000,1,12538147
2022,4,147509188,97.000,1,12539973
2022,1,147509188,34.000,1,12539974
2022,12,147509188,22.000,1,12539975
2022,2,147509226,41.000,1,12539976
2022,4,147509226,10.000,1,12539977
2022,1,147593578,118.000,1,12553718
2022,4,147593578,26.000,1,12553719
2022,4,147593579,87.000,1,12553720
2022,1,147593581,10.000,1,12553721
2022,4,147593581,51.000,1,12553722
2022,4,147892182,53.000,1,12592897
2022,1,147892182,14.000,1,12592898
2022,1,147892202,11.000,1,12592899
2022,4,147892202,6.000,1,12592900
2022,2,147892207,14.000,1,12592901
2022,1,148008095,1.000,1,12607991
2022,1,148008098,1.000,1,12607992
2022,4,148008102,38.000,1,12607993
2022,1,148008104,3.000,1,12607994
2022,1,148008163,2.000,1,12608001
2022,12,148008163,1.000,1,12608002
2022,5,148008188,7.000,1,12608003
2022,2,148008188,100.000,1,12608004
2022,1,148008191,2.000,1,12608005
2022,4,148008193,57.000,1,12608006
2022,5,148031746,16.000,1,12610351
2022,2,148031749,1.000,1,12610352
2022,1,148031750,11.000,1,12610353
2022,4,148031750,148.000,1,12610354
2022,2,148031752,29.000,1,12610355
2022,4,148031755,100.000,1,12610356
2022,2,148031755,72.000,1,12610357
2022,1,148031759,1.000,1,12610358
2022,4,148031759,109.000,1,12610359
2022,1,148072700,21.000,1,12616733
2022,4,148072700,11.000,1,12616734
2022,4,148072701,18.000,1,12616735
2022,2,148072701,8.000,1,12616736
2022,1,148072702,43.000,1,12616737
2022,4,148072703,7.000,1,12616738
2022,1,148072703,3.000,1,12616739
2022,4,148072704,85.000,1,12616740
2022,2,148072707,2.000,1,12616741
2022,4,148072707,1.000,1,12616742
2022,4,148072726,8.000,1,12616743
2022,1,148072726,15.000,1,12616744
2022,4,148133979,80.000,1,12626725
2022,2,148133979,160.000,1,12626726
2022,1,148133981,18.000,1,12626728
2022,4,148133981,48.000,1,12626729
2022,4,148133988,189.000,1,12626734
2022,2,148133988,6.000,1,12626735
2022,1,148134002,42.000,1,12626738
2022,4,148134002,5.000,1,12626739
2022,4,148134003,18.000,1,12626740
2022,1,148134003,34.000,1,12626741
2022,1,148134036,1.000,1,12626745
2022,4,148134036,13.000,1,12626746
2022,4,148134038,17.000,1,12626747
2022,5,148134038,1.000,1,12626748
2022,2,148224041,77.000,1,12640714
2022,4,148224041,50.000,1,12640715
2022,4,148224042,43.000,1,12640716
2022,2,148224042,17.000,1,12640717
2022,4,148224045,28.000,1,12640718
2022,1,148224045,6.000,1,12640719
2022,1,148224048,12.000,1,12640720
2022,4,148224048,149.000,1,12640721
2022,1,148224063,11.000,1,12640722
2022,4,148224066,36.000,1,12640723
2022,2,148224066,2.000,1,12640724
2022,4,148224084,1.000,1,12640725
2022,1,148224084,2.000,1,12640726
2022,12,148224085,3.000,1,12640727
2022,1,148224085,1.000,1,12640728
2022,4,148224085,70.000,1,12640729
2022,4,148224088,46.000,1,12640730
2022,1,148224088,30.000,1,12640731
2022,4,148224091,9.000,1,12640732
2022,2,148437865,1.000,1,12669916
2022,4,148437865,53.000,1,12669917
2022,4,148437866,5.000,1,12669918
2022,2,148437866,5.000,1,12669919
2022,2,148437870,6.000,1,12669920
2022,12,148437870,27.000,1,12669921
2022,4,148437876,3.000,1,12669922
2022,4,148437878,86.000,1,12669923
2022,4,148437907,28.000,1,12669924
2022,1,148437907,27.000,1,12669925
2022,4,148498554,37.000,1,12678331
2022,5,148498558,157.000,1,12678333
2022,12,148498558,10.000,1,12678334
2022,4,148498563,1997.000,1,12678337
2022,4,148498565,2.000,1,12678340
2022,1,148498567,40.000,1,12678342
2022,4,148498567,16.000,1,12678343
2022,4,148498569,30.000,1,12678346
2022,2,148498569,15.000,1,12678347
2022,4,148538814,133.000,1,12685394
2022,2,148538815,5.000,1,12685395
2022,4,148538816,10.000,1,12685396
2022,5,148538817,11.170,1,12685397
2022,4,148620317,20.000,1,12694216
2022,2,148620317,7.000,1,12694217
2022,2,148620319,1.000,1,12694218
2022,4,148620319,1.000,1,12694219
2022,2,148688108,5.000,1,12701713
2022,4,148688108,2.000,1,12701714
2022,2,148688109,29.000,1,12701715
2022,4,148688109,50.000,1,12701716
2022,4,148688110,26.000,1,12701717
2022,1,148688115,1.000,1,12701718
2022,4,148688124,80.000,1,12701719
2022,1,148758086,2.000,1,12704568
2022,1,148761550,14.000,1,12705248
2022,12,148761552,20.000,1,12705249
2022,4,148761553,1.000,1,12705250
2022,2,148761553,14.000,1,12705251
2022,12,148761591,3.000,1,12705252
2022,1,148902062,69.000,1,12725102
2022,4,148902062,58.000,1,12725103
2022,4,148902064,18.000,1,12725104
2022,1,148902064,8.000,1,12725105
2022,4,148902065,125.000,1,12725106
2022,2,148902065,5.000,1,12725107
2022,12,148902066,97.000,1,12725108
2022,1,148902067,6.000,1,12725109
2022,4,148902067,2.000,1,12725110
2022,2,148902077,7.000,1,12725111
2022,4,148902077,7.000,1,12725112
2022,12,148902080,10.000,1,12725113
2022,4,149087944,2.000,1,12754866
2022,1,149087944,2.000,1,12754867
2022,4,149359129,40.000,1,12796615
2022,4,149359140,34.000,1,12796617
2022,1,149359140,11.000,1,12796618
2022,4,149359190,36.000,1,12796622
2022,2,149359190,49.000,1,12796623
2022,4,149359194,1.000,1,12796625
2022,4,149418739,8.000,1,12805125
2022,2,149418739,5.000,1,12805126
2022,4,149418740,10.000,1,12805127
2022,12,149418740,1.000,1,12805128
2022,2,149418741,5.000,1,12805129
2022,2,149418757,1.000,1,12805130
2022,1,149418758,15.000,1,12805131
2022,4,149418758,8.000,1,12805132
2022,1,149418772,55.000,1,12805133
2022,4,149549544,38.000,1,12823729
2022,5,149549553,3.000,1,12823730
2022,12,149549553,5.000,1,12823731
2022,12,149549555,51.000,1,12823732
2022,4,149549584,45.000,1,12823733
2022,12,149549584,1.000,1,12823734
2022,5,149549586,1.000,1,12823735
2022,4,150315291,294.000,1,12925736
2022,4,150332351,1.000,1,12928651
2022,2,150332352,19.000,1,12928652
2022,4,150332352,2.000,1,12928653
2022,4,150332365,2.000,1,12928654
2022,2,150332365,8.000,1,12928655
2022,4,150348273,4.000,1,12931371
2022,2,150348276,61.000,1,12931372
2022,4,150348276,23.000,1,12931373
2022,2,150348308,5.000,1,12931374
2022,12,150348308,5.000,1,12931375
2022,5,150348308,1.000,1,12931376
2022,12,150431460,10.000,1,12942370
2022,2,150431460,13.000,1,12942371
2022,4,150431460,2.000,1,12942372
2022,12,150431461,299.000,1,12942373
2022,4,150431472,20.000,1,12942374
2022,2,150431472,41.000,1,12942375
2022,1,150431473,33.000,1,12942376
2022,4,150431480,85.000,1,12942377
2022,2,150431480,85.000,1,12942378
2022,4,150441452,51.000,1,12943972
2022,2,150441452,57.000,1,12943973
2022,4,150441453,10.000,1,12943974
2022,1,150441461,14.000,9,12943975
2022,4,150441461,15.000,1,12943976
2022,4,150441462,29.000,1,12943977
2022,4,150448470,33.000,1,12944909
2022,1,150448471,1.000,1,12944910
2022,4,150448471,2.000,1,12944911
2022,4,150448472,39.000,1,12944912
2022,1,150448472,7.000,1,12944913
2022,12,150448473,1.000,1,12944914
2022,4,150448473,5.000,1,12944915
2022,4,150475205,1.000,1,12949423
2022,4,150475215,47.000,1,12949424
2022,4,150475218,74.000,1,12949426
2022,12,150475218,1.000,1,12949427
2022,1,153077782,5.000,1,13347877
2022,4,150475245,126.000,1,12949433
2022,2,150475245,183.000,1,12949434
2022,4,150483582,39.000,1,12951302
2022,2,150483582,7.000,1,12951303
2022,2,150483583,1.000,1,12951304
2022,4,150507388,41.000,1,12953317
2022,2,150507388,2.000,1,12953318
2022,4,150507389,99.000,1,12953319
2022,2,150507389,18.000,1,12953320
2022,4,150507390,1.000,1,12953321
2022,2,150507449,8.000,1,12953332
2022,4,150507449,10.000,1,12953333
2022,1,150507450,34.000,1,12953334
2022,4,150507450,82.000,1,12953335
2022,4,150507464,15.000,1,12953336
2022,4,150507466,4.000,1,12953337
2022,1,150515337,26.000,1,12954388
2022,1,150515338,38.000,1,12954389
2022,1,150611095,6.000,1,12965770
2022,4,150611095,2.000,1,12965771
2022,4,150611111,9.000,1,12965772
2022,14,150666458,34.000,1,12976645
2022,4,150666464,28.000,1,12976646
2022,1,150666464,37.000,1,12976647
2022,5,150666477,2.000,1,12976648
2022,4,150666480,112.000,1,12976649
2022,14,150666480,16.000,1,12976650
2022,4,150666484,19.000,1,12976651
2022,1,150666488,77.000,1,12976652
2022,4,150666488,2.000,1,12976653
2022,4,150681647,3.000,1,12979108
2022,2,150681647,4.000,1,12979109
2022,4,150681655,30.000,1,12979110
2022,4,151357922,1.000,1,13085440
2022,2,151357922,10.000,1,13085441
2022,4,151357923,6.000,1,13085442
2022,1,151357923,8.000,1,13085443
2022,12,151357923,15.000,1,13085444
2022,1,151357933,1.000,1,13085445
2022,5,151357933,1.000,1,13085446
2022,1,151357935,9.000,1,13085447
2022,4,151357935,19.000,1,13085448
2022,4,151357956,37.000,1,13085449
2022,1,151357956,2.000,1,13085450
2022,1,151357959,2.000,1,13085451
2022,2,151357983,5.000,1,13085452
2022,4,151357984,9.000,1,13085453
2022,1,151357984,10.000,1,13085454
2022,1,151357985,33.000,1,13085455
2022,1,151357991,94.000,1,13085456
2022,4,151357991,49.000,1,13085457
2022,5,151358008,1.000,1,13085458
2022,4,151358016,23.000,1,13085459
2022,1,151358017,12.000,1,13085460
2022,4,151358017,3.000,1,13085461
2022,2,151358056,15.000,1,13085462
2022,1,151358057,134.000,1,13085463
2022,4,151358102,5.000,1,13085464
2022,4,151358167,19.000,1,13085465
2022,1,151358167,1.000,1,13085466
2022,4,151358169,57.000,1,13085467
2022,5,151358171,4.000,1,13085468
2022,12,151358171,1.000,1,13085469
2022,4,151358178,11.000,1,13085470
2022,1,151358178,3.000,1,13085471
2022,4,151358183,40.000,1,13085472
2022,1,151358217,51.000,1,13085473
2022,4,151358218,91.000,1,13085474
2022,1,151358218,2.000,1,13085475
2022,4,151358219,11.000,1,13085476
2022,1,151358219,7.000,1,13085477
2022,4,151358227,17.000,1,13085478
2022,1,151358227,3.000,1,13085479
2022,4,151358228,25.000,1,13085480
2022,1,151358228,8.000,1,13085481
2022,2,151358260,63.000,1,13085484
2022,4,151358261,26.000,1,13085485
2022,2,151358262,41.000,1,13085486
2022,4,151358262,15.000,1,13085487
2022,1,151358268,57.000,1,13085488
2022,4,151358268,34.000,1,13085489
2022,4,151358306,178.000,1,13085490
2022,1,151358325,2.000,1,13085491
2022,4,151358325,4.000,1,13085492
2022,4,151358327,4.000,1,13085493
2022,1,151358327,1.000,1,13085494
2022,4,151358328,1.000,1,13085495
2022,1,151358329,96.000,1,13085496
2022,4,151358329,24.000,1,13085497
2022,12,151358329,10.000,1,13085498
2022,4,151358330,43.000,1,13085499
2022,4,151358475,29.000,1,13085500
2022,2,151358475,10.000,1,13085501
2022,4,151358486,350.000,1,13085502
2022,2,151358486,67.000,1,13085503
2022,4,151358487,7.000,1,13085504
2022,1,151358487,4.000,1,13085505
2022,4,151358488,4.000,1,13085506
2022,5,151358488,1.000,1,13085507
2022,2,151358489,70.000,1,13085508
2022,2,151358490,1.000,1,13085509
2022,4,151358491,32.000,1,13085510
2022,4,151358492,30.000,1,13085511
2022,1,151358492,22.000,1,13085512
2022,4,151358493,2.000,1,13085513
2022,1,151358493,10.000,1,13085514
2022,12,151358494,27.000,1,13085515
2022,1,151358494,24.000,1,13085516
2022,4,151358494,5.000,1,13085517
2022,4,151358514,22.000,1,13085518
2022,1,151358514,10.000,1,13085519
2022,4,151358574,13.000,1,13085520
2022,5,151358574,7.000,1,13085521
2022,2,151358579,11.000,1,13085522
2022,5,151397614,2.000,1,13092745
2022,4,151397614,5.000,1,13092746
2022,2,151397614,2.000,1,13092747
2022,2,151397617,202.000,1,13092748
2022,12,151397621,67.000,1,13092749
2022,5,151397621,6.000,1,13092750
2022,1,151397625,2.000,1,13092751
2022,4,151447227,49.000,1,13095663
2022,4,151447229,12.000,1,13095664
2022,1,151447229,3.000,1,13095665
2022,1,151447230,92.000,1,13095666
2022,1,151447235,1.000,1,13095667
2022,4,151779254,49.000,1,13144806
2022,1,151779254,36.000,1,13144807
2022,12,151779254,4.000,1,13144808
2022,4,151779291,50.000,1,13144810
2022,4,151953072,1.000,1,13179057
2022,4,151953073,10.000,1,13179058
2022,1,151953074,15.000,1,13179059
2022,4,151953074,27.000,1,13179060
2022,4,152349785,8.000,1,13235846
2022,1,152349785,1.000,1,13235847
2022,2,152349811,1.000,1,13235848
2022,4,152349811,10.000,1,13235849
2022,4,152363292,13.000,1,13237799
2022,1,152363292,49.000,1,13237800
2022,1,152363293,65.000,1,13237801
2022,4,152363293,67.000,1,13237802
2022,1,152403781,51.000,1,13246116
2022,2,152403782,69.000,1,13246117
2022,5,152403782,7.000,1,13246118
2022,4,152403782,10.000,1,13246119
2022,2,152403783,1.000,1,13246120
2022,1,152403791,69.000,1,13246122
2022,12,152426628,1095.000,1,13248960
2022,5,152426634,1.000,1,13248961
2022,12,152426634,8.000,1,13248962
2022,12,152461905,96.000,1,13253122
2022,7,152461905,7.000,1,13253123
2022,2,152477261,64.000,1,13255970
2022,4,152477261,38.000,1,13255971
2022,7,152477262,157.000,1,13255972
2022,1,152477263,9.000,1,13255973
2022,7,152477263,4.000,1,13255974
2022,4,152477264,5.000,1,13255975
2022,2,152477264,17.000,1,13255976
2022,1,152477265,14.000,1,13255977
2022,4,152477265,11.000,1,13255978
2022,1,152477266,1.000,1,13255979
2022,4,152477267,9.000,1,13255980
2022,1,152477267,23.000,1,13255981
2022,1,152477268,18.000,1,13255982
2022,12,152477268,1.000,1,13255983
2022,1,152477269,1.000,1,13255984
2022,1,152477270,6.000,1,13255985
2022,4,152477270,7.000,1,13255986
2022,14,152477271,47.000,1,13255987
2022,2,152477272,13.000,1,13255988
2022,2,152477273,17.000,1,13255989
2022,4,152477273,10.000,1,13255990
2022,2,152540029,53.000,1,13266054
2022,7,152540029,29.000,1,13266055
2022,4,152540030,8.000,1,13266056
2022,1,152540031,10.000,1,13266057
2022,2,152540032,7.000,1,13266058
2022,12,152540032,2.000,1,13266059
2022,4,152540033,31.000,1,13266060
2022,2,152540033,13.000,1,13266061
2022,4,152540034,49.000,1,13266062
2022,1,152540034,10.000,1,13266063
2022,4,152540035,40.000,1,13266064
2022,2,152540035,21.000,1,13266065
2022,2,152461906,34.000,1,13253124
2022,4,152461906,20.000,1,13253125
2022,4,152461907,30.000,1,13253126
2022,2,152461907,36.000,1,13253127
2022,2,152477274,47.000,1,13255991
2022,7,152477274,5.000,1,13255992
2022,4,152477275,1.000,1,13255993
2022,2,152477275,1.000,1,13255994
2022,2,152477276,5.000,1,13255995
2022,4,152477277,36.000,1,13255996
2022,1,152477277,5.000,1,13255997
2022,4,152477278,11.000,1,13255998
2022,1,152477278,32.000,1,13255999
2022,4,152540036,14.000,1,13266066
2022,2,152540036,14.000,1,13266067
2022,2,152540037,4.000,1,13266068
2022,4,152540037,1.000,1,13266069
2022,1,152540041,38.000,1,13266070
2022,4,152540041,11.000,1,13266071
2022,5,152477285,23.000,1,13256000
2022,2,152540047,1.000,1,13266072
2022,4,152540047,5.000,1,13266073
2022,4,152477286,57.000,1,13256001
2022,1,152477286,60.000,1,13256002
2022,1,153211594,31.000,1,13377603
2022,2,153268370,55.000,1,13384068
2022,4,153268370,25.000,1,13384069
2022,7,153268375,9.000,1,13384070
2022,5,153332188,3.000,1,13392181
2022,4,153332188,31.000,1,13392182
2022,4,153332191,24.000,1,13392183
2022,5,153332191,43.000,1,13392184
2022,1,153332191,11.000,1,13392185
2022,4,153332197,80.000,1,13392186
2022,4,153332208,7.000,1,13392188
2022,12,153441793,17.000,1,13407649
2022,4,153441793,29.000,1,13407650
2022,4,153441795,46.000,1,13407651
2022,4,153449965,1.000,1,13408986
2022,2,153449965,2.000,1,13408987
2022,1,153668224,47.000,1,13439238
2022,4,153668224,7.000,1,13439239
2022,7,153668229,1.000,1,13439240
2022,12,153668229,8.000,1,13439241
2022,4,153793049,50.000,1,13457378
2022,1,153793049,23.000,1,13457379
2022,2,153793050,5.000,1,13457380
2022,4,153793051,103.000,1,13457381
2022,1,153793052,38.000,1,13457382
2022,4,153793052,18.000,1,13457383
2022,4,153793053,26.000,1,13457384
2022,1,153793054,3.000,1,13457385
2022,1,153793055,80.000,1,13457386
2022,4,153793058,1.000,1,13457387
2022,2,153793059,8.000,1,13457388
2022,4,153793059,115.000,1,13457389
2022,4,153793060,25.000,1,13457390
2022,2,153793060,7.000,1,13457391
2022,4,153793061,9.000,1,13457392
2022,1,153793064,4.000,1,13457393
2022,4,153793064,3.000,1,13457394
2022,1,153793065,1.000,1,13457395
2022,4,153793065,50.000,1,13457396
2022,1,153793067,67.000,1,13457399
2022,4,153793067,46.000,1,13457400
2022,4,153793068,50.000,1,13457401
2022,1,153793068,29.000,1,13457402
2022,4,153793069,14.000,1,13457403
2022,1,153793069,40.000,1,13457404
2022,1,153793070,18.000,1,13457405
2022,1,153793071,5.000,1,13457406
2022,1,153793072,10.000,1,13457407
2022,4,153793073,1.000,1,13457408
2022,4,153793074,21.000,1,13457409
2022,1,153793074,13.000,1,13457410
2022,12,153793075,81.000,1,13457411
2022,5,153793075,1.000,1,13457412
2022,1,153793075,6.000,1,13457413
2022,4,153793076,46.000,1,13457414
2022,1,153793076,33.000,1,13457415
2022,1,153793077,21.000,1,13457416
2022,12,153793078,28.000,1,13457417
2022,1,153793078,7.000,1,13457418
2022,4,153793079,76.000,1,13457419
2022,1,153793079,2.000,1,13457420
2022,1,153793080,1.000,1,13457421
2022,4,153793082,24.000,1,13457422
2022,1,153793082,17.000,1,13457423
2022,12,153793082,33.000,1,13457424
2022,12,153793083,2.000,1,13457425
2022,1,153793083,2.000,1,13457426
2022,4,153793084,3.000,1,13457427
2022,1,153793084,42.000,1,13457428
2022,1,153793085,1.000,1,13457429
2022,4,153793088,8.000,1,13457430
2022,4,153793096,12.000,1,13457431
2022,14,153793096,8.000,1,13457432
2022,1,153793102,10.000,1,13457433
2022,4,153793113,106.000,1,13457434
2022,1,153793113,44.000,1,13457435
2022,4,153793116,7.000,1,13457436
2022,1,153793116,4.000,1,13457437
2022,4,153793122,35.000,1,13457439
2022,1,153793122,3.000,1,13457440
2022,2,153793127,12.000,1,13457441
2022,1,153793134,110.000,1,13457442
2022,4,153793134,125.000,1,13457443
2022,1,154401529,10.000,1,13548425
2022,4,154958608,10.000,1,13634969
2022,1,154958625,19.000,1,13634972
2022,4,154958625,14.000,1,13634973
2022,4,154958627,10.000,1,13634974
2022,1,154958639,34.000,1,13634976
2022,1,156001999,42.000,1,13781493
2022,4,156002004,31.000,1,13781494
2022,1,156002004,38.000,1,13781495
2022,1,156002005,13.000,1,13781496
2022,1,156002008,12.000,1,13781497
2022,4,156002008,11.000,1,13781498
2022,1,156002009,13.000,1,13781499
2022,1,156002011,11.000,1,13781500
2022,4,156002011,17.000,1,13781501
2022,12,155410311,34.000,1,13694006
2022,4,156002012,4.000,1,13781502
2022,1,156002013,6.000,1,13781503
2022,4,156002013,2.000,1,13781504
2022,1,156002015,1.000,1,13781505
2022,4,156002016,215.000,1,13781506
2022,4,155410320,13.000,1,13694007
2022,5,156002020,1.000,1,13781507
2022,4,156002020,84.000,1,13781508
2022,12,156002020,114.000,1,13781509
2022,1,156002021,18.000,1,13781510
2022,4,156002021,7.000,1,13781511
2022,12,156002021,2.000,1,13781512
2022,4,155410328,18.000,1,13694008
2022,1,156002024,1.000,1,13781513
2022,4,156002025,44.000,1,13781514
2022,1,156002025,49.000,1,13781515
2022,1,156002028,17.000,1,13781516
2022,4,156002028,7.000,1,13781517
2022,4,156002031,7.000,1,13781518
2022,5,156002031,1.000,1,13781519
2022,2,156002034,17.000,1,13781520
2022,4,156002034,6.000,1,13781521
2022,4,156002037,15.000,1,13781522
2022,2,156002037,12.000,1,13781523
2022,4,156002038,9.000,1,13781524
2022,2,156002038,1.000,1,13781525
2022,4,156002044,1.000,1,13781526
2022,4,156002045,79.000,1,13781527
2022,1,156002046,1.000,1,13781528
2022,4,156002046,26.000,1,13781529
2022,4,156002048,17.000,1,13781530
2022,4,156002057,22.000,1,13781531
2022,12,156002059,1.000,1,13781532
2022,4,156002060,28.000,1,13781533
2022,2,156002060,1.000,1,13781534
2022,4,156002061,22.000,1,13781535
2022,2,156002061,15.000,1,13781536
2022,2,156002062,52.000,1,13781537
2022,4,156002062,26.000,1,13781538
2022,4,156002063,100000.000,1,13781539
2022,5,155410383,1.000,1,13694009
2022,1,155410384,1.000,1,13694010
2022,4,155410385,48.000,1,13694011
2022,1,155410385,6.000,1,13694012
2022,4,155410388,60.000,1,13694013
2022,5,156859107,1.000,1,13897568
2022,12,156859107,1.000,1,13897569
2022,1,156859108,8.000,1,13897570
2022,4,156859108,21.000,1,13897571
2022,4,156859126,20.000,1,13897572
2022,2,156859127,9.000,1,13897573
2022,2,156421199,34.000,1,13837790
2022,4,156421200,113.000,1,13837791
2022,1,156421200,17.000,1,13837792
2022,4,156859129,30.000,1,13897574
2022,1,156859130,5.000,1,13897575
2022,5,156859130,8.000,1,13897576
2022,1,156859132,51.000,1,13897577
2022,4,156859132,13.000,1,13897578
2022,4,156421217,25.000,1,13837795
2022,1,156421217,40.000,1,13837796
2022,4,156421219,11.000,1,13837797
2022,4,156859133,59.000,1,13897579
2022,4,156859134,28.000,1,13897580
2022,12,156859134,150.000,1,13897581
2022,4,156859135,5.000,1,13897582
2022,1,156859135,1.000,1,13897583
2022,5,156859136,4.000,1,13897584
2022,4,156859136,33.000,1,13897585
2022,4,157293848,13.000,1,13964812
2022,4,156421229,50.000,1,13837798
2022,1,156421229,7.000,1,13837799
2022,5,156421229,1.000,1,13837800
2022,4,156859144,8.000,1,13897586
2022,4,156859145,17.000,1,13897587
2022,1,156859145,45.000,1,13897588
2022,1,156859146,9.000,1,13897589
2022,4,156859146,1.000,1,13897590
2022,4,156859147,1.000,1,13897591
2022,1,156859147,1.000,1,13897592
2022,4,156859148,1.000,1,13897593
2022,1,156859148,5.000,1,13897594
2022,1,156859149,1.000,1,13897595
2022,4,156859150,666.000,1,13897596
2022,1,156859151,2.000,1,13897597
2022,4,156859151,11.000,1,13897598
2022,1,157072938,1.000,1,13931678
2022,4,157072938,31.000,1,13931679
2022,12,157072938,1.000,1,13931680
2022,4,156859152,17.000,1,13897599
2022,4,156859153,72.000,1,13897600
2022,2,156859153,182.000,1,13897601
2022,4,156859154,4.000,1,13897602
2022,12,156859155,15.000,1,13897603
2022,4,157293888,100.000,1,13964813
2022,2,157293888,26.000,1,13964814
2022,2,157293890,2.000,1,13964815
2022,4,156918232,5.000,1,13907526
2022,14,156918232,84.000,1,13907527
2022,1,156918250,8.000,1,13907531
2022,4,156918250,8.000,1,13907532
2022,4,156918269,133.000,1,13907533
2022,2,156918269,21.000,1,13907534
2022,1,156918274,5.000,1,13907535
2022,2,156918278,19.000,1,13907537
2022,4,156918278,16.000,1,13907538
2022,5,157293891,17.000,1,13964816
2022,14,157293891,4.000,1,13964817
2022,4,157293892,1.000,1,13964818
2022,1,157293893,5.000,1,13964819
2022,4,157293894,6.000,1,13964820
2022,4,157293895,15.000,1,13964821
2022,1,157293895,1.000,1,13964822
2022,4,157293896,16.000,1,13964823
2022,1,157293896,11.000,1,13964824
2022,4,157293897,17.000,1,13964825
2022,2,157293897,4.000,1,13964826
2022,4,157293898,40.000,1,13964827
2022,4,157293899,11.000,1,13964828
2022,2,157293900,68.000,1,13964829
2022,4,157293901,3.000,1,13964830
2022,14,157293902,29.000,1,13964831
2022,1,157293903,1.000,1,13964832
2022,4,157293904,2.000,1,13964833
2022,14,157293904,1.000,1,13964834
2022,4,157072956,183.000,1,13931681
2022,2,157072956,79.000,1,13931682
2022,4,157072962,54.000,1,13931683
2022,4,157229197,20.000,1,13957682
2022,2,157293937,2.000,1,13964835
2022,4,157229213,147.000,1,13957683
2022,14,157229213,1.000,1,13957684
2022,14,157293939,2.000,1,13964836
2022,4,157229227,2.000,1,13957685
2022,2,157229227,1.000,1,13957686
2022,1,157229229,1.000,1,13957687
2022,4,157229229,1.000,1,13957688
2022,4,157229234,2.000,1,13957689
2022,2,157229234,1.000,1,13957690
2022,4,158519895,22.000,1,14133004
2022,1,158519895,2.000,1,14133005
2022,1,157682084,2.000,1,14021405
2022,4,157682084,2.000,1,14021406
2022,4,158519897,6.000,1,14133006
2022,1,158519897,34.000,1,14133007
2022,4,158519898,24.000,1,14133008
2022,1,158519898,4.000,1,14133009
2022,14,158519898,1.000,1,14133010
2022,1,158519899,48.000,1,14133011
2022,4,158519899,13.000,1,14133012
2022,5,158519900,1.000,1,14133013
2022,4,158519901,10.000,1,14133014
2022,1,158519901,51.000,1,14133015
2022,4,158519902,105.000,1,14133016
2022,1,158519902,13.000,1,14133017
2022,4,158519903,21.000,1,14133018
2022,1,158519904,48.000,1,14133019
2022,14,158519904,1.000,1,14133020
2022,4,158519905,89.000,1,14133021
2022,1,158519905,1.000,1,14133022
2022,4,158519906,32.000,1,14133023
2022,1,158519906,21.000,1,14133024
2022,4,158519907,64.000,1,14133025
2022,1,158519907,5.000,1,14133026
2022,1,158519908,100.000,1,14133027
2022,4,158519908,99.000,1,14133028
2022,4,158519909,10.000,1,14133029
2022,4,158519910,10.000,1,14133030
2022,1,158519910,24.000,1,14133031
2022,1,158519911,14.000,1,14133032
2022,4,158519911,16.000,1,14133033
2022,4,158519912,532.000,1,14133034
2022,14,158519912,11.000,1,14133035
2022,12,158519912,4.000,1,14133036
2022,4,158519913,1.000,1,14133037
2022,4,158519914,82.000,1,14133038
2022,1,158519914,28.000,1,14133039
2022,4,158519915,6.000,1,14133040
2022,1,158519915,2.000,1,14133041
2022,1,158519916,13.000,1,14133042
2022,4,158519916,8.000,1,14133043
2022,4,158519917,2.000,1,14133044
2022,1,158519917,17.000,1,14133045
2022,1,158519918,9.000,1,14133046
2022,4,158519919,50.000,1,14133047
2022,1,158519919,8.000,1,14133048
2022,1,158519920,12.000,1,14133049
2022,1,158519921,2.000,1,14133050
2022,12,158519922,16.000,1,14133051
2022,2,158519923,1.000,1,14133052
2022,4,158519924,39.000,1,14133053
2022,1,158519925,7.000,1,14133054
2022,4,158519925,33.000,1,14133055
2022,1,158519926,8.000,1,14133056
2022,2,158519927,3.000,1,14133057
2022,5,158553294,3.000,1,14137607
2022,1,157682097,4.000,1,14021408
2022,1,157682127,1.000,1,14021410
2022,4,157682137,503.000,1,14021411
2022,1,157682138,9.000,1,14021412
2022,1,157682158,7.000,1,14021413
2022,4,157682158,1.000,1,14021414
2022,1,158553303,1.000,1,14137608
2022,4,158553303,4.000,1,14137609
2022,12,158553311,9.000,1,14137610
2022,4,158553312,20.000,1,14137611
2022,4,158553313,150.000,1,14137612
2022,1,158553313,116.000,1,14137613
2022,12,158553322,18.000,1,14137614
2022,2,158553360,6.000,1,14137616
2022,12,158554836,19.000,1,14137785
2022,12,158771302,66.000,1,14164269
2022,4,158771338,100.000,1,14164273
2022,1,158771338,10.000,1,14164274
2022,12,158771338,39.000,1,14164275
2022,1,158976544,31.000,1,14192212
2022,4,158976544,35.000,1,14192213
2022,1,158976545,1.000,1,14192214
2022,4,158976546,71.000,1,14192215
2022,2,158976546,2.000,1,14192216
2022,4,158976547,5.000,1,14192217
2022,5,158976547,1.000,1,14192218
2022,4,158976548,10.000,1,14192219
2022,2,158976548,2.000,1,14192220
2022,4,158976549,106.000,1,14192221
2022,4,158976550,200.000,1,14192222
2022,2,158976550,32.000,1,14192223
2022,4,158976551,101.000,1,14192224
2022,12,158976551,15.000,1,14192225
2022,4,158976552,80.000,1,14192226
2022,2,158976552,31.000,1,14192227
2022,5,158976552,8.000,1,14192228
2022,4,158976553,31.000,1,14192229
2022,2,158976553,64.000,1,14192230
2022,4,158976554,57.000,1,14192231
2022,2,158976554,26.000,1,14192232
2022,1,158976555,9.000,1,14192233
2022,4,158976556,42.000,1,14192234
2022,4,158976557,129.000,1,14192235
2022,1,158976557,7.000,1,14192236
2022,12,158976557,2.000,1,14192237
2022,4,158976558,34.000,1,14192238
2022,1,158976558,7.000,1,14192239
2022,12,158976558,25.000,1,14192240
2022,4,158976560,16.000,1,14192241
2022,1,158976560,1.000,1,14192242
2022,2,160141240,195.000,1,14351213
2022,4,160141240,65.000,1,14351214
2022,1,160141241,12.000,1,14351215
2022,2,160141253,100.000,1,14351216
2022,4,160141253,84.000,1,14351217
2022,2,160141262,1.000,1,14351218
2022,2,160141272,17.000,1,14351219
2022,4,160141272,19.000,1,14351220
2022,12,160141288,1.000,1,14351221
2022,4,160141294,150.000,1,14351222
2022,4,160141497,2.000,1,14351223
2022,1,160141497,1.000,1,14351224
2022,1,160141542,36.000,1,14351225
2022,4,160141547,1.000,1,14351226
2022,12,160141564,1.000,1,14351227
2022,1,160141594,21.000,1,14351228
2022,1,160141595,48.000,1,14351229
2022,4,160141595,1.000,1,14351230
2022,1,160141596,8.000,1,14351231
2022,1,160141612,185.000,1,14351232
2022,1,160141614,20.000,1,14351233
2022,4,160141615,10.000,1,14351234
2022,2,160141615,7.000,1,14351235
2022,4,160141623,10.000,1,14351236
2022,4,160141624,1.000,1,14351237
2022,2,160141624,1.000,1,14351238
2022,4,160141631,1.000,1,14351239
2022,1,160141631,1.000,1,14351240
2022,4,160141632,21.000,1,14351241
2022,1,160141632,12.000,1,14351242
2022,12,160141633,40.000,1,14351243
2022,1,160141633,40.000,1,14351244
2022,1,160141636,16.000,1,14351245
2022,4,160141636,2.000,1,14351246
2022,5,160141636,1.000,1,14351247
2022,1,160141646,29.000,1,14351248
2022,4,160141646,6.000,1,14351249
2022,1,160141654,3.000,1,14351251
2022,2,160141658,30.000,1,14351252
2022,5,160141658,3.000,1,14351253
2022,2,160141660,3.000,1,14351254
2022,1,160141664,24.000,1,14351255
2022,4,160141664,10.000,1,14351256
2022,12,160141686,4.000,1,14351257
2022,14,160141686,46.000,1,14351258
2022,1,160141690,1.000,1,14351259
2022,4,160141694,30.000,1,14351260
2022,1,160141708,3.000,1,14351261
2022,1,160141709,2.000,1,14351262
2022,1,160141710,30.000,1,14351263
2022,4,160141710,45.000,1,14351264
2022,4,160141723,45.000,1,14351265
2022,5,160141733,1.000,1,14351266
2022,5,160141754,1.000,1,14351267
2022,1,160141774,42.000,1,14351268
2022,4,160141774,1.000,1,14351269
2022,12,160141774,1.000,1,14351270
2022,4,160141775,1.000,1,14351271
2022,1,160141775,121.000,1,14351272
2022,12,160141775,17.000,1,14351273
2022,4,160141792,1.000,1,14351274
2022,1,160141794,13.000,1,14351275
2022,4,160141812,12.000,1,14351276
2022,1,160141812,64.000,1,14351277
2022,1,160141834,4.000,1,14351278
2022,4,160141834,26.000,1,14351279
2022,1,160141844,9.000,1,14351280
2022,4,160141844,1.000,1,14351281
2022,1,160141850,1.000,1,14351282
2022,1,160141851,121.000,1,14351283
2022,4,160141851,77.000,1,14351284
2022,4,160141852,12.000,1,14351285
2022,1,160141852,1.000,1,14351286
2022,5,160141852,1.000,1,14351287
2022,5,160141877,4.000,1,14351288
2022,2,160141881,17.000,1,14351289
2022,4,160141884,36.000,1,14351290
2022,1,160141884,54.000,1,14351291
2022,4,160141885,11.000,1,14351292
2022,1,160141885,21.000,1,14351293
2022,5,160141886,3.000,1,14351294
2022,1,160141886,8.000,1,14351295
2022,1,160141898,30.000,1,14351296
2022,4,160141921,50.000,1,14351297
2022,1,160141937,30.000,1,14351298
2022,4,160141940,35.000,1,14351299
2022,2,160141940,55.000,1,14351300
2022,2,160141941,15.000,1,14351301
2022,4,160141941,13.000,1,14351302
2022,2,160141945,1.000,1,14351303
2022,2,160141978,1.000,1,14351304
2022,4,160141988,9.000,1,14351305
2022,12,160141988,35.000,1,14351306
2022,5,160141988,1.000,1,14351307
2022,4,160141989,20.000,1,14351308
2022,4,160141990,41.000,1,14351309
2022,1,160141990,138.000,1,14351310
2022,12,160141991,5.000,1,14351311
2022,1,160141992,3.000,1,14351312
2022,4,160141992,22.000,1,14351313
2022,4,160141993,33.000,1,14351314
2022,4,160141994,92.000,1,14351315
2022,1,160141994,3.000,1,14351316
2022,4,160141995,10.000,1,14351317
2022,1,160141995,1.000,1,14351318
2022,4,160141996,40.000,1,14351319
2022,1,160141996,38.000,1,14351320
2022,4,160141997,17.000,1,14351321
2022,4,160141998,30.000,1,14351322
2022,1,160141998,32.000,1,14351323
2022,4,160141999,2.000,1,14351324
2022,1,160141999,1.000,1,14351325
2022,4,160142000,8.000,1,14351326
2022,4,160142002,1.000,1,14351328
2022,2,160142002,23.000,1,14351329
2022,4,160142003,35.000,1,14351330
2022,2,160142003,9.000,1,14351331
2022,12,160142003,8.000,1,14351332
2022,1,160142004,2.000,1,14351333
2022,4,160142004,32.000,1,14351334
2022,2,160142005,30.000,1,14351335
2022,1,160142006,6.000,1,14351336
2022,4,160142006,11.000,1,14351337
2022,12,160142007,101.000,1,14351338
2022,4,160142007,451.000,1,14351339
2022,5,160142007,1.000,1,14351340
2022,2,160142008,35.000,1,14351341
2022,4,160142008,1.000,1,14351342
2022,1,160142009,4.000,1,14351343
2022,4,160142009,1.000,1,14351344
2022,1,160142010,15.000,1,14351345
2022,5,160142011,13.000,1,14351346
2022,2,160142012,6.000,1,14351347
2022,4,160142012,130.000,1,14351348
2022,5,160142013,11.000,1,14351349
2022,4,160142014,1.000,1,14351350
2022,4,160142015,1.000,1,14351351
2022,1,160142015,1.000,1,14351352
2022,4,160142016,7.000,1,14351353
2022,1,160142016,8.000,1,14351354
2022,1,160142017,1.000,1,14351355
2022,5,160142017,1.000,1,14351356
2022,4,160142018,19.000,1,14351357
2022,1,160142018,2.000,1,14351358
2022,1,160142019,97.000,1,14351359
2022,1,160142067,7.000,1,14351360
2022,4,160142067,69.000,1,14351361
2022,4,160142111,977.000,1,14351362
2022,2,160142111,138.000,1,14351363
2022,12,160142111,514.000,1,14351364
2022,5,160142112,1.000,1,14351365
2022,12,160142112,1.000,1,14351366
2022,4,160142116,49.000,1,14351367
2022,1,160142116,2.000,1,14351368
2022,5,160142116,1.000,1,14351369
2022,12,160142120,10.000,1,14351370
2022,4,160142120,57.000,1,14351371
2022,1,160142120,9.000,1,14351372
2022,4,160142125,8.000,1,14351373
2022,1,160142125,1.000,1,14351374
2022,4,160755927,20.000,1,14437047
2022,2,160755927,5.000,1,14437048
2022,12,160755927,6.000,1,14437049
2022,5,163223048,1.000,1,14759480
2022,1,163223048,1.000,1,14759481
2022,4,163223048,26.000,1,14759482
2022,4,160775655,42.000,1,14439526
2022,1,160775655,4.000,1,14439527
2022,4,160775656,11.000,1,14439528
2022,4,160775657,1.000,1,14439529
2022,1,160775657,13.000,1,14439530
2022,2,160775658,1.000,1,14439531
2022,12,160775659,5.000,1,14439532
2022,1,160775660,37.000,1,14439533
2022,4,160775660,12.000,1,14439534
2022,4,160775661,36.000,1,14439535
2022,4,160775662,4.000,1,14439536
2022,1,160775662,2.000,1,14439537
2022,4,160775663,49.000,1,14439538
2022,1,160775664,9.000,1,14439539
2022,4,160775665,350.000,1,14439540
2022,4,160775666,45.000,1,14439541
2022,1,160775666,11.000,1,14439542
2022,12,160775667,29.000,1,14439543
2022,4,160775667,35.000,1,14439544
2022,4,160775668,7.000,1,14439545
2022,2,160775668,12.000,1,14439546
2022,4,160775669,101.000,1,14439547
2022,1,160775669,104.000,1,14439548
2022,4,160775670,40.000,1,14439549
2022,1,160775670,9.000,1,14439550
2022,1,160775671,2.000,1,14439551
2022,5,160775672,11.000,1,14439552
2022,4,160775672,9.000,1,14439553
2022,4,160775673,13.000,1,14439554
2022,1,160775673,4.000,1,14439555
2022,1,160775674,2.000,1,14439556
2022,4,160775674,1.000,1,14439557
2022,12,160775675,102.000,1,14439558
2022,5,160775675,63.000,1,14439559
2022,4,160775676,20.000,1,14439560
2022,1,160775676,15.000,1,14439561
2022,4,160775677,3.000,1,14439562
2022,1,160775678,1.000,1,14439563
2022,4,160775678,13.000,1,14439564
2022,1,160775679,1.000,1,14439565
2022,12,160775679,3.000,1,14439566
2022,5,160775679,3.000,1,14439567
2022,1,160775680,116.000,1,14439568
2022,4,160775680,38.000,1,14439569
2022,4,160775688,49.000,1,14439570
2022,2,160775688,6.000,1,14439571
2022,4,160775700,7.000,1,14439572
2022,1,160775700,1.000,1,14439573
2022,1,160775701,18.000,1,14439574
2022,4,161043411,1.000,1,14483846
2022,4,160912747,50.000,1,14460664
2022,1,160912747,1.000,1,14460665
2022,4,160912751,17.000,1,14460666
2022,12,160912751,11.000,1,14460667
2022,2,160912752,1.000,1,14460668
2022,4,160912752,1.000,1,14460669
2022,4,160912753,3.000,1,14460670
2022,1,160912753,1.000,1,14460671
2022,1,161547162,12.000,1,14550498
2022,4,161547162,38.000,1,14550499
2022,4,161715294,43.000,1,14574549
2022,2,161715294,2.000,1,14574550
2022,4,161715295,22.000,1,14574551
2022,1,161715295,16.000,1,14574552
2022,4,161715296,12.000,1,14574553
2022,1,161715296,4.000,1,14574554
2022,12,161715296,3.000,1,14574555
2022,4,161715297,4.000,1,14574556
2022,1,161715298,6.000,1,14574557
2022,4,161715298,3.000,1,14574558
2022,12,161715298,1.000,1,14574559
2022,1,161715299,21.000,1,14574560
2022,4,161715299,4.000,1,14574561
2022,5,161715299,9.000,1,14574562
2022,4,161715300,13.000,1,14574563
2022,1,161715300,10.000,1,14574564
2022,4,161715302,10.000,1,14574565
2022,2,161715302,6.000,1,14574566
2022,1,161715303,1.000,1,14574567
2022,12,161715303,64.000,1,14574568
2022,5,161715303,1.000,1,14574569
2022,4,161715304,36.000,1,14574570
2022,4,161715306,1.000,1,14574572
2022,4,161715307,1.000,1,14574573
2022,5,161715308,60.000,1,14574574
2022,1,161715310,1.000,1,14574575
2022,4,161715311,2.000,1,14574576
2022,2,161715311,5.000,1,14574577
2022,4,161715313,91.000,1,14574578
2022,4,161715314,19.000,1,14574579
2022,1,161715314,19.000,1,14574580
2022,1,161715316,11.000,1,14574581
2022,2,161715317,55.000,1,14574582
2022,4,161715317,16.000,1,14574583
2022,4,161715319,39.000,1,14574584
2022,1,161715319,98.000,1,14574585
2022,4,161715320,1.000,1,14574586
2022,1,161715320,1.000,1,14574587
2022,1,161715322,3.000,1,14574588
2022,4,161715322,85.000,1,14574589
2022,1,161715323,6.000,1,14574590
2022,3,161715323,1.000,1,14574591
2022,4,161715324,4.000,1,14574592
2022,1,161715324,11.000,1,14574593
2022,4,161715326,50.000,1,14574594
2022,1,161715326,65.000,1,14574595
2022,4,161715327,23.000,1,14574596
2022,1,161715329,10.000,1,14574597
2022,1,161715330,62.000,1,14574598
2022,4,161715330,26.000,1,14574599
2022,1,161715331,4.000,1,14574600
2022,4,161715331,12.000,1,14574601
2022,12,161715333,20.000,1,14574602
2022,12,161715336,28.000,1,14574603
2022,4,161715341,14.000,1,14574604
2022,1,161715341,39.000,1,14574605
2022,1,161724748,1.000,1,14576174
2022,4,162565748,34.000,1,14676939
2022,1,162565748,62.000,1,14676940
2022,14,162565748,37.000,1,14676941
2022,1,162497997,1.000,1,14668604
2022,5,162497997,7.000,1,14668605
2022,1,162498003,142.000,1,14668606
2022,4,162498003,7.000,1,14668607
2022,4,162498004,9.000,1,14668608
2022,1,162819700,45.000,1,14707287
2022,4,162879767,19.000,1,14714007
2022,5,162879767,5.000,1,14714008
2022,12,163220451,1.000,1,14759108
2022,4,164317751,10.000,1,14916155
2022,4,164317752,10.000,1,14916156
2022,16,161522630,2401.000,9,14547082
2022,2,161522684,2.000,1,14547088
2022,16,161522704,36.000,9,14547089
2022,16,161522709,538.000,9,14547090
2022,12,161522732,10.000,1,14547091
2022,16,161522747,329.000,9,14547092
2022,16,161522754,95.000,9,14547093
2022,12,161522755,8.000,1,14547094
2022,16,161522780,338.000,9,14547095
2022,16,161522822,768.000,9,14547096
2022,16,161522889,263.000,9,14547099
2022,8,161522957,1.000,1,14547103
2022,2,161523032,5.500,1,14547105
2022,4,161523032,48.000,9,14547106
2022,12,161523032,10.000,9,14547107
2022,16,161523225,42091.000,9,14547109
2022,16,161523349,1.000,9,14547112
2022,5,161523383,27.000,3,14547114
2022,8,161523383,8.000,9,14547115
