data_year,arrestee_id,nibrs_arrestee_weapon_id,weapon_id
2022,48875320,,51
2022,48875322,,51
2022,48875323,,51
2022,48875324,,51
2022,49359351,,51
2022,48875325,,51
2022,49359352,,51
2022,49359353,,51
2022,48875327,,51
2022,48875328,,51
2022,48875329,,51
2022,48875330,,51
2022,49359354,,51
2022,48875331,,51
2022,49359355,,51
2022,51245518,,51
2022,48875332,,51
2022,48875333,,51
2022,51245519,,51
2022,48875334,,51
2022,48875335,,52
2022,48875336,,51
2022,49359356,,51
2022,49359357,,51
2022,48875337,,51
2022,48875338,,3
2022,49359358,,51
2022,49359359,,51
2022,49359360,,51
2022,50015659,,51
2022,48875340,,51
2022,48875341,,9
2022,48902050,,51
2022,48875342,,51
2022,51245520,,51
2022,51245521,,51
2022,49359363,,51
2022,48875343,,51
2022,48875344,,51
2022,49359364,,51
2022,48875346,,51
2022,48916677,,51
2022,48875348,,51
2022,48860733,,51
2022,48875349,,51
2022,50907335,,51
2022,49359365,,51
2022,49359366,,51
2022,49359367,,51
2022,49359368,,51
2022,49359369,,51
2022,50857280,,3
2022,49359370,,51
2022,49359371,,51
2022,48989500,,51
2022,51245522,,51
2022,49359372,,51
2022,49359373,,51
2022,49359374,,51
2022,49359376,,51
2022,49359377,,51
2022,51245523,,51
2022,51245524,,53
2022,49772240,,51
2022,51245525,,51
2022,49359378,,51
2022,50613137,,51
2022,47792491,,51
2022,47770583,,51
2022,47770584,,51
2022,47770585,,51
2022,47770586,,51
2022,47770587,,51
2022,49455976,,51
2022,51245526,,51
2022,49359379,,52
2022,49466415,,51
2022,49743660,,51
2022,49637967,,51
2022,50522177,,51
2022,49743661,,51
2022,49614313,,51
2022,45453198,,51
2022,48167057,,51
2022,48167059,,51
2022,48167060,,51
2022,48167061,,51
2022,48167062,,51
2022,49359895,,51
2022,49359896,,51
2022,49359897,,51
2022,49740307,,51
2022,49359898,,51
2022,49359899,,51
2022,49359900,,51
2022,49359901,,51
2022,49359902,,51
2022,49359903,,51
2022,49359904,,51
2022,49359905,,51
2022,49359906,,51
2022,49359907,,51
2022,49359908,,51
2022,49359909,,51
2022,49359910,,51
2022,49359911,,51
2022,49359912,,51
2022,49359913,,51
2022,49359914,,51
2022,49359915,,51
2022,49359916,,51
2022,49359917,,51
2022,49359918,,51
2022,45622983,,51
2022,45622984,,51
2022,45622985,,51
2022,45622986,,51
2022,45622987,,51
2022,45622988,,51
2022,49359920,,51
2022,49359921,,51
2022,49359922,,51
2022,49359923,,51
2022,49359924,,51
2022,49359925,,51
2022,49359926,,51
2022,49359927,,51
2022,49359928,,51
2022,49359929,,51
2022,49359930,,3
2022,49359931,,51
2022,49359932,,51
2022,49359933,,51
2022,49359934,,51
2022,49359935,,51
2022,49359936,,51
2022,49359937,,52
2022,49359938,,51
2022,49359939,,51
2022,49359940,,51
2022,49359941,,51
2022,49359942,,51
2022,49359943,,51
2022,49359945,,51
2022,49359946,,51
2022,49359947,,51
2022,49359948,,51
2022,49359949,,51
2022,49359950,,51
2022,49359951,,51
2022,49359952,,51
2022,49359953,,51
2022,49359954,,51
2022,49974077,,51
2022,49974078,,51
2022,49974079,,51
2022,49974080,,51
2022,49974081,,51
2022,45622990,,51
2022,45622991,,51
2022,45622992,,51
2022,45640020,,51
2022,45640025,,51
2022,45640028,,51
2022,45640032,,51
2022,45640034,,51
2022,45679508,,51
2022,47996023,,51
2022,47996024,,51
2022,47996025,,51
2022,47996026,,3
2022,47996027,,3
2022,47996028,,51
2022,47996029,,51
2022,47996030,,51
2022,47996031,,51
2022,47996032,,51
2022,47996033,,9
2022,47996034,,51
2022,47996035,,51
2022,45640039,,51
2022,45640041,,51
2022,45640047,,51
2022,45662928,,51
2022,45714259,,51
2022,46271437,,51
2022,48591818,,51
2022,45829603,,51
2022,45932279,,51
2022,48591819,,52
2022,48591820,,51
2022,48591821,,51
2022,48591822,,51
2022,48591823,,51
2022,48591824,,51
2022,48591825,,51
2022,48591826,,51
2022,48591827,,51
2022,48591828,,51
2022,48591829,,51
2022,48591830,,51
2022,48581852,,51
2022,48581853,,52
2022,48581854,,51
2022,48581855,,51
2022,48581856,,51
2022,45950779,,51
2022,45950780,,51
2022,48581858,,51
2022,48581859,,51
2022,48581860,,51
2022,48581861,,51
2022,48581862,,51
2022,48581863,,51
2022,48581864,,51
2022,48581865,,51
2022,48581866,,51
2022,48795067,,51
2022,48795068,,51
2022,48795069,,51
2022,48795070,,51
2022,48795071,,51
2022,48795072,,51
2022,48795073,,51
2022,48795074,,51
2022,48795075,,51
2022,48795076,,51
2022,48795077,,51
2022,48795078,,51
2022,48795079,,51
2022,48795080,,51
2022,48795081,,51
2022,48795082,,52
2022,48795083,,51
2022,48795084,,51
2022,48795085,,51
2022,48795086,,51
2022,48795087,,51
2022,48795088,,51
2022,46296995,,51
2022,46296996,,51
2022,46271440,,51
2022,46271441,,51
2022,50052750,,51
2022,46271442,,51
2022,46271443,,51
2022,46321833,,51
2022,46271444,,51
2022,46560190,,51
2022,50052751,,51
2022,50052752,,51
2022,46271445,,51
2022,46296997,,51
2022,46296998,,51
2022,46296999,,51
2022,46297000,,51
2022,46297001,,51
2022,46321834,,51
2022,46323796,,51
2022,46350107,,51
2022,46350108,,51
2022,46560191,,51
2022,50052753,,51
2022,46560192,,51
2022,48538866,,51
2022,46560193,,51
2022,46560194,,51
2022,50052754,,1
2022,50052755,,51
2022,50052756,,51
2022,46560195,,51
2022,46560197,,51
2022,46658025,,51
2022,46560198,,51
2022,46658026,,51
2022,50052757,,51
2022,46658027,,51
2022,46675497,,51
2022,50052758,,51
2022,46675498,,51
2022,46683223,,51
2022,50052759,,51
2022,48539776,,51
2022,46765985,,51
2022,50052760,,3
2022,50052761,,51
2022,50052762,,51
2022,50052763,,51
2022,50052764,,51
2022,50052765,,51
2022,49613585,,51
2022,49613586,,51
2022,49613587,,51
2022,49613588,,51
2022,48539777,,51
2022,46860561,,51
2022,46860562,,51
2022,46881858,,51
2022,46881859,,51
2022,46860563,,51
2022,46881860,,51
2022,46881861,,51
2022,46881862,,51
2022,46967295,,51
2022,48539778,,51
2022,48576908,,51
2022,48576909,,51
2022,48576910,,51
2022,48581841,,51
2022,48626176,,51
2022,48626177,,51
2022,48626178,,51
2022,48626179,,51
2022,48626180,,51
2022,48626181,,51
2022,49613589,,51
2022,49613590,,51
2022,49613591,,51
2022,49613592,,51
2022,49613593,,51
2022,49613594,,51
2022,49613595,,51
2022,49613596,,51
2022,49613597,,51
2022,49613598,,51
2022,49836616,,51
2022,49836617,,51
2022,49836618,,51
2022,49836619,,51
2022,49836620,,51
2022,49836621,,51
2022,49836622,,51
2022,49836623,,51
2022,49836624,,51
2022,48647327,,51
2022,48647329,,52
2022,48708062,,51
2022,48708063,,51
2022,48708064,,51
2022,48708065,,51
2022,48708066,,51
2022,48708067,,51
2022,48708068,,51
2022,48708069,,51
2022,48708070,,51
2022,48709195,,51
2022,48740934,,51
2022,48740935,,51
2022,48740936,,51
2022,48741737,,51
2022,48749227,,51
2022,48749228,,51
2022,48749229,,51
2022,48749230,,51
2022,48749231,,51
2022,48749232,,51
2022,48749233,,51
2022,48749234,,51
2022,48749235,,51
2022,48749236,,51
2022,48749237,,51
2022,48751093,,51
2022,48751094,,51
2022,48751095,,51
2022,48751096,,51
2022,48751097,,51
2022,48751098,,51
2022,48751099,,51
2022,48751100,,51
2022,48751101,,51
2022,48751102,,51
2022,48755407,,51
2022,48755408,,51
2022,48755409,,51
2022,48755410,,51
2022,48755411,,51
2022,48755412,,51
2022,48755413,,51
2022,48755414,,51
2022,48755415,,51
2022,48755416,,51
2022,48755417,,51
2022,48756337,,51
2022,48756338,,51
2022,48756339,,52
2022,48756340,,51
2022,44904449,,51
2022,46560341,,51
2022,46560342,,51
2022,46560343,,51
2022,46560344,,51
2022,46560345,,51
2022,46560346,,51
2022,46560347,,51
2022,46560348,,51
2022,46560349,,51
2022,46560350,,51
2022,46560353,,51
2022,46560354,,51
2022,46560355,,51
2022,46560356,,51
2022,46560357,,51
2022,46560358,,51
2022,46637290,,51
2022,46637292,,51
2022,46637299,,51
2022,46637300,,51
2022,46637302,,51
2022,46637303,,51
2022,46637304,,51
2022,46637305,,51
2022,46637306,,51
2022,46637308,,51
2022,46637309,,52
2022,46637310,,51
2022,46637311,,51
2022,46637313,,51
2022,47011607,,51
2022,47011608,,51
2022,47011609,,51
2022,47011610,,51
2022,47011613,,51
2022,47011614,,52
2022,47011617,,51
2022,47011618,,51
2022,47508016,,51
2022,47508017,,51
2022,47508018,,51
2022,47508019,,51
2022,47508020,,51
2022,47959827,,51
2022,47959828,,51
2022,47959829,,51
2022,47959830,,51
2022,47959831,,51
2022,47959832,,51
2022,48261265,,51
2022,48261266,,51
2022,48261267,,51
2022,48261268,,51
2022,48261269,,51
2022,48261270,,51
2022,48261271,,51
2022,48261272,,51
2022,48261273,,51
2022,48261274,,51
2022,48261275,,51
2022,48261276,,51
2022,48261277,,51
2022,48261280,,51
2022,48581053,,51
2022,48581054,,51
2022,48581055,,51
2022,48581056,,51
2022,48581057,,51
2022,48581058,,51
2022,48581059,,51
2022,48581060,,51
2022,48581061,,51
2022,48581062,,51
2022,48581063,,51
2022,48581064,,51
2022,48581065,,51
2022,48581066,,51
2022,48581067,,51
2022,48581068,,51
2022,48581069,,51
2022,48581071,,51
2022,48581072,,51
2022,49360084,,51
2022,49360088,,51
2022,49360090,,51
2022,49360091,,52
2022,49360094,,51
2022,49360095,,51
2022,49360098,,51
2022,49360100,,51
2022,49360104,,1
2022,49360105,,51
2022,49360106,,51
2022,49360107,,51
2022,49360108,,51
2022,49360109,,51
2022,49740308,,51
2022,49740309,,51
2022,49740310,,51
2022,49740311,,51
2022,49740312,,51
2022,49740313,,51
2022,49360189,,51
2022,49360190,,51
2022,49360191,,51
2022,49360192,,51
2022,49360193,,51
2022,49360194,,51
2022,49360195,,51
2022,49360196,,51
2022,49360197,,51
2022,49360198,,51
2022,49360199,,51
2022,49360201,,51
2022,49360203,,51
2022,49360204,,51
2022,49360205,,51
2022,49360206,,51
2022,49360207,,51
2022,49360208,,51
2022,49360209,,51
2022,49360210,,51
2022,49360211,,51
2022,49360212,,51
2022,49360213,,51
2022,49360222,,51
2022,49360223,,51
2022,49360224,,51
2022,49360225,,51
2022,49360226,,51
2022,49360227,,51
2022,49360228,,51
2022,49360229,,51
2022,49360230,,51
2022,49827873,,51
2022,49827874,,51
2022,49827875,,51
2022,49827876,,51
2022,49827877,,51
2022,49827878,,51
2022,49827879,,51
2022,49827880,,51
2022,49827881,,51
2022,47774741,,51
2022,47774742,,51
2022,47774745,,51
2022,47774748,,51
2022,47774749,,51
2022,47774750,,51
2022,47774751,,51
2022,47774752,,51
2022,47991062,,51
2022,47991063,,51
2022,47991064,,51
2022,47991065,,51
2022,47991066,,51
2022,47991067,,51
2022,47991068,,51
2022,47991069,,51
2022,47991070,,51
2022,47991071,,51
2022,47991072,,51
2022,47991073,,51
2022,47991074,,51
2022,47991075,,51
2022,47991076,,51
2022,47991077,,51
2022,47991078,,51
2022,47991079,,51
2022,47774754,,51
2022,47774755,,51
2022,47774756,,51
2022,47774757,,51
2022,47774758,,51
2022,47774760,,51
2022,47774762,,51
2022,47774764,,51
2022,47774765,,51
2022,47774766,,51
2022,47959833,,51
2022,47959834,,51
2022,47959835,,51
2022,47959837,,51
2022,47959838,,51
2022,47959839,,51
2022,47959840,,51
2022,47959841,,51
2022,47959842,,51
2022,48179254,,51
2022,48179255,,51
2022,48749278,,51
2022,48179256,,51
2022,48179257,,51
2022,48179258,,51
2022,48179260,,51
2022,48179261,,51
2022,48749279,,51
2022,48749280,,51
2022,49360294,,51
2022,49360299,,52
2022,49360309,,51
2022,49360315,,51
2022,49360316,,51
2022,49360318,,51
2022,49360319,,51
2022,49827883,,51
2022,49827884,,51
2022,49827885,,3
2022,49827886,,51
2022,49827887,,51
2022,47770025,,51
2022,47770026,,51
2022,47770027,,51
2022,47770028,,51
2022,47770588,,51
2022,47770590,,51
2022,47770591,,51
2022,47174022,,51
2022,44904450,,51
2022,44904451,,51
2022,44982773,,51
2022,45564172,,51
2022,45002924,,51
2022,45031035,,51
2022,47674822,,51
2022,47011603,,51
2022,48140716,,51
2022,48140717,,51
2022,47770592,,51
2022,47770593,,51
2022,47770594,,51
2022,47770595,,51
2022,47770596,,51
2022,47770598,,51
2022,47770599,,51
2022,47770600,,51
2022,47770601,,51
2022,47770602,,51
2022,47770603,,51
2022,47770605,,51
2022,47770606,,51
2022,47770607,,51
2022,47770608,,51
2022,47770609,,51
2022,47770610,,51
2022,47770611,,51
2022,47787125,,51
2022,47787126,,51
2022,47787127,,51
2022,47787128,,51
2022,47787129,,51
2022,48170820,,51
2022,48170821,,51
2022,48170822,,51
2022,48170823,,52
2022,48502785,,51
2022,48502786,,51
2022,48502787,,51
2022,48502788,,51
2022,48502790,,51
2022,48502791,,52
2022,49360410,,51
2022,49360411,,51
2022,47449518,,51
2022,47449519,,51
2022,47174023,,51
2022,47670208,,51
2022,47194037,,51
2022,45331649,,51
2022,47174024,,51
2022,47449520,,51
2022,49740314,,51
2022,49740315,,51
2022,49740316,,51
2022,49740317,,51
2022,49740318,,51
2022,49740319,,51
2022,47670209,,51
2022,47670210,,51
2022,47195308,,51
2022,45233150,,51
2022,45088500,,51
2022,45247309,,51
2022,49359489,,51
2022,46291068,,51
2022,46291069,,51
2022,46560215,,51
2022,45230836,,51
2022,45230837,,51
2022,47499380,,51
2022,47194039,,51
2022,45662578,,51
2022,48708073,,51
2022,47194040,,51
2022,47195309,,51
2022,47195310,,51
2022,45105750,,51
2022,48140718,,51
2022,50961719,,51
2022,45230838,,51
2022,45230839,,51
2022,47674823,,51
2022,47216210,,51
2022,45133966,,51
2022,47216211,,51
2022,46560216,,51
2022,50961720,,51
2022,51026033,,51
2022,51026034,,51
2022,45524691,,51
2022,47674824,,51
2022,47674825,,51
2022,47230374,,51
2022,47229247,,51
2022,45279522,,51
2022,45662579,,51
2022,45174440,,51
2022,51238245,,51
2022,51238246,,51
2022,51238248,,51
2022,51238249,,52
2022,51238250,,51
2022,51238251,,51
2022,48140719,,51
2022,48102075,,51
2022,51475517,,51
2022,51475518,,51
2022,51475519,,51
2022,51475520,,51
2022,48102076,,51
2022,48102077,,51
2022,45265328,,51
2022,47959820,,51
2022,47621219,,51
2022,47229248,,51
2022,45662580,,51
2022,47671253,,51
2022,47671254,,51
2022,45223402,,51
2022,47230375,,51
2022,45225229,,51
2022,45265329,,51
2022,47645089,,51
2022,45727268,,51
2022,45230841,,51
2022,48140720,,51
2022,46560642,,51
2022,46560643,,51
2022,46560644,,51
2022,46964807,,51
2022,47509488,,51
2022,47509489,,51
2022,45230843,,51
2022,45230844,,51
2022,46078212,,51
2022,46560645,,51
2022,46560647,,51
2022,46560648,,51
2022,46560649,,51
2022,46560650,,51
2022,46560651,,51
2022,46560652,,51
2022,46560653,,51
2022,46560654,,51
2022,46560655,,51
2022,46560656,,51
2022,46078213,,51
2022,45233151,,51
2022,50338608,,51
2022,47229249,,51
2022,45279523,,51
2022,45247311,,51
2022,45662581,,51
2022,47261703,,51
2022,47261704,,51
2022,47280030,,51
2022,45491502,,51
2022,45405403,,51
2022,50583634,,51
2022,47499382,,51
2022,47499383,,51
2022,45915067,,51
2022,46560658,,51
2022,46765995,,51
2022,46765996,,51
2022,46765997,,51
2022,46765998,,51
2022,46765999,,51
2022,46766000,,51
2022,46766001,,51
2022,46766003,,51
2022,46766004,,51
2022,46766007,,51
2022,46766008,,51
2022,46766009,,51
2022,46766010,,51
2022,46766011,,51
2022,46766012,,51
2022,46766013,,51
2022,46766014,,51
2022,47083709,,51
2022,47083711,,51
2022,47083713,,51
2022,47083714,,51
2022,47083717,,52
2022,47083718,,52
2022,47083726,,51
2022,47083729,,51
2022,47083730,,51
2022,47083731,,51
2022,46560217,,51
2022,47083732,,51
2022,47083734,,51
2022,47293183,,51
2022,47583494,,51
2022,47499399,,51
2022,47499400,,51
2022,47499401,,51
2022,47499402,,51
2022,47499403,,51
2022,47499404,,51
2022,47510251,,3
2022,47499405,,51
2022,47499406,,51
2022,45536313,,51
2022,47499407,,51
2022,45644990,,51
2022,47499408,,51
2022,45644991,,51
2022,45458908,,51
2022,47583495,,51
2022,50052734,,51
2022,47499412,,51
2022,47499421,,51
2022,47499424,,51
2022,47499425,,51
2022,47499430,,51
2022,47499432,,51
2022,47499434,,51
2022,47499437,,51
2022,49360670,,51
2022,49360671,,51
2022,49360672,,9
2022,49360673,,51
2022,49360674,,51
2022,49360675,,51
2022,49360676,,51
2022,49360677,,51
2022,49360678,,51
2022,49360679,,51
2022,49360680,,51
2022,47666140,,51
2022,45405404,,51
2022,45662582,,51
2022,45524694,,51
2022,46594718,,51
2022,46889037,,51
2022,46889038,,51
2022,47382601,,51
2022,46560219,,51
2022,45491503,,51
2022,45491504,,51
2022,45497788,,51
2022,45510923,,51
2022,45662583,,51
2022,47583496,,51
2022,47230763,,51
2022,49360681,,51
2022,49360682,,51
2022,49360683,,51
2022,49360684,,51
2022,49360685,,51
2022,49360686,,51
2022,49360687,,51
2022,49360688,,51
2022,49360689,,51
2022,49360690,,51
2022,49360691,,51
2022,49360692,,51
2022,46885807,,51
2022,48187325,,51
2022,45510924,,51
2022,45727269,,51
2022,45644992,,51
2022,47681513,,51
2022,48187326,,51
2022,48187327,,51
2022,48187328,,52
2022,46986697,,51
2022,45510925,,51
2022,48307335,,51
2022,45564173,,51
2022,47230764,,51
2022,47230765,,51
2022,47583497,,51
2022,48564818,,51
2022,48564819,,3
2022,47666141,,51
2022,45628327,,51
2022,45719146,,51
2022,45700763,,51
2022,45644994,,51
2022,47681515,,51
2022,45662584,,51
2022,47376527,,51
2022,47376528,,51
2022,47666142,,51
2022,45662585,,51
2022,45680988,,51
2022,46286194,,51
2022,47266267,,51
2022,45680989,,51
2022,48989501,,51
2022,48187329,,51
2022,48187330,,51
2022,47266268,,51
2022,45765552,,51
2022,48187331,,51
2022,48187332,,51
2022,48187333,,51
2022,48187334,,51
2022,48187335,,51
2022,48187336,,51
2022,48187340,,51
2022,48187341,,51
2022,48187342,,51
2022,48491794,,51
2022,48491795,,51
2022,48491796,,51
2022,48491797,,51
2022,48491798,,51
2022,48491799,,51
2022,48491800,,51
2022,48491803,,51
2022,48491804,,51
2022,48491805,,51
2022,45719147,,51
2022,45727270,,51
2022,48330538,,51
2022,45826843,,51
2022,48491806,,51
2022,48491807,,51
2022,48491808,,51
2022,48491809,,51
2022,48491810,,51
2022,48491811,,51
2022,48491812,,51
2022,48491813,,51
2022,47959821,,9
2022,49360693,,51
2022,49360694,,51
2022,49360695,,51
2022,49360696,,51
2022,49360697,,51
2022,49360698,,51
2022,49360700,,51
2022,49360701,,51
2022,49360702,,51
2022,49360703,,51
2022,49360704,,51
2022,49360705,,51
2022,49360706,,51
2022,49360707,,51
2022,49360708,,51
2022,49360709,,51
2022,49360711,,51
2022,49360712,,51
2022,46282255,,51
2022,45796756,,51
2022,47232344,,51
2022,47233256,,51
2022,47232346,,51
2022,45765553,,51
2022,45812957,,51
2022,45812958,,51
2022,45979915,,51
2022,49360713,,51
2022,49360714,,51
2022,49360715,,51
2022,49360716,,51
2022,49360717,,51
2022,49360719,,51
2022,49360720,,51
2022,49888747,,51
2022,45727274,,51
2022,45915089,,51
2022,45915090,,51
2022,45796757,,51
2022,45962651,,51
2022,45765556,,51
2022,45796758,,51
2022,45796759,,51
2022,47266269,,51
2022,47261705,,51
2022,46251508,,51
2022,45812959,,51
2022,47509491,,51
2022,47266270,,51
2022,47266271,,51
2022,46282256,,51
2022,46282257,,51
2022,47266272,,51
2022,45940841,,51
2022,49888750,,51
2022,49888753,,51
2022,49888754,,51
2022,49888755,,51
2022,49888757,,51
2022,49888758,,51
2022,49888759,,51
2022,49888761,,51
2022,46560220,,51
2022,47293201,,51
2022,47293202,,51
2022,47261706,,51
2022,46243197,,51
2022,50395352,,51
2022,46870251,,51
2022,45962652,,51
2022,48167048,,51
2022,46562626,,51
2022,46562627,,52
2022,46562628,,51
2022,46562629,,51
2022,46562630,,51
2022,46562633,,51
2022,46562634,,51
2022,46562635,,51
2022,46562636,,51
2022,46562638,,51
2022,46562639,,51
2022,46562640,,51
2022,46562641,,51
2022,46562642,,51
2022,46562643,,51
2022,46016504,,51
2022,46287997,,3
2022,47507984,,51
2022,46640305,,51
2022,47266273,,51
2022,46640306,,51
2022,46277193,,51
2022,46640307,,51
2022,46640308,,51
2022,46277194,,51
2022,45979920,,51
2022,46269223,,51
2022,47266274,,51
2022,46078222,,51
2022,46243198,,51
2022,46243199,,51
2022,47660835,,51
2022,47674826,,51
2022,47674827,,51
2022,47685790,,51
2022,46078225,,51
2022,46640309,,51
2022,46640310,,51
2022,46640311,,51
2022,46640312,,51
2022,46640313,,51
2022,46640314,,51
2022,46640315,,51
2022,46640316,,51
2022,46640317,,51
2022,46977945,,51
2022,46977946,,51
2022,46977947,,51
2022,46977948,,51
2022,46977949,,51
2022,46977950,,51
2022,46977951,,51
2022,46977952,,51
2022,46977953,,51
2022,46977954,,51
2022,46977955,,51
2022,46977956,,51
2022,46977957,,51
2022,46977958,,51
2022,46977959,,51
2022,46977960,,51
2022,46977961,,51
2022,46977963,,51
2022,47353301,,51
2022,47293203,,51
2022,48479988,,51
2022,46977964,,51
2022,46977965,,51
2022,46977968,,51
2022,46977969,,51
2022,46977970,,51
2022,46977971,,51
2022,46977972,,51
2022,46977973,,51
2022,46977974,,51
2022,47399896,,51
2022,47399897,,51
2022,47399898,,51
2022,47399899,,51
2022,47399900,,51
2022,47399901,,51
2022,47399902,,51
2022,47399903,,51
2022,47399904,,51
2022,47399905,,51
2022,47399906,,51
2022,47399907,,51
2022,47399908,,51
2022,47399909,,51
2022,47399910,,51
2022,47399911,,51
2022,47787131,,51
2022,47787132,,51
2022,48365852,,51
2022,47304016,,51
2022,47304017,,51
2022,46243200,,51
2022,47596104,,51
2022,46249570,,51
2022,46872858,,51
2022,47596105,,51
2022,48905358,,51
2022,48905359,,51
2022,46939123,,51
2022,46286195,,51
2022,46286196,,51
2022,47319941,,51
2022,47597093,,51
2022,46277195,,51
2022,47787133,,51
2022,47787136,,51
2022,47787138,,51
2022,47787139,,51
2022,47787140,,51
2022,47787142,,51
2022,47787143,,51
2022,47787144,,51
2022,47787146,,1
2022,47787147,,1
2022,47787148,,51
2022,47787150,,51
2022,47666143,,51
2022,47804491,,51
2022,46269226,,51
2022,46560224,,51
2022,46872859,,51
2022,47173669,,51
2022,46269228,,51
2022,46280168,,51
2022,46280169,,51
2022,47307241,,51
2022,46291070,,51
2022,46282258,,51
2022,46352015,,51
2022,46295321,,51
2022,49359490,,51
2022,48151436,,51
2022,46287998,,51
2022,46872860,,51
2022,46286198,,51
2022,48151437,,51
2022,48151438,,51
2022,46286199,,51
2022,46287999,,51
2022,46291071,,51
2022,46286201,,51
2022,46288000,,51
2022,47174026,,51
2022,46560226,,51
2022,47302318,,51
2022,48151439,,51
2022,48151440,,3
2022,46560228,,51
2022,48479989,,51
2022,46621855,,51
2022,46560229,,51
2022,46560230,,51
2022,46347571,,51
2022,46560231,,51
2022,47317509,,51
2022,48151441,,51
2022,48151442,,51
2022,48151444,,51
2022,48151445,,51
2022,46560232,,51
2022,47596107,,51
2022,48367398,,51
2022,46324951,,51
2022,46324952,,51
2022,46594719,,51
2022,48151446,,51
2022,47804492,,51
2022,47507986,,51
2022,46560233,,51
2022,46324953,,51
2022,47174027,,51
2022,47174028,,51
2022,50538344,,51
2022,48151447,,51
2022,48151448,,3
2022,48178010,,51
2022,46560234,,51
2022,46324954,,51
2022,46324955,,51
2022,46664193,,51
2022,47399881,,51
2022,46560236,,51
2022,49557874,,51
2022,47173228,,51
2022,48151449,,51
2022,48151450,,51
2022,50338610,,51
2022,50338611,,51
2022,50338612,,51
2022,48069716,,51
2022,48151451,,51
2022,48151452,,51
2022,48151453,,51
2022,48151454,,51
2022,47399882,,51
2022,47319942,,51
2022,50664329,,51
2022,48151455,,51
2022,48151456,,51
2022,48151457,,51
2022,48151458,,51
2022,48151459,,51
2022,46560238,,51
2022,46560239,,51
2022,46560240,,51
2022,46560241,,51
2022,46560242,,51
2022,46560243,,51
2022,47382607,,51
2022,47382609,,51
2022,47660836,,52
2022,46869638,,3
2022,48931746,,51
2022,48151460,,51
2022,48151461,,51
2022,48931747,,51
2022,47685791,,51
2022,47685792,,51
2022,46560244,,51
2022,46560246,,51
2022,46560247,,51
2022,46560248,,51
2022,46560249,,51
2022,46621856,,51
2022,47440363,,51
2022,48151462,,51
2022,48151463,,51
2022,48151464,,51
2022,48151465,,51
2022,48151467,,51
2022,46560250,,51
2022,51378895,,51
2022,48507343,,51
2022,46964809,,51
2022,47597094,,51
2022,48467798,,51
2022,49557875,,51
2022,49557876,,51
2022,49557877,,51
2022,46560251,,51
2022,46560252,,51
2022,48180179,,3
2022,48180180,,3
2022,48180181,,3
2022,46869639,,3
2022,46684543,,51
2022,47666145,,51
2022,46560253,,51
2022,50338613,,51
2022,46560255,,51
2022,47159190,,51
2022,46560256,,51
2022,47783065,,51
2022,47783066,,51
2022,46560259,,51
2022,48507344,,51
2022,46621857,,51
2022,46834114,,51
2022,48507345,,51
2022,50605025,,1
2022,46560260,,51
2022,46594720,,51
2022,46560261,,51
2022,47289368,,51
2022,48490862,,51
2022,46684544,,51
2022,48151423,,51
2022,46560263,,51
2022,46594721,,51
2022,50357634,,3
2022,47434352,,51
2022,46594722,,51
2022,48507347,,51
2022,48507348,,51
2022,48507349,,51
2022,46594723,,51
2022,47440371,,51
2022,47670213,,51
2022,48180182,,51
2022,48507350,,51
2022,48507351,,51
2022,46615290,,51
2022,48428282,,51
2022,47596111,,51
2022,46594724,,51
2022,46594725,,51
2022,48515676,,51
2022,46699383,,51
2022,47030697,,51
2022,47414491,,51
2022,46621858,,51
2022,47507988,,51
2022,46819643,,51
2022,47647387,,51
2022,47647388,,51
2022,47596112,,3
2022,47596113,,51
2022,47509494,,51
2022,47440373,,51
2022,49464566,,51
2022,46769359,,51
2022,46769360,,1
2022,46664196,,51
2022,46664197,,51
2022,46819644,,1
2022,46664198,,51
2022,46638956,,51
2022,48507352,,51
2022,48507353,,51
2022,46889039,,51
2022,48507354,,51
2022,47599958,,51
2022,46879942,,51
2022,46879943,,51
2022,47280032,,51
2022,47747260,,51
2022,46664199,,51
2022,47602848,,51
2022,47602849,,51
2022,46879944,,51
2022,46879945,,51
2022,46819647,,51
2022,46916832,,51
2022,46699386,,51
2022,50980395,,51
2022,46819648,,51
2022,46835158,,51
2022,50522960,,51
2022,46890977,,51
2022,48144087,,51
2022,48507355,,51
2022,48507356,,51
2022,46699388,,51
2022,46835159,,51
2022,46699390,,51
2022,46957143,,51
2022,46869640,,51
2022,46869641,,51
2022,46835160,,51
2022,47510252,,51
2022,47510253,,51
2022,50477261,,51
2022,50477262,,51
2022,50338615,,51
2022,47159994,,3
2022,46955255,,51
2022,48272201,,52
2022,46889042,,51
2022,46869642,,51
2022,46879946,,51
2022,47685797,,51
2022,46917185,,51
2022,49957905,,51
2022,47864958,,51
2022,47159995,,51
2022,48507357,,51
2022,47510254,,51
2022,46890978,,51
2022,47114920,,51
2022,46969382,,51
2022,47647389,,51
2022,46889043,,51
2022,46889044,,51
2022,46917186,,51
2022,46907918,,51
2022,47353302,,51
2022,47601130,,51
2022,46879947,,51
2022,46879948,,51
2022,47159191,,51
2022,48140196,,51
2022,48507358,,51
2022,48507359,,51
2022,46879949,,52
2022,46890980,,51
2022,47161432,,51
2022,50338616,,51
2022,48151424,,51
2022,46879950,,51
2022,47601131,,51
2022,46908717,,51
2022,47353303,,51
2022,46890981,,51
2022,47601132,,51
2022,46890982,,51
2022,46889045,,51
2022,47510255,,51
2022,46964810,,51
2022,48437538,,52
2022,46970181,,3
2022,48140345,,51
2022,48507360,,51
2022,48984802,,51
2022,48984804,,51
2022,48984805,,51
2022,48984806,,51
2022,48984808,,51
2022,48984809,,51
2022,48984810,,51
2022,48984814,,51
2022,48984818,,51
2022,48984821,,51
2022,48984822,,51
2022,48984827,,51
2022,48984829,,51
2022,47836572,,51
2022,47083679,,51
2022,46917187,,3
2022,46890983,,51
2022,47173670,,51
2022,47864959,,51
2022,47864960,,51
2022,47864961,,51
2022,47510256,,51
2022,48426843,,51
2022,48426844,,51
2022,47079975,,51
2022,48069717,,51
2022,48984836,,51
2022,48984837,,51
2022,48984838,,51
2022,48984840,,51
2022,48984842,,51
2022,48984843,,51
2022,48984845,,51
2022,48984848,,51
2022,48984850,,51
2022,48984851,,51
2022,48984856,,51
2022,48984858,,51
2022,48984862,,51
2022,49364490,,51
2022,49364491,,51
2022,49364492,,51
2022,49364493,,51
2022,49364494,,51
2022,49364495,,51
2022,49364496,,51
2022,49364497,,51
2022,49364498,,51
2022,49364499,,51
2022,49364500,,51
2022,49364501,,51
2022,49364502,,51
2022,49364503,,51
2022,49364504,,51
2022,49364505,,51
2022,49364506,,51
2022,49364508,,51
2022,49364509,,51
2022,49364510,,51
2022,49364511,,51
2022,49364512,,51
2022,49364513,,51
2022,49364514,,51
2022,48069718,,51
2022,47510257,,51
2022,49359496,,51
2022,49364515,,51
2022,46917188,,51
2022,49740320,,51
2022,47602850,,3
2022,46939124,,51
2022,49740321,,51
2022,49740322,,51
2022,46939125,,51
2022,49740323,,51
2022,46996025,,51
2022,49740324,,51
2022,49359497,,51
2022,49740325,,51
2022,49740326,,51
2022,47030700,,51
2022,49740327,,51
2022,49740328,,51
2022,49740329,,51
2022,49740331,,51
2022,49740332,,51
2022,49740333,,51
2022,49740334,,51
2022,49740335,,51
2022,46939127,,51
2022,46969384,,3
2022,46969385,,3
2022,46969386,,3
2022,46969387,,3
2022,47271774,,51
2022,47030701,,51
2022,48463537,,51
2022,46955256,,51
2022,46939128,,51
2022,47083681,,51
2022,47645090,,51
2022,47353304,,51
2022,49361575,,51
2022,50338617,,3
2022,47431386,,51
2022,46964812,,51
2022,47079976,,51
2022,48030027,,51
2022,49361576,,51
2022,49361577,,9
2022,49361578,,51
2022,49361579,,51
2022,49361580,,51
2022,49361581,,51
2022,49361582,,51
2022,49361583,,51
2022,49361584,,51
2022,49361586,,51
2022,49361587,,51
2022,49361588,,51
2022,49361589,,51
2022,49361590,,51
2022,49361591,,51
2022,49361592,,51
2022,49361593,,51
2022,49361594,,51
2022,49361595,,51
2022,49361596,,51
2022,49361597,,51
2022,49361598,,51
2022,49361599,,51
2022,49361600,,51
2022,49361601,,51
2022,49361602,,53
2022,49361604,,51
2022,49361605,,51
2022,49361606,,51
2022,49361607,,51
2022,49553039,,51
2022,49553040,,51
2022,49553041,,51
2022,49553042,,51
2022,49553043,,51
2022,49553044,,51
2022,49553045,,51
2022,47083683,,51
2022,49553046,,51
2022,49553047,,51
2022,47510258,,51
2022,49553048,,51
2022,49553049,,51
2022,47083684,,51
2022,47175356,,51
2022,47079977,,51
2022,46964813,,3
2022,48806367,,51
2022,47083685,,51
2022,46969389,,51
2022,49359498,,51
2022,47353306,,51
2022,50857283,,51
2022,50857284,,51
2022,47645091,,51
2022,47647390,,3
2022,48030028,,9
2022,47510259,,51
2022,47173231,,51
2022,46969391,,51
2022,47083687,,51
2022,47121820,,51
2022,46986699,,51
2022,46986700,,51
2022,50959477,,51
2022,47271775,,53
2022,47085375,,51
2022,47079978,,9
2022,49553050,,51
2022,49553051,,51
2022,49553052,,51
2022,49553053,,51
2022,49361608,,51
2022,49361609,,51
2022,49361610,,51
2022,49361611,,51
2022,49361612,,51
2022,49361613,,51
2022,49361614,,51
2022,49361615,,51
2022,50326620,,51
2022,50326621,,52
2022,50326622,,51
2022,50326623,,51
2022,50326624,,51
2022,50326625,,51
2022,50326626,,51
2022,50326627,,51
2022,50326628,,51
2022,50326629,,51
2022,50326630,,51
2022,50326631,,51
2022,50326632,,51
2022,47079979,,51
2022,47670215,,51
2022,47173671,,51
2022,47746351,,51
2022,47079980,,51
2022,46996026,,51
2022,47932869,,51
2022,47121821,,51
2022,47772285,,51
2022,47030703,,51
2022,47331550,,51
2022,47647391,,51
2022,47646231,,51
2022,47646232,,51
2022,47646233,,51
2022,47646234,,51
2022,50538345,,51
2022,50538346,,51
2022,50538347,,51
2022,47852238,,51
2022,47770021,,51
2022,47852239,,51
2022,47085377,,51
2022,47670217,,51
2022,47168071,,51
2022,47114923,,3
2022,47233257,,51
2022,47289374,,3
2022,47783068,,51
2022,48515677,,51
2022,47079982,,51
2022,47806661,,51
2022,48415528,,51
2022,47159996,,51
2022,51433577,,51
2022,47168072,,51
2022,50338618,,51
2022,51433578,,51
2022,47931505,,51
2022,47173233,,51
2022,47196512,,51
2022,47747261,,51
2022,50338619,,51
2022,47173234,,51
2022,47196514,,52
2022,47233258,,51
2022,47173235,,51
2022,45820149,,51
2022,47233259,,51
2022,47596115,,51
2022,47596116,,52
2022,47843900,,51
2022,47843901,,51
2022,47175357,,51
2022,47670218,,51
2022,47230378,,3
2022,47233260,,51
2022,47175359,,51
2022,47196516,,51
2022,47271776,,1
2022,47196517,,52
2022,47670219,,51
2022,47253072,,51
2022,47670220,,51
2022,47353307,,51
2022,47353308,,51
2022,47271777,,51
2022,49359500,,3
2022,47505754,,51
2022,47505755,,51
2022,47932870,,51
2022,47253073,,51
2022,47842365,,51
2022,47302320,,3
2022,47302321,,51
2022,47393493,,51
2022,46574297,,51
2022,47233261,,51
2022,45820150,,51
2022,47747262,,51
2022,45820151,,51
2022,47747263,,51
2022,45820152,,51
2022,48330539,,51
2022,45820153,,51
2022,47253076,,51
2022,47510260,,51
2022,46561219,,52
2022,46249168,,51
2022,48348465,,51
2022,46249169,,51
2022,46249170,,51
2022,46249171,,51
2022,46249172,,1
2022,46249173,,51
2022,46249174,,51
2022,48348466,,51
2022,47253077,,51
2022,48426845,,51
2022,48426846,,51
2022,48515678,,51
2022,48764235,,51
2022,47271778,,51
2022,47253078,,51
2022,47331551,,51
2022,47271779,,51
2022,47841614,,51
2022,47310566,,51
2022,50857285,,51
2022,48761583,,51
2022,46574298,,51
2022,46574299,,51
2022,46574300,,52
2022,46574302,,51
2022,46574303,,51
2022,46574304,,51
2022,51094799,,51
2022,51094800,,51
2022,46574306,,51
2022,46574307,,51
2022,48761584,,51
2022,46574308,,51
2022,46574309,,51
2022,48102078,,51
2022,46748530,,51
2022,46748531,,51
2022,46748532,,51
2022,46748534,,52
2022,46748535,,51
2022,48102079,,51
2022,46748536,,51
2022,47194045,,51
2022,46748538,,51
2022,46748539,,51
2022,46748541,,51
2022,46748542,,3
2022,47302331,,51
2022,46748543,,51
2022,46748544,,51
2022,46748545,,51
2022,47345476,,51
2022,51094801,,51
2022,51094802,,51
2022,49634393,,51
2022,46748546,,51
2022,47597097,,51
2022,47009776,,51
2022,47310567,,51
2022,47431387,,51
2022,47353309,,51
2022,47009777,,51
2022,47009778,,51
2022,47332091,,51
2022,47932871,,51
2022,47009779,,51
2022,47932872,,51
2022,47932873,,51
2022,47670221,,51
2022,47009780,,51
2022,47009781,,51
2022,47843902,,51
2022,47009782,,51
2022,47602851,,3
2022,47009783,,51
2022,47685799,,3
2022,47685800,,51
2022,47774733,,51
2022,47597103,,51
2022,47431388,,51
2022,47443417,,1
2022,47597104,,51
2022,47597105,,51
2022,47676981,,51
2022,47403901,,51
2022,47443418,,51
2022,48430550,,51
2022,48430551,,51
2022,47774734,,51
2022,47774735,,51
2022,47510261,,51
2022,47843904,,51
2022,47514940,,51
2022,47514941,,51
2022,47834414,,51
2022,48463538,,51
2022,48463539,,51
2022,48463540,,51
2022,47850462,,51
2022,47850463,,51
2022,47850464,,51
2022,50980396,,51
2022,47774736,,51
2022,48177436,,51
2022,47505756,,51
2022,49359503,,51
2022,47774737,,51
2022,47870916,,51
2022,47583498,,51
2022,47583499,,51
2022,47510262,,51
2022,47850465,,51
2022,47850466,,51
2022,47647393,,51
2022,47647394,,51
2022,47783071,,51
2022,47597106,,51
2022,47565902,,51
2022,47792473,,51
2022,50338620,,3
2022,47597107,,51
2022,47565903,,51
2022,47666148,,51
2022,48710622,,51
2022,48710623,,51
2022,47597108,,51
2022,47565904,,51
2022,47514942,,51
2022,48044210,,51
2022,47009784,,51
2022,47009785,,51
2022,47009786,,51
2022,47449525,,51
2022,47449527,,51
2022,47449528,,51
2022,47449529,,51
2022,47449530,,51
2022,47449531,,51
2022,47565905,,51
2022,47449532,,9
2022,47449533,,9
2022,47449534,,51
2022,47449535,,51
2022,47449536,,9
2022,47449537,,51
2022,47449538,,51
2022,47449539,,51
2022,47787152,,51
2022,47787153,,51
2022,47787154,,51
2022,47787155,,51
2022,47787156,,51
2022,47787157,,51
2022,47787158,,51
2022,47787159,,51
2022,47787160,,51
2022,47647395,,51
2022,47597109,,51
2022,48391719,,51
2022,48074268,,51
2022,47565906,,51
2022,50338621,,51
2022,47602852,,51
2022,47597110,,51
2022,47602853,,51
2022,47602854,,51
2022,49359504,,51
2022,48490866,,51
2022,47647396,,51
2022,47602856,,51
2022,47804493,,51
2022,47787161,,51
2022,47602857,,51
2022,47787162,,51
2022,47787164,,51
2022,47647397,,51
2022,49359505,,51
2022,50338622,,51
2022,47787165,,51
2022,47602859,,51
2022,47787167,,51
2022,47621225,,51
2022,47787168,,51
2022,48272202,,51
2022,47787169,,51
2022,47787170,,51
2022,47787171,,51
2022,47721641,,51
2022,47671263,,51
2022,47671264,,51
2022,48430552,,51
2022,47666151,,51
2022,47699602,,51
2022,47670224,,51
2022,47746352,,51
2022,48161491,,51
2022,48161492,,51
2022,47699603,,51
2022,47666153,,51
2022,47666154,,51
2022,50054670,,51
2022,48161493,,51
2022,50054671,,51
2022,50054672,,51
2022,47776553,,51
2022,48161494,,51
2022,48069719,,51
2022,49359506,,51
2022,48578401,,3
2022,48161495,,51
2022,47776555,,51
2022,48161496,,51
2022,48044211,,51
2022,48161499,,51
2022,47776556,,51
2022,48020396,,51
2022,48164704,,51
2022,48161500,,51
2022,48164705,,51
2022,48161501,,51
2022,48161502,,51
2022,48161503,,51
2022,47746356,,1
2022,47676983,,51
2022,47699604,,51
2022,47783073,,51
2022,47783074,,51
2022,47721643,,51
2022,47721644,,51
2022,47843908,,51
2022,48151425,,51
2022,48161504,,51
2022,48578402,,51
2022,49359507,,3
2022,47721645,,51
2022,47804495,,52
2022,48151426,,51
2022,48102080,,52
2022,48102081,,51
2022,48009543,,51
2022,48009544,,51
2022,47772289,,51
2022,47746357,,51
2022,48281905,,3
2022,48161505,,51
2022,48281906,,3
2022,47746358,,51
2022,47721646,,51
2022,47721647,,51
2022,47843914,,51
2022,48538869,,51
2022,47746359,,51
2022,47721648,,51
2022,48467799,,51
2022,47750063,,51
2022,47783077,,51
2022,47783078,,51
2022,47961790,,52
2022,48538870,,51
2022,47750065,,51
2022,47783079,,51
2022,48538871,,51
2022,48578403,,51
2022,48030031,,51
2022,48538872,,51
2022,48538873,,51
2022,48538874,,51
2022,47836578,,51
2022,47818986,,51
2022,47804496,,51
2022,50400892,,51
2022,50400893,,51
2022,47804497,,53
2022,50339530,,51
2022,51378896,,51
2022,50876985,,51
2022,47818987,,51
2022,47850468,,51
2022,50694137,,51
2022,48164708,,51
2022,48538875,,51
2022,47993128,,51
2022,47843917,,51
2022,47961792,,51
2022,48538876,,51
2022,49361695,,51
2022,49361696,,51
2022,49361697,,51
2022,49361698,,51
2022,49361699,,51
2022,49361700,,51
2022,49361701,,52
2022,49361702,,51
2022,49361703,,3
2022,49361704,,51
2022,49361705,,51
2022,49361706,,51
2022,49361707,,51
2022,49361708,,51
2022,49361709,,51
2022,49361710,,51
2022,49361711,,51
2022,49361712,,51
2022,49361713,,51
2022,49361714,,51
2022,49361715,,51
2022,49740336,,3
2022,49361716,,51
2022,49361717,,51
2022,49359509,,51
2022,49361718,,51
2022,49361719,,51
2022,49359510,,3
2022,48009545,,51
2022,47818989,,51
2022,47818990,,51
2022,47818991,,51
2022,48177439,,51
2022,49609638,,51
2022,48164709,,51
2022,47818992,,51
2022,47836585,,51
2022,47836586,,51
2022,47961793,,51
2022,47961794,,51
2022,47841615,,51
2022,47841616,,51
2022,48102082,,51
2022,49740337,,51
2022,49740338,,51
2022,49740340,,51
2022,49740341,,51
2022,49740342,,51
2022,49740343,,51
2022,49740344,,51
2022,49740345,,51
2022,49740346,,51
2022,50379185,,51
2022,48102083,,51
2022,48796233,,51
2022,48009546,,51
2022,48009547,,51
2022,48123763,,51
2022,47850469,,51
2022,48504172,,51
2022,46305924,,51
2022,46305925,,51
2022,47961795,,51
2022,47850470,,51
2022,48140198,,51
2022,48140199,,51
2022,46305926,,51
2022,48140200,,51
2022,47997606,,51
2022,48490867,,51
2022,48187302,,51
2022,46561236,,51
2022,48102084,,51
2022,48177440,,51
2022,51448334,,51
2022,49359511,,51
2022,47870919,,51
2022,48021773,,51
2022,46561237,,51
2022,49361722,,51
2022,46561238,,51
2022,46561239,,51
2022,46561240,,51
2022,46561241,,51
2022,46954561,,51
2022,46954562,,51
2022,46954563,,51
2022,46954564,,51
2022,46954565,,51
2022,47304018,,51
2022,47304020,,51
2022,47304021,,51
2022,47304022,,51
2022,47304023,,51
2022,47304024,,51
2022,47304025,,51
2022,47304026,,51
2022,48140201,,51
2022,48026413,,51
2022,48026414,,51
2022,47681527,,51
2022,47993130,,51
2022,48026415,,51
2022,47681529,,51
2022,47681532,,51
2022,47681533,,51
2022,47681534,,51
2022,47847238,,51
2022,47847239,,51
2022,47847240,,51
2022,47847241,,51
2022,47847242,,51
2022,47847243,,51
2022,47847244,,51
2022,48020397,,51
2022,48020398,,51
2022,47932874,,51
2022,47932875,,51
2022,48378304,,51
2022,47932876,,51
2022,48330542,,51
2022,48330543,,51
2022,48330544,,51
2022,48463541,,51
2022,48463542,,51
2022,48463543,,51
2022,48074270,,51
2022,48074271,,51
2022,48741753,,51
2022,48074272,,51
2022,48741754,,51
2022,48741755,,51
2022,48741756,,51
2022,48741757,,51
2022,48741758,,51
2022,48795089,,51
2022,48741759,,51
2022,49361723,,51
2022,49361724,,51
2022,49361725,,51
2022,49361726,,51
2022,49361727,,51
2022,49361729,,51
2022,49361730,,3
2022,49361731,,51
2022,49361732,,52
2022,47961797,,51
2022,48041181,,51
2022,49559750,,51
2022,49559751,,51
2022,48041182,,51
2022,48049922,,1
2022,48009548,,51
2022,49559752,,51
2022,49559753,,51
2022,49559754,,51
2022,49559755,,51
2022,50002656,,51
2022,49359512,,51
2022,48100601,,51
2022,50002657,,3
2022,50002657,,52
2022,50002658,,51
2022,50002659,,51
2022,49359513,,51
2022,48030032,,51
2022,50002660,,51
2022,48490868,,51
2022,50002661,,51
2022,50550540,,51
2022,50550541,,51
2022,50550543,,51
2022,50550544,,51
2022,50550545,,51
2022,48439390,,51
2022,48020402,,51
2022,48020403,,51
2022,49359514,,51
2022,48330540,,51
2022,48132785,,51
2022,47834899,,51
2022,47834900,,51
2022,47834901,,51
2022,50054693,,51
2022,48132786,,51
2022,48026417,,53
2022,48044214,,51
2022,50054694,,51
2022,50054696,,51
2022,49888789,,51
2022,49888790,,51
2022,48132787,,51
2022,46561427,,51
2022,48493047,,51
2022,48020404,,51
2022,48020405,,51
2022,48177441,,51
2022,48026418,,51
2022,46561428,,51
2022,46561429,,51
2022,46561430,,51
2022,46561431,,51
2022,46815843,,51
2022,47195316,,51
2022,47195317,,51
2022,47195318,,51
2022,47195319,,51
2022,47195320,,51
2022,47195321,,51
2022,47195322,,51
2022,47195323,,51
2022,47508021,,51
2022,47508022,,51
2022,47508023,,51
2022,47508028,,51
2022,47508030,,51
2022,48332582,,51
2022,48332583,,51
2022,48044215,,51
2022,48142921,,51
2022,47774767,,51
2022,47774768,,51
2022,47774769,,51
2022,47774770,,51
2022,47774771,,51
2022,48026419,,3
2022,48162845,,51
2022,48123764,,51
2022,48162846,,51
2022,48162848,,51
2022,48123765,,51
2022,48350678,,51
2022,50522961,,1
2022,48074273,,51
2022,48162849,,51
2022,48539782,,51
2022,48539783,,51
2022,48539784,,51
2022,48539785,,51
2022,48539787,,51
2022,48539788,,51
2022,48898816,,51
2022,48088381,,51
2022,48898817,,51
2022,48898818,,51
2022,49361943,,51
2022,48428284,,51
2022,48348468,,51
2022,49361944,,51
2022,49361945,,51
2022,49361948,,51
2022,49361949,,51
2022,49361950,,51
2022,50047836,,51
2022,50047837,,51
2022,49765983,,51
2022,50339531,,51
2022,48074275,,52
2022,49765984,,51
2022,48074276,,51
2022,49765985,,51
2022,48710624,,53
2022,49571135,,51
2022,51246209,,51
2022,51246210,,51
2022,51246211,,51
2022,51246212,,51
2022,51246213,,51
2022,51246214,,51
2022,51246215,,51
2022,51246216,,51
2022,51246217,,51
2022,48074278,,51
2022,48088382,,51
2022,50102537,,51
2022,50102538,,51
2022,50102539,,51
2022,50102540,,51
2022,50102541,,51
2022,50102542,,51
2022,50102543,,51
2022,50102544,,51
2022,48140203,,51
2022,50102545,,51
2022,48102085,,51
2022,50112231,,51
2022,48074279,,51
2022,50112232,,51
2022,48123766,,51
2022,48177442,,51
2022,48140722,,51
2022,50112233,,51
2022,49359517,,51
2022,49359518,,51
2022,48140204,,51
2022,50112234,,51
2022,50112235,,51
2022,50112236,,51
2022,48657646,,51
2022,48140205,,51
2022,50112237,,51
2022,48088383,,51
2022,48495319,,51
2022,48100602,,51
2022,50112238,,51
2022,48088384,,51
2022,48102086,,3
2022,48187304,,51
2022,50180959,,51
2022,50180961,,51
2022,50181075,,51
2022,50181095,,51
2022,50181126,,51
2022,48187305,,51
2022,50181486,,51
2022,50470404,,51
2022,50470405,,51
2022,50470406,,3
2022,50470407,,51
2022,50470408,,51
2022,50470409,,51
2022,48123768,,51
2022,48140723,,51
2022,48140724,,51
2022,50339532,,1
2022,48114763,,51
2022,48177443,,51
2022,48504173,,3
2022,50470410,,52
2022,50648751,,51
2022,50648752,,51
2022,50704333,,1
2022,50704334,,51
2022,50704335,,51
2022,46637446,,51
2022,46637447,,51
2022,46637448,,51
2022,46637449,,51
2022,48123769,,51
2022,48123770,,51
2022,48147702,,51
2022,46637450,,52
2022,46637451,,51
2022,48147703,,51
2022,48348469,,51
2022,48147704,,51
2022,46637453,,51
2022,46637454,,51
2022,46637455,,51
2022,46637458,,51
2022,46637462,,51
2022,46637464,,51
2022,46637466,,51
2022,46637470,,51
2022,46637471,,51
2022,46637475,,51
2022,46637478,,51
2022,46637480,,51
2022,46637481,,51
2022,46637483,,51
2022,46637484,,51
2022,46637490,,51
2022,46637493,,51
2022,46637494,,51
2022,46637495,,51
2022,46637498,,51
2022,46637499,,51
2022,46637500,,51
2022,46637501,,51
2022,46637503,,51
2022,46637504,,51
2022,46637505,,51
2022,46637506,,51
2022,46637507,,51
2022,46637508,,51
2022,46637509,,51
2022,49359519,,51
2022,49359520,,51
2022,48158245,,51
2022,46587378,,51
2022,46587379,,51
2022,46587380,,51
2022,46587381,,51
2022,49359521,,51
2022,48708074,,51
2022,46587382,,51
2022,46587383,,51
2022,48708075,,51
2022,48592348,,51
2022,46587384,,51
2022,48428285,,51
2022,48140206,,51
2022,46587385,,51
2022,46587388,,51
2022,46587389,,51
2022,46587390,,51
2022,46587391,,51
2022,46587392,,51
2022,48158247,,51
2022,46587393,,51
2022,46587394,,51
2022,46587395,,52
2022,46587396,,51
2022,46587398,,51
2022,46587399,,51
2022,46587404,,51
2022,46587405,,51
2022,46915111,,51
2022,48158246,,51
2022,48164711,,3
2022,48164712,,3
2022,46915112,,51
2022,46915113,,51
2022,46915114,,51
2022,46915115,,51
2022,46915116,,51
2022,46915118,,51
2022,46915119,,51
2022,46915121,,51
2022,46915122,,51
2022,46915123,,51
2022,46915124,,51
2022,46915125,,51
2022,46915126,,51
2022,48164713,,3
2022,48314526,,51
2022,48314527,,3
2022,48592349,,51
2022,48578404,,51
2022,48430553,,51
2022,48430554,,51
2022,48140207,,51
2022,46915127,,51
2022,46915128,,51
2022,46915130,,51
2022,46915131,,51
2022,46915132,,51
2022,46915133,,51
2022,47195324,,51
2022,47195325,,51
2022,47195326,,51
2022,47195328,,51
2022,47195329,,51
2022,47195330,,51
2022,47195332,,51
2022,47195333,,51
2022,47195334,,51
2022,47195335,,51
2022,47195336,,51
2022,47195337,,51
2022,47195338,,51
2022,48151427,,51
2022,48151428,,51
2022,48281907,,51
2022,47195339,,51
2022,47195340,,51
2022,47195341,,51
2022,48140208,,51
2022,47195342,,51
2022,47195343,,51
2022,47195344,,51
2022,47195345,,51
2022,47195346,,51
2022,47195347,,51
2022,47195348,,51
2022,47195349,,51
2022,47195350,,51
2022,47195351,,51
2022,47195352,,51
2022,47774772,,51
2022,47774774,,51
2022,47774776,,51
2022,47774777,,51
2022,47774778,,51
2022,47774779,,51
2022,47774780,,51
2022,48140725,,51
2022,47774781,,51
2022,47774782,,51
2022,47774783,,51
2022,47774784,,51
2022,47774785,,51
2022,47774786,,51
2022,47774787,,51
2022,47774788,,51
2022,47774789,,51
2022,47774790,,51
2022,47774791,,51
2022,47774792,,51
2022,47774793,,51
2022,47774794,,51
2022,47774796,,51
2022,47774798,,51
2022,47774799,,51
2022,47774800,,51
2022,49359522,,51
2022,48187306,,51
2022,48498170,,51
2022,48498171,,51
2022,48498172,,51
2022,48498173,,51
2022,48498174,,51
2022,48498175,,51
2022,48498176,,51
2022,48498177,,51
2022,48498178,,51
2022,48498179,,51
2022,48498180,,51
2022,48187307,,51
2022,49359523,,51
2022,48498182,,51
2022,48180183,,51
2022,48498183,,51
2022,51560045,,51
2022,48498184,,51
2022,48177446,,3
2022,48177447,,51
2022,48180184,,51
2022,48314528,,51
2022,50339533,,3
2022,48380886,,51
2022,48504174,,51
2022,49359524,,3
2022,48437539,,51
2022,48350679,,51
2022,48498186,,51
2022,48498187,,51
2022,48498188,,51
2022,48498189,,51
2022,48498191,,51
2022,48498192,,51
2022,48498193,,51
2022,48498194,,51
2022,48498196,,51
2022,48498197,,51
2022,48498199,,51
2022,48498200,,51
2022,48809109,,51
2022,48809110,,51
2022,48809111,,51
2022,48809112,,51
2022,48809113,,51
2022,48809114,,51
2022,48809115,,51
2022,48809116,,51
2022,48809118,,51
2022,48809119,,51
2022,48178017,,51
2022,48177449,,51
2022,48177450,,51
2022,48281908,,51
2022,50339534,,51
2022,48270855,,51
2022,48270856,,51
2022,48180185,,51
2022,48177451,,51
2022,48177452,,51
2022,48177453,,51
2022,51546523,,51
2022,48180186,,51
2022,48180187,,51
2022,48350680,,51
2022,48809120,,51
2022,48809121,,51
2022,48809122,,51
2022,48809123,,51
2022,48809124,,51
2022,48809125,,51
2022,48809127,,51
2022,48809128,,51
2022,48809129,,51
2022,48809130,,51
2022,48809131,,51
2022,48809132,,51
2022,48809133,,51
2022,48809134,,51
2022,48809135,,51
2022,48809136,,51
2022,48809137,,51
2022,48809138,,51
2022,48809139,,51
2022,48809140,,51
2022,48809141,,51
2022,48809142,,51
2022,48809143,,51
2022,48367403,,1
2022,48840192,,51
2022,48187308,,51
2022,48350681,,51
2022,48391724,,51
2022,48314529,,51
2022,48314530,,51
2022,48479993,,51
2022,48314531,,51
2022,48178018,,51
2022,48189556,,51
2022,50716639,,51
2022,48281909,,51
2022,49361962,,51
2022,48350682,,51
2022,48332585,,51
2022,48467802,,51
2022,48592350,,51
2022,48435307,,3
2022,48391725,,51
2022,48314532,,51
2022,48314533,,51
2022,48902052,,51
2022,48902053,,51
2022,48378986,,51
2022,50977604,,51
2022,50003895,,51
2022,49361963,,51
2022,49361964,,51
2022,49361965,,51
2022,49361966,,51
2022,49361967,,51
2022,49361968,,51
2022,49361969,,51
2022,48495320,,51
2022,48493052,,51
2022,48515679,,3
2022,49359526,,51
2022,49359527,,3
2022,49359528,,3
2022,48350683,,51
2022,48367405,,51
2022,48367406,,51
2022,48367407,,3
2022,48740938,,51
2022,49361970,,51
2022,49361971,,51
2022,49361972,,51
2022,48332586,,52
2022,49361973,,51
2022,49361974,,51
2022,49361975,,51
2022,48350684,,51
2022,48391726,,51
2022,48467803,,51
2022,50716640,,51
2022,48367408,,51
2022,48428286,,51
2022,48391727,,51
2022,49359529,,51
2022,48467804,,51
2022,48415533,,51
2022,48435308,,51
2022,48435309,,51
2022,48458504,,51
2022,48439391,,51
2022,49361976,,51
2022,49361977,,51
2022,49359530,,3
2022,49361978,,51
2022,48479994,,51
2022,49553534,,51
2022,48435310,,51
2022,49553535,,51
2022,49553536,,51
2022,48467806,,51
2022,48439392,,51
2022,49553537,,51
2022,49553538,,51
2022,48439393,,51
2022,48439394,,51
2022,48428287,,51
2022,48490870,,51
2022,49553539,,51
2022,48456013,,51
2022,49553540,,51
2022,48499740,,51
2022,49553541,,51
2022,49359531,,9
2022,49359532,,51
2022,48437542,,51
2022,48439396,,51
2022,48515680,,51
2022,49553542,,51
2022,48515681,,51
2022,48515682,,51
2022,51279605,,51
2022,49359533,,51
2022,48515683,,51
2022,49553543,,51
2022,49553544,,51
2022,49553545,,51
2022,49553546,,51
2022,49553547,,51
2022,49553548,,51
2022,49553549,,51
2022,49553550,,51
2022,49553552,,51
2022,49553553,,51
2022,49553554,,51
2022,49553555,,51
2022,49553556,,51
2022,49553557,,51
2022,49553558,,51
2022,49553559,,51
2022,49553560,,51
2022,49553561,,51
2022,49553562,,51
2022,49553563,,51
2022,50003896,,51
2022,49359534,,51
2022,50003897,,51
2022,50003899,,51
2022,48752402,,51
2022,48458506,,51
2022,48504176,,51
2022,50003900,,51
2022,48490871,,51
2022,48479997,,51
2022,48499741,,51
2022,48499742,,51
2022,48493053,,51
2022,48479999,,51
2022,48490872,,51
2022,48490873,,51
2022,49359535,,51
2022,49359536,,51
2022,48480000,,51
2022,48592351,,51
2022,48504177,,51
2022,48501877,,51
2022,48493055,,51
2022,48905360,,51
2022,48905361,,51
2022,49359537,,52
2022,48517618,,51
2022,50003901,,51
2022,48517619,,51
2022,50003902,,51
2022,50003903,,51
2022,48517620,,51
2022,50003905,,51
2022,48574507,,3
2022,48574508,,51
2022,50003906,,51
2022,49359538,,51
2022,50003907,,51
2022,48515684,,51
2022,48592352,,51
2022,51546524,,3
2022,50003908,,51
2022,50003909,,51
2022,50003910,,51
2022,51546525,,51
2022,51546526,,51
2022,51546527,,51
2022,51546528,,51
2022,51546529,,51
2022,51546530,,51
2022,51546531,,51
2022,51546532,,51
2022,51546533,,51
2022,51546534,,51
2022,51546535,,51
2022,51546536,,51
2022,51546537,,51
2022,51546538,,51
2022,51546539,,51
2022,51546540,,51
2022,51546541,,51
2022,51546542,,51
2022,51546543,,51
2022,51546544,,51
2022,50716641,,51
2022,48755418,,51
2022,48574509,,51
2022,48515685,,51
2022,50003911,,51
2022,48515686,,51
2022,48515687,,51
2022,48515688,,51
2022,50003912,,51
2022,50003913,,51
2022,50003914,,51
2022,50003915,,51
2022,48515689,,51
2022,50003917,,51
2022,50003918,,51
2022,50339535,,51
2022,50339536,,51
2022,50954537,,51
2022,50954538,,51
2022,50954540,,51
2022,50954541,,51
2022,50954542,,51
2022,50954543,,51
2022,50954544,,51
2022,50954545,,51
2022,50954546,,51
2022,50339537,,51
2022,49359560,,51
2022,49359561,,51
2022,49359562,,51
2022,49359563,,51
2022,48796234,,51
2022,48796235,,51
2022,48796236,,51
2022,49359564,,52
2022,49359565,,51
2022,49359566,,51
2022,49359567,,51
2022,49359568,,51
2022,49359569,,51
2022,49359570,,51
2022,49359571,,51
2022,49359572,,51
2022,49359573,,51
2022,49359574,,51
2022,49359575,,51
2022,49359576,,51
2022,49359577,,51
2022,49359578,,51
2022,49359579,,51
2022,49359580,,51
2022,49359581,,51
2022,49359582,,51
2022,49359583,,51
2022,49359584,,51
2022,49359585,,51
2022,48835688,,51
2022,50954547,,51
2022,50954548,,51
2022,50954549,,51
2022,50954550,,51
2022,50954551,,51
2022,50954552,,51
2022,50954553,,51
2022,51424347,,51
2022,49359586,,51
2022,49359587,,51
2022,49359588,,51
2022,50664331,,51
2022,49359590,,51
2022,49359591,,51
2022,49359593,,51
2022,49359594,,51
2022,49359595,,52
2022,49359596,,51
2022,49359597,,51
2022,49359598,,51
2022,48812684,,51
2022,48812685,,51
2022,48812686,,51
2022,49359599,,51
2022,49359600,,51
2022,48989503,,51
2022,49359601,,51
2022,48752403,,51
2022,48762366,,51
2022,48878603,,51
2022,49359602,,51
2022,49359603,,51
2022,48835689,,52
2022,48878604,,51
2022,49359604,,51
2022,49359605,,51
2022,48764240,,51
2022,49359606,,51
2022,48764242,,51
2022,49359607,,51
2022,48764243,,51
2022,48764244,,51
2022,49359608,,51
2022,48835690,,51
2022,48840195,,51
2022,48796239,,51
2022,48810800,,51
2022,48806368,,51
2022,49359609,,51
2022,49359610,,51
2022,49359611,,51
2022,49359612,,51
2022,48878605,,3
2022,48878606,,51
2022,49359613,,51
2022,49359614,,51
2022,48812687,,51
2022,48812688,,51
2022,48878607,,52
2022,48878608,,3
2022,49359616,,51
2022,49359617,,51
2022,48878609,,51
2022,48835691,,51
2022,48835692,,51
2022,48962433,,51
2022,49359618,,52
2022,49364804,,51
2022,48917648,,51
2022,49359620,,51
2022,49359621,,51
2022,48946904,,51
2022,48835693,,51
2022,49359622,,51
2022,49359623,,51
2022,49359624,,51
2022,49359625,,51
2022,49359626,,51
2022,48902055,,51
2022,48979136,,51
2022,49359627,,51
2022,49359628,,51
2022,49359629,,51
2022,48946906,,3
2022,48946907,,51
2022,48946908,,51
2022,48946909,,51
2022,48946910,,51
2022,49359630,,51
2022,49359631,,51
2022,51036738,,1
2022,48902057,,52
2022,48946911,,51
2022,48348475,,51
2022,49359633,,51
2022,49359634,,51
2022,48946912,,51
2022,48946913,,51
2022,48979137,,51
2022,49359635,,51
2022,49359636,,51
2022,49359637,,51
2022,49359638,,51
2022,49364805,,51
2022,48348476,,52
2022,49359639,,51
2022,49359640,,51
2022,49359641,,51
2022,49359642,,51
2022,49359643,,51
2022,49359644,,51
2022,49359645,,51
2022,49359647,,51
2022,49359648,,51
2022,49359649,,51
2022,49359650,,51
2022,49359651,,51
2022,49359652,,51
2022,49359653,,51
2022,49359654,,51
2022,49359655,,51
2022,49359656,,3
2022,49359657,,51
2022,49359658,,51
2022,49359659,,51
2022,49359660,,51
2022,49359661,,51
2022,49359662,,51
2022,50080017,,51
2022,48348477,,51
2022,48348478,,51
2022,49359664,,51
2022,49359665,,51
2022,49359666,,51
2022,49359667,,51
2022,49359668,,51
2022,49359669,,51
2022,49359670,,51
2022,48348479,,51
2022,49359673,,51
2022,49359674,,51
2022,49359675,,51
2022,49359676,,51
2022,49359677,,3
2022,49359678,,51
2022,49359681,,51
2022,49359682,,51
2022,49359683,,51
2022,49359684,,51
2022,49359685,,51
2022,50080018,,51
2022,49359687,,51
2022,49359688,,51
2022,49359689,,51
2022,49359690,,51
2022,49359691,,51
2022,49359692,,51
2022,49359693,,51
2022,50848102,,51
2022,48348480,,51
2022,48348481,,51
2022,49359695,,51
2022,51369761,,51
2022,49563893,,51
2022,49359696,,51
2022,49359697,,51
2022,50685819,,51
2022,49359698,,51
2022,49359699,,3
2022,51050982,,51
2022,48348482,,51
2022,48348483,,51
2022,48348484,,51
2022,48348485,,51
2022,48348486,,51
2022,48348487,,51
2022,48348488,,51
2022,48365888,,51
2022,48365889,,51
2022,48365890,,51
2022,48365891,,9
2022,48365892,,51
2022,48365893,,51
2022,48365894,,51
2022,48365895,,51
2022,48365896,,51
2022,48365897,,51
2022,48365898,,51
2022,48365899,,52
2022,48365900,,51
2022,48365902,,51
2022,48365903,,51
2022,48365904,,51
2022,48365905,,51
2022,48365906,,51
2022,51050983,,51
2022,51050984,,51
2022,51050985,,51
2022,51050986,,51
2022,49359705,,51
2022,49359706,,51
2022,49359707,,51
2022,49359708,,51
2022,49359709,,51
2022,49359710,,51
2022,49359711,,51
2022,49549383,,51
2022,49359713,,52
2022,48365907,,51
2022,48365908,,51
2022,48365909,,51
2022,48365910,,51
2022,48365911,,51
2022,48365912,,51
2022,48365913,,51
2022,48365915,,51
2022,48365916,,51
2022,48539789,,3
2022,49359714,,51
2022,49359716,,51
2022,49466416,,51
2022,49466417,,51
2022,49466418,,51
2022,49466419,,51
2022,48539790,,51
2022,50339539,,51
2022,48539791,,51
2022,49359722,,51
2022,49359723,,51
2022,49359724,,51
2022,49466420,,51
2022,49466421,,51
2022,49359727,,51
2022,49359728,,51
2022,49359729,,51
2022,49359730,,51
2022,49359731,,51
2022,49359732,,51
2022,49359733,,51
2022,49359735,,51
2022,49359736,,51
2022,49359737,,51
2022,49359738,,3
2022,49359739,,51
2022,50339540,,51
2022,49359740,,51
2022,51550934,,51
2022,49359741,,51
2022,49359742,,51
2022,49359743,,51
2022,49359744,,51
2022,49627939,,51
2022,49359746,,51
2022,50980397,,51
2022,49359747,,51
2022,49463373,,51
2022,49363016,,51
2022,49363017,,51
2022,49363018,,51
2022,49363019,,51
2022,49363020,,51
2022,49363021,,51
2022,49363022,,51
2022,49363023,,51
2022,49363024,,51
2022,49363025,,51
2022,50959479,,3
2022,49363026,,51
2022,49363027,,51
2022,49363028,,51
2022,49359750,,51
2022,49359751,,51
2022,49359752,,51
2022,49685568,,51
2022,49685569,,51
2022,49359753,,51
2022,50339541,,51
2022,50339542,,51
2022,49359756,,51
2022,49359757,,51
2022,49359758,,51
2022,49627940,,51
2022,49359760,,51
2022,49609639,,51
2022,49359761,,51
2022,49359762,,51
2022,49897952,,51
2022,49897953,,51
2022,49766657,,51
2022,49359764,,51
2022,50052735,,51
2022,49463375,,51
2022,49463376,,51
2022,49554810,,51
2022,49460709,,51
2022,49627941,,51
2022,49364807,,51
2022,50339543,,51
2022,50339544,,51
2022,49460711,,51
2022,49613439,,51
2022,49559017,,51
2022,49562940,,51
2022,49764564,,51
2022,48162850,,51
2022,49609640,,3
2022,50339545,,51
2022,49562941,,51
2022,49549384,,52
2022,49559018,,51
2022,49580004,,51
2022,48162851,,51
2022,48162853,,51
2022,48162854,,51
2022,49764565,,51
2022,49608599,,51
2022,49559019,,51
2022,50026289,,1
2022,48162855,,51
2022,50339546,,51
2022,50339547,,51
2022,49609643,,51
2022,50338623,,51
2022,50338624,,51
2022,50026290,,51
2022,48162856,,51
2022,50026291,,51
2022,48162857,,51
2022,48162858,,51
2022,48162860,,51
2022,50026292,,51
2022,48162861,,51
2022,50047840,,51
2022,48162862,,51
2022,50026294,,51
2022,48162863,,51
2022,50026295,,51
2022,48162864,,51
2022,50026296,,51
2022,48162865,,51
2022,51251854,,51
2022,50026297,,51
2022,48162866,,51
2022,50026298,,51
2022,48162867,,51
2022,50026299,,51
2022,48162868,,51
2022,48162869,,51
2022,50026300,,51
2022,48162870,,51
2022,50047841,,51
2022,48162872,,51
2022,50047842,,51
2022,48162873,,51
2022,49764569,,51
2022,48162874,,51
2022,48162875,,51
2022,48162876,,51
2022,48162877,,51
2022,48162878,,51
2022,49634397,,51
2022,49609644,,51
2022,49609645,,51
2022,50339548,,1
2022,49689253,,51
2022,50339549,,51
2022,50339550,,51
2022,49764570,,51
2022,50339551,,1
2022,51369762,,51
2022,50339552,,51
2022,50605027,,51
2022,49772241,,51
2022,50339553,,51
2022,49689254,,52
2022,50080019,,51
2022,51279608,,51
2022,48162879,,51
2022,48162880,,51
2022,48162881,,51
2022,48162882,,51
2022,48162883,,51
2022,48162884,,51
2022,48162885,,52
2022,48162886,,51
2022,48162887,,51
2022,48162888,,51
2022,48162889,,51
2022,48162890,,51
2022,48162891,,51
2022,51369763,,51
2022,50627098,,51
2022,48162892,,51
2022,48162893,,51
2022,48162894,,51
2022,50915049,,51
2022,48162895,,51
2022,48162896,,51
2022,48162897,,51
2022,48162898,,52
2022,50915050,,51
2022,50694147,,51
2022,48162899,,51
2022,48162900,,51
2022,48162901,,51
2022,48162902,,51
2022,48162903,,51
2022,48162904,,51
2022,49685545,,51
2022,48162905,,51
2022,48162906,,51
2022,48162907,,52
2022,48162908,,51
2022,48162909,,51
2022,49949139,,51
2022,49949147,,51
2022,49949150,,51
2022,49949154,,51
2022,50087990,,51
2022,49957926,,51
2022,49969180,,51
2022,48162910,,51
2022,49969182,,51
2022,49974082,,51
2022,49974083,,51
2022,50026564,,51
2022,50026565,,51
2022,48162911,,51
2022,50026566,,51
2022,48162912,,51
2022,50043833,,51
2022,50043834,,51
2022,48162913,,52
2022,50043835,,51
2022,48162914,,51
2022,48162915,,51
2022,50087991,,51
2022,50102517,,51
2022,50212705,,51
2022,50212706,,51
2022,50212707,,51
2022,50212709,,51
2022,50212710,,51
2022,50212711,,51
2022,50236689,,51
2022,50236690,,51
2022,50264287,,51
2022,50339633,,51
2022,48162916,,51
2022,48162917,,51
2022,48162918,,51
2022,48162919,,51
2022,48162920,,51
2022,48162921,,51
2022,50339634,,51
2022,50344650,,51
2022,50344651,,51
2022,50344652,,51
2022,50344653,,51
2022,50344654,,51
2022,50379156,,51
2022,50379157,,51
2022,50395315,,51
2022,50395316,,51
2022,50395317,,51
2022,50395318,,51
2022,50395319,,51
2022,50395320,,51
2022,50395321,,51
2022,50395322,,51
2022,45488616,,51
2022,45297084,,51
2022,45297085,,51
2022,49609874,,51
2022,48162923,,51
2022,45560179,,51
2022,48162924,,51
2022,49609875,,51
2022,45950787,,51
2022,48162925,,51
2022,46240070,,51
2022,46275298,,51
2022,46560492,,51
2022,48162926,,51
2022,48162927,,51
2022,48162929,,51
2022,48162930,,51
2022,46875688,,51
2022,51119680,,52
2022,48162931,,51
2022,48162932,,52
2022,46886687,,51
2022,49609876,,51
2022,46927762,,51
2022,47675653,,51
2022,51052118,,51
2022,48162933,,52
2022,48162934,,51
2022,48011068,,51
2022,47834898,,51
2022,50550526,,51
2022,48162935,,51
2022,48162937,,51
2022,48162938,,51
2022,48162939,,51
2022,48144088,,51
2022,48162940,,51
2022,50112228,,51
2022,49609877,,51
2022,48491789,,51
2022,48507338,,51
2022,48162941,,51
2022,48162944,,51
2022,48539779,,51
2022,49360437,,51
2022,48875354,,51
2022,49790579,,51
2022,45268401,,51
2022,48162945,,51
2022,48162946,,51
2022,48162947,,51
2022,48162949,,51
2022,48162950,,51
2022,49608600,,51
2022,48140726,,51
2022,48162951,,51
2022,45215757,,51
2022,45091888,,51
2022,48162952,,51
2022,45091889,,51
2022,45091890,,51
2022,48140727,,3
2022,48162953,,51
2022,48162954,,51
2022,48162955,,51
2022,48162957,,51
2022,48162958,,51
2022,48162959,,51
2022,48162960,,51
2022,45039530,,51
2022,48162961,,51
2022,48162962,,51
2022,45174441,,51
2022,45174442,,51
2022,45105035,,51
2022,45271917,,51
2022,45220150,,51
2022,45331650,,51
2022,45331651,,51
2022,45215758,,51
2022,45233155,,51
2022,48162964,,51
2022,48162965,,51
2022,48162966,,51
2022,45215759,,51
2022,45228962,,51
2022,45298656,,51
2022,48162967,,51
2022,48162968,,51
2022,48162969,,51
2022,48162972,,51
2022,48162973,,51
2022,48162974,,51
2022,45228963,,51
2022,46816453,,51
2022,46816454,,51
2022,45510926,,51
2022,46311406,,51
2022,45510928,,51
2022,45298657,,51
2022,48380888,,51
2022,47328319,,51
2022,46243203,,51
2022,48162975,,51
2022,46243204,,51
2022,46249164,,51
2022,46249165,,51
2022,45497794,,51
2022,49608601,,51
2022,46928457,,51
2022,45940842,,3
2022,48162976,,51
2022,48162978,,51
2022,48162979,,52
2022,47795386,,51
2022,45796760,,51
2022,45524695,,51
2022,45700764,,51
2022,45536324,,51
2022,48140728,,51
2022,48162980,,51
2022,45662342,,51
2022,45700765,,51
2022,45700766,,51
2022,45680991,,51
2022,45662343,,51
2022,48162981,,51
2022,45662344,,51
2022,45662345,,51
2022,45662586,,51
2022,45765557,,51
2022,45680992,,51
2022,45700767,,51
2022,48140729,,51
2022,45812965,,51
2022,47843918,,51
2022,45812966,,51
2022,45826844,,51
2022,46280172,,51
2022,45979921,,51
2022,48162982,,51
2022,46016508,,51
2022,48162983,,51
2022,46016509,,51
2022,46560493,,51
2022,46243205,,51
2022,46055377,,51
2022,48162985,,51
2022,46816455,,51
2022,46075022,,51
2022,48162986,,51
2022,48162987,,51
2022,48162988,,51
2022,46286204,,52
2022,46269014,,51
2022,46277198,,51
2022,48162989,,51
2022,48162990,,51
2022,46282260,,51
2022,46324956,,51
2022,48162991,,51
2022,46324957,,51
2022,46295323,,51
2022,46277199,,51
2022,48162992,,51
2022,46560495,,51
2022,46939129,,51
2022,46939130,,51
2022,46297909,,51
2022,48162993,,51
2022,48162995,,51
2022,46285916,,51
2022,48162996,,3
2022,46282261,,51
2022,46347572,,52
2022,46352020,,51
2022,50338639,,51
2022,46297910,,51
2022,47233262,,53
2022,46908718,,51
2022,46324958,,51
2022,46560500,,52
2022,46311102,,51
2022,46311407,,51
2022,48162997,,51
2022,46560501,,51
2022,46560502,,51
2022,46560503,,51
2022,46560504,,51
2022,46560505,,51
2022,46560506,,51
2022,49627945,,51
2022,46560508,,51
2022,46560509,,51
2022,46560510,,51
2022,46560511,,51
2022,46560512,,51
2022,46560513,,51
2022,48162998,,51
2022,48162999,,51
2022,48163002,,51
2022,48163003,,51
2022,48163004,,51
2022,46560514,,51
2022,46560515,,51
2022,46560516,,51
2022,46560517,,51
2022,48510681,,51
2022,48499744,,51
2022,47114924,,51
2022,46562704,,51
2022,46562705,,51
2022,46562706,,51
2022,46621859,,51
2022,46638957,,51
2022,48163005,,51
2022,48163006,,51
2022,50167025,,51
2022,47331335,,51
2022,47331336,,51
2022,49360438,,51
2022,46628800,,51
2022,46594440,,51
2022,46615307,,53
2022,48163007,,51
2022,46699392,,51
2022,46835163,,51
2022,46621862,,51
2022,46615309,,51
2022,49608602,,51
2022,46664201,,51
2022,46749832,,51
2022,46664203,,51
2022,46749833,,51
2022,50627112,,53
2022,46749834,,51
2022,46816457,,51
2022,46960348,,51
2022,46883646,,51
2022,46969392,,51
2022,46819649,,51
2022,46877156,,51
2022,46877157,,51
2022,46908719,,51
2022,46908720,,51
2022,46883648,,51
2022,46879768,,51
2022,46883649,,51
2022,47331552,,51
2022,46883650,,51
2022,47114925,,51
2022,46879951,,51
2022,46915922,,51
2022,47271780,,51
2022,49360439,,51
2022,47159997,,51
2022,46928458,,51
2022,47168700,,51
2022,48163008,,51
2022,47159998,,51
2022,47159999,,51
2022,47353310,,51
2022,46979827,,51
2022,47332092,,51
2022,46969393,,51
2022,47289375,,51
2022,47302334,,51
2022,48163010,,51
2022,47505758,,51
2022,46986707,,51
2022,46986708,,51
2022,47328320,,51
2022,47172974,,51
2022,47030704,,51
2022,47030705,,51
2022,47085382,,51
2022,47230380,,52
2022,47114926,,51
2022,47302335,,51
2022,47168703,,51
2022,47168704,,51
2022,47289376,,51
2022,47160002,,51
2022,47168705,,51
2022,47160003,,51
2022,47168706,,51
2022,49360440,,51
2022,47230381,,51
2022,47230382,,51
2022,47230383,,51
2022,47230384,,51
2022,47233266,,51
2022,47230385,,51
2022,47230386,,51
2022,47230387,,51
2022,47230388,,51
2022,47230389,,51
2022,47332093,,51
2022,48163011,,51
2022,48163012,,51
2022,48540957,,51
2022,48540958,,51
2022,48367409,,51
2022,48310151,,51
2022,48310153,,51
2022,48310154,,51
2022,48310155,,51
2022,48310156,,51
2022,48310157,,51
2022,47514943,,51
2022,47514944,,51
2022,47353311,,51
2022,48310158,,51
2022,47420707,,51
2022,48272205,,51
2022,48163013,,51
2022,48272206,,51
2022,48272207,,51
2022,48044216,,51
2022,48163014,,51
2022,48272208,,51
2022,48758103,,51
2022,48758104,,51
2022,47514945,,51
2022,48163015,,51
2022,48902058,,51
2022,47431389,,51
2022,48810801,,51
2022,48758105,,51
2022,47662046,,51
2022,47662047,,51
2022,47505762,,51
2022,47560918,,51
2022,47621226,,51
2022,47510269,,51
2022,48796243,,51
2022,47836589,,51
2022,47565707,,51
2022,49743664,,51
2022,48840196,,51
2022,48587500,,51
2022,47647400,,51
2022,47662049,,51
2022,47662051,,51
2022,47818993,,51
2022,48163016,,51
2022,47621228,,51
2022,47671266,,51
2022,49608603,,51
2022,47746361,,51
2022,47666155,,51
2022,47666156,,51
2022,47671267,,51
2022,47699606,,51
2022,47666157,,51
2022,47671268,,51
2022,47795387,,51
2022,47719320,,51
2022,48026420,,51
2022,48163017,,51
2022,47721650,,51
2022,47818994,,51
2022,47699608,,51
2022,47746362,,51
2022,47721651,,51
2022,47746363,,51
2022,47804498,,51
2022,47750068,,51
2022,47783081,,51
2022,47783082,,51
2022,47818995,,51
2022,47866827,,51
2022,48163018,,52
2022,47795388,,51
2022,47993133,,51
2022,47843920,,51
2022,47993134,,51
2022,47850471,,51
2022,47870920,,51
2022,48796244,,51
2022,48163019,,51
2022,48163020,,51
2022,48902059,,51
2022,47932879,,51
2022,47932880,,51
2022,48088386,,3
2022,48163021,,51
2022,48163022,,51
2022,48163023,,51
2022,48467808,,51
2022,47993135,,51
2022,48100604,,51
2022,48163024,,52
2022,48163025,,51
2022,48574512,,51
2022,48578408,,7
2022,48026422,,51
2022,48030033,,51
2022,48030034,,51
2022,48030035,,51
2022,48030036,,51
2022,48163026,,51
2022,48578409,,51
2022,48587501,,51
2022,48574513,,51
2022,48071621,,51
2022,48030037,,51
2022,48380889,,51
2022,48044219,,51
2022,48163027,,51
2022,48071625,,51
2022,48163028,,51
2022,48796245,,51
2022,48163029,,51
2022,48163030,,51
2022,48071627,,51
2022,48074072,,51
2022,48088387,,51
2022,48163031,,51
2022,48074282,,51
2022,48163032,,51
2022,48163033,,51
2022,48088388,,51
2022,50631018,,51
2022,48163034,,51
2022,48163035,,51
2022,48163038,,51
2022,48163039,,51
2022,48796246,,51
2022,48163040,,51
2022,48163041,,51
2022,48163042,,51
2022,48163043,,51
2022,48136471,,51
2022,48164715,,51
2022,48163044,,51
2022,48163045,,51
2022,48796247,,51
2022,48796248,,51
2022,49360442,,51
2022,51205388,,51
2022,48385469,,51
2022,48177454,,51
2022,48902060,,51
2022,48350685,,51
2022,48272211,,51
2022,48574516,,51
2022,48574517,,51
2022,49360443,,51
2022,48281911,,51
2022,48472442,,51
2022,48758107,,51
2022,48758108,,51
2022,48332588,,51
2022,48385470,,51
2022,48574519,,51
2022,48574520,,51
2022,50627113,,51
2022,48163046,,51
2022,48480001,,51
2022,48465966,,51
2022,48163047,,51
2022,48163048,,52
2022,50917526,,51
2022,48499745,,51
2022,49360444,,52
2022,48504178,,51
2022,48504179,,51
2022,48467811,,51
2022,48540962,,51
2022,48514858,,51
2022,48163049,,51
2022,48163050,,51
2022,48163051,,51
2022,48163052,,51
2022,48810802,,51
2022,48840197,,51
2022,48578410,,51
2022,48902061,,51
2022,48578411,,51
2022,48574523,,51
2022,48758109,,51
2022,48758110,,51
2022,48758111,,51
2022,48878615,,51
2022,48796249,,51
2022,48878616,,51
2022,48902062,,51
2022,49360445,,51
2022,48761596,,51
2022,48163053,,51
2022,48163054,,51
2022,48945847,,51
2022,48945848,,51
2022,50131183,,51
2022,48945850,,51
2022,48945851,,51
2022,48945852,,51
2022,49360446,,51
2022,49360447,,51
2022,49360448,,51
2022,49360449,,51
2022,49360450,,51
2022,49360451,,51
2022,48946919,,51
2022,49360452,,51
2022,49360453,,51
2022,49360454,,51
2022,49360455,,51
2022,50583656,,51
2022,48163055,,51
2022,49360456,,51
2022,49466422,,51
2022,49360458,,51
2022,49360459,,51
2022,49360460,,51
2022,49360461,,51
2022,48163056,,51
2022,49360462,,51
2022,49360463,,51
2022,49360464,,51
2022,49360466,,51
2022,49360467,,51
2022,49360468,,51
2022,49360469,,51
2022,49360470,,51
2022,49689256,,51
2022,49360472,,51
2022,49466424,,51
2022,49466425,,51
2022,49466426,,51
2022,49689257,,51
2022,50717755,,51
2022,48163057,,51
2022,48163058,,51
2022,48163059,,51
2022,49689258,,51
2022,49364810,,51
2022,49360479,,51
2022,49360480,,51
2022,49360481,,52
2022,49627946,,51
2022,49592749,,51
2022,49360483,,51
2022,49360484,,51
2022,49563898,,51
2022,50026304,,51
2022,48163060,,51
2022,48163061,,51
2022,49627947,,52
2022,49840567,,51
2022,50553396,,52
2022,49455978,,51
2022,49360486,,51
2022,48163062,,51
2022,48163063,,51
2022,48163064,,51
2022,49463377,,51
2022,49463378,,51
2022,49571144,,51
2022,50694167,,51
2022,49593948,,51
2022,49593949,,51
2022,49560733,,51
2022,49560734,,51
2022,49559746,,51
2022,49588314,,51
2022,49560735,,51
2022,49588315,,51
2022,49608604,,51
2022,49973631,,51
2022,48163065,,51
2022,49588316,,51
2022,50026305,,51
2022,49772243,,51
2022,50980398,,51
2022,49593951,,51
2022,49743666,,51
2022,49689259,,51
2022,49797106,,51
2022,49797107,,51
2022,49685546,,51
2022,47621229,,51
2022,48163066,,51
2022,48163067,,51
2022,48163068,,51
2022,48163069,,51
2022,48163070,,51
2022,48163072,,51
2022,48163073,,51
2022,48163074,,51
2022,48163075,,51
2022,48163076,,51
2022,48163077,,51
2022,48163078,,9
2022,48163079,,51
2022,48163080,,51
2022,48163081,,51
2022,48163082,,51
2022,48163083,,51
2022,48163084,,51
2022,48163088,,51
2022,48163089,,51
2022,48163090,,51
2022,48163091,,51
2022,48156286,,51
2022,48156287,,51
2022,48156288,,51
2022,48156289,,51
2022,47621230,,3
2022,45009060,,51
2022,47993136,,51
2022,45519617,,51
2022,48140731,,51
2022,45174443,,51
2022,45223146,,51
2022,48156290,,51
2022,45100208,,51
2022,45536326,,51
2022,45174444,,51
2022,45233156,,51
2022,49608605,,51
2022,45536327,,51
2022,45298658,,51
2022,45812967,,51
2022,45326975,,51
2022,45659264,,51
2022,48156291,,51
2022,48156292,,51
2022,48156293,,51
2022,45628329,,51
2022,45271918,,51
2022,45659232,,51
2022,48156294,,51
2022,48156295,,51
2022,45663851,,51
2022,45777813,,51
2022,45846263,,51
2022,51427389,,51
2022,48156296,,51
2022,45490715,,51
2022,45536329,,51
2022,45846264,,52
2022,45680993,,51
2022,50694172,,51
2022,50694173,,51
2022,45663852,,3
2022,46560748,,51
2022,47079983,,51
2022,45812968,,51
2022,48140732,,51
2022,48156297,,51
2022,48156298,,51
2022,48156299,,51
2022,48156300,,51
2022,45644999,,51
2022,45940843,,51
2022,48156301,,51
2022,45826845,,51
2022,51012880,,51
2022,48156302,,51
2022,51012881,,51
2022,45932286,,51
2022,48156303,,51
2022,48156304,,51
2022,48156305,,51
2022,45846269,,51
2022,45846270,,51
2022,45841141,,51
2022,45723789,,51
2022,48140733,,51
2022,45940844,,51
2022,48156306,,51
2022,46150757,,51
2022,46288003,,51
2022,46288004,,51
2022,46150758,,51
2022,48156307,,51
2022,48156308,,51
2022,48156309,,51
2022,47961800,,51
2022,50357670,,51
2022,50968150,,51
2022,46265261,,51
2022,48708092,,51
2022,48156310,,51
2022,48156311,,51
2022,46265262,,51
2022,46269271,,51
2022,45979930,,51
2022,48156312,,51
2022,48156313,,51
2022,48156314,,51
2022,46288005,,51
2022,45979931,,51
2022,45979932,,51
2022,45979933,,51
2022,48156315,,51
2022,48156316,,51
2022,45979936,,51
2022,46249574,,51
2022,46560750,,51
2022,46265263,,51
2022,48156317,,51
2022,48156318,,51
2022,46272747,,51
2022,47302336,,51
2022,46352023,,51
2022,46352024,,51
2022,46297515,,51
2022,49360872,,51
2022,46307433,,51
2022,46307434,,51
2022,46560751,,51
2022,46324961,,51
2022,46560752,,51
2022,46560753,,51
2022,51098266,,51
2022,48156319,,51
2022,48156320,,51
2022,48156321,,51
2022,48156322,,51
2022,48156323,,51
2022,48156324,,51
2022,46560755,,51
2022,51474459,,51
2022,46869643,,51
2022,46562708,,51
2022,47615986,,51
2022,46816458,,53
2022,46816459,,51
2022,46560761,,51
2022,46749836,,51
2022,50977612,,51
2022,46869644,,51
2022,46749837,,51
2022,46749838,,51
2022,46575194,,51
2022,48156325,,51
2022,48156326,,51
2022,46684551,,51
2022,46699395,,51
2022,46699396,,51
2022,50523902,,51
2022,50523903,,51
2022,49466427,,51
2022,46749839,,51
2022,46699398,,51
2022,48156327,,51
2022,46868653,,51
2022,46825711,,1
2022,47743408,,51
2022,47743409,,51
2022,47743410,,51
2022,47743411,,51
2022,46868654,,52
2022,46979828,,51
2022,48156328,,51
2022,46825712,,51
2022,46868655,,51
2022,49608608,,51
2022,49608609,,51
2022,47253079,,51
2022,46991838,,51
2022,46969396,,51
2022,48505838,,51
2022,48041183,,51
2022,47920353,,51
2022,47920354,,51
2022,47507990,,51
2022,47507991,,51
2022,47507992,,51
2022,47507993,,51
2022,46960350,,51
2022,50332677,,51
2022,48505839,,51
2022,46964818,,51
2022,47230391,,51
2022,47230392,,51
2022,47645097,,51
2022,47510272,,51
2022,48752405,,51
2022,47662052,,51
2022,47230394,,51
2022,49360875,,51
2022,47507996,,51
2022,49360876,,51
2022,47172978,,51
2022,47253080,,51
2022,47772292,,51
2022,47743412,,51
2022,47514946,,51
2022,47615987,,51
2022,47510273,,51
2022,47510274,,51
2022,49360877,,51
2022,50694174,,51
2022,50694175,,51
2022,47818996,,51
2022,47772293,,51
2022,47647401,,51
2022,47818997,,51
2022,48505840,,51
2022,50704273,,51
2022,48505841,,51
2022,50704274,,51
2022,47699609,,51
2022,47647402,,53
2022,47621232,,51
2022,48136473,,53
2022,48505842,,3
2022,48505843,,51
2022,48028101,,51
2022,48030038,,51
2022,48505844,,51
2022,48505845,,51
2022,48505846,,51
2022,47615989,,51
2022,48028103,,51
2022,48587507,,51
2022,48028104,,51
2022,47671271,,51
2022,49892340,,51
2022,47721653,,51
2022,48074074,,51
2022,48505847,,51
2022,47993138,,51
2022,47993139,,51
2022,48021774,,51
2022,48505848,,3
2022,48505849,,51
2022,48030039,,51
2022,48028105,,51
2022,48505850,,51
2022,48505851,,51
2022,48505852,,51
2022,48505853,,51
2022,48505854,,51
2022,48505855,,51
2022,48505856,,51
2022,48028106,,51
2022,47819000,,51
2022,50674035,,51
2022,47819001,,51
2022,48517622,,51
2022,48505857,,51
2022,48505858,,51
2022,48505859,,51
2022,48041184,,51
2022,48505860,,51
2022,48505861,,51
2022,48505862,,51
2022,48505863,,51
2022,48505864,,51
2022,48030041,,51
2022,48505865,,51
2022,48505866,,51
2022,48074075,,51
2022,48074076,,51
2022,48030042,,51
2022,48088389,,51
2022,48505867,,51
2022,48074077,,51
2022,48505868,,51
2022,48505869,,51
2022,48505870,,51
2022,48505872,,51
2022,48505873,,51
2022,48984866,,51
2022,48984867,,51
2022,48984869,,51
2022,48984871,,51
2022,48984872,,51
2022,48984876,,51
2022,48984877,,51
2022,48984878,,51
2022,48984879,,51
2022,48984881,,51
2022,48984882,,51
2022,48984883,,51
2022,48984884,,51
2022,48984886,,51
2022,48984888,,51
2022,48984891,,51
2022,48984892,,51
2022,48984894,,51
2022,48984895,,51
2022,48984898,,51
2022,48984900,,51
2022,48984901,,51
2022,48984902,,51
2022,48984904,,51
2022,48984907,,51
2022,51244195,,51
2022,48984909,,51
2022,48984910,,51
2022,48984911,,51
2022,48984912,,51
2022,48984913,,51
2022,48984920,,51
2022,48984922,,51
2022,48984923,,51
2022,48020408,,51
2022,48428290,,51
2022,48102087,,51
2022,49363220,,51
2022,49363221,,51
2022,49363222,,51
2022,49363223,,53
2022,48587508,,51
2022,48310160,,51
2022,48378300,,51
2022,48313443,,51
2022,48114764,,51
2022,48740941,,51
2022,48172732,,51
2022,48428291,,51
2022,48391729,,51
2022,50959502,,51
2022,48749240,,51
2022,48587509,,51
2022,48758112,,51
2022,49360878,,51
2022,48391730,,51
2022,48465970,,51
2022,49580008,,51
2022,49363225,,51
2022,49363226,,51
2022,49360879,,52
2022,48480004,,51
2022,49363227,,51
2022,49360880,,51
2022,49363228,,51
2022,49363229,,51
2022,49363230,,51
2022,48762369,,51
2022,49363231,,51
2022,49363232,,51
2022,49363233,,51
2022,49363234,,51
2022,49363235,,51
2022,49363236,,51
2022,49363237,,51
2022,49363238,,53
2022,49363239,,53
2022,49363240,,51
2022,49363241,,51
2022,49363242,,51
2022,49363243,,51
2022,49363244,,51
2022,49363245,,51
2022,48764245,,51
2022,48574524,,51
2022,48710630,,51
2022,48810804,,51
2022,48752407,,51
2022,49360881,,51
2022,48591116,,51
2022,49360882,,51
2022,48745030,,51
2022,48945853,,51
2022,48591117,,51
2022,48833018,,51
2022,48833019,,51
2022,48752408,,51
2022,48764246,,51
2022,48764247,,51
2022,48810805,,51
2022,48905366,,51
2022,49360883,,51
2022,48764248,,51
2022,48810806,,51
2022,48913959,,51
2022,50924913,,51
2022,48840198,,51
2022,48946137,,51
2022,49363246,,51
2022,49363247,,51
2022,49363248,,51
2022,49740347,,51
2022,49740348,,52
2022,49740349,,51
2022,49740350,,51
2022,49740351,,51
2022,49740352,,51
2022,49740353,,1
2022,49740354,,51
2022,49740355,,51
2022,49740356,,51
2022,49740357,,51
2022,49740358,,51
2022,49740359,,51
2022,49740360,,51
2022,49740361,,51
2022,49740362,,51
2022,49740363,,51
2022,49740364,,52
2022,49740365,,51
2022,49360884,,51
2022,49360885,,52
2022,48902064,,51
2022,49740366,,51
2022,48902065,,3
2022,48902066,,51
2022,49740367,,51
2022,48902067,,51
2022,49360886,,51
2022,49740368,,51
2022,49740369,,52
2022,49740370,,51
2022,49740371,,51
2022,49740372,,51
2022,49740373,,51
2022,49360887,,51
2022,49740374,,51
2022,49740375,,51
2022,49740376,,51
2022,49740377,,51
2022,50315145,,51
2022,49360888,,51
2022,49360889,,51
2022,49360890,,51
2022,49360891,,3
2022,49360892,,51
2022,49360894,,51
2022,49360895,,51
2022,50917528,,51
2022,49740294,,51
2022,49360897,,51
2022,49360898,,51
2022,49360899,,51
2022,49360900,,51
2022,50180158,,3
2022,50180159,,51
2022,51244196,,51
2022,49797114,,51
2022,49784846,,51
2022,48020409,,51
2022,48020410,,51
2022,48020411,,51
2022,48020412,,51
2022,48020413,,51
2022,48020414,,51
2022,48020415,,51
2022,48020416,,51
2022,48020417,,51
2022,48020418,,51
2022,48744579,,51
2022,48744580,,51
2022,48744581,,51
2022,48744582,,51
2022,48744583,,51
2022,48744584,,51
2022,48744585,,51
2022,48744586,,51
2022,48905370,,51
2022,48905371,,51
2022,48905372,,51
2022,49784847,,51
2022,49466428,,51
2022,49559024,,51
2022,49559025,,51
2022,49559026,,51
2022,49932867,,51
2022,49614319,,51
2022,49455979,,51
2022,49455980,,51
2022,49460715,,51
2022,49466429,,51
2022,51261302,,51
2022,50010923,,51
2022,48905373,,52
2022,48905375,,51
2022,48905376,,52
2022,48744587,,51
2022,48744588,,51
2022,48744589,,51
2022,48744590,,51
2022,48744591,,51
2022,48744592,,51
2022,48744593,,51
2022,48744594,,51
2022,48744595,,51
2022,48744596,,3
2022,48744597,,51
2022,49363329,,51
2022,49363330,,51
2022,49363331,,51
2022,49363332,,51
2022,49363333,,51
2022,49363334,,51
2022,49624838,,51
2022,49624839,,51
2022,49624840,,51
2022,49466430,,51
2022,49689263,,51
2022,49627952,,51
2022,49764582,,51
2022,50052747,,51
2022,49627953,,51
2022,45331160,,51
2022,49764586,,51
2022,49764587,,51
2022,49764588,,51
2022,49764589,,51
2022,49764590,,51
2022,49764591,,51
2022,49764592,,51
2022,49764593,,51
2022,49764594,,51
2022,46562084,,51
2022,45331161,,51
2022,51048507,,51
2022,46562085,,51
2022,51100698,,51
2022,51100699,,51
2022,46697081,,51
2022,46697082,,51
2022,45331162,,51
2022,45331163,,51
2022,45455967,,51
2022,45331164,,51
2022,45455970,,51
2022,45939086,,51
2022,46697083,,51
2022,46697084,,51
2022,46697085,,51
2022,46697086,,51
2022,47229258,,51
2022,47229259,,51
2022,47229260,,51
2022,47229261,,51
2022,47229262,,51
2022,47229263,,51
2022,45331165,,51
2022,47229264,,51
2022,47229265,,51
2022,47842368,,3
2022,47842369,,51
2022,47842370,,51
2022,45455973,,51
2022,47842371,,51
2022,47842372,,51
2022,45535250,,51
2022,47842373,,51
2022,47842374,,51
2022,46157340,,51
2022,46157341,,51
2022,45535251,,51
2022,45939087,,51
2022,48274503,,51
2022,49766664,,51
2022,48274504,,51
2022,48274505,,51
2022,48274506,,51
2022,48274507,,51
2022,48274508,,51
2022,48274509,,51
2022,48564835,,51
2022,48564836,,51
2022,48564837,,51
2022,48905378,,52
2022,48905379,,51
2022,48905380,,51
2022,49363335,,51
2022,49363336,,51
2022,49363337,,51
2022,49957947,,51
2022,49957948,,51
2022,49957950,,51
2022,49957951,,51
2022,49957952,,52
2022,49957953,,51
2022,45644434,,52
2022,45535252,,51
2022,45765083,,51
2022,45765084,,51
2022,45765085,,51
2022,46250962,,51
2022,45939090,,51
2022,48132797,,52
2022,46015063,,51
2022,47697316,,3
2022,45939092,,51
2022,46015064,,51
2022,48132798,,51
2022,48132799,,51
2022,48132800,,51
2022,48132801,,51
2022,51047299,,51
2022,46250963,,51
2022,46250964,,51
2022,46250965,,51
2022,47174030,,51
2022,46560840,,51
2022,46272112,,51
2022,51047301,,51
2022,49836639,,51
2022,49836640,,51
2022,46560842,,51
2022,46560843,,51
2022,48142925,,51
2022,48142926,,51
2022,48647337,,51
2022,48647338,,51
2022,48647339,,51
2022,48647340,,51
2022,48647342,,51
2022,48647344,,51
2022,51047302,,51
2022,50523224,,51
2022,48432747,,51
2022,48432749,,51
2022,48491814,,51
2022,48491815,,51
2022,48491816,,51
2022,48491817,,51
2022,48491818,,51
2022,48491819,,51
2022,48491820,,51
2022,48491821,,51
2022,48456029,,51
2022,48456030,,51
2022,46323802,,51
2022,46560845,,51
2022,46560846,,51
2022,47776557,,51
2022,46560847,,51
2022,48456032,,51
2022,48456033,,51
2022,48456034,,51
2022,46967307,,51
2022,46683231,,51
2022,47232347,,51
2022,46609939,,52
2022,46870255,,51
2022,47232348,,51
2022,48647350,,1
2022,48647351,,51
2022,46766018,,51
2022,48647353,,51
2022,48647355,,51
2022,46907919,,51
2022,48647358,,51
2022,48647360,,51
2022,48647361,,51
2022,48647364,,51
2022,48709206,,51
2022,48709208,,3
2022,48709209,,51
2022,49364464,,51
2022,49364465,,51
2022,46824372,,51
2022,46870256,,51
2022,49364466,,52
2022,49364467,,51
2022,49364468,,51
2022,49364469,,51
2022,47232349,,51
2022,47232350,,51
2022,46881865,,51
2022,47232351,,51
2022,51047303,,51
2022,46967308,,51
2022,46991841,,51
2022,47232352,,51
2022,47266275,,51
2022,50013363,,51
2022,49547762,,51
2022,49547763,,51
2022,49547764,,51
2022,49547765,,51
2022,49547766,,51
2022,49547767,,51
2022,49790582,,51
2022,49790583,,51
2022,49790584,,51
2022,49790585,,51
2022,49790586,,52
2022,49790587,,51
2022,49790588,,51
2022,49790589,,51
2022,50013364,,3
2022,50013365,,51
2022,47307243,,51
2022,45712557,,51
2022,47399883,,51
2022,51047304,,52
2022,45712558,,51
2022,45712559,,51
2022,45712560,,3
2022,45712561,,51
2022,45712562,,51
2022,45712563,,51
2022,45712565,,51
2022,45712566,,51
2022,46281252,,51
2022,46281253,,51
2022,46281254,,51
2022,46281255,,51
2022,46281256,,51
2022,47331947,,51
2022,47440374,,51
2022,51100700,,51
2022,47646235,,51
2022,47646236,,51
2022,47697317,,51
2022,47670226,,51
2022,47646238,,51
2022,47745369,,51
2022,47745370,,51
2022,47814724,,51
2022,48024470,,51
2022,48024471,,51
2022,51199072,,51
2022,46281257,,51
2022,46560359,,51
2022,47931508,,51
2022,48086596,,51
2022,46560360,,51
2022,46560361,,51
2022,46560362,,51
2022,46560363,,51
2022,46560364,,51
2022,46560365,,51
2022,46914474,,51
2022,46914475,,51
2022,46914476,,51
2022,46914477,,51
2022,46914478,,51
2022,46914479,,51
2022,46914480,,51
2022,46914481,,51
2022,46914482,,51
2022,46914483,,51
2022,46914484,,51
2022,46914485,,51
2022,47229266,,51
2022,47229267,,51
2022,47229268,,51
2022,47229269,,51
2022,47229270,,51
2022,47229271,,51
2022,47229272,,51
2022,47229273,,51
2022,47229274,,51
2022,47229275,,51
2022,47229276,,51
2022,47229277,,51
2022,47229278,,51
2022,47229279,,51
2022,47229280,,51
2022,47229281,,51
2022,47229282,,51
2022,47229283,,51
2022,47674833,,51
2022,47674834,,51
2022,47674835,,51
2022,47674836,,51
2022,47674837,,51
2022,47674838,,51
2022,48048327,,51
2022,48043274,,51
2022,48043275,,51
2022,48043276,,51
2022,48043277,,51
2022,48048328,,51
2022,48043278,,51
2022,49360983,,51
2022,49360984,,51
2022,48331366,,52
2022,48331367,,51
2022,48331368,,51
2022,48478124,,52
2022,48048329,,51
2022,48086597,,9
2022,48043279,,51
2022,48430573,,51
2022,48430574,,51
2022,48430575,,51
2022,48430576,,51
2022,48430577,,51
2022,48430578,,51
2022,48430579,,51
2022,48430580,,51
2022,48430581,,51
2022,48430582,,51
2022,48430583,,51
2022,48749281,,51
2022,48749282,,51
2022,48749283,,51
2022,49360115,,51
2022,49360116,,51
2022,49360118,,51
2022,49360119,,51
2022,49360120,,51
2022,49360124,,51
2022,48048330,,51
2022,48122846,,51
2022,50017367,,51
2022,48331369,,51
2022,50017368,,51
2022,48162835,,51
2022,50017369,,51
2022,50017370,,51
2022,49360985,,51
2022,51119682,,51
2022,50017371,,51
2022,48140573,,51
2022,50017372,,51
2022,48179244,,51
2022,48502770,,51
2022,48502771,,51
2022,48502772,,51
2022,51395769,,51
2022,48331370,,51
2022,51047306,,52
2022,48280523,,51
2022,48280524,,51
2022,48913960,,51
2022,48502773,,51
2022,48516482,,51
2022,45404155,,51
2022,45404158,,51
2022,48577631,,51
2022,48913961,,51
2022,48913962,,51
2022,48913963,,51
2022,48913964,,51
2022,48502774,,51
2022,48516484,,51
2022,45897216,,51
2022,45897222,,51
2022,48577632,,51
2022,45897229,,51
2022,45897230,,51
2022,51048522,,51
2022,45897231,,51
2022,45897233,,51
2022,46311214,,51
2022,46311215,,51
2022,46311216,,51
2022,46311217,,51
2022,46311218,,51
2022,46311219,,51
2022,48839358,,52
2022,46311220,,51
2022,51048524,,51
2022,48577633,,51
2022,47428622,,51
2022,48751106,,51
2022,49360986,,51
2022,47083736,,51
2022,48751107,,51
2022,48365918,,51
2022,50848120,,51
2022,47843931,,51
2022,47814752,,51
2022,47814754,,51
2022,47814755,,51
2022,47814757,,51
2022,47814758,,51
2022,48813211,,51
2022,50623387,,51
2022,49360988,,51
2022,49360989,,51
2022,49360990,,51
2022,49360991,,51
2022,48415545,,51
2022,50771918,,51
2022,49360992,,51
2022,49360993,,51
2022,49464568,,51
2022,49360994,,51
2022,49360995,,51
2022,49360996,,51
2022,49360997,,51
2022,49360998,,51
2022,49360999,,51
2022,49361000,,51
2022,49558176,,51
2022,49607575,,51
2022,48415548,,51
2022,49361001,,51
2022,48415549,,51
2022,49361002,,51
2022,49361003,,51
2022,49361004,,51
2022,49361005,,51
2022,49898210,,51
2022,49361006,,51
2022,50102520,,51
2022,49751106,,51
2022,49751107,,51
2022,49751108,,51
2022,49464570,,51
2022,49558177,,3
2022,49977802,,51
2022,49632851,,51
2022,49632852,,51
2022,49632853,,51
2022,49632854,,51
2022,49634417,,51
2022,49898822,,51
2022,49898823,,51
2022,49898824,,51
2022,49898825,,51
2022,49898826,,51
2022,49898827,,51
2022,49898828,,51
2022,49977803,,51
2022,49607576,,51
2022,49898829,,51
2022,49898830,,51
2022,49607577,,51
2022,49613942,,51
2022,49613943,,51
2022,50102521,,51
2022,45833603,,51
2022,50009659,,51
2022,50009660,,51
2022,50009661,,51
2022,50009662,,51
2022,50009663,,51
2022,49362004,,51
2022,50009664,,51
2022,45846277,,51
2022,45846279,,51
2022,45959315,,51
2022,50009665,,51
2022,47499388,,51
2022,46592010,,51
2022,46281265,,51
2022,46281266,,51
2022,46561444,,51
2022,49362005,,51
2022,50009666,,51
2022,46561445,,51
2022,46561446,,51
2022,46881866,,51
2022,46638963,,51
2022,46916674,,51
2022,47499390,,51
2022,47230396,,51
2022,47443422,,51
2022,47685803,,3
2022,47685804,,51
2022,47770022,,51
2022,48013391,,51
2022,47993141,,51
2022,50212716,,51
2022,48044221,,51
2022,48164718,,51
2022,48140209,,51
2022,45510212,,51
2022,45510213,,51
2022,45510215,,51
2022,45510216,,51
2022,45510217,,51
2022,45510218,,51
2022,45510219,,51
2022,48587511,,51
2022,48350687,,51
2022,48435313,,51
2022,48465975,,51
2022,49362006,,51
2022,48796251,,51
2022,48760876,,51
2022,48764250,,51
2022,49362007,,51
2022,49362008,,3
2022,49466431,,51
2022,49549385,,51
2022,45829614,,51
2022,50605065,,51
2022,45829615,,51
2022,49613070,,52
2022,45829616,,51
2022,45829617,,51
2022,49743093,,51
2022,45829618,,51
2022,45829619,,51
2022,45829620,,51
2022,45829621,,51
2022,45829622,,51
2022,45829623,,51
2022,45829624,,51
2022,45829625,,51
2022,45829626,,51
2022,46074825,,51
2022,47920355,,51
2022,46074826,,51
2022,47931509,,51
2022,47931510,,51
2022,46074827,,51
2022,47931511,,51
2022,47931512,,51
2022,47931513,,51
2022,46074828,,51
2022,47931514,,51
2022,47931515,,51
2022,47931516,,51
2022,47931517,,51
2022,47931518,,51
2022,47932317,,51
2022,47960442,,51
2022,48017371,,51
2022,48017372,,51
2022,46074829,,51
2022,48017373,,51
2022,48017374,,51
2022,48017375,,51
2022,49743094,,51
2022,48019735,,51
2022,46074830,,51
2022,46289650,,51
2022,46289651,,51
2022,46289652,,51
2022,48020181,,51
2022,46289653,,51
2022,46323807,,51
2022,48024475,,51
2022,46614975,,51
2022,46614976,,51
2022,48024476,,51
2022,46614977,,51
2022,48024477,,51
2022,48024478,,51
2022,46614978,,51
2022,46614979,,51
2022,46615293,,51
2022,46615295,,51
2022,46615296,,51
2022,46615297,,51
2022,46615298,,51
2022,46615299,,51
2022,46615300,,51
2022,47403902,,51
2022,46615301,,51
2022,48024479,,51
2022,48024480,,51
2022,48043268,,51
2022,46615303,,51
2022,47403104,,51
2022,47403106,,51
2022,47403107,,51
2022,47403108,,51
2022,47403110,,51
2022,47403111,,51
2022,47403112,,51
2022,47403903,,51
2022,50848121,,51
2022,47403904,,51
2022,47403905,,51
2022,47403906,,51
2022,47403907,,51
2022,47403908,,51
2022,47403909,,51
2022,47403910,,51
2022,47403911,,51
2022,47511659,,51
2022,47675665,,51
2022,47675666,,51
2022,47675667,,51
2022,47675668,,51
2022,47675669,,51
2022,50848122,,51
2022,50848123,,51
2022,48043870,,51
2022,48084401,,51
2022,48163996,,51
2022,48084402,,51
2022,48163998,,51
2022,48163999,,51
2022,48437551,,51
2022,48437552,,51
2022,48437553,,51
2022,48437554,,51
2022,48437556,,51
2022,48437557,,51
2022,48472457,,51
2022,48762375,,51
2022,48762376,,51
2022,48762377,,51
2022,48839913,,51
2022,49359781,,51
2022,49359782,,51
2022,49359783,,51
2022,49359784,,51
2022,49359785,,51
2022,49359786,,51
2022,49359787,,51
2022,49359788,,51
2022,49666568,,51
2022,49666569,,51
2022,48162837,,51
2022,48162838,,51
2022,48167049,,51
2022,45029480,,51
2022,45297088,,51
2022,45297089,,51
2022,45297090,,51
2022,45297091,,51
2022,45297092,,51
2022,45297093,,51
2022,45297094,,51
2022,46250428,,51
2022,46250429,,51
2022,46250430,,51
2022,46250431,,51
2022,45297095,,51
2022,45680471,,51
2022,48167050,,51
2022,46150764,,51
2022,45680472,,51
2022,45680473,,51
2022,45680474,,51
2022,45680475,,51
2022,45680476,,51
2022,48167051,,51
2022,48167052,,51
2022,46150765,,51
2022,45808123,,51
2022,50614887,,51
2022,46150766,,51
2022,46150767,,51
2022,48167053,,51
2022,46150768,,51
2022,46150769,,51
2022,48167054,,51
2022,48170815,,51
2022,48170816,,51
2022,51395773,,51
2022,46150770,,51
2022,46271448,,51
2022,48178019,,51
2022,50614888,,51
2022,49743095,,51
2022,50614889,,51
2022,48261258,,51
2022,48261259,,51
2022,48261260,,51
2022,48274492,,51
2022,46297014,,51
2022,46271449,,51
2022,46271450,,51
2022,46271451,,51
2022,46279619,,51
2022,46279620,,51
2022,46560281,,51
2022,46560282,,51
2022,48274493,,51
2022,46560283,,51
2022,46560284,,51
2022,46560285,,51
2022,46560286,,51
2022,46560287,,51
2022,46560288,,51
2022,46560289,,51
2022,46560290,,51
2022,46560292,,51
2022,46560293,,51
2022,46881871,,51
2022,46881872,,51
2022,46954566,,51
2022,46954567,,51
2022,46954568,,51
2022,46954569,,51
2022,46954570,,51
2022,46954571,,51
2022,46954572,,51
2022,46954573,,51
2022,46954574,,51
2022,46954575,,51
2022,46954576,,51
2022,46954577,,51
2022,46954578,,51
2022,46954579,,51
2022,46954580,,51
2022,46954581,,51
2022,47232355,,51
2022,48571267,,51
2022,48498162,,51
2022,48498163,,51
2022,48499416,,51
2022,48503503,,51
2022,48503504,,51
2022,48503505,,51
2022,48508378,,51
2022,48571268,,51
2022,48571269,,51
2022,48571270,,51
2022,48515207,,51
2022,50462829,,51
2022,48756348,,51
2022,48756349,,51
2022,49359835,,51
2022,49359836,,51
2022,49359838,,51
2022,49359839,,51
2022,49743096,,51
2022,47513015,,51
2022,49359840,,51
2022,47513017,,51
2022,47513019,,51
2022,47513020,,51
2022,48515208,,51
2022,47513023,,51
2022,48011075,,51
2022,48011076,,51
2022,48011077,,51
2022,48011078,,51
2022,48011079,,52
2022,48378992,,51
2022,48378993,,51
2022,48378994,,51
2022,48378995,,51
2022,48378996,,51
2022,48378997,,51
2022,48378998,,51
2022,48795090,,51
2022,48795091,,51
2022,48795092,,51
2022,48795093,,51
2022,48795094,,51
2022,48795095,,51
2022,48795096,,51
2022,48795097,,51
2022,48830817,,51
2022,49359841,,51
2022,50102547,,51
2022,49359842,,51
2022,49359843,,51
2022,49359844,,51
2022,50102548,,51
2022,50102549,,51
2022,50102550,,51
2022,50102551,,51
2022,50102552,,51
2022,50102554,,51
2022,50315094,,51
2022,50315095,,51
2022,50315096,,51
2022,50315097,,51
2022,50315098,,51
2022,50315099,,51
2022,50315100,,51
2022,50315101,,51
2022,48515209,,51
2022,48515210,,51
2022,45488960,,51
2022,48515211,,51
2022,48515212,,51
2022,50614890,,51
2022,50599136,,51
2022,48626182,,51
2022,48626183,,51
2022,48626184,,51
2022,50599137,,51
2022,50599138,,51
2022,48626185,,51
2022,48626186,,51
2022,50599139,,51
2022,48647333,,51
2022,48647334,,51
2022,48744578,,51
2022,48898803,,51
2022,48900504,,51
2022,46293618,,51
2022,46293620,,51
2022,46293621,,51
2022,46293623,,51
2022,46293624,,51
2022,46921776,,51
2022,46921777,,51
2022,46921778,,51
2022,46921779,,51
2022,46921780,,52
2022,46921781,,51
2022,46921782,,51
2022,46921783,,51
2022,46921784,,51
2022,46921785,,51
2022,46921786,,51
2022,46921787,,51
2022,46921788,,51
2022,46921789,,51
2022,46921790,,51
2022,46921791,,51
2022,46921792,,51
2022,47307245,,51
2022,48900505,,51
2022,47307246,,51
2022,48900507,,51
2022,47307247,,51
2022,47307248,,51
2022,47307249,,51
2022,47307250,,51
2022,47307251,,51
2022,47307252,,51
2022,47307253,,51
2022,47509495,,51
2022,47307255,,51
2022,47307256,,51
2022,47307257,,51
2022,49749569,,51
2022,47038021,,51
2022,47038023,,51
2022,49363536,,51
2022,49363537,,51
2022,49363538,,51
2022,49363539,,51
2022,49363540,,51
2022,49363541,,52
2022,49363542,,51
2022,49363544,,51
2022,49363545,,51
2022,49363546,,51
2022,49363547,,51
2022,49363548,,51
2022,49751104,,51
2022,47038024,,51
2022,47307258,,51
2022,47307259,,51
2022,47770613,,51
2022,47770614,,52
2022,47770615,,51
2022,47770616,,51
2022,47770617,,51
2022,47770618,,51
2022,47770619,,51
2022,48041187,,51
2022,49760811,,51
2022,48041188,,51
2022,49764504,,51
2022,49764505,,51
2022,48041189,,51
2022,50485415,,51
2022,48041190,,51
2022,48041191,,51
2022,48041192,,51
2022,49764506,,51
2022,49764507,,51
2022,49764508,,51
2022,49830585,,51
2022,48041193,,51
2022,48041194,,51
2022,48041195,,51
2022,49830588,,51
2022,49830591,,51
2022,49830592,,51
2022,49830595,,51
2022,50599140,,51
2022,48041196,,51
2022,48795098,,51
2022,48795099,,51
2022,48795100,,51
2022,48378999,,51
2022,48379000,,51
2022,48379001,,51
2022,48379002,,51
2022,48379003,,51
2022,48379004,,51
2022,48379005,,51
2022,48379006,,51
2022,48379007,,51
2022,48379008,,51
2022,48379009,,51
2022,48379010,,51
2022,48795101,,51
2022,49360067,,51
2022,50485416,,51
2022,49360069,,51
2022,49360071,,51
2022,49360074,,51
2022,49360075,,51
2022,51543785,,51
2022,49360079,,51
2022,49360080,,51
2022,49360081,,51
2022,49547768,,51
2022,49547769,,51
2022,49547770,,51
2022,49547771,,51
2022,49547772,,51
2022,49547773,,51
2022,49547774,,51
2022,49547775,,51
2022,49547776,,51
2022,49547777,,51
2022,49547778,,51
2022,49932861,,51
2022,49932862,,51
2022,49932863,,51
2022,49932864,,51
2022,49932865,,51
2022,46620733,,51
2022,46658029,,51
2022,46623245,,51
2022,46658030,,51
2022,46658031,,51
2022,50923014,,51
2022,46658032,,51
2022,46623247,,51
2022,46815763,,51
2022,46815764,,51
2022,46623250,,51
2022,46623253,,51
2022,46815765,,51
2022,50848124,,51
2022,46627521,,51
2022,46627522,,51
2022,46627523,,51
2022,46627524,,51
2022,46627525,,51
2022,46627526,,51
2022,46627527,,51
2022,46627528,,51
2022,46627529,,51
2022,46627530,,51
2022,46627531,,51
2022,46627536,,51
2022,45097264,,51
2022,46815766,,51
2022,46623254,,51
2022,46623255,,51
2022,46623256,,52
2022,46970183,,51
2022,46970184,,51
2022,46970185,,51
2022,46970186,,51
2022,46970187,,51
2022,46970188,,51
2022,46970189,,51
2022,46970190,,51
2022,46970191,,51
2022,46970192,,51
2022,47331448,,51
2022,47331449,,51
2022,47331450,,51
2022,47331451,,51
2022,47331452,,51
2022,47991571,,51
2022,47991572,,51
2022,48741760,,51
2022,48740955,,51
2022,47991573,,51
2022,47991574,,51
2022,47991575,,51
2022,47991576,,51
2022,45267592,,53
2022,45267593,,51
2022,45323113,,51
2022,45323114,,51
2022,45323115,,51
2022,45326976,,51
2022,45326505,,51
2022,45326977,,51
2022,45326978,,51
2022,45622993,,51
2022,48120962,,51
2022,45698214,,51
2022,45698215,,51
2022,45699810,,51
2022,46562501,,51
2022,45813294,,51
2022,45813295,,51
2022,45820123,,51
2022,45820124,,51
2022,45820125,,51
2022,45829604,,51
2022,45829605,,51
2022,45829606,,51
2022,45999696,,51
2022,48120963,,51
2022,45999698,,51
2022,48120964,,51
2022,48120965,,51
2022,48120967,,51
2022,45999699,,51
2022,45999700,,51
2022,48120968,,51
2022,48120969,,51
2022,48120971,,51
2022,48120973,,51
2022,48120974,,51
2022,48120977,,51
2022,48498201,,51
2022,48498202,,51
2022,48498203,,51
2022,48498204,,51
2022,48498205,,51
2022,48498206,,51
2022,48498207,,51
2022,48498208,,51
2022,48498209,,51
2022,48498211,,51
2022,48498212,,51
2022,48498213,,51
2022,48498214,,51
2022,48498215,,51
2022,48498216,,51
2022,48498217,,51
2022,48895068,,51
2022,46033857,,51
2022,49360265,,51
2022,49685570,,51
2022,49685571,,3
2022,49685572,,51
2022,51253091,,51
2022,49685574,,51
2022,49685575,,51
2022,49685576,,51
2022,49685577,,51
2022,49685578,,51
2022,46033859,,51
2022,46033861,,51
2022,46046586,,51
2022,46046587,,51
2022,46046588,,51
2022,46046592,,51
2022,46297002,,51
2022,46297003,,51
2022,46297004,,51
2022,46301007,,51
2022,46562502,,51
2022,46562503,,51
2022,46562504,,51
2022,46562505,,51
2022,46623275,,51
2022,46623276,,51
2022,46623277,,51
2022,46623278,,51
2022,46629766,,51
2022,46637545,,51
2022,46637547,,51
2022,46637548,,51
2022,46637549,,51
2022,46819313,,51
2022,46697096,,51
2022,46755848,,51
2022,46815251,,9
2022,46815252,,51
2022,46821098,,51
2022,46916878,,51
2022,46916948,,51
2022,46916879,,51
2022,46957144,,51
2022,46957145,,51
2022,47077901,,51
2022,47077902,,51
2022,47083689,,51
2022,47399884,,51
2022,47449522,,51
2022,47449523,,51
2022,47499392,,51
2022,47508000,,51
2022,47508001,,51
2022,47508003,,51
2022,47508005,,51
2022,47508006,,51
2022,47508007,,51
2022,47508008,,51
2022,47508009,,51
2022,47511657,,51
2022,48069722,,51
2022,47511658,,51
2022,47513011,,51
2022,47513013,,51
2022,47675654,,51
2022,47554394,,51
2022,47675655,,51
2022,47675656,,51
2022,47675657,,51
2022,47675658,,51
2022,47675659,,51
2022,47675660,,51
2022,49558178,,51
2022,47675661,,51
2022,47681516,,51
2022,47681517,,51
2022,49557878,,51
2022,47743413,,51
2022,47770023,,51
2022,48028108,,51
2022,47852244,,51
2022,48028109,,51
2022,48069723,,51
2022,48069724,,51
2022,48120956,,51
2022,48120957,,51
2022,48132788,,51
2022,48132789,,51
2022,48132790,,51
2022,45246784,,51
2022,49557879,,51
2022,45279533,,51
2022,45246786,,51
2022,45246787,,51
2022,45246788,,51
2022,49557880,,51
2022,48142922,,51
2022,45246789,,51
2022,48142923,,51
2022,45950850,,51
2022,45231475,,51
2022,45246790,,51
2022,45246791,,51
2022,45246792,,51
2022,48142924,,51
2022,45246793,,51
2022,45246794,,51
2022,45246795,,51
2022,45246796,,51
2022,45455996,,51
2022,45246797,,51
2022,45246798,,51
2022,45246799,,51
2022,45326981,,51
2022,45246800,,51
2022,45246801,,51
2022,45246802,,51
2022,45455997,,51
2022,45246804,,51
2022,45246805,,51
2022,45246806,,51
2022,45246807,,51
2022,45246808,,51
2022,45246814,,51
2022,45323119,,51
2022,45496856,,51
2022,45496857,,51
2022,45331173,,51
2022,45529357,,51
2022,45321079,,51
2022,45496858,,51
2022,45496859,,51
2022,45323120,,51
2022,45323121,,53
2022,48151429,,51
2022,45323122,,51
2022,45323123,,51
2022,45323124,,51
2022,48151430,,51
2022,45950851,,51
2022,45323782,,51
2022,48151431,,51
2022,48430555,,51
2022,48437543,,51
2022,48438198,,51
2022,48438199,,51
2022,48438200,,51
2022,45950852,,51
2022,45323783,,51
2022,45331174,,51
2022,45453209,,52
2022,45453210,,51
2022,45453211,,51
2022,45453212,,51
2022,45453213,,51
2022,46015067,,51
2022,46015068,,51
2022,46015069,,51
2022,48456014,,51
2022,48456015,,51
2022,48456016,,51
2022,48463545,,51
2022,48456017,,51
2022,48456018,,51
2022,48456019,,51
2022,48457305,,51
2022,48463546,,51
2022,48463547,,51
2022,48463549,,51
2022,48463550,,51
2022,48463551,,51
2022,48905367,,51
2022,45950853,,51
2022,49363883,,51
2022,49363884,,51
2022,49363885,,51
2022,49363886,,51
2022,49363887,,52
2022,49363888,,51
2022,49363889,,51
2022,49363890,,51
2022,49363891,,51
2022,49363892,,51
2022,49363893,,51
2022,49363894,,51
2022,49363895,,51
2022,45488970,,51
2022,45488971,,51
2022,45640085,,51
2022,45488973,,51
2022,45529358,,51
2022,45529359,,51
2022,45529360,,51
2022,45535253,,51
2022,45535254,,51
2022,45535255,,51
2022,49363896,,51
2022,49363897,,51
2022,49363898,,51
2022,49363899,,51
2022,49363900,,51
2022,49363901,,51
2022,49363902,,51
2022,49363903,,51
2022,49363904,,51
2022,49363905,,51
2022,49363906,,51
2022,49363907,,51
2022,49363908,,51
2022,49363909,,51
2022,49363910,,51
2022,49363911,,51
2022,49363912,,51
2022,49363913,,51
2022,49553527,,51
2022,49558179,,51
2022,49363915,,51
2022,49363916,,51
2022,49363917,,51
2022,49363918,,51
2022,49363919,,51
2022,49553034,,51
2022,49571153,,51
2022,49613579,,51
2022,49605524,,51
2022,49613580,,51
2022,49666563,,51
2022,45297087,,51
2022,45535256,,9
2022,45640088,,51
2022,45640092,,51
2022,45640093,,51
2022,45640095,,51
2022,45640097,,51
2022,45640099,,51
2022,45640101,,51
2022,45640102,,51
2022,45640105,,51
2022,45644436,,51
2022,45932313,,51
2022,45700341,,51
2022,45700342,,51
2022,45700343,,51
2022,45714278,,51
2022,45714279,,51
2022,45714280,,51
2022,45714281,,51
2022,45714283,,51
2022,46562463,,51
2022,45764281,,1
2022,45764282,,52
2022,45764283,,51
2022,45765089,,51
2022,47195312,,52
2022,47293204,,51
2022,47293205,,51
2022,48113425,,52
2022,45923641,,51
2022,49685548,,51
2022,45932320,,51
2022,49363671,,51
2022,49685549,,51
2022,46560207,,51
2022,45932321,,51
2022,45932323,,51
2022,46560208,,51
2022,47332099,,9
2022,45939105,,51
2022,48467101,,51
2022,45939106,,51
2022,45958594,,51
2022,48467102,,51
2022,48835702,,51
2022,49359381,,51
2022,49460716,,51
2022,49554412,,51
2022,48177365,,51
2022,47717420,,51
2022,47717421,,51
2022,48177366,,51
2022,47717422,,51
2022,48177367,,51
2022,48074256,,51
2022,46240076,,51
2022,46250970,,51
2022,45950854,,51
2022,49359892,,51
2022,49613403,,51
2022,49613404,,51
2022,49613405,,51
2022,49613406,,51
2022,49613407,,51
2022,45105491,,51
2022,45958595,,51
2022,46240077,,51
2022,45958598,,51
2022,45173821,,51
2022,45173822,,51
2022,45488626,,51
2022,45658889,,51
2022,46953583,,51
2022,45999704,,51
2022,46277792,,51
2022,46560804,,51
2022,46150771,,51
2022,46297015,,51
2022,46150772,,51
2022,46157390,,51
2022,46244936,,51
2022,46244937,,51
2022,46250433,,51
2022,46293625,,51
2022,46293626,,51
2022,46293627,,51
2022,46271452,,51
2022,46271453,,51
2022,46293628,,51
2022,46271454,,51
2022,46294695,,51
2022,46272124,,51
2022,46275312,,51
2022,46294697,,51
2022,46294698,,51
2022,46289648,,51
2022,46560367,,51
2022,46560369,,51
2022,46280908,,51
2022,46280909,,52
2022,46280910,,51
2022,46289654,,51
2022,46289655,,51
2022,46350124,,51
2022,46350125,,51
2022,47159194,,51
2022,46289656,,51
2022,46953584,,51
2022,46293629,,51
2022,46560370,,51
2022,46293630,,51
2022,46293631,,51
2022,46293632,,51
2022,47159196,,51
2022,47159197,,51
2022,47307244,,51
2022,47449524,,51
2022,47601134,,51
2022,48132791,,51
2022,48140347,,51
2022,46293633,,51
2022,46560806,,51
2022,46297517,,51
2022,46297518,,51
2022,46350126,,51
2022,46297519,,51
2022,46321854,,51
2022,46321855,,51
2022,46321856,,51
2022,46321857,,51
2022,46350127,,51
2022,46323809,,51
2022,46560807,,51
2022,46323810,,51
2022,46350128,,51
2022,46560808,,51
2022,46560809,,51
2022,46350129,,51
2022,46350130,,51
2022,48708083,,51
2022,48828482,,51
2022,48828483,,51
2022,48979140,,52
2022,49360153,,51
2022,49464572,,51
2022,45262990,,51
2022,46560810,,51
2022,46560811,,51
2022,46560812,,51
2022,46560813,,51
2022,46560815,,51
2022,46560816,,51
2022,46560817,,51
2022,46560818,,51
2022,46560819,,51
2022,46560820,,51
2022,46560821,,51
2022,46560822,,51
2022,46560823,,51
2022,46560824,,51
2022,46560825,,51
2022,46560826,,51
2022,46560827,,51
2022,46560828,,51
2022,46560829,,51
2022,46560830,,51
2022,46637396,,51
2022,46560831,,51
2022,46560832,,51
2022,46560833,,51
2022,46824384,,51
2022,46560834,,3
2022,46560835,,51
2022,46824385,,51
2022,46609926,,51
2022,46609927,,51
2022,46609928,,51
2022,46609929,,51
2022,46609930,,51
2022,46609931,,51
2022,46609932,,51
2022,46609934,,51
2022,46616764,,51
2022,46620744,,51
2022,46620745,,51
2022,46637398,,51
2022,46628382,,51
2022,46628383,,51
2022,46628384,,51
2022,46629716,,51
2022,46868661,,51
2022,46869704,,51
2022,46869705,,51
2022,46870269,,51
2022,46881873,,51
2022,46881874,,51
2022,46881875,,51
2022,46881876,,51
2022,46886699,,51
2022,47038025,,51
2022,46881877,,51
2022,46885809,,51
2022,46885810,,51
2022,46885811,,51
2022,46886700,,51
2022,46886701,,51
2022,47077907,,51
2022,47083738,,51
2022,47083739,,51
2022,46886702,,51
2022,46890413,,51
2022,46890414,,51
2022,47077909,,51
2022,47083740,,51
2022,46890415,,51
2022,46890416,,51
2022,47077911,,52
2022,46891057,,51
2022,46891058,,51
2022,46907923,,3
2022,46907924,,51
2022,46907925,,51
2022,45662929,,51
2022,46587358,,51
2022,47216212,,51
2022,47513014,,51
2022,47991565,,51
2022,47991566,,51
2022,47991567,,51
2022,47991568,,51
2022,47991569,,51
2022,48048331,,51
2022,46907926,,51
2022,46907927,,51
2022,46907928,,51
2022,46907929,,51
2022,46907930,,51
2022,46927764,,51
2022,46927765,,51
2022,46927766,,51
2022,46927767,,51
2022,46927768,,52
2022,47081351,,51
2022,47083741,,51
2022,47083742,,51
2022,47113647,,51
2022,47113649,,51
2022,47174035,,51
2022,47174036,,51
2022,47499439,,51
2022,47194046,,51
2022,47195353,,51
2022,47195354,,51
2022,47499441,,51
2022,47440385,,51
2022,47216213,,51
2022,47499442,,51
2022,47440386,,51
2022,47229284,,51
2022,47229285,,51
2022,47230046,,51
2022,47230047,,51
2022,47232359,,51
2022,47232360,,51
2022,47232361,,51
2022,47232362,,51
2022,47440388,,51
2022,47266278,,51
2022,48280525,,51
2022,47269927,,51
2022,47269929,,51
2022,47499443,,51
2022,47280058,,51
2022,47280059,,51
2022,47280061,,51
2022,47280063,,51
2022,47449541,,51
2022,47449542,,51
2022,47291153,,51
2022,47499444,,51
2022,47293215,,51
2022,47293218,,51
2022,47293219,,51
2022,47293220,,51
2022,47499445,,51
2022,47307260,,51
2022,47310177,,51
2022,47499446,,51
2022,47499447,,51
2022,47310178,,51
2022,47345517,,51
2022,50704275,,51
2022,47382643,,51
2022,47382646,,51
2022,47440389,,51
2022,47513027,,51
2022,47514298,,51
2022,47514299,,51
2022,47514302,,51
2022,47847245,,51
2022,47583501,,51
2022,47601281,,51
2022,47602163,,51
2022,47619237,,51
2022,47645100,,51
2022,47645101,,51
2022,47619238,,51
2022,47619239,,51
2022,47645102,,51
2022,47748784,,51
2022,47748785,,51
2022,47645103,,51
2022,47645104,,51
2022,47847246,,51
2022,47847247,,51
2022,47847248,,51
2022,47748786,,51
2022,47847249,,51
2022,47770029,,51
2022,47770620,,51
2022,47770621,,51
2022,47770622,,51
2022,47770623,,51
2022,47770624,,51
2022,48365855,,51
2022,48365856,,51
2022,48498164,,51
2022,48498165,,51
2022,48564827,,51
2022,48898804,,51
2022,48898805,,51
2022,48898806,,51
2022,49685550,,51
2022,49548891,,51
2022,47770625,,51
2022,47770626,,51
2022,47770627,,51
2022,47770628,,51
2022,47770629,,51
2022,47770630,,51
2022,47770631,,51
2022,47847250,,51
2022,47847251,,51
2022,47776565,,51
2022,47776566,,51
2022,47776567,,51
2022,47847252,,51
2022,47776568,,51
2022,47776569,,51
2022,47776570,,51
2022,47776571,,51
2022,47776573,,51
2022,47841618,,51
2022,47841619,,51
2022,47847253,,51
2022,47841620,,51
2022,47842377,,51
2022,47842378,,51
2022,47842379,,51
2022,47847254,,51
2022,47847255,,51
2022,47931521,,51
2022,47931522,,51
2022,47931523,,51
2022,47931524,,51
2022,47931525,,51
2022,48346619,,52
2022,48346620,,51
2022,48346621,,1
2022,47991578,,51
2022,48024488,,51
2022,48024490,,51
2022,48346622,,51
2022,48024491,,51
2022,48024492,,51
2022,48346623,,51
2022,48024493,,51
2022,48024494,,51
2022,48346624,,51
2022,48346625,,51
2022,48346626,,51
2022,48043280,,51
2022,48346627,,1
2022,48346628,,51
2022,48043281,,51
2022,45228021,,51
2022,48188317,,51
2022,48188318,,51
2022,48188319,,51
2022,48188320,,51
2022,48188321,,51
2022,45496843,,51
2022,45529348,,51
2022,46240071,,51
2022,46286571,,51
2022,48188322,,1
2022,48274510,,51
2022,46307072,,51
2022,46321836,,51
2022,48274511,,51
2022,46560418,,52
2022,46560419,,51
2022,48274512,,51
2022,46560420,,51
2022,48274513,,51
2022,48274514,,51
2022,48274515,,51
2022,46596077,,51
2022,46696973,,52
2022,49548892,,51
2022,47038019,,51
2022,48274516,,51
2022,48379011,,51
2022,48379012,,51
2022,48379013,,51
2022,48379014,,51
2022,48379015,,51
2022,48379016,,51
2022,48626187,,51
2022,48379017,,51
2022,48379018,,51
2022,48626188,,51
2022,48379019,,51
2022,48432755,,51
2022,48626189,,51
2022,48432760,,51
2022,48456035,,51
2022,48456036,,51
2022,48456037,,51
2022,48456038,,51
2022,48626190,,51
2022,48457307,,51
2022,48457308,,51
2022,48457309,,51
2022,48457310,,51
2022,48478130,,52
2022,48626191,,51
2022,48478131,,51
2022,48478132,,51
2022,48626192,,51
2022,48626193,,51
2022,48478133,,51
2022,48478134,,51
2022,48626194,,51
2022,48626195,,51
2022,48626196,,51
2022,48626197,,51
2022,48498218,,51
2022,48498220,,51
2022,47038020,,51
2022,48539793,,51
2022,47175126,,51
2022,48539794,,51
2022,47280040,,52
2022,48564838,,51
2022,48564839,,51
2022,47280041,,51
2022,48564840,,51
2022,47351041,,51
2022,48564841,,51
2022,47676552,,51
2022,49360909,,51
2022,47745970,,51
2022,47931519,,51
2022,47931520,,51
2022,48021775,,51
2022,48931756,,51
2022,49563569,,51
2022,45490791,,51
2022,48708095,,51
2022,48708097,,51
2022,48708098,,51
2022,49360910,,51
2022,48709211,,51
2022,48709212,,51
2022,48740956,,51
2022,48740957,,51
2022,48741761,,51
2022,48741762,,51
2022,48762756,,51
2022,48762757,,51
2022,49360911,,51
2022,49360912,,51
2022,48795103,,51
2022,48795104,,51
2022,48795106,,51
2022,48795107,,51
2022,48806370,,51
2022,48806371,,51
2022,48806372,,51
2022,48806373,,51
2022,48806374,,51
2022,49360913,,51
2022,45490793,,51
2022,49360914,,51
2022,49360915,,51
2022,45490795,,51
2022,49360916,,51
2022,49360917,,51
2022,49360918,,51
2022,49360919,,51
2022,45490796,,51
2022,49360920,,1
2022,49360921,,51
2022,45529349,,51
2022,49360922,,51
2022,49360923,,51
2022,49360924,,51
2022,49360925,,51
2022,49360926,,51
2022,49360927,,51
2022,45714261,,51
2022,49360928,,51
2022,49360929,,51
2022,49360930,,51
2022,49360931,,51
2022,49360932,,51
2022,45763866,,51
2022,49360933,,51
2022,49360934,,51
2022,49553564,,51
2022,49360935,,51
2022,49360936,,51
2022,49360937,,51
2022,49360938,,51
2022,49553565,,51
2022,49360940,,51
2022,49553567,,51
2022,49553568,,51
2022,49360941,,51
2022,49553569,,51
2022,49360942,,51
2022,49553570,,51
2022,45932299,,51
2022,49360943,,51
2022,49360944,,51
2022,49360945,,51
2022,49360946,,51
2022,49360947,,51
2022,49360948,,51
2022,49360949,,51
2022,49360950,,51
2022,49360951,,51
2022,49464577,,51
2022,49547779,,51
2022,49547780,,51
2022,49547781,,51
2022,49547782,,51
2022,49547783,,51
2022,49547784,,51
2022,49547785,,51
2022,49547786,,51
2022,49547787,,51
2022,49547788,,51
2022,49547789,,51
2022,49547790,,51
2022,49547791,,51
2022,49547792,,51
2022,49547793,,51
2022,49634418,,51
2022,49634419,,51
2022,49634420,,51
2022,49634421,,51
2022,49634422,,51
2022,49634423,,51
2022,49634424,,51
2022,49765986,,51
2022,46957985,,51
2022,49765987,,51
2022,49765988,,51
2022,49765989,,51
2022,49765990,,51
2022,49765991,,51
2022,49827891,,51
2022,49827892,,51
2022,46957986,,51
2022,46957987,,51
2022,49827893,,51
2022,49827894,,51
2022,49837904,,51
2022,49837905,,51
2022,46959668,,51
2022,49837907,,51
2022,49837908,,51
2022,46959669,,51
2022,49837909,,51
2022,46978661,,51
2022,46978662,,51
2022,49837910,,51
2022,46959674,,51
2022,49977778,,51
2022,46968540,,51
2022,49977779,,51
2022,49977780,,51
2022,46968545,,51
2022,46968546,,51
2022,46968547,,51
2022,46968548,,51
2022,46978663,,51
2022,46978664,,51
2022,46978665,,3
2022,46978666,,51
2022,46986306,,51
2022,47030632,,51
2022,47030633,,51
2022,47030634,,51
2022,47665644,,51
2022,49897887,,51
2022,50670673,,51
2022,47665925,,51
2022,47665926,,51
2022,47665968,,51
2022,48379600,,51
2022,49977782,,51
2022,49977783,,51
2022,49977784,,51
2022,49977785,,51
2022,49977786,,51
2022,49977787,,51
2022,49977788,,51
2022,49977789,,51
2022,49977790,,51
2022,49977792,,51
2022,49977794,,51
2022,49977796,,51
2022,50623378,,51
2022,49977797,,51
2022,48389980,,51
2022,48389981,,51
2022,48389982,,51
2022,48466747,,51
2022,50017373,,51
2022,48466748,,51
2022,48467597,,51
2022,48578192,,51
2022,48760592,,51
2022,50670674,,51
2022,50017374,,51
2022,49360639,,52
2022,49360640,,51
2022,49360641,,51
2022,49360642,,51
2022,49360643,,51
2022,50065808,,51
2022,50017375,,51
2022,50017376,,51
2022,50017377,,51
2022,50017378,,51
2022,49360644,,51
2022,49837900,,51
2022,49837901,,51
2022,50017379,,51
2022,50017380,,51
2022,50017381,,51
2022,49896715,,51
2022,50017382,,51
2022,49897422,,51
2022,50017383,,51
2022,49897429,,51
2022,49897888,,51
2022,49897889,,51
2022,46953585,,51
2022,50017384,,51
2022,50017385,,51
2022,50017386,,51
2022,50017387,,51
2022,46560486,,7
2022,46560487,,51
2022,46560488,,51
2022,46560489,,51
2022,50017388,,51
2022,46560490,,51
2022,50017389,,51
2022,50017390,,51
2022,46560491,,51
2022,46815768,,51
2022,46815769,,51
2022,46815770,,51
2022,47081349,,51
2022,47083692,,51
2022,47083693,,51
2022,47841617,,51
2022,50017391,,51
2022,50960969,,9
2022,50960970,,9
2022,50960971,,9
2022,47847225,,51
2022,48028110,,51
2022,50017392,,51
2022,48430556,,51
2022,48430557,,51
2022,48430558,,51
2022,48430559,,51
2022,48430560,,51
2022,48490877,,51
2022,48490878,,51
2022,49360434,,51
2022,50017393,,51
2022,49605525,,51
2022,50017394,,51
2022,49605526,,51
2022,49605527,,51
2022,49605528,,51
2022,49605529,,51
2022,49614240,,51
2022,50325963,,51
2022,49614241,,51
2022,50017395,,51
2022,46321837,,51
2022,50017396,,51
2022,50017397,,51
2022,50017398,,51
2022,50017399,,51
2022,50017400,,51
2022,50017401,,51
2022,46321838,,51
2022,46323805,,51
2022,47172783,,51
2022,47852245,,51
2022,47852246,,51
2022,48346617,,51
2022,48498166,,51
2022,49360645,,51
2022,49360646,,51
2022,46560630,,51
2022,50017402,,51
2022,46560631,,51
2022,46560632,,51
2022,46560633,,51
2022,46560634,,51
2022,46560635,,51
2022,46560636,,51
2022,46560637,,9
2022,46560638,,51
2022,46560639,,51
2022,46560640,,51
2022,46560641,,51
2022,49971847,,51
2022,46684308,,51
2022,46684309,,51
2022,48756808,,51
2022,46698430,,51
2022,46698431,,51
2022,46698432,,51
2022,46769170,,51
2022,46769171,,51
2022,46819373,,9
2022,46819374,,51
2022,46819375,,51
2022,46819376,,51
2022,46819377,,51
2022,46819378,,51
2022,49971848,,51
2022,47084562,,51
2022,47084563,,51
2022,47114672,,51
2022,47114673,,51
2022,47114674,,51
2022,47114675,,51
2022,47114676,,51
2022,47114677,,51
2022,47269924,,51
2022,47295183,,51
2022,47295184,,52
2022,47295185,,51
2022,47295186,,51
2022,47295187,,51
2022,47295188,,51
2022,47319943,,51
2022,47319944,,51
2022,47319945,,51
2022,47319946,,51
2022,47319947,,51
2022,47319948,,51
2022,47331217,,51
2022,47331218,,51
2022,47331219,,51
2022,47331220,,51
2022,50596169,,51
2022,47345487,,51
2022,47345489,,51
2022,47351042,,51
2022,47403099,,51
2022,47403100,,51
2022,47403101,,51
2022,47403102,,51
2022,47403103,,51
2022,47414495,,51
2022,47414500,,51
2022,47414502,,51
2022,47414503,,51
2022,47559810,,53
2022,47559811,,51
2022,47559812,,51
2022,47559813,,51
2022,47559817,,3
2022,47565852,,51
2022,47565853,,52
2022,47565854,,51
2022,47565855,,51
2022,46620759,,51
2022,47596813,,51
2022,47596814,,51
2022,47621047,,51
2022,47621048,,51
2022,47621050,,51
2022,47621051,,51
2022,47621053,,51
2022,47718225,,51
2022,47718226,,51
2022,47718227,,51
2022,47842366,,51
2022,47843323,,51
2022,47843324,,51
2022,47870419,,51
2022,47870420,,51
2022,47870421,,51
2022,47870422,,51
2022,47870423,,51
2022,47870424,,51
2022,48011069,,51
2022,48011070,,52
2022,48011071,,51
2022,48011072,,51
2022,48011073,,51
2022,48017376,,9
2022,48017376,,52
2022,48017377,,52
2022,48018304,,51
2022,48018305,,51
2022,48018306,,51
2022,46620760,,51
2022,46620761,,51
2022,46620762,,51
2022,46620763,,51
2022,46620764,,51
2022,46620765,,51
2022,46620766,,51
2022,46620767,,51
2022,46620768,,51
2022,46620769,,51
2022,46953589,,51
2022,46953590,,51
2022,47351045,,51
2022,47749587,,51
2022,47749588,,51
2022,47749590,,51
2022,47749591,,51
2022,47749592,,51
2022,47749593,,51
2022,47749594,,51
2022,47749595,,51
2022,48020348,,51
2022,48020349,,51
2022,48458191,,51
2022,48467598,,51
2022,48140086,,51
2022,48466970,,51
2022,48466971,,51
2022,48571255,,51
2022,48466972,,51
2022,48467684,,51
2022,48466973,,51
2022,48467685,,51
2022,48467686,,51
2022,48467599,,51
2022,48467687,,51
2022,48467600,,51
2022,48467688,,51
2022,48467601,,51
2022,48467602,,51
2022,48467689,,51
2022,48467690,,51
2022,48467603,,51
2022,48467604,,51
2022,48467605,,51
2022,48467606,,51
2022,48900508,,51
2022,48900509,,51
2022,48516485,,51
2022,48574212,,51
2022,48900510,,51
2022,48900512,,51
2022,49613950,,51
2022,49360976,,51
2022,49360978,,51
2022,49360979,,51
2022,49360980,,51
2022,49613951,,51
2022,48574213,,51
2022,48574214,,51
2022,48581844,,51
2022,50600591,,51
2022,49613952,,51
2022,45594254,,51
2022,45594255,,51
2022,45594256,,51
2022,45594257,,51
2022,48590580,,51
2022,48591982,,51
2022,48710337,,51
2022,49980476,,51
2022,46886703,,51
2022,46886704,,51
2022,46886705,,51
2022,46886706,,51
2022,46886707,,51
2022,46886708,,51
2022,46886709,,51
2022,46886710,,51
2022,46888125,,51
2022,46888126,,51
2022,46888129,,51
2022,47247523,,51
2022,47247524,,51
2022,47247525,,51
2022,47247526,,51
2022,47247527,,51
2022,47247528,,51
2022,47247529,,51
2022,47247530,,51
2022,47509496,,51
2022,47509497,,51
2022,47509498,,51
2022,47509499,,51
2022,47509500,,51
2022,47509501,,51
2022,47509502,,51
2022,49360647,,51
2022,49360648,,51
2022,49360649,,51
2022,49360650,,51
2022,49360651,,51
2022,50685822,,51
2022,49360652,,51
2022,49360653,,51
2022,49360654,,51
2022,49360655,,51
2022,49360656,,51
2022,50600592,,51
2022,49360657,,51
2022,49360658,,51
2022,49360659,,51
2022,49360660,,51
2022,49360661,,51
2022,49360662,,51
2022,50251810,,51
2022,49360663,,51
2022,49360664,,51
2022,49360665,,51
2022,49360666,,51
2022,51032401,,51
2022,49360667,,51
2022,47991579,,51
2022,47991580,,51
2022,48438206,,51
2022,48516498,,51
2022,49360971,,51
2022,49360972,,51
2022,49360973,,51
2022,49360974,,51
2022,49360975,,51
2022,49553571,,51
2022,50045285,,51
2022,49553572,,51
2022,50052766,,51
2022,50052767,,51
2022,49360668,,51
2022,49360669,,51
2022,49466061,,51
2022,49466062,,51
2022,50600593,,51
2022,50600594,,51
2022,49548893,,51
2022,49548894,,51
2022,49971854,,51
2022,48280530,,51
2022,50600595,,51
2022,50265426,,51
2022,48280531,,51
2022,48280532,,51
2022,48280533,,51
2022,48280534,,51
2022,48280535,,51
2022,48280536,,51
2022,48308012,,51
2022,48308013,,51
2022,48308014,,51
2022,48308015,,51
2022,48308016,,51
2022,48308017,,51
2022,48308018,,51
2022,48308019,,51
2022,48308020,,51
2022,48308021,,51
2022,48308022,,51
2022,48308023,,51
2022,48308024,,51
2022,50650739,,51
2022,48308025,,51
2022,48308026,,51
2022,48308027,,51
2022,48308028,,51
2022,48308029,,51
2022,49971858,,51
2022,48308030,,52
2022,48308031,,51
2022,48308032,,51
2022,48308033,,51
2022,48308034,,51
2022,48308035,,51
2022,48308036,,51
2022,48308037,,51
2022,48308038,,51
2022,48308039,,51
2022,48308040,,51
2022,48308041,,51
2022,48308042,,51
2022,48308043,,51
2022,48308044,,51
2022,48389820,,51
2022,48389821,,51
2022,48389822,,51
2022,48389823,,51
2022,48389824,,51
2022,48389825,,51
2022,50685824,,51
2022,50355445,,51
2022,50650749,,51
2022,46560628,,51
2022,48389983,,51
2022,48389984,,51
2022,48389985,,51
2022,48389986,,51
2022,48389987,,51
2022,48515385,,51
2022,49361432,,51
2022,49361433,,51
2022,49361434,,51
2022,49897620,,51
2022,49897621,,51
2022,49897622,,51
2022,49897623,,51
2022,49897624,,51
2022,49897678,,51
2022,49897679,,51
2022,49897680,,51
2022,49897681,,51
2022,49897682,,51
2022,49897683,,51
2022,49897684,,51
2022,49897685,,51
2022,49897686,,51
2022,49897687,,51
2022,49897688,,51
2022,49897689,,51
2022,49897690,,51
2022,49897691,,51
2022,49897692,,51
2022,49897693,,51
2022,46957988,,51
2022,48916090,,51
2022,48979141,,51
2022,48984793,,51
2022,49740296,,51
2022,49740297,,51
2022,49740298,,51
2022,49740299,,51
2022,49740300,,51
2022,45820126,,51
2022,46561092,,51
2022,46596094,,51
2022,46561094,,51
2022,46561095,,51
2022,46596095,,51
2022,46561096,,51
2022,46561097,,51
2022,46596097,,51
2022,46561099,,51
2022,46561100,,51
2022,46561101,,51
2022,46561102,,51
2022,46561103,,51
2022,46561104,,51
2022,46561105,,51
2022,46561106,,51
2022,46561107,,51
2022,46561108,,51
2022,46561109,,51
2022,46561110,,51
2022,46596098,,52
2022,46561112,,51
2022,46561113,,51
2022,46352792,,51
2022,46297024,,51
2022,46596099,,51
2022,46290685,,51
2022,46290687,,51
2022,46561114,,51
2022,46561115,,51
2022,46561116,,51
2022,46561118,,51
2022,46561119,,51
2022,46561120,,51
2022,46561121,,51
2022,46561122,,51
2022,46561123,,51
2022,46561124,,51
2022,46561125,,51
2022,46609957,,51
2022,46609958,,51
2022,46609959,,51
2022,45820127,,51
2022,45950788,,51
2022,46683255,,51
2022,46697007,,51
2022,46697008,,51
2022,46697009,,51
2022,46697010,,51
2022,46697011,,51
2022,46697012,,51
2022,46697013,,51
2022,46697014,,51
2022,46697015,,51
2022,46697016,,51
2022,46697018,,51
2022,46697019,,51
2022,46977901,,51
2022,46970215,,51
2022,46970216,,51
2022,46970217,,51
2022,46970218,,51
2022,46970219,,51
2022,46977902,,51
2022,46977903,,51
2022,46977904,,51
2022,46977905,,51
2022,46977906,,51
2022,46977907,,51
2022,46977908,,51
2022,46988571,,51
2022,46305910,,51
2022,46305911,,51
2022,47232363,,51
2022,47266279,,51
2022,47266280,,51
2022,47280069,,51
2022,47280070,,51
2022,47280078,,51
2022,47307261,,51
2022,47307262,,51
2022,47307263,,51
2022,47307264,,51
2022,47307265,,51
2022,47307266,,51
2022,47307267,,51
2022,47307268,,51
2022,47670233,,51
2022,47670234,,51
2022,47670235,,51
2022,47674839,,51
2022,47674840,,51
2022,47675670,,51
2022,47685111,,51
2022,47681536,,51
2022,47681538,,51
2022,47681539,,51
2022,47681541,,51
2022,47681543,,51
2022,47685112,,51
2022,46259256,,51
2022,47995461,,51
2022,47995462,,51
2022,47995463,,51
2022,47995464,,51
2022,47996036,,51
2022,47996037,,51
2022,46277790,,51
2022,46277791,,51
2022,46281258,,51
2022,46281259,,51
2022,46281260,,51
2022,46281261,,51
2022,46281262,,51
2022,46281559,,51
2022,46281560,,51
2022,46281564,,51
2022,46281565,,51
2022,46283355,,51
2022,50054700,,51
2022,48280537,,51
2022,48280538,,51
2022,48280539,,51
2022,46283356,,51
2022,46283357,,51
2022,46283358,,51
2022,46286572,,52
2022,46286573,,51
2022,46286574,,51
2022,48280540,,51
2022,48346630,,3
2022,48365919,,51
2022,46286575,,51
2022,48365920,,51
2022,48365921,,51
2022,48365922,,51
2022,46286576,,51
2022,46286577,,51
2022,48749284,,51
2022,46305912,,51
2022,46305913,,51
2022,48577652,,51
2022,46305914,,51
2022,48456039,,51
2022,48456040,,51
2022,48456041,,51
2022,48456042,,51
2022,48491822,,51
2022,48491823,,51
2022,48491824,,51
2022,48502793,,51
2022,48502794,,51
2022,48502795,,51
2022,48502796,,51
2022,48502797,,51
2022,48502799,,51
2022,48538878,,51
2022,46293615,,51
2022,48538879,,51
2022,46297005,,51
2022,48538880,,51
2022,48538881,,51
2022,46297006,,51
2022,46305915,,51
2022,46297008,,51
2022,46297009,,51
2022,46305916,,51
2022,46305917,,51
2022,46305918,,51
2022,46305919,,51
2022,46305920,,51
2022,46305921,,51
2022,46305922,,52
2022,46350112,,51
2022,46350113,,51
2022,46350114,,51
2022,46350115,,51
2022,46350116,,51
2022,46350118,,51
2022,46560691,,51
2022,46560692,,51
2022,46560694,,51
2022,46560695,,51
2022,46560696,,51
2022,46560698,,51
2022,46560699,,51
2022,46560705,,51
2022,46560706,,51
2022,46560707,,51
2022,46560714,,51
2022,48538882,,51
2022,48538883,,51
2022,48538884,,51
2022,48647367,,51
2022,48647368,,51
2022,48647369,,51
2022,48647370,,51
2022,48647373,,51
2022,48647374,,51
2022,48647375,,51
2022,48751123,,51
2022,48751124,,51
2022,48751125,,51
2022,48839361,,51
2022,48839362,,51
2022,48860735,,51
2022,48860736,,51
2022,48860737,,51
2022,48860738,,51
2022,48875356,,51
2022,48875357,,51
2022,48913980,,51
2022,48913981,,51
2022,48913982,,51
2022,48913983,,51
2022,48913984,,51
2022,49361442,,51
2022,49361443,,51
2022,49361444,,51
2022,49361445,,51
2022,49361446,,51
2022,49361447,,51
2022,49361448,,51
2022,49361449,,51
2022,49361450,,51
2022,49361451,,51
2022,49361452,,51
2022,49361453,,51
2022,49361454,,51
2022,49361455,,51
2022,49361456,,51
2022,49361457,,51
2022,49361458,,51
2022,49361459,,51
2022,49361460,,51
2022,49361461,,51
2022,46560715,,51
2022,46560716,,51
2022,46560717,,51
2022,46560718,,51
2022,46560719,,51
2022,46609922,,51
2022,46609923,,51
2022,46609924,,51
2022,46623261,,51
2022,46623262,,51
2022,46623263,,51
2022,46696986,,51
2022,46696987,,51
2022,46696988,,51
2022,46742527,,51
2022,46766016,,51
2022,46815241,,51
2022,46868656,,51
2022,46881867,,51
2022,46881868,,51
2022,46881869,,51
2022,46890410,,51
2022,46890411,,51
2022,46890412,,51
2022,46954545,,51
2022,46967305,,51
2022,46967306,,51
2022,46985366,,51
2022,46985367,,52
2022,46985368,,51
2022,46991830,,51
2022,47113634,,51
2022,47113636,,51
2022,47195313,,51
2022,47195314,,51
2022,47195315,,51
2022,47229250,,51
2022,47229251,,51
2022,47232353,,51
2022,47232354,,51
2022,47266276,,51
2022,47266277,,51
2022,47293206,,51
2022,47293210,,51
2022,47293211,,51
2022,47293212,,51
2022,47293213,,51
2022,47293214,,51
2022,47382610,,51
2022,47382611,,51
2022,47382612,,51
2022,47399885,,52
2022,47399886,,51
2022,47646239,,51
2022,47646240,,51
2022,47646241,,51
2022,47646242,,51
2022,47646243,,51
2022,47646244,,51
2022,47646245,,51
2022,47646246,,51
2022,47646247,,51
2022,47646248,,51
2022,47646249,,51
2022,47660837,,51
2022,47660838,,51
2022,47692823,,51
2022,47692824,,51
2022,47697320,,51
2022,47697321,,51
2022,47717423,,51
2022,47748782,,51
2022,47748783,,51
2022,47770580,,51
2022,47787119,,51
2022,47991570,,51
2022,47996019,,51
2022,47996020,,51
2022,47996021,,51
2022,47996022,,51
2022,48045597,,51
2022,49361462,,51
2022,49361463,,51
2022,49361464,,51
2022,49361465,,51
2022,49361466,,51
2022,49361467,,51
2022,49361468,,51
2022,49361469,,51
2022,49361470,,51
2022,49361471,,51
2022,49361472,,51
2022,49626599,,51
2022,49626600,,51
2022,49626601,,51
2022,49626602,,51
2022,49626603,,51
2022,49685579,,51
2022,49685580,,51
2022,49784849,,51
2022,49784850,,51
2022,49784851,,51
2022,49836664,,51
2022,49836665,,51
2022,49949689,,51
2022,49949695,,51
2022,48045598,,51
2022,49949735,,51
2022,48084404,,51
2022,49977830,,51
2022,50013375,,51
2022,48084405,,51
2022,50017403,,51
2022,48096247,,51
2022,50017404,,51
2022,50017405,,52
2022,48187309,,51
2022,48188310,,51
2022,50017406,,51
2022,48188311,,51
2022,48274494,,51
2022,50017407,,51
2022,50017408,,51
2022,48274495,,51
2022,48274496,,51
2022,48274497,,51
2022,48274498,,51
2022,48274499,,51
2022,48307339,,51
2022,50017409,,51
2022,50017410,,51
2022,48307340,,51
2022,48378301,,51
2022,48382824,,51
2022,48382825,,51
2022,48382826,,51
2022,48382827,,51
2022,48382828,,51
2022,48382829,,51
2022,48382830,,51
2022,48430561,,51
2022,48430562,,51
2022,48430563,,51
2022,48430564,,51
2022,48430565,,51
2022,48430566,,51
2022,48437544,,51
2022,48437545,,51
2022,48437546,,51
2022,48478126,,51
2022,48505836,,51
2022,48538867,,51
2022,50017910,,51
2022,48564828,,51
2022,48564829,,51
2022,48564830,,51
2022,48564831,,51
2022,48576913,,51
2022,48581046,,51
2022,48779651,,51
2022,48795057,,51
2022,48795058,,51
2022,48795059,,51
2022,48809104,,51
2022,49360763,,51
2022,49360765,,51
2022,49360766,,51
2022,49360767,,51
2022,49360768,,51
2022,49360769,,51
2022,49360770,,51
2022,50017911,,51
2022,49360771,,51
2022,49360772,,51
2022,49360773,,51
2022,49360774,,51
2022,49360775,,51
2022,49360776,,51
2022,49360777,,51
2022,49360778,,51
2022,49360779,,51
2022,49360780,,51
2022,49360781,,51
2022,49360782,,51
2022,49360783,,51
2022,49360784,,51
2022,49360785,,51
2022,49360786,,51
2022,49360787,,51
2022,49360788,,51
2022,49360789,,51
2022,49360790,,51
2022,49360791,,51
2022,49360792,,51
2022,49360793,,51
2022,49360794,,51
2022,49360795,,51
2022,49360796,,51
2022,49360797,,51
2022,49360798,,51
2022,49360799,,51
2022,49360800,,51
2022,49360801,,51
2022,49360802,,51
2022,49360803,,51
2022,49360804,,51
2022,49360805,,51
2022,49360806,,51
2022,49360807,,51
2022,49360808,,51
2022,49360809,,51
2022,49588318,,51
2022,49588319,,51
2022,49592752,,51
2022,49592753,,51
2022,49592754,,51
2022,50236697,,51
2022,50236698,,51
2022,50236699,,51
2022,50236700,,51
2022,50470386,,51
2022,50470387,,51
2022,50470388,,51
2022,50485414,,51
2022,50017912,,51
2022,50499135,,51
2022,50017913,,51
2022,50499136,,51
2022,50499137,,51
2022,50017914,,51
2022,50499138,,51
2022,50499139,,51
2022,50017915,,51
2022,50052768,,51
2022,50499140,,51
2022,50667521,,51
2022,50980402,,51
2022,48161507,,51
2022,48161508,,51
2022,48161509,,51
2022,50980403,,51
2022,51199068,,51
2022,51246186,,51
2022,51246187,,51
2022,45219047,,53
2022,48161510,,51
2022,48161511,,51
2022,48161512,,51
2022,48161513,,51
2022,48178023,,51
2022,48178024,,51
2022,48178025,,51
2022,48178026,,51
2022,48187360,,51
2022,48274517,,51
2022,48330545,,51
2022,48330546,,51
2022,48330547,,51
2022,48330548,,51
2022,48330549,,51
2022,48365923,,51
2022,48426854,,51
2022,48426855,,51
2022,48426856,,51
2022,48426857,,51
2022,48426858,,51
2022,48457311,,51
2022,48457312,,51
2022,48457313,,51
2022,48457314,,51
2022,48457315,,51
2022,48457316,,51
2022,48472464,,51
2022,48478135,,51
2022,45536335,,51
2022,45536336,,51
2022,45594253,,51
2022,45634468,,51
2022,48501879,,51
2022,45764008,,4
2022,46244926,,51
2022,48516071,,51
2022,46297010,,51
2022,46297011,,51
2022,46297012,,51
2022,46321839,,51
2022,46321840,,51
2022,46560728,,51
2022,48516072,,51
2022,48516073,,51
2022,48577653,,51
2022,48626198,,51
2022,48626199,,51
2022,48626200,,51
2022,48626201,,51
2022,48749285,,51
2022,48749286,,51
2022,48749287,,51
2022,48762378,,51
2022,48762379,,51
2022,48762380,,51
2022,48779654,,51
2022,48779655,,51
2022,48812690,,51
2022,48812691,,51
2022,48812692,,51
2022,48838713,,51
2022,46875690,,51
2022,50054702,,51
2022,48838715,,51
2022,48838716,,51
2022,48860739,,51
2022,48905382,,51
2022,46886688,,51
2022,47229252,,51
2022,48905383,,51
2022,48905384,,51
2022,48905385,,51
2022,48905386,,51
2022,48979144,,51
2022,47229253,,51
2022,47229254,,51
2022,47229255,,51
2022,47261708,,51
2022,49361473,,51
2022,47834415,,51
2022,49361474,,51
2022,49361475,,51
2022,49361476,,51
2022,49361477,,51
2022,49361478,,51
2022,48151432,,51
2022,49361479,,51
2022,49361480,,51
2022,49361481,,51
2022,49361482,,51
2022,49361483,,51
2022,48156280,,51
2022,49361484,,4
2022,49361485,,51
2022,49361486,,51
2022,49361487,,51
2022,49361488,,51
2022,49361489,,51
2022,49361490,,51
2022,49361491,,51
2022,49361492,,51
2022,49361493,,51
2022,49463386,,51
2022,49361494,,51
2022,48383526,,51
2022,48779652,,51
2022,48979142,,51
2022,49360813,,53
2022,49360815,,51
2022,49575568,,51
2022,50462845,,51
2022,51478985,,51
2022,50462847,,51
2022,51483358,,51
2022,49361495,,51
2022,49361496,,51
2022,49361497,,51
2022,49463387,,51
2022,49463388,,51
2022,49557883,,51
2022,49613953,,51
2022,49613954,,51
2022,49613955,,51
2022,49613956,,51
2022,49613957,,51
2022,49613958,,51
2022,49624843,,51
2022,49624845,,51
2022,49624846,,51
2022,50462848,,51
2022,50462849,,51
2022,51551892,,51
2022,51552542,,51
2022,46560763,,51
2022,50954555,,51
2022,46294700,,51
2022,46294704,,51
2022,46286095,,51
2022,46286038,,51
2022,46283362,,51
2022,46321858,,51
2022,46297028,,51
2022,46323814,,52
2022,46344734,,51
2022,46344735,,51
2022,46561189,,51
2022,46574296,,51
2022,46621518,,51
2022,46834614,,51
2022,46834615,,51
2022,46927769,,51
2022,47560764,,51
2022,47565677,,51
2022,47565678,,51
2022,47770030,,51
2022,46560764,,51
2022,46560765,,51
2022,45488630,,51
2022,46560766,,51
2022,45488638,,51
2022,48029061,,51
2022,46560767,,51
2022,45488649,,51
2022,45488650,,51
2022,45488651,,51
2022,45490800,,51
2022,45490801,,51
2022,45833614,,51
2022,48029062,,51
2022,45833617,,51
2022,48029063,,51
2022,45833619,,51
2022,48029064,,51
2022,45833620,,51
2022,45833621,,51
2022,45833622,,51
2022,46350119,,51
2022,46350121,,53
2022,46350122,,51
2022,46560769,,51
2022,46560770,,51
2022,46560771,,51
2022,46560772,,51
2022,46560773,,51
2022,46560774,,51
2022,46560775,,51
2022,46560777,,51
2022,46560778,,52
2022,46560779,,52
2022,46824373,,51
2022,46824374,,51
2022,46824375,,51
2022,46824376,,51
2022,46824377,,51
2022,46824378,,51
2022,46824379,,51
2022,46824380,,51
2022,46824381,,51
2022,46824382,,51
2022,47399887,,51
2022,48029065,,51
2022,48029066,,51
2022,48120981,,51
2022,46886689,,51
2022,46886690,,51
2022,46886691,,51
2022,46886692,,51
2022,47280042,,51
2022,47280043,,51
2022,47399888,,51
2022,47399889,,51
2022,47440376,,51
2022,47440377,,51
2022,47440379,,51
2022,47440382,,51
2022,48120982,,51
2022,47440383,,51
2022,47440384,,51
2022,47615990,,51
2022,47615991,,51
2022,47619190,,51
2022,47619191,,51
2022,47619192,,51
2022,47619193,,51
2022,47619194,,51
2022,47619195,,51
2022,47619196,,51
2022,47619197,,51
2022,47619198,,52
2022,47619199,,51
2022,47619200,,52
2022,47619201,,51
2022,47619202,,51
2022,47619203,,51
2022,47619204,,51
2022,47619205,,51
2022,47619206,,51
2022,47646250,,51
2022,47646251,,51
2022,47646252,,51
2022,47960443,,51
2022,47960444,,51
2022,47991057,,51
2022,48024481,,51
2022,49361640,,52
2022,49361641,,51
2022,49361642,,51
2022,49361643,,51
2022,49361644,,51
2022,48308011,,51
2022,48457306,,51
2022,48365857,,51
2022,48378302,,51
2022,49558180,,51
2022,48426847,,51
2022,48426848,,51
2022,48430567,,51
2022,48430568,,51
2022,48430569,,51
2022,48430570,,51
2022,48437547,,51
2022,48437548,,51
2022,48478127,,51
2022,48478128,,51
2022,48507339,,51
2022,49636792,,51
2022,49636793,,51
2022,47747273,,51
2022,47747274,,51
2022,48142928,,51
2022,48539781,,51
2022,48708084,,51
2022,48142929,,51
2022,48142930,,51
2022,48708085,,51
2022,48708086,,51
2022,48708087,,51
2022,48749241,,51
2022,46589752,,51
2022,48142931,,51
2022,48502800,,51
2022,48984945,,51
2022,48984947,,51
2022,48984948,,51
2022,49740378,,51
2022,46589755,,51
2022,46594361,,51
2022,46594362,,51
2022,47992758,,51
2022,47992759,,51
2022,48189207,,51
2022,45453214,,51
2022,48426849,,51
2022,48503506,,51
2022,49837902,,51
2022,49837903,,3
2022,50326613,,51
2022,45453215,,51
2022,45453216,,51
2022,45453217,,51
2022,45453218,,51
2022,45453219,,51
2022,45932332,,51
2022,45932333,,51
2022,45932334,,51
2022,45932337,,51
2022,45932343,,51
2022,45932344,,51
2022,45932346,,51
2022,45932347,,51
2022,45932350,,51
2022,45932353,,51
2022,45932354,,51
2022,46305927,,51
2022,46305928,,51
2022,46305929,,51
2022,46305930,,51
2022,46305931,,51
2022,46609967,,51
2022,46609968,,51
2022,46609970,,51
2022,46609972,,51
2022,46609973,,51
2022,46609974,,51
2022,46609975,,51
2022,46609976,,51
2022,46609977,,51
2022,46609978,,51
2022,46954582,,51
2022,46954583,,51
2022,46954584,,51
2022,46954585,,51
2022,46954586,,51
2022,46954587,,51
2022,46954588,,51
2022,46954589,,51
2022,46954590,,51
2022,46954591,,51
2022,46954592,,51
2022,46954593,,51
2022,46954594,,51
2022,46954595,,51
2022,46954596,,51
2022,47317516,,51
2022,47317517,,51
2022,47317518,,51
2022,47317521,,51
2022,47317522,,51
2022,47317525,,51
2022,47317528,,51
2022,47317531,,51
2022,47317533,,51
2022,47317536,,51
2022,47317538,,51
2022,47841621,,51
2022,47841622,,51
2022,47841623,,51
2022,47841624,,51
2022,47841625,,51
2022,47841626,,51
2022,47841627,,51
2022,47841628,,51
2022,47841629,,51
2022,47841630,,51
2022,47841631,,51
2022,47841632,,51
2022,48132802,,51
2022,48132803,,51
2022,48132804,,51
2022,48132805,,51
2022,50896495,,51
2022,48132806,,51
2022,48132807,,51
2022,48132810,,51
2022,48132811,,51
2022,50871547,,51
2022,48132812,,51
2022,48132814,,51
2022,50871548,,51
2022,48132815,,51
2022,50871549,,51
2022,50871550,,51
2022,48132817,,51
2022,50335541,,51
2022,48132818,,51
2022,48132819,,51
2022,51246190,,51
2022,48132820,,51
2022,48132821,,51
2022,50921928,,51
2022,48132822,,51
2022,48132823,,51
2022,51246191,,51
2022,51258095,,51
2022,48132824,,51
2022,51258096,,51
2022,51258097,,51
2022,50971270,,51
2022,48132825,,51
2022,50971271,,51
2022,50971272,,51
2022,50971273,,51
2022,50971274,,51
2022,50971275,,51
2022,48132826,,51
2022,50971276,,51
2022,50971277,,51
2022,51246192,,51
2022,51246193,,51
2022,50977615,,51
2022,50980404,,51
2022,50980405,,51
2022,50980406,,52
2022,51119686,,52
2022,48472466,,51
2022,51119687,,52
2022,48472468,,51
2022,48472469,,51
2022,48472470,,51
2022,51119688,,52
2022,48472471,,51
2022,48472473,,51
2022,48472474,,51
2022,48472475,,51
2022,48472476,,51
2022,48472477,,51
2022,48472478,,51
2022,48472479,,51
2022,48472480,,51
2022,48472481,,51
2022,51119689,,52
2022,50980407,,51
2022,51119690,,52
2022,48472482,,51
2022,48472483,,51
2022,48472484,,51
2022,48875358,,51
2022,48875359,,51
2022,48875360,,51
2022,48875361,,51
2022,48875362,,51
2022,48875363,,51
2022,48875364,,51
2022,48875365,,51
2022,48875366,,51
2022,48875367,,51
2022,48875368,,51
2022,48875369,,51
2022,48875370,,51
2022,48875371,,51
2022,48875372,,51
2022,48875373,,51
2022,48875374,,51
2022,48875375,,51
2022,48875376,,51
2022,48875377,,51
2022,48875378,,51
2022,48875379,,51
2022,48875380,,51
2022,48875381,,51
2022,48875382,,51
2022,48875383,,51
2022,48875384,,51
2022,48875385,,51
2022,48875386,,51
2022,48875387,,51
2022,48875388,,51
2022,49361990,,51
2022,49361991,,51
2022,49361992,,51
2022,49361993,,51
2022,49361994,,51
2022,49361995,,51
2022,49361996,,51
2022,49361997,,51
2022,49361998,,51
2022,49361999,,51
2022,49362000,,51
2022,49624847,,51
2022,49624848,,51
2022,49624849,,51
2022,49624851,,51
2022,49624852,,51
2022,49624853,,51
2022,49624855,,51
2022,49624856,,51
2022,49624857,,51
2022,49624858,,51
2022,49624859,,51
2022,49624860,,51
2022,49624861,,51
2022,49624863,,51
2022,49624864,,51
2022,49624865,,51
2022,49624866,,51
2022,49624867,,51
2022,49624868,,51
2022,50980408,,51
2022,50980409,,51
2022,50980410,,51
2022,50980411,,51
2022,50980412,,51
2022,50980413,,51
2022,50980414,,51
2022,50980415,,51
2022,50980416,,51
2022,51246194,,51
2022,51246195,,51
2022,51026029,,51
2022,51119691,,52
2022,51026030,,51
2022,51026031,,51
2022,51026032,,51
2022,51119692,,1
2022,51094778,,51
2022,51094779,,51
2022,51268961,,51
2022,51253078,,51
2022,51253079,,52
2022,51253080,,51
2022,51253081,,51
2022,51253082,,51
2022,51268962,,51
2022,51268963,,51
2022,51268964,,51
2022,51119693,,1
2022,51268965,,51
2022,51268966,,51
2022,51275498,,51
2022,51275499,,51
2022,51119694,,51
2022,51275500,,51
2022,51275501,,51
2022,51275502,,51
2022,51275503,,51
2022,51275504,,51
2022,51275505,,51
2022,51119695,,51
2022,51275506,,51
2022,51275507,,51
2022,51281216,,51
2022,51281217,,51
2022,51281218,,51
2022,51281219,,51
2022,51281220,,51
2022,51281221,,51
2022,51281222,,52
2022,51281223,,51
2022,51119696,,51
2022,51119698,,52
2022,51281224,,51
2022,51340590,,51
2022,51119699,,52
2022,50735223,,51
2022,51340591,,51
2022,51342794,,51
2022,51342795,,51
2022,51342796,,51
2022,51342797,,51
2022,51342798,,51
2022,50335542,,51
2022,50335543,,51
2022,50335544,,51
2022,50750201,,51
2022,51119700,,52
2022,51119701,,1
2022,50750202,,51
2022,51342799,,51
2022,51119702,,52
2022,51119703,,52
2022,51119704,,51
2022,51342800,,51
2022,50771922,,51
2022,51168524,,51
2022,51369767,,51
2022,51369768,,51
2022,51369769,,51
2022,49607580,,52
2022,49607581,,51
2022,45497382,,5
2022,45497383,,5
2022,45497384,,5
2022,45496864,,51
2022,45496865,,51
2022,45496868,,51
2022,49626598,,51
2022,49605530,,52
2022,45516712,,51
2022,45516713,,51
2022,49740301,,52
2022,45516714,,51
2022,49666564,,51
2022,49740302,,52
2022,49685551,,52
2022,49685552,,51
2022,46868657,,51
2022,45496879,,51
2022,45496882,,51
2022,45496883,,51
2022,45496885,,51
2022,45519130,,51
2022,45496888,,51
2022,45519131,,51
2022,45496892,,51
2022,45496893,,51
2022,45496895,,51
2022,45496896,,51
2022,45721369,,51
2022,45721370,,51
2022,45721371,,51
2022,45721372,,51
2022,45721373,,51
2022,45721374,,51
2022,45721375,,51
2022,45810008,,51
2022,45810009,,51
2022,45825501,,51
2022,45825502,,51
2022,45825503,,51
2022,46562011,,51
2022,46562012,,51
2022,46562013,,51
2022,46562014,,51
2022,46562015,,51
2022,46562016,,51
2022,46562017,,51
2022,46562018,,51
2022,46562019,,51
2022,46562020,,51
2022,46562021,,51
2022,46562022,,51
2022,46562023,,51
2022,46562024,,51
2022,46562025,,51
2022,48139910,,51
2022,46562026,,51
2022,46562027,,51
2022,46562028,,51
2022,46562029,,51
2022,46562030,,51
2022,46562031,,51
2022,46562032,,51
2022,46872438,,51
2022,46872442,,51
2022,46872443,,51
2022,46872444,,51
2022,46872445,,51
2022,46872446,,51
2022,46872447,,51
2022,46872448,,51
2022,46872449,,51
2022,46872451,,51
2022,46872452,,51
2022,46872453,,51
2022,46872454,,51
2022,47230048,,51
2022,47230049,,51
2022,47230050,,51
2022,47230051,,51
2022,47230052,,51
2022,47230053,,51
2022,47230054,,51
2022,47230055,,51
2022,47230056,,51
2022,47230057,,51
2022,47230058,,51
2022,47230059,,51
2022,47230060,,51
2022,50315126,,51
2022,47230061,,51
2022,47230062,,51
2022,46272113,,51
2022,47230064,,51
2022,47230065,,51
2022,47230066,,51
2022,47510056,,51
2022,47510057,,51
2022,47510058,,51
2022,47194042,,53
2022,47510059,,51
2022,47510061,,51
2022,47510062,,51
2022,47510063,,51
2022,47510064,,51
2022,47849313,,51
2022,47510065,,51
2022,47510066,,51
2022,47510067,,51
2022,47510068,,51
2022,47849314,,51
2022,47510069,,51
2022,48308654,,51
2022,47510070,,51
2022,47510071,,51
2022,47510072,,51
2022,47510073,,51
2022,47510074,,51
2022,47510076,,51
2022,47510077,,51
2022,47814761,,51
2022,47814762,,51
2022,47814764,,51
2022,47814767,,51
2022,47814770,,51
2022,47814771,,51
2022,47814774,,51
2022,47814781,,51
2022,47814785,,51
2022,47814792,,51
2022,47818443,,51
2022,47818444,,51
2022,47818445,,51
2022,47818446,,51
2022,47818447,,51
2022,47818448,,51
2022,48430586,,51
2022,48430587,,51
2022,48430588,,51
2022,48430589,,51
2022,48430590,,51
2022,48430591,,51
2022,48430592,,51
2022,48308655,,51
2022,48430593,,51
2022,48571259,,51
2022,48430594,,51
2022,48430595,,51
2022,48430596,,51
2022,48430597,,51
2022,48430598,,51
2022,48430599,,51
2022,48875390,,51
2022,48875391,,51
2022,48875392,,51
2022,48875394,,51
2022,48875395,,51
2022,48875396,,51
2022,48875401,,51
2022,48875403,,51
2022,48860740,,51
2022,48839364,,51
2022,48839365,,51
2022,48839366,,51
2022,48839367,,51
2022,48839368,,51
2022,49464578,,51
2022,49464579,,51
2022,49464580,,51
2022,49464581,,51
2022,48571260,,51
2022,49361435,,51
2022,49361436,,51
2022,49361437,,51
2022,48378989,,51
2022,48378990,,51
2022,48383527,,51
2022,49464583,,51
2022,49464584,,51
2022,49464585,,51
2022,49464586,,51
2022,49464587,,51
2022,49464588,,51
2022,49464590,,51
2022,48383528,,51
2022,48502775,,51
2022,48502777,,51
2022,48502778,,51
2022,48502781,,51
2022,48502782,,51
2022,48502783,,51
2022,48502784,,51
2022,48708089,,51
2022,49361504,,51
2022,49466064,,51
2022,49466065,,51
2022,49466066,,51
2022,49466067,,51
2022,49466068,,51
2022,49466069,,51
2022,49613959,,51
2022,49361505,,51
2022,49613960,,51
2022,49361506,,51
2022,49613961,,51
2022,49613962,,3
2022,49613963,,3
2022,49613964,,51
2022,49613965,,51
2022,49361507,,51
2022,49613966,,51
2022,49609880,,51
2022,49609881,,51
2022,49634409,,51
2022,49634410,,51
2022,45267594,,51
2022,45267595,,51
2022,45640066,,51
2022,45640069,,51
2022,45640073,,51
2022,46638779,,51
2022,45653940,,51
2022,45653941,,51
2022,45653943,,51
2022,45662932,,51
2022,45662933,,51
2022,45662934,,51
2022,45662935,,51
2022,45679509,,51
2022,45764011,,51
2022,48426860,,51
2022,45679510,,51
2022,45764018,,51
2022,45764058,,51
2022,45764081,,51
2022,45764204,,51
2022,45764243,,51
2022,46286578,,51
2022,46286579,,51
2022,46315355,,51
2022,46321846,,51
2022,46321847,,51
2022,46675542,,9
2022,46321848,,51
2022,49632855,,51
2022,46321849,,51
2022,46321850,,51
2022,46561132,,51
2022,46561133,,51
2022,46561134,,51
2022,46627554,,51
2022,46627555,,51
2022,49632856,,51
2022,46627556,,51
2022,49632857,,51
2022,49632858,,51
2022,50457760,,51
2022,46953586,,51
2022,46954546,,51
2022,46954547,,51
2022,46954548,,51
2022,46954549,,51
2022,46954550,,51
2022,46957149,,51
2022,46985386,,51
2022,46985387,,51
2022,46957989,,51
2022,51274240,,51
2022,49632859,,51
2022,49632860,,51
2022,49632861,,51
2022,49632862,,51
2022,49632863,,51
2022,50002667,,51
2022,50002668,,51
2022,50002669,,51
2022,46985388,,51
2022,46985389,,52
2022,47340987,,51
2022,50002670,,51
2022,47345491,,51
2022,50002671,,51
2022,47382613,,51
2022,50002672,,51
2022,47382614,,51
2022,47399890,,51
2022,47399891,,51
2022,47399892,,51
2022,47399893,,51
2022,47399894,,51
2022,47399895,,51
2022,47787120,,51
2022,47787121,,51
2022,47787122,,51
2022,47787123,,51
2022,47792478,,51
2022,47792479,,51
2022,47806664,,51
2022,47806665,,51
2022,47806668,,51
2022,47806669,,51
2022,47806670,,51
2022,47806671,,51
2022,47814740,,51
2022,48170817,,51
2022,48170818,,51
2022,48170819,,51
2022,48178020,,51
2022,48179245,,51
2022,48188312,,51
2022,46562096,,51
2022,46562097,,51
2022,48577634,,51
2022,48577635,,51
2022,48577636,,51
2022,48577637,,51
2022,48577638,,51
2022,48577639,,51
2022,48577641,,51
2022,48577642,,51
2022,48577643,,51
2022,48577644,,51
2022,48577645,,51
2022,48577646,,51
2022,48581047,,51
2022,48581048,,51
2022,48581049,,3
2022,49361528,,51
2022,49361529,,51
2022,49361530,,51
2022,49361531,,51
2022,49361532,,51
2022,49361533,,51
2022,49361534,,51
2022,49361535,,51
2022,49361536,,51
2022,49361537,,51
2022,49361538,,51
2022,49361539,,51
2022,49361540,,51
2022,49361541,,51
2022,49361542,,51
2022,49361543,,51
2022,49361544,,51
2022,49361545,,51
2022,49361546,,51
2022,49361547,,51
2022,49361548,,51
2022,49361549,,51
2022,49361550,,51
2022,49429857,,51
2022,49429870,,51
2022,49429871,,51
2022,49632848,,51
2022,49634412,,51
2022,49634413,,52
2022,49634414,,51
2022,49634415,,51
2022,49685555,,51
2022,49685556,,51
2022,49685557,,51
2022,49685558,,51
2022,49685559,,51
2022,49685560,,51
2022,50750206,,51
2022,44977016,,51
2022,46562100,,51
2022,46562101,,51
2022,46610001,,51
2022,46620816,,51
2022,46620817,,51
2022,46620818,,51
2022,46890417,,51
2022,46890418,,51
2022,46937896,,51
2022,46977930,,51
2022,46977931,,51
2022,46977932,,51
2022,46977933,,51
2022,47280080,,51
2022,47440390,,51
2022,47440391,,51
2022,47440392,,51
2022,47440393,,51
2022,47499448,,51
2022,47499450,,51
2022,47770031,,51
2022,47770032,,51
2022,47847256,,51
2022,47864964,,51
2022,47864965,,51
2022,47864966,,51
2022,48098992,,51
2022,45007191,,51
2022,45516711,,51
2022,45132656,,51
2022,48098995,,51
2022,48132827,,51
2022,45132657,,51
2022,51100706,,51
2022,48132828,,51
2022,51100707,,51
2022,51100708,,51
2022,48132830,,51
2022,48134763,,51
2022,48134764,,51
2022,48161514,,51
2022,48178028,,51
2022,48178029,,51
2022,48464507,,51
2022,48478136,,51
2022,48478137,,51
2022,45488658,,51
2022,51100709,,51
2022,45355970,,1
2022,45355971,,52
2022,45355972,,51
2022,45453205,,51
2022,51100710,,51
2022,48979146,,51
2022,49363358,,51
2022,49363359,,51
2022,49363360,,51
2022,49363361,,51
2022,49363362,,51
2022,48098983,,51
2022,46562235,,51
2022,45560182,,51
2022,46562237,,51
2022,46562238,,51
2022,45644435,,51
2022,46562239,,51
2022,46562240,,51
2022,46562241,,51
2022,46562242,,51
2022,46562243,,51
2022,46562244,,51
2022,46562245,,51
2022,46562246,,51
2022,46562247,,51
2022,46562248,,51
2022,46562249,,51
2022,46562250,,51
2022,46562251,,51
2022,46562252,,51
2022,46562253,,51
2022,46562254,,51
2022,46562255,,51
2022,46562256,,51
2022,46562257,,51
2022,46562258,,51
2022,46562259,,51
2022,46562260,,51
2022,46574341,,51
2022,46574342,,51
2022,46562261,,51
2022,46562262,,51
2022,46562263,,51
2022,46562264,,51
2022,46562265,,51
2022,46562266,,51
2022,46562267,,51
2022,45640082,,51
2022,45658890,,51
2022,45699824,,51
2022,45679512,,51
2022,45820128,,51
2022,46562268,,51
2022,46562269,,51
2022,46562270,,51
2022,46250421,,51
2022,46562271,,51
2022,46562272,,51
2022,46250422,,51
2022,45999703,,51
2022,46574343,,51
2022,46562273,,51
2022,46562274,,51
2022,46562275,,51
2022,46562276,,51
2022,46574344,,51
2022,46562277,,51
2022,46629731,,51
2022,46629732,,51
2022,46629733,,51
2022,46629734,,51
2022,46629735,,51
2022,46629736,,51
2022,46629737,,51
2022,46629738,,51
2022,46629739,,51
2022,46629740,,51
2022,46629741,,51
2022,46629742,,51
2022,46629743,,51
2022,46629744,,51
2022,46629745,,51
2022,46629746,,51
2022,46629747,,51
2022,46629748,,51
2022,46629749,,51
2022,46629750,,51
2022,46629751,,51
2022,46629752,,51
2022,46629753,,51
2022,46629754,,51
2022,46967343,,51
2022,46967344,,51
2022,46967345,,51
2022,46967346,,51
2022,46967347,,51
2022,46967348,,51
2022,46967349,,51
2022,46967350,,51
2022,46967351,,51
2022,46244927,,51
2022,46967352,,51
2022,46967353,,51
2022,46967354,,51
2022,46967355,,51
2022,46244928,,51
2022,47449543,,51
2022,49361616,,51
2022,46271447,,51
2022,47449545,,51
2022,46282707,,51
2022,47449546,,51
2022,47449549,,51
2022,47449550,,51
2022,46282708,,51
2022,47449551,,51
2022,46561182,,51
2022,47449552,,51
2022,47449553,,51
2022,47449555,,51
2022,47449556,,51
2022,47449557,,51
2022,47449558,,51
2022,47449559,,51
2022,47449560,,51
2022,47814794,,51
2022,47814795,,51
2022,47814799,,51
2022,47814800,,51
2022,47814801,,51
2022,47814802,,51
2022,47814803,,51
2022,47814806,,51
2022,47814807,,51
2022,47814813,,51
2022,47814816,,51
2022,47814818,,51
2022,47814819,,51
2022,47814820,,51
2022,47814822,,51
2022,47814823,,51
2022,47814824,,51
2022,47814825,,51
2022,47814826,,51
2022,47814827,,51
2022,47814828,,51
2022,47814830,,51
2022,46305923,,51
2022,48709196,,51
2022,48709197,,51
2022,48709198,,51
2022,48709199,,51
2022,49361617,,52
2022,48709201,,51
2022,48709202,,51
2022,51275515,,51
2022,49361618,,51
2022,48751108,,51
2022,48751109,,5
2022,48751110,,51
2022,48151468,,51
2022,48755421,,51
2022,48755422,,51
2022,48755423,,51
2022,48755424,,51
2022,48755425,,51
2022,48755426,,51
2022,48755427,,51
2022,48755428,,51
2022,48709204,,51
2022,48709205,,51
2022,48740942,,53
2022,48740943,,51
2022,49685561,,51
2022,48151469,,51
2022,48741739,,51
2022,48741740,,51
2022,48741741,,51
2022,48741742,,51
2022,48151470,,51
2022,48741743,,51
2022,48749243,,51
2022,48749244,,51
2022,48749245,,51
2022,48749246,,51
2022,48749247,,51
2022,48749248,,51
2022,48749249,,51
2022,48749250,,51
2022,48749251,,51
2022,48749252,,51
2022,48749253,,52
2022,48749254,,51
2022,48749255,,51
2022,48749256,,51
2022,48749257,,51
2022,48749258,,51
2022,48749259,,51
2022,48749260,,51
2022,48749261,,51
2022,48751111,,51
2022,48751112,,51
2022,48751113,,51
2022,48751114,,51
2022,48751115,,51
2022,48751116,,51
2022,48755429,,51
2022,48755430,,51
2022,48755431,,51
2022,48151471,,51
2022,48151472,,51
2022,48151473,,51
2022,48151474,,51
2022,48755432,,51
2022,48755433,,51
2022,48755434,,51
2022,48755435,,51
2022,48755436,,51
2022,48755437,,51
2022,48756341,,51
2022,48756342,,51
2022,48756343,,51
2022,48756344,,51
2022,48151475,,51
2022,48756345,,51
2022,48810600,,51
2022,49361619,,51
2022,48756346,,51
2022,48756347,,51
2022,48994315,,51
2022,48895057,,51
2022,48895058,,51
2022,48979143,,51
2022,49361620,,51
2022,50750208,,51
2022,49361622,,51
2022,49361623,,51
2022,49361624,,51
2022,49361625,,51
2022,49361626,,51
2022,49666565,,51
2022,49666566,,51
2022,50160514,,51
2022,49553528,,51
2022,49575569,,51
2022,49588320,,51
2022,49634416,,51
2022,46620780,,51
2022,48151476,,51
2022,46620781,,51
2022,46697022,,51
2022,46637435,,51
2022,46748550,,51
2022,48151477,,51
2022,48151478,,51
2022,48151479,,51
2022,48151480,,51
2022,48151482,,51
2022,48151483,,51
2022,46748551,,51
2022,46748553,,51
2022,46766029,,52
2022,46766029,,53
2022,46766030,,51
2022,46815245,,51
2022,46815841,,51
2022,46824383,,51
2022,50056561,,51
2022,48151484,,51
2022,50522316,,51
2022,47670227,,3
2022,47670228,,51
2022,47670229,,51
2022,48761326,,51
2022,47674828,,51
2022,48151485,,51
2022,47675663,,51
2022,47681519,,51
2022,47685108,,51
2022,47685109,,51
2022,47685110,,51
2022,50522178,,51
2022,48390982,,51
2022,48761327,,51
2022,48390983,,51
2022,48151486,,51
2022,48151487,,51
2022,48151488,,51
2022,48390984,,51
2022,48390985,,51
2022,48391333,,51
2022,48391334,,51
2022,48516068,,51
2022,48151489,,51
2022,48516069,,51
2022,49361721,,51
2022,50522317,,51
2022,48761328,,51
2022,48761329,,51
2022,48761330,,51
2022,48761331,,51
2022,48761332,,51
2022,50056563,,51
2022,48151490,,51
2022,48151491,,51
2022,50056564,,51
2022,48151492,,51
2022,49459595,,51
2022,49459596,,51
2022,48151493,,51
2022,48151494,,51
2022,48151495,,51
2022,48495325,,51
2022,48495326,,51
2022,49459597,,51
2022,49459598,,51
2022,48495327,,51
2022,50771923,,51
2022,48495328,,51
2022,48495329,,51
2022,50005288,,51
2022,48495330,,51
2022,48495331,,51
2022,48495332,,51
2022,48495333,,51
2022,48495334,,51
2022,48495335,,51
2022,48495336,,51
2022,48495337,,51
2022,48495338,,51
2022,48495339,,51
2022,48495340,,51
2022,48495341,,51
2022,48495342,,51
2022,48495343,,51
2022,48495344,,51
2022,48495345,,51
2022,48495346,,51
2022,48495347,,51
2022,48495348,,51
2022,48495349,,51
2022,48495350,,51
2022,49363514,,51
2022,49363515,,51
2022,49363516,,51
2022,49363517,,51
2022,49363518,,51
2022,49363519,,51
2022,49363520,,51
2022,49363521,,51
2022,49363522,,51
2022,49363523,,51
2022,49363524,,51
2022,49363525,,51
2022,49363526,,51
2022,49363527,,51
2022,49363528,,51
2022,49363529,,51
2022,49363530,,51
2022,49363531,,51
2022,49363532,,51
2022,49363533,,51
2022,49363534,,51
2022,49363535,,51
2022,49765995,,51
2022,49765996,,51
2022,49765998,,51
2022,49765999,,51
2022,49766000,,51
2022,49766001,,51
2022,49766002,,51
2022,49766003,,51
2022,49766004,,51
2022,49766005,,51
2022,49766006,,51
2022,49766007,,51
2022,50005289,,51
2022,49766008,,51
2022,50005290,,51
2022,50056570,,51
2022,49766009,,51
2022,49766010,,51
2022,49766011,,51
2022,49766012,,51
2022,49766013,,51
2022,49766014,,51
2022,49766015,,51
2022,49766016,,51
2022,50056571,,51
2022,45979945,,51
2022,46163651,,51
2022,46163652,,51
2022,46352026,,51
2022,45979946,,51
2022,46816460,,51
2022,46816461,,51
2022,46816462,,51
2022,46816463,,51
2022,46970220,,51
2022,47030553,,51
2022,48501878,,51
2022,48916091,,51
2022,48916093,,52
2022,48916094,,51
2022,45298661,,51
2022,45979947,,51
2022,45979952,,51
2022,45979953,,51
2022,45979957,,51
2022,45298662,,51
2022,45323779,,51
2022,45323780,,51
2022,45323781,,51
2022,46868658,,51
2022,46868659,,51
2022,46870257,,51
2022,46870258,,51
2022,46872435,,51
2022,46872436,,51
2022,46872437,,51
2022,46875691,,51
2022,46875692,,51
2022,48135739,,51
2022,45979958,,51
2022,48113426,,51
2022,45979960,,51
2022,46310886,,51
2022,46310887,,51
2022,46310888,,51
2022,46310889,,51
2022,46310890,,51
2022,46310891,,51
2022,46310892,,51
2022,46562464,,51
2022,46562465,,51
2022,46562466,,51
2022,46562467,,51
2022,46562468,,51
2022,46562469,,51
2022,46562470,,51
2022,46562471,,51
2022,48123414,,51
2022,46562472,,51
2022,46562473,,51
2022,46697088,,51
2022,46697089,,51
2022,46697090,,51
2022,46697091,,51
2022,46697092,,51
2022,46697093,,51
2022,46697094,,51
2022,46967356,,51
2022,46967357,,51
2022,46967358,,51
2022,46967359,,51
2022,46967360,,51
2022,47508031,,51
2022,47414505,,51
2022,47414506,,3
2022,47414507,,52
2022,47414508,,51
2022,47414510,,51
2022,47414511,,51
2022,47414512,,51
2022,47804502,,51
2022,47804503,,51
2022,47804504,,51
2022,47804505,,51
2022,47804506,,51
2022,47804507,,51
2022,48162839,,51
2022,48157605,,51
2022,48136474,,51
2022,48162840,,51
2022,48136475,,52
2022,48163993,,51
2022,48274500,,51
2022,48136477,,51
2022,48365858,,51
2022,48490884,,51
2022,48490885,,51
2022,48365859,,51
2022,48490886,,51
2022,48365860,,51
2022,48490887,,51
2022,48365861,,51
2022,48365862,,51
2022,48366868,,51
2022,48490888,,51
2022,48378991,,3
2022,48490889,,51
2022,48490890,,51
2022,48383529,,51
2022,48913985,,51
2022,48383530,,51
2022,48913986,,51
2022,48383531,,51
2022,48463552,,51
2022,48913987,,51
2022,48913988,,51
2022,48463553,,51
2022,48463554,,51
2022,48464504,,51
2022,48913989,,51
2022,48516070,,51
2022,48913990,,51
2022,49363672,,51
2022,49363673,,51
2022,49363674,,51
2022,49363675,,51
2022,49363676,,51
2022,49613071,,51
2022,49613072,,51
2022,49613073,,51
2022,49613074,,51
2022,49613075,,51
2022,49613076,,52
2022,49613077,,51
2022,49613078,,51
2022,49613079,,51
2022,49613080,,51
2022,49613081,,51
2022,49613082,,51
2022,48516487,,51
2022,48516488,,51
2022,49361935,,51
2022,49361936,,51
2022,49361937,,51
2022,49361938,,51
2022,49361939,,51
2022,49361940,,51
2022,49361941,,51
2022,49361942,,51
2022,49613581,,51
2022,49613582,,51
2022,49613583,,51
2022,49613945,,51
2022,50347563,,51
2022,47601177,,51
2022,46953591,,51
2022,46953592,,51
2022,46953593,,51
2022,46953594,,51
2022,46953595,,51
2022,47601178,,51
2022,47509503,,51
2022,47601180,,51
2022,47601181,,51
2022,47601182,,51
2022,47601183,,51
2022,47434354,,52
2022,47601184,,51
2022,47434356,,51
2022,47601185,,51
2022,47434357,,51
2022,47601186,,51
2022,47434358,,51
2022,47847226,,51
2022,47434359,,51
2022,47434360,,51
2022,47434361,,51
2022,47852247,,51
2022,48069725,,51
2022,48274501,,51
2022,48430571,,51
2022,48755438,,51
2022,47675672,,51
2022,47675673,,51
2022,47675674,,51
2022,47675675,,51
2022,47675676,,51
2022,47675677,,51
2022,48762371,,51
2022,49362229,,51
2022,49362230,,51
2022,49362231,,51
2022,50017362,,51
2022,48084411,,51
2022,48741744,,51
2022,48741745,,51
2022,48741746,,51
2022,48096248,,51
2022,48741747,,53
2022,48741748,,51
2022,48741749,,51
2022,48741750,,51
2022,48741751,,51
2022,48741752,,51
2022,48749262,,51
2022,48749263,,51
2022,48749264,,51
2022,48749265,,51
2022,48749266,,51
2022,48749267,,51
2022,48749268,,51
2022,48749269,,51
2022,48749270,,51
2022,48749271,,51
2022,48749272,,51
2022,48749273,,51
2022,48749274,,51
2022,48749275,,51
2022,48749276,,51
2022,48749277,,51
2022,48751117,,51
2022,48751118,,51
2022,48751119,,51
2022,48751120,,51
2022,48751121,,51
2022,48751122,,51
2022,48490879,,51
2022,48490880,,51
2022,48490881,,51
2022,48740946,,5
2022,48096249,,51
2022,48740946,,9
2022,48779653,,51
2022,48806369,,51
2022,48809105,,51
2022,48809107,,51
2022,49362887,,51
2022,49362888,,51
2022,49362889,,51
2022,49362890,,51
2022,49362891,,51
2022,49362892,,51
2022,49362893,,51
2022,49362894,,51
2022,49362895,,51
2022,49362896,,51
2022,49362897,,51
2022,49362898,,51
2022,49463380,,51
2022,49950172,,51
2022,50002664,,51
2022,48142934,,51
2022,48142935,,51
2022,48142936,,51
2022,48188324,,51
2022,48539795,,51
2022,48539796,,51
2022,48539797,,51
2022,48539798,,51
2022,48539799,,51
2022,50002665,,51
2022,48539800,,51
2022,48838717,,51
2022,45002328,,51
2022,48860741,,51
2022,48838718,,3
2022,48838719,,51
2022,48875406,,51
2022,49364204,,51
2022,49364205,,51
2022,49364206,,51
2022,49364207,,51
2022,49364208,,3
2022,49364209,,3
2022,49364210,,3
2022,49364211,,3
2022,49790590,,51
2022,49790591,,51
2022,49790592,,51
2022,49790593,,51
2022,49790594,,51
2022,49790595,,51
2022,49790596,,51
2022,49790597,,51
2022,49790598,,51
2022,45233163,,51
2022,45355974,,51
2022,45829607,,51
2022,45829608,,51
2022,46311051,,51
2022,46311213,,51
2022,46301008,,51
2022,47248278,,51
2022,45626173,,51
2022,47248279,,51
2022,47248280,,51
2022,47331532,,51
2022,47331533,,51
2022,47721616,,51
2022,48123415,,51
2022,48123416,,51
2022,46957991,,51
2022,48123417,,51
2022,48592144,,51
2022,48761471,,51
2022,48069726,,51
2022,48348490,,51
2022,48984796,,51
2022,49364248,,51
2022,48984797,,51
2022,46589767,,51
2022,49364249,,51
2022,48626202,,51
2022,48626203,,51
2022,48626204,,51
2022,48626205,,51
2022,48626206,,51
2022,48626207,,51
2022,48626208,,51
2022,48348471,,51
2022,48348472,,51
2022,47499398,,51
2022,48348473,,51
2022,48383552,,51
2022,48383554,,51
2022,48383555,,51
2022,48383557,,51
2022,48348474,,51
2022,49888823,,51
2022,48507361,,51
2022,49888824,,51
2022,46294694,,51
2022,46561138,,51
2022,46561139,,51
2022,46561140,,51
2022,46561141,,51
2022,46561142,,51
2022,46561143,,51
2022,46561144,,51
2022,46561145,,51
2022,46561146,,51
2022,46561147,,51
2022,46561148,,51
2022,46561149,,51
2022,46561150,,51
2022,46561151,,51
2022,46561152,,51
2022,46561153,,51
2022,46561154,,51
2022,46561155,,51
2022,46561156,,51
2022,46561157,,51
2022,46561158,,51
2022,46561159,,51
2022,46561161,,51
2022,46561162,,51
2022,46561163,,51
2022,46561164,,51
2022,46561165,,51
2022,46561166,,51
2022,46561167,,51
2022,46561168,,51
2022,46561169,,51
2022,46561170,,51
2022,46561171,,51
2022,46561172,,51
2022,46561173,,51
2022,46561174,,51
2022,46561175,,51
2022,47247531,,51
2022,46561176,,51
2022,46561177,,51
2022,46561178,,51
2022,46561179,,51
2022,46561180,,51
2022,46957992,,51
2022,46957993,,51
2022,46957994,,51
2022,46957995,,51
2022,47247532,,51
2022,46957996,,51
2022,46957997,,51
2022,46957998,,51
2022,46957999,,51
2022,46958000,,51
2022,46958001,,51
2022,46958002,,51
2022,47319951,,51
2022,47319952,,51
2022,47319953,,51
2022,47319954,,51
2022,47319955,,51
2022,47319956,,51
2022,47319957,,51
2022,47319958,,51
2022,47319959,,51
2022,47319960,,51
2022,47319961,,51
2022,47319962,,51
2022,47319963,,51
2022,47319964,,51
2022,47319965,,51
2022,47319966,,51
2022,47792492,,51
2022,47792495,,51
2022,47792497,,51
2022,47792498,,51
2022,47792499,,51
2022,47792500,,51
2022,47792501,,51
2022,47792502,,51
2022,47792503,,51
2022,47792504,,51
2022,47792505,,51
2022,47792506,,51
2022,47792507,,51
2022,48142937,,51
2022,48142938,,51
2022,48142939,,51
2022,48142940,,51
2022,46321853,,51
2022,47229256,,51
2022,48142942,,51
2022,47621055,,51
2022,48415542,,51
2022,45268105,,51
2022,48142943,,51
2022,48142944,,51
2022,48142945,,51
2022,48142946,,51
2022,45262992,,51
2022,45262993,,51
2022,45262994,,51
2022,45262995,,51
2022,45267596,,51
2022,45267597,,51
2022,45267598,,51
2022,45267599,,51
2022,45267600,,51
2022,45267601,,51
2022,45267602,,51
2022,45267603,,51
2022,45279528,,51
2022,48498221,,51
2022,48498222,,51
2022,48498223,,51
2022,48498224,,51
2022,48498225,,51
2022,48498226,,51
2022,48498227,,51
2022,48498229,,51
2022,48498230,,51
2022,48498231,,51
2022,48498232,,51
2022,48984956,,51
2022,48984962,,51
2022,48984965,,51
2022,48984969,,51
2022,48984973,,51
2022,48984974,,51
2022,45279529,,51
2022,45279530,,51
2022,45331166,,51
2022,48984983,,51
2022,45279531,,51
2022,45279532,,51
2022,45298077,,51
2022,48984994,,51
2022,48984997,,51
2022,45298078,,51
2022,45298079,,51
2022,45298080,,51
2022,45326979,,51
2022,48985005,,51
2022,48985007,,51
2022,48985008,,51
2022,45326980,,51
2022,45331167,,51
2022,48985014,,51
2022,45331168,,51
2022,45331169,,51
2022,45331172,,51
2022,48985016,,51
2022,45355979,,51
2022,49361565,,51
2022,49361566,,51
2022,45453206,,51
2022,45453207,,51
2022,45453208,,51
2022,49361567,,51
2022,45455991,,51
2022,45455993,,51
2022,49361568,,51
2022,45495483,,51
2022,49361569,,51
2022,45495484,,51
2022,45529351,,51
2022,49361570,,51
2022,45510208,,51
2022,45510209,,51
2022,45510210,,51
2022,45519129,,51
2022,49361572,,51
2022,49361573,,51
2022,49361574,,51
2022,45529352,,51
2022,45529353,,51
2022,45529354,,51
2022,45529355,,51
2022,45529356,,51
2022,45563297,,9
2022,45653946,,51
2022,45653947,,51
2022,45653948,,51
2022,45679513,,51
2022,45679514,,51
2022,45720966,,51
2022,45720967,,51
2022,45720968,,51
2022,45808113,,51
2022,45820133,,51
2022,45820134,,51
2022,45820135,,51
2022,45825498,,51
2022,45825499,,51
2022,45833631,,3
2022,45932310,,51
2022,45950796,,51
2022,45939103,,3
2022,49632864,,51
2022,49632865,,51
2022,49632866,,51
2022,49632867,,51
2022,49632868,,51
2022,49632869,,51
2022,46637436,,51
2022,45939104,,51
2022,45950799,,51
2022,45950801,,51
2022,47280081,,51
2022,47280083,,51
2022,46046602,,51
2022,47280084,,51
2022,48860742,,51
2022,46046604,,51
2022,46637437,,51
2022,47291155,,52
2022,48860743,,51
2022,47293222,,51
2022,48860744,,51
2022,48860745,,51
2022,47293223,,51
2022,46157380,,51
2022,46157384,,3
2022,46157385,,3
2022,46157387,,51
2022,46240073,,51
2022,46275299,,51
2022,46275300,,51
2022,46275301,,51
2022,46279616,,51
2022,46279617,,51
2022,46279618,,51
2022,46281267,,51
2022,46281268,,51
2022,46281269,,51
2022,46561954,,51
2022,47293224,,51
2022,47280085,,51
2022,47291156,,51
2022,47280086,,51
2022,48860746,,51
2022,48838720,,51
2022,48838721,,51
2022,50344677,,51
2022,50344678,,51
2022,46637438,,51
2022,47660840,,51
2022,46658050,,51
2022,48838722,,51
2022,48838723,,51
2022,46637439,,51
2022,48828490,,51
2022,48860747,,51
2022,48860748,,51
2022,48860749,,51
2022,48828491,,51
2022,48860750,,51
2022,48860751,,51
2022,48860752,,51
2022,50344680,,51
2022,48895072,,51
2022,47293225,,51
2022,47293227,,51
2022,47293228,,51
2022,47307269,,51
2022,48875409,,51
2022,48875410,,51
2022,47414514,,51
2022,47293229,,51
2022,47414515,,51
2022,47293230,,51
2022,47660841,,51
2022,50344681,,52
2022,47660842,,51
2022,47414516,,51
2022,48875411,,51
2022,48875412,,51
2022,47345526,,51
2022,47293231,,51
2022,48875414,,51
2022,50344682,,51
2022,48905388,,51
2022,50344683,,51
2022,50344684,,51
2022,50344685,,51
2022,47645106,,51
2022,46561955,,51
2022,46344721,,51
2022,46344722,,51
2022,46344724,,51
2022,46344725,,51
2022,46344726,,51
2022,46561956,,51
2022,46344727,,51
2022,46344728,,51
2022,46344729,,51
2022,46344730,,51
2022,46344731,,51
2022,46344732,,51
2022,46344733,,51
2022,46561957,,51
2022,46351415,,51
2022,47645107,,51
2022,46351416,,51
2022,48009554,,51
2022,46351417,,51
2022,50344686,,51
2022,46561958,,51
2022,48895078,,51
2022,48895079,,51
2022,46561959,,51
2022,46561960,,51
2022,48895080,,51
2022,47646254,,53
2022,47660843,,51
2022,46561961,,51
2022,46561962,,51
2022,46561963,,51
2022,48905391,,51
2022,46561964,,3
2022,48905392,,51
2022,46561965,,3
2022,46561966,,51
2022,50344687,,51
2022,46870259,,51
2022,48905393,,51
2022,46870260,,51
2022,47414517,,51
2022,46561967,,51
2022,46561968,,51
2022,51448336,,51
2022,46561969,,51
2022,50550555,,52
2022,46870261,,51
2022,50523233,,51
2022,48931760,,51
2022,48931764,,51
2022,47674841,,51
2022,46561970,,51
2022,47697330,,51
2022,50344688,,51
2022,47834902,,51
2022,46870262,,51
2022,48931766,,51
2022,46870263,,51
2022,46561971,,51
2022,47834903,,51
2022,46589769,,51
2022,47849322,,51
2022,46620809,,51
2022,47849323,,51
2022,48931769,,51
2022,48931770,,51
2022,47849324,,51
2022,46870264,,51
2022,47849325,,51
2022,50344689,,51
2022,50344690,,51
2022,50344691,,51
2022,47931526,,51
2022,47960446,,51
2022,50344692,,51
2022,50344693,,51
2022,47852248,,51
2022,47852249,,51
2022,47960447,,51
2022,47670236,,51
2022,47960448,,51
2022,47960449,,51
2022,48942275,,51
2022,50344694,,51
2022,48009555,,51
2022,48942276,,51
2022,47670237,,51
2022,48009556,,51
2022,48942277,,51
2022,49361733,,51
2022,48009557,,51
2022,48009558,,51
2022,48979147,,51
2022,48979148,,51
2022,50517110,,51
2022,47852250,,51
2022,48979149,,51
2022,47852251,,51
2022,47852252,,51
2022,47852253,,51
2022,48009559,,51
2022,48009561,,51
2022,49361734,,51
2022,49361735,,51
2022,48985019,,51
2022,48979150,,51
2022,46627581,,51
2022,48011080,,51
2022,46697073,,51
2022,46870265,,51
2022,46870266,,51
2022,46766088,,51
2022,46870267,,51
2022,46815844,,51
2022,46815845,,51
2022,46870268,,51
2022,46815846,,51
2022,46891056,,51
2022,46907921,,51
2022,46907922,,51
2022,48120958,,51
2022,50017916,,51
2022,49361736,,51
2022,48084416,,51
2022,48009562,,51
2022,49361737,,51
2022,50344695,,51
2022,48979151,,51
2022,48084417,,52
2022,48011081,,51
2022,50344696,,51
2022,46915106,,51
2022,48048337,,51
2022,48011082,,51
2022,49361738,,51
2022,46915107,,51
2022,49361739,,51
2022,47619207,,51
2022,46915108,,51
2022,47619208,,51
2022,47619209,,51
2022,46915109,,51
2022,46915110,,51
2022,46967332,,51
2022,48122847,,51
2022,46967333,,51
2022,47619210,,51
2022,47619211,,51
2022,46977921,,51
2022,46985395,,51
2022,46985396,,51
2022,47619212,,51
2022,46985397,,51
2022,46985398,,51
2022,47619213,,51
2022,46988573,,51
2022,47619214,,51
2022,47619215,,51
2022,47619216,,51
2022,47849315,,51
2022,46991902,,51
2022,47083700,,51
2022,47619217,,51
2022,47083702,,51
2022,47619218,,51
2022,47619219,,51
2022,47619220,,51
2022,48048338,,51
2022,48985024,,51
2022,48985025,,51
2022,50344697,,53
2022,48985026,,51
2022,49361740,,51
2022,48084418,,51
2022,48084419,,51
2022,48132792,,51
2022,48132793,,51
2022,48084420,,51
2022,47159198,,51
2022,47159199,,51
2022,47619221,,51
2022,47619222,,51
2022,47849316,,51
2022,47174031,,51
2022,47174032,,51
2022,47849317,,51
2022,47849318,,51
2022,47174033,,51
2022,47174034,,51
2022,47619223,,51
2022,47619224,,51
2022,47194044,,51
2022,47849319,,51
2022,47849320,,51
2022,47247522,,51
2022,47619225,,51
2022,48122848,,51
2022,47849321,,51
2022,47280055,,51
2022,47619226,,51
2022,47619227,,51
2022,47319949,,51
2022,47319950,,51
2022,47619228,,51
2022,47345503,,51
2022,47619229,,51
2022,47345504,,51
2022,48122849,,51
2022,48048339,,51
2022,49361741,,51
2022,50344698,,51
2022,47852254,,51
2022,50344699,,51
2022,49361742,,51
2022,49361743,,51
2022,50470399,,51
2022,50470400,,51
2022,50470401,,51
2022,48348491,,51
2022,48084421,,51
2022,47619230,,51
2022,47619231,,51
2022,48132794,,51
2022,47596117,,51
2022,47596118,,51
2022,47596119,,51
2022,47596120,,51
2022,47596121,,51
2022,48070502,,51
2022,48122850,,51
2022,48086598,,51
2022,49361744,,51
2022,48070503,,51
2022,47596122,,51
2022,47596123,,51
2022,47599959,,51
2022,47599960,,51
2022,47599961,,51
2022,47599962,,51
2022,47601190,,51
2022,47601191,,51
2022,47601192,,51
2022,47619232,,51
2022,48122851,,51
2022,48132831,,51
2022,47619233,,51
2022,47619234,,51
2022,47619235,,51
2022,47619236,,51
2022,47697324,,51
2022,47770024,,51
2022,47770581,,51
2022,47776559,,51
2022,47776560,,51
2022,47776561,,51
2022,47776562,,51
2022,47847228,,51
2022,48120959,,51
2022,48132795,,51
2022,47847229,,51
2022,48086599,,51
2022,50344700,,51
2022,48086600,,51
2022,49361745,,51
2022,50470402,,51
2022,48102090,,51
2022,47847230,,51
2022,47847231,,51
2022,47792480,,51
2022,47792481,,51
2022,47792482,,51
2022,47847232,,51
2022,47792483,,51
2022,47792484,,51
2022,47792485,,51
2022,48070505,,51
2022,48102091,,52
2022,47847233,,51
2022,48070506,,51
2022,48102092,,51
2022,48274518,,51
2022,48132832,,51
2022,49361746,,51
2022,48178030,,51
2022,48274519,,51
2022,49361747,,51
2022,48179262,,51
2022,49361748,,51
2022,49361749,,51
2022,50523234,,51
2022,48178031,,51
2022,48178032,,51
2022,48178033,,51
2022,49361750,,51
2022,48178034,,51
2022,49361751,,51
2022,48463556,,51
2022,48463557,,51
2022,48463558,,51
2022,48463559,,51
2022,48463560,,51
2022,48348492,,51
2022,49361752,,51
2022,49361753,,51
2022,48463561,,51
2022,48348493,,52
2022,50344701,,51
2022,49361754,,51
2022,50470403,,51
2022,49361755,,9
2022,49361756,,9
2022,49361757,,51
2022,49361758,,51
2022,49361759,,51
2022,49361760,,52
2022,49361761,,51
2022,47792486,,51
2022,47792487,,51
2022,47792488,,51
2022,47847234,,51
2022,47847235,,51
2022,47842367,,51
2022,47847236,,51
2022,47991058,,51
2022,47991059,,51
2022,48029057,,51
2022,49361762,,51
2022,50523089,,51
2022,49361763,,51
2022,50523090,,51
2022,49361764,,51
2022,49361765,,51
2022,49361766,,51
2022,49361767,,52
2022,49361768,,51
2022,49361769,,51
2022,48029058,,51
2022,50013378,,51
2022,48070507,,51
2022,50013376,,51
2022,50013377,,51
2022,49361770,,51
2022,48463562,,51
2022,48029059,,51
2022,50017917,,51
2022,48491825,,51
2022,49361771,,51
2022,49361772,,51
2022,49361773,,51
2022,49361774,,51
2022,49361775,,51
2022,49361776,,51
2022,49361777,,51
2022,49361778,,51
2022,50523091,,51
2022,49361779,,51
2022,49361780,,51
2022,50523092,,51
2022,49361781,,51
2022,49361782,,51
2022,49361783,,51
2022,49361784,,51
2022,49361785,,51
2022,50523093,,51
2022,49464591,,51
2022,49361786,,51
2022,49361787,,51
2022,49464592,,51
2022,49361788,,51
2022,49361789,,51
2022,50523094,,51
2022,49740379,,51
2022,49464593,,51
2022,49464594,,51
2022,49464595,,52
2022,50523095,,51
2022,50523096,,51
2022,49464596,,51
2022,49361790,,51
2022,48122852,,51
2022,50017918,,51
2022,49361791,,51
2022,49361792,,51
2022,49361793,,51
2022,49361794,,51
2022,49558188,,51
2022,49575570,,51
2022,49575571,,51
2022,49575572,,51
2022,48041186,,51
2022,50017919,,51
2022,49740380,,51
2022,50523097,,51
2022,49685581,,51
2022,48043269,,51
2022,48043270,,51
2022,49740381,,51
2022,49740382,,51
2022,49685582,,51
2022,49740383,,51
2022,49740384,,51
2022,49575573,,51
2022,49685583,,51
2022,49685587,,51
2022,49740385,,51
2022,49685588,,51
2022,49685589,,51
2022,49685590,,51
2022,50523098,,51
2022,50523099,,51
2022,50523100,,3
2022,49740386,,51
2022,49740387,,51
2022,49740388,,51
2022,49740389,,51
2022,49740390,,51
2022,49740391,,51
2022,49740392,,51
2022,49740393,,51
2022,49740394,,51
2022,49740395,,51
2022,49740396,,51
2022,50017412,,51
2022,49949933,,51
2022,49949938,,51
2022,49949942,,51
2022,49949945,,51
2022,48043271,,51
2022,48122853,,51
2022,50017413,,51
2022,49949951,,51
2022,50017414,,51
2022,48043272,,51
2022,48043273,,51
2022,48048332,,51
2022,48048333,,51
2022,50017415,,51
2022,50017416,,51
2022,48048334,,51
2022,48048335,,51
2022,50017417,,51
2022,48048336,,51
2022,48156281,,51
2022,50017920,,51
2022,48156282,,51
2022,50017921,,51
2022,48070508,,51
2022,48122854,,51
2022,48084408,,51
2022,50017922,,51
2022,48098984,,51
2022,50017418,,51
2022,50017923,,51
2022,48132796,,51
2022,50017419,,51
2022,50523235,,51
2022,50017924,,51
2022,48151433,,51
2022,48144089,,51
2022,50017925,,51
2022,50017926,,51
2022,50017927,,51
2022,48144090,,51
2022,50017928,,51
2022,50017929,,51
2022,50017930,,51
2022,48151434,,51
2022,50017931,,51
2022,48151435,,51
2022,50017932,,51
2022,48144091,,51
2022,48144092,,51
2022,48383532,,51
2022,48156283,,51
2022,48156284,,51
2022,45245561,,51
2022,45245562,,51
2022,45245563,,51
2022,45245564,,51
2022,45245565,,51
2022,45245566,,51
2022,45245567,,51
2022,45245568,,51
2022,48156285,,51
2022,45622995,,51
2022,45622996,,51
2022,45794495,,51
2022,45796252,,51
2022,45796253,,51
2022,45796254,,51
2022,45796255,,51
2022,45796256,,51
2022,45796257,,51
2022,45796258,,51
2022,45796259,,51
2022,45796260,,51
2022,45796261,,51
2022,45796262,,51
2022,45796263,,51
2022,45808124,,51
2022,45808125,,51
2022,45833690,,51
2022,45833693,,51
2022,45833694,,51
2022,45841146,,51
2022,46240078,,51
2022,46240079,,51
2022,46240080,,51
2022,46240081,,51
2022,46240082,,51
2022,46240083,,51
2022,46240084,,51
2022,46240085,,51
2022,46240086,,51
2022,46240087,,51
2022,46240088,,51
2022,46240089,,51
2022,46240090,,51
2022,46240091,,51
2022,46240092,,51
2022,46240093,,51
2022,46240094,,51
2022,46240095,,51
2022,46240096,,51
2022,46240097,,51
2022,46240098,,51
2022,46240099,,51
2022,46240100,,51
2022,46240101,,51
2022,46240102,,51
2022,46244938,,51
2022,48383533,,51
2022,48188313,,51
2022,48188314,,51
2022,48188315,,51
2022,48188316,,51
2022,46244939,,51
2022,46244940,,51
2022,46244941,,51
2022,48280526,,51
2022,48383534,,51
2022,48383535,,51
2022,48280527,,51
2022,48383536,,51
2022,48383537,,51
2022,48383538,,51
2022,48383539,,51
2022,48383540,,51
2022,48383541,,51
2022,48383542,,51
2022,48383543,,51
2022,48383544,,51
2022,48383545,,51
2022,48383546,,51
2022,48330550,,51
2022,48383547,,51
2022,48456020,,51
2022,48330551,,51
2022,48456021,,51
2022,48379020,,51
2022,48330552,,51
2022,48456022,,51
2022,48330553,,51
2022,48456023,,51
2022,48456024,,51
2022,48330554,,51
2022,48456025,,51
2022,48330555,,51
2022,48456026,,51
2022,48330556,,51
2022,48456027,,51
2022,48456028,,51
2022,48330557,,51
2022,48581845,,51
2022,48581050,,51
2022,48331371,,51
2022,48331372,,51
2022,48576914,,51
2022,48331373,,51
2022,48576915,,51
2022,48463555,,51
2022,48581846,,51
2022,48331375,,51
2022,48581847,,51
2022,48581848,,51
2022,48331376,,51
2022,48491790,,51
2022,48331377,,51
2022,48576916,,51
2022,48576917,,51
2022,48576918,,51
2022,48491791,,51
2022,48346631,,51
2022,48491792,,51
2022,48346632,,51
2022,48491793,,51
2022,48576919,,51
2022,48571261,,51
2022,48576920,,51
2022,48576921,,51
2022,48581051,,51
2022,48581849,,51
2022,48581850,,51
2022,48577651,,53
2022,48581851,,51
2022,48809108,,51
2022,48762372,,51
2022,49363029,,51
2022,49363030,,51
2022,49363031,,51
2022,48762373,,51
2022,49363032,,51
2022,48762374,,51
2022,49363033,,51
2022,49363034,,51
2022,48795060,,51
2022,48795061,,51
2022,48795062,,51
2022,48795063,,51
2022,48795064,,51
2022,49363035,,51
2022,48795065,,51
2022,49363036,,51
2022,49363037,,51
2022,49363038,,51
2022,48795066,,51
2022,49363039,,51
2022,49363040,,51
2022,48813212,,51
2022,48813213,,51
2022,48813214,,51
2022,48813215,,51
2022,48813216,,51
2022,49363041,,51
2022,48839359,,51
2022,48839360,,51
2022,49363042,,51
2022,49363043,,51
2022,48898807,,51
2022,48898808,,51
2022,48913968,,51
2022,49363044,,51
2022,49363045,,51
2022,49363046,,51
2022,49363047,,51
2022,49363048,,51
2022,49363049,,51
2022,49363050,,51
2022,49363051,,51
2022,49363052,,51
2022,49363053,,51
2022,49363054,,51
2022,49363055,,51
2022,49363056,,51
2022,49363057,,51
2022,49363058,,51
2022,49363059,,51
2022,49363060,,51
2022,49363061,,51
2022,49363062,,51
2022,49363063,,51
2022,49363064,,51
2022,49363065,,51
2022,49363066,,51
2022,49363067,,51
2022,49363068,,51
2022,49363069,,51
2022,49363070,,51
2022,49363071,,51
2022,49363072,,51
2022,48346633,,51
2022,48346634,,51
2022,48346635,,51
2022,48346636,,51
2022,48346637,,51
2022,48346638,,51
2022,48346639,,51
2022,48346640,,51
2022,48346642,,51
2022,48346643,,51
2022,48346644,,51
2022,48346645,,51
2022,48346646,,51
2022,48365924,,51
2022,48365925,,51
2022,48365926,,51
2022,48913991,,51
2022,48348494,,51
2022,48365927,,51
2022,48365928,,51
2022,48348495,,51
2022,48365929,,51
2022,48348496,,51
2022,47748787,,51
2022,47748788,,51
2022,47748789,,51
2022,47748790,,51
2022,48365930,,51
2022,48365931,,51
2022,47842384,,51
2022,48348497,,51
2022,48365932,,51
2022,48365933,,51
2022,48348498,,51
2022,48365934,,51
2022,48365935,,51
2022,48365936,,51
2022,48365937,,51
2022,48378305,,51
2022,48365938,,51
2022,48378306,,51
2022,49363073,,51
2022,48365941,,51
2022,49363074,,51
2022,49363075,,51
2022,49363076,,51
2022,49363077,,51
2022,49363078,,51
2022,49363079,,51
2022,49363080,,51
2022,49363081,,51
2022,49363082,,51
2022,49363083,,51
2022,49363084,,51
2022,49363085,,51
2022,49363086,,51
2022,49363087,,51
2022,49363088,,51
2022,49363089,,51
2022,49363090,,51
2022,49363091,,51
2022,49363092,,51
2022,49363093,,51
2022,49363094,,51
2022,49363095,,51
2022,49363096,,51
2022,49363097,,51
2022,49363098,,51
2022,49363100,,51
2022,49363101,,51
2022,49363102,,51
2022,49363103,,51
2022,49363104,,51
2022,49363105,,51
2022,49363106,,53
2022,49363107,,51
2022,49363108,,51
2022,49363109,,51
2022,49363110,,51
2022,49363111,,51
2022,49363112,,51
2022,49363113,,51
2022,49363114,,51
2022,49363115,,51
2022,49363116,,51
2022,49363117,,51
2022,49363118,,51
2022,49363119,,51
2022,49363120,,51
2022,49363121,,51
2022,49363122,,51
2022,49363123,,51
2022,49363124,,51
2022,49363125,,51
2022,49363126,,51
2022,49363127,,51
2022,49363128,,51
2022,49363129,,51
2022,49363130,,51
2022,49454881,,51
2022,50326640,,51
2022,49558183,,51
2022,49558184,,51
2022,50326641,,51
2022,50326642,,51
2022,50326643,,51
2022,49558185,,51
2022,49558186,,51
2022,50326644,,51
2022,50326645,,51
2022,48378307,,51
2022,49607582,,51
2022,48365942,,51
2022,50326646,,51
2022,48365943,,51
2022,49607583,,51
2022,48365944,,52
2022,50326647,,51
2022,48378308,,51
2022,48378309,,51
2022,48365945,,51
2022,50326648,,51
2022,48365946,,51
2022,49607584,,51
2022,48365947,,51
2022,48365948,,51
2022,50326649,,51
2022,48378310,,51
2022,48378311,,51
2022,48378312,,51
2022,48378313,,51
2022,48378314,,51
2022,48365949,,51
2022,50326650,,51
2022,48415551,,51
2022,50326651,,51
2022,48438207,,51
2022,50326652,,51
2022,50326653,,51
2022,48437558,,51
2022,48472490,,51
2022,50326654,,51
2022,48495351,,51
2022,48516074,,51
2022,50326655,,51
2022,50326656,,51
2022,48516075,,51
2022,50326657,,51
2022,50326660,,51
2022,49362953,,7
2022,50344667,,51
2022,49362954,,52
2022,49362955,,51
2022,49463389,,51
2022,50352840,,51
2022,49362956,,51
2022,48348500,,51
2022,46834115,,51
2022,46834616,,51
2022,47440394,,51
2022,50352841,,51
2022,50355679,,51
2022,46587436,,51
2022,50622264,,51
2022,47745371,,51
2022,47745372,,51
2022,47850054,,51
2022,47850055,,51
2022,47850056,,51
2022,47850057,,51
2022,47745373,,51
2022,47745374,,51
2022,47745375,,51
2022,47745376,,51
2022,47850058,,51
2022,47850059,,51
2022,47850060,,51
2022,47850061,,51
2022,47850062,,51
2022,47850063,,51
2022,47850064,,51
2022,47850065,,51
2022,47850066,,51
2022,47850067,,51
2022,47920361,,51
2022,47920362,,51
2022,47920363,,51
2022,47920364,,51
2022,47920365,,51
2022,47920366,,51
2022,47920367,,51
2022,47920369,,51
2022,47920370,,51
2022,47920371,,51
2022,47920372,,51
2022,47920373,,51
2022,47920374,,51
2022,47920375,,51
2022,47920376,,51
2022,47920377,,51
2022,47920378,,51
2022,47920379,,51
2022,47920380,,51
2022,47920381,,51
2022,47920382,,51
2022,47920383,,51
2022,47920384,,51
2022,47920385,,51
2022,47920386,,51
2022,47920387,,51
2022,47920388,,51
2022,47920389,,51
2022,47920390,,51
2022,47920391,,51
2022,47920392,,51
2022,47920393,,51
2022,47920394,,51
2022,47920395,,51
2022,48366869,,51
2022,48366870,,51
2022,46587437,,51
2022,46587438,,51
2022,46587439,,51
2022,46587441,,51
2022,48366871,,51
2022,48366872,,51
2022,48378315,,51
2022,48366874,,51
2022,48378316,,51
2022,48366876,,51
2022,48378317,,51
2022,48379021,,51
2022,48379022,,51
2022,48379023,,51
2022,48382834,,51
2022,48382835,,51
2022,48389826,,51
2022,48389988,,51
2022,48389989,,51
2022,48389990,,51
2022,48389991,,51
2022,46587442,,51
2022,48389992,,51
2022,46587447,,51
2022,48389993,,51
2022,48389994,,51
2022,48389995,,51
2022,48389996,,51
2022,49363431,,51
2022,46250971,,51
2022,46271455,,51
2022,46271456,,51
2022,46562622,,51
2022,46562623,,51
2022,46562624,,51
2022,46562625,,51
2022,46658079,,51
2022,46658080,,51
2022,46658081,,51
2022,46658082,,51
2022,47077914,,51
2022,46587448,,51
2022,47081352,,51
2022,46587449,,51
2022,47081353,,51
2022,47554398,,51
2022,47554403,,51
2022,47554405,,51
2022,47554407,,51
2022,47554411,,51
2022,46587450,,51
2022,46587452,,51
2022,46587453,,51
2022,47554422,,51
2022,47774806,,51
2022,47991080,,51
2022,47991081,,51
2022,47991082,,51
2022,47991083,,51
2022,47991084,,52
2022,47991085,,51
2022,47991086,,51
2022,47991087,,51
2022,46587454,,51
2022,46658069,,51
2022,46587457,,51
2022,46937892,,51
2022,46937893,,51
2022,46937894,,51
2022,46977928,,51
2022,48187376,,52
2022,48187383,,51
2022,46977929,,51
2022,48564842,,51
2022,46970222,,51
2022,48564843,,52
2022,48564844,,51
2022,48564845,,51
2022,48564846,,51
2022,46970223,,3
2022,48564847,,3
2022,47317510,,51
2022,48564848,,51
2022,48564849,,51
2022,49364486,,51
2022,49364487,,51
2022,47834416,,51
2022,49364488,,51
2022,49834622,,51
2022,49364489,,51
2022,49957960,,51
2022,49957961,,51
2022,49957962,,51
2022,47834417,,51
2022,47834418,,51
2022,49957963,,51
2022,47834419,,51
2022,47834420,,51
2022,48179247,,51
2022,46881878,,51
2022,48179248,,51
2022,48179249,,51
2022,48179250,,51
2022,48179251,,51
2022,48179252,,51
2022,48574215,,51
2022,48942265,,51
2022,48942266,,51
2022,46868662,,51
2022,48942268,,51
2022,48942269,,3
2022,48942270,,3
2022,48942271,,3
2022,49363308,,51
2022,49685563,,3
2022,46958003,,51
2022,46958004,,51
2022,46957174,,51
2022,46957175,,51
2022,49685564,,51
2022,49685565,,51
2022,49685566,,51
2022,49685567,,51
2022,46562071,,51
2022,46933167,,51
2022,47229286,,51
2022,47229287,,51
2022,47229288,,51
2022,47511660,,51
2022,47229289,,51
2022,47216214,,51
2022,47216215,,51
2022,47216216,,51
2022,46562072,,51
2022,46562073,,51
2022,46562074,,51
2022,46562075,,51
2022,47681521,,51
2022,47113659,,51
2022,47113661,,51
2022,47077919,,51
2022,47077920,,51
2022,47681523,,51
2022,47681524,,51
2022,47077924,,51
2022,47596132,,51
2022,47596133,,51
2022,47559834,,51
2022,47559835,,51
2022,47559836,,51
2022,47559837,,51
2022,46815847,,51
2022,46697079,,51
2022,46954551,,51
2022,46954552,,51
2022,46954553,,51
2022,46954554,,51
2022,46954555,,51
2022,46954556,,51
2022,46954557,,51
2022,46967338,,51
2022,46967339,,51
2022,46967340,,51
2022,46967341,,51
2022,46967342,,51
2022,47083704,,51
2022,47509509,,51
2022,47509510,,51
2022,47499451,,51
2022,47841633,,51
2022,47841634,,51
2022,47841635,,51
2022,47841636,,51
2022,47841637,,51
2022,47841638,,51
2022,47841639,,51
2022,47834904,,51
2022,47834905,,51
2022,47834906,,51
2022,47834907,,51
2022,47834908,,51
2022,47834909,,51
2022,47834910,,51
2022,47834911,,51
2022,47834912,,51
2022,47834421,,51
2022,47834422,,51
2022,47834423,,51
2022,47834424,,51
2022,47834425,,51
2022,47834426,,51
2022,48167063,,51
2022,48167064,,51
2022,48437549,,51
2022,48812689,,51
2022,47681526,,51
2022,47747264,,51
2022,48167065,,51
2022,48740947,,51
2022,48740948,,51
2022,48740949,,51
2022,48740950,,51
2022,48740951,,51
2022,48740952,,51
2022,48740953,,51
2022,48261261,,51
2022,48167066,,51
2022,48167067,,51
2022,48102088,,51
2022,48167068,,51
2022,48430572,,51
2022,48564833,,51
2022,50026569,,51
2022,48167069,,51
2022,48895059,,51
2022,49363309,,51
2022,49363310,,51
2022,49363311,,51
2022,49539972,,51
2022,49539973,,51
2022,49957946,,51
2022,49974105,,51
2022,49632849,,51
2022,45323116,,51
2022,48167070,,51
2022,48167071,,51
2022,48167072,,51
2022,48167073,,51
2022,48167075,,51
2022,48167076,,51
2022,48167077,,51
2022,48167079,,51
2022,45323118,,51
2022,45808114,,51
2022,45808115,,51
2022,45808116,,51
2022,49363316,,51
2022,48167080,,51
2022,48167081,,51
2022,46933165,,51
2022,47382641,,51
2022,47747267,,51
2022,47747268,,51
2022,47747269,,51
2022,47747270,,51
2022,48134755,,51
2022,48472446,,51
2022,48472448,,51
2022,48472452,,51
2022,50704345,,51
2022,48472455,,51
2022,48913970,,51
2022,49363317,,51
2022,48167082,,51
2022,48167083,,51
2022,48167084,,51
2022,49632850,,51
2022,50667523,,51
2022,48187317,,51
2022,48167085,,51
2022,48167089,,51
2022,48167091,,51
2022,48167092,,51
2022,48167093,,51
2022,48478138,,51
2022,48478139,,51
2022,48478140,,51
2022,48478141,,51
2022,48478142,,51
2022,48478143,,51
2022,48478144,,51
2022,48478145,,51
2022,48478146,,51
2022,48478147,,51
2022,48478148,,51
2022,48478149,,51
2022,48478150,,51
2022,48478151,,51
2022,48478152,,51
2022,48478153,,51
2022,48478154,,51
2022,48478155,,51
2022,48478156,,51
2022,48478157,,51
2022,48478158,,51
2022,48478159,,51
2022,48478160,,51
2022,48478161,,51
2022,48187318,,51
2022,48187319,,51
2022,48498233,,51
2022,49359956,,51
2022,49359957,,51
2022,49359958,,51
2022,49359959,,51
2022,49359960,,51
2022,49359961,,51
2022,49359962,,51
2022,49359963,,51
2022,49359964,,51
2022,49359965,,51
2022,49359966,,51
2022,49359967,,51
2022,49359968,,51
2022,48187320,,52
2022,49359969,,51
2022,49359970,,51
2022,49359971,,51
2022,49359972,,51
2022,49359973,,51
2022,48813219,,51
2022,48809145,,51
2022,48795108,,51
2022,48795109,,51
2022,48795110,,51
2022,48779656,,51
2022,48762759,,51
2022,48751126,,51
2022,48751127,,51
2022,48187321,,51
2022,48187322,,51
2022,48187323,,51
2022,48581867,,51
2022,48577654,,51
2022,48809146,,51
2022,48498234,,51
2022,48498235,,51
2022,48498236,,51
2022,48187324,,51
2022,48437550,,51
2022,48913972,,51
2022,48913973,,51
2022,45488859,,51
2022,50003860,,51
2022,50003861,,51
2022,45488860,,51
2022,45808117,,51
2022,45808118,,51
2022,45808119,,51
2022,45808120,,51
2022,45808121,,51
2022,45810003,,51
2022,45810004,,51
2022,45810005,,51
2022,45810006,,51
2022,45810007,,51
2022,49553035,,51
2022,46275302,,51
2022,46275303,,51
2022,46562086,,51
2022,46562087,,51
2022,46562088,,51
2022,46562089,,51
2022,46616774,,51
2022,46616775,,51
2022,46616776,,51
2022,46616777,,51
2022,46616778,,51
2022,46616779,,51
2022,46620814,,51
2022,46875693,,51
2022,46985406,,51
2022,50003863,,51
2022,46986315,,51
2022,47081350,,51
2022,50102562,,51
2022,47345506,,51
2022,50102563,,51
2022,47345507,,51
2022,47345509,,51
2022,47345511,,51
2022,47345512,,51
2022,47345513,,51
2022,47376545,,51
2022,47382642,,51
2022,47645098,,51
2022,50112247,,51
2022,50112248,,51
2022,47645099,,51
2022,47743414,,51
2022,47743415,,51
2022,48179253,,51
2022,50112249,,51
2022,48538868,,51
2022,50112250,,51
2022,49563570,,51
2022,49563571,,51
2022,49547760,,51
2022,49547761,,51
2022,49553529,,51
2022,50599154,,51
2022,49553530,,51
2022,49563331,,51
2022,49563332,,51
2022,49563333,,51
2022,49563334,,51
2022,49563335,,51
2022,49563336,,51
2022,49563337,,51
2022,49563338,,51
2022,49563339,,51
2022,49563340,,51
2022,49563341,,51
2022,49563342,,51
2022,49563572,,51
2022,49563573,,51
2022,49563574,,51
2022,49563575,,51
2022,49563576,,51
2022,49563577,,51
2022,49563578,,51
2022,49563579,,51
2022,49563580,,51
2022,47601253,,51
2022,50557527,,51
2022,50344702,,51
2022,47601254,,51
2022,50326600,,51
2022,50102564,,51
2022,47601255,,51
2022,47601256,,51
2022,47601257,,51
2022,47601258,,51
2022,47601259,,51
2022,47601260,,51
2022,47601261,,51
2022,47601262,,51
2022,47601263,,51
2022,47601264,,51
2022,50063047,,51
2022,47601265,,51
2022,47601266,,51
2022,47601267,,51
2022,47601268,,51
2022,47601269,,51
2022,47601270,,51
2022,47601271,,51
2022,47601272,,51
2022,47601273,,51
2022,47601274,,51
2022,47601275,,51
2022,47601276,,51
2022,47601277,,51
2022,47601278,,51
2022,47601279,,51
2022,48020182,,51
2022,50063048,,51
2022,50063049,,51
2022,48020183,,51
2022,48021776,,51
2022,48021777,,51
2022,48102089,,51
2022,50054708,,51
2022,48261262,,51
2022,50054710,,51
2022,48330541,,53
2022,50054713,,51
2022,48383548,,51
2022,48438201,,51
2022,48581052,,51
2022,48740954,,51
2022,48828484,,51
2022,48838712,,51
2022,48898811,,51
2022,49363381,,51
2022,49363382,,51
2022,49363383,,51
2022,49363384,,51
2022,49553036,,51
2022,49553037,,51
2022,49557881,,51
2022,49609646,,51
2022,45105754,,51
2022,50043841,,51
2022,50017934,,51
2022,50017935,,51
2022,45366048,,51
2022,50017936,,51
2022,45700770,,51
2022,45700771,,51
2022,45700772,,51
2022,45700773,,51
2022,45829609,,51
2022,46916560,,51
2022,46916561,,51
2022,46916562,,51
2022,46916563,,51
2022,47114678,,51
2022,47431323,,51
2022,47745971,,51
2022,47959826,,51
2022,48009552,,51
2022,49977769,,51
2022,49969177,,51
2022,49949135,,51
2022,49836610,,51
2022,49836611,,51
2022,49836612,,51
2022,49836613,,51
2022,49836614,,51
2022,49359974,,51
2022,49359975,,51
2022,49359976,,51
2022,50470380,,51
2022,49359977,,51
2022,48755439,,51
2022,48779657,,3
2022,48779658,,51
2022,48806375,,51
2022,48806376,,52
2022,48813220,,51
2022,48813221,,51
2022,48157600,,51
2022,49359978,,51
2022,49359979,,51
2022,49359980,,51
2022,49359981,,51
2022,49359982,,51
2022,49359983,,51
2022,49359984,,51
2022,49359985,,51
2022,48741763,,51
2022,48741764,,51
2022,48741765,,51
2022,49359986,,51
2022,49359987,,51
2022,49359988,,51
2022,49359989,,51
2022,49359990,,51
2022,49359991,,51
2022,49359992,,51
2022,49359993,,51
2022,48985028,,51
2022,48985029,,51
2022,48985030,,51
2022,48979153,,51
2022,48979154,,51
2022,48931772,,51
2022,48913992,,51
2022,48157601,,51
2022,49359996,,51
2022,49359997,,51
2022,49359999,,51
2022,49360000,,51
2022,49360001,,51
2022,49360002,,51
2022,49360003,,51
2022,49613408,,51
2022,49360005,,51
2022,49360006,,51
2022,49613409,,51
2022,49613410,,51
2022,49360007,,51
2022,49360009,,51
2022,48157602,,51
2022,48167055,,51
2022,48167056,,51
2022,48178022,,3
2022,48380893,,51
2022,48380894,,51
2022,48498168,,51
2022,49363385,,3
2022,49363386,,51
2022,49363387,,51
2022,49549386,,51
2022,49613584,,51
2022,47670230,,51
2022,47718628,,51
2022,49360010,,51
2022,49360012,,51
2022,49360013,,51
2022,49360014,,51
2022,49360015,,51
2022,49360017,,51
2022,49360019,,51
2022,49360022,,51
2022,49360023,,51
2022,49360031,,51
2022,49547794,,51
2022,47718629,,51
2022,49553573,,51
2022,49614242,,51
2022,47721006,,51
2022,49740397,,51
2022,49626608,,51
2022,47721007,,51
2022,47721008,,51
2022,49740398,,51
2022,47721009,,51
2022,49611031,,51
2022,47721010,,51
2022,49740399,,51
2022,47721534,,51
2022,49740400,,51
2022,47721580,,51
2022,49685591,,51
2022,47721581,,51
2022,48761110,,51
2022,48313100,,51
2022,48313101,,51
2022,48313102,,51
2022,48313277,,51
2022,49740401,,51
2022,49740402,,51
2022,49740403,,51
2022,48313278,,51
2022,48313279,,51
2022,48313280,,51
2022,48438202,,51
2022,48438203,,51
2022,48438995,,51
2022,48438996,,51
2022,48438997,,51
2022,48466750,,51
2022,48466751,,51
2022,48466752,,51
2022,48590581,,51
2022,48590582,,51
2022,50014199,,51
2022,49766679,,51
2022,49827870,,51
2022,49827871,,51
2022,49827872,,51
2022,48590583,,52
2022,48916095,,51
2022,49363573,,51
2022,49363574,,51
2022,49363575,,51
2022,49363576,,51
2022,49363577,,51
2022,49363578,,51
2022,49363579,,51
2022,50623484,,51
2022,49560027,,51
2022,49560028,,51
2022,49560029,,51
2022,50014202,,51
2022,50014205,,51
2022,50014207,,51
2022,48179833,,51
2022,45516719,,51
2022,45516720,,51
2022,45529365,,51
2022,45529366,,51
2022,45529367,,51
2022,45529368,,51
2022,45529369,,51
2022,45529370,,51
2022,45529371,,51
2022,45529372,,51
2022,45529373,,51
2022,45529374,,51
2022,45529375,,51
2022,45529376,,51
2022,45529377,,51
2022,45540105,,52
2022,45540106,,51
2022,45540107,,51
2022,45540108,,51
2022,45540109,,51
2022,45540110,,51
2022,45540111,,51
2022,45560184,,51
2022,45560185,,51
2022,45560186,,51
2022,45560187,,51
2022,45560188,,51
2022,45560189,,51
2022,45560190,,51
2022,45560191,,51
2022,45560192,,51
2022,45560193,,51
2022,45560194,,51
2022,45560195,,51
2022,45560196,,51
2022,45560197,,51
2022,45560198,,51
2022,45560199,,51
2022,45560200,,51
2022,45560201,,51
2022,45560202,,51
2022,45560203,,51
2022,45560204,,51
2022,45560205,,51
2022,45560206,,51
2022,45560207,,51
2022,45560208,,51
2022,45560209,,51
2022,45560210,,51
2022,45560211,,51
2022,45560212,,51
2022,45560213,,51
2022,45560214,,51
2022,45560215,,51
2022,45560216,,51
2022,45560217,,51
2022,45805852,,51
2022,45805853,,51
2022,45805854,,51
2022,45808126,,51
2022,45808127,,51
2022,45808128,,51
2022,45808129,,51
2022,45808130,,51
2022,45808131,,51
2022,45808132,,51
2022,45808133,,51
2022,45808135,,51
2022,45808136,,51
2022,45808137,,51
2022,45808138,,51
2022,45808139,,51
2022,45808140,,51
2022,45808141,,51
2022,45808142,,51
2022,45808143,,51
2022,45808144,,51
2022,45808145,,51
2022,45808146,,51
2022,45808147,,51
2022,45808803,,51
2022,45808150,,51
2022,45833698,,51
2022,45833699,,51
2022,45833701,,51
2022,45833703,,51
2022,45833704,,51
2022,45833709,,51
2022,45833710,,51
2022,45833711,,51
2022,45833713,,51
2022,45833714,,51
2022,45833715,,51
2022,45833716,,51
2022,45833719,,51
2022,45833721,,51
2022,45833722,,51
2022,45833723,,51
2022,45833724,,51
2022,45833726,,51
2022,45833727,,51
2022,45833729,,51
2022,45833730,,51
2022,45932356,,51
2022,48365863,,51
2022,48365864,,51
2022,48365865,,51
2022,48365866,,52
2022,48365867,,51
2022,45932357,,51
2022,48365868,,51
2022,48365869,,51
2022,48378303,,9
2022,48383549,,51
2022,48383550,,51
2022,48426851,,51
2022,48426852,,51
2022,48426853,,51
2022,48428092,,51
2022,48498169,,51
2022,48479376,,51
2022,48571262,,51
2022,48578195,,51
2022,45932362,,51
2022,49464597,,51
2022,45932368,,51
2022,45932370,,51
2022,45932372,,51
2022,45932373,,51
2022,48578196,,51
2022,48578197,,51
2022,48505837,,51
2022,48516489,,51
2022,45932375,,51
2022,48516490,,51
2022,48516491,,51
2022,48516493,,51
2022,48564834,,51
2022,48578198,,51
2022,48578199,,51
2022,48762755,,51
2022,48830814,,51
2022,48813217,,51
2022,48828485,,51
2022,48828486,,51
2022,48828487,,51
2022,48828488,,51
2022,48828489,,51
2022,48830815,,51
2022,48830816,,51
2022,48898812,,51
2022,48898813,,51
2022,48898814,,51
2022,48913974,,51
2022,49363677,,51
2022,48913975,,51
2022,48913977,,51
2022,48913978,,52
2022,48913979,,51
2022,48988065,,51
2022,48988066,,51
2022,48988067,,51
2022,48994316,,51
2022,49363678,,51
2022,49363679,,51
2022,49363680,,51
2022,49363681,,51
2022,49363682,,51
2022,49363683,,51
2022,49363684,,51
2022,49363685,,51
2022,49363686,,51
2022,49363687,,51
2022,49363688,,51
2022,49363689,,51
2022,49363690,,51
2022,49363691,,51
2022,49363692,,51
2022,49363693,,51
2022,50638236,,51
2022,45947044,,51
2022,49363695,,51
2022,49363696,,51
2022,49363697,,51
2022,49363698,,51
2022,49363699,,51
2022,49363700,,51
2022,49363701,,51
2022,49363702,,51
2022,49363703,,51
2022,49363704,,51
2022,49363706,,51
2022,49363707,,51
2022,49363708,,51
2022,49363709,,51
2022,49363710,,51
2022,49363711,,51
2022,49363712,,51
2022,49363713,,51
2022,49363715,,51
2022,49363716,,51
2022,49363717,,51
2022,49363718,,51
2022,49363719,,51
2022,49363720,,51
2022,49363721,,51
2022,49363722,,51
2022,49363723,,52
2022,49363724,,51
2022,45947045,,51
2022,49464573,,51
2022,49363725,,51
2022,49363726,,51
2022,49363727,,51
2022,49363728,,51
2022,49363729,,51
2022,49363730,,51
2022,45947046,,51
2022,46277469,,51
2022,46277470,,51
2022,46277471,,51
2022,46277793,,51
2022,46277794,,51
2022,49363731,,51
2022,49363732,,51
2022,49363733,,51
2022,49363734,,51
2022,49363735,,51
2022,49363736,,51
2022,49463385,,51
2022,46277795,,51
2022,46277796,,51
2022,46277797,,51
2022,46277798,,51
2022,46277799,,51
2022,46289657,,51
2022,46289658,,51
2022,46289659,,51
2022,46289660,,51
2022,46289661,,51
2022,46289662,,51
2022,46289663,,51
2022,46289664,,51
2022,46289665,,51
2022,46289666,,51
2022,46289667,,51
2022,46289668,,51
2022,46289669,,51
2022,46289670,,51
2022,46289671,,51
2022,46293636,,51
2022,46293637,,51
2022,46293638,,51
2022,46293639,,51
2022,46293640,,51
2022,46293641,,51
2022,46293642,,51
2022,46293643,,51
2022,46293644,,51
2022,46293645,,51
2022,46293646,,51
2022,46293647,,51
2022,46293648,,51
2022,46293649,,51
2022,46293650,,51
2022,46293651,,51
2022,46293652,,51
2022,46293653,,51
2022,46293654,,51
2022,46295497,,51
2022,49464574,,52
2022,49464575,,51
2022,49464576,,53
2022,49539974,,51
2022,49559747,,51
2022,49539975,,51
2022,49553038,,51
2022,49553531,,51
2022,49553532,,51
2022,49553533,,51
2022,49557882,,51
2022,49558187,,51
2022,49559748,,51
2022,49559749,,51
2022,49613946,,51
2022,49768982,,51
2022,49768983,,51
2022,46295498,,51
2022,46295499,,51
2022,46295500,,51
2022,46295501,,51
2022,46295502,,51
2022,49768985,,51
2022,46297032,,51
2022,46297033,,51
2022,46297034,,51
2022,46297035,,51
2022,46297036,,51
2022,46297037,,51
2022,46297038,,51
2022,46301009,,51
2022,49768986,,51
2022,49790581,,51
2022,49792565,,51
2022,46305932,,51
2022,46305933,,51
2022,46343653,,51
2022,46343654,,51
2022,46343655,,51
2022,46343656,,51
2022,46343659,,51
2022,46343660,,51
2022,46343661,,51
2022,46343663,,51
2022,46344742,,51
2022,46344743,,51
2022,49792566,,51
2022,46344744,,51
2022,46344745,,51
2022,46344746,,51
2022,49809327,,51
2022,46344747,,51
2022,49809328,,51
2022,49836759,,51
2022,49836760,,51
2022,49885355,,51
2022,49885356,,5
2022,49885357,,52
2022,49885358,,51
2022,50013373,,51
2022,46344748,,51
2022,46344749,,51
2022,46344751,,51
2022,46344752,,51
2022,46344753,,51
2022,50013374,,52
2022,46344754,,51
2022,46573630,,51
2022,46573631,,51
2022,46573632,,51
2022,46573633,,51
2022,46573634,,51
2022,50017366,,51
2022,46596103,,51
2022,46623264,,51
2022,46623265,,51
2022,46623266,,51
2022,46623267,,51
2022,46623268,,51
2022,46623269,,51
2022,46623270,,51
2022,46627559,,51
2022,46627560,,51
2022,46627561,,51
2022,46627562,,51
2022,46627563,,51
2022,46627564,,51
2022,46629719,,51
2022,46629720,,51
2022,46629721,,51
2022,46629722,,51
2022,46637442,,51
2022,46637443,,51
2022,46637444,,51
2022,46637445,,51
2022,46658051,,51
2022,46675543,,51
2022,46675544,,51
2022,46675545,,51
2022,46675547,,51
2022,46697026,,51
2022,46697027,,51
2022,46697028,,51
2022,46697029,,51
2022,46697031,,51
2022,46697032,,51
2022,46697033,,51
2022,46742530,,51
2022,46742531,,51
2022,46742532,,51
2022,46742533,,51
2022,46742534,,51
2022,46742535,,51
2022,46742536,,51
2022,50017909,,51
2022,46742537,,51
2022,46742538,,51
2022,46742539,,51
2022,46742540,,51
2022,46742541,,51
2022,46742542,,51
2022,46742543,,51
2022,46748561,,51
2022,46748562,,51
2022,46748563,,51
2022,46748564,,3
2022,46916954,,51
2022,46916955,,51
2022,46916956,,51
2022,46916957,,51
2022,46916958,,51
2022,46933168,,51
2022,50026571,,51
2022,46933169,,51
2022,46933170,,51
2022,46933171,,51
2022,46933172,,51
2022,46933173,,51
2022,46933174,,51
2022,46933175,,51
2022,46937897,,51
2022,46937898,,51
2022,46953596,,51
2022,46953597,,51
2022,46953598,,51
2022,46953599,,51
2022,46953600,,51
2022,46953601,,51
2022,46953602,,51
2022,46953603,,51
2022,47038026,,51
2022,47038027,,51
2022,47038028,,51
2022,47038029,,51
2022,50026572,,51
2022,47038030,,51
2022,47077929,,51
2022,47077930,,51
2022,47077931,,51
2022,47077933,,51
2022,47077935,,51
2022,47093817,,51
2022,47093818,,51
2022,47093819,,51
2022,47093820,,51
2022,47093821,,51
2022,47093822,,51
2022,47093823,,51
2022,47093824,,51
2022,47121822,,51
2022,47121823,,51
2022,50043838,,51
2022,47121824,,51
2022,47159200,,51
2022,47159201,,51
2022,47159202,,51
2022,47159203,,51
2022,47161434,,51
2022,47161435,,51
2022,47161436,,51
2022,47161437,,51
2022,47161438,,51
2022,47161439,,51
2022,47161440,,51
2022,47161441,,51
2022,47161442,,51
2022,47173672,,51
2022,47173673,,51
2022,47173674,,51
2022,47173675,,51
2022,47173676,,51
2022,47173677,,51
2022,47173678,,51
2022,50844844,,3
2022,45777814,,51
2022,47173679,,51
2022,47173680,,51
2022,47173681,,51
2022,47173682,,51
2022,47173683,,51
2022,47173684,,51
2022,47173685,,51
2022,47173686,,51
2022,47173687,,51
2022,47245064,,51
2022,47245065,,51
2022,47245066,,51
2022,47280089,,51
2022,47280090,,51
2022,47280091,,51
2022,47280092,,51
2022,47280094,,51
2022,47280095,,51
2022,47280096,,51
2022,47280097,,51
2022,47280098,,51
2022,47280099,,51
2022,47280103,,51
2022,47280104,,51
2022,47280105,,51
2022,47280110,,51
2022,47331771,,51
2022,47596124,,51
2022,47596125,,51
2022,47596126,,51
2022,48139572,,51
2022,48140349,,3
2022,47331772,,51
2022,47173688,,51
2022,47331773,,51
2022,47331774,,51
2022,47293233,,51
2022,47331775,,51
2022,47340988,,51
2022,47340989,,51
2022,47340990,,51
2022,47376546,,51
2022,47304027,,51
2022,47376547,,51
2022,47376548,,51
2022,47376549,,51
2022,47376550,,51
2022,47376551,,51
2022,47376552,,51
2022,47376553,,51
2022,47376554,,51
2022,47376556,,51
2022,47376557,,51
2022,47376559,,51
2022,47405651,,51
2022,47405652,,51
2022,47405653,,51
2022,47674842,,51
2022,48140351,,51
2022,47674843,,51
2022,47405654,,51
2022,47449562,,51
2022,47449563,,51
2022,47508032,,51
2022,47511661,,51
2022,47511662,,51
2022,47511663,,51
2022,47511664,,51
2022,47511665,,51
2022,47511666,,51
2022,47511667,,51
2022,47511668,,51
2022,47511669,,51
2022,47511670,,51
2022,47511671,,51
2022,47619240,,51
2022,47670238,,51
2022,47670239,,51
2022,47670240,,51
2022,47670241,,51
2022,47674844,,51
2022,47674845,,51
2022,47674846,,51
2022,47674847,,51
2022,47674848,,51
2022,47674849,,51
2022,47674850,,51
2022,47674851,,51
2022,47681545,,51
2022,47681547,,51
2022,47681548,,51
2022,47681549,,51
2022,47681554,,51
2022,47399912,,51
2022,47399913,,51
2022,47399914,,51
2022,47681556,,51
2022,47692825,,51
2022,47692826,,51
2022,47692827,,51
2022,47717424,,51
2022,47717425,,51
2022,47770033,,51
2022,49898235,,51
2022,47770034,,51
2022,47770634,,51
2022,47770635,,51
2022,47770636,,51
2022,47770637,,51
2022,47770638,,51
2022,47770639,,51
2022,47774807,,51
2022,49969267,,51
2022,47774809,,51
2022,47787172,,51
2022,47787173,,51
2022,47787174,,51
2022,47787175,,51
2022,47787176,,51
2022,47787177,,51
2022,49977886,,51
2022,47787178,,51
2022,47787179,,51
2022,47834427,,51
2022,47834428,,51
2022,47834429,,51
2022,47841640,,51
2022,47841641,,51
2022,47841642,,51
2022,47847258,,51
2022,47847259,,51
2022,47847260,,51
2022,47847261,,51
2022,47847262,,51
2022,47847263,,51
2022,47847264,,51
2022,47847265,,51
2022,47847266,,51
2022,47847267,,51
2022,47849326,,51
2022,47849328,,51
2022,47920396,,51
2022,47920397,,51
2022,47920398,,51
2022,47920399,,51
2022,47920400,,51
2022,47920401,,51
2022,47920402,,51
2022,47920403,,51
2022,47920404,,51
2022,47920405,,51
2022,47960450,,51
2022,47960451,,51
2022,47960452,,51
2022,47960453,,51
2022,47960454,,51
2022,47960455,,51
2022,47960456,,51
2022,47991088,,51
2022,47991089,,51
2022,47991090,,51
2022,47991091,,51
2022,47991092,,51
2022,47991093,,51
2022,47991094,,51
2022,49977887,,3
2022,47991095,,51
2022,47991096,,51
2022,47991097,,51
2022,47995465,,51
2022,47996038,,51
2022,50522681,,51
2022,47996039,,51
2022,47996040,,51
2022,48120983,,51
2022,46888115,,51
2022,48120984,,51
2022,48120985,,51
2022,46888117,,51
2022,46888120,,51
2022,46888123,,51
2022,46886697,,51
2022,46886698,,51
2022,46933166,,3
2022,46937895,,51
2022,46953587,,51
2022,46953588,,51
2022,46954558,,51
2022,46954559,,51
2022,46954560,,51
2022,47252812,,51
2022,47252813,,51
2022,47252814,,51
2022,47252815,,51
2022,47252816,,51
2022,47252956,,51
2022,47252957,,51
2022,47252958,,51
2022,47510278,,51
2022,48139573,,51
2022,48139574,,51
2022,48120986,,51
2022,48162841,,51
2022,48140352,,51
2022,48140353,,51
2022,48162842,,51
2022,48140354,,51
2022,48140355,,51
2022,48140356,,51
2022,48140357,,51
2022,48162843,,51
2022,48162844,,51
2022,49364212,,51
2022,48140358,,51
2022,48140359,,51
2022,48365871,,51
2022,48365872,,51
2022,48365873,,51
2022,48365874,,51
2022,48467682,,51
2022,48467683,,51
2022,48467813,,51
2022,48467814,,51
2022,48467815,,51
2022,49364213,,51
2022,48467816,,51
2022,48467817,,51
2022,49364214,,51
2022,50516049,,51
2022,48140360,,51
2022,49364215,,51
2022,49364216,,51
2022,49364217,,51
2022,49364218,,51
2022,49364219,,3
2022,48140361,,51
2022,49364220,,51
2022,49364221,,51
2022,49364222,,51
2022,49364223,,51
2022,50212724,,51
2022,50212725,,51
2022,50212726,,51
2022,50344669,,51
2022,50344670,,51
2022,50344671,,51
2022,50344672,,51
2022,50344673,,51
2022,50344674,,51
2022,50344675,,51
2022,50344676,,51
2022,50453517,,51
2022,48140362,,51
2022,48140363,,51
2022,48140574,,51
2022,48140575,,51
2022,48140576,,51
2022,48140577,,51
2022,50453518,,51
2022,48140578,,51
2022,48140579,,51
2022,48140580,,51
2022,48140581,,51
2022,50453519,,51
2022,48140582,,51
2022,48140583,,51
2022,45720969,,51
2022,48140584,,51
2022,48140585,,51
2022,45720970,,51
2022,45720971,,3
2022,48140586,,51
2022,48140587,,51
2022,48140588,,51
2022,48140589,,51
2022,48140590,,51
2022,48140591,,51
2022,45720972,,51
2022,46244930,,51
2022,46244932,,51
2022,48142948,,51
2022,46244933,,51
2022,46289649,,51
2022,46281270,,51
2022,46868660,,52
2022,48270857,,51
2022,48270858,,51
2022,48280528,,51
2022,48142949,,51
2022,48140592,,51
2022,48464505,,51
2022,48464506,,51
2022,48507340,,51
2022,48142950,,51
2022,48507341,,51
2022,48142951,,51
2022,48507342,,51
2022,48142952,,51
2022,48142953,,51
2022,46610504,,51
2022,48142954,,51
2022,46927763,,51
2022,46967363,,52
2022,47995459,,51
2022,47995460,,51
2022,50003929,,51
2022,48134760,,51
2022,48134761,,51
2022,48142955,,51
2022,48164719,,51
2022,50212727,,51
2022,49364516,,51
2022,49364517,,51
2022,49613947,,51
2022,49613948,,51
2022,50499148,,51
2022,49624835,,51
2022,46628821,,51
2022,46638969,,51
2022,46699404,,3
2022,47160004,,51
2022,47721413,,51
2022,48157603,,51
2022,48167096,,51
2022,48167098,,51
2022,48157604,,51
2022,48167099,,51
2022,48167101,,51
2022,48114765,,51
2022,48114766,,51
2022,48167102,,51
2022,48167103,,51
2022,48167104,,51
2022,48346647,,51
2022,48346648,,51
2022,48346649,,51
2022,48365950,,51
2022,48378318,,51
2022,48378319,,51
2022,48378320,,51
2022,48378321,,51
2022,48458507,,51
2022,48378322,,51
2022,48415555,,51
2022,48415556,,51
2022,48458508,,51
2022,48415557,,51
2022,48415558,,51
2022,48415559,,51
2022,48415560,,51
2022,48878618,,51
2022,48415561,,51
2022,48415562,,51
2022,48415563,,51
2022,48415564,,51
2022,48878620,,51
2022,48426861,,51
2022,48984799,,52
2022,48426862,,51
2022,48426863,,51
2022,48426864,,51
2022,49364523,,53
2022,49364524,,51
2022,48426865,,51
2022,49593952,,51
2022,48430602,,51
2022,48430603,,51
2022,48430604,,51
2022,48430605,,51
2022,48430606,,51
2022,48430607,,51
2022,48430608,,51
2022,49593953,,51
2022,48430609,,51
2022,49637976,,51
2022,48430610,,51
2022,48430611,,51
2022,48430612,,51
2022,44994304,,51
2022,48430613,,51
2022,48430614,,51
2022,48430615,,51
2022,48430616,,51
2022,48430617,,51
2022,48432764,,51
2022,48432765,,51
2022,48432767,,51
2022,48432770,,51
2022,48432771,,51
2022,48432772,,51
2022,48490891,,51
2022,48490892,,51
2022,48490893,,51
2022,48502801,,51
2022,48507362,,51
2022,48507363,,51
2022,48507364,,51
2022,45358706,,51
2022,45358707,,51
2022,45358709,,51
2022,46562647,,51
2022,48516076,,51
2022,48516077,,51
2022,48516078,,51
2022,48516079,,51
2022,46562648,,51
2022,46562649,,51
2022,46562650,,51
2022,46637562,,51
2022,46637563,,51
2022,46637564,,51
2022,46637565,,51
2022,46637566,,51
2022,46969402,,51
2022,46969403,,51
2022,46969404,,51
2022,47168073,,51
2022,47168074,,51
2022,47746365,,51
2022,47770582,,51
2022,47771640,,51
2022,48365875,,51
2022,48365876,,51
2022,48365877,,51
2022,48365878,,51
2022,48365879,,51
2022,48365880,,51
2022,48365881,,51
2022,48365882,,51
2022,48365883,,51
2022,48365884,,51
2022,48365885,,51
2022,48365886,,51
2022,48365887,,51
2022,48516494,,51
2022,48516080,,51
2022,48538889,,51
2022,48538890,,51
2022,48538891,,51
2022,48538892,,51
2022,48516495,,51
2022,48538893,,51
2022,48538894,,51
2022,48564850,,51
2022,48564851,,51
2022,48564852,,51
2022,48564853,,51
2022,48626209,,51
2022,48626210,,51
2022,48626211,,51
2022,48626212,,51
2022,48708099,,51
2022,48708100,,51
2022,48708101,,51
2022,48708102,,51
2022,48708103,,51
2022,48708104,,51
2022,48708105,,51
2022,48708106,,51
2022,48708107,,51
2022,48708108,,51
2022,48708109,,51
2022,48740958,,51
2022,48740959,,51
2022,48740960,,51
2022,48740961,,51
2022,48740962,,51
2022,48740963,,51
2022,48740964,,51
2022,48740965,,51
2022,48740966,,51
2022,48749288,,51
2022,48749289,,51
2022,48740967,,51
2022,48749290,,51
2022,48749291,,51
2022,48749292,,51
2022,48749294,,51
2022,48755440,,51
2022,48755441,,51
2022,48755442,,51
2022,48755443,,51
2022,48755444,,51
2022,48755445,,51
2022,48755446,,51
2022,48755447,,51
2022,48755448,,51
2022,48762381,,51
2022,48762382,,51
2022,48762383,,51
2022,48762384,,51
2022,48762385,,51
2022,48762386,,51
2022,48762387,,51
2022,48762388,,51
2022,48762389,,51
2022,48762390,,51
2022,48762391,,51
2022,48762392,,51
2022,48762393,,51
2022,48762760,,51
2022,48762761,,51
2022,48762762,,51
2022,48495352,,51
2022,48762763,,51
2022,48762764,,51
2022,48762765,,51
2022,48762766,,51
2022,48762767,,51
2022,48516496,,51
2022,48796252,,51
2022,48796253,,51
2022,48806377,,51
2022,48806378,,51
2022,48806379,,51
2022,48806380,,51
2022,48806381,,51
2022,48516497,,51
2022,48806382,,51
2022,49765982,,51
2022,48806383,,51
2022,48806384,,51
2022,48806385,,51
2022,49613949,,51
2022,48806386,,51
2022,47675699,,3
2022,48806387,,51
2022,48828492,,51
2022,48828493,,51
2022,48828494,,51
2022,48838724,,51
2022,48838725,,51
2022,48838726,,51
2022,48838727,,51
2022,48838728,,51
2022,48838729,,51
2022,48838730,,51
2022,48838731,,51
2022,48838732,,51
2022,48838733,,51
2022,48838734,,51
2022,48838735,,51
2022,48838736,,51
2022,48838737,,51
2022,48838738,,51
2022,48931780,,51
2022,48931781,,51
2022,48931784,,51
2022,48931789,,51
2022,48931790,,51
2022,49361810,,3
2022,49361811,,3
2022,49361812,,51
2022,49361813,,51
2022,49361814,,51
2022,49361815,,51
2022,49361816,,51
2022,49361817,,51
2022,49361818,,51
2022,49361819,,51
2022,49361820,,51
2022,49361821,,51
2022,49361822,,51
2022,49361823,,51
2022,49361824,,51
2022,49361825,,51
2022,49361826,,51
2022,49361827,,51
2022,49361828,,51
2022,49361829,,51
2022,49361830,,51
2022,49361831,,51
2022,49361832,,51
2022,49361833,,51
2022,49361834,,51
2022,49361835,,51
2022,49361836,,51
2022,49361837,,51
2022,49361838,,51
2022,49361839,,51
2022,49361840,,51
2022,49361841,,51
2022,49361842,,51
2022,49361843,,51
2022,49361844,,51
2022,49361845,,51
2022,49361846,,51
2022,49361847,,51
2022,49361848,,51
2022,49361849,,51
2022,49361850,,51
2022,49361851,,51
2022,49361852,,51
2022,49361853,,51
2022,49361854,,51
2022,49361855,,51
2022,49361856,,51
2022,49361857,,51
2022,49361858,,51
2022,49361859,,51
2022,49361860,,51
2022,49361861,,51
2022,49361862,,51
2022,49361863,,51
2022,49361864,,51
2022,49361865,,51
2022,49361866,,51
2022,49361867,,51
2022,49361868,,51
2022,49361869,,51
2022,49361870,,51
2022,49361871,,51
2022,49361872,,51
2022,49361873,,51
2022,49361874,,51
2022,49361875,,51
2022,49361876,,51
2022,49361877,,51
2022,49361878,,51
2022,49361879,,52
2022,49361880,,51
2022,49361881,,51
2022,49361882,,51
2022,49361883,,51
2022,49361885,,51
2022,49361886,,51
2022,49361887,,51
2022,49361888,,51
2022,49361889,,51
2022,49361890,,51
2022,49361891,,51
2022,49539976,,51
2022,49539977,,51
2022,49547795,,51
2022,49553574,,51
2022,49557884,,51
2022,49557885,,51
2022,49557886,,51
2022,49571155,,51
2022,49571156,,51
2022,49575574,,51
2022,49588321,,51
2022,49588322,,51
2022,49588323,,51
2022,49588324,,51
2022,49592755,,51
2022,49592756,,51
2022,49592757,,51
2022,49592758,,51
2022,49605531,,51
2022,49605532,,51
2022,49605533,,51
2022,49605534,,51
2022,49605535,,51
2022,49605536,,51
2022,49613599,,51
2022,49613600,,51
2022,49613967,,51
2022,49613968,,51
2022,49613969,,51
2022,49613970,,51
2022,49613971,,51
2022,49624869,,51
2022,49624870,,51
2022,49624871,,51
2022,49624872,,51
2022,49624873,,51
2022,49624875,,51
2022,49624876,,51
2022,49624877,,51
2022,49624878,,51
2022,49740404,,51
2022,49740405,,51
2022,49740406,,51
2022,49740407,,51
2022,49740408,,51
2022,49740409,,51
2022,45264915,,51
2022,50010928,,51
2022,50010929,,3
2022,50013381,,51
2022,50013382,,51
2022,49363927,,51
2022,49363928,,51
2022,49363929,,51
2022,49363930,,51
2022,50335554,,51
2022,49363931,,51
2022,49363932,,51
2022,50236704,,51
2022,49363933,,51
2022,50236705,,51
2022,49363934,,51
2022,49363935,,51
2022,50735241,,51
2022,49363936,,51
2022,50896512,,51
2022,50896513,,51
2022,50735244,,51
2022,50735245,,51
2022,49363937,,51
2022,49363938,,51
2022,50735246,,51
2022,49363940,,51
2022,45264916,,51
2022,46658035,,51
2022,50017421,,51
2022,50017422,,51
2022,49363941,,51
2022,49363942,,51
2022,49363943,,51
2022,49363944,,3
2022,49363945,,51
2022,49363946,,51
2022,49363947,,3
2022,49363948,,53
2022,45623015,,51
2022,45623016,,51
2022,45623017,,51
2022,45623018,,51
2022,45640168,,51
2022,49363949,,51
2022,49363950,,51
2022,49363951,,3
2022,49363952,,3
2022,49363952,,5
2022,49363953,,52
2022,49363954,,51
2022,50735247,,51
2022,49363955,,51
2022,49363956,,51
2022,50735248,,51
2022,49363957,,3
2022,49363958,,51
2022,49363959,,51
2022,49363960,,51
2022,50735249,,51
2022,49363962,,51
2022,49363963,,51
2022,49363964,,51
2022,49363965,,51
2022,49363966,,51
2022,49363967,,51
2022,45932424,,51
2022,50896515,,51
2022,50896516,,1
2022,49363970,,51
2022,45794526,,51
2022,45794527,,51
2022,45794528,,51
2022,45808185,,51
2022,50896517,,51
2022,49363971,,51
2022,49363972,,51
2022,49363973,,51
2022,49363974,,51
2022,49363975,,51
2022,49363976,,51
2022,49363977,,51
2022,45808186,,51
2022,45808187,,51
2022,45808188,,51
2022,45808190,,51
2022,45808191,,51
2022,45808192,,51
2022,45808193,,51
2022,45808194,,51
2022,45810016,,51
2022,45810017,,51
2022,45820160,,51
2022,45820161,,51
2022,45825508,,51
2022,45825509,,51
2022,45999726,,51
2022,45999727,,51
2022,49363978,,51
2022,45999728,,51
2022,49363979,,51
2022,49363980,,51
2022,49363981,,51
2022,49363982,,51
2022,49363983,,51
2022,50742161,,51
2022,50742162,,51
2022,49363984,,51
2022,49363985,,51
2022,45999729,,51
2022,51251918,,51
2022,49363987,,51
2022,49363988,,51
2022,49363989,,51
2022,49363990,,51
2022,49363991,,51
2022,49363992,,51
2022,49363993,,51
2022,49363994,,53
2022,49363995,,1
2022,50896520,,51
2022,49363997,,51
2022,49363998,,51
2022,49363999,,51
2022,49364000,,51
2022,50750214,,51
2022,46240110,,51
2022,46240111,,51
2022,49364002,,51
2022,49364003,,51
2022,50750215,,51
2022,49364004,,51
2022,49364005,,51
2022,49364006,,51
2022,49364007,,51
2022,46240112,,51
2022,46250446,,51
2022,46250448,,51
2022,46250449,,51
2022,46250450,,51
2022,46277810,,51
2022,50848127,,51
2022,46277811,,51
2022,46279624,,51
2022,46637336,,51
2022,46280924,,51
2022,46280925,,51
2022,46280926,,51
2022,46280927,,51
2022,46280928,,51
2022,46280929,,51
2022,46280930,,51
2022,46282713,,51
2022,46282714,,51
2022,46280931,,51
2022,46280932,,51
2022,46280933,,51
2022,46280934,,51
2022,46560659,,51
2022,46560660,,51
2022,46560661,,51
2022,46560662,,51
2022,46560663,,51
2022,46560665,,51
2022,46560666,,51
2022,46560667,,51
2022,46560668,,51
2022,46560669,,51
2022,46560670,,51
2022,49364009,,51
2022,49364010,,51
2022,49364011,,52
2022,49364012,,51
2022,49364013,,51
2022,49364014,,51
2022,49364015,,51
2022,49364016,,51
2022,50971306,,51
2022,49364017,,51
2022,49364018,,51
2022,49364019,,51
2022,49974120,,51
2022,49364020,,51
2022,49364021,,51
2022,49364022,,51
2022,49364023,,51
2022,50896522,,51
2022,50896523,,51
2022,46560671,,51
2022,46560672,,51
2022,46560674,,51
2022,46560675,,51
2022,46560676,,51
2022,46560677,,51
2022,46560678,,51
2022,46560679,,51
2022,49364024,,3
2022,46560680,,51
2022,46560681,,51
2022,46560682,,51
2022,46560683,,51
2022,46560684,,51
2022,46560686,,51
2022,46560687,,51
2022,46755837,,51
2022,46574283,,51
2022,46637339,,51
2022,46637341,,51
2022,46637343,,51
2022,46609909,,51
2022,46609914,,51
2022,46609916,,51
2022,46609918,,51
2022,46609919,,51
2022,46620739,,51
2022,46620740,,51
2022,46627541,,51
2022,46627542,,51
2022,46627543,,51
2022,46627544,,51
2022,46627545,,51
2022,46627546,,51
2022,46637347,,51
2022,46637361,,51
2022,46637366,,51
2022,46637370,,51
2022,46658036,,51
2022,46658037,,51
2022,46766015,,51
2022,46815240,,51
2022,46815771,,51
2022,46815772,,51
2022,46815773,,51
2022,46868680,,51
2022,46868681,,51
2022,46868682,,51
2022,46868683,,51
2022,46868684,,51
2022,46868685,,51
2022,46868686,,51
2022,47011621,,51
2022,47011622,,51
2022,47011624,,51
2022,47011627,,51
2022,47229315,,51
2022,47232439,,51
2022,50896525,,51
2022,50844872,,51
2022,50844873,,51
2022,49974121,,51
2022,50844874,,51
2022,49364025,,51
2022,49364026,,51
2022,49364027,,51
2022,49364028,,51
2022,47232440,,51
2022,47232441,,51
2022,47232442,,51
2022,47232443,,51
2022,47232444,,51
2022,47232445,,51
2022,47232446,,51
2022,47232447,,51
2022,47509514,,51
2022,47509515,,51
2022,47511698,,51
2022,47511699,,51
2022,47511700,,51
2022,47511701,,51
2022,47513073,,51
2022,47513077,,51
2022,47513078,,51
2022,47513081,,51
2022,47513085,,51
2022,47513087,,51
2022,47513088,,51
2022,47513089,,51
2022,47559874,,51
2022,47559878,,51
2022,47559881,,51
2022,47559884,,51
2022,47745394,,51
2022,47745395,,51
2022,47745396,,51
2022,47745397,,51
2022,47770042,,51
2022,47770043,,51
2022,47770649,,51
2022,47801753,,51
2022,47774844,,51
2022,47774845,,51
2022,47774846,,51
2022,47774847,,52
2022,47776590,,51
2022,50896526,,51
2022,49364030,,51
2022,49828503,,51
2022,50844876,,51
2022,47776591,,51
2022,47776592,,51
2022,47776593,,51
2022,47776594,,51
2022,47776595,,51
2022,47776596,,51
2022,47776597,,51
2022,47776599,,51
2022,47776600,,51
2022,47776601,,51
2022,47787191,,51
2022,47787192,,51
2022,47792521,,51
2022,47792522,,51
2022,47792523,,51
2022,47801754,,51
2022,47801755,,51
2022,47801756,,51
2022,49364032,,51
2022,49364033,,51
2022,49364034,,51
2022,47801757,,51
2022,47801758,,51
2022,47801759,,51
2022,47801760,,51
2022,47801761,,51
2022,47801762,,51
2022,47959851,,51
2022,47959852,,51
2022,47959853,,51
2022,47959854,,51
2022,48178116,,51
2022,48178117,,51
2022,48432850,,51
2022,48432853,,51
2022,48432858,,51
2022,48432859,,51
2022,50896528,,51
2022,48432860,,51
2022,48491841,,51
2022,48491842,,51
2022,50896529,,51
2022,50844880,,51
2022,48491843,,51
2022,48491844,,51
2022,49364035,,51
2022,48502808,,51
2022,49364036,,51
2022,48502809,,51
2022,48502810,,51
2022,48502811,,51
2022,48502812,,51
2022,48502813,,51
2022,48502814,,51
2022,48516085,,51
2022,49834566,,51
2022,49364038,,51
2022,49834567,,51
2022,50844881,,51
2022,50771991,,51
2022,50771992,,3
2022,50771993,,51
2022,49834569,,51
2022,49834570,,51
2022,49834571,,51
2022,48516086,,51
2022,48516087,,51
2022,49834573,,51
2022,49364044,,51
2022,49834574,,51
2022,49834575,,51
2022,49364047,,51
2022,49834576,,52
2022,49834577,,52
2022,49364050,,51
2022,50896531,,51
2022,50896532,,51
2022,48516505,,51
2022,50771996,,51
2022,49364051,,51
2022,49364052,,51
2022,48516506,,51
2022,51251919,,51
2022,48516507,,51
2022,49834579,,51
2022,50896534,,3
2022,49364054,,51
2022,49364055,,51
2022,50844882,,52
2022,49364056,,51
2022,49740420,,51
2022,49364057,,51
2022,49364058,,51
2022,49557887,,51
2022,48378327,,51
2022,46627590,,51
2022,48516508,,51
2022,50664360,,51
2022,46562521,,51
2022,48516509,,51
2022,50896536,,51
2022,48576930,,3
2022,48576931,,1
2022,46562523,,51
2022,46562524,,51
2022,46562525,,52
2022,46988580,,52
2022,46988581,,52
2022,50896537,,3
2022,48516510,,51
2022,48516511,,51
2022,48516512,,51
2022,46562529,,51
2022,50896538,,51
2022,46562530,,51
2022,46629768,,51
2022,49834580,,3
2022,46562532,,51
2022,50772003,,51
2022,50772004,,51
2022,50772005,,51
2022,46562533,,51
2022,46658076,,51
2022,46629770,,51
2022,46562534,,51
2022,47511672,,51
2022,46562535,,51
2022,46629771,,51
2022,46562536,,51
2022,50971307,,51
2022,46629772,,51
2022,46562537,,51
2022,46573661,,51
2022,46629773,,51
2022,46562538,,51
2022,47395336,,51
2022,46573663,,51
2022,46815253,,51
2022,46573664,,51
2022,48516513,,51
2022,50712220,,51
2022,48378328,,51
2022,47304034,,51
2022,47304035,,51
2022,46562541,,51
2022,47304036,,51
2022,46562542,,51
2022,48516514,,51
2022,48516515,,51
2022,47304037,,51
2022,46629774,,51
2022,46610008,,51
2022,50717769,,51
2022,46627592,,51
2022,46573665,,51
2022,47121826,,51
2022,46620844,,52
2022,48516516,,51
2022,50712222,,51
2022,46573666,,51
2022,49974122,,51
2022,46573667,,51
2022,48516517,,51
2022,49974123,,51
2022,49974124,,51
2022,46587464,,51
2022,46629775,,51
2022,47995470,,51
2022,47995471,,51
2022,49974125,,51
2022,46623279,,51
2022,49974126,,51
2022,48516518,,51
2022,49974127,,51
2022,46886711,,51
2022,46748626,,51
2022,46953605,,51
2022,48577671,,51
2022,48577672,,51
2022,48577673,,51
2022,48577674,,51
2022,48577675,,51
2022,48577676,,51
2022,48577677,,51
2022,49360724,,51
2022,48577678,,51
2022,48577679,,51
2022,48751175,,51
2022,48795151,,51
2022,48795152,,51
2022,48795153,,51
2022,48795154,,51
2022,48795155,,51
2022,48795156,,51
2022,48795157,,51
2022,48795158,,51
2022,48795159,,51
2022,48795160,,51
2022,48795161,,51
2022,48795162,,51
2022,48809168,,51
2022,48905447,,51
2022,48905449,,51
2022,48905450,,51
2022,48914000,,51
2022,48914002,,51
2022,48914003,,51
2022,48914004,,51
2022,48979286,,51
2022,47692828,,51
2022,46927770,,51
2022,50712223,,51
2022,50717770,,51
2022,50712225,,51
2022,50712226,,51
2022,46953606,,51
2022,50717771,,51
2022,46869716,,52
2022,46891064,,51
2022,46891065,,51
2022,46891066,,51
2022,50712228,,51
2022,46869717,,51
2022,50712229,,51
2022,46890423,,51
2022,46891067,,51
2022,50717772,,51
2022,49605537,,51
2022,50712231,,51
2022,47304039,,51
2022,50772007,,51
2022,48378329,,51
2022,46891069,,51
2022,46891070,,53
2022,46891071,,51
2022,47995474,,51
2022,47995475,,51
2022,46869720,,51
2022,46891072,,51
2022,46953607,,51
2022,46869721,,51
2022,47692829,,51
2022,47692830,,51
2022,50896540,,51
2022,48979287,,51
2022,48979288,,51
2022,48979289,,51
2022,46988582,,51
2022,48979290,,51
2022,48979291,,51
2022,46891073,,51
2022,49364061,,51
2022,48994350,,51
2022,47645113,,51
2022,48994351,,51
2022,46988583,,51
2022,48994352,,51
2022,50704355,,3
2022,50704356,,3
2022,48994353,,51
2022,48994354,,51
2022,46891075,,51
2022,46891076,,51
2022,49360725,,51
2022,46988584,,51
2022,49360726,,51
2022,46958005,,51
2022,50717773,,51
2022,50717774,,51
2022,49360727,,51
2022,49360728,,51
2022,50704359,,51
2022,49360729,,51
2022,49360730,,51
2022,49360731,,51
2022,49360732,,51
2022,49360733,,51
2022,49360734,,51
2022,49360735,,51
2022,49360736,,51
2022,49360737,,51
2022,49360738,,51
2022,49360739,,51
2022,49360740,,51
2022,49360741,,51
2022,49360742,,51
2022,49360743,,51
2022,49360744,,51
2022,49360745,,51
2022,49360746,,51
2022,49360747,,51
2022,49360748,,51
2022,49360749,,51
2022,49360750,,51
2022,49360751,,51
2022,49360752,,51
2022,49360753,,51
2022,49360754,,51
2022,49464610,,51
2022,49464611,,51
2022,49464612,,51
2022,49547810,,51
2022,49558197,,51
2022,49558198,,51
2022,49575599,,51
2022,49575600,,51
2022,49575601,,51
2022,49575602,,51
2022,49575603,,51
2022,49575604,,51
2022,49575605,,51
2022,49575606,,51
2022,49575607,,51
2022,49575608,,51
2022,49592771,,51
2022,49592772,,51
2022,49592773,,51
2022,49888762,,51
2022,50009784,,51
2022,50717775,,51
2022,46891077,,51
2022,46988585,,51
2022,46985418,,51
2022,47645114,,51
2022,50009785,,51
2022,51547783,,3
2022,46988586,,51
2022,47645115,,51
2022,48456047,,51
2022,50009786,,51
2022,50009787,,51
2022,48120989,,51
2022,50717776,,3
2022,50717777,,3
2022,50717778,,51
2022,47645116,,51
2022,50717779,,51
2022,47395340,,51
2022,50009788,,51
2022,48161517,,51
2022,46988588,,51
2022,47995477,,53
2022,47395342,,51
2022,46988589,,51
2022,50009789,,51
2022,50009790,,51
2022,47121830,,51
2022,46953613,,51
2022,50717780,,51
2022,50717781,,51
2022,46988591,,51
2022,47230769,,52
2022,46988592,,52
2022,51100720,,51
2022,50579455,,51
2022,50633129,,51
2022,50689484,,51
2022,50717782,,51
2022,47121831,,51
2022,50717783,,51
2022,50717784,,51
2022,47319967,,51
2022,50717785,,51
2022,50689489,,51
2022,50633130,,51
2022,50633131,,51
2022,50633132,,51
2022,50633133,,51
2022,50689382,,51
2022,50689383,,51
2022,50696237,,51
2022,48045601,,51
2022,47319968,,51
2022,47304041,,51
2022,50717786,,51
2022,50717787,,51
2022,47345529,,51
2022,47774812,,51
2022,47395343,,3
2022,48378330,,51
2022,47382654,,51
2022,50710788,,51
2022,50977621,,51
2022,47304043,,51
2022,47995479,,51
2022,47230774,,51
2022,47304045,,51
2022,47266282,,51
2022,47266283,,51
2022,47230779,,51
2022,50676998,,51
2022,47247533,,51
2022,50717788,,51
2022,50717789,,51
2022,49974128,,51
2022,47511673,,1
2022,47230781,,51
2022,48501882,,3
2022,48501883,,3
2022,48501884,,3
2022,48501885,,3
2022,48456048,,51
2022,50896542,,51
2022,48378332,,51
2022,50712171,,51
2022,50712172,,51
2022,47230782,,51
2022,50968682,,51
2022,50648768,,51
2022,47395347,,51
2022,47304051,,51
2022,47230783,,51
2022,50971319,,51
2022,50971320,,51
2022,50971321,,51
2022,50971322,,51
2022,50971323,,51
2022,50980447,,51
2022,50980448,,51
2022,50648769,,51
2022,47511674,,51
2022,47511675,,51
2022,47774813,,51
2022,47513030,,51
2022,48274523,,51
2022,50980449,,51
2022,50664362,,51
2022,47645119,,51
2022,48378333,,52
2022,51047292,,51
2022,51047293,,51
2022,51060474,,51
2022,50181631,,51
2022,47395349,,51
2022,50664363,,51
2022,47511677,,51
2022,47405656,,51
2022,47395352,,51
2022,47395353,,51
2022,47395354,,51
2022,47513032,,51
2022,47511679,,51
2022,47692831,,51
2022,50971308,,51
2022,50648773,,51
2022,50648774,,51
2022,47645120,,51
2022,47692832,,51
2022,51547784,,51
2022,47717431,,51
2022,49364063,,51
2022,47717433,,51
2022,50648775,,51
2022,47601282,,51
2022,49364064,,51
2022,50648776,,51
2022,49364066,,51
2022,49364067,,51
2022,49364068,,51
2022,47717435,,51
2022,47745377,,51
2022,47745378,,52
2022,48905396,,51
2022,47745379,,51
2022,49364069,,51
2022,48378334,,51
2022,47619242,,51
2022,49364070,,51
2022,51060476,,51
2022,50638249,,51
2022,47645125,,51
2022,48905397,,51
2022,47645126,,51
2022,47645127,,51
2022,47748791,,51
2022,47645128,,51
2022,48576933,,51
2022,48576934,,51
2022,51060479,,51
2022,51199063,,51
2022,51199064,,52
2022,51199065,,51
2022,51199066,,51
2022,51199067,,51
2022,51281209,,51
2022,51281210,,51
2022,51281211,,51
2022,51281212,,51
2022,51281213,,51
2022,51281214,,51
2022,51281215,,51
2022,51340673,,51
2022,51340674,,51
2022,51395243,,51
2022,51395244,,51
2022,51401401,,51
2022,50633261,,51
2022,47646255,,51
2022,47511686,,51
2022,47511687,,51
2022,47511688,,51
2022,50633262,,3
2022,47670242,,51
2022,47660844,,51
2022,47692836,,51
2022,47774818,,51
2022,47670243,,51
2022,47645135,,51
2022,48501889,,51
2022,47599963,,53
2022,51401402,,51
2022,51401403,,51
2022,51401404,,51
2022,51401405,,51
2022,51401406,,51
2022,51401407,,51
2022,51401408,,51
2022,51401409,,51
2022,51401410,,7
2022,51401411,,51
2022,51401412,,51
2022,51401413,,51
2022,51402214,,51
2022,51402215,,51
2022,51402216,,51
2022,51402217,,51
2022,51402218,,51
2022,51402219,,51
2022,51402220,,51
2022,51402221,,51
2022,51402222,,51
2022,51421062,,52
2022,47774820,,51
2022,50181694,,51
2022,50181695,,51
2022,47692838,,51
2022,48161519,,51
2022,48274527,,51
2022,47748792,,51
2022,47675678,,51
2022,48456050,,51
2022,48161521,,51
2022,48120991,,51
2022,47774821,,51
2022,50181733,,51
2022,47675681,,51
2022,51421063,,51
2022,48102093,,51
2022,51547785,,51
2022,48120992,,51
2022,47774822,,53
2022,51421065,,51
2022,48120993,,51
2022,48895083,,51
2022,47692840,,51
2022,50160546,,51
2022,48161522,,51
2022,48895084,,51
2022,47770642,,51
2022,47774823,,51
2022,48456052,,51
2022,48120995,,51
2022,51424373,,52
2022,51424374,,51
2022,51424375,,51
2022,45214238,,51
2022,48120996,,51
2022,50181752,,51
2022,48120997,,51
2022,47847270,,51
2022,50977622,,51
2022,50977623,,51
2022,48120998,,51
2022,48086602,,51
2022,47770644,,51
2022,50160547,,51
2022,48905400,,51
2022,50717790,,3
2022,50717791,,51
2022,49364071,,51
2022,50181765,,51
2022,48045605,,51
2022,47991098,,51
2022,51100721,,51
2022,48905401,,51
2022,47849329,,51
2022,47849330,,51
2022,47849331,,51
2022,48029067,,51
2022,49364072,,51
2022,48121000,,51
2022,50112253,,51
2022,47841643,,51
2022,48084422,,51
2022,48045607,,51
2022,48045608,,51
2022,50102566,,51
2022,48121001,,51
2022,51100722,,51
2022,48045610,,51
2022,47995492,,51
2022,48161523,,51
2022,48121002,,53
2022,48045611,,51
2022,50181854,,51
2022,50181878,,51
2022,48121003,,51
2022,48045612,,51
2022,48045613,,51
2022,49364073,,51
2022,49364074,,51
2022,49364075,,51
2022,48274530,,51
2022,50102568,,51
2022,50102569,,51
2022,49364078,,51
2022,50102570,,51
2022,49364080,,51
2022,45219114,,51
2022,45219734,,51
2022,45228072,,51
2022,45228074,,51
2022,50181911,,3
2022,50181912,,51
2022,49364083,,52
2022,49364084,,51
2022,45228075,,51
2022,48121006,,51
2022,49364085,,51
2022,45228076,,51
2022,45228077,,51
2022,45228078,,51
2022,45231477,,51
2022,45228080,,51
2022,45228652,,51
2022,45231478,,51
2022,45231479,,51
2022,45231480,,51
2022,45246818,,52
2022,45279555,,51
2022,45279556,,51
2022,45267608,,51
2022,45279557,,51
2022,45279558,,51
2022,45279559,,51
2022,45279560,,51
2022,45279561,,51
2022,45279562,,51
2022,45297113,,51
2022,45297114,,51
2022,45297115,,51
2022,46277812,,51
2022,45298083,,51
2022,48161532,,51
2022,48121007,,51
2022,45323143,,51
2022,45323144,,51
2022,46277813,,51
2022,45356015,,51
2022,45356016,,51
2022,51547786,,51
2022,45372296,,51
2022,48121008,,51
2022,45372297,,51
2022,45377973,,51
2022,48167106,,51
2022,48170829,,51
2022,48187406,,51
2022,48812693,,51
2022,48274534,,51
2022,48378337,,51
2022,48905406,,52
2022,48905408,,52
2022,48188325,,51
2022,50102574,,51
2022,45377974,,51
2022,45453238,,51
2022,45489060,,51
2022,45489061,,51
2022,45489064,,51
2022,45489066,,51
2022,45489067,,51
2022,45509299,,51
2022,45509300,,51
2022,45509301,,51
2022,45721376,,51
2022,45516721,,51
2022,45519133,,51
2022,45623019,,51
2022,45623020,,51
2022,45640173,,51
2022,45640177,,51
2022,45679535,,51
2022,45679536,,51
2022,45679537,,51
2022,45679538,,51
2022,45679539,,51
2022,45699845,,51
2022,45833772,,51
2022,45714304,,51
2022,45714305,,51
2022,45714306,,51
2022,45714307,,51
2022,45714308,,51
2022,46868687,,51
2022,45720977,,51
2022,45720978,,51
2022,45714309,,3
2022,48163097,,51
2022,45794529,,51
2022,45794530,,51
2022,45808198,,51
2022,45808201,,51
2022,45820162,,51
2022,45820163,,51
2022,45820164,,51
2022,45825510,,51
2022,45833774,,51
2022,45820165,,51
2022,45833776,,51
2022,45932431,,51
2022,45841150,,51
2022,45950884,,52
2022,45999732,,51
2022,48274536,,51
2022,48274537,,51
2022,48779659,,51
2022,48270859,,51
2022,50181940,,51
2022,48188327,,51
2022,50102577,,51
2022,48501896,,51
2022,48812696,,51
2022,46034006,,51
2022,48187413,,51
2022,50181965,,51
2022,50181966,,51
2022,48438208,,51
2022,48274539,,51
2022,48151496,,51
2022,48161541,,51
2022,48576937,,51
2022,48576938,,51
2022,48274540,,51
2022,48378339,,51
2022,51547787,,52
2022,50181985,,51
2022,46034011,,51
2022,46046623,,51
2022,48167107,,51
2022,48167108,,51
2022,49974129,,51
2022,46046626,,51
2022,48274542,,51
2022,48378341,,51
2022,50102582,,51
2022,48501899,,53
2022,50182031,,52
2022,48501900,,51
2022,48179263,,51
2022,48576939,,51
2022,48576940,,51
2022,48378342,,51
2022,48501903,,51
2022,48905409,,51
2022,48905410,,51
2022,50977624,,51
2022,50977625,,51
2022,50977626,,51
2022,48308045,,51
2022,48501904,,3
2022,46870289,,51
2022,46150796,,51
2022,48274545,,51
2022,46150797,,51
2022,46150798,,51
2022,50063050,,51
2022,48307341,,51
2022,49364086,,51
2022,48456064,,51
2022,46150799,,51
2022,50063051,,51
2022,50063052,,51
2022,48501906,,51
2022,50087996,,51
2022,46560854,,51
2022,47834450,,51
2022,46157399,,51
2022,46241510,,51
2022,50087997,,51
2022,50063053,,51
2022,49364087,,51
2022,48378344,,51
2022,48456066,,51
2022,48378345,,51
2022,48378346,,51
2022,48456067,,51
2022,48456068,,51
2022,48365954,,51
2022,50063054,,51
2022,49364089,,51
2022,48501908,,51
2022,46868688,,51
2022,46868689,,51
2022,46275355,,51
2022,46275356,,51
2022,46244955,,51
2022,46244956,,51
2022,46868690,,51
2022,46868691,,51
2022,46264927,,51
2022,46272141,,51
2022,46275357,,51
2022,46279625,,51
2022,46281705,,51
2022,46281706,,51
2022,46869726,,51
2022,46281708,,51
2022,46281709,,51
2022,46281710,,51
2022,46283372,,51
2022,46286602,,51
2022,46286603,,51
2022,46286604,,51
2022,46286605,,51
2022,46286606,,51
2022,46286607,,51
2022,46286608,,51
2022,46297041,,51
2022,50063056,,51
2022,50063057,,51
2022,48456071,,51
2022,48495353,,51
2022,48495354,,51
2022,48495355,,51
2022,48501909,,51
2022,48490894,,51
2022,49974130,,51
2022,49364090,,51
2022,48490895,,51
2022,50896544,,51
2022,46297042,,51
2022,46297043,,51
2022,46297044,,51
2022,46297045,,51
2022,46297046,,51
2022,46297047,,51
2022,46289677,,51
2022,46293661,,9
2022,47083752,,51
2022,47083753,,51
2022,46305945,,51
2022,46305946,,51
2022,46297529,,51
2022,46560855,,51
2022,46305948,,51
2022,46321868,,51
2022,46321869,,51
2022,46321870,,51
2022,46323823,,51
2022,46323824,,51
2022,46870290,,51
2022,46560856,,51
2022,46560857,,51
2022,46560858,,51
2022,46870291,,51
2022,46870292,,51
2022,50087998,,51
2022,48576941,,51
2022,48576942,,51
2022,48464509,,51
2022,48576943,,3
2022,51340604,,3
2022,51340605,,3
2022,51340606,,3
2022,46560859,,51
2022,51340607,,3
2022,46560860,,51
2022,48708110,,51
2022,48502804,,51
2022,48708111,,51
2022,46560861,,51
2022,46560862,,51
2022,51251924,,51
2022,46560863,,51
2022,48576947,,51
2022,46870293,,51
2022,48708112,,51
2022,50664365,,51
2022,49364091,,51
2022,48812697,,51
2022,48708113,,51
2022,48708114,,51
2022,48812698,,51
2022,46560864,,51
2022,46560865,,51
2022,46560866,,51
2022,46560867,,51
2022,46870294,,51
2022,48507365,,51
2022,48507366,,52
2022,49364092,,51
2022,48875416,,51
2022,48812699,,51
2022,49364093,,52
2022,48507367,,51
2022,48749298,,51
2022,48749299,,51
2022,49605538,,51
2022,49364095,,51
2022,50896545,,51
2022,50063058,,51
2022,51251925,,51
2022,49364096,,51
2022,48860753,,51
2022,48708115,,51
2022,50088000,,51
2022,50088001,,51
2022,48905411,,51
2022,48749300,,51
2022,50896547,,51
2022,49364097,,51
2022,48812700,,51
2022,48812701,,53
2022,46560868,,51
2022,46560869,,51
2022,47596300,,51
2022,49364098,,51
2022,48749304,,51
2022,48749305,,51
2022,49364099,,51
2022,49364100,,51
2022,48830819,,51
2022,48751131,,51
2022,48751132,,51
2022,48749308,,51
2022,46560870,,52
2022,46560871,,51
2022,46560872,,51
2022,46560873,,51
2022,46560874,,51
2022,51369778,,51
2022,46560876,,51
2022,48330569,,51
2022,46560877,,51
2022,46869727,,51
2022,46560878,,51
2022,46560879,,51
2022,46560880,,51
2022,46562711,,51
2022,46562712,,51
2022,46560881,,51
2022,46560882,,51
2022,46560883,,51
2022,46560884,,51
2022,46573629,,51
2022,46574295,,51
2022,46620770,,51
2022,46620771,,51
2022,46620772,,51
2022,48330570,,51
2022,46637413,,51
2022,46658038,,51
2022,50063059,,51
2022,46658039,,51
2022,48830820,,51
2022,46627547,,51
2022,51251926,,51
2022,48812703,,51
2022,46637414,,51
2022,46696989,,51
2022,51251927,,51
2022,48813222,,51
2022,48749311,,51
2022,49364101,,51
2022,46748513,,51
2022,50596178,,51
2022,48749312,,51
2022,50977632,,52
2022,48749313,,51
2022,46748514,,51
2022,46748516,,51
2022,48905412,,51
2022,46748517,,51
2022,48905413,,51
2022,46766019,,51
2022,49364103,,51
2022,48756354,,51
2022,46766020,,51
2022,46755838,,51
2022,48749314,,51
2022,49364104,,51
2022,46755839,,51
2022,46766022,,51
2022,50052778,,51
2022,46766023,,51
2022,46768940,,51
2022,49364105,,51
2022,46768941,,51
2022,46768942,,51
2022,46768943,,51
2022,48905414,,51
2022,46815774,,51
2022,46768944,,51
2022,50977633,,51
2022,46815775,,51
2022,46768945,,51
2022,48828499,,51
2022,48828500,,51
2022,51251928,,51
2022,50896548,,51
2022,50182070,,51
2022,48860757,,51
2022,48905416,,51
2022,50182102,,51
2022,50182104,,51
2022,48830822,,51
2022,48828501,,51
2022,49364109,,51
2022,49364110,,51
2022,46815776,,51
2022,46815777,,51
2022,46816264,,51
2022,46816265,,51
2022,46815778,,51
2022,46816266,,7
2022,47245077,,51
2022,47077978,,51
2022,47077979,,51
2022,46821110,,51
2022,46821111,,51
2022,46821112,,51
2022,46821113,,51
2022,46824411,,51
2022,46824412,,51
2022,46824413,,51
2022,46824414,,51
2022,46824415,,51
2022,46824416,,51
2022,46824417,,51
2022,46834227,,51
2022,50182169,,51
2022,50182170,,51
2022,50182171,,51
2022,49364111,,53
2022,50052781,,51
2022,50052782,,51
2022,50052783,,51
2022,46834228,,51
2022,46834229,,51
2022,46834230,,51
2022,46834239,,51
2022,46834240,,51
2022,46834241,,51
2022,46834242,,51
2022,46860577,,51
2022,46860578,,51
2022,46868692,,51
2022,46834243,,51
2022,46860579,,51
2022,46860580,,51
2022,46915150,,51
2022,46915151,,51
2022,46860582,,51
2022,46868693,,9
2022,46868694,,9
2022,50052784,,51
2022,46875696,,51
2022,46881910,,51
2022,46881911,,51
2022,46881912,,51
2022,47834451,,51
2022,50052785,,51
2022,46870295,,51
2022,49364117,,51
2022,46875697,,51
2022,46886719,,51
2022,47319975,,51
2022,49364118,,51
2022,46886720,,51
2022,49364119,,51
2022,50717794,,51
2022,46886721,,51
2022,46886722,,51
2022,49557912,,51
2022,50896550,,51
2022,49364122,,51
2022,46890431,,51
2022,50335557,,52
2022,46970211,,51
2022,46977890,,51
2022,46977891,,51
2022,46914490,,51
2022,46914491,,51
2022,46914492,,51
2022,47319976,,51
2022,46915152,,51
2022,46927863,,51
2022,46958014,,51
2022,46958015,,51
2022,46967309,,51
2022,46970212,,51
2022,46967310,,51
2022,46970213,,51
2022,46970214,,51
2022,46977892,,51
2022,46977893,,51
2022,46977894,,51
2022,46977895,,51
2022,46977896,,51
2022,46977897,,51
2022,46977898,,51
2022,46977899,,51
2022,46982191,,51
2022,46985373,,51
2022,46985374,,51
2022,47601297,,51
2022,47601298,,51
2022,47601299,,51
2022,46986307,,51
2022,46991842,,51
2022,46991843,,51
2022,46991844,,51
2022,46991845,,51
2022,46986308,,51
2022,46986309,,51
2022,46986310,,51
2022,46985375,,51
2022,46985376,,51
2022,46986311,,51
2022,46991846,,51
2022,47792524,,51
2022,47011635,,51
2022,46991848,,51
2022,46994576,,51
2022,46994577,,51
2022,46994578,,51
2022,46994580,,51
2022,46994581,,51
2022,47011637,,52
2022,47009773,,51
2022,47601300,,51
2022,47601301,,51
2022,47601302,,51
2022,47011639,,51
2022,47011640,,51
2022,46991849,,51
2022,47601303,,51
2022,47601304,,51
2022,47601305,,51
2022,47021829,,51
2022,47601306,,51
2022,47021830,,51
2022,49364124,,51
2022,47021831,,51
2022,51100727,,51
2022,47021834,,51
2022,49364125,,51
2022,47021835,,51
2022,47021836,,51
2022,47015420,,51
2022,48330571,,51
2022,47028646,,51
2022,50061184,,51
2022,49364127,,51
2022,49364128,,51
2022,49364129,,51
2022,49364130,,51
2022,47028647,,51
2022,50061185,,51
2022,49364132,,51
2022,49364135,,51
2022,50088002,,51
2022,47028648,,51
2022,47028649,,51
2022,47028650,,51
2022,50054719,,51
2022,49364137,,51
2022,47028651,,51
2022,47028653,,51
2022,47601307,,51
2022,47038052,,51
2022,47028655,,51
2022,47038054,,51
2022,47077980,,51
2022,47077983,,51
2022,47077984,,51
2022,47418480,,51
2022,50054720,,51
2022,50735276,,51
2022,47174050,,51
2022,47266294,,51
2022,47266295,,51
2022,47247546,,51
2022,47307283,,51
2022,47307284,,53
2022,47293276,,51
2022,47293278,,51
2022,47792525,,51
2022,47293280,,51
2022,47307285,,51
2022,47307286,,51
2022,47307287,,51
2022,47382685,,51
2022,47319977,,51
2022,47345589,,51
2022,49553588,,51
2022,47382686,,51
2022,47395378,,51
2022,47399932,,51
2022,50054721,,51
2022,47399933,,51
2022,47399934,,51
2022,47399935,,51
2022,47388107,,51
2022,49364140,,51
2022,49364141,,51
2022,49364142,,51
2022,49364143,,51
2022,49364144,,51
2022,49364145,,51
2022,49364146,,51
2022,49364147,,51
2022,49364148,,51
2022,49364149,,51
2022,49364150,,51
2022,51340609,,51
2022,49364152,,51
2022,47388109,,51
2022,47399936,,51
2022,47399937,,51
2022,47414531,,51
2022,47414532,,51
2022,47403114,,51
2022,47418481,,51
2022,47418482,,51
2022,47414533,,51
2022,47414534,,51
2022,47414535,,51
2022,47418483,,51
2022,47414536,,51
2022,47418484,,51
2022,47440434,,51
2022,47440435,,51
2022,47601308,,51
2022,47601309,,51
2022,47440436,,51
2022,47440437,,51
2022,50054722,,51
2022,47499465,,51
2022,47499466,,51
2022,51251929,,51
2022,47499467,,51
2022,47418485,,51
2022,47418486,,51
2022,50054723,,51
2022,49364155,,51
2022,49364156,,51
2022,49364157,,51
2022,49364158,,51
2022,49834584,,3
2022,49364159,,51
2022,49364160,,51
2022,47499468,,51
2022,47499469,,51
2022,47499470,,51
2022,47499471,,51
2022,47499472,,51
2022,47499473,,51
2022,47499474,,51
2022,47499475,,51
2022,47501557,,51
2022,47509516,,51
2022,50054724,,51
2022,47509517,,51
2022,47509518,,51
2022,51369779,,51
2022,47509519,,51
2022,47509520,,51
2022,47509521,,51
2022,47509522,,51
2022,47510078,,51
2022,50054725,,51
2022,50485428,,51
2022,49364163,,51
2022,51251930,,51
2022,49364165,,51
2022,49364166,,51
2022,49364167,,51
2022,50182230,,51
2022,50182245,,51
2022,49364169,,51
2022,49364170,,51
2022,49364171,,52
2022,50596179,,51
2022,47510079,,51
2022,47509523,,51
2022,47511702,,51
2022,47513093,,51
2022,47513095,,51
2022,47513096,,51
2022,47513097,,51
2022,47513098,,51
2022,47511703,,51
2022,47513099,,51
2022,47513102,,51
2022,47513103,,51
2022,47559890,,51
2022,47514306,,51
2022,47514311,,51
2022,47514312,,51
2022,47559894,,51
2022,47559897,,51
2022,49361008,,51
2022,47559898,,51
2022,47596301,,51
2022,47596302,,51
2022,47596303,,51
2022,47596304,,51
2022,47596305,,51
2022,47619257,,51
2022,47619258,,51
2022,47660850,,51
2022,47660851,,51
2022,47601310,,51
2022,47601311,,51
2022,47601312,,51
2022,47616008,,51
2022,47619259,,51
2022,47619260,,51
2022,47645144,,51
2022,47646274,,51
2022,47646275,,51
2022,47660852,,51
2022,47660853,,51
2022,47660854,,51
2022,47675701,,51
2022,47834452,,51
2022,47670319,,51
2022,47670320,,51
2022,47670321,,51
2022,47670322,,51
2022,47718232,,51
2022,47670323,,51
2022,47670324,,51
2022,47670325,,51
2022,47670326,,51
2022,47674864,,51
2022,47697355,,51
2022,47670327,,51
2022,47743419,,51
2022,47674865,,51
2022,47675702,,51
2022,47675703,,51
2022,47834453,,51
2022,47675704,,51
2022,47675705,,51
2022,47675706,,51
2022,47681585,,51
2022,47685118,,3
2022,47685119,,3
2022,47681586,,51
2022,47681587,,51
2022,47681588,,51
2022,47681589,,51
2022,47685120,,51
2022,47697356,,51
2022,47697357,,51
2022,47697360,,51
2022,47697362,,51
2022,47697363,,51
2022,47717502,,51
2022,50054729,,51
2022,49834585,,51
2022,49364175,,51
2022,49364176,,51
2022,50485429,,51
2022,49364177,,51
2022,49834586,,51
2022,47697364,,51
2022,47697365,,51
2022,47717506,,51
2022,47717507,,51
2022,47717508,,51
2022,48132844,,51
2022,50054730,,51
2022,49364179,,51
2022,49605539,,51
2022,49364180,,51
2022,49364181,,51
2022,49364182,,52
2022,47718233,,51
2022,47745398,,51
2022,48134779,,51
2022,50633263,,51
2022,50633264,,51
2022,49553057,,51
2022,47718234,,51
2022,47718235,,51
2022,47774848,,51
2022,47745399,,51
2022,49553058,,51
2022,47747281,,51
2022,48086616,,51
2022,50054733,,51
2022,50896552,,51
2022,49364184,,53
2022,47748798,,6
2022,47748799,,51
2022,47774849,,51
2022,47776603,,51
2022,47776604,,51
2022,47776605,,51
2022,47776607,,51
2022,47834920,,51
2022,47792526,,51
2022,47806705,,51
2022,49553589,,51
2022,47834454,,51
2022,47834455,,51
2022,47834921,,51
2022,47847291,,51
2022,50054734,,51
2022,50054735,,51
2022,51100728,,51
2022,51100729,,51
2022,51100730,,51
2022,51100731,,51
2022,50182286,,51
2022,49605541,,51
2022,49364187,,51
2022,50977638,,51
2022,50977639,,51
2022,50977640,,51
2022,49605542,,51
2022,49834591,,51
2022,49605543,,51
2022,49605544,,51
2022,49364188,,51
2022,49605545,,51
2022,49666573,,51
2022,49364189,,51
2022,50977641,,51
2022,48330572,,51
2022,47849350,,51
2022,47849351,,51
2022,47849352,,51
2022,47849353,,51
2022,47849354,,51
2022,47849355,,51
2022,48024509,,51
2022,48041208,,51
2022,50054741,,51
2022,49605547,,51
2022,51251931,,51
2022,51251932,,51
2022,50896553,,51
2022,49557891,,51
2022,48043300,,51
2022,50054745,,3
2022,48045625,,51
2022,50054746,,3
2022,51251933,,51
2022,50517117,,51
2022,50485431,,51
2022,51547788,,51
2022,49605549,,51
2022,50061188,,52
2022,50517118,,51
2022,50485432,,51
2022,50061189,,51
2022,49605550,,51
2022,49605551,,51
2022,49557897,,51
2022,49557898,,51
2022,51340611,,51
2022,49557899,,51
2022,49364201,,51
2022,49666574,,51
2022,50516050,,51
2022,50485433,,53
2022,49557901,,51
2022,49557902,,51
2022,49557903,,51
2022,49557904,,51
2022,51547789,,51
2022,48070517,,51
2022,50516051,,51
2022,49557907,,51
2022,48029083,,51
2022,50052788,,51
2022,50977645,,51
2022,49557908,,51
2022,50485434,,51
2022,50485435,,51
2022,50485436,,51
2022,50516052,,51
2022,50844885,,51
2022,50052789,,51
2022,49666577,,51
2022,49605554,,51
2022,50485437,,51
2022,48041209,,51
2022,50633267,,52
2022,50485438,,51
2022,50485439,,51
2022,48041210,,51
2022,50043849,,51
2022,49834595,,51
2022,49666580,,51
2022,51100736,,51
2022,50516054,,51
2022,48041211,,51
2022,48041212,,51
2022,50043850,,51
2022,49666581,,51
2022,48048373,,51
2022,51251934,,51
2022,49666582,,51
2022,49666583,,51
2022,50896556,,51
2022,48043301,,51
2022,49553590,,51
2022,48070518,,51
2022,48084441,,51
2022,50052790,,51
2022,48086617,,51
2022,48102101,,51
2022,50664370,,51
2022,48096277,,51
2022,49974143,,51
2022,50664371,,51
2022,48096278,,51
2022,50052792,,51
2022,48102102,,51
2022,48134780,,51
2022,48134782,,51
2022,48134784,,52
2022,48151513,,51
2022,48144182,,51
2022,48144183,,51
2022,48144184,,51
2022,48144185,,51
2022,48156339,,51
2022,48187482,,51
2022,48187483,,51
2022,48187484,,51
2022,48170837,,51
2022,48280556,,51
2022,48270871,,51
2022,48270872,,51
2022,48270873,,51
2022,48270874,,51
2022,48270875,,51
2022,48270876,,51
2022,48280557,,51
2022,48270877,,51
2022,48270878,,51
2022,48270879,,51
2022,48270880,,51
2022,48280558,,51
2022,48280559,,51
2022,48571289,,51
2022,48280561,,51
2022,48280562,,51
2022,48280563,,51
2022,48307344,,51
2022,48307345,,51
2022,50315117,,51
2022,48308051,,51
2022,48308052,,51
2022,48308053,,51
2022,48308054,,51
2022,48308055,,51
2022,48308056,,51
2022,48308057,,51
2022,48330573,,51
2022,48330574,,51
2022,48330575,,51
2022,48330576,,51
2022,48330577,,51
2022,48331398,,51
2022,48348595,,51
2022,48331399,,51
2022,48331400,,51
2022,48426880,,51
2022,48432861,,51
2022,48432863,,51
2022,48432866,,51
2022,45323784,,3
2022,45297102,,51
2022,45326983,,51
2022,45326984,,51
2022,45326985,,51
2022,45326986,,51
2022,45326987,,51
2022,45297103,,51
2022,45355990,,3
2022,45492130,,51
2022,45492131,,51
2022,45640107,,53
2022,45679515,,51
2022,45679516,,1
2022,45297104,,51
2022,48457325,,51
2022,48366094,,51
2022,48366095,,51
2022,48366096,,51
2022,48647394,,51
2022,48382840,,51
2022,48426881,,51
2022,48426882,,51
2022,48438219,,51
2022,48463582,,51
2022,48463583,,51
2022,48463584,,51
2022,48501932,,51
2022,48464524,,51
2022,48498247,,51
2022,48498248,,51
2022,48464525,,51
2022,48498249,,51
2022,48502815,,51
2022,48498250,,51
2022,48498251,,51
2022,48501933,,51
2022,48502816,,51
2022,48498252,,51
2022,48507369,,51
2022,45453230,,51
2022,45453231,,52
2022,45453232,,51
2022,45560218,,52
2022,45626174,,51
2022,45653951,,51
2022,45653952,,51
2022,45653954,,2
2022,45679517,,51
2022,45679518,,51
2022,45679519,,51
2022,45679520,,51
2022,45712567,,51
2022,45794505,,51
2022,45813296,,51
2022,45813297,,51
2022,45829631,,51
2022,48502817,,51
2022,48647395,,51
2022,48502818,,51
2022,48507370,,51
2022,45932386,,51
2022,48507371,,51
2022,45947047,,51
2022,48539812,,51
2022,48539813,,51
2022,48564884,,51
2022,48571290,,51
2022,48571291,,51
2022,48571292,,51
2022,48571294,,51
2022,48576978,,51
2022,48576979,,51
2022,48576980,,51
2022,48577681,,51
2022,48576981,,51
2022,48905451,,51
2022,48577682,,51
2022,48581079,,51
2022,48581080,,51
2022,49547811,,51
2022,48581872,,51
2022,48581873,,51
2022,48581874,,51
2022,48581875,,51
2022,48626233,,51
2022,48626234,,51
2022,48647396,,51
2022,48647397,,51
2022,48581876,,51
2022,48581877,,51
2022,48647398,,51
2022,48647399,,51
2022,48647400,,51
2022,48647401,,51
2022,51468969,,51
2022,48647405,,51
2022,48647407,,51
2022,48647410,,51
2022,48654033,,51
2022,49547812,,51
2022,48654034,,51
2022,49361009,,51
2022,48647413,,51
2022,48708125,,51
2022,45999713,,51
2022,45999714,,51
2022,49361010,,51
2022,49607591,,51
2022,48708126,,51
2022,48708127,,51
2022,48708128,,51
2022,48709217,,51
2022,48741881,,51
2022,48749334,,51
2022,48751176,,51
2022,48755506,,51
2022,48755507,,51
2022,48756362,,51
2022,48756363,,51
2022,48756364,,51
2022,48756365,,51
2022,48755508,,51
2022,48755509,,51
2022,48762858,,51
2022,48762859,,51
2022,48762860,,51
2022,48812717,,51
2022,49557913,,51
2022,48795164,,51
2022,48795165,,51
2022,48809169,,51
2022,48830826,,51
2022,48813233,,51
2022,48813234,,51
2022,48813235,,51
2022,48813236,,51
2022,48830827,,51
2022,48875427,,51
2022,48875428,,51
2022,48830828,,51
2022,48830829,,51
2022,48838754,,51
2022,48838755,,51
2022,48839382,,51
2022,49361011,,51
2022,49361012,,51
2022,48839384,,51
2022,48875429,,51
2022,48875430,,51
2022,48875431,,51
2022,48875432,,51
2022,48875433,,51
2022,48875434,,51
2022,46021617,,51
2022,48875435,,51
2022,48895097,,51
2022,48895098,,51
2022,48898828,,51
2022,48898829,,51
2022,48905452,,51
2022,48905453,,51
2022,48905455,,51
2022,48905456,,51
2022,48914006,,51
2022,48942286,,51
2022,46271464,,51
2022,46280911,,51
2022,46280912,,51
2022,46280913,,3
2022,46280914,,51
2022,46280915,,51
2022,46282377,,51
2022,48942287,,51
2022,48942288,,51
2022,48986018,,51
2022,46305934,,51
2022,46305935,,51
2022,46321859,,51
2022,46321860,,51
2022,46560271,,51
2022,48986020,,51
2022,48986022,,51
2022,48986023,,51
2022,48986024,,51
2022,49361013,,51
2022,49361014,,51
2022,49361015,,51
2022,50212795,,51
2022,49547813,,51
2022,49557914,,51
2022,49361017,,51
2022,49361018,,51
2022,49361019,,51
2022,49361020,,51
2022,49361021,,51
2022,49361022,,51
2022,49361023,,51
2022,49361024,,51
2022,49361025,,51
2022,49361026,,51
2022,49361027,,51
2022,49361028,,51
2022,49361029,,51
2022,49361031,,51
2022,50735277,,51
2022,49361032,,51
2022,49361033,,51
2022,49361034,,51
2022,51369780,,51
2022,46560272,,51
2022,51369781,,51
2022,49361035,,51
2022,46560274,,52
2022,49361036,,51
2022,46560275,,51
2022,49547814,,51
2022,49361037,,51
2022,46560276,,3
2022,46560278,,51
2022,49361038,,51
2022,49361039,,51
2022,49361041,,51
2022,49361042,,51
2022,49361043,,51
2022,49361044,,51
2022,49361045,,51
2022,49361046,,51
2022,49361047,,52
2022,49361048,,51
2022,49361049,,51
2022,49361050,,51
2022,49361051,,51
2022,49361052,,51
2022,49361053,,51
2022,49361054,,51
2022,49361055,,51
2022,49361056,,51
2022,49361057,,51
2022,49558199,,51
2022,49361059,,51
2022,49361060,,51
2022,49361061,,51
2022,50336565,,51
2022,49361062,,51
2022,49361063,,51
2022,49361064,,51
2022,49361065,,51
2022,49361066,,51
2022,49361067,,51
2022,49361068,,51
2022,46560279,,51
2022,46658028,,51
2022,46683225,,51
2022,46683226,,51
2022,46696970,,51
2022,46815227,,51
2022,46815228,,51
2022,46815762,,51
2022,46824393,,51
2022,46824394,,51
2022,46824395,,51
2022,49361069,,51
2022,49361070,,51
2022,49361071,,51
2022,49361072,,51
2022,50236715,,51
2022,50848141,,51
2022,50735278,,51
2022,49361073,,51
2022,49361074,,51
2022,51369782,,51
2022,49454863,,51
2022,51369783,,51
2022,49454864,,51
2022,49464613,,51
2022,49464614,,51
2022,49464615,,51
2022,49466071,,51
2022,49466072,,51
2022,49466073,,51
2022,49539984,,51
2022,49539985,,51
2022,49466074,,51
2022,49547815,,51
2022,49547816,,51
2022,49547817,,51
2022,49575609,,51
2022,49575610,,51
2022,49890126,,51
2022,49890127,,51
2022,49890128,,51
2022,46832765,,51
2022,46832766,,1
2022,46832767,,51
2022,46868670,,51
2022,46881882,,51
2022,46881883,,51
2022,46881884,,51
2022,46881885,,51
2022,46881886,,51
2022,46881887,,51
2022,46881888,,51
2022,46881889,,51
2022,46890425,,52
2022,46885813,,51
2022,46914486,,51
2022,46914487,,51
2022,46933176,,52
2022,46937900,,51
2022,46985363,,51
2022,46985364,,51
2022,46991824,,51
2022,46991825,,52
2022,46991826,,51
2022,47038031,,3
2022,47038032,,51
2022,47038033,,9
2022,47038036,,51
2022,47081354,,51
2022,47159204,,51
2022,49575611,,51
2022,47159205,,51
2022,47161443,,53
2022,47174038,,51
2022,49575612,,51
2022,47174039,,51
2022,49588327,,51
2022,47174040,,51
2022,49588328,,51
2022,47232366,,51
2022,49588329,,51
2022,49592774,,51
2022,49592775,,51
2022,49592776,,51
2022,49592777,,51
2022,49592778,,51
2022,50735279,,51
2022,49592779,,51
2022,49593610,,51
2022,50623394,,51
2022,49605556,,51
2022,49607592,,51
2022,49592780,,51
2022,49609885,,51
2022,49624885,,51
2022,49626634,,51
2022,49626635,,51
2022,50735280,,51
2022,49634441,,51
2022,49626636,,51
2022,49626637,,51
2022,49636802,,52
2022,49634442,,51
2022,49634443,,51
2022,49685619,,51
2022,50735281,,51
2022,50735282,,51
2022,49688065,,51
2022,47559858,,51
2022,47399919,,51
2022,47559859,,51
2022,47599964,,51
2022,47601285,,51
2022,47601286,,51
2022,47645137,,9
2022,47646257,,51
2022,47646258,,51
2022,47646259,,51
2022,47670245,,52
2022,47674853,,51
2022,47674854,,51
2022,47717448,,51
2022,47717452,,51
2022,47717459,,51
2022,47717460,,51
2022,47718228,,51
2022,47718229,,51
2022,47718230,,51
2022,47743416,,51
2022,47774827,,51
2022,47774828,,51
2022,47787181,,51
2022,47834430,,51
2022,47834431,,51
2022,47834432,,51
2022,47834913,,51
2022,47991584,,51
2022,49688066,,51
2022,49688067,,51
2022,48043873,,51
2022,49751109,,51
2022,49688068,,51
2022,49751110,,51
2022,49751111,,51
2022,49766692,,51
2022,48045615,,51
2022,48045616,,51
2022,48045617,,51
2022,48142957,,51
2022,49766693,,51
2022,49766694,,51
2022,48142958,,51
2022,48151500,,51
2022,48151501,,51
2022,48151503,,3
2022,49768987,,51
2022,49768988,,3
2022,48167111,,51
2022,49768989,,51
2022,50336566,,51
2022,49827897,,51
2022,49827898,,51
2022,50212806,,51
2022,49830550,,51
2022,49830551,,51
2022,49830557,,51
2022,49830560,,51
2022,49837911,,51
2022,49890129,,51
2022,49837912,,51
2022,49896605,,51
2022,50633139,,51
2022,49896606,,51
2022,49885225,,51
2022,50236716,,51
2022,50667547,,51
2022,49885226,,51
2022,49885228,,51
2022,49888765,,51
2022,49888766,,51
2022,49888767,,51
2022,49890130,,51
2022,49896607,,51
2022,49896716,,51
2022,49896717,,51
2022,49896718,,51
2022,49896719,,51
2022,48307346,,51
2022,48167112,,51
2022,48167113,,51
2022,48167114,,51
2022,48167115,,51
2022,48178035,,51
2022,48178036,,51
2022,48178037,,51
2022,48188329,,51
2022,48188330,,51
2022,48188331,,51
2022,48188332,,53
2022,48188334,,51
2022,48188335,,51
2022,48188336,,51
2022,48261283,,51
2022,48270861,,51
2022,48270862,,51
2022,48270863,,51
2022,48378347,,51
2022,48378349,,51
2022,48379026,,51
2022,48379027,,51
2022,48379028,,51
2022,48415566,,51
2022,48415568,,52
2022,48415569,,51
2022,48415575,,51
2022,48426866,,51
2022,48426867,,51
2022,48490896,,52
2022,48490897,,51
2022,48490898,,51
2022,48490899,,51
2022,48491827,,51
2022,48491830,,51
2022,48495357,,51
2022,48495358,,52
2022,48576956,,52
2022,48576957,,51
2022,48762770,,3
2022,48307347,,51
2022,48762771,,51
2022,48779664,,51
2022,48779665,,51
2022,48307348,,51
2022,48307349,,51
2022,48795114,,51
2022,48905420,,51
2022,49359806,,51
2022,49359807,,51
2022,48307350,,51
2022,49359808,,51
2022,49359809,,51
2022,48307351,,51
2022,51402227,,51
2022,49359810,,51
2022,48307352,,51
2022,49359811,,51
2022,48307353,,51
2022,49359812,,51
2022,48307354,,51
2022,49359813,,51
2022,49359814,,51
2022,49359815,,51
2022,49359816,,51
2022,49359817,,51
2022,49359819,,51
2022,49359820,,51
2022,49359821,,51
2022,49359822,,51
2022,49359823,,51
2022,49359824,,51
2022,49359825,,51
2022,49359826,,51
2022,49359827,,51
2022,49359828,,51
2022,49359829,,51
2022,49359830,,51
2022,49359831,,51
2022,49359832,,51
2022,49359833,,51
2022,49429719,,51
2022,49464598,,51
2022,49539980,,51
2022,49539981,,51
2022,49575585,,51
2022,49609882,,51
2022,49609883,,51
2022,48307355,,51
2022,48307356,,51
2022,48307357,,51
2022,48307358,,51
2022,48307359,,51
2022,48307360,,51
2022,48307361,,51
2022,48307362,,51
2022,48307363,,51
2022,48307364,,51
2022,48307365,,51
2022,48307366,,51
2022,48307367,,51
2022,48307368,,51
2022,48307369,,51
2022,48307370,,51
2022,48516088,,51
2022,48581879,,51
2022,48762407,,51
2022,48835358,,51
2022,48895099,,51
2022,48946930,,51
2022,49361114,,1
2022,49588330,,51
2022,49588331,,51
2022,49588332,,51
2022,49361194,,51
2022,48114518,,51
2022,46834127,,51
2022,45006145,,51
2022,45343473,,51
2022,46834128,,51
2022,48114519,,51
2022,48114520,,51
2022,47665969,,51
2022,45033905,,51
2022,45088501,,51
2022,45088502,,51
2022,45088503,,51
2022,48749315,,51
2022,45326508,,51
2022,48139911,,51
2022,45230381,,51
2022,47665970,,51
2022,47665971,,51
2022,47665972,,51
2022,48139912,,51
2022,46021618,,51
2022,45225238,,51
2022,46860564,,51
2022,46834129,,51
2022,45271610,,51
2022,48139913,,51
2022,45272585,,51
2022,48139914,,51
2022,48139915,,51
2022,45271816,,51
2022,48139916,,51
2022,45321081,,51
2022,45445671,,51
2022,49359846,,51
2022,45326988,,51
2022,49359847,,51
2022,49359848,,51
2022,49359849,,51
2022,48139917,,51
2022,51052114,,51
2022,49359850,,51
2022,49359852,,51
2022,49359853,,51
2022,49359854,,51
2022,49359855,,51
2022,49359856,,51
2022,49359857,,51
2022,49359858,,51
2022,49359859,,51
2022,49359860,,51
2022,49359861,,51
2022,49359862,,51
2022,49359863,,51
2022,49359864,,51
2022,49359865,,51
2022,49359866,,51
2022,49359867,,51
2022,49359868,,51
2022,49359869,,51
2022,49359870,,3
2022,49558192,,51
2022,49834499,,51
2022,50516065,,51
2022,49957918,,51
2022,45445672,,5
2022,48139918,,51
2022,49553054,,51
2022,49553055,,51
2022,46269272,,51
2022,49560030,,3
2022,49560031,,3
2022,49560032,,3
2022,48139919,,51
2022,48139920,,51
2022,48139921,,51
2022,49571163,,51
2022,49563343,,51
2022,49607585,,51
2022,49607586,,51
2022,49607587,,51
2022,49609647,,51
2022,49612795,,51
2022,49632870,,51
2022,50102583,,51
2022,45499456,,51
2022,45813298,,51
2022,45634469,,51
2022,45522381,,51
2022,45524517,,52
2022,48139922,,51
2022,45645572,,51
2022,48139923,,51
2022,45962661,,51
2022,46288106,,51
2022,47245068,,51
2022,45698216,,51
2022,45813299,,51
2022,45764285,,51
2022,46350136,,3
2022,48463565,,51
2022,45813300,,51
2022,48139924,,51
2022,45751369,,51
2022,45813301,,51
2022,45923642,,51
2022,45923643,,51
2022,45923644,,51
2022,45923645,,51
2022,45805855,,51
2022,46293125,,51
2022,48139925,,51
2022,48139926,,51
2022,45932387,,51
2022,45947048,,51
2022,46295503,,51
2022,48139927,,51
2022,46150774,,51
2022,48144186,,51
2022,48147326,,51
2022,45958600,,51
2022,46560299,,51
2022,46150775,,51
2022,46150776,,51
2022,46033980,,51
2022,46282378,,51
2022,48147327,,51
2022,46075024,,51
2022,46252036,,51
2022,46244942,,51
2022,46560300,,51
2022,46269273,,51
2022,46275319,,51
2022,46277473,,51
2022,46281568,,51
2022,46281569,,51
2022,46285539,,51
2022,46293126,,51
2022,47806675,,51
2022,46560301,,51
2022,46560302,,51
2022,46286588,,51
2022,46560303,,51
2022,46286589,,51
2022,47991585,,51
2022,46350137,,52
2022,46301010,,51
2022,46967297,,51
2022,46560304,,51
2022,46560305,,51
2022,46560306,,51
2022,46560307,,51
2022,46560308,,51
2022,46587355,,51
2022,46560309,,51
2022,46560310,,51
2022,46560311,,5
2022,46560312,,51
2022,48147328,,51
2022,46560313,,51
2022,46629704,,51
2022,46560314,,51
2022,46560315,,51
2022,46560316,,51
2022,46560317,,51
2022,47121834,,51
2022,46560318,,51
2022,46560319,,51
2022,46560320,,51
2022,46616757,,51
2022,46576078,,51
2022,46576079,,51
2022,46596072,,51
2022,46596073,,51
2022,46953614,,51
2022,46953615,,51
2022,46915136,,51
2022,46629706,,51
2022,46629707,,9
2022,46640278,,51
2022,46663998,,51
2022,46821099,,51
2022,46696971,,51
2022,46696972,,3
2022,46742523,,51
2022,46881890,,51
2022,46821100,,53
2022,46821101,,51
2022,48147329,,51
2022,46985365,,51
2022,46874872,,51
2022,46881891,,51
2022,46953616,,51
2022,46881892,,9
2022,46916880,,51
2022,46886715,,51
2022,46915137,,51
2022,46915138,,51
2022,46915139,,51
2022,46953617,,51
2022,46957177,,51
2022,46916881,,51
2022,46957178,,51
2022,46957179,,51
2022,46964752,,51
2022,46970182,,51
2022,46977876,,51
2022,46988561,,51
2022,47077942,,51
2022,47081355,,51
2022,47194048,,51
2022,47159206,,51
2022,47159207,,51
2022,47161444,,51
2022,47171809,,51
2022,47245069,,51
2022,47245070,,51
2022,47195356,,51
2022,47991586,,51
2022,47261709,,51
2022,47674855,,51
2022,47261710,,51
2022,47674856,,3
2022,47395363,,51
2022,48147330,,51
2022,48147331,,51
2022,47376565,,51
2022,47376567,,51
2022,47646260,,51
2022,47434362,,51
2022,47434363,,51
2022,47434364,,51
2022,47434366,,51
2022,47434367,,51
2022,47509511,,51
2022,47554469,,51
2022,47554470,,51
2022,47645138,,51
2022,47554477,,51
2022,47596134,,51
2022,47601287,,51
2022,47646261,,51
2022,47615992,,51
2022,47645139,,51
2022,47646262,,51
2022,47743417,,51
2022,47670246,,51
2022,47670247,,51
2022,49896720,,51
2022,48170839,,51
2022,48176709,,52
2022,47681559,,51
2022,49632871,,51
2022,49632872,,51
2022,47787182,,51
2022,47806676,,51
2022,48028114,,51
2022,47721535,,51
2022,47748793,,51
2022,47774830,,51
2022,48084425,,51
2022,47806680,,53
2022,47991587,,51
2022,47864968,,51
2022,47864969,,51
2022,49609648,,51
2022,49609649,,51
2022,47834914,,51
2022,48084426,,51
2022,48176710,,51
2022,48176711,,51
2022,48176712,,51
2022,48176713,,51
2022,48177373,,51
2022,48177374,,51
2022,49361195,,51
2022,49361196,,51
2022,49361197,,51
2022,49361198,,51
2022,49361199,,51
2022,48498254,,51
2022,48498255,,51
2022,48498256,,51
2022,48498257,,51
2022,48498258,,51
2022,48498259,,51
2022,48498260,,51
2022,48498261,,51
2022,48498262,,51
2022,48498263,,51
2022,49361200,,51
2022,48096252,,51
2022,48021780,,51
2022,48024495,,51
2022,48043282,,51
2022,48024496,,51
2022,49359872,,51
2022,49359873,,51
2022,49361201,,51
2022,49361202,,51
2022,48810601,,51
2022,48810602,,51
2022,48943932,,51
2022,48943933,,51
2022,48943934,,51
2022,50476517,,52
2022,48041197,,3
2022,48041198,,3
2022,48041199,,51
2022,48943935,,51
2022,49361203,,51
2022,49361204,,51
2022,49361205,,51
2022,49971864,,51
2022,48069728,,51
2022,48073720,,51
2022,49361206,,51
2022,49971866,,51
2022,48073721,,51
2022,48121010,,51
2022,48365955,,51
2022,48365956,,51
2022,49666587,,51
2022,49971870,,51
2022,48142959,,51
2022,48177199,,51
2022,48170833,,51
2022,48501917,,51
2022,48176533,,52
2022,48177200,,51
2022,49971871,,51
2022,49971872,,51
2022,48274546,,51
2022,48348501,,51
2022,48307342,,51
2022,48505874,,51
2022,48378350,,3
2022,48463566,,51
2022,48463567,,51
2022,48498238,,51
2022,48498239,,51
2022,49971873,,51
2022,48505875,,51
2022,48505876,,51
2022,49971877,,51
2022,48505877,,51
2022,48749316,,51
2022,50523785,,51
2022,48749317,,51
2022,48539802,,51
2022,47665973,,51
2022,48749318,,51
2022,48749319,,51
2022,49359874,,51
2022,48755449,,51
2022,48761113,,51
2022,48860760,,51
2022,49834500,,51
2022,48875418,,51
2022,48905421,,52
2022,48979155,,51
2022,48979156,,51
2022,48979157,,51
2022,49359875,,51
2022,49359876,,51
2022,49359877,,51
2022,49885219,,51
2022,49359878,,51
2022,49359879,,51
2022,49359880,,52
2022,49359881,,3
2022,49359882,,51
2022,49359883,,51
2022,49560033,,51
2022,48478162,,51
2022,50013394,,51
2022,48491831,,51
2022,48491832,,51
2022,50013395,,51
2022,50017940,,51
2022,49360114,,51
2022,50013396,,51
2022,50013397,,51
2022,45038916,,51
2022,45751370,,51
2022,46288107,,9
2022,46352793,,51
2022,46352794,,51
2022,46560689,,51
2022,47093825,,51
2022,47093826,,51
2022,46832768,,51
2022,48167116,,51
2022,48167117,,51
2022,48708117,,51
2022,50248965,,51
2022,50579427,,51
2022,49360755,,51
2022,50579428,,51
2022,49977775,,51
2022,50249911,,51
2022,49360188,,51
2022,49454860,,51
2022,49454861,,51
2022,49459767,,51
2022,49459768,,51
2022,49459769,,51
2022,49459770,,51
2022,49459771,,51
2022,49459772,,51
2022,49459773,,51
2022,49459774,,51
2022,49459775,,51
2022,49459776,,51
2022,49575586,,51
2022,49575587,,51
2022,49575588,,51
2022,49575589,,51
2022,49579635,,51
2022,49611032,,51
2022,48379029,,51
2022,48379030,,51
2022,48432781,,51
2022,48379031,,51
2022,48379032,,51
2022,48379033,,51
2022,48379034,,51
2022,48457318,,51
2022,48457319,,51
2022,48457320,,51
2022,48457321,,51
2022,48457322,,51
2022,48463568,,51
2022,48464512,,51
2022,48464513,,51
2022,48464515,,51
2022,47665974,,51
2022,50499169,,51
2022,47665975,,51
2022,47665976,,51
2022,47665977,,51
2022,50631261,,51
2022,50516067,,51
2022,50516068,,51
2022,48795117,,51
2022,48795118,,51
2022,50499170,,51
2022,50499171,,51
2022,48795120,,51
2022,50516069,,51
2022,48830823,,51
2022,50499172,,51
2022,50516070,,51
2022,50516071,,51
2022,49790616,,51
2022,49790617,,51
2022,49790618,,51
2022,49790619,,51
2022,49790620,,51
2022,48795129,,51
2022,49360406,,51
2022,50516072,,51
2022,50516073,,51
2022,50579429,,51
2022,50579430,,51
2022,50600599,,51
2022,50579431,,51
2022,50648736,,51
2022,50648737,,51
2022,50631262,,51
2022,50579432,,51
2022,50579433,,51
2022,50579434,,51
2022,49363249,,51
2022,50014217,,51
2022,50579435,,51
2022,50579436,,51
2022,50707053,,51
2022,50600601,,51
2022,50735254,,51
2022,45267609,,51
2022,50736771,,51
2022,50579437,,51
2022,50977685,,51
2022,50977686,,51
2022,50977687,,51
2022,51027180,,51
2022,51027181,,51
2022,51027183,,51
2022,51027184,,51
2022,51027185,,51
2022,51027188,,51
2022,51027189,,51
2022,45263016,,51
2022,45263017,,51
2022,45263018,,51
2022,45720979,,51
2022,45720980,,51
2022,45721378,,51
2022,45721379,,51
2022,45721380,,51
2022,46616773,,51
2022,45535257,,51
2022,51097038,,51
2022,51027191,,51
2022,45594259,,51
2022,45999734,,51
2022,51027192,,51
2022,45999735,,51
2022,51027194,,51
2022,45712568,,51
2022,46562038,,51
2022,46562039,,51
2022,46562040,,51
2022,45947052,,51
2022,51051646,,51
2022,51051647,,51
2022,46562041,,51
2022,46305951,,51
2022,46637520,,51
2022,46562042,,51
2022,46562043,,51
2022,46907949,,51
2022,46623272,,51
2022,47266296,,51
2022,46967336,,51
2022,46755845,,51
2022,46967337,,51
2022,46977926,,51
2022,46869728,,51
2022,46885815,,51
2022,47814881,,51
2022,51121682,,51
2022,51027196,,51
2022,51027198,,51
2022,51027199,,51
2022,51027202,,51
2022,51051648,,51
2022,51027203,,51
2022,51027206,,51
2022,46982209,,51
2022,47093833,,51
2022,50675577,,51
2022,51097040,,51
2022,51027208,,51
2022,51027209,,51
2022,50675578,,51
2022,47173692,,51
2022,47173693,,51
2022,47121838,,51
2022,47216218,,51
2022,47216219,,51
2022,47216220,,51
2022,47216221,,51
2022,47331453,,51
2022,47376604,,51
2022,47428623,,51
2022,47511704,,51
2022,47554519,,51
2022,47565886,,51
2022,47666063,,51
2022,48167126,,51
2022,51051649,,51
2022,51051650,,51
2022,51027210,,51
2022,47852260,,51
2022,47852261,,51
2022,47804391,,51
2022,47931529,,51
2022,47960466,,51
2022,48020184,,51
2022,48099067,,51
2022,51027211,,51
2022,51027215,,51
2022,51027216,,51
2022,51027217,,51
2022,51027218,,51
2022,51027219,,51
2022,51027221,,51
2022,51097042,,51
2022,51027222,,51
2022,51238230,,51
2022,48069733,,51
2022,51238231,,51
2022,51238232,,51
2022,51238233,,51
2022,51238234,,51
2022,51238235,,51
2022,48167127,,51
2022,51238236,,51
2022,51238237,,51
2022,51238238,,51
2022,48113460,,51
2022,48140373,,51
2022,51480846,,51
2022,51251964,,51
2022,51238239,,51
2022,51268947,,51
2022,51238240,,51
2022,48140374,,51
2022,49363289,,51
2022,51480848,,51
2022,48382841,,51
2022,51480849,,51
2022,51238241,,51
2022,51238242,,51
2022,51238243,,51
2022,51395784,,51
2022,48432875,,51
2022,48430638,,51
2022,48437570,,51
2022,48806417,,51
2022,48505884,,51
2022,48741074,,51
2022,49740443,,51
2022,48755510,,51
2022,48762861,,51
2022,49363290,,51
2022,49363291,,51
2022,49363292,,51
2022,49363293,,51
2022,49363294,,51
2022,49612872,,51
2022,51480850,,51
2022,51238244,,51
2022,51251965,,51
2022,51251966,,51
2022,51251967,,51
2022,51251968,,51
2022,51251969,,51
2022,51251970,,51
2022,51251971,,51
2022,51251972,,51
2022,49612873,,51
2022,47842400,,51
2022,51280415,,51
2022,51251974,,51
2022,51251975,,51
2022,51251976,,51
2022,47842402,,51
2022,51480853,,51
2022,48026242,,51
2022,48026243,,51
2022,48026244,,51
2022,48026245,,51
2022,48026246,,51
2022,48026247,,51
2022,48029811,,51
2022,48026248,,51
2022,48026249,,51
2022,48026250,,51
2022,48026251,,51
2022,48026252,,51
2022,48026253,,51
2022,48029812,,51
2022,48029813,,51
2022,48029814,,51
2022,51545637,,51
2022,51545638,,51
2022,51545640,,51
2022,48029815,,51
2022,48070926,,51
2022,51545641,,51
2022,48070927,,51
2022,51545642,,51
2022,51545644,,51
2022,51545645,,51
2022,48070928,,51
2022,48073722,,51
2022,51545647,,51
2022,51545649,,51
2022,51545650,,51
2022,51545652,,51
2022,51545653,,51
2022,51545654,,51
2022,51545656,,51
2022,51545657,,51
2022,51545658,,51
2022,51545659,,51
2022,51545660,,51
2022,51545661,,51
2022,51545663,,51
2022,48073723,,51
2022,48073724,,51
2022,48073725,,51
2022,45038917,,51
2022,48073726,,51
2022,44953671,,51
2022,44953672,,1
2022,48073727,,51
2022,48073728,,51
2022,48073729,,51
2022,48073730,,51
2022,48073731,,51
2022,48073732,,51
2022,48073887,,51
2022,48099004,,51
2022,46959676,,51
2022,45264912,,51
2022,45841147,,51
2022,45751371,,51
2022,45751372,,51
2022,45841148,,51
2022,48073888,,51
2022,48099005,,51
2022,48073889,,51
2022,48074224,,51
2022,46272125,,51
2022,46293656,,51
2022,48985033,,51
2022,46874873,,51
2022,46874874,,51
2022,46749193,,51
2022,46968549,,51
2022,47960458,,51
2022,47168075,,51
2022,47310179,,51
2022,47310181,,51
2022,47319969,,51
2022,47319970,,51
2022,47770645,,51
2022,47842386,,51
2022,47834915,,51
2022,48331380,,51
2022,49360906,,51
2022,48074225,,51
2022,48140369,,51
2022,48331381,,51
2022,48331382,,51
2022,48331383,,51
2022,48331384,,51
2022,48464517,,51
2022,48074226,,51
2022,48516500,,51
2022,48985036,,51
2022,48762772,,51
2022,48762773,,51
2022,49360907,,51
2022,48074227,,51
2022,48074228,,51
2022,50972389,,51
2022,49360908,,51
2022,48492872,,51
2022,48492873,,51
2022,48492874,,51
2022,48492875,,51
2022,49952943,,51
2022,48495383,,51
2022,48507372,,51
2022,48507373,,51
2022,48507374,,51
2022,49980477,,51
2022,49592761,,3
2022,48507375,,51
2022,47670248,,51
2022,47670249,,51
2022,47670250,,51
2022,47670251,,51
2022,48507376,,51
2022,48507377,,51
2022,47670252,,51
2022,47670253,,51
2022,47670254,,51
2022,47670255,,51
2022,47670256,,51
2022,47670257,,51
2022,47670258,,51
2022,47670259,,51
2022,48507379,,51
2022,48507380,,51
2022,48507381,,51
2022,47670260,,51
2022,47670261,,51
2022,47670262,,51
2022,47670263,,51
2022,47670264,,51
2022,47670265,,51
2022,47670266,,51
2022,47670267,,51
2022,47670268,,51
2022,47670269,,3
2022,47670270,,3
2022,47670271,,51
2022,47670272,,51
2022,47670273,,51
2022,47670274,,51
2022,47670275,,51
2022,47670276,,51
2022,47670277,,51
2022,47670278,,51
2022,47670279,,51
2022,47670280,,51
2022,48507382,,51
2022,47670281,,7
2022,48507383,,51
2022,47670282,,51
2022,47670283,,51
2022,47670285,,51
2022,47670286,,51
2022,47670287,,51
2022,47670288,,51
2022,47675682,,51
2022,47685113,,51
2022,47685114,,51
2022,48507384,,51
2022,48514544,,51
2022,47748794,,51
2022,47834916,,51
2022,47776575,,51
2022,47776576,,51
2022,47814850,,51
2022,47814860,,51
2022,47814862,,51
2022,47814864,,7
2022,47814866,,7
2022,47842387,,51
2022,47842388,,51
2022,47842389,,51
2022,47842390,,51
2022,47842391,,51
2022,48009567,,51
2022,48009568,,51
2022,48514545,,51
2022,48514546,,51
2022,48011083,,51
2022,48011084,,51
2022,48113428,,51
2022,48514547,,51
2022,48122856,,51
2022,48795166,,51
2022,48795167,,51
2022,48122857,,51
2022,48122858,,51
2022,48122859,,51
2022,48122860,,51
2022,48795168,,51
2022,49363338,,51
2022,49363339,,51
2022,49363340,,51
2022,49363341,,51
2022,49363342,,51
2022,49952944,,51
2022,49363343,,51
2022,50961754,,51
2022,50961755,,51
2022,49363346,,51
2022,49952947,,51
2022,49952949,,51
2022,49952950,,51
2022,49952952,,51
2022,49952954,,51
2022,50582141,,51
2022,48142960,,51
2022,48144093,,51
2022,50582142,,51
2022,49952959,,51
2022,49952961,,51
2022,49952962,,9
2022,46765989,,51
2022,48144094,,51
2022,48914007,,51
2022,48914008,,51
2022,48914009,,51
2022,47931530,,51
2022,48144095,,1
2022,48144096,,51
2022,48144097,,51
2022,47931531,,51
2022,47931532,,51
2022,47931533,,51
2022,47931534,,51
2022,47931535,,51
2022,47931536,,51
2022,47931537,,51
2022,47931538,,52
2022,47931539,,51
2022,47931540,,53
2022,47931541,,51
2022,47931542,,51
2022,47931543,,51
2022,47931544,,51
2022,48812718,,51
2022,49836625,,51
2022,50104098,,51
2022,48156329,,51
2022,48986026,,51
2022,48161545,,51
2022,49360168,,51
2022,49836626,,51
2022,49360169,,51
2022,49360171,,51
2022,49360175,,51
2022,49360176,,51
2022,49360180,,51
2022,49360182,,51
2022,49360183,,51
2022,50325954,,51
2022,49547818,,51
2022,49557915,,51
2022,49592781,,51
2022,49592782,,51
2022,49607593,,51
2022,49605557,,51
2022,48163098,,51
2022,49609653,,51
2022,49609886,,51
2022,49626638,,52
2022,48167118,,51
2022,48179264,,51
2022,48179265,,51
2022,48348503,,51
2022,50710792,,51
2022,48365959,,51
2022,48365960,,7
2022,48365963,,51
2022,48365964,,51
2022,49626638,,53
2022,49626639,,52
2022,49626639,,53
2022,49634444,,51
2022,49740444,,51
2022,49790638,,51
2022,49809255,,51
2022,50325955,,51
2022,49836627,,3
2022,49898198,,51
2022,49969183,,51
2022,50102590,,51
2022,50112274,,51
2022,48432804,,51
2022,48457323,,51
2022,48457324,,51
2022,48491833,,51
2022,48491834,,51
2022,50326602,,51
2022,50160563,,51
2022,50326603,,51
2022,50344719,,51
2022,50395323,,51
2022,50453438,,51
2022,48516082,,51
2022,48516501,,51
2022,50667548,,51
2022,50667549,,51
2022,47920424,,51
2022,48516502,,7
2022,48516503,,51
2022,47920425,,51
2022,47920426,,51
2022,47931545,,51
2022,47931546,,1
2022,47931547,,51
2022,47992760,,51
2022,47992761,,51
2022,47997104,,51
2022,47997105,,51
2022,47997106,,51
2022,48744598,,51
2022,48744599,,51
2022,49360266,,51
2022,44952779,,51
2022,48538895,,3
2022,48564854,,51
2022,48538896,,51
2022,48538898,,51
2022,48709214,,51
2022,48994317,,51
2022,48756355,,51
2022,48756356,,51
2022,48762394,,51
2022,48762774,,51
2022,48762775,,51
2022,48806388,,51
2022,48898820,,51
2022,48913997,,51
2022,48994318,,51
2022,48994319,,7
2022,48994320,,51
2022,48994321,,7
2022,49361207,,51
2022,49361209,,51
2022,49361210,,51
2022,49361211,,1
2022,49361212,,51
2022,49361213,,51
2022,49361214,,7
2022,49361215,,51
2022,49361216,,51
2022,49361217,,51
2022,49361218,,9
2022,49361220,,51
2022,49361221,,51
2022,49361222,,51
2022,49361223,,51
2022,49361224,,51
2022,49361225,,51
2022,49361228,,51
2022,49361229,,51
2022,49464599,,51
2022,49464600,,51
2022,49634429,,51
2022,49685603,,51
2022,49766684,,51
2022,49688063,,51
2022,49688064,,51
2022,49766021,,51
2022,49766685,,51
2022,49790623,,51
2022,49790625,,51
2022,44977047,,51
2022,44977048,,52
2022,47449571,,51
2022,47511689,,51
2022,47511690,,51
2022,47554481,,51
2022,47554482,,51
2022,48501919,,51
2022,47554497,,51
2022,47599965,,51
2022,47599966,,51
2022,47599967,,51
2022,47651835,,51
2022,47670293,,51
2022,47670294,,51
2022,47670295,,51
2022,47806686,,51
2022,47834433,,3
2022,47834435,,51
2022,47847277,,51
2022,47847278,,51
2022,47852255,,51
2022,47852256,,51
2022,47852257,,51
2022,47920409,,51
2022,47920410,,51
2022,47920411,,51
2022,47920412,,51
2022,47920413,,51
2022,47959844,,51
2022,47959845,,51
2022,47995499,,51
2022,47995500,,51
2022,48021781,,51
2022,48021782,,51
2022,44969312,,1
2022,48021783,,52
2022,48021785,,51
2022,50088003,,51
2022,44969313,,1
2022,45132684,,51
2022,47787193,,51
2022,45016222,,51
2022,45150181,,51
2022,50088004,,51
2022,48501920,,51
2022,45132686,,51
2022,45132687,,51
2022,48028115,,51
2022,45132689,,51
2022,45132690,,51
2022,45453239,,51
2022,45279563,,51
2022,45279564,,51
2022,45485673,,51
2022,46150800,,51
2022,48069729,,51
2022,45267610,,51
2022,45279566,,51
2022,48069730,,51
2022,48069731,,51
2022,45279567,,51
2022,48069732,,51
2022,45453240,,51
2022,45445674,,51
2022,45529388,,51
2022,45509303,,3
2022,45509304,,3
2022,46240115,,51
2022,48084429,,51
2022,45511746,,51
2022,48330578,,51
2022,48330579,,51
2022,45623021,,51
2022,45525884,,3
2022,45525885,,51
2022,45764371,,51
2022,45679540,,51
2022,45645574,,51
2022,45712569,,51
2022,45645575,,51
2022,49666595,,51
2022,45764372,,51
2022,45719642,,51
2022,45777819,,51
2022,45764373,,51
2022,45764374,,51
2022,45764375,,51
2022,45764376,,51
2022,45764377,,51
2022,45777820,,51
2022,45751374,,51
2022,46675507,,51
2022,46675508,,51
2022,45962663,,51
2022,48096259,,51
2022,48096260,,51
2022,45987180,,51
2022,48121011,,51
2022,48121012,,51
2022,48121013,,51
2022,48121014,,51
2022,45947053,,51
2022,45962664,,51
2022,48121016,,51
2022,45987181,,51
2022,46277815,,51
2022,46124085,,51
2022,48140595,,51
2022,48140596,,51
2022,46282715,,51
2022,46282716,,51
2022,46252038,,51
2022,46252039,,51
2022,46288110,,51
2022,46275358,,51
2022,47121839,,51
2022,48142961,,51
2022,46273477,,51
2022,48142962,,51
2022,48142963,,51
2022,46321871,,51
2022,46321872,,51
2022,46286239,,51
2022,46295505,,51
2022,46560421,,51
2022,46560422,,51
2022,46343671,,51
2022,48142964,,51
2022,46560423,,51
2022,46348589,,51
2022,48096279,,51
2022,48142965,,51
2022,48179266,,51
2022,48179267,,51
2022,48179269,,51
2022,48179270,,51
2022,48179271,,51
2022,46560424,,51
2022,46560425,,51
2022,46560426,,51
2022,46560428,,51
2022,46560429,,51
2022,46560430,,51
2022,49360331,,51
2022,49360332,,51
2022,46560431,,51
2022,46560432,,51
2022,46560433,,51
2022,46560434,,51
2022,47449583,,51
2022,46560435,,51
2022,46596078,,51
2022,46609877,,51
2022,47770044,,51
2022,46609882,,51
2022,46609883,,51
2022,46675509,,51
2022,46616758,,51
2022,46616759,,51
2022,46623257,,51
2022,46623258,,51
2022,46675510,,51
2022,46675511,,51
2022,46742524,,51
2022,50054760,,51
2022,47395379,,51
2022,48179272,,51
2022,46675512,,51
2022,48415576,,51
2022,46967298,,51
2022,48415577,,51
2022,48415578,,51
2022,46967299,,51
2022,46967300,,51
2022,48415579,,51
2022,46967301,,51
2022,46755834,,51
2022,48501921,,51
2022,46988562,,51
2022,46988563,,51
2022,48045626,,51
2022,48538899,,51
2022,46891082,,51
2022,46957192,,51
2022,46881913,,51
2022,46885816,,51
2022,46860583,,51
2022,48167128,,51
2022,46881914,,51
2022,46881915,,51
2022,46933211,,51
2022,46885817,,51
2022,46885818,,51
2022,46891083,,51
2022,46891084,,51
2022,46957193,,51
2022,46933212,,51
2022,46957194,,51
2022,46958016,,51
2022,46966227,,51
2022,47304074,,51
2022,47245078,,51
2022,47168081,,51
2022,46982178,,51
2022,47009772,,51
2022,47121840,,51
2022,47121841,,51
2022,50339652,,51
2022,48538900,,51
2022,47168082,,51
2022,47161448,,51
2022,48538901,,51
2022,48538902,,51
2022,48538903,,51
2022,48571273,,51
2022,48571274,,51
2022,48626215,,51
2022,48626216,,51
2022,48626217,,51
2022,50768430,,51
2022,48755450,,51
2022,48755451,,51
2022,48755452,,51
2022,48755453,,51
2022,48755454,,51
2022,48755455,,51
2022,48762395,,51
2022,48762396,,51
2022,48762397,,51
2022,48762398,,51
2022,48762776,,51
2022,48762777,,51
2022,48905425,,51
2022,48931795,,51
2022,49361509,,51
2022,47194050,,51
2022,47245079,,51
2022,47245080,,51
2022,47194051,,51
2022,47280183,,51
2022,47261717,,51
2022,47382691,,52
2022,47245081,,51
2022,47280185,,51
2022,47261718,,51
2022,47376605,,51
2022,47395380,,51
2022,47395381,,51
2022,47382692,,51
2022,47395382,,51
2022,47675707,,51
2022,47376606,,51
2022,47434371,,51
2022,47395383,,51
2022,47959855,,51
2022,47405665,,51
2022,49560039,,51
2022,48571296,,51
2022,47508064,,51
2022,47670329,,51
2022,47670330,,51
2022,47645145,,51
2022,47645146,,51
2022,49361510,,51
2022,47645147,,51
2022,49361511,,51
2022,47670331,,51
2022,49361512,,51
2022,49361513,,51
2022,49361514,,51
2022,49361515,,51
2022,49361516,,51
2022,50596202,,51
2022,49361517,,51
2022,49361518,,51
2022,49361519,,51
2022,49361520,,51
2022,49361521,,51
2022,49361522,,51
2022,49361523,,51
2022,49361524,,51
2022,49361525,,51
2022,49361526,,51
2022,49361527,,51
2022,49559756,,51
2022,49559757,,51
2022,49559758,,51
2022,49559759,,7
2022,49559760,,51
2022,49626619,,51
2022,49740425,,51
2022,49766022,,51
2022,49766023,,51
2022,49766024,,51
2022,49766025,,51
2022,49766026,,51
2022,48028127,,51
2022,49784858,,51
2022,49784859,,51
2022,49784860,,51
2022,49834539,,51
2022,49834540,,51
2022,49834541,,51
2022,49885249,,51
2022,49885251,,51
2022,49885252,,51
2022,49885253,,7
2022,49885254,,51
2022,49885255,,51
2022,49885256,,51
2022,49932870,,51
2022,50596203,,51
2022,49949869,,51
2022,49949900,,51
2022,49949903,,51
2022,49949916,,51
2022,47743423,,51
2022,48070519,,51
2022,47806707,,51
2022,47681590,,51
2022,47806708,,51
2022,47806709,,51
2022,48021802,,51
2022,47774852,,51
2022,47774853,,51
2022,47787194,,51
2022,47834459,,51
2022,47774854,,51
2022,48167129,,51
2022,50002651,,51
2022,50002652,,51
2022,50002653,,51
2022,47747282,,51
2022,47748800,,51
2022,47748801,,51
2022,47774855,,51
2022,47806712,,51
2022,48041213,,51
2022,50002654,,51
2022,50596204,,51
2022,47806713,,51
2022,47787195,,51
2022,50017425,,51
2022,47852262,,51
2022,48151515,,51
2022,50061193,,51
2022,50088006,,51
2022,50088007,,51
2022,47806714,,51
2022,48009583,,51
2022,47806715,,51
2022,47920427,,51
2022,47806717,,51
2022,47920428,,51
2022,48096280,,51
2022,50088009,,51
2022,50088010,,51
2022,50088011,,51
2022,47841660,,51
2022,47841661,,51
2022,48041214,,51
2022,50106988,,51
2022,48102103,,51
2022,48167130,,51
2022,47991105,,51
2022,50106990,,51
2022,47920429,,51
2022,50596205,,51
2022,48028128,,51
2022,50254794,,51
2022,50335583,,51
2022,50335584,,51
2022,48096281,,51
2022,50339643,,51
2022,50339644,,51
2022,50339645,,51
2022,50339646,,51
2022,50379177,,51
2022,50379178,,51
2022,50379179,,51
2022,50516074,,51
2022,50596206,,51
2022,50768431,,51
2022,50613161,,51
2022,48779668,,51
2022,48378367,,51
2022,48167131,,51
2022,50688427,,51
2022,50768432,,51
2022,50768433,,51
2022,50768434,,51
2022,50768435,,51
2022,50768436,,51
2022,50917540,,51
2022,50896617,,51
2022,50917541,,51
2022,50917542,,51
2022,50935479,,51
2022,51100766,,51
2022,51100767,,51
2022,51100768,,51
2022,48167132,,1
2022,51135644,,51
2022,48096282,,3
2022,48096283,,3
2022,51236293,,51
2022,51274239,,51
2022,48143046,,51
2022,51395226,,51
2022,51401396,,51
2022,50710783,,51
2022,46275325,,51
2022,46275326,,51
2022,48156341,,51
2022,46275336,,51
2022,46275339,,51
2022,46561220,,51
2022,48261295,,51
2022,46561221,,51
2022,46561222,,51
2022,48151516,,51
2022,48143047,,51
2022,46344755,,51
2022,46561223,,51
2022,46561224,,51
2022,46561225,,51
2022,46561226,,51
2022,48143048,,51
2022,48261296,,51
2022,46574310,,51
2022,46815243,,51
2022,46815244,,51
2022,48178118,,51
2022,48378368,,52
2022,48490912,,51
2022,48490913,,51
2022,48490914,,51
2022,48346700,,51
2022,48346701,,51
2022,48346702,,51
2022,48366097,,51
2022,48366098,,51
2022,48366099,,51
2022,48330580,,51
2022,48261297,,51
2022,48261298,,51
2022,48346703,,51
2022,46748547,,52
2022,48415593,,51
2022,48437571,,51
2022,48330581,,51
2022,48330582,,51
2022,48330583,,51
2022,48382842,,51
2022,48366100,,51
2022,47083743,,51
2022,48490915,,51
2022,48490916,,51
2022,48472536,,51
2022,47619243,,51
2022,47395367,,51
2022,48472537,,51
2022,48472538,,51
2022,48472539,,51
2022,48538908,,51
2022,48415597,,51
2022,48415598,,51
2022,48490917,,51
2022,48490918,,51
2022,48472540,,51
2022,48472541,,51
2022,48516089,,51
2022,48029070,,51
2022,48348504,,51
2022,48490900,,51
2022,51275518,,51
2022,49429894,,51
2022,49634430,,51
2022,48516090,,51
2022,48895100,,51
2022,50664409,,51
2022,48626235,,51
2022,48538909,,51
2022,48626236,,51
2022,48626237,,51
2022,48755511,,51
2022,48755512,,3
2022,48779669,,51
2022,48741075,,51
2022,49360333,,51
2022,48779670,,51
2022,48779671,,51
2022,48779672,,51
2022,48762408,,51
2022,48838756,,51
2022,48828504,,51
2022,51280409,,51
2022,48905457,,51
2022,49360337,,51
2022,49360338,,51
2022,49360341,,51
2022,49360343,,51
2022,49360345,,51
2022,49360348,,51
2022,49784869,,51
2022,49360359,,52
2022,49360362,,51
2022,49360363,,51
2022,49360365,,51
2022,49957927,,51
2022,49360367,,51
2022,49360369,,51
2022,49784870,,3
2022,49360371,,51
2022,49360372,,51
2022,50742175,,51
2022,49360373,,51
2022,49360374,,51
2022,49360375,,51
2022,49360376,,51
2022,49360377,,51
2022,49360378,,51
2022,49360379,,51
2022,49360380,,51
2022,49360381,,51
2022,49360382,,51
2022,49360383,,51
2022,49360384,,51
2022,49360385,,51
2022,49360386,,51
2022,49740445,,51
2022,49360387,,51
2022,49360388,,51
2022,49553059,,51
2022,49740446,,51
2022,49626640,,51
2022,49624886,,51
2022,51468481,,51
2022,49464616,,51
2022,49464617,,51
2022,49464618,,51
2022,49464619,,51
2022,49632877,,51
2022,50107015,,51
2022,49624887,,51
2022,49624888,,51
2022,49624889,,51
2022,49624890,,51
2022,50462832,,51
2022,49624891,,51
2022,46560931,,51
2022,46560934,,51
2022,46982192,,9
2022,46982193,,3
2022,46560936,,51
2022,46560937,,51
2022,46560938,,51
2022,48113461,,51
2022,46560941,,51
2022,46824418,,51
2022,46868695,,51
2022,46868696,,51
2022,46985377,,51
2022,47113808,,51
2022,47718236,,51
2022,47776608,,51
2022,47776609,,51
2022,47776610,,51
2022,50065830,,51
2022,48113462,,51
2022,48084442,,51
2022,48096284,,51
2022,46241413,,51
2022,48096285,,51
2022,48099071,,51
2022,48099073,,51
2022,46241414,,51
2022,46241415,,51
2022,48113463,,51
2022,46241416,,51
2022,48113464,,51
2022,48113465,,51
2022,48113467,,51
2022,46241417,,51
2022,46259259,,51
2022,46259260,,51
2022,46259261,,51
2022,46259262,,51
2022,46259263,,51
2022,46321861,,51
2022,46561243,,51
2022,46561244,,51
2022,46561245,,51
2022,46574313,,51
2022,46574314,,51
2022,46574315,,51
2022,46574316,,51
2022,46574317,,51
2022,46574318,,51
2022,46574319,,51
2022,46574320,,51
2022,48134790,,51
2022,46748555,,51
2022,46766031,,51
2022,50065833,,51
2022,47513043,,51
2022,47513044,,51
2022,46991869,,51
2022,46991870,,51
2022,48143049,,51
2022,46991871,,51
2022,46991872,,51
2022,46991873,,51
2022,46991874,,51
2022,46991875,,51
2022,46991876,,51
2022,47230784,,51
2022,47232368,,51
2022,47513045,,51
2022,47513048,,51
2022,47513049,,51
2022,47834443,,51
2022,47834444,,51
2022,47842392,,51
2022,47842393,,51
2022,47847279,,51
2022,47847280,,51
2022,47847281,,51
2022,48084430,,51
2022,48143050,,51
2022,48143051,,51
2022,48086604,,51
2022,48151518,,53
2022,48151519,,52
2022,48151523,,51
2022,48099008,,51
2022,49888791,,51
2022,48151524,,51
2022,48102095,,51
2022,48102096,,51
2022,48113429,,51
2022,48151525,,51
2022,48113430,,51
2022,51052126,,51
2022,51053297,,51
2022,48113431,,51
2022,50065836,,51
2022,48113432,,51
2022,50065838,,51
2022,48113433,,51
2022,48113434,,51
2022,50065840,,51
2022,48113435,,51
2022,50065843,,51
2022,48113436,,51
2022,50065844,,51
2022,50065845,,51
2022,50065846,,51
2022,48113437,,51
2022,48156330,,51
2022,48438215,,51
2022,50065852,,51
2022,48505878,,51
2022,50065853,,51
2022,48505879,,51
2022,48576958,,51
2022,48576959,,51
2022,48576960,,51
2022,48576961,,51
2022,48576962,,51
2022,48576963,,51
2022,48576964,,51
2022,48576965,,51
2022,48576966,,51
2022,48576967,,51
2022,48576968,,51
2022,48576969,,51
2022,48576970,,51
2022,48577656,,51
2022,48577657,,51
2022,48577658,,51
2022,48577659,,51
2022,48577660,,51
2022,48795130,,51
2022,48795131,,51
2022,50871572,,51
2022,50871573,,51
2022,48795134,,51
2022,48795135,,51
2022,48795136,,51
2022,48839374,,51
2022,48839375,,51
2022,49361796,,51
2022,49888792,,51
2022,49361798,,51
2022,49361799,,51
2022,49361800,,51
2022,49361801,,51
2022,49361802,,51
2022,49361803,,51
2022,50074028,,51
2022,49361804,,51
2022,49361805,,51
2022,49361806,,51
2022,49361807,,51
2022,49361808,,51
2022,49553581,,51
2022,49836669,,51
2022,49836671,,51
2022,49836672,,51
2022,49836677,,51
2022,49888794,,51
2022,49888795,,51
2022,49888796,,51
2022,49888797,,51
2022,50074029,,51
2022,50710795,,51
2022,49932871,,51
2022,49949978,,51
2022,49949991,,51
2022,49949993,,51
2022,49949994,,51
2022,49950000,,51
2022,49950005,,51
2022,49950010,,51
2022,49950011,,51
2022,49950012,,51
2022,49950023,,51
2022,49950029,,51
2022,49950043,,51
2022,50074030,,51
2022,50003892,,51
2022,44965652,,51
2022,50017941,,51
2022,50017942,,51
2022,50043857,,51
2022,50264365,,51
2022,50264366,,51
2022,50336552,,51
2022,50336553,,51
2022,50336554,,51
2022,50379195,,51
2022,50395389,,51
2022,50395390,,51
2022,50395391,,51
2022,50395392,,51
2022,50395393,,51
2022,50395394,,51
2022,50395395,,51
2022,50395396,,51
2022,50395397,,51
2022,50395398,,51
2022,50395399,,51
2022,50395400,,3
2022,50623459,,51
2022,50623460,,51
2022,50623461,,51
2022,50689424,,51
2022,50704327,,51
2022,50704328,,51
2022,50704329,,51
2022,50704330,,51
2022,50704331,,51
2022,50712202,,51
2022,50712203,,51
2022,50712204,,51
2022,50712205,,51
2022,44965653,,51
2022,50735258,,51
2022,50735259,,51
2022,50735260,,51
2022,50735261,,51
2022,50735262,,51
2022,50735263,,51
2022,50871574,,51
2022,50871575,,51
2022,50871576,,51
2022,50871577,,51
2022,50921935,,51
2022,50921936,,51
2022,50921937,,51
2022,51135645,,51
2022,51168528,,51
2022,51168529,,51
2022,51190305,,51
2022,51190307,,51
2022,51190308,,51
2022,51190309,,51
2022,51199092,,51
2022,51258125,,51
2022,51395785,,51
2022,51395786,,51
2022,51395787,,51
2022,51395788,,51
2022,51395789,,51
2022,51395790,,51
2022,51395791,,51
2022,51395792,,51
2022,51401397,,51
2022,51401398,,51
2022,51402190,,51
2022,51402191,,51
2022,51402192,,51
2022,51402193,,51
2022,51402194,,51
2022,51402195,,51
2022,51402196,,51
2022,51402197,,51
2022,51402198,,51
2022,51402199,,51
2022,51402200,,51
2022,51402201,,51
2022,51402202,,51
2022,51402203,,51
2022,51402204,,51
2022,51402205,,51
2022,51402206,,51
2022,51424361,,51
2022,45029494,,51
2022,45090374,,51
2022,45090375,,51
2022,45098640,,51
2022,45219115,,51
2022,45230853,,51
2022,46289678,,51
2022,46815842,,51
2022,46890432,,51
2022,46890433,,51
2022,46890434,,51
2022,46907950,,51
2022,46907951,,51
2022,46907952,,51
2022,46907953,,51
2022,47229316,,51
2022,47601313,,51
2022,50063101,,51
2022,50063102,,51
2022,50216729,,51
2022,50216730,,51
2022,50216731,,51
2022,50216732,,51
2022,45489074,,51
2022,44952768,,51
2022,45560224,,51
2022,45560225,,51
2022,45714315,,51
2022,51030119,,51
2022,46824419,,51
2022,46824420,,51
2022,51030120,,51
2022,51030121,,51
2022,49605558,,51
2022,45007201,,52
2022,46240103,,51
2022,47513107,,51
2022,51030122,,51
2022,49605559,,51
2022,51030123,,51
2022,47834922,,51
2022,47834923,,51
2022,48464526,,51
2022,48171522,,51
2022,48171524,,51
2022,49607594,,51
2022,50712198,,51
2022,50712199,,51
2022,49361795,,51
2022,45264913,,51
2022,45658891,,51
2022,45264914,,51
2022,50712200,,51
2022,45658892,,51
2022,45323130,,51
2022,45331177,,51
2022,46561246,,51
2022,45488979,,51
2022,45720973,,51
2022,46240104,,51
2022,46046615,,51
2022,46561247,,51
2022,46561248,,51
2022,46561249,,51
2022,46561250,,51
2022,46561251,,51
2022,46321862,,52
2022,46344756,,51
2022,46286590,,51
2022,46305936,,51
2022,46561252,,51
2022,46561253,,51
2022,46609961,,51
2022,46609962,,51
2022,46609963,,51
2022,46609964,,51
2022,47229317,,51
2022,46609965,,51
2022,46609966,,51
2022,46616771,,51
2022,46620782,,51
2022,46620783,,51
2022,46620785,,51
2022,46832778,,51
2022,46834244,,51
2022,46561418,,51
2022,46561419,,51
2022,46561420,,51
2022,46561422,,51
2022,46834245,,51
2022,46834246,,51
2022,47229318,,51
2022,47230068,,51
2022,47499477,,51
2022,47499478,,51
2022,47499479,,51
2022,47511705,,51
2022,47511706,,51
2022,47511707,,51
2022,47511708,,51
2022,47511709,,51
2022,47513108,,51
2022,47513109,,51
2022,47646276,,51
2022,47646277,,51
2022,47646278,,51
2022,47646279,,51
2022,47646280,,51
2022,47646281,,51
2022,47660855,,51
2022,48187489,,51
2022,48188341,,51
2022,46561424,,51
2022,46561425,,51
2022,46683258,,51
2022,46815246,,1
2022,46821102,,51
2022,46988572,,51
2022,46991878,,51
2022,50977688,,51
2022,47011673,,51
2022,47011675,,51
2022,47077953,,51
2022,47093827,,51
2022,47114679,,51
2022,47280122,,51
2022,48188342,,51
2022,47559860,,51
2022,47583502,,51
2022,47583503,,51
2022,47596135,,51
2022,47645140,,51
2022,47717472,,51
2022,47747276,,51
2022,47847282,,51
2022,47852258,,52
2022,51253112,,51
2022,47920414,,51
2022,47959846,,51
2022,48009571,,51
2022,48188343,,51
2022,48188344,,51
2022,48099010,,51
2022,48188345,,51
2022,48188346,,51
2022,49609887,,51
2022,49609888,,51
2022,49609889,,51
2022,48270881,,51
2022,49609890,,51
2022,49609891,,51
2022,48505885,,51
2022,48099012,,51
2022,48330562,,51
2022,49609892,,51
2022,48916096,,51
2022,48916097,,51
2022,48916098,,51
2022,48916099,,51
2022,48142966,,51
2022,48331385,,51
2022,48916100,,51
2022,49361809,,51
2022,50102591,,51
2022,49609893,,51
2022,49609894,,51
2022,49609895,,51
2022,45794754,,51
2022,48151504,,52
2022,48187437,,51
2022,48187439,,51
2022,48274550,,51
2022,48280541,,51
2022,48456073,,51
2022,48478163,,51
2022,48490901,,51
2022,48490902,,51
2022,48838741,,51
2022,48895086,,51
2022,48979159,,51
2022,48985047,,51
2022,49361925,,51
2022,49361926,,51
2022,49361927,,51
2022,49361928,,52
2022,49361929,,3
2022,50907383,,51
2022,49361930,,51
2022,49361931,,51
2022,49361932,,51
2022,49361933,,51
2022,49361934,,51
2022,50977689,,51
2022,49547804,,51
2022,50907384,,51
2022,49634431,,51
2022,49634432,,51
2022,46834218,,51
2022,46834219,,51
2022,46824396,,51
2022,46824397,,51
2022,46834220,,51
2022,46860565,,51
2022,46860566,,51
2022,46860567,,51
2022,46627577,,51
2022,46627578,,51
2022,46658059,,51
2022,46860568,,51
2022,46860569,,51
2022,46561898,,51
2022,46860570,,51
2022,46561899,,51
2022,46561900,,51
2022,46561901,,51
2022,46574336,,51
2022,46561902,,51
2022,46620807,,51
2022,46587433,,51
2022,46683261,,51
2022,46891078,,51
2022,46766068,,51
2022,46824398,,51
2022,46824399,,51
2022,46915140,,51
2022,46927771,,51
2022,46953618,,51
2022,46953619,,51
2022,46967330,,51
2022,47077955,,51
2022,47245071,,51
2022,47559862,,51
2022,47601288,,51
2022,47449573,,51
2022,47596136,,51
2022,47599968,,51
2022,47646263,,51
2022,47771641,,51
2022,47675683,,51
2022,47774832,,51
2022,47771642,,51
2022,47745380,,51
2022,47960459,,51
2022,48021787,,51
2022,48021788,,51
2022,48070511,,51
2022,48086606,,51
2022,48122863,,51
2022,48437560,,51
2022,48179273,,51
2022,48179274,,51
2022,48274551,,51
2022,48280542,,51
2022,48505880,,51
2022,48740970,,51
2022,48762778,,51
2022,49362957,,51
2022,48860761,,51
2022,48895088,,51
2022,48931796,,51
2022,48979160,,51
2022,49362958,,51
2022,49362959,,51
2022,49362960,,51
2022,49362961,,51
2022,49362962,,51
2022,49362963,,51
2022,49362964,,51
2022,49362965,,51
2022,49362966,,51
2022,49547805,,51
2022,49362967,,51
2022,49362968,,51
2022,49362969,,51
2022,49362970,,51
2022,49634433,,51
2022,49362971,,52
2022,49362972,,51
2022,49464601,,51
2022,49553582,,51
2022,49464602,,51
2022,49558193,,51
2022,46561491,,51
2022,45794756,,51
2022,47996051,,51
2022,45794758,,51
2022,48113468,,51
2022,45794760,,51
2022,47996052,,3
2022,47996053,,51
2022,45794762,,51
2022,46620786,,51
2022,46620787,,51
2022,45794763,,51
2022,47996054,,3
2022,45794764,,51
2022,46561493,,52
2022,46683259,,51
2022,46658053,,51
2022,46885819,,51
2022,45794766,,51
2022,45794767,,51
2022,46658054,,51
2022,49362016,,51
2022,45794768,,51
2022,47996055,,51
2022,47996056,,51
2022,46609981,,3
2022,45794770,,51
2022,47996057,,51
2022,45794771,,51
2022,45794773,,51
2022,46658055,,51
2022,48028129,,51
2022,46620788,,51
2022,45833781,,51
2022,45833782,,52
2022,48048374,,51
2022,48028130,,51
2022,45644544,,51
2022,45644546,,51
2022,45644547,,51
2022,45644548,,51
2022,45644549,,52
2022,49362980,,51
2022,45644551,,51
2022,45833786,,51
2022,48028131,,51
2022,48096261,,51
2022,45644552,,51
2022,45644553,,51
2022,45644554,,51
2022,45644555,,51
2022,45644556,,51
2022,45644557,,51
2022,45644558,,51
2022,45644559,,51
2022,45833790,,51
2022,46561494,,51
2022,45644560,,3
2022,45644561,,3
2022,45644562,,3
2022,45644563,,3
2022,45644564,,3
2022,45644565,,3
2022,45644566,,51
2022,45644567,,52
2022,45644568,,51
2022,50017427,,51
2022,45679522,,51
2022,45699836,,52
2022,45808151,,51
2022,45808152,,3
2022,45820155,,51
2022,46561918,,51
2022,46561919,,51
2022,48179275,,51
2022,45833795,,52
2022,46957181,,51
2022,45833797,,51
2022,45833798,,51
2022,46271465,,51
2022,48028132,,51
2022,46271466,,51
2022,46286591,,51
2022,46277800,,51
2022,46289672,,51
2022,46280916,,53
2022,46280917,,53
2022,50750218,,51
2022,46286592,,51
2022,46286593,,1
2022,46289673,,1
2022,46289674,,51
2022,46561920,,51
2022,46561921,,51
2022,46561922,,51
2022,46561923,,1
2022,46561924,,51
2022,46561925,,51
2022,46561926,,51
2022,46561927,,51
2022,46561928,,3
2022,46561929,,51
2022,46561930,,51
2022,46561931,,51
2022,46561932,,51
2022,46561933,,3
2022,46561934,,3
2022,46561935,,3
2022,46561936,,51
2022,46561937,,51
2022,46561938,,3
2022,46561939,,3
2022,46561940,,51
2022,46561941,,51
2022,46561943,,51
2022,46561944,,51
2022,46561945,,51
2022,46561946,,51
2022,46561947,,51
2022,46561948,,51
2022,46561949,,51
2022,48437561,,51
2022,46561951,,51
2022,46561952,,51
2022,46561953,,51
2022,46574337,,51
2022,46977920,,51
2022,46627579,,52
2022,48048375,,51
2022,46627580,,52
2022,46629724,,51
2022,45833801,,51
2022,46637512,,51
2022,46561495,,51
2022,46637514,,51
2022,48028133,,51
2022,48028134,,51
2022,46637515,,51
2022,46658067,,3
2022,46697070,,3
2022,46697071,,3
2022,46697072,,51
2022,46832769,,51
2022,46748621,,51
2022,46755844,,3
2022,46821103,,51
2022,49362981,,51
2022,46821104,,51
2022,46832770,,51
2022,46860571,,51
2022,46860572,,51
2022,46860573,,51
2022,46860574,,51
2022,46881893,,51
2022,46881894,,51
2022,46881901,,3
2022,47038047,,53
2022,46933178,,51
2022,46954599,,51
2022,46958006,,1
2022,46958007,,1
2022,46967331,,51
2022,46985392,,51
2022,46985394,,51
2022,46991899,,51
2022,46991901,,51
2022,47038048,,51
2022,47229293,,51
2022,47081356,,51
2022,45833810,,51
2022,47814869,,51
2022,47159208,,51
2022,45833811,,51
2022,45833816,,51
2022,45833817,,51
2022,45833818,,51
2022,45833819,,51
2022,45932437,,51
2022,47195357,,51
2022,47229294,,51
2022,47245073,,51
2022,47376569,,51
2022,47376571,,51
2022,46561497,,51
2022,47382656,,1
2022,47814870,,51
2022,47376575,,51
2022,47382663,,51
2022,47382665,,51
2022,48048376,,51
2022,47601289,,51
2022,48048377,,51
2022,47399920,,51
2022,47399921,,51
2022,47399922,,51
2022,47399923,,51
2022,47414518,,51
2022,47440401,,1
2022,48577661,,51
2022,47440403,,51
2022,47508036,,3
2022,47583504,,51
2022,50344705,,51
2022,50344706,,51
2022,47596137,,51
2022,47596138,,51
2022,47596139,,51
2022,47596140,,51
2022,47596141,,51
2022,47596142,,51
2022,47770646,,51
2022,47601290,,3
2022,47670296,,51
2022,47670297,,51
2022,47670298,,51
2022,47670299,,51
2022,47717474,,51
2022,47770037,,51
2022,47717480,,51
2022,47770647,,51
2022,47787184,,51
2022,47774834,,1
2022,47774835,,1
2022,47792510,,51
2022,47792511,,52
2022,47806691,,51
2022,47806692,,51
2022,47847283,,51
2022,48021790,,51
2022,48021791,,51
2022,48021792,,51
2022,48048378,,51
2022,48028116,,3
2022,48028117,,3
2022,48028118,,3
2022,48048379,,51
2022,48028119,,3
2022,45833834,,51
2022,46824422,,3
2022,45833837,,51
2022,46561499,,51
2022,45833838,,51
2022,46620793,,51
2022,45833843,,51
2022,46620794,,51
2022,45833847,,51
2022,46620795,,51
2022,46620796,,51
2022,48048380,,51
2022,45833853,,51
2022,48041215,,51
2022,46561500,,51
2022,45833864,,51
2022,45833870,,51
2022,49740447,,51
2022,46259281,,51
2022,46259282,,51
2022,48178040,,51
2022,48043283,,51
2022,46259283,,51
2022,46259284,,51
2022,46824423,,51
2022,46277816,,51
2022,46315359,,51
2022,48045619,,51
2022,48045620,,51
2022,48045621,,51
2022,46315360,,51
2022,46315361,,51
2022,48070520,,51
2022,46315363,,51
2022,46824425,,51
2022,46315365,,51
2022,48161546,,51
2022,46315366,,51
2022,46315367,,51
2022,46315368,,51
2022,46315369,,51
2022,46350144,,51
2022,48086618,,51
2022,46350146,,51
2022,48096262,,51
2022,46350147,,51
2022,46350148,,51
2022,50742176,,51
2022,46350150,,51
2022,46350151,,51
2022,48086619,,51
2022,48096263,,51
2022,48084431,,52
2022,48084432,,52
2022,46627567,,51
2022,46350152,,51
2022,48086620,,51
2022,48086621,,51
2022,48086622,,51
2022,48096264,,51
2022,48086623,,51
2022,48132836,,51
2022,48121017,,51
2022,48132838,,51
2022,48086624,,51
2022,48132839,,51
2022,49784872,,51
2022,49784873,,51
2022,49784874,,52
2022,46350156,,51
2022,46350157,,51
2022,46627568,,51
2022,46350159,,51
2022,46350160,,51
2022,46350161,,51
2022,49790639,,51
2022,49790640,,51
2022,49790641,,51
2022,49790642,,51
2022,46350162,,51
2022,46350163,,51
2022,46350164,,51
2022,46561503,,51
2022,46561505,,51
2022,48132840,,51
2022,48132841,,1
2022,48121028,,51
2022,48151505,,1
2022,46561507,,51
2022,46766036,,51
2022,49766696,,51
2022,48151506,,51
2022,46561508,,51
2022,46561509,,51
2022,46561510,,51
2022,46561512,,51
2022,48151507,,1
2022,48151508,,51
2022,48161547,,51
2022,48161548,,51
2022,46561513,,51
2022,48163099,,51
2022,48121029,,51
2022,48167119,,51
2022,48167120,,51
2022,48178041,,51
2022,48179276,,51
2022,48188337,,1
2022,48270864,,51
2022,48270865,,51
2022,48280543,,51
2022,48280544,,51
2022,48330563,,51
2022,48330564,,51
2022,48365966,,52
2022,48365967,,52
2022,48378351,,51
2022,48430619,,51
2022,48430620,,51
2022,50088013,,1
2022,48472498,,1
2022,48472499,,1
2022,48472500,,1
2022,48472501,,1
2022,48490903,,51
2022,48121030,,51
2022,48740971,,51
2022,48577662,,51
2022,48577663,,51
2022,48577664,,51
2022,48577665,,51
2022,48577666,,51
2022,48626218,,51
2022,48626219,,51
2022,48626220,,51
2022,48708118,,51
2022,48708119,,51
2022,48708120,,51
2022,50499182,,51
2022,50499183,,51
2022,48762399,,51
2022,48762779,,51
2022,48806389,,51
2022,48838742,,51
2022,46637511,,9
2022,46561514,,51
2022,46561515,,51
2022,46561516,,51
2022,46824426,,51
2022,46561518,,51
2022,46627570,,51
2022,48121031,,3
2022,46561521,,51
2022,46561522,,51
2022,46561523,,52
2022,49362982,,1
2022,51340659,,51
2022,49362984,,51
2022,49362985,,51
2022,49362986,,51
2022,49362988,,51
2022,49362989,,51
2022,49362990,,52
2022,49362991,,52
2022,49362992,,1
2022,49362993,,51
2022,49362994,,51
2022,49362995,,51
2022,49362996,,51
2022,49362997,,51
2022,49362998,,51
2022,49685605,,51
2022,49362999,,51
2022,49363000,,51
2022,49363001,,53
2022,49363002,,1
2022,49363003,,51
2022,49363004,,51
2022,49363005,,51
2022,49363006,,51
2022,49363007,,51
2022,46561524,,51
2022,50499184,,51
2022,49363009,,51
2022,49363010,,51
2022,49363011,,51
2022,49547806,,3
2022,49363013,,52
2022,49363014,,52
2022,49363015,,51
2022,49464603,,51
2022,49464604,,51
2022,49539982,,51
2022,49539983,,51
2022,49624880,,51
2022,49624881,,51
2022,49624882,,51
2022,50710796,,51
2022,49666590,,51
2022,46561525,,51
2022,46561526,,51
2022,50013414,,51
2022,50013415,,51
2022,50013416,,51
2022,46587406,,51
2022,46587407,,51
2022,46587408,,51
2022,46587409,,51
2022,48121032,,51
2022,49766030,,51
2022,46620799,,51
2022,46620803,,51
2022,48979293,,51
2022,46627572,,51
2022,46627573,,51
2022,48122868,,51
2022,50688437,,51
2022,48979294,,3
2022,48979295,,52
2022,48121035,,51
2022,46627575,,51
2022,46683260,,51
2022,46697046,,51
2022,46697047,,51
2022,48122869,,3
2022,50043858,,51
2022,50043859,,51
2022,46977911,,51
2022,48134791,,51
2022,48144187,,51
2022,45132662,,51
2022,45228055,,51
2022,46834247,,51
2022,46868697,,51
2022,45560220,,51
2022,46868698,,51
2022,45810011,,51
2022,46868699,,51
2022,46868700,,52
2022,46868701,,51
2022,48134792,,51
2022,46870297,,51
2022,46870298,,51
2022,46870299,,51
2022,46870300,,51
2022,46881916,,51
2022,46881917,,51
2022,46977912,,51
2022,46977913,,51
2022,49766031,,51
2022,46977914,,51
2022,46977915,,51
2022,46977916,,51
2022,46977917,,51
2022,46977918,,51
2022,49766032,,51
2022,47011689,,51
2022,47011691,,51
2022,47011694,,51
2022,47011695,,51
2022,47011696,,51
2022,47011697,,51
2022,48144188,,51
2022,46307076,,51
2022,46307078,,51
2022,46307079,,51
2022,47011700,,51
2022,47011704,,51
2022,47011706,,51
2022,47011709,,51
2022,48134793,,51
2022,46307080,,51
2022,46307082,,51
2022,47011720,,51
2022,47011723,,51
2022,48134794,,51
2022,48134795,,51
2022,48134796,,51
2022,46307084,,51
2022,46305939,,51
2022,46627585,,51
2022,46627586,,51
2022,46627587,,51
2022,46683299,,51
2022,46985415,,51
2022,47440410,,51
2022,47440411,,51
2022,47440413,,51
2022,47440414,,51
2022,47834445,,51
2022,47834446,,51
2022,47834447,,51
2022,48280545,,51
2022,47113820,,51
2022,48134797,,51
2022,48280546,,51
2022,48280547,,51
2022,48280548,,51
2022,47113828,,51
2022,47113835,,51
2022,47113838,,51
2022,48144189,,52
2022,47113840,,51
2022,47113843,,51
2022,47113849,,52
2022,47113851,,51
2022,48507385,,3
2022,48280549,,51
2022,48274552,,51
2022,47113854,,51
2022,47113855,,51
2022,47113856,,51
2022,47113857,,51
2022,47168084,,51
2022,47168085,,51
2022,47113858,,51
2022,48507386,,51
2022,48507387,,51
2022,47113861,,51
2022,47113862,,51
2022,47113863,,51
2022,48507388,,3
2022,48142968,,51
2022,50980433,,51
2022,47113865,,51
2022,47113866,,51
2022,48507389,,51
2022,48142969,,51
2022,48507390,,51
2022,48507391,,53
2022,48142970,,51
2022,48507392,,51
2022,48142972,,51
2022,50980434,,51
2022,50212788,,51
2022,51052140,,51
2022,49363580,,51
2022,49363581,,51
2022,49363582,,51
2022,49363583,,51
2022,49363584,,51
2022,49740426,,51
2022,49740427,,51
2022,49740428,,51
2022,49740429,,51
2022,48507395,,51
2022,49740430,,51
2022,50212789,,51
2022,50212790,,51
2022,50212791,,51
2022,50980436,,51
2022,48507396,,51
2022,48507397,,51
2022,46250973,,51
2022,46562508,,51
2022,50453513,,51
2022,47304062,,51
2022,47304063,,51
2022,47304064,,51
2022,47304065,,51
2022,47304066,,51
2022,47304067,,51
2022,47307272,,51
2022,47307273,,51
2022,47307274,,51
2022,47771643,,51
2022,47771644,,51
2022,47771645,,3
2022,47771646,,3
2022,47771647,,1
2022,47771648,,1
2022,47771649,,1
2022,47771650,,1
2022,47771651,,3
2022,47771652,,3
2022,50457861,,51
2022,50457863,,51
2022,50457865,,51
2022,50457867,,51
2022,50470427,,51
2022,50470428,,51
2022,48507398,,51
2022,50470429,,51
2022,50485467,,51
2022,50485468,,51
2022,50485469,,51
2022,50499190,,51
2022,50009548,,51
2022,47093828,,51
2022,47093829,,51
2022,47093830,,51
2022,47093831,,51
2022,47093832,,51
2022,47293243,,51
2022,48507399,,51
2022,47399940,,51
2022,47345593,,51
2022,47345596,,51
2022,47345599,,51
2022,47345601,,51
2022,47345602,,51
2022,48581082,,51
2022,47345608,,51
2022,47345611,,51
2022,47345613,,51
2022,47345614,,51
2022,48581083,,51
2022,47345619,,51
2022,48581084,,51
2022,48581085,,51
2022,47345624,,51
2022,50768461,,51
2022,47345627,,51
2022,47345640,,51
2022,48581086,,51
2022,48581087,,51
2022,49766033,,51
2022,48507400,,51
2022,47293247,,51
2022,47291170,,51
2022,47291172,,51
2022,47511691,,51
2022,47293254,,51
2022,47291177,,51
2022,47511692,,51
2022,47511693,,51
2022,47511694,,51
2022,47513056,,51
2022,47511697,,51
2022,47583507,,51
2022,48507401,,51
2022,47513111,,3
2022,47513112,,51
2022,47513113,,51
2022,47513114,,51
2022,47513115,,51
2022,47513116,,51
2022,47596143,,51
2022,49766697,,51
2022,48507403,,51
2022,47596144,,51
2022,47583508,,51
2022,47615993,,51
2022,47615994,,51
2022,47615995,,51
2022,47615996,,51
2022,47615997,,51
2022,47619244,,51
2022,47615998,,51
2022,47615999,,51
2022,47616000,,51
2022,48507404,,51
2022,47513122,,51
2022,47596314,,51
2022,47596315,,51
2022,48507405,,51
2022,49766698,,51
2022,49836690,,51
2022,48507406,,51
2022,49766699,,51
2022,49766700,,51
2022,48507407,,51
2022,48564856,,51
2022,48564857,,51
2022,48564858,,51
2022,48564859,,51
2022,48415581,,51
2022,48378353,,51
2022,48378354,,51
2022,48378355,,51
2022,48507408,,51
2022,47596319,,51
2022,47670332,,51
2022,48577683,,51
2022,47670333,,51
2022,47670334,,51
2022,47670335,,52
2022,48161563,,51
2022,49364456,,51
2022,48430621,,51
2022,48365970,,51
2022,48378356,,51
2022,48430622,,51
2022,48435314,,51
2022,48430624,,51
2022,48430625,,51
2022,48430626,,51
2022,48430627,,51
2022,48812707,,51
2022,48812708,,51
2022,48812709,,51
2022,48812710,,51
2022,48812711,,51
2022,48430628,,51
2022,48430629,,51
2022,48437562,,51
2022,48430631,,51
2022,48430632,,51
2022,48435315,,51
2022,48577684,,51
2022,48495359,,51
2022,50017955,,51
2022,48495361,,51
2022,48495362,,51
2022,48495363,,51
2022,49364457,,51
2022,48495364,,51
2022,48495365,,51
2022,48495367,,51
2022,48495368,,51
2022,48495369,,51
2022,48905428,,51
2022,48905430,,51
2022,48905431,,51
2022,48905432,,51
2022,50017956,,51
2022,48096286,,51
2022,48905433,,51
2022,49364458,,51
2022,49364459,,51
2022,49364460,,51
2022,49364461,,51
2022,50017428,,51
2022,49364462,,51
2022,49364463,,51
2022,49834611,,51
2022,49834612,,51
2022,49834613,,51
2022,49834614,,51
2022,49834615,,51
2022,49834616,,51
2022,48577685,,51
2022,50717842,,51
2022,49834617,,51
2022,49834618,,51
2022,49834619,,51
2022,49834620,,51
2022,49834621,,51
2022,47776614,,51
2022,48577686,,51
2022,47787196,,51
2022,47814882,,51
2022,46259273,,51
2022,46283364,,51
2022,46283365,,51
2022,46283366,,7
2022,47814883,,51
2022,50013417,,51
2022,46881902,,51
2022,46927772,,51
2022,47113744,,51
2022,47852259,,51
2022,47842403,,51
2022,49836693,,51
2022,48577687,,51
2022,47842405,,52
2022,48577688,,51
2022,48132846,,51
2022,48142973,,51
2022,47931549,,51
2022,47931550,,51
2022,47995506,,51
2022,47995507,,51
2022,47995508,,51
2022,49784876,,51
2022,47995509,,51
2022,47995510,,51
2022,47960467,,51
2022,48142975,,51
2022,48538904,,51
2022,48979161,,51
2022,48979162,,51
2022,48994322,,51
2022,48979163,,51
2022,48979164,,51
2022,48994323,,9
2022,50675570,,51
2022,47960468,,51
2022,47995511,,51
2022,48132847,,51
2022,45808162,,51
2022,45808163,,51
2022,46620821,,51
2022,48041217,,51
2022,46620825,,51
2022,46620826,,51
2022,46620829,,51
2022,46620830,,51
2022,46620831,,51
2022,46620832,,51
2022,46621520,,51
2022,47619245,,52
2022,47619246,,51
2022,47619247,,53
2022,47619248,,51
2022,47619249,,51
2022,48491835,,53
2022,48491836,,51
2022,48564885,,51
2022,48132848,,51
2022,48041218,,51
2022,48132849,,51
2022,48491846,,51
2022,48491847,,51
2022,48041219,,51
2022,49834545,,51
2022,51468971,,51
2022,48132851,,51
2022,48576972,,51
2022,48576973,,51
2022,48576974,,52
2022,48576975,,51
2022,48795137,,51
2022,48795138,,51
2022,48795139,,51
2022,49363363,,51
2022,49363364,,51
2022,49363365,,3
2022,49363366,,51
2022,49888828,,51
2022,49740433,,51
2022,49740434,,51
2022,49740435,,51
2022,49740436,,51
2022,49362017,,51
2022,49362018,,51
2022,48096287,,51
2022,48564888,,51
2022,48096288,,51
2022,50026583,,51
2022,49898226,,51
2022,49898227,,51
2022,48096289,,51
2022,48132852,,51
2022,50026584,,51
2022,49898228,,51
2022,49898229,,51
2022,49898230,,51
2022,49898231,,51
2022,48564889,,51
2022,48123418,,51
2022,49362019,,51
2022,49362020,,51
2022,48564890,,51
2022,48564891,,51
2022,48415599,,51
2022,48163102,,51
2022,48163104,,51
2022,50026585,,51
2022,49740448,,51
2022,48163106,,51
2022,46927773,,51
2022,48270882,,51
2022,48270883,,51
2022,48270884,,51
2022,48270885,,52
2022,48437572,,51
2022,48308058,,51
2022,48308059,,51
2022,50017429,,51
2022,49740449,,3
2022,48415601,,51
2022,48426883,,51
2022,48539814,,51
2022,48456077,,51
2022,48456078,,51
2022,48456079,,51
2022,48898830,,51
2022,48538910,,51
2022,48457327,,51
2022,48538911,,51
2022,48457328,,51
2022,48457329,,51
2022,48457330,,51
2022,48457331,,51
2022,48505886,,51
2022,48505887,,51
2022,50013418,,51
2022,46927803,,51
2022,46927804,,51
2022,49362021,,51
2022,48505888,,51
2022,46927805,,51
2022,46927806,,51
2022,46927807,,51
2022,46927808,,51
2022,46927809,,51
2022,46927810,,51
2022,46927811,,51
2022,51238287,,51
2022,51238288,,51
2022,46927814,,51
2022,46927815,,51
2022,46927816,,51
2022,46927817,,51
2022,46927818,,51
2022,48576982,,51
2022,48839385,,51
2022,48576984,,51
2022,48576985,,51
2022,48577689,,51
2022,48577690,,51
2022,48577691,,51
2022,49740450,,51
2022,48741885,,51
2022,49740451,,3
2022,48741887,,51
2022,49790643,,51
2022,49740452,,51
2022,48795169,,51
2022,49740453,,51
2022,50742177,,51
2022,48756366,,51
2022,48756367,,51
2022,48756370,,51
2022,48756371,,51
2022,49362022,,51
2022,50026648,,52
2022,50631140,,51
2022,50631141,,51
2022,46927821,,52
2022,46927822,,51
2022,47230800,,51
2022,46927824,,51
2022,49362063,,51
2022,46927826,,51
2022,46927827,,51
2022,46927828,,51
2022,46927829,,51
2022,46927830,,51
2022,46927831,,51
2022,46927832,,51
2022,46927833,,51
2022,46927834,,51
2022,46927835,,51
2022,46927836,,51
2022,46927837,,51
2022,46927838,,51
2022,46927839,,51
2022,46927840,,51
2022,46927841,,51
2022,46927842,,51
2022,46927843,,51
2022,49362023,,51
2022,49362024,,51
2022,49362025,,51
2022,50017957,,51
2022,48144111,,51
2022,46927845,,51
2022,46927846,,51
2022,46927847,,51
2022,46927848,,51
2022,48839387,,51
2022,49362026,,51
2022,48986034,,51
2022,49362027,,51
2022,49362028,,51
2022,49362029,,51
2022,50689426,,51
2022,48986041,,51
2022,49362030,,51
2022,49362031,,51
2022,49362032,,51
2022,49362033,,51
2022,49362034,,51
2022,49362035,,51
2022,49362036,,51
2022,49362037,,51
2022,49362038,,51
2022,49362039,,51
2022,49362040,,51
2022,49362041,,52
2022,50043997,,51
2022,50631142,,51
2022,46927850,,51
2022,47230801,,51
2022,46927852,,51
2022,46927853,,51
2022,48472508,,51
2022,46927855,,51
2022,46927856,,51
2022,46927857,,51
2022,46927858,,51
2022,46927859,,51
2022,46927860,,51
2022,46927861,,51
2022,48472509,,51
2022,46933180,,51
2022,48346659,,51
2022,46933182,,51
2022,46933183,,51
2022,46933184,,51
2022,46933185,,51
2022,46933186,,51
2022,46933187,,51
2022,46933188,,51
2022,46933189,,51
2022,46933190,,51
2022,46933191,,51
2022,46933192,,52
2022,46933193,,51
2022,46933194,,51
2022,46933195,,51
2022,46933196,,51
2022,46933197,,51
2022,46933198,,51
2022,46933199,,51
2022,46933200,,52
2022,46933201,,51
2022,47230802,,51
2022,46933202,,51
2022,50017958,,51
2022,46933203,,51
2022,46933204,,51
2022,46933205,,51
2022,46933206,,51
2022,46933207,,51
2022,46933208,,51
2022,47230803,,51
2022,47230804,,51
2022,47230805,,51
2022,47230806,,51
2022,47230807,,51
2022,49790644,,51
2022,49362043,,51
2022,49362044,,51
2022,49362045,,51
2022,49362046,,51
2022,49790645,,51
2022,49362047,,51
2022,49362048,,51
2022,50017959,,52
2022,50017960,,51
2022,48144114,,51
2022,47583520,,51
2022,47230809,,51
2022,47230810,,51
2022,47230811,,51
2022,47230812,,51
2022,47230813,,51
2022,47230814,,51
2022,47230815,,51
2022,47230816,,51
2022,47230817,,51
2022,49362051,,51
2022,49362052,,51
2022,49362053,,51
2022,49626641,,51
2022,49362055,,51
2022,49362056,,51
2022,49362057,,51
2022,49626642,,51
2022,50212876,,51
2022,50212877,,51
2022,49626643,,51
2022,49626644,,51
2022,49454879,,51
2022,49454880,,51
2022,49605560,,51
2022,49605561,,51
2022,49607596,,51
2022,48144115,,51
2022,47230819,,51
2022,47230820,,52
2022,48346660,,53
2022,48346661,,53
2022,50026588,,51
2022,47230824,,51
2022,47230825,,51
2022,47230826,,51
2022,47230827,,51
2022,49609896,,51
2022,49609897,,51
2022,49685625,,51
2022,49685626,,51
2022,49685627,,51
2022,49688069,,51
2022,49740456,,51
2022,50009549,,51
2022,50009550,,51
2022,49740457,,51
2022,45007209,,51
2022,50026589,,51
2022,47230828,,51
2022,47230829,,51
2022,47230830,,51
2022,47230831,,51
2022,47230832,,51
2022,47230833,,51
2022,47230834,,51
2022,47230835,,51
2022,47230836,,51
2022,47230837,,51
2022,47230838,,52
2022,50026590,,51
2022,47230840,,51
2022,47230841,,51
2022,47230842,,51
2022,47230843,,51
2022,47230844,,51
2022,47230845,,51
2022,47230846,,51
2022,47230847,,51
2022,47230848,,51
2022,50026591,,51
2022,47230850,,51
2022,47230851,,51
2022,47232369,,51
2022,47232370,,51
2022,47232371,,51
2022,47232372,,51
2022,47232373,,51
2022,47232374,,51
2022,47232375,,51
2022,47232376,,51
2022,47232377,,51
2022,47232378,,51
2022,47232379,,51
2022,48740979,,51
2022,47232381,,51
2022,47583521,,51
2022,47232383,,51
2022,47232384,,51
2022,47232385,,51
2022,50026592,,51
2022,47232387,,51
2022,47232388,,51
2022,47232389,,51
2022,47232390,,51
2022,47232391,,51
2022,47232392,,51
2022,50631143,,51
2022,50631144,,51
2022,50631145,,52
2022,50631146,,51
2022,50631147,,51
2022,47232398,,51
2022,47232399,,51
2022,47232400,,51
2022,47232401,,51
2022,47232402,,53
2022,47232403,,51
2022,47232404,,51
2022,50631148,,51
2022,47232406,,51
2022,47232407,,51
2022,47583527,,51
2022,47232409,,52
2022,48144117,,51
2022,47232411,,51
2022,47232412,,51
2022,47232413,,51
2022,47232414,,51
2022,47232415,,51
2022,47232416,,51
2022,47232417,,51
2022,47232418,,51
2022,47232419,,51
2022,47232420,,51
2022,45170339,,51
2022,45214240,,51
2022,45445675,,51
2022,45495501,,51
2022,45765091,,51
2022,50026594,,51
2022,47232422,,51
2022,47232423,,52
2022,47232424,,51
2022,47232425,,51
2022,47232426,,51
2022,50026595,,51
2022,47583529,,51
2022,47232428,,51
2022,47596145,,51
2022,47596146,,51
2022,47596147,,51
2022,49362064,,51
2022,49362065,,51
2022,49362066,,51
2022,47596148,,51
2022,47596149,,51
2022,47596150,,51
2022,47596151,,51
2022,47596152,,51
2022,47596153,,51
2022,47596154,,51
2022,47596155,,51
2022,46562278,,51
2022,46562279,,51
2022,46562280,,51
2022,46562281,,51
2022,46620835,,51
2022,46697087,,51
2022,46824428,,51
2022,46860584,,51
2022,46868702,,51
2022,46914493,,51
2022,46921797,,51
2022,47081359,,51
2022,47161449,,51
2022,47245082,,51
2022,47266304,,51
2022,48170840,,51
2022,47399941,,51
2022,47499536,,51
2022,47508065,,51
2022,47599971,,51
2022,47745400,,51
2022,47931552,,51
2022,48041220,,52
2022,50026596,,51
2022,47596156,,51
2022,47596157,,52
2022,47596158,,51
2022,47596159,,51
2022,47596160,,51
2022,47596161,,51
2022,47596162,,51
2022,47596163,,51
2022,47596164,,51
2022,47596165,,51
2022,47596166,,51
2022,47596167,,51
2022,47596168,,51
2022,47596169,,51
2022,49362067,,51
2022,47596171,,53
2022,47596172,,51
2022,47596173,,51
2022,47596174,,51
2022,49362068,,4
2022,47596176,,51
2022,47596177,,51
2022,47596178,,51
2022,47596179,,51
2022,47596180,,51
2022,47596181,,51
2022,47596182,,51
2022,47596183,,51
2022,47596184,,51
2022,47596185,,51
2022,47596186,,51
2022,47596187,,51
2022,50026597,,51
2022,48762862,,51
2022,48086625,,51
2022,50026598,,51
2022,47596190,,51
2022,47596191,,51
2022,47596192,,51
2022,47596193,,51
2022,47596194,,51
2022,47596195,,51
2022,47596196,,51
2022,47596197,,51
2022,47596198,,51
2022,47596199,,51
2022,47596200,,51
2022,47596201,,51
2022,47596202,,51
2022,47596203,,51
2022,47596204,,51
2022,47596205,,51
2022,47596206,,51
2022,48099078,,51
2022,48144120,,51
2022,47596208,,51
2022,47596209,,51
2022,48170841,,51
2022,48167133,,51
2022,48170842,,51
2022,48179301,,51
2022,48430639,,51
2022,49363549,,51
2022,49363550,,51
2022,48830830,,51
2022,48762863,,51
2022,48795172,,51
2022,48795173,,51
2022,48931815,,51
2022,49363551,,51
2022,49363552,,51
2022,49363553,,51
2022,49363554,,51
2022,49363555,,51
2022,49363556,,51
2022,49363557,,51
2022,49363558,,51
2022,49363559,,51
2022,49588333,,51
2022,49634445,,51
2022,49592783,,51
2022,47596210,,51
2022,47596211,,51
2022,47596212,,51
2022,47596213,,51
2022,50026599,,51
2022,47596215,,51
2022,47596216,,51
2022,47596217,,1
2022,47596218,,51
2022,47596219,,51
2022,47596220,,51
2022,50631149,,51
2022,47596222,,51
2022,47596223,,51
2022,47596224,,51
2022,50026600,,51
2022,47596226,,51
2022,47596227,,52
2022,47596228,,51
2022,47596229,,51
2022,47596230,,51
2022,47596231,,51
2022,47596232,,51
2022,47596233,,51
2022,50631150,,51
2022,47596235,,51
2022,47596236,,51
2022,50631151,,52
2022,47596238,,51
2022,47596239,,51
2022,47596240,,52
2022,47596241,,51
2022,47596242,,51
2022,50026602,,51
2022,48144123,,51
2022,47596245,,51
2022,47596246,,51
2022,47596247,,51
2022,47596248,,51
2022,47596249,,51
2022,47596250,,51
2022,47596251,,51
2022,47596252,,51
2022,47596253,,9
2022,47596254,,51
2022,47596255,,51
2022,47596256,,51
2022,47596257,,51
2022,47596258,,51
2022,47596259,,51
2022,47596260,,51
2022,49362073,,51
2022,47596262,,51
2022,47596263,,51
2022,47596264,,51
2022,47596265,,51
2022,47596266,,51
2022,47596267,,51
2022,47596268,,51
2022,50631153,,51
2022,47596270,,51
2022,47596271,,51
2022,47596272,,51
2022,47596273,,51
2022,47596274,,51
2022,47596275,,51
2022,47596276,,51
2022,47596277,,51
2022,48178042,,51
2022,48178043,,52
2022,47596278,,51
2022,47596279,,51
2022,47596280,,51
2022,47596281,,51
2022,47596282,,51
2022,47596283,,51
2022,50631154,,51
2022,47596285,,51
2022,47596286,,51
2022,47596287,,51
2022,48142976,,51
2022,48142977,,51
2022,45132692,,51
2022,46286631,,51
2022,46286632,,51
2022,45219116,,51
2022,45833892,,51
2022,45228087,,51
2022,45245583,,51
2022,45263020,,51
2022,48142978,,51
2022,51238289,,51
2022,48142980,,51
2022,48472510,,51
2022,45267613,,51
2022,45279570,,51
2022,45356018,,51
2022,45453241,,51
2022,45509305,,51
2022,45529389,,51
2022,45623022,,51
2022,45833894,,51
2022,45808211,,51
2022,45833896,,51
2022,45833897,,51
2022,45833898,,51
2022,45833899,,51
2022,45833901,,51
2022,45833902,,51
2022,45833903,,51
2022,45833904,,51
2022,45833906,,51
2022,45833907,,51
2022,45833909,,51
2022,45833910,,51
2022,45833912,,51
2022,45833913,,51
2022,45679541,,51
2022,48142982,,51
2022,47814884,,51
2022,45764378,,51
2022,45796267,,51
2022,45833917,,51
2022,45833918,,51
2022,45833922,,7
2022,45833923,,51
2022,45964537,,51
2022,48142983,,1
2022,48142984,,51
2022,45964538,,51
2022,50063104,,51
2022,48142985,,51
2022,46250453,,52
2022,46321873,,51
2022,46587462,,51
2022,46259292,,51
2022,46277817,,51
2022,46277818,,51
2022,46277819,,51
2022,46277821,,51
2022,46280935,,51
2022,46280936,,51
2022,46297048,,51
2022,46321874,,51
2022,46658073,,51
2022,46562282,,51
2022,46562283,,51
2022,48142986,,51
2022,46610006,,51
2022,46637530,,51
2022,46637531,,51
2022,46683298,,51
2022,46815848,,51
2022,46875700,,51
2022,46875701,,51
2022,47814885,,51
2022,46881918,,51
2022,46881920,,51
2022,46885820,,51
2022,47247562,,51
2022,49363560,,51
2022,46991915,,51
2022,46991916,,51
2022,46991917,,51
2022,46991918,,51
2022,46991919,,51
2022,46991920,,51
2022,46985411,,51
2022,48142987,,51
2022,48029084,,51
2022,48142988,,51
2022,50631155,,3
2022,50631156,,51
2022,50026605,,51
2022,47293282,,51
2022,47232448,,51
2022,47247563,,51
2022,47232449,,51
2022,47195391,,51
2022,48142991,,51
2022,47646284,,51
2022,47291192,,51
2022,48875437,,51
2022,49553596,,51
2022,47697366,,51
2022,47814886,,51
2022,47774856,,51
2022,48142992,,51
2022,47774857,,51
2022,47959857,,51
2022,48028135,,51
2022,48142993,,51
2022,48142994,,51
2022,48491848,,51
2022,48491849,,51
2022,48188347,,51
2022,48142995,,51
2022,48188348,,51
2022,48099081,,51
2022,48142996,,51
2022,48099084,,51
2022,48142997,,51
2022,48142998,,51
2022,48491850,,51
2022,48132853,,51
2022,48142999,,51
2022,48151526,,51
2022,48143000,,51
2022,50631157,,51
2022,48170843,,51
2022,48161564,,51
2022,48143002,,51
2022,48161565,,51
2022,48143003,,51
2022,48161566,,51
2022,48143004,,51
2022,48143005,,51
2022,48170844,,51
2022,48170845,,51
2022,48187492,,51
2022,48187496,,51
2022,48143006,,51
2022,49607597,,51
2022,48307371,,51
2022,48456080,,51
2022,48456081,,51
2022,49607598,,51
2022,48464528,,51
2022,48464529,,51
2022,48495384,,51
2022,48491852,,51
2022,48491853,,51
2022,48751177,,51
2022,48751178,,51
2022,48751179,,51
2022,48751180,,51
2022,48502819,,51
2022,48502820,,51
2022,48538912,,51
2022,48143007,,51
2022,48143008,,51
2022,48143009,,51
2022,50631159,,51
2022,50631160,,51
2022,48538913,,51
2022,48539815,,51
2022,48571297,,51
2022,48647415,,51
2022,49607599,,51
2022,48741889,,51
2022,48749335,,51
2022,48751181,,52
2022,49950243,,51
2022,48795174,,51
2022,48143012,,51
2022,49607600,,51
2022,48838757,,51
2022,49766034,,51
2022,49607601,,51
2022,49607602,,51
2022,49607603,,51
2022,49607604,,51
2022,49607605,,51
2022,49607606,,51
2022,49363561,,51
2022,49363562,,51
2022,49553597,,51
2022,49363563,,51
2022,49363564,,51
2022,49363565,,51
2022,49363566,,51
2022,49363567,,51
2022,49363568,,51
2022,49363569,,51
2022,49363570,,51
2022,48143013,,51
2022,49363571,,51
2022,49363572,,51
2022,49547819,,51
2022,49547820,,51
2022,49547821,,51
2022,49553598,,51
2022,49553599,,51
2022,49571180,,51
2022,48143014,,51
2022,49605562,,51
2022,49969254,,51
2022,50648762,,51
2022,44952780,,51
2022,48143015,,51
2022,48143016,,51
2022,48143017,,51
2022,48143018,,52
2022,48740986,,51
2022,48143020,,51
2022,49362074,,51
2022,48143022,,51
2022,48472512,,53
2022,48143024,,51
2022,48143026,,51
2022,45263021,,51
2022,44942990,,51
2022,48143027,,51
2022,44942991,,51
2022,48144125,,51
2022,44952781,,51
2022,46275362,,51
2022,46275363,,51
2022,45007211,,51
2022,45088504,,51
2022,45016223,,51
2022,45088505,,51
2022,48144126,,51
2022,48740987,,51
2022,48740988,,51
2022,45640184,,51
2022,45215518,,51
2022,45219117,,51
2022,45230854,,51
2022,45231509,,51
2022,45263022,,51
2022,45640187,,51
2022,45640188,,51
2022,45658893,,51
2022,45453242,,51
2022,45453243,,51
2022,45453244,,51
2022,45453245,,51
2022,45751375,,51
2022,45529390,,51
2022,45529391,,51
2022,45653968,,51
2022,45653969,,51
2022,45699847,,51
2022,46275364,,51
2022,46273480,,51
2022,48144129,,9
2022,48144130,,51
2022,45700349,,51
2022,45700350,,51
2022,45700351,,51
2022,45720985,,51
2022,45765092,,51
2022,46275365,,51
2022,45808214,,51
2022,45923662,,51
2022,45950885,,51
2022,48144131,,51
2022,48144132,,51
2022,46273481,,51
2022,46273482,,51
2022,46273483,,51
2022,46273484,,51
2022,46150801,,51
2022,48144133,,51
2022,46150802,,51
2022,46150803,,51
2022,46269275,,51
2022,46244390,,51
2022,48144134,,51
2022,51238290,,52
2022,46293671,,51
2022,46293673,,51
2022,46293674,,51
2022,46277822,,51
2022,46321875,,51
2022,46321876,,51
2022,46321877,,51
2022,46301012,,51
2022,46344850,,51
2022,48144136,,51
2022,48144137,,51
2022,48144138,,51
2022,46885821,,51
2022,46562284,,51
2022,46562285,,51
2022,48144139,,51
2022,51238291,,51
2022,46562286,,51
2022,46562287,,51
2022,46562288,,51
2022,46562289,,51
2022,46562290,,51
2022,46885822,,51
2022,46885823,,51
2022,46885824,,51
2022,46562292,,51
2022,46562293,,51
2022,46562294,,51
2022,46623273,,51
2022,46623274,,51
2022,46627588,,51
2022,46881921,,51
2022,46881922,,51
2022,46886724,,51
2022,46875702,,51
2022,49363585,,51
2022,46889884,,51
2022,46889885,,51
2022,46914494,,51
2022,46890435,,51
2022,46914495,,51
2022,46921798,,51
2022,46953638,,51
2022,46957196,,51
2022,47009796,,51
2022,46966234,,51
2022,46982224,,51
2022,46982225,,51
2022,46982226,,51
2022,47038055,,51
2022,47081360,,51
2022,47280210,,51
2022,47280211,,51
2022,47280212,,51
2022,47173694,,51
2022,47173695,,51
2022,47173696,,51
2022,47173697,,51
2022,47173698,,51
2022,47293283,,51
2022,48144141,,51
2022,47376610,,51
2022,47376611,,51
2022,47376613,,51
2022,47319978,,51
2022,47345659,,51
2022,47747283,,51
2022,47747284,,51
2022,47376614,,51
2022,47499537,,51
2022,47509524,,51
2022,47509525,,51
2022,47509526,,51
2022,47508068,,51
2022,47508071,,51
2022,47834460,,51
2022,47554522,,51
2022,47554523,,51
2022,47852263,,51
2022,47596320,,51
2022,47596321,,51
2022,47596322,,51
2022,47596323,,51
2022,47670336,,51
2022,47670337,,51
2022,47814887,,51
2022,47834462,,51
2022,47841665,,51
2022,47852264,,51
2022,47920430,,51
2022,47920431,,51
2022,48028136,,51
2022,48028137,,51
2022,48028138,,51
2022,48144142,,51
2022,48144145,,51
2022,50026606,,51
2022,48069734,,51
2022,48069735,,51
2022,50026607,,51
2022,48478279,,51
2022,48170846,,51
2022,48178119,,51
2022,48348596,,51
2022,50026608,,51
2022,48478280,,51
2022,48478281,,51
2022,48478282,,51
2022,48478283,,51
2022,48478284,,51
2022,48495385,,51
2022,50026609,,51
2022,48501936,,51
2022,48581088,,51
2022,48626238,,51
2022,48741076,,51
2022,48755513,,51
2022,48762409,,51
2022,48914011,,51
2022,48979297,,51
2022,48994355,,51
2022,49363586,,51
2022,49363587,,51
2022,49363588,,51
2022,49363589,,51
2022,49363590,,51
2022,49363591,,51
2022,49363592,,51
2022,49363593,,51
2022,49363594,,51
2022,49363595,,51
2022,49363596,,51
2022,49363597,,51
2022,49363598,,51
2022,49363599,,51
2022,49363600,,51
2022,49363601,,51
2022,49363602,,51
2022,49363603,,51
2022,49363604,,51
2022,49363605,,51
2022,50026610,,51
2022,49539986,,51
2022,48144146,,51
2022,48144147,,51
2022,49557916,,51
2022,48144148,,51
2022,49557917,,51
2022,49557918,,51
2022,49557919,,51
2022,49557920,,51
2022,49605563,,51
2022,49626646,,51
2022,45007212,,51
2022,48144149,,1
2022,48740994,,51
2022,48144151,,52
2022,48740995,,51
2022,48472513,,51
2022,48144154,,51
2022,48144155,,51
2022,48144156,,9
2022,50026611,,51
2022,48144158,,51
2022,48144159,,51
2022,51238292,,51
2022,45105497,,51
2022,45225240,,51
2022,45280446,,51
2022,45356020,,51
2022,46240118,,52
2022,46244957,,51
2022,46249175,,51
2022,46562295,,51
2022,46562296,,51
2022,46562297,,51
2022,46573650,,51
2022,46573651,,51
2022,46573652,,51
2022,46573653,,51
2022,46755846,,51
2022,46755847,,51
2022,46834248,,51
2022,47216222,,51
2022,46915155,,51
2022,47449585,,51
2022,47449586,,51
2022,47449588,,51
2022,47449589,,51
2022,48144161,,51
2022,47499538,,51
2022,47499539,,51
2022,47499540,,51
2022,47499541,,51
2022,47499542,,51
2022,47499543,,51
2022,47499544,,51
2022,47499546,,51
2022,47499547,,51
2022,47499549,,51
2022,47806722,,51
2022,47806725,,51
2022,48028139,,51
2022,48144162,,51
2022,48144163,,51
2022,48756372,,51
2022,48749336,,51
2022,48741890,,51
2022,48741891,,51
2022,48749337,,51
2022,48895101,,51
2022,49363606,,51
2022,49363607,,51
2022,49363608,,51
2022,49363609,,51
2022,49363610,,51
2022,49454890,,52
2022,49464620,,51
2022,49464621,,52
2022,49588334,,51
2022,45950887,,51
2022,48144165,,51
2022,48144166,,51
2022,48144167,,51
2022,48144168,,51
2022,50026612,,51
2022,45950888,,51
2022,48144170,,51
2022,46637524,,51
2022,45950889,,51
2022,45950890,,51
2022,48144171,,51
2022,48144172,,51
2022,46271475,,51
2022,46637525,,51
2022,47304075,,51
2022,47440439,,51
2022,46271476,,51
2022,48144173,,51
2022,48144174,,51
2022,48178044,,51
2022,48178045,,51
2022,48178046,,3
2022,48178047,,52
2022,48346663,,51
2022,48178049,,51
2022,50026613,,51
2022,48178051,,51
2022,48178052,,51
2022,48178053,,51
2022,48178054,,51
2022,48178055,,51
2022,48346664,,51
2022,48178057,,51
2022,48178058,,51
2022,48178059,,51
2022,48178060,,51
2022,48472514,,51
2022,48178062,,51
2022,48178063,,51
2022,48178064,,51
2022,48178065,,51
2022,48178066,,51
2022,48178067,,51
2022,48178068,,51
2022,48156342,,51
2022,45950892,,51
2022,50026614,,51
2022,46280937,,51
2022,46280938,,51
2022,47174051,,51
2022,46305953,,51
2022,46280939,,51
2022,46305954,,51
2022,46562106,,51
2022,46305955,,51
2022,46305956,,52
2022,46562107,,51
2022,46637526,,51
2022,50026615,,51
2022,48178069,,52
2022,46832779,,51
2022,46832780,,51
2022,46860585,,51
2022,46889886,,51
2022,46889887,,51
2022,46954616,,51
2022,46954617,,51
2022,47345664,,3
2022,47440440,,51
2022,48330584,,51
2022,48498264,,51
2022,47960469,,51
2022,49547822,,51
2022,49547823,,51
2022,47931553,,51
2022,47931554,,51
2022,48187499,,51
2022,47931556,,51
2022,48084446,,51
2022,48986045,,51
2022,47991106,,51
2022,48331401,,51
2022,48178070,,51
2022,48178071,,51
2022,48178072,,51
2022,48178073,,51
2022,48178074,,51
2022,48178075,,51
2022,48178076,,51
2022,48178077,,51
2022,48178078,,53
2022,48178079,,51
2022,48178081,,51
2022,48178082,,51
2022,48178083,,3
2022,48178084,,51
2022,48178085,,3
2022,48178086,,3
2022,48178087,,3
2022,48178088,,3
2022,48740996,,51
2022,48178090,,51
2022,48178091,,51
2022,48178092,,51
2022,48178093,,51
2022,48178094,,51
2022,50631162,,51
2022,48178096,,51
2022,48178097,,51
2022,48178098,,51
2022,48178099,,51
2022,48178100,,51
2022,50631164,,51
2022,48178102,,51
2022,51275530,,51
2022,48178104,,51
2022,48178105,,51
2022,50631165,,51
2022,48178107,,51
2022,48330585,,51
2022,48330586,,51
2022,48156344,,51
2022,49547824,,52
2022,48415603,,51
2022,48762410,,51
2022,48986049,,51
2022,49363367,,51
2022,48986050,,51
2022,48986051,,51
2022,48986053,,51
2022,48830831,,51
2022,49363369,,51
2022,48986058,,51
2022,48986059,,51
2022,49363370,,51
2022,50026618,,51
2022,48179277,,51
2022,48740997,,51
2022,48179280,,51
2022,48179281,,51
2022,48179282,,51
2022,48179283,,51
2022,48179284,,51
2022,48179285,,51
2022,49363371,,52
2022,50026619,,51
2022,48740998,,51
2022,48740999,,3
2022,48741000,,51
2022,48741001,,3
2022,49363372,,51
2022,48179287,,52
2022,48179288,,51
2022,48179289,,51
2022,48179290,,51
2022,48179291,,51
2022,48179292,,51
2022,48346665,,51
2022,49766701,,51
2022,48346666,,51
2022,48346667,,3
2022,48346668,,51
2022,49363375,,51
2022,49766702,,51
2022,49977862,,51
2022,50026620,,51
2022,48346670,,51
2022,48346671,,51
2022,51238294,,51
2022,49362079,,51
2022,49362080,,51
2022,49362081,,51
2022,49362082,,51
2022,48346677,,51
2022,49547825,,51
2022,49977863,,51
2022,48346678,,51
2022,50026621,,51
2022,48346680,,51
2022,48346681,,51
2022,48346682,,51
2022,48346683,,51
2022,48348505,,51
2022,48348506,,51
2022,51238295,,51
2022,48348508,,51
2022,49977864,,51
2022,49977865,,51
2022,48348509,,51
2022,48348510,,53
2022,48348511,,51
2022,48348512,,51
2022,48348513,,51
2022,48348514,,51
2022,48348515,,51
2022,48348516,,51
2022,49977866,,51
2022,48348517,,51
2022,48348518,,51
2022,48348519,,51
2022,48348520,,51
2022,48348521,,51
2022,48348522,,51
2022,48348523,,51
2022,48348524,,51
2022,48348525,,51
2022,48348526,,51
2022,48348527,,51
2022,48348528,,51
2022,48348529,,51
2022,49363379,,51
2022,49834558,,51
2022,49685633,,51
2022,49977867,,51
2022,48348530,,51
2022,48348531,,51
2022,48348532,,51
2022,48348533,,51
2022,50631167,,51
2022,48348535,,51
2022,48348536,,51
2022,48348537,,51
2022,48348538,,51
2022,48348539,,51
2022,48348540,,51
2022,51395814,,51
2022,48348541,,51
2022,48348542,,51
2022,48348543,,51
2022,48348544,,51
2022,50631168,,51
2022,48348546,,51
2022,49362084,,51
2022,48348548,,51
2022,48348549,,51
2022,48348550,,51
2022,48348551,,51
2022,48348552,,51
2022,49362085,,52
2022,48348554,,51
2022,48348555,,51
2022,48348556,,51
2022,48348557,,51
2022,48348558,,51
2022,48348559,,51
2022,48348560,,51
2022,51238296,,51
2022,48348562,,51
2022,48348563,,51
2022,48348564,,51
2022,48348565,,51
2022,48348566,,51
2022,48348567,,51
2022,48348568,,51
2022,48348569,,51
2022,48348570,,51
2022,51395815,,51
2022,46868714,,51
2022,50026623,,51
2022,50631170,,51
2022,48348573,,51
2022,48348574,,51
2022,48348575,,51
2022,51238297,,51
2022,46868715,,51
2022,47565679,,51
2022,48510691,,51
2022,48348577,,51
2022,48348578,,51
2022,48348579,,51
2022,48348580,,51
2022,48348581,,51
2022,48348582,,51
2022,48348583,,51
2022,51238298,,51
2022,48348585,,51
2022,48348586,,51
2022,48348587,,51
2022,48365980,,51
2022,48741002,,51
2022,48365981,,51
2022,48741003,,51
2022,48365982,,51
2022,48365983,,51
2022,48365984,,51
2022,48365985,,51
2022,48365986,,51
2022,48365987,,51
2022,48365988,,52
2022,48365989,,51
2022,48365990,,51
2022,48365991,,51
2022,48365992,,51
2022,48472516,,51
2022,48365995,,51
2022,48365996,,51
2022,48365997,,51
2022,48365998,,51
2022,48365999,,51
2022,48366000,,51
2022,48366001,,51
2022,48366002,,51
2022,48366003,,51
2022,48366004,,51
2022,48366005,,51
2022,48366006,,51
2022,48366007,,51
2022,48366008,,51
2022,49460723,,51
2022,49612874,,51
2022,45833928,,51
2022,50026626,,51
2022,50631171,,51
2022,50026628,,51
2022,48366012,,52
2022,48366013,,51
2022,51275531,,51
2022,50631172,,51
2022,48366015,,51
2022,48366016,,51
2022,48366017,,51
2022,48366018,,51
2022,48366019,,51
2022,48366020,,51
2022,48472517,,51
2022,50631173,,51
2022,48366022,,51
2022,48366023,,51
2022,48366024,,53
2022,50631174,,51
2022,48366026,,51
2022,49362091,,51
2022,48366028,,51
2022,48366029,,51
2022,48366030,,51
2022,48366031,,51
2022,48366032,,52
2022,48366033,,51
2022,48366034,,51
2022,48366035,,51
2022,48741006,,51
2022,48741007,,51
2022,48366036,,51
2022,48366037,,51
2022,48366038,,51
2022,48366039,,51
2022,45833933,,51
2022,45932459,,51
2022,48472518,,51
2022,48366041,,51
2022,48366042,,51
2022,48366043,,51
2022,48366044,,51
2022,45932462,,51
2022,50026631,,3
2022,48741008,,51
2022,48741009,,51
2022,48741010,,51
2022,48741011,,51
2022,48366046,,51
2022,48366048,,51
2022,48366049,,51
2022,50631177,,51
2022,48366051,,51
2022,48366052,,51
2022,48366053,,51
2022,48366054,,51
2022,48366055,,51
2022,48366056,,51
2022,48472519,,51
2022,48366057,,52
2022,48366058,,51
2022,48366059,,51
2022,48366060,,51
2022,48366061,,51
2022,48366062,,51
2022,48366063,,51
2022,48366064,,51
2022,48366065,,51
2022,48366066,,51
2022,48366067,,51
2022,50631178,,51
2022,48366069,,51
2022,48366070,,51
2022,48366071,,51
2022,48366072,,51
2022,48366073,,51
2022,48366074,,51
2022,48366075,,52
2022,49362092,,1
2022,51238299,,51
2022,48366077,,51
2022,50026632,,51
2022,48366079,,51
2022,50631179,,51
2022,48741012,,51
2022,48472520,,51
2022,48741013,,51
2022,48366082,,51
2022,48478164,,51
2022,45932463,,51
2022,48478165,,51
2022,48478166,,51
2022,50631182,,51
2022,50631183,,51
2022,50631184,,51
2022,50631185,,51
2022,48741014,,51
2022,48741015,,51
2022,48478173,,51
2022,50631186,,51
2022,48478178,,51
2022,48478179,,51
2022,48478180,,51
2022,48478181,,51
2022,48741016,,51
2022,49362093,,51
2022,51238300,,51
2022,48741017,,51
2022,46560440,,51
2022,45932464,,51
2022,45939108,,51
2022,45950893,,51
2022,46344851,,51
2022,46344852,,51
2022,46344853,,51
2022,46574274,,51
2022,46560441,,51
2022,46560443,,51
2022,46560444,,51
2022,46560445,,51
2022,46560446,,51
2022,46560447,,51
2022,46560448,,51
2022,46560449,,51
2022,46560450,,51
2022,46574275,,51
2022,46573622,,51
2022,50026634,,51
2022,48478187,,51
2022,48478188,,52
2022,50631187,,51
2022,48478190,,51
2022,48478191,,51
2022,48478192,,51
2022,48478193,,51
2022,48478194,,51
2022,48478195,,51
2022,48478196,,52
2022,48478197,,51
2022,48478198,,51
2022,48478199,,51
2022,48478200,,51
2022,49362095,,51
2022,48478202,,1
2022,48478203,,51
2022,48478204,,51
2022,48741018,,51
2022,48478205,,51
2022,50631188,,51
2022,48478207,,52
2022,48478208,,51
2022,48478209,,51
2022,48478210,,51
2022,48741019,,51
2022,48478213,,51
2022,48478214,,51
2022,49362096,,51
2022,46574276,,51
2022,46815239,,51
2022,46824429,,51
2022,46815767,,51
2022,47685121,,51
2022,46824430,,51
2022,47083758,,51
2022,47083760,,51
2022,47083761,,51
2022,47083762,,51
2022,47083763,,51
2022,47113868,,52
2022,47685122,,51
2022,47692853,,51
2022,47113871,,51
2022,47113873,,51
2022,47121842,,51
2022,47121843,,51
2022,47697367,,51
2022,47685124,,51
2022,47697368,,51
2022,47697370,,51
2022,47717509,,51
2022,47717510,,51
2022,47717511,,51
2022,47718237,,51
2022,47718238,,51
2022,49836632,,51
2022,49836633,,51
2022,47847292,,51
2022,47849356,,51
2022,47849357,,51
2022,47852265,,51
2022,47852266,,51
2022,47864975,,51
2022,50631191,,51
2022,47864976,,51
2022,50631192,,51
2022,48383564,,51
2022,48478217,,51
2022,48478218,,51
2022,49362097,,51
2022,48426884,,51
2022,49362098,,51
2022,48478221,,51
2022,48478222,,51
2022,48478223,,51
2022,48478224,,51
2022,48430640,,51
2022,48478225,,51
2022,48478226,,51
2022,48430641,,51
2022,48478227,,51
2022,48478228,,51
2022,48430642,,51
2022,48478229,,51
2022,48478230,,51
2022,48430643,,51
2022,49362099,,51
2022,48478231,,51
2022,48437573,,51
2022,48478232,,51
2022,48478233,,51
2022,48478234,,51
2022,48478235,,51
2022,48438220,,51
2022,48438221,,51
2022,48456083,,51
2022,48456084,,51
2022,48456085,,51
2022,48457332,,51
2022,48457333,,51
2022,48457334,,51
2022,49360415,,51
2022,49360416,,51
2022,49360417,,51
2022,49360418,,51
2022,49360419,,51
2022,50026635,,51
2022,49360420,,51
2022,49360421,,51
2022,49360422,,51
2022,49360423,,51
2022,49360424,,51
2022,49360425,,51
2022,49360426,,51
2022,49360427,,51
2022,49360428,,51
2022,49360429,,51
2022,50013422,,51
2022,50026636,,51
2022,48478238,,51
2022,48478239,,51
2022,48478240,,51
2022,48478241,,51
2022,49360430,,51
2022,49360431,,51
2022,49360432,,51
2022,49360433,,51
2022,49969185,,51
2022,49836634,,51
2022,49836635,,51
2022,49969186,,51
2022,49974084,,51
2022,50026637,,51
2022,48478243,,51
2022,48478244,,51
2022,48478245,,51
2022,48741020,,51
2022,48741021,,51
2022,48478246,,51
2022,48478247,,51
2022,48478248,,51
2022,48478249,,51
2022,48478250,,51
2022,48478251,,51
2022,48478252,,51
2022,48478253,,51
2022,48478254,,51
2022,48478255,,51
2022,48478256,,51
2022,48478257,,51
2022,48478258,,51
2022,50017430,,51
2022,49977770,,51
2022,49977771,,51
2022,50003865,,51
2022,50026638,,51
2022,48478260,,51
2022,48478261,,51
2022,48478262,,51
2022,48478263,,51
2022,48478264,,51
2022,48478265,,51
2022,48478266,,51
2022,48478267,,51
2022,48478268,,51
2022,48478269,,52
2022,48478270,,52
2022,48478271,,51
2022,48478272,,51
2022,48478273,,1
2022,48478274,,51
2022,48741022,,51
2022,48741023,,51
2022,48741024,,51
2022,48741025,,51
2022,49362104,,51
2022,48741027,,51
2022,49362105,,51
2022,48741029,,51
2022,50017431,,51
2022,48741030,,51
2022,48741031,,51
2022,48741032,,51
2022,48741033,,51
2022,48741034,,9
2022,50631194,,51
2022,48741036,,51
2022,48741037,,51
2022,48741038,,51
2022,49362106,,9
2022,49362107,,51
2022,49362108,,51
2022,48741041,,51
2022,50017432,,51
2022,48741042,,51
2022,48741043,,51
2022,48741044,,51
2022,48741045,,51
2022,48741046,,51
2022,48741772,,51
2022,48741773,,51
2022,48741774,,51
2022,50631195,,51
2022,50017433,,51
2022,51395816,,51
2022,50026639,,51
2022,50631196,,51
2022,48741778,,51
2022,48741779,,51
2022,48741780,,51
2022,48741781,,51
2022,48741782,,51
2022,49362109,,51
2022,48741784,,51
2022,48741785,,51
2022,50026640,,51
2022,48741787,,51
2022,48741788,,51
2022,50017961,,51
2022,50017962,,51
2022,50017963,,51
2022,50043860,,51
2022,50017964,,51
2022,46675518,,3
2022,47787197,,51
2022,46675520,,51
2022,46675521,,51
2022,46675522,,51
2022,46970202,,51
2022,46675524,,51
2022,46675525,,51
2022,50043861,,51
2022,50043862,,51
2022,50631198,,51
2022,48741793,,51
2022,48741794,,51
2022,48741795,,51
2022,50631200,,51
2022,48741797,,51
2022,48741798,,51
2022,50631201,,51
2022,48741800,,51
2022,48741801,,51
2022,48741802,,51
2022,48741803,,51
2022,46675526,,51
2022,46675527,,51
2022,46675528,,51
2022,46675530,,51
2022,46675532,,51
2022,46675533,,52
2022,48564892,,51
2022,46970203,,51
2022,49362112,,51
2022,48741805,,51
2022,46970204,,51
2022,46970205,,51
2022,46970206,,51
2022,50043864,,51
2022,46970207,,51
2022,48741807,,51
2022,48741808,,51
2022,48741809,,51
2022,48741810,,51
2022,48741811,,51
2022,48741812,,51
2022,48741813,,51
2022,49362113,,51
2022,48741815,,51
2022,48741816,,51
2022,48741817,,51
2022,48741818,,51
2022,48741819,,51
2022,48741820,,51
2022,50631203,,51
2022,50631204,,51
2022,48741823,,51
2022,48741824,,51
2022,48741825,,51
2022,51238302,,51
2022,51238303,,51
2022,48741828,,53
2022,48741829,,51
2022,48741830,,51
2022,48741831,,51
2022,48741832,,51
2022,48741833,,51
2022,48741834,,51
2022,48741835,,51
2022,48741836,,51
2022,48741837,,51
2022,51238304,,51
2022,48741839,,52
2022,46970208,,3
2022,46970209,,3
2022,46970210,,51
2022,47376617,,51
2022,46977886,,51
2022,46977887,,51
2022,46977888,,51
2022,46977889,,51
2022,47376621,,51
2022,47376623,,51
2022,47376624,,51
2022,47376630,,51
2022,50043867,,51
2022,49362115,,51
2022,48151527,,3
2022,48741842,,51
2022,48741843,,51
2022,48741844,,51
2022,48741845,,51
2022,48741846,,51
2022,50631208,,51
2022,48741848,,51
2022,48741849,,51
2022,48741850,,51
2022,48741851,,51
2022,48741852,,51
2022,48741853,,51
2022,51238305,,51
2022,51238306,,51
2022,48741856,,51
2022,47376636,,53
2022,47376638,,51
2022,47376639,,51
2022,47787199,,51
2022,48151528,,51
2022,50043869,,51
2022,48741857,,51
2022,48741858,,51
2022,48741859,,51
2022,51238307,,51
2022,48741861,,51
2022,48741862,,51
2022,51238308,,51
2022,49362117,,51
2022,48741865,,52
2022,48741866,,51
2022,48741867,,51
2022,48741868,,51
2022,49362118,,51
2022,50631210,,51
2022,49362120,,51
2022,49362121,,51
2022,49362122,,51
2022,49362123,,51
2022,48151529,,51
2022,47787202,,51
2022,47787203,,51
2022,47787204,,51
2022,47787205,,52
2022,47787206,,51
2022,47787207,,51
2022,47787208,,51
2022,47787209,,51
2022,47787210,,51
2022,47787211,,51
2022,47787212,,51
2022,47787214,,51
2022,47787216,,51
2022,48151530,,51
2022,50043870,,51
2022,49362125,,51
2022,49362126,,51
2022,49362127,,51
2022,49362128,,51
2022,49362129,,52
2022,49362130,,51
2022,49362131,,51
2022,49362132,,51
2022,49362133,,51
2022,49362134,,51
2022,49362135,,51
2022,51238309,,51
2022,49362136,,51
2022,49362137,,51
2022,50043871,,51
2022,50043872,,51
2022,49362140,,51
2022,49362141,,51
2022,49362142,,51
2022,49362143,,51
2022,50043873,,51
2022,51238310,,51
2022,51238311,,51
2022,49362144,,51
2022,48151531,,51
2022,50043874,,51
2022,49362145,,51
2022,50043875,,51
2022,48151532,,51
2022,49362147,,51
2022,49362148,,51
2022,49362149,,51
2022,49362150,,51
2022,49362151,,51
2022,49362152,,51
2022,48151533,,51
2022,50043876,,51
2022,49362154,,51
2022,49362155,,51
2022,50631213,,52
2022,48151534,,51
2022,50631214,,51
2022,50631215,,51
2022,48564893,,51
2022,49362159,,51
2022,49362160,,51
2022,49362161,,51
2022,48151536,,51
2022,50631217,,51
2022,49362163,,51
2022,49362164,,51
2022,49362165,,51
2022,51238312,,51
2022,49362167,,51
2022,50631219,,51
2022,50631220,,51
2022,50631221,,51
2022,49362168,,51
2022,49362169,,51
2022,51238313,,53
2022,49362171,,52
2022,49362172,,51
2022,48151537,,52
2022,50043879,,51
2022,49362174,,51
2022,49362175,,51
2022,49362176,,51
2022,49362177,,51
2022,51238314,,51
2022,49362179,,51
2022,49362180,,51
2022,49362181,,51
2022,49362182,,51
2022,49362183,,51
2022,49362184,,51
2022,49362185,,51
2022,49362187,,51
2022,49362188,,51
2022,49362189,,51
2022,49362190,,51
2022,49362191,,52
2022,49362192,,51
2022,49362193,,51
2022,49362194,,51
2022,49362195,,51
2022,49362196,,51
2022,48151538,,51
2022,50043881,,51
2022,49362198,,51
2022,49362199,,51
2022,49362200,,51
2022,49362201,,51
2022,49362202,,51
2022,49362203,,51
2022,49362204,,51
2022,49362205,,51
2022,49362206,,51
2022,49362207,,51
2022,49362208,,51
2022,49362209,,51
2022,51275532,,51
2022,48151540,,52
2022,48151541,,51
2022,48564894,,51
2022,48564895,,51
2022,48564896,,51
2022,48564897,,51
2022,48564898,,51
2022,48564899,,51
2022,50043883,,51
2022,49362212,,51
2022,49362213,,51
2022,49362214,,51
2022,49362215,,51
2022,49362216,,51
2022,49362217,,51
2022,49362218,,51
2022,49362219,,51
2022,49362220,,51
2022,49362221,,51
2022,49362222,,51
2022,49362223,,51
2022,49362224,,51
2022,49362225,,51
2022,50043884,,51
2022,49362226,,51
2022,49362227,,51
2022,49362228,,51
2022,50043885,,51
2022,48986063,,52
2022,48986064,,51
2022,48986065,,51
2022,48564900,,51
2022,48986067,,51
2022,49740458,,51
2022,48986068,,51
2022,48986069,,51
2022,48986079,,51
2022,48986080,,51
2022,48986081,,51
2022,48986083,,51
2022,49607611,,51
2022,50043886,,51
2022,49607612,,51
2022,49607613,,51
2022,46748527,,51
2022,46748528,,51
2022,47093834,,51
2022,46907954,,51
2022,46985384,,51
2022,46985385,,51
2022,47077988,,51
2022,47159221,,51
2022,47280213,,51
2022,47717513,,51
2022,47717514,,51
2022,47718239,,51
2022,50043887,,51
2022,50631224,,51
2022,50631225,,51
2022,50043890,,51
2022,50043891,,51
2022,47749596,,51
2022,47749597,,52
2022,47749598,,51
2022,48134798,,51
2022,48134799,,51
2022,50043892,,51
2022,51238315,,51
2022,50631227,,51
2022,48134801,,51
2022,50043894,,51
2022,48134802,,51
2022,50043895,,51
2022,48134803,,53
2022,50043896,,51
2022,48492876,,51
2022,50963117,,51
2022,50043897,,51
2022,50631228,,51
2022,50043899,,51
2022,50963118,,51
2022,48942289,,51
2022,49688070,,51
2022,48942290,,51
2022,49688071,,51
2022,49688072,,51
2022,49688073,,51
2022,50963119,,51
2022,50043900,,51
2022,50043901,,51
2022,50631229,,51
2022,50043903,,51
2022,49890131,,52
2022,49890132,,51
2022,49890133,,51
2022,49890134,,51
2022,49890135,,51
2022,49890136,,51
2022,49890137,,51
2022,50963120,,51
2022,50328923,,51
2022,50328924,,51
2022,49890138,,51
2022,49890139,,51
2022,46834249,,51
2022,50043904,,51
2022,46921799,,51
2022,46921800,,51
2022,46953640,,51
2022,46927864,,51
2022,46927865,,51
2022,46927866,,51
2022,48029816,,51
2022,48428093,,51
2022,48428094,,51
2022,48834984,,51
2022,48835034,,51
2022,48835035,,51
2022,49608215,,52
2022,49608216,,52
2022,49608613,,51
2022,50583664,,51
2022,49607615,,51
2022,48438222,,51
2022,50043905,,51
2022,46594356,,51
2022,50043906,,51
2022,50043907,,53
2022,50043908,,53
2022,50043909,,51
2022,50043910,,51
2022,50043911,,51
2022,46594357,,51
2022,46594358,,51
2022,46594359,,51
2022,46594360,,51
2022,46594409,,51
2022,46614973,,51
2022,46614974,,51
2022,46621516,,51
2022,46621517,,51
2022,47159223,,51
2022,47159224,,51
2022,47159225,,51
2022,47159226,,51
2022,50065861,,51
2022,50043912,,52
2022,50043913,,51
2022,47161450,,51
2022,47174052,,51
2022,47174053,,51
2022,47174054,,51
2022,47232450,,51
2022,47232451,,51
2022,47232452,,51
2022,50043914,,51
2022,47232453,,51
2022,47245083,,51
2022,47245084,,51
2022,47266305,,51
2022,47266306,,51
2022,47266307,,51
2022,50043915,,51
2022,49792568,,51
2022,47317553,,51
2022,47317555,,51
2022,47307300,,51
2022,47345672,,51
2022,47351049,,51
2022,47382712,,51
2022,48043302,,51
2022,50043916,,51
2022,50043917,,51
2022,48043303,,51
2022,50043918,,51
2022,50043919,,51
2022,48043304,,51
2022,50043920,,51
2022,50043921,,51
2022,48043305,,51
2022,49792569,,51
2022,49792570,,51
2022,48045637,,51
2022,50043922,,51
2022,50043923,,51
2022,48045638,,51
2022,50043924,,51
2022,48048381,,51
2022,48048382,,51
2022,50043925,,51
2022,50043926,,51
2022,48069738,,51
2022,50043927,,51
2022,48084448,,51
2022,50043928,,51
2022,50043929,,51
2022,50043930,,51
2022,50631232,,51
2022,50631233,,51
2022,50631235,,51
2022,51238316,,51
2022,51238317,,51
2022,51238318,,51
2022,50043934,,51
2022,50043935,,51
2022,48084450,,51
2022,50043936,,51
2022,48415613,,51
2022,48096290,,51
2022,48096291,,51
2022,49837899,,51
2022,48096292,,51
2022,50043937,,51
2022,48096293,,51
2022,50043938,,51
2022,50043939,,51
2022,50043940,,51
2022,48426885,,51
2022,48426886,,51
2022,48432880,,51
2022,48432881,,51
2022,48432882,,51
2022,49766703,,51
2022,48437574,,51
2022,48437575,,51
2022,48437576,,51
2022,48456086,,51
2022,50043941,,51
2022,50631237,,51
2022,50631238,,51
2022,50631239,,51
2022,48456087,,51
2022,48515213,,51
2022,48515214,,51
2022,48515215,,51
2022,50043945,,51
2022,48538914,,51
2022,48539816,,51
2022,50043946,,51
2022,50043947,,51
2022,50045294,,51
2022,50043948,,51
2022,48749338,,51
2022,49359349,,51
2022,49359350,,51
2022,50453406,,51
2022,50453407,,51
2022,50476530,,51
2022,49464622,,51
2022,49464623,,51
2022,49464624,,51
2022,49464625,,51
2022,49464626,,51
2022,49464627,,51
2022,50045295,,51
2022,49792571,,51
2022,49792572,,51
2022,46658060,,51
2022,50043949,,51
2022,50631240,,51
2022,46658061,,51
2022,46658062,,51
2022,50043951,,51
2022,50043952,,51
2022,50043953,,51
2022,50631242,,52
2022,50043955,,51
2022,50631243,,51
2022,46658063,,51
2022,46658064,,51
2022,46658065,,51
2022,46658066,,51
2022,46675549,,51
2022,46675550,,51
2022,48749339,,51
2022,48749340,,51
2022,46675554,,51
2022,46675555,,51
2022,46675556,,51
2022,46675557,,51
2022,46675558,,51
2022,46675559,,51
2022,46675560,,51
2022,46675561,,51
2022,46675562,,51
2022,46675563,,51
2022,46675564,,51
2022,46675565,,51
2022,46675566,,51
2022,46675568,,3
2022,46675569,,3
2022,46675571,,51
2022,46675572,,51
2022,46683262,,51
2022,50043957,,51
2022,46683263,,52
2022,46683264,,52
2022,46683265,,51
2022,46683266,,51
2022,46683267,,51
2022,46683268,,51
2022,46683269,,51
2022,46683270,,51
2022,46907957,,51
2022,46907958,,51
2022,46748572,,51
2022,46748573,,51
2022,46748574,,51
2022,46748575,,51
2022,46748577,,51
2022,46748578,,51
2022,46748580,,51
2022,46748581,,51
2022,50043958,,51
2022,46748582,,51
2022,46748584,,53
2022,46748585,,51
2022,46748586,,51
2022,46748588,,51
2022,46748589,,51
2022,46748590,,51
2022,46748591,,51
2022,46748594,,51
2022,46748595,,51
2022,46748596,,51
2022,46748597,,51
2022,46748599,,51
2022,46748600,,51
2022,46748601,,51
2022,50043959,,51
2022,50043960,,51
2022,46748602,,51
2022,46748605,,51
2022,46748606,,51
2022,46748607,,51
2022,46748608,,51
2022,46748610,,51
2022,46748612,,51
2022,46748613,,51
2022,46748614,,51
2022,46748615,,51
2022,46748617,,53
2022,46766069,,51
2022,46766070,,51
2022,46766071,,51
2022,46766072,,51
2022,46766073,,51
2022,46907959,,51
2022,46766074,,51
2022,46766075,,51
2022,46766076,,51
2022,46766077,,51
2022,46766079,,51
2022,46766080,,51
2022,46907960,,51
2022,47776619,,52
2022,46766083,,51
2022,46766084,,51
2022,46766085,,51
2022,46766086,,51
2022,46766087,,51
2022,46907963,,51
2022,46907964,,51
2022,46907965,,51
2022,50043961,,51
2022,50631245,,51
2022,50043963,,51
2022,50043964,,51
2022,51238319,,51
2022,50043966,,51
2022,46907966,,51
2022,46907968,,51
2022,46914496,,51
2022,46914497,,51
2022,46914498,,51
2022,46914499,,51
2022,46914500,,51
2022,46914501,,51
2022,46914502,,51
2022,46914503,,51
2022,46914504,,51
2022,46914505,,52
2022,46914506,,51
2022,46914507,,51
2022,46914508,,51
2022,46914509,,51
2022,47414537,,51
2022,47414538,,51
2022,46914510,,51
2022,46914511,,51
2022,46914512,,51
2022,46914513,,51
2022,46915156,,51
2022,46915157,,51
2022,46915158,,51
2022,46915159,,51
2022,46915160,,51
2022,46991884,,51
2022,46991885,,51
2022,46991886,,52
2022,46991887,,52
2022,46991888,,51
2022,47414539,,51
2022,46991892,,51
2022,46991893,,51
2022,46991894,,51
2022,47414541,,51
2022,50043967,,51
2022,51275533,,51
2022,51275534,,51
2022,51275535,,51
2022,48749341,,51
2022,50043968,,51
2022,47776620,,51
2022,47776621,,51
2022,47776622,,51
2022,47776623,,51
2022,47776624,,51
2022,47776625,,51
2022,47776626,,51
2022,47776627,,51
2022,47776632,,51
2022,47776633,,51
2022,47776636,,51
2022,47776637,,51
2022,47776638,,51
2022,48749342,,51
2022,47776640,,51
2022,47776641,,51
2022,49553600,,51
2022,48749344,,51
2022,48749345,,51
2022,48749346,,51
2022,47792528,,51
2022,47792529,,51
2022,47792532,,51
2022,48749347,,51
2022,47792537,,51
2022,48749348,,51
2022,48749349,,51
2022,50043969,,51
2022,50043970,,51
2022,50043971,,51
2022,47792538,,51
2022,47792539,,51
2022,47792541,,51
2022,47792542,,52
2022,47792543,,51
2022,47792544,,51
2022,47792546,,51
2022,50043972,,53
2022,47792547,,51
2022,47792548,,51
2022,48749350,,51
2022,47792550,,51
2022,47792551,,53
2022,47792552,,51
2022,48749351,,51
2022,47792554,,51
2022,48749352,,51
2022,48749353,,51
2022,48749354,,51
2022,48749355,,51
2022,48749356,,51
2022,48749357,,51
2022,48749358,,51
2022,48749359,,51
2022,48749360,,51
2022,48749361,,51
2022,48749362,,51
2022,48749363,,51
2022,50043973,,51
2022,48749364,,51
2022,48749365,,51
2022,48749366,,51
2022,48749367,,51
2022,48749368,,51
2022,48749369,,3
2022,48749370,,51
2022,48749371,,51
2022,48749372,,51
2022,48749373,,51
2022,48749374,,51
2022,48749375,,51
2022,48749376,,53
2022,48749377,,51
2022,48749378,,51
2022,48749379,,51
2022,48749381,,51
2022,48749382,,51
2022,48749383,,51
2022,48749384,,51
2022,48749385,,51
2022,48749386,,51
2022,48749387,,51
2022,48751183,,51
2022,48751184,,51
2022,48751185,,51
2022,48751186,,51
2022,48751187,,51
2022,48751188,,51
2022,48751189,,51
2022,48751190,,51
2022,48751191,,51
2022,48751192,,51
2022,48751193,,51
2022,48751194,,51
2022,48751195,,51
2022,50043974,,51
2022,50043975,,51
2022,48751196,,51
2022,48751197,,51
2022,48751198,,51
2022,48751199,,51
2022,48751200,,51
2022,48751201,,51
2022,48751202,,51
2022,48751203,,51
2022,48751204,,51
2022,48751205,,51
2022,48751206,,51
2022,49553601,,51
2022,48751207,,52
2022,48751208,,51
2022,48751209,,51
2022,48751210,,51
2022,48751212,,51
2022,48751213,,51
2022,48751214,,51
2022,48751215,,51
2022,48751216,,51
2022,48751217,,51
2022,48751218,,51
2022,48751219,,51
2022,48751220,,51
2022,48751221,,51
2022,48751222,,51
2022,48751223,,51
2022,48751224,,51
2022,48751225,,51
2022,48755514,,51
2022,50043976,,51
2022,50043977,,51
2022,51238320,,51
2022,51238321,,51
2022,48755515,,51
2022,48755516,,51
2022,48755517,,51
2022,48755518,,52
2022,48755519,,51
2022,48755520,,51
2022,48755523,,51
2022,50043978,,51
2022,48755524,,51
2022,48755525,,51
2022,48755526,,51
2022,48755527,,52
2022,48755528,,51
2022,48755529,,51
2022,49553602,,51
2022,49553603,,51
2022,48755530,,51
2022,49553604,,51
2022,49553605,,51
2022,50043979,,51
2022,49553606,,51
2022,49553607,,51
2022,49553608,,51
2022,49553609,,51
2022,50742179,,51
2022,49553610,,51
2022,49553611,,51
2022,49553612,,51
2022,49553613,,51
2022,49553614,,51
2022,49553615,,51
2022,49553616,,51
2022,49553617,,51
2022,49553618,,51
2022,49553619,,51
2022,49553620,,51
2022,49553621,,51
2022,49553622,,51
2022,49553623,,51
2022,49553624,,51
2022,50043980,,51
2022,50043981,,51
2022,51238322,,51
2022,50043983,,51
2022,49553625,,51
2022,49553626,,51
2022,49553627,,51
2022,49553628,,51
2022,50742180,,51
2022,49553629,,53
2022,49553630,,51
2022,50742181,,51
2022,50742182,,51
2022,49553631,,51
2022,49553632,,51
2022,49553633,,51
2022,50742183,,51
2022,49553634,,51
2022,49553635,,51
2022,51135661,,51
2022,51135662,,51
2022,51135663,,51
2022,51135664,,51
2022,51135665,,51
2022,51135666,,51
2022,51135667,,51
2022,51135668,,51
2022,51135669,,51
2022,51135670,,51
2022,51135671,,51
2022,51135672,,51
2022,51135673,,51
2022,51135674,,51
2022,51135675,,51
2022,51135676,,51
2022,51135677,,51
2022,51135678,,51
2022,51135679,,51
2022,51135680,,51
2022,51135681,,51
2022,51135682,,51
2022,51135683,,51
2022,51135684,,52
2022,51135685,,51
2022,51135686,,51
2022,51135687,,51
2022,51135688,,51
2022,45489099,,51
2022,50043984,,51
2022,50043985,,51
2022,46560909,,51
2022,50043986,,51
2022,46560910,,51
2022,47011647,,51
2022,50631248,,51
2022,47011651,,51
2022,47168559,,51
2022,47168560,,51
2022,50043988,,51
2022,51238323,,51
2022,50631250,,51
2022,51238324,,51
2022,50631253,,51
2022,50633146,,51
2022,50633147,,51
2022,50633148,,51
2022,50633149,,51
2022,50633150,,51
2022,50633151,,51
2022,50633152,,51
2022,50633153,,51
2022,50633154,,51
2022,50633155,,51
2022,50633156,,51
2022,50633157,,51
2022,51051677,,51
2022,51051678,,51
2022,51051679,,51
2022,51051680,,51
2022,50633158,,51
2022,50633159,,51
2022,50633160,,3
2022,50633161,,51
2022,50633162,,51
2022,50633163,,51
2022,51051681,,51
2022,50633165,,51
2022,50633166,,51
2022,50633167,,51
2022,50633168,,51
2022,50633169,,51
2022,50633170,,51
2022,50633171,,51
2022,50633172,,51
2022,50633173,,51
2022,50633174,,51
2022,50633175,,51
2022,50633176,,51
2022,50633177,,51
2022,51275536,,52
2022,50633178,,51
2022,50633179,,51
2022,50633180,,51
2022,50633181,,51
2022,50633182,,51
2022,50633183,,51
2022,50633184,,51
2022,50633185,,51
2022,50633186,,51
2022,50633187,,51
2022,50633188,,51
2022,50633189,,51
2022,50633190,,51
2022,50633191,,51
2022,50633192,,51
2022,50633193,,51
2022,50633194,,51
2022,50633195,,51
2022,51238325,,51
2022,50633197,,51
2022,50633198,,51
2022,50633199,,51
2022,50633200,,51
2022,51238326,,51
2022,50633202,,51
2022,50633203,,51
2022,50633204,,51
2022,50633205,,51
2022,50633206,,51
2022,50633207,,51
2022,50633208,,51
2022,50633209,,51
2022,50633210,,51
2022,50633211,,51
2022,50633212,,51
2022,50633213,,51
2022,50633214,,51
2022,50633215,,51
2022,50633216,,51
2022,50633217,,51
2022,50633218,,51
2022,51051684,,9
2022,51238327,,51
2022,50633220,,51
2022,51051686,,51
2022,50633221,,51
2022,50633222,,51
2022,50633223,,51
2022,50633224,,51
2022,50633225,,51
2022,50633226,,51
2022,50633227,,51
2022,50633228,,51
2022,50633229,,51
2022,50633230,,51
2022,50633231,,51
2022,50633232,,51
2022,50633233,,51
2022,50633234,,51
2022,50633235,,51
2022,50633236,,51
2022,50633237,,51
2022,51275537,,51
2022,50633239,,51
2022,50633240,,51
2022,47230069,,51
2022,50633241,,51
2022,50633242,,51
2022,50633243,,51
2022,50633244,,51
2022,50633245,,51
2022,47230070,,10
2022,47230071,,51
2022,47230072,,51
2022,47602173,,51
2022,47602177,,51
2022,47602178,,51
2022,47602182,,51
2022,48456088,,51
2022,48456090,,51
2022,48456091,,51
2022,48456092,,51
2022,48456093,,53
2022,48456094,,51
2022,48456095,,51
2022,48581880,,51
2022,48581881,,51
2022,48581882,,52
2022,48895102,,51
2022,48895103,,51
2022,49632879,,51
2022,48895104,,51
2022,48895105,,51
2022,48895106,,51
2022,49632880,,51
2022,49632881,,51
2022,49632882,,51
2022,49632883,,51
2022,49632884,,51
2022,49632885,,51
2022,49632886,,51
2022,50131225,,51
2022,49632888,,51
2022,49632889,,51
2022,49632890,,51
2022,50131226,,51
2022,49632891,,51
2022,49632892,,51
2022,49632893,,51
2022,49632894,,51
2022,50961757,,51
2022,50961758,,51
2022,50961759,,51
2022,50961760,,51
2022,50961761,,51
2022,50961762,,51
2022,50961763,,51
2022,50961764,,51
2022,50961765,,51
2022,50961766,,51
2022,50961767,,51
2022,45623032,,51
2022,46560407,,51
2022,46560408,,51
2022,46560409,,52
2022,46560410,,51
2022,46573621,,51
2022,46560411,,51
2022,46675504,,51
2022,46675505,,51
2022,46699391,,51
2022,46928459,,51
2022,47196521,,51
2022,47196522,,51
2022,47719321,,51
2022,47266284,,52
2022,48762400,,51
2022,47340991,,51
2022,47434370,,51
2022,47836596,,52
2022,47699611,,52
2022,47685805,,51
2022,47772295,,51
2022,45623033,,51
2022,47843934,,51
2022,46240119,,51
2022,47850473,,51
2022,45623034,,51
2022,46305958,,51
2022,47932884,,51
2022,46344854,,51
2022,46562234,,51
2022,46620834,,51
2022,49363509,,51
2022,48140601,,51
2022,48140602,,51
2022,48140603,,51
2022,48088391,,51
2022,48088392,,51
2022,48435316,,51
2022,48435317,,51
2022,48435318,,51
2022,48140604,,51
2022,48096266,,51
2022,48140605,,51
2022,48140606,,51
2022,48088393,,51
2022,48350688,,51
2022,48428293,,51
2022,48439401,,51
2022,48439402,,51
2022,48439403,,51
2022,48480005,,51
2022,48835703,,51
2022,50742168,,51
2022,50742169,,51
2022,49360241,,3
2022,49360242,,3
2022,49360243,,3
2022,49360244,,3
2022,49360245,,51
2022,49360246,,51
2022,49360247,,51
2022,49360248,,51
2022,49360249,,51
2022,49360250,,51
2022,48140607,,51
2022,46238130,,51
2022,46238131,,51
2022,47229319,,51
2022,47745401,,51
2022,48140376,,51
2022,46238132,,51
2022,46238133,,51
2022,46259274,,51
2022,48140377,,51
2022,48140378,,51
2022,50638235,,51
2022,49363513,,51
2022,48143028,,51
2022,49558201,,51
2022,46907940,,51
2022,48270886,,51
2022,46953620,,51
2022,46953621,,51
2022,46953622,,51
2022,46953623,,51
2022,47174044,,51
2022,47175130,,51
2022,47195358,,52
2022,47376578,,51
2022,47499458,,52
2022,47745381,,51
2022,48270888,,51
2022,47616001,,51
2022,47745382,,51
2022,47745383,,51
2022,48261284,,51
2022,48261285,,51
2022,48261286,,51
2022,48270889,,51
2022,48507410,,51
2022,48143029,,51
2022,48498242,,3
2022,48498243,,51
2022,48498244,,51
2022,48498245,,51
2022,48516083,,51
2022,48583551,,51
2022,49359893,,51
2022,49359894,,51
2022,49460197,,51
2022,49460198,,51
2022,49460199,,51
2022,49613985,,51
2022,49613986,,51
2022,49613987,,51
2022,49613988,,51
2022,49613989,,51
2022,49613990,,51
2022,45841166,,51
2022,48516084,,51
2022,48647383,,51
2022,48755456,,9
2022,45841167,,51
2022,48755457,,1
2022,45841168,,51
2022,49360390,,51
2022,45841169,,51
2022,45897240,,51
2022,45905561,,51
2022,45905562,,51
2022,49360391,,51
2022,49360392,,51
2022,49360393,,51
2022,49360396,,51
2022,49360397,,51
2022,49360398,,51
2022,49360399,,51
2022,49360400,,51
2022,49634434,,51
2022,49634435,,51
2022,49360401,,51
2022,49454862,,51
2022,49634436,,51
2022,49571168,,51
2022,49575590,,51
2022,49634437,,51
2022,45905563,,51
2022,46560330,,51
2022,49559033,,51
2022,49559765,,51
2022,49559766,,51
2022,49559767,,51
2022,49560740,,51
2022,49559769,,51
2022,49559034,,51
2022,49559770,,51
2022,49559771,,51
2022,49559035,,51
2022,49559036,,51
2022,49559772,,51
2022,49559037,,51
2022,49559038,,51
2022,49559773,,51
2022,49559039,,51
2022,49559040,,51
2022,49559774,,51
2022,49559041,,51
2022,49559775,,51
2022,49559043,,51
2022,49559044,,51
2022,49559045,,51
2022,46560331,,51
2022,46560332,,51
2022,46560333,,51
2022,46560334,,51
2022,46560335,,51
2022,46560336,,51
2022,46821114,,51
2022,46869415,,51
2022,46869416,,51
2022,47247564,,51
2022,47247565,,51
2022,47247566,,51
2022,47248281,,51
2022,47596324,,51
2022,47596325,,51
2022,47675708,,53
2022,47718240,,51
2022,47718630,,51
2022,47718631,,51
2022,47718632,,51
2022,47834925,,51
2022,47991591,,51
2022,47991592,,51
2022,47996059,,51
2022,47996060,,51
2022,45323147,,51
2022,46150804,,51
2022,46150805,,51
2022,47229320,,51
2022,48143052,,51
2022,49557910,,51
2022,49632874,,51
2022,45297117,,51
2022,49632875,,51
2022,45297118,,51
2022,45323148,,9
2022,45999738,,51
2022,45999739,,51
2022,45999740,,51
2022,45999741,,51
2022,45007204,,51
2022,45245574,,51
2022,45326993,,51
2022,45489004,,51
2022,45298081,,51
2022,45323132,,7
2022,45228057,,51
2022,45263012,,51
2022,46560734,,51
2022,45279543,,51
2022,45280444,,51
2022,45323133,,51
2022,45560221,,51
2022,45279544,,51
2022,45495491,,51
2022,45999742,,51
2022,45964524,,51
2022,45509284,,51
2022,45529378,,51
2022,48480006,,51
2022,46344855,,51
2022,46344856,,51
2022,46344857,,51
2022,46815229,,51
2022,46815230,,51
2022,46815231,,51
2022,46815232,,51
2022,46815233,,51
2022,46815234,,51
2022,46815235,,51
2022,46815236,,51
2022,46815237,,51
2022,46815238,,51
2022,46977877,,51
2022,45999723,,51
2022,51238255,,3
2022,45764360,,51
2022,45699839,,51
2022,45699840,,51
2022,48346685,,51
2022,48113438,,51
2022,46560735,,51
2022,46560736,,51
2022,46977878,,51
2022,46977879,,51
2022,47440441,,51
2022,47440443,,51
2022,47787219,,51
2022,49360323,,51
2022,47787222,,51
2022,45999724,,51
2022,47787223,,51
2022,47787224,,51
2022,47787225,,51
2022,48151542,,51
2022,48151543,,51
2022,46150780,,51
2022,49360823,,51
2022,46240105,,51
2022,46241509,,51
2022,46240106,,52
2022,46250439,,51
2022,46280918,,51
2022,46244943,,51
2022,46560737,,51
2022,46560738,,51
2022,46560739,,51
2022,47271784,,51
2022,46560740,,51
2022,46321863,,51
2022,46279621,,51
2022,46868673,,51
2022,46868674,,51
2022,49360324,,51
2022,46560741,,51
2022,46323819,,51
2022,46323820,,51
2022,48539817,,51
2022,46321864,,52
2022,48539818,,51
2022,48539819,,51
2022,46868675,,51
2022,47843936,,51
2022,47843937,,51
2022,47772298,,52
2022,47772299,,52
2022,47843940,,51
2022,48071631,,51
2022,48495386,,51
2022,48071632,,51
2022,48578417,,51
2022,48578418,,51
2022,49360328,,51
2022,48741048,,51
2022,50045296,,51
2022,50065869,,51
2022,48121021,,52
2022,46560745,,51
2022,46560746,,51
2022,46560747,,51
2022,46954600,,9
2022,46683229,,51
2022,46683230,,51
2022,46748511,,51
2022,46991833,,51
2022,46824400,,51
2022,49360824,,51
2022,49360825,,51
2022,46907942,,52
2022,46985369,,51
2022,46907944,,51
2022,46985370,,51
2022,46907945,,51
2022,46954601,,51
2022,46985371,,51
2022,46977884,,51
2022,46977885,,51
2022,46985372,,51
2022,49360826,,51
2022,47232429,,51
2022,48366084,,51
2022,47232430,,51
2022,47565710,,51
2022,47247537,,51
2022,49360827,,51
2022,47247538,,51
2022,47195359,,51
2022,48113439,,51
2022,50980437,,51
2022,50980438,,51
2022,50339654,,52
2022,50339655,,51
2022,50352844,,51
2022,50620625,,51
2022,50620626,,51
2022,50622216,,53
2022,50622217,,51
2022,50622218,,51
2022,50622219,,51
2022,50622220,,51
2022,50710773,,51
2022,48113440,,51
2022,47232431,,51
2022,47414525,,51
2022,49360828,,51
2022,49360829,,51
2022,49954478,,51
2022,48346686,,51
2022,47819002,,51
2022,50750219,,51
2022,47399924,,51
2022,47399925,,51
2022,47645142,,51
2022,47399926,,3
2022,47559866,,52
2022,48096267,,51
2022,47449577,,51
2022,47559868,,51
2022,48132842,,51
2022,47646264,,51
2022,47597114,,51
2022,50710775,,51
2022,47601291,,51
2022,47660846,,51
2022,50716668,,51
2022,50716670,,51
2022,50716671,,51
2022,50716672,,51
2022,50717844,,51
2022,48151509,,51
2022,50717845,,51
2022,50717846,,51
2022,50761187,,51
2022,50717847,,51
2022,50848150,,51
2022,51032516,,52
2022,48151510,,51
2022,47699612,,3
2022,47692841,,51
2022,49360831,,51
2022,47675684,,51
2022,47745384,,51
2022,48806390,,51
2022,48806391,,51
2022,48113444,,51
2022,48113445,,51
2022,47745385,,51
2022,47770038,,51
2022,48113446,,51
2022,49360832,,51
2022,50742171,,51
2022,50960988,,51
2022,51119731,,51
2022,51403401,,51
2022,51404119,,51
2022,51404120,,51
2022,45326999,,51
2022,45327000,,51
2022,46021631,,51
2022,48043284,,51
2022,48806393,,7
2022,47806697,,51
2022,48074079,,51
2022,48741050,,51
2022,46021632,,51
2022,46021634,,51
2022,48043287,,51
2022,46021635,,51
2022,46021636,,51
2022,46560436,,51
2022,48113450,,51
2022,48113451,,51
2022,46560437,,51
2022,46560438,,51
2022,46881923,,51
2022,46881924,,51
2022,46881925,,51
2022,46881926,,51
2022,46881927,,51
2022,47596326,,51
2022,47596327,,51
2022,47596328,,51
2022,47596329,,51
2022,47596330,,51
2022,47596331,,51
2022,47596332,,51
2022,47596333,,51
2022,47596334,,51
2022,47959858,,51
2022,48099023,,51
2022,47959859,,51
2022,47959860,,51
2022,48432887,,51
2022,48432890,,51
2022,48432894,,51
2022,48099025,,51
2022,48348589,,51
2022,48741051,,51
2022,48432895,,51
2022,48432896,,51
2022,48432897,,51
2022,48432898,,51
2022,48432899,,51
2022,48432900,,51
2022,48432901,,51
2022,48432902,,51
2022,48432903,,51
2022,48828505,,51
2022,48099026,,51
2022,48828506,,51
2022,48113452,,51
2022,48828507,,51
2022,48828508,,51
2022,48828509,,51
2022,48828510,,51
2022,48828511,,51
2022,48828512,,51
2022,48828513,,51
2022,48828514,,51
2022,48828515,,51
2022,49836628,,51
2022,49360402,,51
2022,49360403,,51
2022,49360404,,51
2022,49836629,,51
2022,49836630,,51
2022,49836631,,51
2022,49898207,,51
2022,48113453,,51
2022,48113454,,51
2022,48113455,,51
2022,49360834,,51
2022,48426868,,51
2022,48156331,,51
2022,48280550,,51
2022,48280551,,51
2022,50980439,,51
2022,50980440,,51
2022,50735264,,51
2022,49898208,,51
2022,46629715,,51
2022,45820166,,51
2022,46282717,,51
2022,46350167,,51
2022,46350169,,51
2022,46573626,,51
2022,46573627,,51
2022,46573628,,51
2022,46623259,,51
2022,48744604,,51
2022,50015680,,51
2022,48274553,,51
2022,48346688,,51
2022,48348590,,51
2022,48274554,,51
2022,48432805,,7
2022,50332678,,51
2022,48366089,,51
2022,48432806,,51
2022,49360835,,51
2022,49360836,,51
2022,48426869,,51
2022,48426870,,51
2022,48432807,,51
2022,49360837,,3
2022,48902068,,51
2022,48495371,,51
2022,46609921,,51
2022,46623260,,51
2022,46927867,,51
2022,46915766,,52
2022,46881928,,51
2022,46915767,,51
2022,46915768,,51
2022,46915769,,51
2022,46957197,,51
2022,46957198,,51
2022,46957199,,51
2022,46957200,,51
2022,46982187,,51
2022,46982188,,51
2022,48744605,,51
2022,50061200,,51
2022,50006716,,51
2022,48490904,,51
2022,51052124,,51
2022,48806395,,51
2022,49360840,,51
2022,49360841,,51
2022,48564861,,51
2022,48539803,,51
2022,48490905,,51
2022,49360843,,51
2022,49360844,,51
2022,49360845,,51
2022,48806397,,51
2022,48806398,,51
2022,48744606,,51
2022,48744607,,51
2022,48099091,,51
2022,48898821,,51
2022,48806399,,51
2022,48809148,,51
2022,48809149,,51
2022,48795140,,51
2022,49360846,,51
2022,48749388,,51
2022,48749320,,51
2022,48931819,,51
2022,48806400,,3
2022,48931820,,51
2022,48806401,,3
2022,49360756,,51
2022,48806402,,51
2022,48806403,,3
2022,48795141,,51
2022,49360847,,51
2022,48466975,,51
2022,49360758,,51
2022,49360848,,51
2022,48466976,,51
2022,49360849,,51
2022,48466977,,51
2022,50750221,,51
2022,48466978,,51
2022,48898831,,51
2022,49360850,,51
2022,48466979,,51
2022,48590584,,51
2022,49360851,,51
2022,49360852,,51
2022,48590585,,51
2022,49360853,,51
2022,48590586,,51
2022,49360854,,51
2022,49360855,,51
2022,49360856,,51
2022,49360857,,51
2022,50010942,,51
2022,49360858,,51
2022,49559046,,51
2022,49360859,,51
2022,49360860,,51
2022,49360863,,51
2022,49360864,,51
2022,49360865,,51
2022,50871579,,51
2022,49464605,,51
2022,49466432,,51
2022,49360867,,52
2022,49360868,,51
2022,49360869,,51
2022,49626620,,51
2022,49626621,,51
2022,49464606,,51
2022,49609884,,51
2022,49626622,,51
2022,48591983,,51
2022,49558202,,51
2022,49558203,,51
2022,49558204,,51
2022,48895107,,51
2022,48986085,,51
2022,49360759,,51
2022,49360760,,51
2022,49360761,,51
2022,49560040,,51
2022,49560041,,51
2022,49560042,,51
2022,45133969,,51
2022,49836637,,51
2022,49743671,,51
2022,50980441,,3
2022,49609651,,51
2022,49740437,,52
2022,49743672,,51
2022,49797116,,51
2022,49685607,,51
2022,49740438,,51
2022,45133970,,51
2022,45230855,,51
2022,49464628,,51
2022,45230857,,51
2022,45230858,,51
2022,45230859,,51
2022,45496900,,51
2022,49361077,,51
2022,45496901,,51
2022,45714319,,51
2022,45714320,,51
2022,45714321,,51
2022,45714322,,51
2022,45714323,,51
2022,45714324,,51
2022,46259302,,51
2022,46259303,,51
2022,46259304,,51
2022,46259305,,51
2022,46259306,,51
2022,46259307,,51
2022,46259308,,51
2022,46259309,,51
2022,46259311,,51
2022,46698434,,51
2022,46698435,,51
2022,46698436,,51
2022,46698437,,51
2022,46698438,,51
2022,46698439,,51
2022,46698440,,51
2022,46954618,,51
2022,46954619,,51
2022,46954620,,51
2022,46954621,,51
2022,46954622,,51
2022,48132854,,51
2022,47307301,,51
2022,47307302,,51
2022,47307303,,51
2022,47307304,,51
2022,47307305,,51
2022,47307306,,51
2022,48647417,,51
2022,47307307,,51
2022,47307308,,51
2022,47619268,,51
2022,45623004,,51
2022,47619269,,51
2022,45623005,,51
2022,47619270,,51
2022,45623006,,51
2022,45623007,,51
2022,47619271,,51
2022,45623008,,51
2022,47619272,,51
2022,45623009,,51
2022,47619273,,51
2022,45623010,,51
2022,47619274,,51
2022,47660856,,51
2022,45623012,,1
2022,47697373,,51
2022,45714297,,51
2022,47697374,,51
2022,47776644,,51
2022,47697375,,51
2022,47697376,,51
2022,47697377,,51
2022,48647418,,51
2022,48647419,,51
2022,48041221,,51
2022,48041222,,51
2022,45833763,,51
2022,48041223,,51
2022,45964525,,51
2022,46275346,,51
2022,48041224,,51
2022,46344842,,51
2022,48041225,,51
2022,46344843,,51
2022,46343668,,51
2022,46343669,,51
2022,46560887,,51
2022,46560888,,51
2022,46560889,,51
2022,46560890,,51
2022,46560892,,53
2022,46560893,,51
2022,46560894,,51
2022,46627548,,51
2022,46954602,,51
2022,46954603,,52
2022,46954604,,51
2022,46954605,,51
2022,46954606,,51
2022,46954607,,52
2022,46967311,,51
2022,46954608,,51
2022,46991850,,51
2022,46967312,,3
2022,47011644,,51
2022,48564862,,51
2022,47319971,,51
2022,47319972,,51
2022,47616002,,51
2022,47616003,,51
2022,47675685,,51
2022,48564863,,51
2022,48564864,,51
2022,48564865,,51
2022,48041226,,51
2022,48043288,,51
2022,48564866,,51
2022,48564867,,52
2022,48564868,,51
2022,48564869,,51
2022,48564870,,51
2022,48564871,,51
2022,48564872,,51
2022,48564873,,53
2022,48898822,,51
2022,48041227,,51
2022,48041228,,51
2022,48041229,,52
2022,49361101,,51
2022,48898824,,51
2022,49361102,,51
2022,49361103,,51
2022,49361104,,51
2022,49361105,,51
2022,49361106,,51
2022,49626624,,51
2022,49626625,,51
2022,49626626,,51
2022,48041230,,51
2022,48041231,,51
2022,48041232,,51
2022,49977818,,51
2022,48041233,,51
2022,48041234,,51
2022,48048346,,51
2022,48041235,,51
2022,48048347,,51
2022,48041236,,51
2022,48048348,,51
2022,48048349,,51
2022,48041237,,51
2022,48041238,,51
2022,48048350,,51
2022,48043306,,51
2022,48099100,,51
2022,48048351,,51
2022,48099101,,51
2022,48749389,,51
2022,48099105,,51
2022,48048352,,51
2022,48464530,,51
2022,48464531,,51
2022,48464532,,51
2022,48762864,,51
2022,48464533,,51
2022,48478285,,51
2022,48478286,,51
2022,48491854,,51
2022,48491855,,51
2022,48491856,,51
2022,48491857,,51
2022,48491858,,51
2022,48491859,,51
2022,48762866,,51
2022,48048353,,51
2022,48048354,,51
2022,48048355,,51
2022,48048356,,51
2022,48048357,,51
2022,48048358,,51
2022,48762867,,51
2022,48762868,,51
2022,48762869,,51
2022,48762870,,51
2022,48895108,,51
2022,48895109,,51
2022,48986086,,51
2022,48986087,,51
2022,48895110,,51
2022,48895111,,51
2022,48914012,,53
2022,48898832,,51
2022,48898833,,51
2022,48898834,,51
2022,48986088,,51
2022,48898835,,51
2022,49361078,,52
2022,49361079,,51
2022,49361080,,51
2022,49361081,,51
2022,49361082,,51
2022,49361083,,51
2022,49361084,,51
2022,49361085,,51
2022,49361086,,51
2022,49361087,,51
2022,49553060,,51
2022,49361088,,51
2022,49361089,,3
2022,49361091,,51
2022,49361092,,51
2022,49361093,,51
2022,49361094,,51
2022,49361095,,51
2022,49361096,,51
2022,49361097,,51
2022,49361098,,51
2022,49361099,,51
2022,49361100,,51
2022,49740459,,51
2022,49740460,,51
2022,49740461,,51
2022,49740462,,51
2022,49740463,,51
2022,49740464,,51
2022,49740465,,51
2022,50917550,,51
2022,48048359,,51
2022,49740466,,51
2022,49740467,,51
2022,49740468,,51
2022,48048360,,51
2022,48048362,,51
2022,48048363,,51
2022,49740469,,51
2022,49740470,,51
2022,49740471,,51
2022,46560979,,51
2022,48048364,,51
2022,48048365,,51
2022,48048366,,51
2022,48048367,,1
2022,48161550,,51
2022,48161552,,51
2022,48161553,,51
2022,48161554,,51
2022,48472526,,51
2022,48472527,,51
2022,48913998,,51
2022,49361551,,3
2022,49361552,,51
2022,49361553,,51
2022,49361554,,51
2022,49361555,,51
2022,49361556,,51
2022,49361557,,51
2022,49361558,,51
2022,49361559,,51
2022,49361560,,51
2022,49685608,,51
2022,50579441,,51
2022,49685611,,51
2022,49685612,,51
2022,49685613,,51
2022,49685614,,51
2022,49685615,,51
2022,51052129,,51
2022,46560980,,51
2022,47319979,,51
2022,50344708,,51
2022,50344709,,51
2022,50344710,,51
2022,50344711,,51
2022,50344712,,51
2022,50344713,,51
2022,50344714,,51
2022,46560981,,51
2022,47319980,,51
2022,46881929,,51
2022,47319981,,51
2022,47247567,,51
2022,47247568,,51
2022,48261299,,51
2022,47781578,,51
2022,47870056,,51
2022,48456096,,51
2022,48074194,,51
2022,48986089,,51
2022,49361250,,53
2022,49361251,,51
2022,48838758,,3
2022,48986090,,51
2022,48994356,,51
2022,49766704,,51
2022,49361252,,51
2022,49361253,,51
2022,50470398,,51
2022,49460375,,51
2022,45489107,,51
2022,48756809,,51
2022,48756810,,51
2022,48756811,,51
2022,48756812,,51
2022,48756813,,51
2022,48756814,,51
2022,47616004,,51
2022,47616005,,51
2022,47616006,,51
2022,46561025,,52
2022,46561026,,51
2022,47842408,,51
2022,47646265,,51
2022,47646266,,51
2022,47646267,,51
2022,47646268,,51
2022,47646269,,51
2022,47646270,,51
2022,47670300,,51
2022,47670301,,51
2022,47670302,,51
2022,47674857,,51
2022,47674858,,51
2022,47870926,,3
2022,47870927,,51
2022,47870928,,51
2022,47870929,,51
2022,47870930,,51
2022,47870931,,51
2022,47870932,,51
2022,47870933,,51
2022,48143030,,51
2022,48143031,,51
2022,47842409,,51
2022,47842410,,51
2022,49361365,,51
2022,49553061,,51
2022,45271741,,51
2022,48143032,,51
2022,48143033,,51
2022,48274555,,51
2022,48346689,,51
2022,48346690,,51
2022,48346691,,51
2022,48346692,,51
2022,48390986,,51
2022,48390987,,51
2022,48390988,,51
2022,48390989,,51
2022,48390990,,51
2022,48390991,,51
2022,48810808,,51
2022,48810809,,51
2022,48810810,,51
2022,48810811,,51
2022,48810812,,51
2022,48810813,,51
2022,48810814,,51
2022,48810815,,51
2022,48810816,,51
2022,47619250,,51
2022,47783085,,51
2022,47932885,,51
2022,48439404,,51
2022,47772296,,51
2022,47783086,,51
2022,47670304,,51
2022,47670305,,51
2022,47717484,,51
2022,47783087,,51
2022,48540967,,51
2022,47783089,,51
2022,48147710,,51
2022,47870124,,51
2022,45271742,,51
2022,45271779,,51
2022,45271780,,51
2022,46321878,,51
2022,46596091,,51
2022,46596092,,51
2022,46596093,,51
2022,46609956,,51
2022,46957201,,51
2022,46957202,,51
2022,46957203,,51
2022,46958017,,51
2022,47323785,,51
2022,47331083,,51
2022,47331084,,51
2022,47331085,,51
2022,47770045,,51
2022,47770046,,51
2022,47770650,,51
2022,48121036,,51
2022,48479377,,51
2022,48479378,,51
2022,48480008,,51
2022,48942291,,51
2022,48942292,,51
2022,48942293,,51
2022,48943936,,52
2022,49361438,,51
2022,49361439,,51
2022,49361440,,51
2022,48071635,,52
2022,49361441,,51
2022,49637983,,51
2022,49637984,,51
2022,49637985,,51
2022,49637987,,51
2022,49637988,,51
2022,49637989,,51
2022,45962669,,51
2022,48026433,,51
2022,48143035,,51
2022,48071636,,51
2022,45962670,,51
2022,48114767,,51
2022,48143036,,51
2022,48143037,,51
2022,48177368,,51
2022,48177369,,51
2022,48177370,,51
2022,48177371,,51
2022,48177372,,52
2022,48314537,,51
2022,48760877,,51
2022,48760878,,51
2022,48382837,,51
2022,48760879,,51
2022,45962671,,51
2022,46616770,,51
2022,46958018,,51
2022,46958019,,51
2022,46958020,,51
2022,46958021,,51
2022,47345678,,51
2022,47345679,,51
2022,47345680,,51
2022,47345682,,51
2022,47345683,,51
2022,47345686,,51
2022,47345689,,51
2022,47345690,,51
2022,47345692,,51
2022,47345693,,51
2022,47747285,,51
2022,47747286,,51
2022,47747287,,51
2022,47747288,,51
2022,47747289,,51
2022,47747290,,51
2022,47747291,,51
2022,47747292,,51
2022,48143053,,51
2022,48815201,,51
2022,49361669,,51
2022,48143054,,51
2022,48143055,,51
2022,48741077,,51
2022,48741078,,51
2022,48741079,,51
2022,48741080,,51
2022,48741081,,51
2022,48741082,,51
2022,48741083,,51
2022,48741084,,51
2022,49361627,,51
2022,49361628,,51
2022,49361629,,51
2022,49361630,,51
2022,49361631,,51
2022,49361632,,51
2022,49361633,,51
2022,48878621,,51
2022,49361634,,51
2022,49361635,,51
2022,49361636,,51
2022,49361637,,51
2022,49361638,,51
2022,49361639,,51
2022,49740472,,51
2022,49740473,,51
2022,49740474,,51
2022,49740475,,51
2022,47030451,,51
2022,48761472,,51
2022,49361670,,51
2022,49361671,,51
2022,49361672,,51
2022,49361673,,51
2022,49361674,,52
2022,49361675,,51
2022,49361676,,51
2022,49361677,,51
2022,49455982,,51
2022,49455983,,51
2022,48945064,,51
2022,49361678,,51
2022,49361679,,51
2022,49361680,,51
2022,49361681,,51
2022,49361682,,51
2022,49361683,,51
2022,49361684,,51
2022,49361685,,51
2022,49361686,,51
2022,49361687,,51
2022,49361688,,51
2022,49580009,,51
2022,49627954,,51
2022,49627955,,51
2022,49361691,,51
2022,49361692,,51
2022,47030452,,51
2022,47699343,,51
2022,48088228,,51
2022,50553406,,51
2022,49580011,,51
2022,49580012,,51
2022,50516076,,51
2022,49764598,,51
2022,48654035,,51
2022,49361892,,51
2022,49605564,,51
2022,49764599,,51
2022,49764600,,51
2022,49764601,,51
2022,49764602,,51
2022,49743676,,51
2022,49666596,,51
2022,49689270,,51
2022,49689271,,51
2022,49637990,,51
2022,46883654,,51
2022,46996031,,51
2022,45529392,,51
2022,46561370,,51
2022,45120786,,51
2022,45794510,,51
2022,45794511,,51
2022,45489007,,51
2022,45489008,,51
2022,45489009,,51
2022,46561372,,51
2022,46561373,,51
2022,45529380,,51
2022,46561374,,51
2022,45794512,,51
2022,45529382,,51
2022,45529383,,51
2022,45489014,,51
2022,46561375,,51
2022,45489021,,51
2022,45794513,,51
2022,45529384,,51
2022,46561376,,51
2022,46561377,,51
2022,45623013,,51
2022,45640144,,51
2022,46561378,,51
2022,45699841,,51
2022,45679523,,51
2022,45679524,,51
2022,45679525,,51
2022,51053301,,51
2022,46561379,,51
2022,46561380,,51
2022,45794515,,51
2022,45794516,,51
2022,46561381,,51
2022,45794518,,51
2022,46561382,,51
2022,50357671,,51
2022,46561384,,51
2022,49611338,,3
2022,46561385,,51
2022,45529393,,52
2022,46890436,,51
2022,45170340,,51
2022,46890437,,51
2022,45495506,,51
2022,45640193,,51
2022,45640195,,51
2022,45453246,,51
2022,45529394,,51
2022,45490802,,51
2022,45560226,,51
2022,45495507,,51
2022,46954623,,51
2022,45519134,,51
2022,46280940,,51
2022,45950894,,51
2022,46561386,,51
2022,46561387,,51
2022,46561388,,51
2022,46561389,,51
2022,45720986,,51
2022,46280941,,51
2022,45964539,,51
2022,45964540,,51
2022,46561390,,51
2022,46561391,,51
2022,46561392,,51
2022,46561393,,51
2022,46561394,,51
2022,46561395,,51
2022,46561396,,51
2022,46561397,,51
2022,46561398,,51
2022,46561399,,51
2022,46561400,,51
2022,46344844,,51
2022,46561401,,51
2022,46561402,,51
2022,46561403,,51
2022,46561404,,51
2022,46561405,,51
2022,46561406,,51
2022,46561407,,51
2022,46561408,,51
2022,46561409,,51
2022,46034030,,51
2022,48140735,,51
2022,48140736,,51
2022,49361895,,51
2022,46561413,,51
2022,46594441,,51
2022,46561414,,51
2022,46561415,,51
2022,46561416,,51
2022,47085387,,51
2022,46150806,,51
2022,46150807,,51
2022,46562713,,51
2022,46562714,,51
2022,46150808,,51
2022,46150809,,51
2022,46250981,,51
2022,46275366,,51
2022,46954624,,51
2022,46697036,,51
2022,46697037,,51
2022,46561433,,51
2022,46561434,,51
2022,46561435,,51
2022,46561437,,51
2022,48313444,,51
2022,46684554,,53
2022,46628808,,51
2022,46684555,,51
2022,46684556,,51
2022,46819650,,51
2022,46699399,,52
2022,46663990,,51
2022,46749840,,51
2022,46749841,,51
2022,46877159,,51
2022,46749842,,51
2022,46561438,,51
2022,46819448,,51
2022,46561439,,51
2022,46561440,,51
2022,46819651,,51
2022,46869645,,51
2022,46869646,,51
2022,46890789,,51
2022,46825713,,51
2022,46561441,,51
2022,46697038,,51
2022,46869647,,51
2022,46889048,,51
2022,46915924,,51
2022,46697039,,51
2022,46964819,,51
2022,46964820,,51
2022,46860586,,51
2022,46697040,,51
2022,46697041,,51
2022,47428642,,51
2022,46697042,,51
2022,46697043,,51
2022,46697044,,51
2022,46969397,,51
2022,46834250,,51
2022,46955260,,51
2022,46964821,,51
2022,46964822,,51
2022,46834251,,51
2022,46834252,,51
2022,47345694,,51
2022,47307309,,51
2022,46927868,,51
2022,46967328,,51
2022,47083765,,51
2022,46979829,,1
2022,46996028,,51
2022,46979830,,51
2022,47079985,,51
2022,47079986,,51
2022,47836599,,9
2022,47017666,,51
2022,46996030,,51
2022,47030709,,51
2022,47160005,,51
2022,47173237,,51
2022,47393496,,53
2022,47160006,,51
2022,47248513,,51
2022,47229321,,51
2022,47280219,,51
2022,47280221,,51
2022,47345695,,51
2022,47841668,,51
2022,48379037,,51
2022,47697380,,51
2022,47747293,,51
2022,47774858,,51
2022,48028140,,51
2022,48011093,,51
2022,47331556,,51
2022,47253081,,51
2022,47331557,,51
2022,48332591,,51
2022,47428643,,51
2022,47428644,,51
2022,47393497,,51
2022,50849721,,51
2022,47510279,,51
2022,47431392,,51
2022,47510280,,51
2022,47431393,,51
2022,47836601,,51
2022,47662061,,51
2022,47565909,,51
2022,47597115,,3
2022,47746368,,51
2022,50583660,,51
2022,47662062,,51
2022,47647407,,51
2022,47819005,,51
2022,47819006,,51
2022,47666160,,51
2022,50119077,,51
2022,47795393,,51
2022,47721655,,51
2022,47750078,,51
2022,47783090,,51
2022,47836602,,51
2022,47836603,,51
2022,47836606,,51
2022,47870934,,51
2022,47870165,,51
2022,47852267,,51
2022,47920432,,51
2022,47920433,,51
2022,48308060,,51
2022,48086626,,51
2022,48366101,,51
2022,48156345,,51
2022,48188349,,51
2022,48030045,,51
2022,48026434,,51
2022,48495387,,51
2022,48472545,,51
2022,48495388,,51
2022,48539820,,51
2022,48539821,,51
2022,48539822,,51
2022,48708129,,51
2022,48830832,,51
2022,48626239,,51
2022,49361951,,53
2022,48762871,,51
2022,48147713,,51
2022,48830833,,51
2022,48806418,,51
2022,48828516,,51
2022,50379199,,51
2022,48147714,,51
2022,48830834,,51
2022,48838759,,51
2022,48838760,,51
2022,49836682,,51
2022,48914013,,51
2022,49361952,,51
2022,49361953,,51
2022,49888801,,51
2022,49888802,,51
2022,49361954,,51
2022,49361955,,51
2022,49361956,,51
2022,49361957,,51
2022,49361958,,51
2022,49888803,,51
2022,49888804,,51
2022,49888805,,51
2022,49361959,,51
2022,49888806,,51
2022,49361960,,51
2022,49790647,,51
2022,49888807,,51
2022,49575613,,51
2022,49790648,,51
2022,49790649,,51
2022,49790650,,51
2022,49790651,,51
2022,50112285,,51
2022,48147715,,51
2022,48020420,,51
2022,48020421,,51
2022,51280460,,51
2022,48030046,,51
2022,51281234,,51
2022,48026435,,51
2022,51340680,,51
2022,51342823,,51
2022,47601314,,51
2022,48100607,,51
2022,48100608,,51
2022,48049925,,51
2022,48458509,,51
2022,47670338,,51
2022,48011094,,51
2022,48749390,,51
2022,48188350,,51
2022,48809170,,51
2022,48071638,,51
2022,48140210,,51
2022,48366103,,51
2022,48809171,,51
2022,48366105,,51
2022,48438223,,51
2022,48457335,,51
2022,48457336,,51
2022,48490919,,51
2022,48809172,,51
2022,48809173,,51
2022,48812719,,51
2022,48564901,,51
2022,48571298,,51
2022,48576986,,51
2022,48576987,,51
2022,48749391,,51
2022,48751226,,51
2022,48806419,,51
2022,48806420,,51
2022,48806421,,51
2022,48809174,,51
2022,48809175,,51
2022,48809177,,51
2022,48809178,,51
2022,48812720,,51
2022,48812722,,51
2022,48088399,,51
2022,49361896,,51
2022,48164720,,51
2022,48435320,,51
2022,48140211,,51
2022,48140212,,51
2022,48812723,,51
2022,48813255,,51
2022,48813257,,51
2022,48839388,,51
2022,48905459,,51
2022,48875438,,51
2022,48895112,,51
2022,48898836,,51
2022,48905460,,51
2022,48905461,,51
2022,48905462,,51
2022,49361979,,51
2022,49361980,,51
2022,49361981,,51
2022,49361982,,51
2022,49361983,,51
2022,49361984,,51
2022,49361985,,51
2022,49361986,,51
2022,48140213,,51
2022,48147716,,51
2022,48147717,,51
2022,49361987,,51
2022,49361988,,51
2022,49361989,,51
2022,49607616,,51
2022,49634447,,51
2022,50044000,,51
2022,48164721,,51
2022,50982011,,51
2022,50982012,,51
2022,50982013,,5
2022,48435321,,51
2022,48332592,,51
2022,48350691,,51
2022,48281914,,51
2022,48310164,,51
2022,48435322,,51
2022,48435323,,51
2022,49977835,,51
2022,49363133,,3
2022,50923019,,51
2022,49361900,,51
2022,48385473,,51
2022,48391734,,51
2022,48380899,,51
2022,48435324,,51
2022,48391735,,51
2022,48439405,,3
2022,48467819,,51
2022,48591118,,51
2022,48540969,,51
2022,48540970,,51
2022,48515691,,51
2022,48587516,,51
2022,48657661,,51
2022,48592358,,51
2022,48591119,,51
2022,48710632,,51
2022,48760880,,51
2022,48810820,,52
2022,48796254,,51
2022,48815202,,51
2022,48840207,,51
2022,48840208,,51
2022,48835706,,51
2022,48946926,,51
2022,49361901,,51
2022,48878622,,51
2022,49361902,,51
2022,48945460,,51
2022,49361903,,51
2022,48946927,,51
2022,48946928,,51
2022,48946929,,51
2022,49361904,,51
2022,49361905,,51
2022,49361906,,51
2022,49361907,,51
2022,49361908,,51
2022,49361909,,51
2022,49361910,,51
2022,49361911,,52
2022,49892342,,51
2022,49361912,,51
2022,49361913,,51
2022,49361914,,51
2022,49361915,,51
2022,49361916,,52
2022,49689267,,51
2022,49361917,,51
2022,49361918,,51
2022,49361919,,51
2022,49361920,,51
2022,49363134,,3
2022,49363135,,3
2022,45105155,,51
2022,49580013,,51
2022,45105156,,51
2022,49361922,,51
2022,49361923,,51
2022,49361924,,51
2022,44996046,,51
2022,44996047,,51
2022,45091929,,51
2022,46282262,,51
2022,45385471,,51
2022,51254807,,51
2022,49562428,,51
2022,49549387,,51
2022,49549388,,51
2022,49764604,,51
2022,49460717,,51
2022,49460718,,51
2022,49563900,,51
2022,49562945,,51
2022,45385472,,51
2022,49562946,,51
2022,48140737,,51
2022,49580014,,51
2022,49593955,,51
2022,49611339,,51
2022,49613083,,51
2022,45723790,,51
2022,45659233,,51
2022,45659234,,51
2022,49363136,,51
2022,49363137,,51
2022,48179293,,51
2022,48179294,,51
2022,48179295,,51
2022,45959316,,51
2022,49363279,,3
2022,48179297,,51
2022,49632876,,51
2022,47077994,,51
2022,46275377,,51
2022,46288008,,51
2022,46561973,,51
2022,46561974,,51
2022,46594442,,51
2022,50184930,,51
2022,47795394,,3
2022,49559777,,51
2022,49559778,,51
2022,49559779,,51
2022,49559780,,51
2022,49559781,,51
2022,49559782,,51
2022,49559783,,51
2022,47085388,,51
2022,49559784,,51
2022,49559785,,51
2022,49559786,,51
2022,49559787,,51
2022,49559788,,51
2022,49559789,,51
2022,46832781,,51
2022,49559790,,51
2022,49559791,,51
2022,49559792,,51
2022,49559793,,51
2022,49559794,,51
2022,49559795,,51
2022,49559796,,51
2022,49559797,,51
2022,49559798,,51
2022,49559799,,52
2022,49559800,,51
2022,49560741,,51
2022,49559802,,51
2022,49559803,,51
2022,49559804,,51
2022,49559047,,51
2022,49559048,,51
2022,49559805,,51
2022,49559806,,51
2022,49559807,,51
2022,49559808,,51
2022,49559809,,51
2022,49559810,,51
2022,49560742,,51
2022,49559812,,51
2022,49559813,,51
2022,49559049,,51
2022,49559050,,51
2022,49559051,,51
2022,49559814,,51
2022,49559815,,51
2022,49559816,,51
2022,49559817,,51
2022,49559818,,51
2022,49559052,,51
2022,49559053,,51
2022,49559819,,51
2022,49559820,,51
2022,49559054,,51
2022,49559055,,51
2022,49559821,,51
2022,49559822,,51
2022,49559823,,51
2022,49559824,,51
2022,49559825,,51
2022,49559826,,51
2022,49560743,,51
2022,46872863,,51
2022,46907970,,51
2022,46916676,,51
2022,46960351,,51
2022,46960352,,51
2022,47289378,,51
2022,47168708,,51
2022,49559828,,51
2022,47271785,,51
2022,49559829,,51
2022,47271786,,51
2022,47787231,,51
2022,47353313,,51
2022,49363138,,51
2022,47647408,,51
2022,49363139,,51
2022,47685807,,51
2022,51274289,,51
2022,49364819,,51
2022,49580015,,51
2022,49559830,,51
2022,49563901,,51
2022,49580016,,51
2022,49559831,,51
2022,49614321,,51
2022,49559832,,51
2022,49559833,,51
2022,49559834,,51
2022,49559835,,51
2022,49559836,,51
2022,49761299,,51
2022,49761300,,51
2022,49761301,,51
2022,49832564,,51
2022,49559837,,51
2022,49559838,,51
2022,49614322,,51
2022,49593956,,51
2022,50220157,,51
2022,47795397,,51
2022,49840576,,51
2022,49363140,,51
2022,48088400,,51
2022,48158263,,51
2022,50696268,,51
2022,49613084,,51
2022,49613085,,51
2022,49689268,,51
2022,49613447,,51
2022,49613448,,51
2022,48180190,,51
2022,48272213,,51
2022,48281915,,51
2022,48310165,,51
2022,48314539,,51
2022,48332593,,51
2022,49363141,,51
2022,48514860,,51
2022,48796255,,51
2022,48709218,,51
2022,50674038,,51
2022,49363142,,51
2022,49363143,,51
2022,49634448,,51
2022,51135715,,51
2022,49363147,,51
2022,49363148,,51
2022,49364814,,51
2022,46562644,,51
2022,46562645,,51
2022,47414529,,51
2022,46562646,,9
2022,50338644,,51
2022,49364815,,51
2022,49364816,,51
2022,49454882,,51
2022,49363149,,51
2022,49459982,,51
2022,50338646,,51
2022,50338647,,51
2022,50338648,,51
2022,50338649,,51
2022,50338650,,51
2022,49553062,,51
2022,49553063,,51
2022,49553064,,51
2022,49560744,,51
2022,49593957,,51
2022,50675589,,51
2022,50009185,,51
2022,51357012,,51
2022,45726875,,51
2022,46683285,,51
2022,46683286,,51
2022,46683287,,51
2022,46683288,,51
2022,46683289,,51
2022,46683290,,51
2022,47345547,,51
2022,46675589,,51
2022,51257344,,51
2022,48463570,,51
2022,46675591,,51
2022,46683291,,51
2022,48463571,,51
2022,50112263,,51
2022,49834554,,51
2022,47307276,,51
2022,46683292,,51
2022,49834555,,51
2022,46683293,,3
2022,47599969,,51
2022,46683294,,51
2022,48463572,,51
2022,48463573,,51
2022,48463574,,51
2022,47745387,,51
2022,47745388,,51
2022,51257345,,51
2022,51257346,,51
2022,48261288,,51
2022,48261289,,51
2022,48161555,,51
2022,48084433,,51
2022,51340665,,52
2022,48491837,,52
2022,48576976,,51
2022,49363349,,51
2022,49363350,,51
2022,45726876,,51
2022,46562077,,51
2022,46562078,,51
2022,46562079,,51
2022,46562080,,51
2022,46562081,,51
2022,46562082,,51
2022,46562083,,51
2022,49363318,,51
2022,49363319,,51
2022,49363320,,51
2022,46928464,,51
2022,46933213,,51
2022,46933214,,51
2022,46933215,,51
2022,46933216,,51
2022,47173238,,51
2022,47804094,,51
2022,47804095,,51
2022,47804096,,51
2022,47804097,,51
2022,47804098,,51
2022,47804099,,51
2022,47804100,,51
2022,47804101,,51
2022,48391736,,51
2022,48391737,,51
2022,48391738,,51
2022,48391739,,51
2022,48391740,,51
2022,48391741,,51
2022,48391742,,51
2022,50002674,,51
2022,48391743,,51
2022,49363321,,51
2022,48626222,,51
2022,49363322,,51
2022,48626223,,51
2022,49363323,,51
2022,49363324,,51
2022,48647384,,51
2022,49363325,,51
2022,49363326,,51
2022,49363327,,51
2022,49363328,,51
2022,49612875,,3
2022,49612876,,51
2022,49612877,,51
2022,44957413,,51
2022,50002675,,51
2022,49553583,,51
2022,49553584,,51
2022,49363352,,51
2022,49363353,,51
2022,49363354,,51
2022,49454884,,51
2022,50106992,,51
2022,49363355,,51
2022,49834556,,51
2022,50264397,,51
2022,49464607,,51
2022,49463397,,51
2022,50002676,,51
2022,49454885,,51
2022,49454886,,51
2022,49454887,,51
2022,49454888,,51
2022,49454889,,51
2022,50112264,,51
2022,50689459,,51
2022,49626629,,51
2022,50971318,,51
2022,51468480,,51
2022,48749321,,51
2022,48749322,,51
2022,48749323,,51
2022,45132708,,51
2022,45133718,,51
2022,45214259,,51
2022,45214260,,51
2022,45219118,,51
2022,45219119,,51
2022,45228094,,51
2022,45263025,,51
2022,45529395,,51
2022,45529396,,51
2022,45764379,,51
2022,51448349,,51
2022,46282380,,51
2022,46562090,,51
2022,46562091,,51
2022,46562092,,51
2022,46562093,,51
2022,46576082,,51
2022,46620815,,51
2022,46748625,,51
2022,46907971,,51
2022,46891085,,51
2022,46933217,,51
2022,46933218,,51
2022,46966233,,51
2022,47266308,,51
2022,50054765,,51
2022,50054767,,3
2022,47340997,,51
2022,47583533,,51
2022,47776645,,51
2022,48121038,,51
2022,47834463,,51
2022,47847293,,51
2022,48024510,,51
2022,48028141,,51
2022,48028142,,51
2022,48084453,,51
2022,48096294,,51
2022,50054768,,51
2022,48167135,,51
2022,50054770,,51
2022,50054771,,51
2022,50054772,,51
2022,48366106,,51
2022,48366107,,51
2022,48366108,,51
2022,48426888,,51
2022,48456097,,51
2022,48576988,,51
2022,48507411,,51
2022,48538915,,51
2022,50054775,,51
2022,50054776,,51
2022,48755532,,51
2022,50054777,,51
2022,48795175,,51
2022,48860768,,51
2022,48860769,,51
2022,48905463,,51
2022,48905464,,51
2022,48905465,,51
2022,50044001,,51
2022,50054779,,51
2022,49607617,,51
2022,49607618,,51
2022,49626650,,51
2022,45540113,,51
2022,50054780,,51
2022,50054782,,51
2022,50054784,,51
2022,50054787,,51
2022,45764385,,51
2022,45764386,,51
2022,50054788,,51
2022,46562094,,51
2022,46562095,,51
2022,46879952,,51
2022,46879953,,51
2022,46879954,,51
2022,48647422,,51
2022,48647428,,51
2022,48647430,,51
2022,48647431,,51
2022,48647432,,51
2022,48647433,,51
2022,48647434,,51
2022,48647435,,51
2022,48647436,,51
2022,48647438,,51
2022,48647439,,51
2022,45495508,,51
2022,50054789,,51
2022,50056575,,51
2022,50056576,,51
2022,50056577,,53
2022,45495509,,51
2022,46075106,,51
2022,50063070,,51
2022,49460372,,51
2022,50063071,,51
2022,50063073,,51
2022,46075107,,51
2022,50063074,,51
2022,50063075,,51
2022,50063076,,51
2022,46075108,,51
2022,46075109,,51
2022,50065813,,51
2022,46562620,,51
2022,50065814,,51
2022,50065816,,51
2022,46562621,,51
2022,46835170,,51
2022,47030453,,51
2022,47699345,,51
2022,47699346,,51
2022,47699347,,51
2022,48088229,,51
2022,50065818,,51
2022,50065819,,51
2022,48088230,,51
2022,48088231,,51
2022,50074007,,51
2022,49460373,,51
2022,48088232,,51
2022,50074008,,51
2022,48464914,,51
2022,48464915,,51
2022,48464916,,51
2022,48464917,,51
2022,48464918,,51
2022,48464919,,51
2022,48654036,,51
2022,49364475,,51
2022,50074009,,51
2022,49364476,,51
2022,49364477,,51
2022,49364478,,51
2022,49364479,,51
2022,49364480,,51
2022,49364481,,51
2022,49364482,,51
2022,49364483,,51
2022,49364484,,51
2022,49627582,,51
2022,49627583,,51
2022,49627584,,51
2022,49627585,,51
2022,49627586,,51
2022,49627587,,51
2022,48156348,,51
2022,50074010,,51
2022,48156349,,51
2022,50074011,,51
2022,48830836,,51
2022,51275484,,51
2022,51275485,,51
2022,51275486,,51
2022,47596336,,51
2022,47960470,,51
2022,48043307,,51
2022,50074012,,51
2022,50074013,,51
2022,50074014,,51
2022,50074015,,51
2022,50074016,,51
2022,48043308,,51
2022,50074017,,51
2022,48188351,,51
2022,48366109,,51
2022,49359789,,51
2022,49359790,,51
2022,49359791,,51
2022,47601316,,51
2022,47601317,,51
2022,47601318,,51
2022,47601319,,51
2022,47601320,,51
2022,47601321,,51
2022,47601322,,51
2022,47601323,,51
2022,47601324,,51
2022,48330587,,51
2022,48330588,,51
2022,47601327,,51
2022,47601328,,51
2022,47601329,,51
2022,47601330,,51
2022,47601331,,51
2022,47601332,,51
2022,47931559,,51
2022,48048383,,51
2022,48048384,,51
2022,47931560,,51
2022,48048385,,51
2022,48048386,,51
2022,50074019,,51
2022,48270890,,51
2022,48330589,,51
2022,48430644,,51
2022,48430645,,51
2022,48438224,,51
2022,49359792,,51
2022,48498267,,51
2022,48502821,,52
2022,48498268,,51
2022,48709219,,52
2022,48498269,,51
2022,48498270,,51
2022,48709220,,51
2022,49547827,,51
2022,48860770,,52
2022,49359793,,51
2022,50074020,,51
2022,50074021,,51
2022,49359794,,51
2022,49359795,,51
2022,49359796,,51
2022,49359797,,51
2022,49359798,,51
2022,49359799,,51
2022,49359800,,51
2022,49359801,,51
2022,49359802,,52
2022,49359803,,9
2022,49359803,,52
2022,49359804,,51
2022,49626651,,51
2022,49790659,,51
2022,49790660,,51
2022,50017966,,3
2022,50017967,,51
2022,50074022,,51
2022,50074024,,51
2022,46250459,,51
2022,50074025,,51
2022,50074026,,51
2022,47159227,,3
2022,45820172,,51
2022,45820173,,51
2022,45820174,,51
2022,45820175,,51
2022,45820176,,51
2022,45820177,,51
2022,45820178,,51
2022,45820179,,51
2022,45820180,,51
2022,45820181,,52
2022,45820182,,51
2022,46562474,,51
2022,45820183,,51
2022,45820184,,51
2022,45820185,,51
2022,45820186,,51
2022,45820187,,51
2022,45820188,,51
2022,45820189,,51
2022,45820190,,51
2022,45820191,,51
2022,45820192,,51
2022,45820193,,51
2022,50074027,,51
2022,45820194,,51
2022,45820195,,51
2022,45820196,,51
2022,49360952,,51
2022,45820197,,3
2022,49360953,,51
2022,45999743,,51
2022,49360954,,51
2022,45999744,,51
2022,45999746,,51
2022,45999747,,51
2022,50065822,,51
2022,49360955,,51
2022,49360956,,51
2022,49360957,,51
2022,49360958,,51
2022,49360959,,51
2022,49360960,,51
2022,49360961,,51
2022,49360962,,51
2022,49360963,,51
2022,49360964,,51
2022,49360965,,51
2022,49360966,,51
2022,49360967,,51
2022,49360968,,51
2022,49460374,,51
2022,49685616,,51
2022,50065823,,51
2022,45999748,,51
2022,50065824,,51
2022,49740439,,51
2022,49740440,,51
2022,49740441,,51
2022,45999749,,51
2022,45999750,,51
2022,45999751,,51
2022,45999752,,51
2022,45999753,,51
2022,45999754,,51
2022,45999755,,51
2022,45999756,,51
2022,45999757,,51
2022,46250460,,51
2022,46250461,,51
2022,46250462,,51
2022,46250465,,51
2022,46562475,,51
2022,46250470,,51
2022,46250471,,51
2022,46250472,,51
2022,46250475,,51
2022,46250476,,51
2022,46280944,,51
2022,46574347,,51
2022,46250477,,51
2022,46250478,,51
2022,46280945,,51
2022,46250480,,51
2022,46250481,,51
2022,46280948,,51
2022,46280949,,51
2022,46280950,,51
2022,46280951,,51
2022,46562476,,51
2022,46280952,,51
2022,46280953,,51
2022,46280954,,51
2022,46280956,,51
2022,46344864,,51
2022,46280958,,51
2022,46344865,,51
2022,46344866,,51
2022,46344867,,51
2022,46562477,,51
2022,46344868,,3
2022,46344869,,51
2022,46344870,,51
2022,46344871,,51
2022,46344872,,51
2022,47345699,,51
2022,46344875,,51
2022,46344876,,51
2022,45323134,,51
2022,46907980,,51
2022,46344877,,51
2022,45098633,,51
2022,45098634,,51
2022,45098635,,51
2022,46344878,,51
2022,46344879,,51
2022,46562478,,51
2022,46562479,,51
2022,46562480,,51
2022,46562481,,51
2022,46562482,,51
2022,46562483,,51
2022,46562484,,51
2022,45098636,,51
2022,46562485,,51
2022,46562486,,51
2022,48838747,,51
2022,46562487,,51
2022,46562488,,51
2022,48749324,,51
2022,46562489,,51
2022,46574348,,51
2022,45098637,,3
2022,46574349,,51
2022,46562490,,51
2022,46562491,,51
2022,45132675,,51
2022,46562492,,51
2022,46562493,,51
2022,45132676,,51
2022,46675536,,51
2022,46675537,,51
2022,45509293,,51
2022,45509294,,51
2022,46562494,,51
2022,46562495,,51
2022,46562496,,51
2022,46562497,,51
2022,46574350,,51
2022,46620839,,51
2022,46574352,,51
2022,46574353,,51
2022,46574354,,51
2022,46574355,,51
2022,46574356,,51
2022,46574357,,51
2022,46574358,,51
2022,46574359,,51
2022,46574360,,51
2022,46991921,,51
2022,46766100,,51
2022,45191151,,51
2022,46033987,,51
2022,45228059,,53
2022,45228651,,51
2022,45323135,,51
2022,45323136,,51
2022,45230849,,51
2022,45245575,,51
2022,46244945,,51
2022,45279546,,51
2022,46574363,,51
2022,45279547,,51
2022,45279548,,51
2022,46574364,,51
2022,45355992,,51
2022,46574365,,51
2022,45263014,,51
2022,46574366,,51
2022,46574367,,51
2022,46574368,,51
2022,46815779,,51
2022,46574369,,51
2022,46574370,,51
2022,45343474,,51
2022,46574371,,51
2022,45297105,,51
2022,45343475,,51
2022,46574372,,51
2022,46574373,,51
2022,46574374,,51
2022,46574375,,51
2022,46574377,,51
2022,46766101,,51
2022,46574379,,51
2022,46766102,,51
2022,46766103,,51
2022,46574380,,51
2022,46766104,,51
2022,46766105,,51
2022,46574381,,51
2022,46574382,,51
2022,46766106,,51
2022,46620841,,51
2022,46620842,,51
2022,46620843,,51
2022,46629760,,51
2022,46629761,,51
2022,46629762,,51
2022,46629763,,51
2022,46629764,,51
2022,46629765,,51
2022,46991922,,51
2022,46766107,,51
2022,46766108,,51
2022,45679527,,51
2022,45456007,,51
2022,45489034,,3
2022,45679528,,51
2022,45679529,,51
2022,45720974,,51
2022,45699842,,51
2022,46033989,,51
2022,45777816,,51
2022,45720975,,51
2022,45794519,,51
2022,45794520,,51
2022,45794521,,51
2022,45720976,,51
2022,45794522,,51
2022,45794523,,51
2022,45805856,,51
2022,45808173,,51
2022,45825507,,51
2022,45932395,,51
2022,46907981,,51
2022,46907982,,51
2022,46907983,,51
2022,46907984,,51
2022,46766110,,51
2022,46766111,,51
2022,46991924,,51
2022,46907985,,51
2022,46907986,,51
2022,46907987,,51
2022,46907988,,51
2022,47159228,,51
2022,47159229,,51
2022,46766112,,51
2022,46907992,,51
2022,46907993,,3
2022,46907994,,51
2022,46907996,,51
2022,46907997,,51
2022,46907998,,51
2022,46907999,,51
2022,46954625,,51
2022,46908000,,51
2022,46908001,,51
2022,46908002,,51
2022,46908003,,51
2022,46991925,,51
2022,46908005,,51
2022,46908006,,51
2022,46908007,,51
2022,46908008,,51
2022,46908009,,51
2022,46908010,,52
2022,46908011,,52
2022,46908012,,51
2022,46908013,,51
2022,46907973,,51
2022,46907974,,51
2022,46907975,,51
2022,46907976,,51
2022,46991926,,51
2022,45932396,,51
2022,45932399,,51
2022,47159230,,51
2022,47159231,,51
2022,47159232,,51
2022,46954629,,51
2022,46991930,,51
2022,46954630,,51
2022,46954631,,51
2022,46954632,,51
2022,46954633,,51
2022,46991931,,51
2022,46991935,,51
2022,47513129,,51
2022,46991936,,53
2022,46991937,,51
2022,46991938,,51
2022,47345701,,51
2022,46991941,,51
2022,46991942,,51
2022,46991943,,51
2022,46991944,,51
2022,46150784,,51
2022,48749325,,51
2022,46150786,,51
2022,46150787,,51
2022,47747294,,51
2022,48749326,,51
2022,47159233,,51
2022,46259275,,51
2022,47159234,,51
2022,46991945,,51
2022,46991947,,51
2022,46259276,,51
2022,46991949,,51
2022,46259277,,51
2022,47159236,,51
2022,47159237,,51
2022,47345702,,51
2022,46271470,,51
2022,47159238,,51
2022,46271471,,51
2022,47159239,,51
2022,46279622,,51
2022,47159240,,51
2022,46815780,,51
2022,47159242,,51
2022,47159243,,51
2022,47159244,,51
2022,47159245,,51
2022,47159246,,51
2022,47159247,,51
2022,47345706,,51
2022,48161567,,51
2022,46286237,,51
2022,46286594,,51
2022,46293657,,51
2022,46295504,,51
2022,46815781,,51
2022,46815782,,51
2022,46297526,,51
2022,46305940,,51
2022,46560958,,51
2022,46560959,,51
2022,46560960,,52
2022,47345709,,51
2022,46560961,,51
2022,47345710,,51
2022,47345713,,51
2022,47345714,,51
2022,47345715,,51
2022,47345718,,51
2022,46560962,,51
2022,47345725,,51
2022,46560963,,51
2022,46560964,,51
2022,46560965,,51
2022,47345726,,51
2022,46560966,,51
2022,47513130,,51
2022,47513131,,51
2022,47513132,,51
2022,46560967,,51
2022,47345733,,51
2022,46560968,,51
2022,47345736,,51
2022,47841674,,51
2022,46560969,,51
2022,47513134,,51
2022,47345744,,51
2022,46609942,,51
2022,47345745,,51
2022,47345748,,51
2022,46620775,,51
2022,47345751,,53
2022,46675538,,51
2022,47345756,,51
2022,46675539,,51
2022,50768438,,51
2022,50768439,,51
2022,50768440,,51
2022,50768441,,51
2022,46696996,,51
2022,46696997,,51
2022,46766025,,51
2022,46766026,,51
2022,46766027,,51
2022,46815783,,51
2022,46815784,,51
2022,46832771,,51
2022,46834221,,51
2022,46832772,,51
2022,46834222,,51
2022,46834223,,51
2022,46834224,,51
2022,46834225,,51
2022,46869723,,51
2022,46915142,,51
2022,46915143,,51
2022,48438216,,51
2022,46927862,,51
2022,46954609,,51
2022,46954610,,51
2022,46954611,,51
2022,46967317,,51
2022,49361159,,51
2022,46967319,,51
2022,49949518,,51
2022,48437563,,51
2022,46966230,,51
2022,46967320,,51
2022,46967321,,51
2022,48437565,,51
2022,46982197,,51
2022,46985378,,51
2022,47675686,,51
2022,46988566,,51
2022,46991851,,51
2022,47011654,,51
2022,47077957,,51
2022,48437566,,51
2022,47083744,,51
2022,47345761,,51
2022,47513136,,51
2022,47513137,,51
2022,47345762,,51
2022,47345763,,51
2022,47345765,,51
2022,47345770,,51
2022,47345771,,3
2022,47513138,,51
2022,47345775,,51
2022,47345776,,51
2022,47345777,,51
2022,47345779,,51
2022,47345781,,51
2022,47513140,,51
2022,47747295,,51
2022,47747296,,51
2022,47995512,,51
2022,47995513,,51
2022,47995514,,51
2022,47513144,,51
2022,47513145,,51
2022,47513146,,51
2022,47513147,,51
2022,47513148,,3
2022,47513149,,51
2022,47513151,,51
2022,47513152,,51
2022,47513153,,51
2022,47513154,,51
2022,47747297,,51
2022,47646285,,51
2022,47513157,,51
2022,47513158,,51
2022,47513160,,51
2022,47513161,,51
2022,47513162,,51
2022,47513163,,51
2022,47513164,,51
2022,47513165,,51
2022,47174045,,51
2022,47513167,,51
2022,47174046,,51
2022,47174047,,51
2022,47513170,,51
2022,47229295,,53
2022,47229296,,51
2022,47229297,,51
2022,48432810,,51
2022,47245074,,51
2022,47245075,,51
2022,47247539,,51
2022,47345553,,51
2022,49361160,,51
2022,47382671,,51
2022,47382675,,51
2022,47382676,,51
2022,47596288,,51
2022,47499459,,51
2022,47440415,,51
2022,47596289,,51
2022,47596815,,51
2022,47596816,,51
2022,47670306,,51
2022,47670307,,51
2022,47670308,,51
2022,47670309,,52
2022,47670310,,51
2022,47670311,,51
2022,47670312,,51
2022,47674859,,51
2022,47675687,,51
2022,47675688,,51
2022,47745389,,51
2022,47745390,,51
2022,47792514,,51
2022,47792515,,51
2022,47792516,,51
2022,47792517,,51
2022,47849332,,51
2022,49361161,,51
2022,47849333,,51
2022,47849334,,51
2022,51478998,,51
2022,47996042,,51
2022,47996043,,51
2022,47996044,,51
2022,47996045,,51
2022,48041200,,51
2022,47513171,,51
2022,47513172,,51
2022,47513173,,51
2022,47646286,,51
2022,47646287,,51
2022,47513178,,51
2022,47747298,,51
2022,47646288,,51
2022,47646289,,51
2022,47646290,,51
2022,47646291,,51
2022,47747299,,51
2022,47646292,,51
2022,47646293,,51
2022,47646294,,51
2022,47747300,,51
2022,47646296,,51
2022,47841677,,51
2022,47646297,,51
2022,47646298,,51
2022,47747301,,51
2022,47841679,,51
2022,47747302,,51
2022,47747303,,51
2022,47747304,,51
2022,47841682,,51
2022,47747305,,51
2022,49363738,,51
2022,49363739,,51
2022,47747306,,51
2022,47747307,,51
2022,47841686,,51
2022,47747308,,51
2022,47747309,,51
2022,47841687,,51
2022,47841688,,51
2022,47841689,,51
2022,47841690,,51
2022,47841691,,51
2022,47841692,,51
2022,48029071,,51
2022,47841693,,51
2022,49361162,,51
2022,48041201,,51
2022,48041202,,51
2022,48041203,,51
2022,48043290,,51
2022,48043291,,51
2022,48043292,,51
2022,48043293,,51
2022,47841694,,51
2022,47995517,,51
2022,47841695,,51
2022,47841696,,51
2022,47995518,,51
2022,47841697,,51
2022,47841702,,51
2022,47841703,,51
2022,47841704,,51
2022,47841705,,51
2022,47995519,,51
2022,48102105,,51
2022,48043294,,51
2022,48432820,,51
2022,48045622,,51
2022,48045623,,51
2022,48048368,,51
2022,48048369,,51
2022,48048371,,51
2022,48048388,,51
2022,47995520,,51
2022,47995521,,51
2022,47995522,,51
2022,47995523,,51
2022,47995524,,51
2022,47995525,,51
2022,47995526,,51
2022,47995527,,51
2022,47995528,,51
2022,48161568,,51
2022,48070512,,51
2022,48102106,,51
2022,48070513,,51
2022,48070514,,51
2022,48102107,,51
2022,48084434,,51
2022,48102108,,51
2022,48099036,,51
2022,47995529,,51
2022,48048389,,51
2022,48048390,,51
2022,48151511,,51
2022,48144175,,51
2022,48170835,,51
2022,48170836,,51
2022,48348591,,51
2022,50264321,,51
2022,49361163,,51
2022,48378359,,51
2022,48261290,,52
2022,48270866,,51
2022,48307343,,51
2022,48308048,,51
2022,48432821,,51
2022,48331386,,51
2022,48331387,,51
2022,48331388,,51
2022,48331389,,51
2022,48383559,,51
2022,48495372,,51
2022,49361164,,51
2022,48437567,,51
2022,48438217,,51
2022,48749327,,51
2022,48438218,,51
2022,48478275,,51
2022,48538905,,51
2022,48478276,,51
2022,48539805,,51
2022,48539806,,51
2022,48539807,,51
2022,48564874,,51
2022,48564875,,51
2022,49949526,,51
2022,48749328,,51
2022,48581074,,51
2022,48581869,,51
2022,48581870,,51
2022,48048391,,51
2022,48161569,,51
2022,48838748,,51
2022,48756359,,51
2022,48751138,,51
2022,49361165,,51
2022,50264322,,51
2022,49361166,,51
2022,48838749,,52
2022,48838750,,51
2022,48839377,,51
2022,48839378,,51
2022,48839379,,51
2022,49361167,,51
2022,48875422,,51
2022,48985050,,51
2022,48979170,,51
2022,48979171,,51
2022,50102587,,51
2022,48985051,,51
2022,48985052,,51
2022,48985054,,51
2022,49361168,,51
2022,49361169,,51
2022,49361170,,51
2022,49361171,,51
2022,49361172,,51
2022,49361173,,51
2022,49361174,,51
2022,49361175,,51
2022,49361176,,51
2022,49361178,,51
2022,48048392,,51
2022,49361179,,51
2022,48048393,,51
2022,49361180,,51
2022,49361181,,9
2022,49361182,,51
2022,49361183,,51
2022,49361184,,51
2022,49361185,,51
2022,49361186,,51
2022,49361187,,51
2022,49571169,,51
2022,50677004,,51
2022,49361188,,51
2022,49454865,,51
2022,49361189,,51
2022,49361190,,51
2022,49949539,,51
2022,49626630,,51
2022,49361191,,51
2022,49361192,,51
2022,49429795,,51
2022,49571171,,51
2022,49571176,,51
2022,49571177,,51
2022,49575591,,51
2022,49607589,,51
2022,49575592,,51
2022,49575593,,51
2022,49575594,,51
2022,48576989,,51
2022,48161570,,51
2022,50017948,,51
2022,48048395,,51
2022,50017949,,51
2022,49626631,,51
2022,49626632,,51
2022,49560043,,51
2022,49560044,,51
2022,49560045,,51
2022,49560046,,51
2022,48048400,,51
2022,48102109,,51
2022,48102110,,51
2022,48161571,,51
2022,48161572,,51
2022,48102112,,51
2022,48161573,,51
2022,48501937,,51
2022,48161575,,51
2022,48102114,,51
2022,48161576,,51
2022,48102115,,51
2022,48102116,,51
2022,48749396,,51
2022,48161577,,51
2022,48457337,,51
2022,48457338,,51
2022,48378370,,51
2022,48161578,,51
2022,48161579,,51
2022,48161580,,51
2022,48161581,,51
2022,48161582,,51
2022,48161583,,51
2022,48161584,,51
2022,48161585,,51
2022,48161586,,51
2022,48161587,,51
2022,48274563,,51
2022,48161589,,51
2022,48161590,,51
2022,49363740,,51
2022,48274564,,51
2022,48274565,,51
2022,48274566,,51
2022,48274567,,51
2022,48274568,,51
2022,48274569,,51
2022,48274570,,51
2022,48274571,,51
2022,48274572,,51
2022,48274573,,51
2022,49363741,,51
2022,48274574,,51
2022,48378372,,51
2022,48274575,,51
2022,48274576,,51
2022,48378373,,51
2022,48812727,,51
2022,48378374,,51
2022,48378375,,51
2022,48378376,,51
2022,48378377,,51
2022,48378378,,51
2022,48378379,,52
2022,48378380,,51
2022,48457339,,51
2022,48457340,,51
2022,48501938,,51
2022,48457341,,52
2022,48812728,,51
2022,48457342,,51
2022,48457343,,51
2022,48490920,,51
2022,48501939,,51
2022,48501940,,51
2022,48501941,,51
2022,48501942,,51
2022,48576990,,51
2022,48576991,,51
2022,48501944,,51
2022,48501945,,51
2022,48501947,,51
2022,49363742,,51
2022,48905466,,51
2022,48576993,,51
2022,48749398,,51
2022,48576994,,51
2022,48576995,,51
2022,48576996,,51
2022,48576997,,51
2022,48576998,,51
2022,48577000,,51
2022,48749399,,51
2022,48905467,,51
2022,48577002,,51
2022,48577003,,51
2022,48905468,,51
2022,48749400,,51
2022,49363743,,51
2022,48749401,,51
2022,48749402,,51
2022,48749403,,51
2022,48749404,,51
2022,48749405,,51
2022,48749406,,51
2022,48749407,,51
2022,48812729,,51
2022,48812730,,51
2022,48905469,,51
2022,48812732,,51
2022,48812733,,51
2022,48812734,,51
2022,48905470,,51
2022,48905471,,51
2022,48812736,,51
2022,48812737,,51
2022,48905472,,51
2022,48812738,,51
2022,48812739,,51
2022,48812740,,51
2022,48812741,,52
2022,48812742,,51
2022,48905475,,51
2022,48812744,,51
2022,48905476,,1
2022,48905477,,51
2022,48905478,,51
2022,48905479,,51
2022,48905480,,51
2022,49363744,,51
2022,48905481,,51
2022,48905482,,51
2022,48905483,,51
2022,48905484,,51
2022,48905486,,51
2022,48905487,,51
2022,48905488,,51
2022,49363745,,51
2022,49363746,,51
2022,49363747,,51
2022,49363748,,51
2022,49363749,,51
2022,49363750,,51
2022,49363751,,53
2022,49363752,,51
2022,49363753,,51
2022,50026649,,51
2022,49363754,,51
2022,49363755,,51
2022,49363756,,51
2022,49363757,,51
2022,49363758,,51
2022,49363759,,51
2022,49363760,,51
2022,49363761,,51
2022,49363762,,51
2022,49363763,,51
2022,49363764,,51
2022,49363765,,51
2022,49363766,,51
2022,49363767,,51
2022,49363768,,51
2022,49363769,,52
2022,49363770,,51
2022,49363771,,51
2022,49363772,,51
2022,49363773,,51
2022,49363775,,51
2022,49363776,,51
2022,49363777,,51
2022,50026650,,51
2022,49363778,,51
2022,49560047,,51
2022,49560048,,51
2022,49363781,,51
2022,49560049,,51
2022,49560050,,51
2022,49560051,,51
2022,49363785,,51
2022,49363786,,51
2022,49363787,,51
2022,49363788,,52
2022,49363789,,51
2022,49363790,,51
2022,49363791,,51
2022,49363792,,51
2022,49363793,,51
2022,49363794,,51
2022,49363795,,51
2022,49363796,,51
2022,49363797,,51
2022,49557922,,51
2022,49363798,,51
2022,49363799,,52
2022,49363800,,52
2022,49363801,,51
2022,49363802,,51
2022,49363803,,51
2022,49363804,,51
2022,49361262,,51
2022,49361263,,51
2022,48985062,,51
2022,46293658,,52
2022,46293659,,52
2022,46294721,,51
2022,46297039,,51
2022,46821105,,51
2022,46321865,,51
2022,46323821,,51
2022,46344845,,51
2022,46344846,,51
2022,46344847,,51
2022,46560982,,51
2022,46560983,,51
2022,48985068,,51
2022,46560985,,51
2022,46560986,,51
2022,46560987,,51
2022,48985071,,51
2022,48985072,,51
2022,48985073,,51
2022,46834226,,51
2022,46560988,,51
2022,46560989,,51
2022,46860575,,51
2022,46560990,,51
2022,46560991,,51
2022,46560992,,51
2022,46560993,,51
2022,46560994,,51
2022,48985083,,51
2022,48985084,,51
2022,46560995,,51
2022,48809150,,51
2022,48985095,,51
2022,49560052,,51
2022,49363806,,52
2022,49557923,,51
2022,49363807,,51
2022,49363808,,51
2022,49363809,,51
2022,49363810,,51
2022,49363813,,51
2022,49363814,,51
2022,49836761,,51
2022,49634449,,52
2022,49363816,,51
2022,49363817,,51
2022,49363818,,51
2022,49557924,,51
2022,49557925,,51
2022,49557926,,51
2022,49557927,,51
2022,49557928,,51
2022,49557929,,51
2022,49557930,,51
2022,49557931,,51
2022,49557932,,51
2022,49557933,,51
2022,49557934,,51
2022,49557935,,51
2022,49557936,,51
2022,49557937,,51
2022,49557938,,51
2022,49557939,,51
2022,49557940,,51
2022,49634451,,51
2022,49634452,,51
2022,49634453,,9
2022,49836762,,51
2022,49634454,,51
2022,49634455,,51
2022,49634457,,51
2022,49634458,,51
2022,49836763,,51
2022,49634459,,51
2022,49634460,,51
2022,49836764,,51
2022,49634461,,52
2022,49634462,,51
2022,49836765,,51
2022,49634463,,51
2022,49836766,,51
2022,49634464,,51
2022,49836767,,51
2022,49634465,,51
2022,50599180,,51
2022,48366110,,51
2022,48809152,,51
2022,48985106,,51
2022,48985107,,51
2022,48985109,,51
2022,48985110,,51
2022,48985120,,51
2022,46561003,,51
2022,46561004,,51
2022,48985121,,51
2022,48985122,,51
2022,48985128,,51
2022,48985136,,51
2022,48985146,,51
2022,48985155,,51
2022,48985156,,51
2022,48985157,,51
2022,48985166,,51
2022,48985167,,51
2022,46629718,,51
2022,48985181,,51
2022,48985189,,51
2022,48985191,,51
2022,48985193,,51
2022,48985202,,51
2022,48985203,,51
2022,48985204,,51
2022,48985206,,51
2022,48985209,,51
2022,48985210,,51
2022,48985212,,51
2022,48985218,,51
2022,48985219,,51
2022,48994324,,51
2022,48985228,,51
2022,48985229,,51
2022,48985230,,51
2022,46766028,,51
2022,48985237,,51
2022,48985243,,51
2022,48985244,,51
2022,48985246,,51
2022,46021624,,51
2022,46238134,,51
2022,46748525,,51
2022,46244946,,51
2022,48985263,,51
2022,48985268,,51
2022,48985272,,51
2022,48985277,,51
2022,48985279,,51
2022,48985283,,51
2022,48985284,,51
2022,48985289,,51
2022,48985301,,51
2022,48985302,,51
2022,48985303,,51
2022,48985309,,51
2022,48985318,,51
2022,46561007,,51
2022,48985335,,51
2022,48985337,,51
2022,48985348,,51
2022,48985351,,51
2022,48985354,,51
2022,48985357,,51
2022,48985365,,51
2022,48985369,,51
2022,48985370,,51
2022,48985373,,51
2022,46561019,,51
2022,46561020,,51
2022,48985383,,51
2022,48985387,,51
2022,50336556,,51
2022,46627553,,51
2022,46637432,,51
2022,47670340,,51
2022,47670341,,51
2022,46986313,,51
2022,46986314,,51
2022,47505765,,51
2022,48458510,,51
2022,50674040,,51
2022,49361230,,52
2022,48985400,,51
2022,48985404,,51
2022,46697004,,51
2022,46697005,,51
2022,48985411,,51
2022,48985415,,51
2022,48985422,,51
2022,48985431,,51
2022,48985437,,51
2022,48985439,,51
2022,48985440,,51
2022,49361265,,51
2022,48985452,,51
2022,48985461,,51
2022,48985466,,51
2022,46834617,,51
2022,46834618,,51
2022,48985469,,51
2022,48985471,,51
2022,48994325,,51
2022,48985496,,51
2022,48985497,,51
2022,48985500,,3
2022,48985502,,51
2022,46684313,,51
2022,46907948,,51
2022,48985510,,51
2022,47601294,,51
2022,47601295,,51
2022,48985523,,51
2022,48985525,,51
2022,48985527,,51
2022,48985534,,51
2022,48985537,,51
2022,48985541,,51
2022,48985542,,51
2022,48985543,,51
2022,48985544,,51
2022,48985558,,51
2022,48985563,,51
2022,48985570,,51
2022,46958012,,51
2022,46958013,,51
2022,46966232,,51
2022,46967322,,51
2022,48985589,,51
2022,48985595,,51
2022,48985597,,51
2022,48985600,,51
2022,48985602,,51
2022,45529397,,51
2022,45404161,,51
2022,45796268,,51
2022,45529398,,51
2022,45529399,,51
2022,45529400,,51
2022,45529401,,51
2022,45796269,,51
2022,45796270,,51
2022,46240120,,51
2022,48985619,,51
2022,46259314,,51
2022,48985628,,51
2022,46157412,,51
2022,48985629,,51
2022,46268885,,51
2022,48985632,,51
2022,46268886,,51
2022,46150810,,51
2022,46150811,,51
2022,48985646,,51
2022,48985656,,51
2022,48985658,,51
2022,48985666,,51
2022,47159210,,51
2022,48985672,,51
2022,47195360,,51
2022,47195361,,51
2022,46281711,,51
2022,46282263,,52
2022,46560970,,51
2022,46560971,,51
2022,46560972,,51
2022,46560973,,51
2022,46560974,,51
2022,46560975,,51
2022,46560976,,51
2022,46560977,,51
2022,46560978,,51
2022,46872455,,51
2022,48985674,,51
2022,48985675,,51
2022,48985676,,51
2022,48985678,,51
2022,48985679,,51
2022,48985680,,51
2022,48985681,,51
2022,48985687,,51
2022,48985690,,51
2022,48985693,,51
2022,47619253,,51
2022,48985697,,51
2022,48985700,,51
2022,48985703,,51
2022,48985705,,51
2022,47280135,,51
2022,47280136,,51
2022,48985707,,51
2022,48985708,,51
2022,47280143,,51
2022,47280144,,51
2022,47280145,,51
2022,48985717,,51
2022,48994326,,51
2022,47293267,,51
2022,48985729,,51
2022,48985731,,51
2022,48985735,,51
2022,48985736,,51
2022,46886725,,51
2022,46921801,,51
2022,47174056,,51
2022,47174057,,51
2022,47252936,,51
2022,47601334,,51
2022,47602183,,51
2022,47692854,,51
2022,47697381,,51
2022,47697382,,51
2022,47697383,,51
2022,50339659,,51
2022,50339660,,51
2022,48985738,,51
2022,48985745,,51
2022,47619256,,51
2022,48985751,,51
2022,48985752,,51
2022,48985753,,51
2022,47405659,,51
2022,47405660,,51
2022,49361266,,51
2022,48985760,,51
2022,48985767,,51
2022,48985768,,51
2022,48985769,,51
2022,48985771,,51
2022,48985772,,51
2022,48985774,,51
2022,48985776,,51
2022,47499460,,51
2022,48985781,,51
2022,48985783,,51
2022,50339661,,51
2022,50339662,,51
2022,48188352,,52
2022,48274577,,51
2022,48274578,,51
2022,47621059,,51
2022,46881905,,51
2022,47621060,,51
2022,47621062,,51
2022,47621063,,51
2022,48985801,,51
2022,47621064,,51
2022,48985805,,51
2022,47621065,,51
2022,48024501,,51
2022,47621066,,51
2022,47621067,,51
2022,48274581,,51
2022,48985809,,51
2022,48274582,,51
2022,48312816,,51
2022,48312817,,51
2022,48312818,,51
2022,48979172,,51
2022,48312819,,51
2022,48979173,,51
2022,48463587,,51
2022,48464534,,51
2022,48464535,,51
2022,48464536,,51
2022,48466753,,51
2022,48979174,,51
2022,48979175,,51
2022,48979177,,51
2022,48466980,,51
2022,48979178,,51
2022,48467607,,51
2022,48467608,,51
2022,48467609,,51
2022,48467610,,51
2022,48514768,,51
2022,48024502,,51
2022,48979180,,51
2022,48985814,,51
2022,48985817,,51
2022,48985819,,51
2022,48985825,,51
2022,48985827,,51
2022,48024503,,51
2022,48514769,,51
2022,48024504,,51
2022,48985843,,51
2022,48515216,,51
2022,48985844,,51
2022,48985847,,51
2022,48515217,,51
2022,47195365,,51
2022,47195366,,51
2022,47230854,,51
2022,48985851,,51
2022,48985853,,51
2022,48985862,,51
2022,48985866,,51
2022,48985870,,51
2022,48985874,,51
2022,47280155,,51
2022,47293272,,51
2022,47340992,,51
2022,48985890,,51
2022,48985895,,51
2022,48985908,,51
2022,48985910,,51
2022,48709221,,51
2022,48985918,,51
2022,48985923,,51
2022,48985924,,51
2022,48985925,,51
2022,48985930,,51
2022,48985931,,51
2022,48985932,,51
2022,49361268,,51
2022,48985934,,51
2022,48985939,,51
2022,48985940,,51
2022,48985941,,51
2022,48985943,,51
2022,48985948,,51
2022,48985949,,51
2022,48985951,,51
2022,48985956,,51
2022,48985958,,51
2022,48985960,,51
2022,48985962,,51
2022,48985963,,51
2022,48985965,,51
2022,48985966,,51
2022,47849335,,51
2022,48028121,,51
2022,48979181,,51
2022,48979182,,51
2022,48979183,,51
2022,47995502,,51
2022,48979184,,51
2022,47995504,,51
2022,48979185,,51
2022,48979186,,51
2022,48979187,,51
2022,48979188,,51
2022,48762780,,51
2022,49361269,,51
2022,48762781,,51
2022,48762782,,51
2022,48762783,,51
2022,48709222,,51
2022,48709223,,51
2022,48806422,,51
2022,48806423,,51
2022,48806424,,51
2022,48806425,,51
2022,48806426,,51
2022,48806427,,51
2022,48806428,,51
2022,48806429,,51
2022,48806430,,51
2022,48806431,,51
2022,48809179,,51
2022,48809180,,51
2022,48809181,,51
2022,48809182,,51
2022,48809183,,51
2022,48946361,,51
2022,48809184,,51
2022,48809185,,51
2022,48809186,,51
2022,48809187,,51
2022,48809188,,51
2022,48830837,,51
2022,48830838,,51
2022,48830839,,51
2022,48834640,,51
2022,48946362,,51
2022,48946363,,51
2022,48946364,,51
2022,49361231,,51
2022,49361232,,51
2022,49361233,,51
2022,49361234,,51
2022,49361235,,51
2022,49361236,,51
2022,49361237,,51
2022,49361238,,51
2022,49361239,,51
2022,49361240,,51
2022,49361241,,51
2022,49361242,,51
2022,48762786,,51
2022,49361245,,51
2022,48763842,,51
2022,49361246,,51
2022,49361247,,51
2022,49361248,,51
2022,49361249,,51
2022,49429829,,51
2022,48151512,,51
2022,48762788,,51
2022,48762789,,51
2022,48763843,,51
2022,48762791,,51
2022,48763844,,51
2022,48763845,,51
2022,48763846,,51
2022,48763847,,51
2022,48763848,,51
2022,48763849,,51
2022,48763851,,51
2022,48763852,,51
2022,48763853,,51
2022,48763854,,51
2022,48763855,,51
2022,49361271,,51
2022,48763856,,51
2022,48763857,,1
2022,48763858,,51
2022,47776585,,51
2022,48763859,,51
2022,48763860,,51
2022,47920416,,51
2022,47920417,,51
2022,47920418,,51
2022,48763861,,51
2022,48763863,,51
2022,48763868,,51
2022,48763869,,51
2022,48763870,,51
2022,48763871,,51
2022,48763872,,51
2022,48763873,,51
2022,48763874,,51
2022,48762796,,51
2022,48762797,,51
2022,48762798,,51
2022,48762799,,51
2022,48762800,,51
2022,48762801,,51
2022,48762802,,51
2022,48762803,,51
2022,48762804,,51
2022,48762805,,51
2022,48762806,,51
2022,49454866,,51
2022,49454867,,51
2022,49563581,,51
2022,49563582,,51
2022,49563583,,51
2022,49563584,,51
2022,49563585,,51
2022,49563586,,51
2022,49563587,,51
2022,49563588,,51
2022,49563589,,51
2022,49749581,,51
2022,48762807,,51
2022,48762808,,51
2022,48029079,,51
2022,48762809,,51
2022,48762810,,51
2022,48762811,,51
2022,48762812,,51
2022,48762813,,51
2022,48762814,,51
2022,48762815,,51
2022,48762817,,51
2022,48762818,,51
2022,48763875,,51
2022,48763876,,51
2022,48762819,,51
2022,49749582,,51
2022,48762820,,51
2022,48762821,,51
2022,48762822,,51
2022,49749583,,51
2022,48762823,,51
2022,48762824,,51
2022,48762825,,51
2022,48762826,,51
2022,48762827,,51
2022,48762828,,51
2022,49361273,,51
2022,48274556,,51
2022,48762829,,51
2022,48762830,,51
2022,48763878,,51
2022,48763879,,51
2022,48763880,,51
2022,48763881,,51
2022,48762831,,51
2022,48762832,,51
2022,48762833,,51
2022,48762834,,51
2022,48762835,,51
2022,48762836,,51
2022,48762837,,51
2022,48762838,,51
2022,48762839,,51
2022,48762840,,51
2022,48763882,,51
2022,48763883,,51
2022,48763884,,51
2022,48501924,,51
2022,48763885,,51
2022,48763886,,51
2022,48763887,,51
2022,48762841,,51
2022,48762842,,51
2022,48426874,,51
2022,48426875,,51
2022,49749584,,51
2022,48762843,,51
2022,48762844,,51
2022,48762846,,51
2022,48762847,,51
2022,48762848,,51
2022,48762849,,51
2022,49896721,,51
2022,49896722,,51
2022,49896723,,51
2022,49896724,,51
2022,49896725,,51
2022,49896726,,51
2022,48762850,,51
2022,49896727,,51
2022,46561029,,51
2022,48762851,,51
2022,48979189,,51
2022,48979190,,51
2022,48979191,,51
2022,48979192,,51
2022,48979193,,51
2022,48979194,,51
2022,48979195,,51
2022,48979196,,51
2022,48979197,,51
2022,48979198,,51
2022,48979199,,51
2022,48979200,,51
2022,48979201,,51
2022,47307279,,51
2022,48979202,,51
2022,48979203,,51
2022,48979205,,51
2022,48979206,,51
2022,48045624,,51
2022,48096274,,51
2022,48979207,,51
2022,48979208,,51
2022,48979210,,51
2022,48979211,,51
2022,48043296,,51
2022,48979212,,51
2022,48979213,,51
2022,48979214,,51
2022,48979215,,51
2022,45950899,,51
2022,48979216,,51
2022,48979217,,51
2022,48979219,,51
2022,48979220,,51
2022,48979221,,51
2022,48979223,,51
2022,48979224,,51
2022,50667536,,51
2022,48979226,,51
2022,48979227,,51
2022,48979228,,51
2022,48382839,,51
2022,48979230,,51
2022,48979231,,51
2022,48979232,,51
2022,48979233,,51
2022,48979235,,51
2022,48979236,,51
2022,48979237,,51
2022,48979238,,51
2022,48979239,,51
2022,48979240,,51
2022,48979241,,51
2022,48979242,,51
2022,48979243,,51
2022,48979244,,51
2022,45950900,,51
2022,48979246,,51
2022,48979247,,51
2022,48979248,,51
2022,48979249,,51
2022,50667537,,51
2022,48979250,,51
2022,48979251,,51
2022,48979252,,51
2022,48979253,,51
2022,48979254,,51
2022,48979255,,51
2022,48979256,,51
2022,48979257,,51
2022,48979260,,51
2022,48979261,,51
2022,48979262,,51
2022,48979263,,51
2022,48979264,,51
2022,48979265,,51
2022,48979266,,51
2022,48979268,,51
2022,48979269,,51
2022,48979270,,51
2022,45950901,,51
2022,48979271,,51
2022,45950902,,51
2022,45950903,,51
2022,45950904,,51
2022,45950905,,51
2022,45950906,,3
2022,45950907,,51
2022,45950908,,51
2022,45950909,,51
2022,45950910,,51
2022,50616107,,51
2022,45950911,,51
2022,45950912,,53
2022,50616108,,51
2022,50395383,,51
2022,49361276,,51
2022,49361277,,51
2022,49361278,,51
2022,49361279,,51
2022,49361280,,51
2022,49361281,,51
2022,50616109,,51
2022,49361282,,51
2022,50616112,,51
2022,50616113,,51
2022,49361283,,51
2022,49361284,,51
2022,49361285,,51
2022,49361286,,51
2022,49361287,,51
2022,49361288,,51
2022,49361289,,51
2022,50616114,,51
2022,50648743,,51
2022,49361291,,51
2022,50616117,,51
2022,49361292,,51
2022,49361293,,51
2022,49361294,,51
2022,45950914,,51
2022,49361295,,51
2022,49361296,,51
2022,49361297,,51
2022,45950915,,51
2022,45950916,,51
2022,46021639,,53
2022,49361298,,51
2022,50616119,,51
2022,49361299,,51
2022,49361300,,51
2022,49361301,,51
2022,49361302,,51
2022,49361303,,51
2022,49361304,,51
2022,49361305,,51
2022,49361306,,51
2022,49361308,,51
2022,49957931,,51
2022,50395384,,51
2022,50616124,,51
2022,46021640,,51
2022,46021642,,51
2022,50063078,,3
2022,50395385,,51
2022,46561030,,52
2022,46021647,,51
2022,50648744,,51
2022,50616126,,51
2022,50616128,,51
2022,46021648,,51
2022,46021649,,51
2022,46561031,,51
2022,46021653,,3
2022,46561032,,51
2022,46561033,,51
2022,46561034,,51
2022,51257350,,51
2022,50517132,,51
2022,46640287,,51
2022,46640288,,51
2022,46640289,,51
2022,46640290,,51
2022,46640291,,51
2022,46640292,,51
2022,46658045,,51
2022,47245087,,51
2022,46658047,,51
2022,47245088,,51
2022,46658048,,51
2022,50264326,,51
2022,50264327,,51
2022,50264329,,51
2022,50395386,,51
2022,50395387,,51
2022,50395388,,51
2022,50264333,,51
2022,46658049,,51
2022,47245089,,51
2022,47245090,,51
2022,47245091,,51
2022,47245092,,51
2022,47245093,,51
2022,47245094,,52
2022,47245095,,51
2022,47245096,,51
2022,47245097,,51
2022,47245098,,51
2022,47245099,,51
2022,47245100,,51
2022,47245101,,51
2022,47245102,,51
2022,48830840,,3
2022,48069740,,51
2022,50264334,,51
2022,47245104,,51
2022,47245105,,51
2022,48069741,,52
2022,50264335,,51
2022,50264336,,51
2022,50264337,,51
2022,50264338,,51
2022,50264339,,51
2022,50264340,,51
2022,50264341,,51
2022,50336557,,51
2022,50336558,,51
2022,50336559,,51
2022,50336560,,51
2022,50523237,,51
2022,50523238,,51
2022,50523239,,51
2022,50523240,,51
2022,50523241,,51
2022,50523242,,51
2022,49361309,,51
2022,48308049,,51
2022,48779667,,51
2022,49361311,,51
2022,48366091,,51
2022,48366092,,51
2022,48795149,,51
2022,48795150,,51
2022,48806405,,51
2022,49361312,,51
2022,48994347,,51
2022,49361313,,51
2022,48809164,,51
2022,48069742,,51
2022,48069743,,51
2022,48069744,,51
2022,48069745,,51
2022,48069746,,5
2022,50013403,,51
2022,48763888,,51
2022,49361314,,51
2022,50013404,,51
2022,49834510,,51
2022,50013405,,51
2022,48813226,,51
2022,48813227,,51
2022,48069748,,51
2022,48830825,,51
2022,48860764,,51
2022,48898825,,51
2022,48942280,,51
2022,50054792,,51
2022,48942281,,51
2022,48942282,,51
2022,48942283,,51
2022,49361315,,51
2022,49361316,,51
2022,49361317,,51
2022,48069749,,51
2022,49361318,,51
2022,49361319,,51
2022,49361320,,51
2022,49553585,,51
2022,49575595,,51
2022,49575596,,51
2022,49575597,,51
2022,49575598,,51
2022,49592762,,51
2022,49607590,,51
2022,48069750,,51
2022,49626633,,51
2022,49666591,,51
2022,49666592,,51
2022,48069751,,51
2022,48069752,,51
2022,50054795,,51
2022,49885230,,51
2022,48069753,,51
2022,50054796,,51
2022,48069754,,51
2022,49836650,,51
2022,49836651,,51
2022,49836652,,51
2022,49836653,,51
2022,50667538,,51
2022,50002644,,51
2022,48069755,,51
2022,48069756,,51
2022,48069757,,51
2022,48069758,,51
2022,50002645,,51
2022,50002646,,51
2022,48069759,,51
2022,50002647,,51
2022,50002648,,51
2022,50002649,,51
2022,48069760,,51
2022,50002650,,51
2022,49361321,,51
2022,49361322,,51
2022,49361323,,51
2022,49361324,,51
2022,49361325,,51
2022,49361326,,51
2022,49361327,,51
2022,49361328,,51
2022,49361329,,51
2022,49361331,,51
2022,49361332,,51
2022,49361333,,51
2022,49361334,,51
2022,49361335,,51
2022,49361336,,51
2022,49361337,,51
2022,49790631,,51
2022,49790632,,51
2022,49790633,,51
2022,49790634,,51
2022,50689402,,51
2022,49834511,,53
2022,50689403,,51
2022,50750222,,51
2022,48069762,,51
2022,49790635,,51
2022,49790636,,51
2022,49790637,,52
2022,50689404,,51
2022,50750223,,51
2022,50689405,,51
2022,50750224,,52
2022,50689406,,51
2022,50750225,,51
2022,50750226,,51
2022,50750227,,51
2022,50750228,,51
2022,50750229,,51
2022,50750230,,51
2022,50753437,,51
2022,50753439,,51
2022,50753441,,51
2022,50753442,,51
2022,50753443,,51
2022,50753444,,51
2022,50579442,,51
2022,50579443,,51
2022,48069763,,51
2022,50579444,,51
2022,50579445,,51
2022,49361338,,51
2022,50579446,,51
2022,50614907,,51
2022,50614908,,51
2022,49361342,,51
2022,48069764,,51
2022,50579447,,51
2022,49361343,,51
2022,50614909,,51
2022,49361344,,51
2022,50579448,,51
2022,50667539,,51
2022,50579449,,51
2022,49361345,,51
2022,50614910,,51
2022,49361346,,51
2022,50614911,,51
2022,50623400,,51
2022,50112266,,51
2022,49361347,,51
2022,49361348,,51
2022,50614912,,51
2022,50623401,,51
2022,49361349,,51
2022,50614913,,51
2022,50687963,,51
2022,50623402,,51
2022,50623403,,51
2022,50623404,,51
2022,50623405,,51
2022,49361350,,51
2022,49361351,,51
2022,49361352,,51
2022,49361353,,51
2022,50614914,,51
2022,50623406,,51
2022,50579451,,51
2022,49361354,,51
2022,49361355,,51
2022,49361356,,51
2022,50614915,,51
2022,50614916,,51
2022,49361357,,51
2022,50623407,,51
2022,50623408,,51
2022,48830841,,51
2022,48069766,,51
2022,48069767,,51
2022,50623409,,51
2022,50623410,,51
2022,49361358,,51
2022,50614917,,51
2022,50614918,,51
2022,50614919,,51
2022,50667541,,51
2022,50614920,,51
2022,49361359,,51
2022,49361360,,51
2022,49361361,,51
2022,50623411,,51
2022,50623412,,51
2022,50579452,,51
2022,50623413,,51
2022,48069768,,51
2022,48069769,,51
2022,50687964,,51
2022,50614921,,51
2022,49464608,,51
2022,50623414,,51
2022,50623415,,51
2022,50623416,,51
2022,50623417,,51
2022,50623418,,51
2022,50623419,,51
2022,50687965,,51
2022,50623420,,51
2022,50614922,,51
2022,50687966,,51
2022,48069770,,51
2022,48069771,,51
2022,50185199,,51
2022,50229025,,51
2022,50229026,,51
2022,50623421,,51
2022,50623422,,51
2022,50623423,,51
2022,50264343,,51
2022,50264344,,51
2022,50264345,,51
2022,50623424,,51
2022,50623425,,51
2022,50623426,,51
2022,50623427,,51
2022,50623428,,51
2022,50623429,,51
2022,50315127,,51
2022,50614923,,51
2022,50623430,,51
2022,50335588,,51
2022,50623431,,51
2022,50335589,,51
2022,50335590,,51
2022,50623432,,51
2022,50623433,,51
2022,48069772,,51
2022,50623434,,51
2022,50623435,,51
2022,48069773,,51
2022,50623436,,51
2022,50623437,,51
2022,50335591,,51
2022,50336561,,51
2022,50336562,,51
2022,50336563,,51
2022,50336564,,51
2022,50623438,,51
2022,50623439,,51
2022,50623440,,51
2022,50523243,,51
2022,50623441,,51
2022,50623442,,51
2022,50623443,,51
2022,50517122,,51
2022,50523244,,51
2022,50623444,,51
2022,50517123,,51
2022,50517124,,51
2022,50623445,,51
2022,50623446,,51
2022,50523245,,51
2022,50623447,,51
2022,50623448,,51
2022,50623449,,51
2022,50623450,,51
2022,50623451,,51
2022,50623452,,51
2022,50523246,,51
2022,50550574,,51
2022,50623453,,51
2022,50523247,,51
2022,50623454,,51
2022,50523248,,51
2022,50523249,,51
2022,50523250,,51
2022,50523251,,51
2022,50523252,,51
2022,50623455,,51
2022,50550575,,51
2022,48069774,,51
2022,48069775,,51
2022,50550576,,51
2022,50550577,,51
2022,51119720,,51
2022,50631062,,51
2022,51119721,,51
2022,50631064,,51
2022,50631066,,51
2022,50631069,,51
2022,50631072,,51
2022,50648745,,51
2022,50648746,,51
2022,50648747,,51
2022,50648748,,51
2022,50648749,,51
2022,50648750,,51
2022,51026055,,51
2022,50960992,,51
2022,50960993,,51
2022,51026056,,51
2022,50677007,,51
2022,50689407,,51
2022,50977697,,51
2022,51026057,,51
2022,50689408,,51
2022,50689409,,51
2022,50689410,,51
2022,50689411,,51
2022,50689412,,51
2022,50631073,,51
2022,50704307,,51
2022,48069776,,51
2022,48069777,,51
2022,50704308,,51
2022,50704309,,51
2022,48069778,,51
2022,48069779,,51
2022,48069780,,51
2022,50712184,,51
2022,50712185,,51
2022,51047313,,51
2022,50712186,,51
2022,50712187,,51
2022,50712188,,51
2022,50712189,,51
2022,50712190,,51
2022,50712191,,51
2022,50712192,,51
2022,50735267,,51
2022,50735268,,51
2022,50735269,,51
2022,50735270,,51
2022,50735271,,51
2022,50735272,,51
2022,50735273,,51
2022,50735274,,51
2022,50735275,,51
2022,50768443,,51
2022,50768444,,51
2022,50768445,,51
2022,50768446,,51
2022,50768447,,51
2022,50768448,,51
2022,50977698,,51
2022,50768449,,51
2022,50768450,,51
2022,50768451,,51
2022,50768452,,51
2022,48069781,,51
2022,48069782,,51
2022,48069783,,51
2022,50773592,,51
2022,50773593,,51
2022,50773594,,51
2022,48830842,,51
2022,48069784,,51
2022,48830843,,51
2022,48830844,,51
2022,48830845,,51
2022,48830846,,51
2022,48830847,,51
2022,48830848,,51
2022,48830849,,51
2022,48830850,,51
2022,48830852,,51
2022,50773596,,51
2022,50773598,,51
2022,50772026,,51
2022,50773600,,51
2022,50773601,,51
2022,50773605,,51
2022,50773606,,51
2022,50871590,,51
2022,50871591,,51
2022,50871592,,51
2022,50871593,,51
2022,50871594,,51
2022,50871595,,51
2022,50871596,,51
2022,51026058,,51
2022,50960994,,51
2022,51047314,,51
2022,50871597,,51
2022,50977699,,51
2022,51047315,,51
2022,51026059,,51
2022,50977700,,51
2022,50960995,,51
2022,51047317,,51
2022,48830853,,51
2022,49834512,,5
2022,51257351,,51
2022,48905490,,51
2022,48905491,,51
2022,48905492,,51
2022,48905493,,51
2022,48905494,,51
2022,48905495,,51
2022,48905496,,51
2022,48905497,,51
2022,48905498,,51
2022,48905499,,51
2022,48905500,,51
2022,48905501,,52
2022,48905501,,53
2022,48905502,,51
2022,48905503,,51
2022,48905504,,51
2022,48905505,,51
2022,48905506,,51
2022,48905507,,51
2022,48905508,,51
2022,49834513,,51
2022,49834514,,51
2022,50517133,,51
2022,49834515,,51
2022,49834516,,51
2022,49834518,,51
2022,49834519,,51
2022,49834520,,51
2022,49834521,,51
2022,49834522,,51
2022,49834523,,51
2022,49834524,,51
2022,49834525,,51
2022,49834526,,51
2022,49834527,,51
2022,49834528,,51
2022,49834529,,51
2022,49834530,,51
2022,49834531,,51
2022,49834532,,51
2022,49834533,,51
2022,49834534,,51
2022,51257352,,51
2022,51274227,,51
2022,51047318,,51
2022,50977701,,51
2022,51051655,,51
2022,51026060,,51
2022,51047319,,51
2022,51051656,,51
2022,51051657,,51
2022,50977702,,51
2022,51051658,,51
2022,51094792,,51
2022,51094793,,51
2022,51274229,,51
2022,49834536,,51
2022,49885231,,51
2022,49885232,,51
2022,49885233,,53
2022,49885234,,52
2022,49885235,,51
2022,49885236,,51
2022,51026061,,51
2022,50517134,,51
2022,51047320,,51
2022,49885238,,51
2022,49885239,,51
2022,51051659,,51
2022,49885240,,51
2022,49885241,,51
2022,51051660,,51
2022,50517135,,51
2022,49885242,,51
2022,49885243,,51
2022,49885244,,51
2022,49885245,,51
2022,49885246,,51
2022,49885247,,51
2022,50517136,,51
2022,50517137,,51
2022,50517138,,51
2022,50517139,,51
2022,50517140,,51
2022,50517141,,51
2022,50517142,,51
2022,51257353,,51
2022,50517143,,51
2022,50517144,,51
2022,50517145,,51
2022,50517146,,51
2022,50517147,,51
2022,50517148,,51
2022,50517149,,51
2022,45489114,,51
2022,51274230,,51
2022,51047321,,51
2022,51094794,,51
2022,51277072,,51
2022,51094795,,51
2022,51253129,,51
2022,51277073,,51
2022,51277074,,51
2022,51253130,,51
2022,51047322,,51
2022,51047323,,51
2022,51277075,,51
2022,49885229,,51
2022,51199085,,51
2022,45489115,,51
2022,51277076,,51
2022,51277077,,51
2022,51277078,,51
2022,51199086,,51
2022,51199087,,51
2022,51199088,,51
2022,51060499,,51
2022,45489116,,51
2022,45489121,,51
2022,45489122,,51
2022,45932469,,51
2022,51060500,,51
2022,45932470,,51
2022,45932471,,51
2022,45932473,,51
2022,45932474,,51
2022,51060502,,51
2022,51047324,,51
2022,51274231,,51
2022,51274232,,51
2022,51060504,,51
2022,51060505,,51
2022,51274233,,51
2022,51060506,,51
2022,45932476,,51
2022,46281570,,51
2022,46561036,,51
2022,46561037,,53
2022,46561038,,51
2022,46561039,,51
2022,46561040,,51
2022,46957204,,51
2022,46561042,,3
2022,46561043,,51
2022,46609947,,51
2022,46609948,,51
2022,46609949,,51
2022,46609951,,51
2022,46957205,,51
2022,46957206,,51
2022,46957207,,51
2022,46957208,,51
2022,46957209,,51
2022,46957210,,51
2022,46957211,,51
2022,46957212,,51
2022,46957213,,51
2022,49361366,,51
2022,46957215,,51
2022,46957216,,51
2022,46957217,,51
2022,46957218,,51
2022,47509527,,51
2022,47509528,,51
2022,47509529,,51
2022,47509530,,51
2022,47509531,,51
2022,47747310,,51
2022,47747311,,52
2022,47747312,,51
2022,48179302,,51
2022,47747314,,51
2022,47747315,,51
2022,47747316,,51
2022,48179303,,51
2022,48179304,,51
2022,48179305,,51
2022,48179306,,51
2022,46281571,,51
2022,48179307,,51
2022,48179308,,51
2022,48472546,,51
2022,48179310,,51
2022,48472548,,51
2022,48472549,,51
2022,48860772,,51
2022,48472552,,51
2022,48860773,,51
2022,48860774,,51
2022,48860775,,51
2022,48860776,,51
2022,48860777,,51
2022,46281572,,51
2022,48860778,,52
2022,49361367,,51
2022,49361368,,51
2022,49361369,,51
2022,49361370,,51
2022,46958022,,51
2022,46282719,,51
2022,51047325,,51
2022,46815818,,51
2022,49361372,,51
2022,46815819,,52
2022,49361373,,51
2022,46150815,,51
2022,46281573,,51
2022,46281574,,3
2022,46281575,,52
2022,46281576,,51
2022,46150816,,51
2022,46281578,,51
2022,46281579,,51
2022,45833985,,51
2022,46281580,,51
2022,45932485,,51
2022,46281581,,51
2022,46281582,,51
2022,46281583,,51
2022,46281584,,51
2022,46281585,,51
2022,46297040,,51
2022,46305941,,51
2022,46305942,,51
2022,46305943,,51
2022,46305944,,51
2022,46315356,,51
2022,46315357,,52
2022,46315358,,51
2022,46561826,,52
2022,46350139,,51
2022,46350140,,51
2022,46350141,,51
2022,46352795,,51
2022,46352796,,51
2022,46352797,,51
2022,46561827,,51
2022,45932489,,51
2022,46150817,,51
2022,46150818,,51
2022,46561828,,51
2022,46561829,,51
2022,46561830,,51
2022,46561831,,51
2022,46561832,,51
2022,46561833,,52
2022,46561834,,51
2022,46561835,,51
2022,46561836,,51
2022,46561837,,51
2022,46561838,,51
2022,46561839,,51
2022,46561840,,51
2022,46561841,,51
2022,46561842,,51
2022,46561843,,52
2022,46561844,,51
2022,46561845,,51
2022,46561846,,51
2022,46561847,,51
2022,46561848,,51
2022,46282720,,51
2022,46561849,,9
2022,46561850,,51
2022,46561851,,51
2022,46150819,,51
2022,46561852,,51
2022,46561853,,51
2022,46561854,,51
2022,46561855,,51
2022,46561856,,51
2022,46561857,,51
2022,46561858,,51
2022,46561859,,51
2022,46561860,,51
2022,46561861,,51
2022,46561862,,51
2022,46561863,,51
2022,46561864,,51
2022,46561865,,51
2022,46561866,,51
2022,46561867,,51
2022,46561868,,51
2022,46561869,,51
2022,46271483,,51
2022,46150821,,51
2022,46561870,,51
2022,46561871,,51
2022,46150822,,51
2022,46561872,,51
2022,46561873,,51
2022,46561874,,9
2022,46561875,,51
2022,46561876,,51
2022,46561877,,51
2022,46561878,,51
2022,46561879,,51
2022,46561880,,51
2022,46561881,,51
2022,46561882,,51
2022,46561883,,51
2022,46561884,,51
2022,46561885,,3
2022,46561886,,51
2022,46561887,,51
2022,46561888,,51
2022,46561889,,51
2022,46561890,,51
2022,46573646,,51
2022,46573647,,51
2022,46627576,,51
2022,46658056,,52
2022,46658057,,51
2022,46664206,,51
2022,46664207,,51
2022,46664208,,51
2022,46658058,,51
2022,46748567,,51
2022,46664209,,51
2022,46697062,,51
2022,46748570,,51
2022,46766067,,51
2022,46870286,,51
2022,46870287,,51
2022,46870288,,51
2022,46891081,,51
2022,46954613,,51
2022,46957186,,51
2022,46957187,,51
2022,47038051,,51
2022,47077966,,51
2022,47077967,,51
2022,46150823,,51
2022,47077968,,51
2022,47113767,,51
2022,47113773,,51
2022,47159213,,51
2022,47173691,,51
2022,47174048,,51
2022,47174049,,52
2022,47229308,,53
2022,47229309,,51
2022,47229310,,51
2022,47229311,,51
2022,47229312,,51
2022,47229313,,51
2022,47247544,,51
2022,47247545,,3
2022,47245076,,51
2022,47232434,,51
2022,47232435,,51
2022,47230855,,51
2022,47345560,,51
2022,47376587,,51
2022,47376588,,51
2022,47376589,,51
2022,47376590,,51
2022,47376591,,52
2022,46271484,,9
2022,47395373,,52
2022,46271485,,9
2022,46271486,,9
2022,47395374,,51
2022,47395375,,51
2022,47395376,,51
2022,47399930,,51
2022,47414530,,51
2022,47849336,,51
2022,47499463,,51
2022,47508048,,51
2022,47513068,,51
2022,47666161,,51
2022,47666162,,51
2022,47666163,,51
2022,47666164,,51
2022,47666165,,51
2022,47681572,,51
2022,47685117,,51
2022,47692847,,51
2022,47692848,,51
2022,47692849,,51
2022,47692850,,51
2022,47692851,,51
2022,47697349,,51
2022,47697351,,51
2022,47747279,,51
2022,47748797,,51
2022,47774843,,51
2022,47776586,,51
2022,47776587,,51
2022,47776588,,51
2022,47776589,,51
2022,47849337,,52
2022,47864970,,52
2022,47864974,,51
2022,48020350,,51
2022,48020351,,51
2022,48020352,,51
2022,47870935,,51
2022,47870936,,52
2022,47870937,,52
2022,47870938,,51
2022,47870939,,51
2022,47870940,,51
2022,47870942,,51
2022,47960464,,51
2022,47960465,,51
2022,48020353,,51
2022,48020354,,51
2022,48020355,,51
2022,46271487,,9
2022,47814888,,9
2022,47814889,,9
2022,47814890,,9
2022,47814891,,9
2022,46271492,,51
2022,46271493,,51
2022,46271494,,51
2022,46305960,,51
2022,46282722,,51
2022,46282723,,51
2022,46271498,,53
2022,46271499,,51
2022,46815820,,51
2022,46271501,,51
2022,46282724,,51
2022,46305961,,51
2022,46271504,,51
2022,46271505,,51
2022,46286634,,51
2022,46321879,,51
2022,46282727,,51
2022,46286635,,51
2022,46286636,,51
2022,46286637,,51
2022,46321880,,51
2022,48020356,,51
2022,48043298,,51
2022,46305969,,51
2022,46321881,,51
2022,46321882,,51
2022,46321883,,53
2022,46321884,,51
2022,46561046,,51
2022,46883427,,51
2022,46561049,,51
2022,46561050,,52
2022,46561051,,51
2022,50013423,,51
2022,48102098,,51
2022,46587363,,51
2022,46561054,,52
2022,46587364,,51
2022,46561056,,51
2022,46587365,,51
2022,46587367,,51
2022,46587368,,51
2022,46587369,,51
2022,46587370,,51
2022,46587371,,51
2022,48102099,,51
2022,48113457,,51
2022,48113458,,51
2022,48280554,,1
2022,48577667,,51
2022,48308050,,51
2022,49362900,,51
2022,49362901,,51
2022,49362902,,51
2022,49362903,,51
2022,48571279,,51
2022,48571280,,51
2022,48756360,,51
2022,49362904,,51
2022,49362905,,51
2022,49362906,,51
2022,49362907,,51
2022,48749330,,51
2022,49362908,,51
2022,49362909,,51
2022,49362910,,51
2022,49362911,,51
2022,49362912,,51
2022,49362913,,51
2022,49362914,,51
2022,50499193,,51
2022,50499194,,51
2022,50499195,,51
2022,50499196,,51
2022,49362915,,52
2022,50517125,,51
2022,50523253,,51
2022,46587372,,53
2022,46587373,,51
2022,46587375,,51
2022,46587376,,51
2022,46815822,,52
2022,46815823,,51
2022,46815824,,51
2022,46815825,,51
2022,46815826,,51
2022,46815827,,51
2022,46815828,,51
2022,47440446,,51
2022,46883428,,51
2022,46815831,,51
2022,46815832,,51
2022,46958023,,51
2022,46815833,,52
2022,46883429,,51
2022,46815834,,51
2022,46815835,,51
2022,46815836,,51
2022,46958024,,51
2022,46815838,,51
2022,46815839,,51
2022,50523254,,3
2022,50523255,,51
2022,50523256,,51
2022,46883430,,51
2022,46824432,,51
2022,46824433,,51
2022,46883431,,51
2022,46883432,,51
2022,46883433,,51
2022,46883434,,51
2022,46958025,,51
2022,46958026,,51
2022,46958027,,51
2022,46958028,,51
2022,46958029,,51
2022,46883436,,51
2022,46958030,,52
2022,46958031,,51
2022,46958032,,51
2022,48464539,,51
2022,50523257,,51
2022,46958034,,51
2022,49362916,,51
2022,46958035,,51
2022,50538374,,51
2022,50538375,,51
2022,47331948,,51
2022,50550578,,51
2022,47331949,,51
2022,49362917,,51
2022,46958038,,51
2022,49362918,,52
2022,46958039,,51
2022,50599161,,51
2022,50599162,,51
2022,50599163,,51
2022,50599164,,51
2022,50687715,,51
2022,50677008,,51
2022,46967323,,51
2022,46958041,,51
2022,46958042,,51
2022,46967324,,51
2022,46967325,,51
2022,47077995,,51
2022,47077996,,52
2022,47077998,,51
2022,47077999,,51
2022,47078000,,51
2022,47078001,,51
2022,47078002,,51
2022,47078003,,51
2022,47078004,,51
2022,51047326,,51
2022,47172955,,51
2022,47078005,,51
2022,47172956,,51
2022,47078006,,51
2022,47078007,,51
2022,47172957,,51
2022,47172958,,52
2022,47078009,,51
2022,47172959,,52
2022,47331950,,51
2022,49361374,,51
2022,47172961,,51
2022,47172962,,51
2022,47172963,,51
2022,47331951,,51
2022,47331952,,51
2022,47172966,,51
2022,47331953,,51
2022,47331954,,1
2022,50687716,,51
2022,49362919,,51
2022,50599165,,51
2022,50523258,,51
2022,50667545,,51
2022,50599166,,51
2022,47331955,,1
2022,50599167,,51
2022,47172967,,52
2022,47331956,,51
2022,47331957,,51
2022,49362920,,51
2022,47331958,,52
2022,49362921,,51
2022,49362922,,51
2022,49362923,,51
2022,49362924,,51
2022,49362925,,51
2022,47331959,,9
2022,49362926,,51
2022,49362927,,3
2022,49362928,,51
2022,49362929,,51
2022,49362930,,51
2022,47331960,,51
2022,49362931,,51
2022,47440448,,51
2022,49362932,,52
2022,49362933,,51
2022,47440449,,51
2022,49362934,,51
2022,47440450,,51
2022,47331964,,51
2022,47331965,,51
2022,49362935,,51
2022,49361375,,51
2022,49362936,,51
2022,47331967,,51
2022,47331968,,51
2022,49460719,,51
2022,49460720,,51
2022,47440451,,51
2022,49460721,,51
2022,47660857,,51
2022,49460722,,51
2022,47331970,,51
2022,49553056,,53
2022,49579636,,51
2022,49827899,,51
2022,49898066,,51
2022,47440452,,52
2022,49898221,,51
2022,47440453,,51
2022,47440454,,51
2022,47440455,,51
2022,47440456,,51
2022,47440458,,51
2022,47440459,,51
2022,47440460,,51
2022,47440462,,51
2022,47745402,,51
2022,47745403,,51
2022,47440463,,51
2022,49361376,,51
2022,47440466,,51
2022,47554547,,51
2022,48088233,,51
2022,49898222,,51
2022,49898223,,51
2022,49898224,,51
2022,49898225,,51
2022,47554562,,51
2022,47745404,,51
2022,47745405,,51
2022,47745406,,52
2022,47596338,,51
2022,47745407,,51
2022,47660858,,51
2022,47596341,,51
2022,47660859,,51
2022,47660860,,51
2022,47660861,,51
2022,47660862,,51
2022,47660863,,51
2022,47660864,,51
2022,47660865,,51
2022,47660866,,51
2022,47670818,,51
2022,50396681,,51
2022,47230856,,51
2022,47745409,,51
2022,47745410,,51
2022,47670822,,51
2022,47745411,,51
2022,47745412,,51
2022,48026254,,51
2022,48026255,,51
2022,47814893,,51
2022,47745413,,51
2022,47745414,,52
2022,47745415,,51
2022,47745416,,52
2022,47745417,,51
2022,47814894,,51
2022,47814895,,51
2022,47814896,,51
2022,47814899,,51
2022,47814900,,51
2022,47814901,,51
2022,47931561,,51
2022,47931562,,51
2022,48026256,,51
2022,47931563,,51
2022,50675591,,51
2022,48026258,,51
2022,51012918,,51
2022,48026259,,51
2022,48026260,,52
2022,48088234,,51
2022,48170847,,51
2022,48170848,,51
2022,48170849,,51
2022,48170850,,3
2022,48088239,,51
2022,48088240,,51
2022,45247467,,51
2022,45485670,,51
2022,45485671,,51
2022,48088241,,51
2022,46982220,,51
2022,46269274,,51
2022,44952774,,51
2022,44952775,,51
2022,44952776,,51
2022,45321084,,51
2022,46885814,,51
2022,44977045,,51
2022,44988708,,51
2022,45029492,,51
2022,45038924,,3
2022,46562200,,51
2022,45090364,,51
2022,45090365,,51
2022,45090366,,51
2022,45090367,,51
2022,45090369,,51
2022,45090370,,51
2022,45090371,,51
2022,45090372,,51
2022,45105492,,52
2022,45105493,,51
2022,46286598,,51
2022,45230850,,51
2022,45230851,,51
2022,45230852,,51
2022,45947051,,51
2022,45267291,,51
2022,45245580,,52
2022,48088242,,51
2022,48170851,,51
2022,48088244,,51
2022,45279554,,51
2022,45323139,,52
2022,45323140,,51
2022,46240108,,51
2022,46240109,,51
2022,45355998,,51
2022,45356000,,51
2022,45356001,,51
2022,48088245,,51
2022,48088246,,51
2022,46021626,,3
2022,48178121,,51
2022,48178122,,51
2022,48088247,,51
2022,48088248,,51
2022,48170852,,51
2022,48178123,,51
2022,48472557,,52
2022,48170853,,51
2022,48170854,,51
2022,48170855,,51
2022,48382843,,51
2022,48170856,,51
2022,48170858,,51
2022,48170859,,51
2022,48170860,,51
2022,50010949,,51
2022,46021627,,3
2022,45794524,,51
2022,45794525,,51
2022,45453236,,53
2022,45485672,,51
2022,45489044,,51
2022,45829633,,51
2022,45509298,,51
2022,45529387,,51
2022,46869724,,51
2022,46150793,,51
2022,45560223,,51
2022,45679530,,51
2022,45640159,,51
2022,45662936,,51
2022,46259279,,51
2022,45662937,,51
2022,45698219,,51
2022,45679531,,51
2022,45679532,,51
2022,45679533,,51
2022,45679534,,51
2022,48170862,,51
2022,49361378,,51
2022,48170863,,51
2022,48178125,,53
2022,48330591,,51
2022,48472558,,51
2022,46034003,,51
2022,46034004,,51
2022,45719639,,51
2022,45719640,,51
2022,45719641,,51
2022,45808183,,51
2022,45764370,,51
2022,45777817,,51
2022,45777818,,51
2022,48577669,,51
2022,45808184,,51
2022,45813302,,51
2022,45829634,,51
2022,48330592,,51
2022,48330593,,52
2022,48178127,,51
2022,48330594,,51
2022,48330595,,51
2022,48330596,,51
2022,48178128,,52
2022,48464541,,1
2022,48178130,,51
2022,48178131,,51
2022,48178132,,51
2022,48178133,,51
2022,48330602,,51
2022,48330604,,51
2022,48330611,,9
2022,48330612,,9
2022,48330613,,51
2022,48472559,,51
2022,48581090,,51
2022,48330624,,52
2022,48330631,,51
2022,48330639,,51
2022,48382844,,52
2022,48382845,,51
2022,48382846,,51
2022,48382847,,51
2022,48382848,,51
2022,48382849,,53
2022,49454869,,51
2022,49454870,,51
2022,49361382,,51
2022,49361383,,51
2022,48472561,,51
2022,46124084,,51
2022,45932422,,51
2022,48464543,,52
2022,48464544,,51
2022,48581091,,51
2022,48472562,,51
2022,48472564,,52
2022,48472565,,51
2022,48472570,,51
2022,48581092,,51
2022,48626240,,51
2022,48581094,,51
2022,48581095,,52
2022,48472573,,51
2022,49361384,,51
2022,48581096,,51
2022,48581097,,51
2022,45950881,,51
2022,45950882,,51
2022,48830854,,51
2022,48830855,,51
2022,48581098,,51
2022,49613608,,51
2022,48942295,,51
2022,48762412,,51
2022,48581099,,51
2022,48626243,,51
2022,50396682,,51
2022,49361385,,51
2022,48942296,,51
2022,48626245,,51
2022,45950883,,51
2022,45964528,,51
2022,48626246,,51
2022,50003876,,51
2022,45964529,,51
2022,45964530,,51
2022,48762414,,51
2022,48830856,,51
2022,48830857,,51
2022,49361386,,51
2022,48762417,,52
2022,48830858,,51
2022,48830859,,51
2022,49361387,,52
2022,48830860,,51
2022,48942298,,51
2022,48838761,,51
2022,48942299,,51
2022,48942300,,51
2022,48942301,,51
2022,48986092,,51
2022,49361388,,51
2022,48986093,,51
2022,49361389,,51
2022,48986094,,3
2022,49361390,,51
2022,48986096,,53
2022,48986097,,53
2022,48986099,,51
2022,48986100,,51
2022,48986101,,52
2022,49613609,,51
2022,49361392,,51
2022,49361393,,51
2022,49361394,,51
2022,49361395,,52
2022,49361396,,51
2022,49361397,,51
2022,45987178,,51
2022,49361398,,51
2022,47376598,,51
2022,49361399,,9
2022,49361400,,51
2022,49464629,,51
2022,49361402,,51
2022,49361403,,51
2022,49361404,,51
2022,49361405,,51
2022,49361406,,51
2022,49361407,,51
2022,50396683,,51
2022,49361408,,51
2022,49361409,,51
2022,49361410,,51
2022,49361411,,51
2022,49361412,,51
2022,49361413,,51
2022,49361414,,53
2022,49361415,,51
2022,50768470,,51
2022,49361417,,51
2022,49361418,,51
2022,49361419,,53
2022,49361420,,51
2022,49361421,,51
2022,49361422,,51
2022,49361423,,52
2022,49361424,,51
2022,49361425,,52
2022,49464630,,52
2022,49613610,,51
2022,49361427,,51
2022,49361428,,51
2022,49361429,,51
2022,49454872,,51
2022,49361430,,51
2022,49454873,,51
2022,49454874,,51
2022,49464631,,51
2022,49454875,,51
2022,49613611,,51
2022,49454876,,51
2022,49454877,,51
2022,49454878,,51
2022,49464632,,51
2022,49613612,,51
2022,49613613,,51
2022,49613614,,51
2022,49613615,,51
2022,49613616,,51
2022,49613617,,51
2022,49613618,,51
2022,49613619,,51
2022,49613620,,51
2022,49613621,,51
2022,49613622,,51
2022,49613623,,51
2022,49613624,,51
2022,49766039,,51
2022,46034005,,51
2022,51047327,,51
2022,50675609,,51
2022,46021630,,51
2022,50675617,,51
2022,47814902,,51
2022,46150794,,51
2022,46562201,,51
2022,46562202,,51
2022,46562203,,51
2022,46244947,,51
2022,46244948,,51
2022,46244949,,51
2022,46244950,,51
2022,46244951,,51
2022,46250442,,52
2022,46250443,,51
2022,46277806,,51
2022,46321866,,51
2022,46321867,,51
2022,46562204,,51
2022,46562205,,51
2022,46277807,,53
2022,46277808,,51
2022,46277809,,51
2022,46280921,,51
2022,46280922,,51
2022,46280923,,51
2022,46286599,,51
2022,46286600,,51
2022,46286601,,51
2022,46288108,,51
2022,46288109,,51
2022,46562206,,51
2022,48581076,,51
2022,46350142,,51
2022,47717497,,51
2022,46562207,,51
2022,46562208,,51
2022,46344849,,52
2022,46562209,,51
2022,46562210,,51
2022,46562211,,51
2022,46562212,,51
2022,46562213,,51
2022,46562214,,51
2022,46562215,,51
2022,47399931,,51
2022,46562216,,51
2022,46562217,,51
2022,46562218,,51
2022,46640300,,51
2022,46640301,,51
2022,47161446,,51
2022,46562220,,51
2022,46562221,,51
2022,46562222,,51
2022,46562223,,51
2022,46953630,,51
2022,46629730,,51
2022,46587461,,51
2022,46640302,,51
2022,46610005,,51
2022,46616780,,51
2022,46640303,,51
2022,46683295,,51
2022,47834464,,51
2022,46683296,,51
2022,46683297,,51
2022,47834465,,51
2022,47814904,,51
2022,46561127,,51
2022,46821109,,51
2022,46824405,,51
2022,46824406,,52
2022,47834466,,9
2022,46824407,,51
2022,47834467,,9
2022,47834926,,51
2022,46869725,,51
2022,46991856,,51
2022,46881906,,51
2022,46881907,,51
2022,47834927,,51
2022,47834928,,51
2022,47834929,,51
2022,46991857,,51
2022,46881908,,51
2022,47920434,,9
2022,46889883,,51
2022,49766715,,51
2022,48577670,,51
2022,49766716,,51
2022,46953631,,51
2022,49766717,,51
2022,49766718,,51
2022,46870305,,51
2022,46953632,,51
2022,46870306,,51
2022,46953633,,51
2022,46957188,,52
2022,46957189,,51
2022,46957190,,51
2022,47405661,,51
2022,47405662,,51
2022,46991858,,52
2022,48581077,,51
2022,47806735,,51
2022,46985410,,51
2022,46870307,,51
2022,47009794,,51
2022,46870308,,51
2022,46988575,,51
2022,46988576,,51
2022,46988577,,51
2022,46988578,,51
2022,46991860,,51
2022,47009795,,51
2022,47077969,,51
2022,47077970,,51
2022,47077972,,51
2022,46991864,,51
2022,47395377,,51
2022,47195367,,52
2022,47405663,,51
2022,47743418,,51
2022,47232436,,51
2022,47266288,,51
2022,47266289,,51
2022,47266290,,51
2022,47261715,,51
2022,47261716,,51
2022,47340995,,51
2022,47340996,,51
2022,47280159,,51
2022,47280160,,51
2022,48161558,,51
2022,47670313,,51
2022,47670314,,51
2022,47345567,,51
2022,47345569,,51
2022,47382683,,51
2022,47382684,,51
2022,46991865,,51
2022,46991866,,51
2022,47806737,,51
2022,47806739,,51
2022,47806742,,51
2022,47601338,,51
2022,47849359,,51
2022,47601339,,53
2022,47601340,,51
2022,47601341,,51
2022,47849360,,51
2022,47849361,,51
2022,47601343,,51
2022,47601344,,51
2022,47849362,,51
2022,47849363,,51
2022,47849364,,51
2022,47849365,,51
2022,47849366,,51
2022,47849367,,51
2022,47849368,,51
2022,47849369,,51
2022,47849370,,51
2022,48383566,,51
2022,48084465,,51
2022,48383567,,51
2022,48905515,,51
2022,51482881,,51
2022,48261292,,51
2022,48261293,,51
2022,47508050,,51
2022,47508051,,51
2022,47554505,,51
2022,47834919,,51
2022,47674862,,51
2022,47959850,,51
2022,47674863,,51
2022,47675696,,51
2022,48378361,,51
2022,48378362,,51
2022,48378363,,51
2022,47681573,,51
2022,47681574,,51
2022,47681576,,51
2022,47681580,,51
2022,47681582,,51
2022,47681583,,51
2022,47745392,,51
2022,47745393,,51
2022,47841653,,51
2022,47841654,,51
2022,47841655,,51
2022,47841656,,51
2022,48041207,,51
2022,47770041,,51
2022,48895090,,51
2022,48383569,,51
2022,48383570,,51
2022,48383571,,51
2022,48383572,,51
2022,48383573,,51
2022,51251998,,51
2022,48905522,,51
2022,48383574,,51
2022,48905532,,51
2022,49361498,,51
2022,49766719,,51
2022,48121025,,51
2022,47847290,,51
2022,49361499,,51
2022,49361500,,51
2022,49361501,,51
2022,51475543,,51
2022,49766720,,51
2022,49361503,,51
2022,49766721,,51
2022,49766722,,51
2022,49766725,,51
2022,49766726,,51
2022,49766727,,51
2022,49766728,,51
2022,49766729,,51
2022,49766730,,51
2022,48084437,,51
2022,49766731,,51
2022,47991102,,51
2022,49766732,,51
2022,47991103,,51
2022,49766733,,51
2022,51251999,,51
2022,51475544,,51
2022,48021801,,51
2022,48024508,,51
2022,48028122,,51
2022,51252000,,51
2022,51252001,,51
2022,51252002,,51
2022,51252003,,51
2022,51252004,,51
2022,51252005,,51
2022,46927869,,51
2022,47841706,,51
2022,47842411,,51
2022,47842412,,51
2022,49361561,,51
2022,48144190,,51
2022,48028123,,51
2022,48028124,,3
2022,48330659,,51
2022,48331403,,51
2022,48366111,,51
2022,51257401,,51
2022,49361562,,51
2022,49361563,,51
2022,49361564,,51
2022,49957935,,51
2022,48028125,,3
2022,48028126,,51
2022,48029080,,51
2022,48029081,,51
2022,48495377,,51
2022,46240124,,51
2022,48495378,,51
2022,48086608,,51
2022,48102100,,51
2022,48121026,,3
2022,48121027,,51
2022,46240125,,51
2022,46561192,,51
2022,46240127,,51
2022,48167123,,51
2022,48143038,,51
2022,46240128,,3
2022,46240129,,51
2022,46240130,,51
2022,46240131,,51
2022,46240132,,52
2022,46240133,,51
2022,46240134,,51
2022,46240135,,51
2022,46240136,,51
2022,46240137,,51
2022,46240138,,51
2022,46240139,,51
2022,46561193,,51
2022,46561194,,51
2022,46561195,,51
2022,46240140,,51
2022,46240141,,51
2022,46275380,,51
2022,46561196,,51
2022,46275382,,51
2022,48143039,,51
2022,46240143,,51
2022,46240144,,51
2022,46240145,,51
2022,46561197,,51
2022,46561198,,51
2022,46561199,,1
2022,46561200,,51
2022,46561201,,51
2022,46275383,,51
2022,46561202,,51
2022,48143040,,51
2022,46561203,,51
2022,46561204,,51
2022,46561205,,51
2022,46561206,,51
2022,46561207,,51
2022,47601346,,51
2022,46561208,,51
2022,46561209,,51
2022,46561210,,51
2022,46561211,,51
2022,46937909,,51
2022,47601347,,51
2022,48779673,,7
2022,46561216,,51
2022,46937910,,51
2022,46937911,,51
2022,46937912,,51
2022,47174058,,51
2022,46937913,,51
2022,46937914,,3
2022,46937915,,51
2022,47174059,,51
2022,46937917,,51
2022,46937918,,51
2022,47174060,,3
2022,47601349,,51
2022,47174061,,51
2022,47174062,,51
2022,47174063,,51
2022,47174064,,51
2022,48143041,,52
2022,48143042,,52
2022,47174065,,51
2022,47174066,,51
2022,47174067,,53
2022,47174068,,51
2022,47174069,,51
2022,47601351,,51
2022,47601352,,51
2022,47601353,,51
2022,47601354,,51
2022,47601355,,51
2022,47601356,,51
2022,50631099,,51
2022,48096295,,1
2022,48143043,,3
2022,48096296,,51
2022,48143044,,51
2022,49363458,,51
2022,48501928,,51
2022,49361646,,51
2022,48167124,,51
2022,49361647,,51
2022,47601360,,51
2022,48178115,,51
2022,47601361,,51
2022,48779674,,51
2022,48261294,,51
2022,47601362,,51
2022,47601364,,51
2022,48274562,,51
2022,47601365,,51
2022,48346696,,51
2022,48346697,,51
2022,48346698,,51
2022,48346699,,51
2022,48348594,,51
2022,48096300,,51
2022,48378364,,51
2022,48378365,,51
2022,48379035,,51
2022,48415586,,51
2022,48415587,,51
2022,48415589,,51
2022,48426876,,1
2022,48430637,,51
2022,48490908,,51
2022,48490909,,53
2022,48495379,,51
2022,48495380,,51
2022,48495381,,51
2022,48501929,,3
2022,48501930,,51
2022,49613972,,51
2022,48501931,,9
2022,48581078,,51
2022,48626226,,51
2022,48749331,,51
2022,48708124,,51
2022,48931800,,51
2022,48755503,,51
2022,48762405,,51
2022,48762406,,51
2022,48762856,,51
2022,48762857,,51
2022,48806407,,51
2022,48809166,,51
2022,48806408,,51
2022,48806409,,51
2022,48812712,,51
2022,48812713,,51
2022,48812714,,51
2022,48812715,,51
2022,48812716,,51
2022,48828502,,51
2022,48828503,,51
2022,48875424,,51
2022,48875425,,51
2022,48895091,,51
2022,48895092,,51
2022,48895093,,51
2022,48905445,,52
2022,49363459,,51
2022,48979279,,51
2022,49363460,,51
2022,49363461,,51
2022,49363462,,51
2022,48096301,,51
2022,49363463,,51
2022,49363464,,9
2022,49363465,,52
2022,49363466,,51
2022,49363467,,51
2022,49363468,,51
2022,49363469,,51
2022,49363470,,51
2022,49363471,,51
2022,49363472,,51
2022,49363473,,51
2022,49363474,,51
2022,49363475,,51
2022,49363476,,51
2022,49363477,,51
2022,49363478,,51
2022,49363479,,52
2022,49363480,,51
2022,49363481,,51
2022,49363482,,51
2022,49363483,,51
2022,49363484,,51
2022,49363485,,51
2022,49363486,,51
2022,49363487,,51
2022,48096302,,51
2022,49363488,,51
2022,49363489,,51
2022,49363490,,51
2022,49363491,,51
2022,49363492,,51
2022,49363493,,51
2022,48096303,,52
2022,49363494,,51
2022,49363495,,52
2022,49363496,,51
2022,49363497,,3
2022,49363498,,51
2022,49363499,,51
2022,49363500,,51
2022,49363501,,51
2022,49363502,,51
2022,49363503,,51
2022,49363504,,51
2022,49613601,,51
2022,49557911,,51
2022,49558194,,51
2022,49609652,,51
2022,48096304,,51
2022,48096305,,51
2022,48096306,,51
2022,48096307,,3
2022,48096308,,51
2022,48626227,,51
2022,48626228,,51
2022,48709215,,51
2022,48709216,,51
2022,48710338,,51
2022,48756361,,51
2022,48838752,,51
2022,48096309,,51
2022,48860765,,51
2022,48895094,,51
2022,48895095,,51
2022,48895096,,51
2022,48898826,,51
2022,48898827,,51
2022,48913999,,51
2022,48942285,,51
2022,48979280,,51
2022,48994348,,52
2022,48994349,,51
2022,49364379,,51
2022,49364380,,51
2022,49364381,,51
2022,49364382,,51
2022,49364383,,51
2022,49364384,,51
2022,49364385,,51
2022,49364386,,51
2022,49364387,,51
2022,49364388,,51
2022,49364389,,51
2022,49364390,,51
2022,49364391,,51
2022,48096310,,51
2022,49364392,,51
2022,49364393,,51
2022,49364394,,51
2022,49364395,,51
2022,49364396,,51
2022,49364397,,51
2022,49364399,,51
2022,49364400,,51
2022,49364401,,51
2022,49364402,,51
2022,49364403,,51
2022,50185288,,51
2022,49364404,,51
2022,49364405,,52
2022,49364406,,51
2022,49364407,,51
2022,49364408,,51
2022,49364409,,51
2022,49364410,,51
2022,49364411,,51
2022,49364412,,52
2022,49364413,,52
2022,49364414,,52
2022,49364415,,51
2022,49364416,,51
2022,49364417,,51
2022,49364418,,51
2022,49364419,,51
2022,49463398,,51
2022,49364421,,51
2022,49553586,,51
2022,49553587,,51
2022,49558195,,51
2022,49558196,,51
2022,49588326,,51
2022,49592764,,51
2022,49592765,,51
2022,49592766,,51
2022,49592767,,51
2022,49592768,,51
2022,49613602,,51
2022,49613603,,51
2022,49613604,,51
2022,49613605,,51
2022,49613973,,51
2022,49613974,,51
2022,48348597,,51
2022,48348598,,51
2022,48348599,,51
2022,48096311,,51
2022,49361648,,51
2022,49361649,,3
2022,48779675,,51
2022,48779676,,51
2022,48348602,,51
2022,48348603,,51
2022,48779677,,51
2022,48348605,,51
2022,48348606,,51
2022,48779678,,51
2022,48348608,,51
2022,48779679,,51
2022,49957936,,51
2022,48779680,,51
2022,48779681,,51
2022,48779682,,51
2022,48779683,,51
2022,48779684,,51
2022,49361650,,51
2022,49361651,,51
2022,49361652,,51
2022,49361653,,51
2022,49361654,,51
2022,49361655,,51
2022,49361656,,51
2022,49361657,,51
2022,49361658,,51
2022,49361659,,51
2022,49361660,,51
2022,49957937,,51
2022,50631101,,51
2022,50631102,,51
2022,50631103,,51
2022,49361661,,51
2022,49361662,,52
2022,49361663,,51
2022,49957938,,51
2022,49957939,,51
2022,49361664,,51
2022,49361665,,51
2022,49361666,,51
2022,49361667,,51
2022,49957940,,51
2022,51402241,,51
2022,49957941,,3
2022,50631106,,3
2022,50631107,,51
2022,50631108,,51
2022,50631109,,51
2022,47834471,,51
2022,46610372,,51
2022,46610373,,52
2022,45298084,,51
2022,46610376,,51
2022,46610382,,51
2022,45298085,,51
2022,45279572,,51
2022,46610383,,51
2022,45298086,,51
2022,46561903,,51
2022,46610385,,51
2022,46561904,,51
2022,46610386,,51
2022,46561905,,51
2022,46610387,,51
2022,46561906,,51
2022,46610388,,51
2022,46610389,,51
2022,46561907,,51
2022,46561908,,51
2022,46561909,,51
2022,46561910,,51
2022,46561911,,51
2022,46561912,,51
2022,46561913,,51
2022,46609990,,51
2022,46834253,,51
2022,46870309,,51
2022,46610390,,51
2022,46610391,,51
2022,46610392,,51
2022,46610395,,51
2022,46610397,,51
2022,46610398,,51
2022,46610399,,51
2022,46610401,,51
2022,46610402,,51
2022,46610404,,51
2022,46610405,,51
2022,46937919,,51
2022,46957219,,51
2022,46610407,,51
2022,46937920,,51
2022,46610408,,51
2022,47293290,,51
2022,46610410,,51
2022,46610411,,51
2022,46610412,,51
2022,46610414,,51
2022,46610416,,51
2022,47280162,,51
2022,46610418,,51
2022,46610419,,51
2022,46610421,,51
2022,46610422,,51
2022,46610424,,51
2022,46610425,,51
2022,46610426,,51
2022,46610429,,51
2022,46610431,,51
2022,46610432,,51
2022,46610433,,51
2022,46610434,,51
2022,46683307,,51
2022,46683308,,51
2022,46977940,,51
2022,46610436,,51
2022,46610438,,51
2022,46610439,,51
2022,46610449,,51
2022,46610450,,51
2022,46610453,,51
2022,46610454,,51
2022,46610455,,51
2022,46683309,,51
2022,46683310,,51
2022,46683311,,51
2022,46683312,,51
2022,46683313,,51
2022,46683314,,51
2022,46683315,,51
2022,46683316,,51
2022,46683317,,51
2022,46683318,,51
2022,46683319,,51
2022,46683320,,51
2022,46977941,,51
2022,46683322,,51
2022,46683323,,51
2022,46683324,,51
2022,46697098,,51
2022,46977942,,51
2022,46824408,,51
2022,46824409,,51
2022,46824410,,51
2022,46832776,,51
2022,46832777,,51
2022,47583530,,51
2022,46875695,,51
2022,46881909,,51
2022,46886718,,51
2022,46890428,,51
2022,46890429,,51
2022,46890430,,51
2022,46933209,,51
2022,46933210,,51
2022,46937904,,51
2022,46937905,,51
2022,46937906,,51
2022,46937907,,51
2022,46937908,,51
2022,46957191,,52
2022,47670315,,51
2022,46967362,,51
2022,46977943,,51
2022,46977944,,51
2022,46985424,,51
2022,47113779,,51
2022,47113791,,51
2022,47168077,,51
2022,47168078,,51
2022,47168079,,51
2022,47159216,,51
2022,47159217,,51
2022,47159218,,51
2022,47168080,,3
2022,47920420,,51
2022,47229314,,51
2022,47266291,,51
2022,47266292,,51
2022,47266293,,51
2022,47293291,,51
2022,47599970,,51
2022,47931565,,51
2022,47509532,,51
2022,47499464,,51
2022,47559921,,51
2022,47319973,,51
2022,47559922,,51
2022,47319974,,51
2022,47842413,,51
2022,47345573,,51
2022,47345574,,51
2022,47345577,,51
2022,47376599,,51
2022,47842414,,51
2022,47345579,,51
2022,47991593,,51
2022,47345584,,51
2022,48084467,,51
2022,47345586,,51
2022,47345587,,51
2022,47583531,,51
2022,48366093,,51
2022,47440426,,51
2022,47440427,,51
2022,47440428,,51
2022,47440429,,51
2022,47440431,,51
2022,47440432,,51
2022,47583532,,52
2022,47849338,,51
2022,47449581,,51
2022,47449582,,51
2022,47596290,,51
2022,47596291,,51
2022,47596292,,51
2022,47596293,,51
2022,47596294,,51
2022,47596295,,51
2022,47596296,,51
2022,47616007,,51
2022,47645143,,51
2022,47670316,,51
2022,47670317,,51
2022,47670318,,51
2022,47692852,,51
2022,47849339,,52
2022,47849340,,51
2022,47849341,,51
2022,47849342,,51
2022,47849343,,51
2022,47849344,,51
2022,47849345,,51
2022,47849346,,51
2022,47849347,,51
2022,47849348,,51
2022,47920421,,51
2022,47920422,,51
2022,47991104,,51
2022,48383575,,51
2022,48143045,,51
2022,48478287,,51
2022,47995505,,51
2022,48478288,,51
2022,48495389,,51
2022,48011090,,51
2022,48751227,,51
2022,48011091,,51
2022,48708130,,51
2022,48994357,,51
2022,48084439,,51
2022,48994358,,51
2022,49362973,,51
2022,48084440,,51
2022,49362974,,51
2022,48086609,,51
2022,49362975,,51
2022,49362976,,51
2022,48086612,,51
2022,49362977,,51
2022,45820198,,51
2022,45820199,,51
2022,45820200,,51
2022,45820201,,51
2022,46150828,,51
2022,50131228,,1
2022,46561914,,51
2022,46914514,,51
2022,47841707,,51
2022,48151545,,51
2022,48086613,,51
2022,48086615,,51
2022,47511711,,51
2022,47681598,,51
2022,47681599,,51
2022,47681600,,51
2022,47681601,,51
2022,48113469,,51
2022,48122867,,51
2022,48501948,,51
2022,48437578,,51
2022,49362978,,51
2022,50907415,,51
2022,50896632,,51
2022,50896633,,51
2022,50907416,,51
2022,50907417,,51
2022,48144177,,52
2022,50907418,,51
2022,45263026,,51
2022,48144179,,51
2022,48144180,,51
2022,48144181,,51
2022,48161560,,51
2022,48626229,,51
2022,48167125,,51
2022,48187474,,51
2022,48187475,,51
2022,45219121,,51
2022,46562033,,51
2022,45679542,,51
2022,45679543,,51
2022,45999758,,51
2022,48187478,,51
2022,48188339,,51
2022,48330568,,51
2022,48806410,,51
2022,48331393,,51
2022,48331394,,51
2022,48331395,,51
2022,48331396,,51
2022,48331397,,52
2022,48378366,,51
2022,48379036,,51
2022,48415592,,51
2022,48426877,,52
2022,48432848,,51
2022,45999759,,51
2022,48463580,,51
2022,48472533,,51
2022,48472534,,51
2022,48490910,,51
2022,48495382,,51
2022,48564882,,51
2022,48564883,,51
2022,48749332,,51
2022,48626230,,51
2022,48626231,,51
2022,48626232,,51
2022,49364426,,51
2022,48749333,,51
2022,48755504,,51
2022,48755505,,51
2022,48806411,,51
2022,48806412,,51
2022,48806413,,51
2022,48806414,,51
2022,48806415,,51
2022,48806416,,51
2022,48838753,,52
2022,48839380,,51
2022,48839381,,51
2022,48875426,,51
2022,48905446,,51
2022,48979281,,51
2022,48979282,,51
2022,48979283,,51
2022,48979284,,51
2022,48979285,,51
2022,49364427,,51
2022,49364428,,51
2022,49364429,,51
2022,49364430,,51
2022,49364431,,51
2022,49364432,,51
2022,49364433,,51
2022,49364434,,51
2022,49364435,,51
2022,49364436,,51
2022,49364437,,51
2022,49364438,,51
2022,49364439,,51
2022,49364440,,51
2022,49364441,,52
2022,49364442,,51
2022,49364443,,51
2022,49364444,,51
2022,49364445,,51
2022,49364446,,51
2022,49364447,,51
2022,49364448,,51
2022,49364449,,51
2022,49364450,,51
2022,49364451,,51
2022,49364452,,51
2022,49364453,,51
2022,49463399,,51
2022,49547809,,9
2022,49364455,,51
2022,49429939,,51
2022,49592769,,51
2022,49592770,,51
2022,49593606,,51
2022,49593607,,51
2022,49593608,,52
2022,49593609,,51
2022,45999760,,51
2022,45999762,,51
2022,46321887,,51
2022,49613975,,51
2022,46321888,,51
2022,49613976,,51
2022,49613977,,51
2022,46562034,,51
2022,46562035,,51
2022,46562036,,51
2022,50013424,,51
2022,46891086,,51
2022,47083774,,51
2022,47247569,,51
2022,47247570,,51
2022,47083778,,51
2022,47083779,,51
2022,47395391,,51
2022,47395392,,51
2022,47395394,,51
2022,47792558,,51
2022,47395397,,51
2022,47601370,,51
2022,47748803,,51
2022,47748804,,51
2022,47748805,,51
2022,47748806,,51
2022,47792559,,51
2022,47792560,,51
2022,47792561,,51
2022,47792563,,51
2022,48029085,,51
2022,48348609,,51
2022,48144192,,51
2022,48348610,,51
2022,48348612,,51
2022,48472574,,51
2022,48472575,,51
2022,48472578,,51
2022,50750238,,51
2022,48830862,,51
2022,49363280,,51
2022,49363281,,51
2022,49363282,,51
2022,49363283,,51
2022,49609898,,51
2022,49363285,,51
2022,49363286,,51
2022,49609899,,51
2022,49609900,,51
2022,49609901,,52
2022,51246222,,51
2022,49957945,,51
2022,45228095,,51
2022,46281688,,51
2022,46281689,,51
2022,46281690,,51
2022,46560413,,51
2022,46560414,,51
2022,45489123,,51
2022,46868678,,51
2022,46868679,,51
2022,45489124,,51
2022,49363432,,51
2022,47232437,,51
2022,45958601,,51
2022,47232438,,51
2022,47596297,,52
2022,47596298,,51
2022,47596299,,52
2022,48009576,,51
2022,48009577,,51
2022,48009578,,51
2022,48009580,,51
2022,48009581,,51
2022,48009582,,51
2022,48011092,,51
2022,48029082,,51
2022,48048372,,51
2022,46311328,,51
2022,46311329,,51
2022,46311330,,51
2022,46311409,,51
2022,46311410,,51
2022,45958602,,51
2022,46311411,,52
2022,46311412,,51
2022,46311413,,51
2022,46311414,,51
2022,46311415,,51
2022,46311416,,51
2022,46311417,,51
2022,46311418,,51
2022,46311419,,51
2022,46562176,,51
2022,46562177,,51
2022,46311420,,51
2022,46311421,,51
2022,46311422,,51
2022,46311423,,51
2022,46311424,,51
2022,46311425,,51
2022,46311426,,51
2022,48140371,,51
2022,46311427,,51
2022,46614980,,51
2022,46311428,,51
2022,46562178,,51
2022,46614981,,51
2022,46614982,,51
2022,46614983,,51
2022,46594606,,51
2022,46594607,,51
2022,46614984,,51
2022,46614985,,51
2022,46614986,,51
2022,46614987,,51
2022,46614988,,53
2022,46614989,,3
2022,48140372,,51
2022,46614990,,3
2022,46614991,,2
2022,46614992,,51
2022,46614993,,51
2022,46562179,,51
2022,46562180,,51
2022,46562181,,51
2022,46562182,,51
2022,46562183,,51
2022,46562184,,51
2022,46594608,,51
2022,46594609,,51
2022,46562187,,51
2022,46562188,,51
2022,46562189,,51
2022,46562190,,51
2022,46562191,,51
2022,46824435,,51
2022,46824436,,51
2022,46824437,,51
2022,46594610,,51
2022,49558205,,51
2022,49558206,,51
2022,46562194,,51
2022,47030470,,51
2022,47331454,,51
2022,46875703,,51
2022,46824439,,51
2022,46621522,,51
2022,46594617,,51
2022,46824440,,51
2022,46824441,,51
2022,47281386,,51
2022,46824443,,51
2022,47030473,,51
2022,47030474,,51
2022,46875704,,51
2022,47670344,,53
2022,47030476,,51
2022,47030477,,51
2022,47030635,,51
2022,47670345,,51
2022,47281387,,51
2022,47030480,,51
2022,47331455,,51
2022,47030482,,51
2022,47084566,,51
2022,47281388,,51
2022,51433626,,51
2022,48140597,,52
2022,48140598,,51
2022,48140599,,51
2022,48140600,,51
2022,48270868,,51
2022,48270869,,51
2022,48270870,,51
2022,48426878,,51
2022,48426879,,3
2022,47030485,,52
2022,47281389,,51
2022,47030487,,51
2022,47030488,,51
2022,47670346,,51
2022,47281391,,51
2022,47331457,,51
2022,48147332,,51
2022,48147333,,51
2022,48516504,,51
2022,48571285,,51
2022,48571286,,51
2022,48571287,,51
2022,48571288,,51
2022,48946585,,51
2022,48946586,,51
2022,49360252,,51
2022,49360253,,51
2022,49360254,,52
2022,49360255,,51
2022,49360256,,51
2022,49360257,,51
2022,49360258,,51
2022,49360259,,51
2022,49360260,,51
2022,49360261,,51
2022,49360262,,53
2022,49360263,,51
2022,49360264,,51
2022,49560034,,52
2022,49560035,,51
2022,49560036,,51
2022,49560037,,51
2022,49560038,,51
2022,49613606,,51
2022,49613607,,51
2022,49613978,,51
2022,49613979,,51
2022,49613980,,51
2022,49613981,,51
2022,49613982,,51
2022,49613983,,51
2022,49613984,,51
2022,49898199,,51
2022,47748811,,51
2022,47030639,,51
2022,47281394,,51
2022,47084567,,51
2022,47030642,,51
2022,49363435,,51
2022,47084569,,51
2022,47331459,,51
2022,47281396,,51
2022,47670348,,51
2022,47281397,,51
2022,47281398,,51
2022,47281399,,51
2022,47499551,,51
2022,49558207,,51
2022,49558208,,51
2022,47281401,,51
2022,47331461,,51
2022,47499552,,51
2022,47499553,,51
2022,47331464,,51
2022,47281406,,51
2022,47331465,,51
2022,47331466,,51
2022,47499554,,51
2022,47499555,,51
2022,47499556,,51
2022,47499557,,51
2022,47331468,,51
2022,47670349,,51
2022,47331469,,51
2022,47499559,,51
2022,47499560,,51
2022,47499561,,51
2022,49363436,,51
2022,48994359,,51
2022,47670351,,51
2022,47670352,,51
2022,47670353,,51
2022,47670354,,51
2022,47670355,,51
2022,47670356,,52
2022,48024513,,51
2022,47670358,,51
2022,48024514,,51
2022,48024515,,51
2022,47748812,,51
2022,48024516,,51
2022,48994360,,51
2022,47670360,,51
2022,48024517,,51
2022,48024518,,51
2022,48024519,,51
2022,47748813,,51
2022,48024520,,51
2022,47748815,,51
2022,48147334,,51
2022,48147335,,51
2022,48902076,,51
2022,49360275,,51
2022,49360276,,51
2022,49360277,,51
2022,49360278,,51
2022,49360279,,51
2022,49360280,,51
2022,45491508,,51
2022,49562429,,51
2022,49593962,,51
2022,49593963,,51
2022,49608618,,51
2022,45805872,,51
2022,45856653,,51
2022,48877111,,51
2022,48828598,,51
2022,46352029,,51
2022,46560416,,51
2022,48024521,,51
2022,48024523,,51
2022,49363437,,51
2022,48024524,,52
2022,48024525,,51
2022,48024526,,51
2022,48024527,,51
2022,48024528,,51
2022,48147336,,51
2022,46560417,,51
2022,48839416,,3
2022,48828599,,51
2022,48828600,,51
2022,46628794,,51
2022,46663948,,51
2022,48877112,,51
2022,47015419,,51
2022,48898847,,51
2022,48877113,,51
2022,48877114,,51
2022,46819653,,51
2022,46885840,,51
2022,46915770,,52
2022,46921814,,51
2022,46964788,,3
2022,49360281,,51
2022,49360282,,51
2022,48916104,,51
2022,47195447,,7
2022,47331534,,51
2022,47304084,,51
2022,47331253,,51
2022,48834985,,51
2022,48834986,,51
2022,48839914,,51
2022,48835513,,51
2022,48835514,,51
2022,48834987,,51
2022,48835515,,51
2022,48835516,,51
2022,48988069,,51
2022,47781583,,3
2022,47781584,,3
2022,47804448,,51
2022,48029817,,9
2022,49363438,,51
2022,48839915,,51
2022,48024531,,51
2022,48147338,,51
2022,48834988,,51
2022,48835517,,51
2022,48834641,,51
2022,48838876,,51
2022,48189562,,51
2022,48314543,,51
2022,48313103,,51
2022,48314544,,51
2022,48348640,,51
2022,48379602,,51
2022,48428095,,51
2022,48877115,,51
2022,48456220,,51
2022,48839417,,51
2022,48464920,,51
2022,48458192,,51
2022,48147339,,51
2022,48024533,,51
2022,48024534,,51
2022,48024535,,51
2022,48024536,,51
2022,48415614,,51
2022,48147340,,51
2022,48147341,,51
2022,48024539,,51
2022,48761115,,51
2022,48147343,,51
2022,48458193,,51
2022,48467103,,51
2022,48499417,,51
2022,48493060,,51
2022,48499751,,51
2022,48024542,,51
2022,49363439,,51
2022,49363440,,51
2022,49363441,,51
2022,48147344,,51
2022,48504183,,51
2022,51433627,,51
2022,48024546,,51
2022,48147345,,51
2022,48147346,,51
2022,48147347,,51
2022,48517628,,51
2022,48578421,,51
2022,48710635,,51
2022,48905630,,51
2022,48900514,,51
2022,49360283,,51
2022,49360284,,51
2022,49360285,,51
2022,49360286,,52
2022,50704341,,51
2022,51238475,,51
2022,51238476,,51
2022,48490911,,51
2022,48931805,,51
2022,48931810,,51
2022,48931811,,51
2022,51265947,,51
2022,48994361,,51
2022,48415616,,52
2022,48415617,,51
2022,48147350,,51
2022,49363295,,51
2022,48415618,,51
2022,48761117,,51
2022,49685620,,51
2022,48415620,,51
2022,48415621,,51
2022,48415622,,51
2022,48835173,,51
2022,48147354,,51
2022,49685622,,51
2022,48415624,,51
2022,48415625,,51
2022,48415626,,51
2022,48467612,,51
2022,48415628,,51
2022,48415629,,51
2022,48835174,,51
2022,49363442,,51
2022,49363443,,51
2022,48761120,,51
2022,49363444,,51
2022,49363445,,51
2022,48761123,,51
2022,48467615,,51
2022,48467616,,51
2022,48761124,,51
2022,48761125,,51
2022,48761126,,51
2022,48994362,,51
2022,48761128,,51
2022,49612957,,51
2022,48761130,,51
2022,49363446,,51
2022,48835360,,51
2022,48835361,,51
2022,48835362,,51
2022,48994364,,51
2022,48994365,,51
2022,48994366,,51
2022,48994367,,51
2022,48994368,,51
2022,49363447,,51
2022,49363448,,51
2022,49466075,,51
2022,51549168,,51
2022,49460376,,51
2022,49363450,,51
2022,49363451,,51
2022,49363452,,51
2022,50013425,,51
2022,49460377,,51
2022,49363454,,51
2022,49466077,,51
2022,49762107,,51
2022,46350216,,51
2022,46350217,,51
2022,46350218,,51
2022,46350219,,51
2022,46350220,,51
2022,49460379,,51
2022,49460380,,51
2022,49460381,,51
2022,49762109,,53
2022,46350221,,53
2022,46350226,,51
2022,46350227,,51
2022,46350229,,51
2022,46293732,,3
2022,46293733,,51
2022,46350230,,51
2022,46350231,,51
2022,46350232,,3
2022,46350233,,51
2022,49575615,,51
2022,49762110,,51
2022,49762111,,51
2022,46350234,,51
2022,46350235,,51
2022,46350236,,51
2022,46350237,,51
2022,46350240,,51
2022,46350241,,3
2022,46350242,,3
2022,46350243,,3
2022,46350244,,51
2022,46350245,,51
2022,46350246,,51
2022,46350248,,51
2022,46350249,,51
2022,46350250,,51
2022,49762112,,51
2022,45489128,,51
2022,46562317,,51
2022,46562318,,51
2022,46562319,,51
2022,46562320,,51
2022,46562321,,51
2022,45663732,,51
2022,47216225,,51
2022,47331086,,51
2022,49459777,,51
2022,48809189,,52
2022,48516091,,51
2022,48516092,,51
2022,46562322,,51
2022,46562323,,51
2022,46562324,,51
2022,46562325,,51
2022,46562326,,51
2022,46562327,,51
2022,46562328,,9
2022,46562329,,9
2022,46562330,,9
2022,46562331,,9
2022,46562332,,51
2022,46562333,,51
2022,46562334,,51
2022,46562335,,3
2022,46562336,,3
2022,46562337,,4
2022,46562338,,4
2022,46562339,,51
2022,46562340,,51
2022,46562341,,51
2022,46562342,,51
2022,48809190,,51
2022,46562343,,51
2022,46562344,,51
2022,46562345,,1
2022,49363457,,51
2022,49666597,,51
2022,46562346,,51
2022,49896735,,51
2022,46562347,,51
2022,46562348,,51
2022,46562232,,51
2022,46562349,,51
2022,46562350,,51
2022,46562351,,51
2022,46562352,,51
2022,46562353,,51
2022,46562354,,51
2022,46562355,,51
2022,46562356,,51
2022,46562357,,51
2022,46562358,,3
2022,46562359,,51
2022,46562360,,51
2022,46562361,,51
2022,46350251,,51
2022,46350252,,51
2022,46350253,,51
2022,46350254,,51
2022,46350256,,51
2022,46350258,,51
2022,46350259,,51
2022,46350264,,51
2022,46350265,,51
2022,46350266,,51
2022,46350271,,51
2022,46293734,,51
2022,46350275,,51
2022,46350276,,51
2022,46350277,,51
2022,46350278,,51
2022,46350281,,51
2022,46293735,,51
2022,46350282,,51
2022,46350284,,51
2022,46562233,,51
2022,48020422,,51
2022,46289714,,51
2022,46350286,,51
2022,48815203,,51
2022,46350287,,51
2022,48900513,,51
2022,46350288,,51
2022,46350289,,51
2022,49363505,,51
2022,49363506,,51
2022,49363507,,51
2022,49363508,,51
2022,46562298,,51
2022,46562299,,51
2022,46562300,,51
2022,46562301,,51
2022,50160570,,51
2022,50160571,,51
2022,45267614,,51
2022,46252043,,51
2022,46350292,,51
2022,46350293,,51
2022,46350294,,51
2022,46350295,,51
2022,46350296,,51
2022,46350297,,3
2022,46350299,,51
2022,46350300,,51
2022,46350301,,51
2022,46350302,,51
2022,46350305,,51
2022,46350306,,51
2022,46350307,,51
2022,46289715,,51
2022,46289716,,51
2022,46350308,,51
2022,46350309,,51
2022,46350310,,51
2022,46350311,,51
2022,46350312,,51
2022,46289717,,51
2022,46289718,,51
2022,46350313,,51
2022,46288117,,51
2022,46350315,,51
2022,46350316,,51
2022,46289719,,51
2022,46350317,,51
2022,46350318,,51
2022,46350319,,51
2022,46350320,,51
2022,46350321,,51
2022,46350322,,51
2022,46350323,,3
2022,46350324,,51
2022,46350325,,51
2022,46350326,,51
2022,46350327,,52
2022,46350328,,51
2022,46350329,,51
2022,46350330,,51
2022,46350331,,51
2022,46350332,,51
2022,46350333,,51
2022,46350334,,51
2022,46350335,,51
2022,46350336,,51
2022,46350337,,52
2022,46350338,,3
2022,46350339,,51
2022,46350340,,51
2022,46350342,,51
2022,46350343,,51
2022,46350344,,3
2022,46350345,,51
2022,46350346,,3
2022,46350347,,51
2022,46350348,,51
2022,46350349,,51
2022,46350350,,51
2022,46350351,,51
2022,46350352,,51
2022,46350353,,51
2022,46350354,,51
2022,46350355,,51
2022,46350356,,51
2022,46350358,,51
2022,46350359,,51
2022,46350360,,51
2022,46350361,,51
2022,46350362,,51
2022,46350363,,51
2022,46350364,,51
2022,46350365,,53
2022,46350366,,51
2022,46350367,,51
2022,46350368,,51
2022,46350369,,51
2022,46350370,,51
2022,46350371,,51
2022,46350372,,51
2022,46350373,,51
2022,46350374,,51
2022,46350375,,51
2022,46350376,,51
2022,46350377,,51
2022,46350378,,51
2022,46350380,,51
2022,46350381,,1
2022,46350382,,1
2022,46350383,,1
2022,46350384,,1
2022,46350385,,1
2022,46350386,,51
2022,46350387,,51
2022,46350388,,51
2022,46350389,,3
2022,46350390,,1
2022,46350391,,51
2022,46350392,,51
2022,46350393,,51
2022,46350394,,51
2022,46350395,,51
2022,46350396,,51
2022,46350397,,51
2022,46350398,,51
2022,46350399,,51
2022,46350400,,51
2022,46350401,,53
2022,46350402,,53
2022,46350403,,51
2022,46350404,,51
2022,46350405,,51
2022,46350406,,51
2022,46350407,,51
2022,46350408,,3
2022,46350409,,51
2022,46350410,,51
2022,46348592,,51
2022,46348593,,51
2022,46348594,,51
2022,46348595,,51
2022,46350412,,51
2022,46350413,,51
2022,46350414,,51
2022,46350415,,51
2022,46350416,,51
2022,46350417,,51
2022,46350418,,51
2022,46350419,,51
2022,46350420,,51
2022,46350421,,3
2022,46350422,,51
2022,46350423,,51
2022,46350424,,4
2022,46350425,,51
2022,46350426,,52
2022,46350427,,51
2022,46350428,,51
2022,45298087,,51
2022,46350429,,51
2022,45323149,,51
2022,46350430,,51
2022,45323150,,51
2022,46350431,,51
2022,46350432,,51
2022,45490803,,51
2022,46350434,,51
2022,46350435,,51
2022,46350436,,51
2022,45490804,,51
2022,45516725,,51
2022,46350437,,51
2022,46350438,,3
2022,46350439,,3
2022,46350440,,51
2022,46350441,,51
2022,46350442,,51
2022,45519135,,51
2022,46350443,,51
2022,45519136,,51
2022,46350444,,51
2022,45700352,,51
2022,46350445,,52
2022,46350446,,51
2022,46350447,,51
2022,45700353,,51
2022,46350449,,53
2022,45700354,,51
2022,46562362,,51
2022,45999765,,51
2022,45796271,,51
2022,46562363,,51
2022,46562364,,51
2022,46562365,,3
2022,45833993,,51
2022,46766091,,51
2022,46766092,,51
2022,46766093,,51
2022,46766094,,51
2022,45833997,,51
2022,46562366,,3
2022,45833998,,51
2022,46562367,,51
2022,46562368,,51
2022,45833999,,51
2022,46562369,,51
2022,45834003,,51
2022,45841170,,51
2022,45841171,,51
2022,45939109,,51
2022,46562370,,51
2022,46562371,,51
2022,46562372,,2
2022,46562373,,51
2022,46562374,,51
2022,46562375,,51
2022,46562376,,51
2022,46562377,,51
2022,46562378,,51
2022,46562379,,3
2022,46562380,,51
2022,46815247,,51
2022,46815248,,51
2022,46562381,,51
2022,46562382,,51
2022,46562383,,51
2022,46562384,,51
2022,46562385,,51
2022,46562386,,51
2022,46562387,,3
2022,46562388,,3
2022,46562389,,3
2022,46562390,,3
2022,46815249,,51
2022,46562391,,51
2022,46815250,,51
2022,46562392,,51
2022,46562393,,51
2022,46821124,,51
2022,46562395,,51
2022,46821125,,51
2022,46562396,,51
2022,46821126,,51
2022,46562397,,51
2022,46562398,,3
2022,46562399,,51
2022,46562400,,51
2022,46821127,,51
2022,46562401,,51
2022,46562402,,51
2022,46562403,,51
2022,46562404,,51
2022,46821128,,51
2022,46824451,,51
2022,46562405,,51
2022,46824452,,3
2022,46562406,,51
2022,46562407,,51
2022,46562408,,51
2022,46562409,,51
2022,46824453,,51
2022,46562410,,3
2022,46562411,,51
2022,46824454,,51
2022,46562412,,51
2022,46562413,,51
2022,46824455,,52
2022,46824456,,51
2022,46562414,,3
2022,46562415,,51
2022,46562416,,51
2022,46562417,,51
2022,46562418,,51
2022,46562419,,51
2022,46832783,,51
2022,46832784,,51
2022,46562420,,51
2022,46562421,,51
2022,46562422,,51
2022,46832785,,51
2022,46832786,,51
2022,46562423,,51
2022,46834258,,51
2022,46562424,,9
2022,46562425,,51
2022,46834259,,51
2022,46834260,,51
2022,46562426,,3
2022,46562427,,51
2022,46834261,,1
2022,46834262,,3
2022,46562428,,51
2022,46562429,,51
2022,46562430,,51
2022,46562431,,51
2022,46834263,,51
2022,45939112,,51
2022,45958606,,51
2022,46562432,,51
2022,46562433,,51
2022,46562435,,51
2022,46834264,,51
2022,46562436,,51
2022,46860590,,51
2022,46860591,,51
2022,46562437,,51
2022,46562438,,51
2022,46860592,,51
2022,46562439,,51
2022,46562440,,51
2022,46868717,,51
2022,46868718,,51
2022,46562441,,53
2022,46868719,,51
2022,46562442,,51
2022,46868720,,51
2022,46562443,,51
2022,46562444,,51
2022,46868721,,3
2022,46868722,,51
2022,46868723,,51
2022,46562445,,3
2022,46562446,,51
2022,46562447,,51
2022,45999766,,51
2022,46034041,,51
2022,46869734,,51
2022,46869735,,51
2022,46869736,,51
2022,46869737,,51
2022,46562448,,51
2022,46869738,,51
2022,46562449,,51
2022,46870739,,51
2022,46766095,,51
2022,46766096,,51
2022,46766097,,51
2022,46870740,,51
2022,46766098,,51
2022,46766099,,51
2022,46870741,,51
2022,46870742,,51
2022,46870743,,3
2022,46870744,,52
2022,46870745,,51
2022,46870746,,51
2022,46870747,,51
2022,46870748,,51
2022,46870749,,51
2022,46870750,,51
2022,46870751,,51
2022,46874876,,51
2022,46034044,,51
2022,46874877,,3
2022,46874878,,51
2022,46874879,,9
2022,46874880,,51
2022,46874881,,51
2022,46875713,,51
2022,46875714,,51
2022,46875715,,51
2022,46875716,,51
2022,46875717,,4
2022,46875718,,51
2022,46875719,,53
2022,46875720,,51
2022,46875721,,3
2022,46250485,,51
2022,46875722,,51
2022,46875723,,51
2022,46881953,,51
2022,46881954,,51
2022,46881955,,51
2022,46881956,,51
2022,46881957,,51
2022,46881958,,51
2022,46881959,,51
2022,46881960,,51
2022,46881961,,51
2022,46881962,,51
2022,46881963,,51
2022,46881964,,51
2022,46881965,,51
2022,46881966,,51
2022,46881967,,51
2022,46881968,,51
2022,46881969,,51
2022,46881970,,51
2022,46881971,,51
2022,46881972,,3
2022,46881973,,3
2022,46881974,,51
2022,46885836,,51
2022,46885837,,51
2022,46885838,,51
2022,46885839,,3
2022,46886770,,51
2022,46886771,,51
2022,46886772,,3
2022,48383580,,51
2022,48383581,,51
2022,48383582,,51
2022,48383583,,51
2022,48383584,,51
2022,48383585,,51
2022,48383586,,51
2022,46290692,,51
2022,46289698,,51
2022,46289699,,51
2022,46562313,,51
2022,46562314,,51
2022,46562315,,51
2022,46562316,,51
2022,46870310,,51
2022,46875709,,51
2022,46875710,,51
2022,46875711,,51
2022,46890438,,51
2022,46890439,,51
2022,47229322,,51
2022,46908015,,51
2022,47216226,,51
2022,47232454,,51
2022,47232455,,51
2022,47232456,,51
2022,47232457,,51
2022,47307310,,51
2022,47619277,,51
2022,47619278,,51
2022,48366112,,52
2022,47660867,,51
2022,47792564,,51
2022,47660868,,51
2022,47697384,,51
2022,47792565,,51
2022,47792566,,51
2022,47770651,,51
2022,47792567,,51
2022,47792569,,51
2022,47792570,,51
2022,47834930,,51
2022,47841709,,51
2022,47841710,,51
2022,47864977,,51
2022,47960471,,51
2022,47960472,,51
2022,47996061,,51
2022,50044015,,51
2022,48383589,,51
2022,48383590,,51
2022,48383591,,51
2022,48383592,,51
2022,48383593,,51
2022,48383594,,51
2022,48383595,,51
2022,48383596,,51
2022,48383597,,51
2022,48383598,,51
2022,48383599,,51
2022,48383600,,51
2022,48383601,,51
2022,48383602,,51
2022,48383603,,51
2022,48383604,,51
2022,48463592,,51
2022,48463593,,51
2022,48463594,,51
2022,48463595,,51
2022,48463596,,51
2022,48463597,,51
2022,48463599,,4
2022,48463600,,4
2022,48463601,,51
2022,48463602,,51
2022,48464546,,51
2022,48464547,,51
2022,48464548,,3
2022,48464549,,51
2022,48464550,,51
2022,48464551,,51
2022,48464552,,51
2022,47996062,,51
2022,48011095,,51
2022,48011096,,51
2022,48011097,,51
2022,48028143,,51
2022,48028144,,51
2022,48464553,,3
2022,48464554,,51
2022,48464555,,51
2022,48464556,,51
2022,48464557,,51
2022,48464558,,51
2022,48464559,,51
2022,48464560,,51
2022,48464561,,51
2022,48464562,,51
2022,48464563,,51
2022,48464564,,51
2022,48464565,,53
2022,48464566,,51
2022,48464567,,51
2022,48028145,,51
2022,48028146,,51
2022,48028147,,51
2022,48028148,,51
2022,48505901,,51
2022,48505902,,51
2022,48029086,,51
2022,48045641,,51
2022,48505903,,9
2022,48505904,,3
2022,48045642,,51
2022,48378381,,51
2022,48378382,,51
2022,48099107,,51
2022,48505905,,51
2022,48505906,,51
2022,48505907,,51
2022,48505908,,51
2022,48505909,,51
2022,48505910,,51
2022,48505911,,51
2022,48113470,,51
2022,48505912,,52
2022,48113471,,51
2022,48505913,,52
2022,48505914,,51
2022,48505915,,53
2022,48134805,,51
2022,48505916,,52
2022,48505917,,1
2022,48170868,,51
2022,48170869,,51
2022,48170870,,51
2022,48170871,,51
2022,48170872,,51
2022,48179312,,51
2022,48179313,,51
2022,48188353,,51
2022,48261300,,51
2022,48270891,,51
2022,48274583,,51
2022,48505918,,51
2022,48274584,,51
2022,48308061,,51
2022,48366113,,51
2022,48806432,,51
2022,48383576,,51
2022,48438225,,51
2022,48438226,,51
2022,48507412,,51
2022,48507413,,51
2022,48571299,,51
2022,48571300,,51
2022,48571301,,51
2022,48577004,,51
2022,48577005,,51
2022,48577693,,51
2022,48577694,,51
2022,48749408,,51
2022,48749409,,51
2022,48749410,,51
2022,48749411,,51
2022,48505919,,51
2022,48505920,,51
2022,48505921,,51
2022,48505922,,51
2022,48505923,,51
2022,48756373,,51
2022,48756374,,51
2022,48806433,,51
2022,48806434,,51
2022,48813258,,51
2022,48813259,,51
2022,48813260,,51
2022,48813261,,51
2022,48813262,,51
2022,48830863,,51
2022,48860779,,51
2022,48898837,,51
2022,48986102,,51
2022,49363624,,51
2022,49363625,,51
2022,49363626,,51
2022,49363627,,51
2022,49363628,,51
2022,49363629,,51
2022,49363630,,51
2022,49363631,,51
2022,49363632,,51
2022,49363633,,51
2022,48505924,,51
2022,49363634,,51
2022,49363635,,51
2022,49363636,,51
2022,49363637,,51
2022,49363638,,51
2022,49363639,,51
2022,49363640,,51
2022,49363641,,51
2022,49363642,,51
2022,49363643,,51
2022,49592784,,51
2022,49790661,,51
2022,49790662,,51
2022,49790663,,51
2022,50044002,,51
2022,48505925,,51
2022,48505926,,51
2022,48505927,,51
2022,50044003,,51
2022,48505928,,51
2022,48505930,,51
2022,50160572,,51
2022,50160573,,51
2022,50160574,,51
2022,50160575,,51
2022,50236721,,51
2022,50236722,,51
2022,50236723,,3
2022,50236725,,51
2022,44977093,,51
2022,48505931,,51
2022,48505932,,51
2022,48505933,,3
2022,48505934,,51
2022,48505935,,51
2022,48505936,,51
2022,48505937,,51
2022,48507418,,53
2022,48507419,,51
2022,48507420,,51
2022,48507421,,51
2022,49363645,,51
2022,49363646,,51
2022,49363647,,51
2022,49363648,,51
2022,49363649,,51
2022,49363650,,51
2022,49363651,,51
2022,49363652,,51
2022,49363653,,51
2022,49363654,,51
2022,49363655,,51
2022,49363656,,51
2022,49363657,,51
2022,49363658,,51
2022,49363659,,51
2022,49363660,,51
2022,49363661,,3
2022,49363662,,51
2022,49363664,,3
2022,49363665,,3
2022,49363666,,51
2022,49363667,,3
2022,49363668,,4
2022,49363669,,51
2022,49363670,,51
2022,44977094,,51
2022,45007215,,51
2022,45007216,,51
2022,45007217,,51
2022,45006146,,51
2022,45105501,,51
2022,45105502,,51
2022,45105503,,51
2022,45105504,,51
2022,45105505,,51
2022,45105506,,51
2022,45105297,,51
2022,45120790,,51
2022,45120791,,51
2022,45150183,,51
2022,45489130,,51
2022,45228098,,51
2022,45230864,,51
2022,45230865,,51
2022,45453247,,51
2022,45453248,,51
2022,45453249,,51
2022,45453250,,51
2022,45923666,,51
2022,45492132,,51
2022,45529402,,51
2022,45662938,,51
2022,45662939,,51
2022,45662940,,51
2022,45667840,,51
2022,45764387,,51
2022,45820203,,51
2022,45820204,,51
2022,45923667,,51
2022,47345791,,51
2022,46150829,,51
2022,46150830,,51
2022,46124086,,51
2022,46271507,,51
2022,46271508,,51
2022,46289700,,51
2022,46288111,,51
2022,46288112,,51
2022,46288113,,51
2022,46288114,,51
2022,46321891,,51
2022,46321892,,51
2022,48708135,,51
2022,46321893,,51
2022,46321894,,51
2022,46348590,,51
2022,46560267,,51
2022,46560268,,51
2022,46560269,,51
2022,46560270,,51
2022,47083782,,51
2022,46683224,,51
2022,46627520,,51
2022,46623241,,51
2022,46623242,,51
2022,46742522,,51
2022,46821115,,51
2022,46881930,,51
2022,46881931,,51
2022,46881932,,51
2022,46916882,,51
2022,46916883,,51
2022,46927870,,51
2022,46933219,,51
2022,46966224,,51
2022,46966225,,51
2022,46966226,,51
2022,47340999,,51
2022,47078012,,51
2022,47509533,,51
2022,47229323,,51
2022,47509534,,51
2022,47291200,,51
2022,47440467,,51
2022,47434373,,51
2022,47499571,,51
2022,47508073,,51
2022,47670370,,51
2022,47670371,,51
2022,47670372,,51
2022,47670373,,51
2022,47670374,,51
2022,47670375,,51
2022,47674866,,51
2022,47681602,,51
2022,47692855,,51
2022,47743427,,51
2022,47747318,,51
2022,47920435,,51
2022,47920436,,51
2022,48024552,,51
2022,48096312,,51
2022,48096313,,51
2022,48021806,,51
2022,48113472,,51
2022,48113474,,51
2022,48041240,,51
2022,48086627,,51
2022,48113475,,51
2022,48113476,,51
2022,48113477,,51
2022,48140379,,51
2022,48140380,,51
2022,48161591,,51
2022,48161592,,51
2022,48178134,,51
2022,48516094,,51
2022,48178135,,51
2022,48178136,,51
2022,48187500,,51
2022,48187501,,51
2022,48261301,,51
2022,48860780,,51
2022,48378383,,51
2022,48330688,,51
2022,48426889,,51
2022,48415652,,51
2022,48415653,,51
2022,48415654,,51
2022,48430646,,51
2022,48472580,,51
2022,48478289,,51
2022,48472582,,51
2022,48516095,,51
2022,48516096,,51
2022,48564902,,51
2022,48626247,,51
2022,48626248,,51
2022,48708136,,51
2022,48708137,,51
2022,48749412,,51
2022,48749413,,51
2022,48749414,,51
2022,48779685,,51
2022,48779686,,51
2022,48806435,,51
2022,48806436,,51
2022,48839390,,51
2022,48839391,,51
2022,48839392,,51
2022,48839393,,51
2022,48838766,,51
2022,48905548,,51
2022,48905549,,51
2022,48979298,,51
2022,48979299,,51
2022,48994370,,51
2022,49932858,,51
2022,49359767,,51
2022,49359768,,51
2022,49359769,,51
2022,49359770,,51
2022,49359771,,51
2022,49359772,,51
2022,49359773,,51
2022,50335607,,51
2022,49359774,,51
2022,49359775,,51
2022,49359777,,51
2022,49359778,,51
2022,49359779,,51
2022,49613626,,52
2022,49359780,,51
2022,51483340,,51
2022,49553637,,51
2022,49553065,,51
2022,49613991,,51
2022,49613992,,51
2022,49613993,,51
2022,49613994,,51
2022,49613995,,51
2022,49613996,,51
2022,49613997,,51
2022,49547840,,51
2022,49547841,,51
2022,49547842,,51
2022,49547843,,51
2022,49547844,,51
2022,49547845,,51
2022,49547846,,51
2022,49547847,,51
2022,49547849,,51
2022,49547850,,51
2022,45489132,,51
2022,45191166,,51
2022,45270542,,51
2022,45489133,,51
2022,45489134,,51
2022,46297049,,51
2022,45662941,,51
2022,46297530,,51
2022,45939113,,51
2022,45939114,,51
2022,46297531,,51
2022,45940848,,51
2022,46297532,,51
2022,45940849,,51
2022,46297533,,51
2022,46297534,,51
2022,46297535,,51
2022,46297537,,51
2022,46297538,,51
2022,46297539,,51
2022,46283803,,51
2022,46283804,,51
2022,46297540,,51
2022,46297541,,51
2022,46297050,,51
2022,46297542,,51
2022,46560321,,51
2022,46560322,,51
2022,46560323,,51
2022,46560324,,51
2022,46560325,,51
2022,46560326,,51
2022,46560327,,51
2022,46659069,,51
2022,46659070,,51
2022,46560328,,51
2022,46560329,,51
2022,46659071,,51
2022,46659072,,51
2022,46675502,,51
2022,46825477,,51
2022,46825478,,51
2022,46825479,,51
2022,46825480,,51
2022,46860587,,51
2022,46879955,,51
2022,47079633,,51
2022,47388113,,51
2022,51119738,,51
2022,48074257,,51
2022,48074258,,51
2022,48164001,,51
2022,48177400,,51
2022,48330690,,51
2022,48383577,,51
2022,48472583,,51
2022,48472584,,51
2022,48756815,,51
2022,48810603,,51
2022,48878623,,51
2022,49359884,,51
2022,49359885,,51
2022,49359886,,51
2022,49359887,,51
2022,49359888,,51
2022,49359889,,51
2022,49359890,,51
2022,49612797,,51
2022,49359891,,51
2022,49554812,,51
2022,49612798,,51
2022,49612799,,51
2022,49612800,,51
2022,44994537,,51
2022,45170341,,51
2022,45170342,,51
2022,45170343,,51
2022,45214263,,51
2022,45323151,,51
2022,45297137,,51
2022,45529403,,51
2022,45529404,,51
2022,45529405,,51
2022,45529406,,51
2022,45699852,,51
2022,46150831,,51
2022,46150832,,51
2022,46150833,,51
2022,46150834,,51
2022,46034054,,51
2022,46350170,,51
2022,46560900,,51
2022,46560901,,51
2022,46560902,,51
2022,46637417,,51
2022,46560903,,51
2022,46560904,,51
2022,46560905,,51
2022,46560906,,51
2022,46560907,,51
2022,46560908,,51
2022,46658040,,51
2022,46658041,,51
2022,46683232,,51
2022,46683233,,51
2022,46834254,,51
2022,46890440,,51
2022,47078013,,1
2022,47232458,,51
2022,47113877,,51
2022,47229324,,51
2022,47399943,,51
2022,47499572,,51
2022,47674867,,51
2022,47681603,,51
2022,47681604,,51
2022,48024553,,51
2022,48161593,,51
2022,48161594,,51
2022,48161595,,51
2022,48163108,,51
2022,48163109,,51
2022,48163110,,51
2022,48426890,,51
2022,48426891,,51
2022,48430647,,51
2022,48501949,,51
2022,48501950,,51
2022,48490921,,51
2022,48755533,,51
2022,48762419,,51
2022,49361107,,51
2022,49361108,,51
2022,49361109,,51
2022,49361110,,51
2022,49634466,,51
2022,46034061,,51
2022,45662942,,51
2022,46034064,,51
2022,46561891,,51
2022,46885825,,51
2022,48438227,,51
2022,49362937,,51
2022,48577695,,51
2022,49362938,,51
2022,50678343,,53
2022,50678344,,53
2022,49740478,,51
2022,49609654,,51
2022,49609902,,51
2022,50678345,,52
2022,49613998,,51
2022,45008201,,51
2022,45008202,,51
2022,45008203,,51
2022,45038953,,51
2022,45038954,,51
2022,45456017,,51
2022,45038955,,51
2022,45372298,,51
2022,45372299,,51
2022,45372300,,51
2022,45090378,,51
2022,45090379,,51
2022,45090380,,51
2022,45456018,,51
2022,45132713,,51
2022,45132715,,51
2022,45133719,,51
2022,45133720,,51
2022,45170344,,51
2022,45219122,,51
2022,45219123,,3
2022,45219124,,51
2022,45228099,,51
2022,45228100,,51
2022,45228102,,51
2022,45228103,,51
2022,45228105,,51
2022,45829635,,51
2022,45228109,,51
2022,45230866,,51
2022,45230867,,51
2022,45230868,,51
2022,45245585,,51
2022,45245586,,51
2022,45246821,,51
2022,45263028,,51
2022,45267615,,51
2022,45279573,,51
2022,45829636,,51
2022,45323152,,51
2022,45323787,,51
2022,45453253,,51
2022,45356024,,51
2022,45356029,,51
2022,45358720,,51
2022,45950918,,51
2022,45495510,,51
2022,45495511,,51
2022,45964541,,51
2022,45529409,,51
2022,45529410,,51
2022,45623052,,51
2022,45529411,,51
2022,45529412,,51
2022,45529413,,51
2022,45623053,,51
2022,45964542,,51
2022,45653973,,51
2022,45679546,,51
2022,45964543,,51
2022,45964544,,51
2022,45679547,,51
2022,45699853,,51
2022,45714326,,51
2022,45714327,,51
2022,45764388,,51
2022,45794776,,51
2022,45794777,,51
2022,45794778,,51
2022,45794779,,51
2022,45808220,,51
2022,45808221,,51
2022,45808222,,51
2022,45808225,,51
2022,45810020,,51
2022,45820205,,51
2022,45932503,,51
2022,45932506,,51
2022,45932507,,51
2022,45932508,,51
2022,45932510,,51
2022,46240146,,51
2022,46244958,,51
2022,46561977,,51
2022,46244959,,51
2022,46244960,,51
2022,46259315,,51
2022,46259316,,51
2022,46271509,,51
2022,46561978,,51
2022,46683274,,51
2022,46275384,,51
2022,46275386,,51
2022,46276721,,51
2022,46561979,,51
2022,46280959,,51
2022,46280960,,51
2022,46280961,,51
2022,46282381,,51
2022,46282728,,51
2022,46282729,,51
2022,46286638,,51
2022,46287557,,51
2022,46289701,,51
2022,46293128,,51
2022,46294722,,51
2022,46297051,,51
2022,46297052,,51
2022,46307090,,51
2022,46321895,,51
2022,46321896,,51
2022,46321897,,51
2022,46321898,,3
2022,46321899,,51
2022,46321900,,51
2022,46323842,,51
2022,46561980,,51
2022,46561981,,51
2022,46286639,,51
2022,46286640,,51
2022,46286641,,51
2022,46561982,,51
2022,46561983,,51
2022,46286241,,51
2022,46561984,,51
2022,46561985,,51
2022,46561986,,51
2022,46561987,,51
2022,46561988,,51
2022,46561989,,51
2022,46561990,,51
2022,46561991,,3
2022,46561992,,51
2022,46561993,,51
2022,48751228,,51
2022,46561994,,51
2022,46561995,,51
2022,46561996,,51
2022,46561997,,51
2022,46561998,,51
2022,46561999,,51
2022,46562000,,51
2022,46562001,,51
2022,46562002,,51
2022,46562003,,51
2022,46562004,,3
2022,46562005,,51
2022,46562006,,51
2022,46562007,,51
2022,46562008,,51
2022,46562009,,51
2022,46562010,,51
2022,46573648,,51
2022,46573649,,51
2022,46574338,,51
2022,46609994,,51
2022,46609995,,51
2022,46574339,,51
2022,46574340,,51
2022,46609996,,51
2022,46616772,,51
2022,46620811,,51
2022,46620813,,51
2022,46640297,,51
2022,46640298,,51
2022,46683275,,51
2022,46637516,,51
2022,46637519,,51
2022,46658068,,51
2022,46675573,,51
2022,46675574,,51
2022,46675575,,51
2022,46675576,,51
2022,46697074,,51
2022,46697075,,51
2022,46697076,,51
2022,46697077,,51
2022,47093835,,51
2022,46885826,,51
2022,46885827,,51
2022,46885828,,51
2022,46629725,,51
2022,46881933,,51
2022,46881934,,51
2022,46886726,,51
2022,46889888,,51
2022,46890441,,51
2022,46890442,,51
2022,48041241,,51
2022,46915162,,51
2022,46915163,,51
2022,46915164,,51
2022,46927871,,51
2022,46927872,,51
2022,46927873,,51
2022,46933220,,51
2022,46933221,,51
2022,46933222,,51
2022,46937921,,51
2022,46937922,,51
2022,46954634,,51
2022,46957220,,51
2022,46970221,,51
2022,46958043,,51
2022,46958044,,51
2022,46958045,,51
2022,46958046,,51
2022,46977922,,51
2022,47078014,,51
2022,46977923,,51
2022,47508074,,51
2022,46982205,,51
2022,46985401,,51
2022,46991905,,51
2022,47009787,,51
2022,47009788,,51
2022,47009789,,51
2022,47009790,,51
2022,47009791,,51
2022,47011731,,51
2022,47011732,,51
2022,47011733,,51
2022,47011734,,51
2022,47011735,,51
2022,47011736,,51
2022,47038058,,51
2022,47078015,,51
2022,47078016,,51
2022,47078017,,51
2022,47078018,,51
2022,48366114,,51
2022,47113878,,51
2022,47159248,,3
2022,47161451,,51
2022,47161452,,51
2022,47194053,,51
2022,47194054,,51
2022,47195393,,51
2022,46982206,,51
2022,47229325,,51
2022,47229326,,51
2022,47229327,,51
2022,47261719,,51
2022,47261720,,51
2022,47266309,,52
2022,47266310,,51
2022,47266311,,51
2022,47280231,,51
2022,47280232,,51
2022,47280235,,51
2022,47291201,,3
2022,47304077,,51
2022,47307311,,51
2022,47307312,,51
2022,47307313,,51
2022,47317559,,51
2022,47319982,,51
2022,47341000,,51
2022,47341001,,51
2022,47341002,,51
2022,47341003,,51
2022,47345792,,51
2022,47345793,,51
2022,47345794,,51
2022,47345795,,51
2022,47376643,,51
2022,47376645,,51
2022,47395399,,51
2022,47399944,,51
2022,47405667,,51
2022,47405668,,51
2022,47414544,,51
2022,48905550,,51
2022,48905551,,51
2022,47434374,,51
2022,47261721,,51
2022,47440468,,51
2022,47499573,,51
2022,47499575,,51
2022,47317560,,51
2022,47508077,,51
2022,47511713,,51
2022,47513183,,51
2022,47599979,,51
2022,47599980,,51
2022,47599981,,51
2022,47599982,,51
2022,47616011,,51
2022,47341004,,51
2022,47619279,,51
2022,47619280,,51
2022,47646300,,51
2022,47660869,,51
2022,47670376,,51
2022,47670377,,51
2022,47670378,,51
2022,47670379,,51
2022,47670380,,51
2022,47670381,,51
2022,47670382,,51
2022,47670383,,51
2022,47670384,,51
2022,47674868,,51
2022,47675710,,51
2022,47675711,,51
2022,47685125,,51
2022,47685126,,51
2022,47685127,,51
2022,47692856,,51
2022,47697387,,51
2022,47697392,,51
2022,47806744,,51
2022,47814905,,51
2022,47834473,,51
2022,47834474,,51
2022,47834475,,51
2022,47834476,,51
2022,48041242,,51
2022,47834931,,51
2022,47834932,,51
2022,47841711,,51
2022,47841712,,51
2022,47841713,,51
2022,48041243,,3
2022,48041244,,3
2022,48041245,,3
2022,47841714,,51
2022,47841715,,51
2022,47847295,,51
2022,48021807,,51
2022,48024555,,51
2022,48024556,,51
2022,48024557,,51
2022,48024558,,51
2022,48045644,,51
2022,48028149,,51
2022,48028150,,51
2022,48045645,,51
2022,48045646,,51
2022,48048401,,51
2022,48096314,,51
2022,48096315,,51
2022,48096316,,51
2022,48096317,,51
2022,48099111,,51
2022,48099112,,51
2022,48099113,,51
2022,48099122,,51
2022,48099125,,51
2022,48099126,,51
2022,48102117,,51
2022,48102118,,51
2022,48113478,,51
2022,48122872,,51
2022,48122873,,51
2022,48134807,,51
2022,48143056,,51
2022,48143057,,51
2022,48143058,,3
2022,48143059,,51
2022,48143060,,51
2022,48144194,,51
2022,48151546,,51
2022,48156350,,3
2022,48163111,,51
2022,48167140,,51
2022,48167141,,51
2022,48187502,,51
2022,48187503,,51
2022,48188354,,51
2022,48261302,,51
2022,48261303,,51
2022,48751229,,51
2022,48751230,,51
2022,48274586,,51
2022,48274587,,51
2022,48280564,,51
2022,48308062,,51
2022,48330703,,51
2022,48330705,,51
2022,48331404,,51
2022,48331407,,51
2022,48331408,,51
2022,48331409,,51
2022,48331410,,51
2022,48346704,,51
2022,48346705,,51
2022,48348613,,51
2022,48348614,,51
2022,48348615,,51
2022,48348616,,51
2022,48378384,,51
2022,48378385,,51
2022,48379038,,51
2022,48379039,,51
2022,48379040,,51
2022,48383578,,51
2022,48415656,,51
2022,48437579,,51
2022,48426892,,51
2022,48749415,,51
2022,48437580,,51
2022,48437581,,51
2022,48437582,,51
2022,49632896,,51
2022,49632897,,51
2022,48438228,,51
2022,48438229,,51
2022,48456098,,51
2022,48457345,,51
2022,48457346,,51
2022,48478290,,51
2022,48478291,,51
2022,48490922,,51
2022,48491860,,51
2022,48490923,,51
2022,48490924,,51
2022,48490925,,51
2022,48505889,,51
2022,48505890,,51
2022,48505891,,51
2022,48507414,,51
2022,48538916,,51
2022,48564903,,51
2022,48564904,,51
2022,48571304,,51
2022,48577006,,51
2022,48577007,,51
2022,48577008,,51
2022,48577696,,51
2022,48577697,,51
2022,48577698,,51
2022,48581883,,51
2022,48581884,,51
2022,48581885,,51
2022,48581886,,51
2022,48581888,,51
2022,48626249,,51
2022,48626250,,51
2022,48626251,,51
2022,48626252,,51
2022,48626253,,51
2022,48626254,,51
2022,48647448,,51
2022,48647451,,51
2022,48647452,,51
2022,48751231,,3
2022,48741085,,51
2022,48741892,,51
2022,48749416,,51
2022,48741086,,51
2022,48741087,,51
2022,48741088,,51
2022,48741089,,51
2022,48741090,,51
2022,48741091,,51
2022,48741893,,51
2022,48647453,,51
2022,48741894,,51
2022,48744608,,51
2022,48744609,,51
2022,48749417,,51
2022,48749418,,51
2022,48749419,,51
2022,48749420,,51
2022,48756375,,51
2022,48756376,,51
2022,48756377,,51
2022,48762420,,51
2022,48762421,,51
2022,48762422,,51
2022,48779687,,51
2022,48795176,,52
2022,48806437,,51
2022,48806438,,51
2022,48538917,,51
2022,48809191,,52
2022,48809192,,51
2022,48809193,,51
2022,48564905,,51
2022,48812745,,51
2022,48979300,,51
2022,48812746,,51
2022,48812747,,51
2022,48813263,,51
2022,48813264,,51
2022,48828517,,51
2022,48828518,,51
2022,48828519,,51
2022,48838767,,51
2022,48838768,,51
2022,48895113,,51
2022,48905555,,51
2022,48931823,,51
2022,48931824,,51
2022,48942303,,51
2022,48979301,,51
2022,48979302,,51
2022,48979303,,51
2022,49363150,,51
2022,49363151,,51
2022,49363152,,51
2022,49363153,,51
2022,49363154,,51
2022,49363155,,51
2022,49363156,,51
2022,49363157,,51
2022,49363158,,51
2022,49363159,,51
2022,49363160,,51
2022,49363161,,51
2022,49363162,,51
2022,49363163,,51
2022,49363164,,51
2022,49363165,,51
2022,49363166,,51
2022,49363167,,51
2022,49363168,,51
2022,49363169,,51
2022,49363170,,51
2022,49363171,,51
2022,49463401,,51
2022,49463402,,51
2022,49363174,,51
2022,49363175,,51
2022,49363176,,51
2022,49363177,,51
2022,49363178,,51
2022,49363179,,51
2022,49363180,,51
2022,49363181,,51
2022,49363182,,51
2022,49363183,,51
2022,49363184,,51
2022,49363185,,51
2022,49363186,,51
2022,49363187,,51
2022,50088031,,51
2022,49363188,,51
2022,49363189,,51
2022,49363190,,51
2022,49363191,,51
2022,49363192,,51
2022,49363193,,51
2022,49363194,,51
2022,49363195,,51
2022,49363196,,51
2022,49363197,,51
2022,49363198,,51
2022,49363199,,51
2022,49363200,,51
2022,49363201,,51
2022,49363202,,51
2022,49363203,,51
2022,49363204,,51
2022,49363205,,51
2022,49363206,,51
2022,49363207,,51
2022,49363208,,51
2022,49363209,,51
2022,49363210,,51
2022,49363211,,51
2022,49363212,,51
2022,51479017,,51
2022,49685635,,51
2022,49363214,,51
2022,49363215,,51
2022,49363216,,51
2022,49363217,,51
2022,49363218,,51
2022,49363219,,51
2022,50088032,,51
2022,49558209,,51
2022,49588335,,51
2022,49588336,,51
2022,49588337,,51
2022,49605567,,51
2022,49605568,,51
2022,49607619,,51
2022,49607620,,51
2022,49607621,,51
2022,49607622,,51
2022,49609655,,51
2022,49609656,,51
2022,49626652,,51
2022,49632898,,51
2022,49632899,,51
2022,49634467,,51
2022,49634468,,51
2022,49634469,,51
2022,49666600,,51
2022,49666601,,51
2022,49685636,,51
2022,49592785,,51
2022,49592786,,51
2022,49592787,,51
2022,49592788,,51
2022,49592789,,51
2022,49888825,,51
2022,49766734,,51
2022,49766735,,51
2022,49766736,,51
2022,49766737,,51
2022,49790665,,51
2022,49790666,,51
2022,49809319,,51
2022,49827901,,51
2022,49834550,,51
2022,49836757,,51
2022,49836758,,51
2022,49885350,,51
2022,49885351,,51
2022,49888826,,51
2022,49888827,,51
2022,46252041,,51
2022,46252042,,51
2022,45453254,,51
2022,45453255,,51
2022,45453256,,51
2022,45453257,,51
2022,45560234,,51
2022,45560235,,51
2022,46271511,,51
2022,46272153,,51
2022,46766089,,51
2022,47841716,,51
2022,47847296,,51
2022,48828520,,51
2022,49740479,,7
2022,49740480,,51
2022,49977859,,51
2022,50013432,,51
2022,50013433,,51
2022,50019362,,51
2022,50044006,,51
2022,50044007,,51
2022,50044008,,51
2022,50623477,,51
2022,50623478,,51
2022,50623479,,51
2022,50633252,,51
2022,50633253,,51
2022,50667556,,51
2022,50761963,,51
2022,50761964,,51
2022,50935497,,51
2022,45939116,,51
2022,45950919,,52
2022,45950920,,51
2022,45999767,,51
2022,46034067,,51
2022,46034069,,51
2022,50017437,,51
2022,48795177,,51
2022,48795178,,51
2022,48795179,,51
2022,48795180,,51
2022,49363314,,51
2022,49363315,,51
2022,49969249,,51
2022,49969250,,51
2022,49969251,,51
2022,45509314,,51
2022,45509315,,51
2022,45509316,,51
2022,45509317,,51
2022,45699854,,51
2022,45950921,,51
2022,46240147,,51
2022,46297053,,51
2022,46297543,,51
2022,46562545,,51
2022,46868716,,51
2022,46958047,,51
2022,46958048,,51
2022,47161453,,51
2022,47161455,,51
2022,47280242,,51
2022,47216227,,51
2022,47293292,,51
2022,47616012,,51
2022,47616013,,51
2022,47616014,,51
2022,47995530,,51
2022,47991594,,51
2022,48113479,,51
2022,48113480,,51
2022,48113481,,51
2022,48348617,,51
2022,48348618,,51
2022,48438230,,51
2022,48348619,,52
2022,48438231,,51
2022,48505893,,51
2022,48756378,,51
2022,48779688,,51
2022,49364224,,51
2022,49364225,,51
2022,49364226,,51
2022,49364227,,51
2022,49364228,,51
2022,49364229,,51
2022,49364230,,51
2022,49685637,,51
2022,45510937,,51
2022,45536365,,51
2022,49364277,,51
2022,44957952,,51
2022,45233165,,51
2022,45233166,,51
2022,45233167,,51
2022,46562559,,51
2022,45030662,,51
2022,45039538,,51
2022,45133974,,52
2022,45133975,,51
2022,45174447,,51
2022,46562560,,51
2022,45880044,,51
2022,45265333,,51
2022,45133977,,51
2022,45813303,,51
2022,45979973,,51
2022,45297140,,51
2022,45215762,,51
2022,48147718,,51
2022,45223406,,51
2022,46277203,,51
2022,49364278,,51
2022,48147720,,51
2022,45228968,,51
2022,45265334,,51
2022,45265335,,51
2022,45265336,,51
2022,45268408,,51
2022,46244992,,51
2022,45489139,,51
2022,45659238,,51
2022,45509318,,51
2022,45297142,,52
2022,45519620,,51
2022,45679548,,51
2022,46562562,,51
2022,45497795,,51
2022,45536366,,51
2022,45659239,,51
2022,45659240,,51
2022,49364279,,51
2022,45491507,,51
2022,46277824,,51
2022,45536367,,51
2022,45458922,,51
2022,45662597,,51
2022,48030047,,51
2022,45497797,,51
2022,45950924,,51
2022,49627959,,51
2022,46277204,,51
2022,45529416,,51
2022,45659241,,51
2022,47795398,,51
2022,47795399,,51
2022,45564177,,51
2022,45841172,,51
2022,46034074,,51
2022,50379210,,51
2022,50379211,,51
2022,50379212,,51
2022,45659242,,51
2022,49364280,,51
2022,47261722,,51
2022,46244993,,51
2022,45680995,,51
2022,48796258,,51
2022,46265265,,51
2022,48147722,,51
2022,46628812,,51
2022,45979974,,51
2022,45765564,,51
2022,46638964,,51
2022,45727279,,51
2022,46243213,,51
2022,47085390,,51
2022,45812972,,51
2022,46163653,,51
2022,48013394,,51
2022,48013395,,51
2022,46251511,,51
2022,45826852,,51
2022,46244994,,51
2022,45979977,,51
2022,45979978,,51
2022,45979979,,51
2022,45940851,,51
2022,45940852,,51
2022,50002691,,51
2022,46243214,,51
2022,46352027,,51
2022,46291079,,51
2022,46637554,,51
2022,46055383,,51
2022,46562564,,51
2022,46311429,,51
2022,46055384,,51
2022,46243216,,51
2022,46243217,,51
2022,46277205,,51
2022,46288010,,51
2022,46283806,,51
2022,47514949,,51
2022,46265266,,51
2022,46562566,,51
2022,46562567,,51
2022,46282265,,51
2022,46282737,,51
2022,46928465,,51
2022,47233269,,51
2022,46562568,,51
2022,48878624,,51
2022,46637556,,51
2022,46562569,,51
2022,50757348,,51
2022,50757349,,51
2022,46587466,,51
2022,46352028,,51
2022,49364281,,51
2022,46749845,,51
2022,46297912,,51
2022,48574526,,51
2022,46637558,,51
2022,46562572,,51
2022,46324965,,51
2022,46324966,,51
2022,49364282,,51
2022,46562573,,51
2022,46562574,,51
2022,46562575,,51
2022,46562576,,51
2022,46562577,,51
2022,49637991,,51
2022,46869648,,51
2022,46587467,,51
2022,49632901,,51
2022,46562581,,51
2022,46562582,,51
2022,49364283,,51
2022,46562583,,51
2022,46872864,,51
2022,49364285,,51
2022,46562586,,51
2022,46562587,,51
2022,46562588,,51
2022,46562589,,51
2022,46562590,,51
2022,46620845,,51
2022,46562591,,51
2022,46699401,,51
2022,46562593,,51
2022,46562594,,51
2022,46748627,,51
2022,46562595,,51
2022,50220160,,51
2022,46628818,,51
2022,48902072,,51
2022,48902073,,51
2022,48902074,,51
2022,46562596,,51
2022,46592013,,51
2022,46592014,,51
2022,46562599,,52
2022,46562600,,51
2022,46562601,,51
2022,47685128,,52
2022,46562602,,51
2022,46699402,,51
2022,46769365,,51
2022,46562717,,51
2022,46664210,,51
2022,46615313,,51
2022,46699403,,51
2022,47393498,,51
2022,47393499,,51
2022,48905567,,51
2022,46915925,,51
2022,51030125,,51
2022,46749846,,51
2022,47261723,,51
2022,47261724,,51
2022,46749847,,51
2022,46684560,,51
2022,46684561,,51
2022,46684563,,51
2022,46908725,,51
2022,46825714,,51
2022,48898839,,51
2022,47304078,,51
2022,49364286,,51
2022,47772300,,51
2022,49364287,,52
2022,51097048,,51
2022,51097049,,51
2022,50068238,,51
2022,46835171,,51
2022,46835172,,51
2022,49364288,,51
2022,49364289,,51
2022,49364290,,51
2022,46928466,,51
2022,46928467,,51
2022,46928468,,51
2022,49364291,,51
2022,46915926,,52
2022,47676989,,51
2022,46915927,,51
2022,47746369,,51
2022,47746370,,51
2022,47795400,,51
2022,47795401,,51
2022,47795402,,51
2022,48898840,,51
2022,46939135,,51
2022,47602862,,51
2022,46979832,,51
2022,47997615,,51
2022,46928472,,51
2022,46955262,,51
2022,46982229,,51
2022,46996033,,3
2022,46996034,,3
2022,49797119,,7
2022,46939136,,51
2022,47017667,,51
2022,49797120,,51
2022,49364292,,51
2022,48917659,,51
2022,46979833,,51
2022,46979834,,52
2022,47289379,,51
2022,47175366,,51
2022,48044222,,51
2022,48044223,,51
2022,48044224,,51
2022,48044225,,51
2022,47772301,,51
2022,49364293,,52
2022,47717519,,51
2022,47717520,,51
2022,49627960,,51
2022,47085392,,51
2022,47085393,,51
2022,47168710,,51
2022,47302350,,51
2022,49954483,,51
2022,49364294,,51
2022,47795404,,51
2022,47795405,,51
2022,47328323,,51
2022,47328324,,51
2022,47328325,,51
2022,47328326,,51
2022,48905585,,51
2022,47271787,,51
2022,48049927,,3
2022,48657664,,51
2022,48367416,,51
2022,47289381,,51
2022,47289382,,51
2022,47331338,,51
2022,47560927,,51
2022,49364295,,51
2022,47676991,,51
2022,47353316,,51
2022,47443423,,51
2022,47647409,,51
2022,47647410,,51
2022,47647411,,51
2022,47717521,,51
2022,48189559,,51
2022,47674870,,51
2022,47645150,,51
2022,47645151,,51
2022,47685808,,51
2022,47647412,,51
2022,47685809,,51
2022,47647413,,51
2022,48310166,,51
2022,47671276,,51
2022,47565910,,51
2022,49632902,,51
2022,48074081,,51
2022,47514952,,52
2022,48587524,,51
2022,47662064,,51
2022,47772302,,51
2022,47597118,,51
2022,47665726,,51
2022,47834477,,51
2022,48100609,,51
2022,47699614,,51
2022,47647415,,51
2022,49364817,,51
2022,47746371,,51
2022,47843941,,51
2022,47843942,,51
2022,47692857,,51
2022,47671279,,51
2022,49364296,,51
2022,47671281,,52
2022,47866829,,51
2022,47719323,,51
2022,47719324,,51
2022,47772305,,51
2022,48310167,,51
2022,47814907,,52
2022,47814908,,52
2022,47783091,,51
2022,47961802,,51
2022,48026438,,52
2022,48026439,,51
2022,49364297,,51
2022,48163113,,51
2022,47850474,,51
2022,48013396,,51
2022,48049928,,51
2022,49632903,,51
2022,49632904,,51
2022,50119079,,51
2022,50119080,,51
2022,48272214,,51
2022,49632905,,51
2022,49364298,,51
2022,48013399,,51
2022,49364299,,51
2022,49364300,,51
2022,48114768,,52
2022,48114769,,51
2022,48140214,,51
2022,48164722,,51
2022,48026444,,51
2022,48164723,,51
2022,48332594,,51
2022,48332595,,51
2022,50716673,,51
2022,50716674,,51
2022,48657665,,51
2022,48657666,,51
2022,48657667,,51
2022,50026318,,51
2022,48088404,,51
2022,48158277,,51
2022,48088405,,51
2022,48310168,,51
2022,48830864,,51
2022,48114771,,51
2022,48383579,,51
2022,48180192,,51
2022,49364301,,51
2022,49364302,,51
2022,48367417,,51
2022,48180193,,51
2022,50477283,,51
2022,49364303,,51
2022,49364304,,51
2022,48310170,,51
2022,48313445,,52
2022,49364305,,51
2022,49364306,,51
2022,48762872,,51
2022,49632907,,51
2022,48314541,,51
2022,48180197,,51
2022,49364307,,51
2022,48314542,,51
2022,48310171,,51
2022,48366116,,51
2022,48657668,,51
2022,48657669,,51
2022,49364308,,51
2022,49364309,,53
2022,48380902,,51
2022,48538918,,51
2022,48350695,,51
2022,49892345,,51
2022,48385474,,51
2022,49364310,,51
2022,49364311,,51
2022,48458511,,51
2022,48574530,,51
2022,48902075,,51
2022,48745032,,51
2022,48745033,,51
2022,48745034,,51
2022,48745035,,51
2022,49466433,,51
2022,48710633,,51
2022,48574532,,51
2022,48517626,,51
2022,48517627,,51
2022,48592359,,51
2022,48574533,,51
2022,48515692,,51
2022,48830865,,51
2022,49364312,,53
2022,49364313,,51
2022,48745036,,51
2022,48578419,,51
2022,48587528,,51
2022,49364314,,51
2022,50636978,,51
2022,49797121,,51
2022,48657671,,51
2022,48762873,,51
2022,48762874,,51
2022,48752412,,51
2022,49364315,,51
2022,48758116,,53
2022,49973636,,51
2022,48815204,,51
2022,48758118,,51
2022,48760881,,51
2022,50268288,,51
2022,49364317,,51
2022,48762875,,51
2022,49364318,,51
2022,48764251,,51
2022,50781222,,51
2022,50781223,,51
2022,48796259,,51
2022,50268289,,51
2022,50268290,,51
2022,48878626,,51
2022,48878627,,51
2022,48815206,,51
2022,48835036,,51
2022,50026319,,51
2022,49364321,,51
2022,48917660,,51
2022,49364322,,9
2022,50119081,,51
2022,49364324,,51
2022,49364325,,51
2022,49364326,,51
2022,49898836,,51
2022,49364327,,51
2022,49364328,,51
2022,49364329,,52
2022,49364330,,51
2022,49364331,,51
2022,49977891,,51
2022,49364332,,51
2022,49364333,,51
2022,49364334,,51
2022,50002692,,51
2022,49364336,,52
2022,50075304,,51
2022,49364338,,51
2022,49364339,,51
2022,49364340,,51
2022,49364341,,51
2022,51357018,,51
2022,49364342,,51
2022,49364343,,51
2022,50506372,,51
2022,50506373,,51
2022,49364346,,51
2022,49364347,,51
2022,49364348,,51
2022,49364349,,51
2022,49364350,,51
2022,49364351,,51
2022,49364352,,51
2022,49364353,,51
2022,49364354,,51
2022,49364355,,51
2022,49364356,,51
2022,49554813,,52
2022,49364357,,51
2022,51051005,,51
2022,49364359,,51
2022,49772253,,51
2022,50002693,,51
2022,49364362,,52
2022,50694179,,51
2022,49364363,,51
2022,50243029,,51
2022,49364365,,51
2022,49364366,,51
2022,49593959,,51
2022,49593960,,51
2022,49554814,,51
2022,49364369,,51
2022,50002694,,51
2022,49464633,,51
2022,49593961,,51
2022,49364372,,51
2022,49364373,,51
2022,50015685,,3
2022,49364374,,51
2022,49364375,,51
2022,49614325,,51
2022,49549390,,51
2022,49549391,,51
2022,49613627,,51
2022,49364378,,51
2022,50689493,,51
2022,49549393,,51
2022,50694180,,51
2022,50694181,,51
2022,49559057,,51
2022,49772254,,51
2022,49772255,,51
2022,49466437,,51
2022,49466438,,51
2022,51119739,,51
2022,49549394,,51
2022,50716675,,51
2022,49637995,,51
2022,49554817,,51
2022,49560745,,51
2022,49637996,,51
2022,49580020,,51
2022,49559059,,51
2022,49608615,,51
2022,49608616,,51
2022,49562947,,51
2022,50857306,,51
2022,49580021,,51
2022,49892346,,51
2022,51205398,,51
2022,51205399,,51
2022,50519313,,51
2022,50519314,,51
2022,49740481,,51
2022,50400906,,51
2022,49613449,,51
2022,49689273,,51
2022,45327002,,51
2022,45445677,,51
2022,45445678,,51
2022,45932516,,51
2022,45962672,,51
2022,45808227,,51
2022,45962673,,52
2022,46562607,,51
2022,46562608,,51
2022,46562609,,51
2022,46627595,,51
2022,46627596,,51
2022,46620848,,4
2022,46627597,,51
2022,46957221,,51
2022,46957222,,51
2022,47449601,,51
2022,47449602,,51
2022,47449605,,51
2022,47583534,,51
2022,47583535,,51
2022,47596342,,51
2022,47747319,,51
2022,47748822,,51
2022,47748823,,52
2022,47748824,,51
2022,47745418,,51
2022,48156354,,51
2022,48156356,,51
2022,48156357,,51
2022,48161596,,51
2022,48161597,,51
2022,48140608,,51
2022,48577009,,51
2022,48516097,,51
2022,48577010,,51
2022,48516098,,51
2022,48577011,,51
2022,48516519,,51
2022,49364422,,51
2022,49364423,,51
2022,49364424,,51
2022,49364425,,51
2022,49613999,,51
2022,49828509,,51
2022,49740482,,51
2022,49932880,,51
2022,49932881,,51
2022,49932882,,51
2022,45323154,,51
2022,45323155,,51
2022,45323156,,51
2022,45343477,,51
2022,46297544,,51
2022,46297545,,51
2022,46285921,,51
2022,46615317,,51
2022,46615318,,51
2022,46749848,,51
2022,46749849,,51
2022,46749850,,51
2022,46749851,,51
2022,46928172,,51
2022,46928173,,51
2022,46928174,,51
2022,47449610,,51
2022,47449613,,51
2022,47449615,,51
2022,47565799,,51
2022,47393500,,51
2022,47565800,,51
2022,47621236,,51
2022,47841717,,51
2022,47841718,,51
2022,47841719,,51
2022,47841720,,51
2022,48136490,,51
2022,48136491,,51
2022,48135740,,51
2022,48135741,,51
2022,48135742,,51
2022,48313748,,51
2022,48744610,,51
2022,48744611,,51
2022,48763889,,51
2022,48764252,,51
2022,48916101,,51
2022,49364519,,51
2022,49364520,,51
2022,49364521,,51
2022,49364522,,51
2022,49593611,,51
2022,46872456,,51
2022,46872457,,51
2022,46872458,,51
2022,47995531,,51
2022,46872459,,51
2022,46872460,,51
2022,46872495,,51
2022,46872496,,51
2022,46872497,,51
2022,46872499,,51
2022,46872500,,51
2022,46872501,,51
2022,46872502,,51
2022,46872503,,52
2022,46872504,,51
2022,46872506,,51
2022,46872507,,51
2022,46872508,,51
2022,46872509,,51
2022,46872510,,51
2022,46872511,,51
2022,46872512,,51
2022,46872513,,51
2022,46872514,,51
2022,46872515,,51
2022,46872516,,51
2022,46872517,,51
2022,46872518,,51
2022,50868537,,51
2022,46872519,,51
2022,46872520,,51
2022,46872521,,51
2022,46872522,,51
2022,46872523,,51
2022,46872524,,51
2022,46872525,,51
2022,46872526,,51
2022,46872527,,52
2022,46872528,,51
2022,46872529,,51
2022,46872530,,51
2022,46872531,,51
2022,46872532,,7
2022,46872533,,51
2022,46872534,,51
2022,46872535,,51
2022,46872536,,51
2022,46872537,,51
2022,46872538,,51
2022,46872539,,51
2022,46872540,,51
2022,46872541,,51
2022,46872542,,51
2022,46872543,,51
2022,46872544,,51
2022,46872545,,51
2022,46872546,,51
2022,46872547,,51
2022,46872548,,51
2022,46872549,,51
2022,46872550,,51
2022,46872551,,51
2022,46872552,,51
2022,46872553,,51
2022,46872554,,51
2022,46872555,,51
2022,46872556,,51
2022,46872557,,51
2022,46872558,,51
2022,46872559,,51
2022,46872560,,51
2022,46872561,,51
2022,46872562,,51
2022,46872563,,51
2022,46872564,,51
2022,46872565,,51
2022,46872566,,51
2022,46872567,,51
2022,46872568,,51
2022,46872569,,51
2022,46872570,,51
2022,46872571,,51
2022,46927874,,51
2022,46927875,,52
2022,46927876,,51
2022,46954635,,51
2022,46927878,,51
2022,46927879,,51
2022,46954976,,51
2022,47499576,,51
2022,47499577,,51
2022,47499578,,51
2022,47499579,,51
2022,47499580,,51
2022,47499581,,51
2022,46957223,,51
2022,46967334,,51
2022,46967335,,51
2022,47093836,,51
2022,47216229,,51
2022,47081361,,51
2022,47081362,,51
2022,47232461,,51
2022,47232462,,51
2022,47081363,,51
2022,47081364,,51
2022,47081365,,51
2022,47081366,,51
2022,47081367,,51
2022,47081368,,51
2022,47081369,,51
2022,47081370,,51
2022,47081371,,51
2022,47232463,,51
2022,47232464,,51
2022,47216230,,51
2022,47232465,,51
2022,47232466,,51
2022,47232467,,51
2022,47232468,,51
2022,47280244,,51
2022,47280245,,51
2022,47280246,,51
2022,47319983,,51
2022,47511714,,51
2022,47511715,,51
2022,47280248,,51
2022,47319984,,51
2022,47414545,,51
2022,47428624,,51
2022,47319985,,51
2022,47319986,,51
2022,47781579,,51
2022,47405669,,51
2022,47405670,,51
2022,47319987,,51
2022,50961786,,51
2022,47449700,,51
2022,47449701,,51
2022,47414546,,51
2022,47414547,,51
2022,47414548,,51
2022,47414549,,51
2022,47449709,,51
2022,47449711,,51
2022,47665978,,51
2022,47665979,,51
2022,47554603,,51
2022,47559925,,51
2022,47596343,,52
2022,47596344,,51
2022,47665980,,51
2022,47665981,,51
2022,47670385,,7
2022,47674871,,51
2022,47670386,,51
2022,47852268,,51
2022,48144201,,51
2022,48144202,,51
2022,48144203,,51
2022,47852269,,51
2022,47864978,,51
2022,47864979,,52
2022,47864980,,51
2022,47852270,,51
2022,47852271,,51
2022,47852272,,51
2022,47852273,,51
2022,48261304,,51
2022,48151551,,51
2022,48144204,,51
2022,48144205,,51
2022,48144206,,51
2022,48144207,,51
2022,48144208,,51
2022,48144209,,51
2022,48144210,,51
2022,48144211,,51
2022,48144212,,51
2022,48156358,,51
2022,48161598,,51
2022,48144213,,51
2022,48144214,,51
2022,48144215,,51
2022,50717850,,51
2022,48143061,,51
2022,48143062,,51
2022,48143063,,51
2022,48143064,,51
2022,50868538,,51
2022,50868539,,51
2022,50868540,,51
2022,48161599,,51
2022,48161600,,51
2022,48178137,,51
2022,48330710,,51
2022,48330712,,51
2022,48330714,,51
2022,48331411,,51
2022,48346706,,51
2022,48346707,,51
2022,48346708,,51
2022,48378386,,51
2022,48415661,,51
2022,48415663,,51
2022,48430648,,51
2022,48437587,,51
2022,48437588,,51
2022,48505894,,51
2022,48490926,,51
2022,48505895,,51
2022,48505896,,51
2022,50871612,,51
2022,48779689,,51
2022,48779690,,51
2022,48538919,,51
2022,48749421,,51
2022,48749422,,52
2022,48749423,,51
2022,48749424,,51
2022,48749425,,51
2022,48779691,,51
2022,48812748,,51
2022,48828521,,51
2022,50868541,,51
2022,48828522,,51
2022,48828523,,51
2022,48828524,,51
2022,48838771,,51
2022,48838772,,51
2022,48905587,,51
2022,48931825,,51
2022,48931826,,51
2022,48979304,,51
2022,48979305,,51
2022,49363269,,51
2022,49363270,,51
2022,49363271,,51
2022,49363272,,51
2022,49363273,,51
2022,49363274,,51
2022,49363275,,51
2022,49363276,,51
2022,49363277,,51
2022,49363278,,51
2022,49548895,,51
2022,49548896,,51
2022,49548897,,51
2022,49548898,,51
2022,50871613,,51
2022,49563344,,51
2022,49563345,,51
2022,49563346,,51
2022,49634470,,51
2022,49634471,,51
2022,49740483,,51
2022,49740484,,51
2022,49766044,,51
2022,49766738,,51
2022,49766739,,51
2022,49766740,,51
2022,50044009,,7
2022,46977924,,51
2022,46977925,,51
2022,47596345,,51
2022,47009792,,51
2022,47011737,,51
2022,47011738,,51
2022,47009793,,3
2022,47011739,,51
2022,47078019,,3
2022,47078020,,3
2022,47078021,,51
2022,47078022,,51
2022,47078023,,51
2022,47078024,,51
2022,47078025,,51
2022,47078026,,51
2022,47079634,,51
2022,47083785,,51
2022,47083786,,51
2022,47083787,,51
2022,47083788,,51
2022,47083790,,51
2022,47083793,,51
2022,47093837,,51
2022,47093838,,51
2022,47113881,,51
2022,47113882,,51
2022,47113883,,51
2022,47113884,,51
2022,51199157,,51
2022,47113886,,51
2022,47113887,,51
2022,47121846,,51
2022,47121847,,51
2022,47121848,,51
2022,47121849,,51
2022,47596346,,51
2022,47596347,,51
2022,47596348,,51
2022,47596349,,51
2022,47596350,,51
2022,47596351,,51
2022,47596352,,51
2022,47645152,,51
2022,47645153,,51
2022,47645154,,51
2022,47646301,,51
2022,47646302,,51
2022,47646303,,51
2022,48028151,,51
2022,48028152,,51
2022,48029090,,51
2022,48029092,,51
2022,48029093,,51
2022,48029094,,51
2022,48029096,,51
2022,48029097,,51
2022,48029098,,51
2022,48029099,,3
2022,48029101,,51
2022,48029102,,51
2022,49768991,,51
2022,49768993,,51
2022,48479379,,51
2022,48479380,,51
2022,48479381,,51
2022,48479382,,51
2022,48479383,,51
2022,48830866,,51
2022,48834854,,51
2022,48834855,,51
2022,48834856,,51
2022,48834857,,51
2022,48834858,,51
2022,48834859,,51
2022,48834860,,51
2022,48834861,,51
2022,50163262,,51
2022,49363251,,51
2022,49768994,,51
2022,49768995,,51
2022,49768996,,51
2022,49768997,,51
2022,46872589,,51
2022,46872590,,51
2022,46872591,,51
2022,46872592,,51
2022,46872593,,51
2022,46872594,,51
2022,46872595,,51
2022,46872596,,51
2022,46872597,,51
2022,46872598,,51
2022,46872599,,3
2022,46872600,,51
2022,46872601,,51
2022,46872602,,51
2022,46872603,,51
2022,46872604,,51
2022,46872605,,51
2022,46872606,,51
2022,46872607,,51
2022,46872608,,51
2022,46872610,,51
2022,46872611,,51
2022,46872612,,51
2022,46872613,,51
2022,46872614,,51
2022,46872615,,51
2022,46872616,,51
2022,46872617,,51
2022,46872618,,51
2022,46872619,,51
2022,46872620,,51
2022,46872621,,51
2022,46872623,,51
2022,46872624,,51
2022,46872625,,51
2022,46927880,,3
2022,46927881,,51
2022,46933223,,51
2022,46937923,,51
2022,46937924,,51
2022,46937925,,51
2022,46937926,,3
2022,46954636,,51
2022,46954637,,51
2022,46957224,,3
2022,46957225,,51
2022,46957226,,51
2022,46957227,,51
2022,46958049,,3
2022,46977934,,51
2022,46977935,,51
2022,47247571,,3
2022,47341005,,51
2022,47511716,,51
2022,47511717,,51
2022,47511718,,51
2022,47601374,,51
2022,47646304,,3
2022,47646305,,51
2022,47646306,,51
2022,47646307,,51
2022,47646308,,51
2022,47646309,,51
2022,47646310,,51
2022,47646311,,51
2022,47646312,,51
2022,47646313,,51
2022,47670387,,51
2022,47670388,,51
2022,47842415,,51
2022,49553638,,3
2022,49553639,,51
2022,47842416,,3
2022,47842417,,51
2022,47842418,,51
2022,47842419,,51
2022,47842421,,51
2022,47842422,,51
2022,47842423,,51
2022,47849371,,51
2022,47959861,,51
2022,49553640,,51
2022,48161601,,51
2022,48161602,,51
2022,48161603,,3
2022,48161605,,51
2022,48161606,,51
2022,48167142,,51
2022,48415664,,51
2022,48581101,,51
2022,48751234,,3
2022,48751235,,51
2022,48751236,,3
2022,48860781,,51
2022,49363388,,51
2022,49363389,,51
2022,49363390,,51
2022,49363391,,51
2022,49363392,,3
2022,49558210,,51
2022,49363393,,3
2022,49363394,,51
2022,49363395,,51
2022,49363396,,3
2022,49363397,,51
2022,49363398,,51
2022,49363399,,51
2022,49363400,,51
2022,49363401,,51
2022,49363402,,3
2022,49363403,,51
2022,49363404,,51
2022,49363405,,51
2022,49363406,,51
2022,49363407,,51
2022,49363408,,3
2022,49363409,,3
2022,49363410,,1
2022,49553641,,52
2022,49363411,,51
2022,49363412,,51
2022,50961790,,53
2022,49363414,,51
2022,49363415,,51
2022,49363416,,51
2022,49363417,,51
2022,49363418,,51
2022,49363419,,51
2022,49363420,,51
2022,49363421,,51
2022,49363422,,51
2022,49363423,,51
2022,49363424,,51
2022,49539987,,51
2022,49539988,,51
2022,49553642,,3
2022,49558211,,3
2022,49559839,,51
2022,49559840,,51
2022,49559841,,51
2022,49605570,,3
2022,49950222,,3
2022,49977868,,51
2022,49977869,,51
2022,49977870,,51
2022,50002677,,51
2022,50002678,,51
2022,50002679,,3
2022,50003922,,51
2022,50003923,,51
2022,50107032,,3
2022,50107033,,3
2022,50063110,,3
2022,50453508,,51
2022,46872638,,51
2022,46872639,,51
2022,46872640,,51
2022,46872641,,51
2022,46872642,,51
2022,46872643,,51
2022,46872644,,51
2022,46872645,,51
2022,46872646,,51
2022,46872647,,51
2022,46872649,,51
2022,46872650,,51
2022,46872651,,51
2022,46872652,,51
2022,46872653,,51
2022,46872654,,51
2022,46872655,,51
2022,46872656,,51
2022,46872658,,51
2022,46872659,,51
2022,46872660,,51
2022,46872661,,51
2022,46872662,,51
2022,51274217,,51
2022,46872664,,3
2022,46872665,,51
2022,46872666,,51
2022,46916806,,51
2022,46916835,,51
2022,46916836,,51
2022,46916837,,51
2022,47083794,,51
2022,47405671,,7
2022,47405672,,51
2022,47660870,,51
2022,47661248,,51
2022,47661249,,51
2022,47665704,,51
2022,47665705,,51
2022,47665706,,51
2022,47961804,,51
2022,48164002,,51
2022,48314278,,51
2022,48314279,,51
2022,48379601,,51
2022,48989516,,51
2022,49360157,,51
2022,49360161,,51
2022,49360163,,51
2022,49360164,,51
2022,49614326,,51
2022,49792577,,51
2022,49832548,,51
2022,50013434,,51
2022,50013435,,51
2022,46872670,,51
2022,46872671,,51
2022,46872672,,51
2022,46872673,,51
2022,47440471,,51
2022,48028153,,53
2022,50517155,,51
2022,48498271,,51
2022,48498272,,51
2022,48994371,,51
2022,49364525,,51
2022,45006147,,51
2022,45132723,,51
2022,45234126,,51
2022,45634470,,51
2022,46280584,,51
2022,46297055,,51
2022,46560296,,51
2022,46560297,,51
2022,46765986,,51
2022,46908016,,51
2022,47781581,,51
2022,47781582,,51
2022,48838773,,51
2022,46560298,,51
2022,46881936,,51
2022,48041246,,51
2022,48905588,,51
2022,49553643,,51
2022,47681609,,51
2022,45228122,,51
2022,47674873,,51
2022,45228123,,51
2022,45279579,,51
2022,45453260,,51
2022,47675712,,51
2022,45594260,,51
2022,47675713,,51
2022,47681610,,51
2022,46616766,,51
2022,45932521,,51
2022,47675714,,51
2022,46150835,,51
2022,46269276,,51
2022,46273485,,51
2022,46288115,,51
2022,46295506,,51
2022,47747320,,51
2022,47747321,,51
2022,46352798,,51
2022,46560943,,51
2022,46587361,,51
2022,47341006,,51
2022,46560944,,51
2022,46560945,,51
2022,47304079,,51
2022,46596087,,51
2022,46596088,,51
2022,46637421,,51
2022,46696991,,51
2022,46640284,,51
2022,46994584,,51
2022,46696992,,51
2022,46696993,,51
2022,46821116,,51
2022,46821117,,51
2022,47675715,,51
2022,46889889,,51
2022,46916884,,51
2022,46916885,,51
2022,46916886,,51
2022,49361115,,51
2022,48151552,,51
2022,47748825,,51
2022,46967313,,51
2022,46967314,,51
2022,46967315,,51
2022,46967316,,51
2022,47173699,,51
2022,47280252,,51
2022,49361116,,51
2022,47345796,,51
2022,47747322,,51
2022,47511719,,51
2022,47717526,,51
2022,47849373,,51
2022,47692859,,51
2022,47670390,,51
2022,47747323,,51
2022,47747324,,51
2022,47747325,,51
2022,48096318,,51
2022,47806750,,51
2022,47806751,,51
2022,47806752,,51
2022,47806753,,51
2022,47806754,,51
2022,47847297,,51
2022,47852274,,51
2022,47959862,,51
2022,47991107,,51
2022,47991108,,51
2022,48086628,,51
2022,48045649,,51
2022,48086629,,51
2022,48151553,,51
2022,48505897,,51
2022,48505898,,51
2022,48096319,,51
2022,48096320,,51
2022,48140381,,51
2022,48478292,,51
2022,48187505,,51
2022,48187506,,51
2022,48478293,,51
2022,48505899,,51
2022,48366117,,51
2022,48378387,,51
2022,48382850,,51
2022,48415665,,51
2022,48430649,,51
2022,48437589,,51
2022,49361117,,51
2022,48472585,,51
2022,48495390,,51
2022,48779692,,51
2022,48779693,,51
2022,49361118,,51
2022,48762423,,51
2022,48741895,,51
2022,48741896,,51
2022,48755534,,51
2022,48755535,,51
2022,48762424,,51
2022,48762425,,51
2022,48979306,,51
2022,48979308,,51
2022,49361119,,51
2022,48994372,,51
2022,49361120,,51
2022,49361121,,51
2022,49361122,,51
2022,49361123,,51
2022,49361124,,51
2022,49361125,,51
2022,49361126,,51
2022,49361127,,51
2022,49361128,,51
2022,49463406,,51
2022,49626659,,51
2022,49626660,,51
2022,49626661,,51
2022,49626662,,51
2022,49626663,,51
2022,45445679,,51
2022,45356362,,51
2022,45356363,,51
2022,45445680,,51
2022,46286244,,51
2022,45356370,,51
2022,45356373,,51
2022,45356374,,51
2022,45356375,,51
2022,45356378,,51
2022,49626665,,51
2022,49626666,,51
2022,49626667,,51
2022,45509319,,51
2022,45529419,,51
2022,45698220,,51
2022,45698221,,51
2022,45714328,,51
2022,45820209,,51
2022,45820210,,51
2022,46034078,,51
2022,46034079,,51
2022,46034084,,51
2022,46124087,,51
2022,46244995,,51
2022,46271512,,51
2022,46280962,,51
2022,46286642,,51
2022,46321901,,51
2022,46344880,,51
2022,46623271,,51
2022,46561892,,51
2022,46561893,,51
2022,46561894,,51
2022,46561895,,51
2022,46561896,,51
2022,46561897,,51
2022,46620805,,51
2022,46958050,,51
2022,46824447,,51
2022,46824448,,51
2022,46824449,,51
2022,46958051,,51
2022,46886729,,51
2022,46937927,,51
2022,46937928,,51
2022,46937929,,51
2022,46954638,,51
2022,51547824,,51
2022,46991882,,51
2022,46967329,,51
2022,46977919,,51
2022,47038064,,51
2022,47121851,,51
2022,47195394,,51
2022,47195395,,51
2022,47195396,,51
2022,47266312,,51
2022,47376647,,51
2022,47376648,,51
2022,47499585,,51
2022,47499586,,51
2022,47511720,,51
2022,47601375,,51
2022,47774860,,51
2022,47748826,,51
2022,47670391,,51
2022,47681616,,51
2022,47748827,,51
2022,47748828,,51
2022,47834479,,51
2022,47852275,,51
2022,50954610,,51
2022,47991109,,51
2022,48029104,,51
2022,48084468,,51
2022,48084469,,51
2022,48102119,,51
2022,48144217,,51
2022,48151554,,51
2022,48478294,,51
2022,48490927,,51
2022,49362940,,51
2022,48577012,,51
2022,48905591,,51
2022,48749427,,51
2022,48749428,,51
2022,48779694,,51
2022,49362941,,51
2022,48905592,,51
2022,50623468,,51
2022,50623469,,51
2022,48838774,,51
2022,49362942,,51
2022,49362943,,51
2022,49362945,,51
2022,49362946,,51
2022,49362947,,51
2022,49362948,,51
2022,49362949,,51
2022,49362950,,51
2022,49362951,,51
2022,49362952,,51
2022,49632908,,51
2022,49632909,,51
2022,49464634,,51
2022,49464635,,51
2022,49553644,,51
2022,49558212,,51
2022,50557554,,51
2022,49624901,,51
2022,49624902,,51
2022,49624903,,51
2022,46244996,,51
2022,46244997,,51
2022,46629776,,51
2022,46594727,,51
2022,47030554,,51
2022,47030555,,3
2022,47030555,,52
2022,47030556,,51
2022,47513188,,51
2022,47665727,,51
2022,47665728,,51
2022,47814909,,51
2022,47961805,,51
2022,49364232,,51
2022,49364233,,52
2022,49364234,,51
2022,49364235,,51
2022,49364236,,51
2022,49364237,,51
2022,45132795,,51
2022,45132796,,51
2022,45132797,,51
2022,45132798,,51
2022,45150184,,51
2022,45228124,,51
2022,45228125,,51
2022,45228126,,51
2022,45267292,,51
2022,45267293,,51
2022,45279580,,51
2022,45323158,,51
2022,45343478,,51
2022,45509320,,51
2022,45509321,,51
2022,45509322,,51
2022,45560237,,51
2022,45623054,,51
2022,45679549,,51
2022,45720987,,51
2022,45764389,,51
2022,45820211,,51
2022,45820212,,51
2022,45820213,,51
2022,45820214,,51
2022,46244391,,51
2022,46272154,,51
2022,46277825,,51
2022,46286643,,51
2022,46293680,,51
2022,46293681,,51
2022,46344881,,51
2022,46562546,,51
2022,46562547,,51
2022,46562548,,51
2022,46562549,,51
2022,46562550,,51
2022,46623280,,51
2022,46623281,,51
2022,46623282,,51
2022,46623283,,51
2022,46623284,,51
2022,46627593,,51
2022,46623285,,51
2022,46623286,,51
2022,46881939,,51
2022,46881940,,51
2022,46881941,,51
2022,46881942,,51
2022,46881943,,51
2022,46891087,,51
2022,46916888,,51
2022,46985421,,51
2022,46985422,,51
2022,46985423,,51
2022,47038066,,51
2022,47121852,,51
2022,47195397,,51
2022,47230891,,51
2022,47261725,,51
2022,47376649,,51
2022,47382732,,51
2022,47670392,,51
2022,47841721,,51
2022,47601376,,51
2022,47670393,,51
2022,47670394,,51
2022,47670395,,51
2022,47743428,,51
2022,47806755,,51
2022,47841722,,51
2022,47842424,,51
2022,47842425,,51
2022,48021810,,51
2022,48021811,,51
2022,48021813,,51
2022,48021814,,51
2022,48021815,,51
2022,48041247,,51
2022,48132856,,51
2022,48132861,,51
2022,48132862,,51
2022,48132863,,51
2022,48415667,,51
2022,48501952,,51
2022,48516099,,51
2022,48626255,,51
2022,48626256,,51
2022,48749429,,51
2022,48795182,,51
2022,48809194,,51
2022,48895114,,51
2022,48838775,,51
2022,48895115,,51
2022,49364238,,51
2022,49364239,,51
2022,49364240,,51
2022,49364241,,51
2022,49364242,,51
2022,49364243,,51
2022,49364244,,51
2022,49364245,,51
2022,49364246,,51
2022,49364247,,51
2022,49463409,,51
2022,49553066,,51
2022,49553067,,51
2022,49560053,,51
2022,49563590,,51
2022,49834606,,51
2022,49834608,,3
2022,49834609,,3
2022,49359386,,51
2022,46240148,,51
2022,46240149,,51
2022,46244998,,51
2022,46927882,,51
2022,49553645,,51
2022,49359387,,51
2022,50013436,,51
2022,45170347,,51
2022,45170348,,51
2022,45170349,,51
2022,45170350,,51
2022,45191167,,51
2022,45529420,,51
2022,45529421,,51
2022,45321085,,51
2022,45495512,,51
2022,46321902,,51
2022,46321903,,51
2022,46560727,,51
2022,46620741,,51
2022,46921803,,51
2022,46921804,,52
2022,47307314,,51
2022,47173700,,51
2022,47266313,,51
2022,47280255,,51
2022,47280256,,51
2022,47280257,,51
2022,47449783,,51
2022,50052820,,51
2022,48437590,,51
2022,48437591,,51
2022,48437592,,51
2022,48741092,,51
2022,48741093,,51
2022,48762426,,51
2022,49360810,,51
2022,50052821,,51
2022,49360811,,51
2022,49360812,,51
2022,50052822,,51
2022,49784890,,51
2022,49784891,,51
2022,49784893,,51
2022,49784895,,51
2022,49784897,,51
2022,49784899,,51
2022,49784900,,51
2022,50160576,,51
2022,50160577,,51
2022,50131231,,51
2022,50160578,,51
2022,50335611,,51
2022,50335612,,52
2022,50622229,,51
2022,46350171,,51
2022,46350172,,51
2022,47229328,,51
2022,47229329,,51
2022,50061204,,51
2022,50061205,,51
2022,50063111,,51
2022,50063112,,51
2022,50063113,,51
2022,50063114,,51
2022,50063117,,51
2022,50063118,,51
2022,50063119,,51
2022,45234127,,51
2022,45331182,,51
2022,45999768,,51
2022,46282739,,51
2022,45999769,,51
2022,46277476,,51
2022,46277477,,51
2022,46286246,,51
2022,46286247,,51
2022,46560886,,51
2022,46609940,,51
2022,46821118,,51
2022,47038067,,51
2022,47291204,,51
2022,47291206,,51
2022,47291207,,51
2022,47449799,,51
2022,47499587,,51
2022,47499588,,51
2022,47849374,,51
2022,48028154,,51
2022,48188355,,51
2022,48151555,,51
2022,48366118,,51
2022,48382851,,51
2022,48366119,,51
2022,48382852,,51
2022,48463588,,51
2022,48942304,,51
2022,48942305,,51
2022,48942306,,51
2022,49626668,,51
2022,49463411,,51
2022,49464636,,51
2022,49790667,,51
2022,45808310,,51
2022,45808311,,51
2022,45808312,,51
2022,45808314,,51
2022,45808315,,51
2022,45808316,,51
2022,45808317,,51
2022,45808318,,51
2022,45808319,,51
2022,45808323,,51
2022,45820216,,51
2022,46282740,,51
2022,46286644,,51
2022,46561825,,51
2022,46834256,,51
2022,47081373,,51
2022,47081374,,52
2022,47081375,,51
2022,47229330,,52
2022,47229331,,51
2022,47229332,,51
2022,47229333,,52
2022,47376650,,51
2022,47382734,,51
2022,47440473,,51
2022,48028155,,51
2022,48274588,,51
2022,48491861,,51
2022,48491862,,51
2022,48491863,,51
2022,48491864,,51
2022,48495391,,51
2022,48495392,,51
2022,48495393,,51
2022,48495394,,51
2022,48495395,,51
2022,48495396,,52
2022,48539827,,51
2022,48539828,,51
2022,50453485,,51
2022,49362885,,51
2022,49362886,,51
2022,49592802,,51
2022,49592803,,51
2022,49626669,,51
2022,50453486,,51
2022,45091354,,51
2022,45091355,,51
2022,45267616,,51
2022,45267617,,51
2022,45267618,,51
2022,45267619,,51
2022,45267620,,51
2022,45714329,,51
2022,45714330,,3
2022,45718233,,51
2022,45834025,,51
2022,46275388,,51
2022,46275390,,51
2022,46275391,,51
2022,46275392,,51
2022,46275393,,51
2022,46275394,,51
2022,46280963,,51
2022,46297056,,51
2022,46297057,,51
2022,46297058,,51
2022,46562302,,51
2022,46562303,,51
2022,46562304,,51
2022,46627589,,51
2022,46885829,,51
2022,46957228,,51
2022,47083795,,51
2022,46957229,,51
2022,46958052,,51
2022,47229334,,51
2022,47229335,,51
2022,47229336,,51
2022,47229337,,51
2022,47229338,,51
2022,47345797,,51
2022,47646314,,51
2022,47646315,,51
2022,47646316,,51
2022,47646317,,51
2022,49977871,,51
2022,49977872,,51
2022,48156359,,51
2022,48156360,,51
2022,48157606,,51
2022,48157607,,51
2022,48177375,,51
2022,48177376,,51
2022,48177377,,51
2022,48177378,,51
2022,48177379,,51
2022,48179314,,51
2022,48179315,,51
2022,48179316,,51
2022,48179317,,51
2022,48179318,,51
2022,48179319,,51
2022,48330747,,51
2022,48331412,,51
2022,48331413,,51
2022,48472588,,51
2022,48472589,,51
2022,48795183,,51
2022,49634472,,51
2022,49363611,,51
2022,49575616,,51
2022,49575617,,51
2022,49579637,,51
2022,49579638,,51
2022,49579639,,51
2022,49634473,,51
2022,49634474,,51
2022,49634475,,51
2022,49634476,,51
2022,45263032,,51
2022,49607623,,51
2022,49607624,,51
2022,49607625,,51
2022,49607626,,51
2022,46921809,,51
2022,47513189,,51
2022,49363644,,51
2022,49553068,,51
2022,49553069,,52
2022,49553070,,52
2022,44988749,,51
2022,45326509,,52
2022,45150185,,51
2022,45191169,,51
2022,45120792,,51
2022,45120793,,51
2022,45326510,,51
2022,46295507,,51
2022,45327003,,51
2022,45492133,,51
2022,45535259,,51
2022,46286645,,51
2022,46286646,,51
2022,46562506,,51
2022,46562507,,51
2022,46573654,,51
2022,46982228,,51
2022,49363920,,51
2022,47849375,,51
2022,48161607,,51
2022,48307378,,51
2022,48456099,,51
2022,48456100,,51
2022,48187507,,51
2022,49363921,,51
2022,49363922,,51
2022,49363923,,51
2022,49363924,,51
2022,49363925,,51
2022,49932878,,51
2022,49363926,,51
2022,49809329,,51
2022,49950269,,51
2022,46663946,,51
2022,46663947,,51
2022,46938486,,51
2022,47745972,,51
2022,48348620,,51
2022,48349822,,51
2022,50550596,,51
2022,49359834,,51
2022,46560371,,51
2022,46560372,,52
2022,46560373,,51
2022,46560374,,51
2022,46560375,,51
2022,46560376,,51
2022,48749430,,51
2022,46560377,,51
2022,50704257,,51
2022,46560378,,51
2022,46560379,,51
2022,46560380,,51
2022,46560381,,51
2022,46560382,,3
2022,46560383,,51
2022,46560384,,3
2022,46560385,,51
2022,46560386,,51
2022,46560387,,51
2022,46560388,,51
2022,46587357,,51
2022,46560389,,51
2022,46560390,,51
2022,50470384,,51
2022,46560391,,51
2022,46560392,,51
2022,46765988,,51
2022,50844957,,51
2022,47230892,,51
2022,50633115,,51
2022,47304080,,51
2022,47229339,,51
2022,47307315,,51
2022,47440474,,51
2022,47743429,,51
2022,47745419,,51
2022,47697395,,51
2022,47774861,,51
2022,47697397,,51
2022,47697402,,51
2022,47834480,,51
2022,47834481,,51
2022,47834482,,51
2022,48099130,,51
2022,48099133,,51
2022,47960473,,51
2022,48099140,,51
2022,48102120,,51
2022,48121039,,51
2022,48144218,,51
2022,48308068,,51
2022,50631009,,51
2022,48490929,,51
2022,48490930,,51
2022,48501953,,51
2022,48501954,,51
2022,48501955,,51
2022,48581889,,51
2022,48762877,,51
2022,48779695,,51
2022,48828525,,51
2022,50710770,,51
2022,50710771,,51
2022,50538384,,51
2022,48994373,,51
2022,49360232,,51
2022,49360233,,51
2022,49888742,,51
2022,49360235,,51
2022,49360236,,51
2022,49360237,,51
2022,49360238,,51
2022,49360239,,51
2022,49360240,,51
2022,49592805,,51
2022,49888743,,51
2022,49969184,,51
2022,48430650,,51
2022,48430651,,51
2022,48430653,,51
2022,48430654,,51
2022,48430655,,51
2022,48430656,,51
2022,48430657,,51
2022,48430658,,51
2022,48430659,,51
2022,48430660,,51
2022,48430661,,51
2022,48430662,,51
2022,48430663,,51
2022,48430664,,51
2022,48430665,,51
2022,48430666,,51
2022,48430667,,51
2022,48430668,,4
2022,48430669,,4
2022,48430670,,51
2022,48430672,,51
2022,48430673,,51
2022,48430674,,51
2022,48430675,,51
2022,48430676,,51
2022,48430677,,51
2022,48430678,,51
2022,48430679,,51
2022,48430680,,51
2022,48430681,,51
2022,48430682,,51
2022,48430683,,51
2022,48430684,,51
2022,48430685,,51
2022,48430686,,51
2022,48430687,,51
2022,48430688,,51
2022,48430689,,51
2022,48430690,,3
2022,48430691,,51
2022,48430692,,51
2022,48430693,,51
2022,48430694,,51
2022,48430695,,51
2022,48430696,,51
2022,48430697,,51
2022,48430699,,51
2022,48430700,,51
2022,48430701,,53
2022,48430702,,51
2022,48430703,,52
2022,48430704,,51
2022,48430705,,51
2022,48430706,,51
2022,48430707,,9
2022,48430708,,9
2022,48430709,,51
2022,48430710,,51
2022,48430711,,51
2022,48430712,,51
2022,48430713,,51
2022,48430714,,3
2022,48430715,,3
2022,48430716,,3
2022,48430717,,3
2022,48430718,,3
2022,48806439,,51
2022,48505900,,52
2022,48538920,,3
2022,48762427,,51
2022,48860782,,51
2022,48860783,,51
2022,48979309,,51
2022,48979310,,51
2022,48994374,,51
2022,49360267,,51
2022,49360268,,51
2022,49360269,,51
2022,49360270,,51
2022,49360271,,51
2022,51547827,,51
2022,49360272,,51
2022,49360273,,51
2022,49360274,,51
2022,49666605,,51
2022,49666606,,51
2022,49557941,,51
2022,49558213,,51
2022,44969314,,51
2022,46150840,,51
2022,45016225,,51
2022,44980479,,52
2022,44980481,,51
2022,46321904,,51
2022,46157416,,51
2022,46157417,,51
2022,45006150,,51
2022,45006151,,51
2022,45007229,,51
2022,45007230,,51
2022,47596353,,51
2022,45016226,,51
2022,45016227,,51
2022,45016228,,51
2022,45016229,,51
2022,45170351,,51
2022,45029542,,51
2022,45029543,,51
2022,45029544,,51
2022,45033918,,51
2022,45038956,,51
2022,45228132,,51
2022,45038957,,51
2022,45170352,,51
2022,46124088,,51
2022,45038958,,51
2022,45764390,,51
2022,45088506,,51
2022,45088507,,51
2022,45170353,,51
2022,46560526,,51
2022,45088508,,51
2022,45090387,,51
2022,45105507,,51
2022,45105508,,51
2022,45105509,,51
2022,45105510,,51
2022,46150841,,51
2022,45170354,,51
2022,45170355,,3
2022,45932542,,51
2022,45191170,,51
2022,45191171,,51
2022,45191173,,51
2022,45214268,,51
2022,45214269,,51
2022,45215526,,51
2022,45215527,,51
2022,45215528,,51
2022,45228133,,53
2022,45225241,,51
2022,45225242,,51
2022,45225243,,51
2022,45225244,,51
2022,45225245,,51
2022,45529423,,51
2022,45529424,,51
2022,45228136,,51
2022,45228137,,51
2022,45228139,,51
2022,45228140,,51
2022,45228141,,51
2022,45228142,,51
2022,45228143,,51
2022,45228653,,51
2022,45230384,,51
2022,45230385,,51
2022,45230386,,51
2022,45230387,,51
2022,45230872,,51
2022,45230873,,52
2022,45234128,,51
2022,46560527,,51
2022,45245588,,51
2022,46150842,,51
2022,45245589,,51
2022,46150843,,51
2022,45245590,,51
2022,46343673,,51
2022,45932543,,51
2022,47681617,,51
2022,45272586,,51
2022,49553646,,51
2022,45279582,,51
2022,45279583,,51
2022,46560528,,51
2022,46560529,,51
2022,45279584,,51
2022,45279585,,51
2022,45280447,,51
2022,45280448,,51
2022,45280450,,3
2022,45280451,,3
2022,45297144,,51
2022,45323790,,51
2022,45326512,,51
2022,45932544,,51
2022,48151557,,51
2022,45327004,,52
2022,45529426,,51
2022,45535260,,51
2022,45540114,,51
2022,45560238,,51
2022,45560239,,51
2022,45560240,,51
2022,45560241,,51
2022,45560242,,51
2022,45623059,,51
2022,45623060,,51
2022,45623061,,51
2022,45714332,,52
2022,45640256,,51
2022,45640261,,51
2022,45662702,,51
2022,45662703,,51
2022,45662943,,51
2022,45662944,,51
2022,45662945,,51
2022,45662946,,51
2022,45662947,,51
2022,45667841,,52
2022,45667842,,51
2022,45667843,,51
2022,45680179,,51
2022,45680180,,51
2022,45699855,,51
2022,45680181,,51
2022,45698222,,51
2022,45698223,,51
2022,45698224,,51
2022,45698225,,51
2022,45699856,,51
2022,45699857,,51
2022,45699858,,51
2022,45699859,,51
2022,45699860,,51
2022,45699861,,51
2022,46244999,,51
2022,45700355,,51
2022,45712570,,51
2022,45751376,,51
2022,45714334,,51
2022,45751377,,51
2022,45751378,,51
2022,45751379,,51
2022,45751380,,51
2022,45764391,,51
2022,45764392,,51
2022,45751381,,51
2022,45764393,,51
2022,45764394,,51
2022,45764395,,51
2022,45764396,,51
2022,45764397,,51
2022,45764398,,51
2022,45764399,,51
2022,46277828,,51
2022,46277829,,51
2022,45764403,,3
2022,45764404,,51
2022,45764405,,51
2022,45764406,,51
2022,45764407,,51
2022,45765093,,51
2022,45765094,,51
2022,45777821,,51
2022,45777823,,51
2022,45777824,,51
2022,45777825,,51
2022,45777826,,52
2022,45777827,,51
2022,45777828,,51
2022,45999772,,51
2022,45794780,,51
2022,45794781,,51
2022,45794782,,51
2022,47508078,,51
2022,46344883,,51
2022,46344884,,51
2022,46150844,,51
2022,45794784,,51
2022,45794785,,51
2022,45794786,,51
2022,45794787,,51
2022,45794788,,51
2022,45796272,,3
2022,45796273,,51
2022,46344885,,51
2022,45820221,,51
2022,45820222,,51
2022,45820223,,51
2022,45820224,,51
2022,45923672,,51
2022,45923673,,51
2022,46286248,,51
2022,45923677,,3
2022,45923687,,51
2022,45932555,,51
2022,45932556,,51
2022,45932561,,51
2022,45932576,,51
2022,45932580,,51
2022,45932585,,51
2022,45932586,,51
2022,45932587,,51
2022,45932591,,51
2022,45932592,,51
2022,46245001,,51
2022,45947054,,51
2022,45947055,,51
2022,45947056,,51
2022,45947057,,3
2022,45947058,,51
2022,45947059,,51
2022,45947060,,51
2022,45964545,,51
2022,45964546,,51
2022,45964547,,51
2022,45999774,,51
2022,45999775,,51
2022,45999777,,51
2022,46124089,,51
2022,46240150,,51
2022,48472591,,51
2022,46240151,,51
2022,46280964,,51
2022,46240152,,3
2022,46240153,,51
2022,46244392,,51
2022,46870735,,51
2022,46244395,,51
2022,46244396,,51
2022,46269278,,51
2022,46244397,,51
2022,46245002,,3
2022,46245003,,51
2022,46249709,,51
2022,46250496,,51
2022,46249710,,51
2022,46249711,,51
2022,46249712,,51
2022,46250497,,51
2022,46269281,,51
2022,46271513,,51
2022,47229340,,51
2022,46271514,,51
2022,46273486,,51
2022,46273487,,51
2022,46273488,,51
2022,46280965,,51
2022,46275395,,51
2022,46275396,,52
2022,46275398,,51
2022,46277830,,51
2022,46277831,,51
2022,46280586,,51
2022,46280587,,51
2022,46280588,,51
2022,46280966,,51
2022,46286647,,51
2022,46696974,,51
2022,46286648,,51
2022,46286249,,51
2022,46286250,,51
2022,46286251,,51
2022,46286649,,51
2022,46286650,,51
2022,46286651,,51
2022,46286652,,51
2022,49360488,,51
2022,46696975,,51
2022,46286654,,51
2022,46287558,,51
2022,46288116,,51
2022,46560530,,51
2022,46293684,,51
2022,48043309,,51
2022,51281189,,51
2022,51281190,,51
2022,46295508,,51
2022,46297059,,51
2022,46295509,,51
2022,46295510,,51
2022,46295511,,51
2022,46297060,,51
2022,46297061,,51
2022,46560531,,51
2022,46315371,,3
2022,46315372,,51
2022,46315373,,51
2022,46321905,,51
2022,46321906,,51
2022,46321907,,51
2022,46344886,,51
2022,46343674,,51
2022,46344888,,51
2022,46742525,,51
2022,46560532,,51
2022,46560533,,51
2022,46560534,,51
2022,46560535,,51
2022,46350178,,51
2022,46350180,,51
2022,46350181,,51
2022,46953641,,51
2022,46348591,,51
2022,46560536,,51
2022,46350183,,51
2022,46560537,,51
2022,46560538,,51
2022,46560539,,51
2022,46560540,,51
2022,46560541,,51
2022,46560542,,51
2022,46560543,,51
2022,46560544,,51
2022,46560545,,51
2022,46560546,,51
2022,46560547,,51
2022,46560548,,51
2022,46560549,,51
2022,46560550,,51
2022,46560551,,51
2022,46933225,,51
2022,46560552,,51
2022,46560553,,51
2022,46560554,,51
2022,46560555,,51
2022,46560556,,51
2022,46560557,,51
2022,46560558,,51
2022,46560559,,51
2022,46560560,,51
2022,46560561,,51
2022,46560562,,51
2022,46560563,,51
2022,46560565,,51
2022,46560566,,51
2022,46560567,,51
2022,46560568,,3
2022,46560569,,51
2022,46560570,,51
2022,46560571,,51
2022,46560572,,51
2022,46560573,,51
2022,46560574,,51
2022,46560576,,3
2022,46560577,,51
2022,47093839,,51
2022,46560578,,51
2022,46560579,,51
2022,46560580,,51
2022,46560581,,3
2022,46560582,,51
2022,46560583,,51
2022,46560584,,51
2022,46560585,,51
2022,46560586,,53
2022,51190280,,51
2022,46560587,,51
2022,46560588,,51
2022,46560589,,51
2022,46560590,,51
2022,46560592,,51
2022,46560593,,51
2022,46560594,,51
2022,46560595,,51
2022,48156361,,51
2022,48156362,,51
2022,46560596,,51
2022,46560597,,51
2022,46560598,,51
2022,46560599,,51
2022,46560600,,51
2022,46560601,,51
2022,46560602,,51
2022,46560603,,51
2022,46560604,,51
2022,46637319,,51
2022,46560605,,51
2022,47511721,,51
2022,46560606,,51
2022,46560607,,51
2022,46560608,,3
2022,46560609,,51
2022,46560610,,51
2022,46560611,,51
2022,46560612,,51
2022,46560613,,51
2022,46573624,,51
2022,48021816,,51
2022,46574278,,51
2022,46574279,,51
2022,46574280,,51
2022,46574281,,51
2022,46573625,,51
2022,46596080,,51
2022,46596081,,51
2022,46596082,,51
2022,46683227,,51
2022,46596083,,51
2022,46596084,,51
2022,46609891,,52
2022,46616760,,51
2022,46616761,,51
2022,46620734,,51
2022,46616762,,51
2022,46616763,,51
2022,46620735,,51
2022,46620736,,51
2022,46620737,,51
2022,46620738,,51
2022,46627538,,51
2022,46683228,,51
2022,51281191,,51
2022,46627539,,3
2022,46629708,,51
2022,46627540,,51
2022,46629709,,51
2022,46629710,,51
2022,46629711,,51
2022,46629712,,51
2022,49539989,,51
2022,46637323,,51
2022,46637325,,51
2022,46637326,,51
2022,48502822,,51
2022,46675515,,51
2022,46675516,,51
2022,46675517,,51
2022,49557942,,51
2022,46696976,,51
2022,46696977,,51
2022,46696978,,51
2022,46696979,,51
2022,46696980,,51
2022,47093840,,51
2022,46696981,,51
2022,46696982,,51
2022,46696983,,51
2022,46821119,,51
2022,46742526,,51
2022,46696984,,51
2022,46696985,,51
2022,46748508,,51
2022,50596219,,51
2022,46755835,,51
2022,46748510,,51
2022,46755836,,51
2022,47083798,,51
2022,47083799,,51
2022,46765990,,51
2022,46765991,,51
2022,46765992,,51
2022,46821120,,51
2022,46821121,,51
2022,46821122,,51
2022,46832782,,51
2022,46988564,,51
2022,47645155,,51
2022,46834257,,51
2022,46860588,,51
2022,46927884,,51
2022,46869730,,51
2022,48806440,,51
2022,46869731,,51
2022,46869732,,51
2022,46869733,,51
2022,46881946,,51
2022,46881947,,51
2022,46881948,,51
2022,46881949,,52
2022,46885831,,3
2022,47121853,,51
2022,46885832,,51
2022,47121854,,51
2022,46885833,,51
2022,46886730,,51
2022,46889890,,51
2022,46889891,,51
2022,46890443,,51
2022,46890444,,51
2022,46890445,,51
2022,46890446,,51
2022,46890447,,51
2022,46890448,,51
2022,46890449,,51
2022,46889892,,51
2022,46890450,,51
2022,46890451,,51
2022,46890452,,51
2022,46890453,,51
2022,46890454,,51
2022,47681618,,51
2022,46921810,,51
2022,46916889,,51
2022,46916890,,51
2022,46916891,,51
2022,46916892,,51
2022,46916893,,51
2022,46916894,,51
2022,46916895,,51
2022,46916960,,51
2022,46916961,,51
2022,46921811,,51
2022,46921812,,52
2022,46921813,,51
2022,46927885,,51
2022,46927886,,51
2022,46927887,,51
2022,48187510,,51
2022,48274589,,51
2022,46933226,,51
2022,46933227,,3
2022,46933228,,51
2022,46933229,,51
2022,46933230,,51
2022,46933231,,51
2022,46933232,,51
2022,46933233,,51
2022,46933234,,51
2022,46933235,,51
2022,49605571,,51
2022,46933236,,51
2022,46933237,,51
2022,46933238,,51
2022,46937930,,51
2022,46953642,,51
2022,47399947,,51
2022,46954639,,51
2022,46967302,,51
2022,46967303,,51
2022,46967304,,51
2022,47331971,,51
2022,47331972,,51
2022,46982180,,51
2022,46977880,,51
2022,46977881,,51
2022,46977882,,51
2022,46970196,,51
2022,46977883,,51
2022,46982181,,51
2022,46982183,,51
2022,46982186,,51
2022,46988565,,51
2022,47304081,,51
2022,47174073,,51
2022,51483346,,51
2022,47173701,,51
2022,47078028,,51
2022,47038072,,51
2022,47078029,,51
2022,47081377,,51
2022,47081378,,51
2022,47093841,,51
2022,47093842,,51
2022,47093843,,51
2022,47093844,,51
2022,47038073,,51
2022,47395400,,51
2022,47113890,,51
2022,47113892,,51
2022,47113893,,51
2022,47376652,,51
2022,47121855,,51
2022,47121856,,51
2022,47304082,,51
2022,47159249,,51
2022,47173702,,51
2022,47596354,,51
2022,47173703,,51
2022,47173704,,51
2022,47173705,,51
2022,47195402,,51
2022,47230895,,51
2022,47195403,,51
2022,47216231,,51
2022,47216232,,51
2022,48121044,,51
2022,47216233,,51
2022,48099146,,51
2022,47229341,,51
2022,47596355,,51
2022,47266314,,51
2022,47229344,,51
2022,47229347,,3
2022,47293293,,51
2022,51037902,,51
2022,47230896,,51
2022,47230897,,51
2022,47230898,,51
2022,47293294,,51
2022,48084470,,51
2022,47266315,,51
2022,47280263,,51
2022,47280264,,51
2022,47280265,,51
2022,47280267,,51
2022,47280268,,51
2022,47280269,,51
2022,49360489,,51
2022,47280271,,51
2022,47280273,,51
2022,47280274,,51
2022,47293295,,51
2022,47291211,,51
2022,47280279,,51
2022,51281192,,51
2022,47395401,,51
2022,47291212,,51
2022,47291213,,51
2022,47291214,,51
2022,47291215,,51
2022,47291217,,51
2022,47291218,,51
2022,47291221,,52
2022,47291222,,52
2022,47291223,,52
2022,47293296,,51
2022,47293297,,51
2022,47304083,,3
2022,47307316,,51
2022,47307317,,51
2022,47331778,,51
2022,47331779,,51
2022,47331973,,51
2022,47331974,,51
2022,47331975,,51
2022,47331976,,51
2022,47331977,,51
2022,47341008,,51
2022,47341009,,51
2022,47341010,,51
2022,47341011,,51
2022,47341012,,51
2022,47345799,,51
2022,47345800,,51
2022,47345801,,51
2022,47345802,,51
2022,47345803,,51
2022,47345804,,51
2022,47376653,,51
2022,47382740,,51
2022,47376654,,51
2022,47382745,,51
2022,47376655,,51
2022,47395402,,51
2022,47395404,,51
2022,48571308,,51
2022,47395405,,51
2022,47395406,,51
2022,47434377,,51
2022,47434378,,51
2022,48024560,,51
2022,47440477,,51
2022,47440479,,51
2022,47449940,,51
2022,47449957,,51
2022,48028156,,51
2022,47499590,,51
2022,47499591,,51
2022,47508080,,51
2022,47508081,,51
2022,47508082,,52
2022,47508083,,51
2022,47509536,,51
2022,47508084,,51
2022,47509537,,51
2022,49790669,,51
2022,48456101,,51
2022,47511722,,51
2022,47511723,,51
2022,47583536,,51
2022,49360490,,51
2022,48516520,,51
2022,47583537,,51
2022,47583538,,52
2022,47583539,,51
2022,47596356,,51
2022,47596357,,51
2022,47596358,,51
2022,47599988,,51
2022,47599991,,51
2022,47674874,,51
2022,47599995,,51
2022,47599996,,51
2022,47616015,,51
2022,48577014,,51
2022,47619281,,51
2022,47670396,,51
2022,48806441,,51
2022,47674875,,51
2022,47675716,,51
2022,47675717,,51
2022,47675718,,51
2022,47675719,,51
2022,47675720,,51
2022,47774863,,51
2022,47675721,,51
2022,47675722,,51
2022,47675723,,51
2022,47675724,,51
2022,47681625,,51
2022,47681626,,51
2022,47681632,,51
2022,47681633,,51
2022,47681634,,51
2022,47681636,,51
2022,47776648,,51
2022,47681638,,51
2022,47685133,,51
2022,47743430,,51
2022,47743431,,51
2022,47697409,,51
2022,47697411,,51
2022,47697412,,51
2022,47721656,,51
2022,47721657,,51
2022,48538921,,51
2022,47743433,,51
2022,47743434,,51
2022,47743435,,51
2022,47743436,,51
2022,47743437,,51
2022,47743438,,51
2022,47743441,,51
2022,47745421,,51
2022,47745422,,51
2022,47747327,,51
2022,47747328,,51
2022,47747329,,51
2022,47747330,,51
2022,47748829,,51
2022,47748830,,51
2022,47770049,,51
2022,47770050,,51
2022,47770051,,51
2022,47959863,,51
2022,47770652,,51
2022,47774864,,51
2022,47774866,,51
2022,47774867,,51
2022,48021817,,51
2022,47806761,,51
2022,47806763,,51
2022,47806764,,51
2022,47814910,,51
2022,47814912,,51
2022,48516521,,51
2022,49360491,,51
2022,47834483,,51
2022,47834484,,51
2022,47834485,,51
2022,48178138,,51
2022,47834486,,51
2022,47834933,,51
2022,47834934,,51
2022,47834935,,51
2022,47834936,,51
2022,47841723,,51
2022,47841724,,51
2022,47841725,,51
2022,47841726,,51
2022,47841727,,51
2022,47842428,,51
2022,47842429,,51
2022,47847300,,51
2022,47960474,,51
2022,48708138,,51
2022,47849377,,51
2022,49360492,,51
2022,47849378,,51
2022,47959864,,51
2022,49360493,,51
2022,47960475,,51
2022,47960476,,51
2022,48084472,,51
2022,47960477,,51
2022,47960478,,51
2022,47991110,,51
2022,47991111,,51
2022,47991112,,51
2022,47991113,,51
2022,47991114,,51
2022,48045660,,51
2022,47991115,,51
2022,47991116,,51
2022,47991117,,51
2022,47991118,,52
2022,48140609,,51
2022,47991596,,51
2022,48029105,,51
2022,47991597,,51
2022,47991598,,51
2022,47991599,,51
2022,49360494,,51
2022,47991600,,51
2022,49360495,,51
2022,47995532,,51
2022,48472594,,51
2022,48021818,,51
2022,48021819,,51
2022,48020423,,51
2022,48021820,,51
2022,48024562,,51
2022,48028157,,51
2022,48028158,,51
2022,48028159,,51
2022,48028160,,51
2022,48028161,,51
2022,48516100,,51
2022,48028162,,51
2022,48028163,,51
2022,48029108,,51
2022,48029109,,51
2022,48261306,,51
2022,48029111,,51
2022,48041248,,51
2022,48041249,,9
2022,48041250,,51
2022,48041251,,51
2022,48045669,,51
2022,48045672,,51
2022,48084473,,51
2022,48084476,,51
2022,48084477,,51
2022,49360496,,51
2022,48084478,,51
2022,48084479,,51
2022,48084480,,51
2022,48084481,,51
2022,48084482,,51
2022,48084483,,51
2022,48156363,,51
2022,48516522,,51
2022,48086630,,51
2022,48086631,,52
2022,48086634,,51
2022,48086635,,51
2022,48086636,,3
2022,48086637,,51
2022,48096321,,51
2022,48096322,,51
2022,48096323,,51
2022,48099160,,51
2022,48121045,,51
2022,48140610,,51
2022,48143065,,51
2022,48121046,,51
2022,48140611,,51
2022,48140382,,51
2022,48140383,,51
2022,49575618,,51
2022,48140384,,51
2022,48140612,,51
2022,48144219,,51
2022,48144220,,51
2022,48144221,,51
2022,48144222,,51
2022,48144224,,51
2022,48151558,,51
2022,48151559,,51
2022,48151560,,51
2022,48151561,,3
2022,48151562,,51
2022,48156364,,51
2022,48426893,,51
2022,48156367,,51
2022,48156368,,51
2022,49360497,,51
2022,48156369,,51
2022,48156370,,51
2022,48161608,,51
2022,49571188,,51
2022,48161609,,51
2022,48163114,,51
2022,48163115,,51
2022,48178139,,51
2022,48178140,,51
2022,48178141,,51
2022,48178142,,51
2022,48178144,,51
2022,48179320,,51
2022,48187511,,3
2022,48187512,,51
2022,48187513,,51
2022,48187514,,51
2022,48187515,,51
2022,48261307,,51
2022,48261308,,51
2022,48261309,,51
2022,48261310,,51
2022,48280565,,51
2022,48280566,,51
2022,48280567,,51
2022,48280568,,51
2022,48274590,,51
2022,48274591,,51
2022,48274592,,51
2022,48274593,,51
2022,48274594,,51
2022,48415668,,51
2022,48415669,,51
2022,48415670,,51
2022,48415671,,51
2022,48415672,,51
2022,48330781,,51
2022,48330782,,51
2022,48330783,,51
2022,48331414,,51
2022,48331415,,3
2022,48331416,,51
2022,48331417,,51
2022,48331418,,51
2022,48346709,,51
2022,48346710,,51
2022,48348622,,51
2022,48348623,,51
2022,48348625,,51
2022,48348626,,51
2022,48348627,,51
2022,48366123,,51
2022,48366124,,51
2022,48366125,,51
2022,48366126,,51
2022,48366127,,51
2022,48366128,,51
2022,48438232,,51
2022,48430719,,51
2022,48378388,,51
2022,48378389,,51
2022,48378390,,51
2022,48415673,,52
2022,48415675,,51
2022,48415678,,51
2022,48438233,,51
2022,48426895,,51
2022,48426896,,51
2022,48426897,,51
2022,48426898,,51
2022,48430720,,51
2022,48430721,,51
2022,48430722,,51
2022,48538922,,51
2022,48430723,,51
2022,48430724,,51
2022,48432909,,51
2022,48432912,,51
2022,48432913,,51
2022,48432914,,51
2022,48437593,,51
2022,48437594,,51
2022,48516523,,51
2022,48438236,,51
2022,48456102,,51
2022,48456103,,51
2022,48457347,,51
2022,48457348,,51
2022,48456104,,51
2022,48495397,,51
2022,49360498,,51
2022,48457349,,51
2022,48478295,,51
2022,48478296,,51
2022,48478297,,51
2022,48478298,,51
2022,48478299,,51
2022,48490931,,51
2022,48490932,,51
2022,48490933,,51
2022,48490934,,51
2022,48490935,,51
2022,48490936,,51
2022,48490937,,51
2022,48478300,,51
2022,48478301,,51
2022,48478302,,51
2022,48490938,,51
2022,49685638,,51
2022,50768490,,51
2022,48491865,,51
2022,48491866,,51
2022,48491867,,51
2022,48577015,,51
2022,48502823,,51
2022,48516101,,51
2022,48516524,,51
2022,48516525,,51
2022,48538923,,51
2022,48538924,,51
2022,48538925,,51
2022,48538927,,51
2022,48539829,,51
2022,48538928,,51
2022,48539830,,51
2022,48539831,,51
2022,48709225,,51
2022,48539835,,51
2022,48564907,,51
2022,48812749,,51
2022,48564908,,51
2022,48564909,,51
2022,48564910,,51
2022,48564911,,51
2022,48564912,,51
2022,48564913,,51
2022,48564914,,51
2022,48571310,,51
2022,48571311,,51
2022,48571312,,51
2022,49360499,,51
2022,48577016,,51
2022,48626257,,51
2022,49360500,,51
2022,48626258,,51
2022,48626259,,51
2022,48626260,,51
2022,48626261,,51
2022,48647456,,51
2022,48709226,,51
2022,48709227,,51
2022,48709228,,51
2022,48709229,,51
2022,48741094,,51
2022,48914016,,51
2022,48741095,,51
2022,48741096,,51
2022,48741097,,51
2022,48741099,,51
2022,48741100,,51
2022,48741101,,51
2022,49360501,,51
2022,51562328,,51
2022,49360503,,51
2022,48762428,,51
2022,49360504,,51
2022,48762429,,51
2022,49360505,,51
2022,48762430,,51
2022,48762878,,51
2022,48779696,,51
2022,48779698,,51
2022,48779699,,51
2022,48779700,,51
2022,48812750,,51
2022,48779701,,51
2022,48779702,,51
2022,48795184,,51
2022,48795185,,51
2022,48795186,,51
2022,48795188,,51
2022,48795189,,51
2022,48795190,,51
2022,48806442,,51
2022,48806443,,51
2022,48806444,,51
2022,48809195,,51
2022,48809196,,3
2022,48809197,,51
2022,48812751,,51
2022,48812752,,51
2022,48812753,,51
2022,48838776,,51
2022,48838777,,51
2022,48860784,,51
2022,48860785,,3
2022,49360506,,51
2022,49553072,,51
2022,48860786,,51
2022,48860787,,3
2022,48875440,,51
2022,48875441,,51
2022,49360507,,52
2022,48860789,,51
2022,48875442,,51
2022,48875443,,51
2022,48905601,,51
2022,48905608,,51
2022,48914017,,51
2022,48914018,,51
2022,48914019,,51
2022,48905617,,51
2022,48914022,,51
2022,49360508,,51
2022,48914024,,51
2022,48914025,,51
2022,48979311,,51
2022,48979312,,51
2022,48979313,,51
2022,49790670,,51
2022,49360509,,51
2022,48986105,,51
2022,49360510,,51
2022,48994375,,52
2022,49360511,,51
2022,49360512,,51
2022,49360513,,51
2022,49360514,,51
2022,49360517,,51
2022,49360518,,51
2022,49360519,,51
2022,49360520,,51
2022,49360521,,51
2022,49360522,,51
2022,49360523,,51
2022,49360524,,51
2022,49360525,,51
2022,49360526,,51
2022,49575619,,51
2022,49360527,,51
2022,49360528,,51
2022,49360530,,51
2022,49360531,,51
2022,49360532,,51
2022,49360533,,51
2022,49360534,,51
2022,49360535,,51
2022,49360536,,3
2022,49360537,,51
2022,49360538,,51
2022,49360539,,51
2022,49360540,,51
2022,49360541,,51
2022,49360542,,51
2022,49360543,,51
2022,49558214,,51
2022,49360544,,51
2022,49360545,,51
2022,49360546,,51
2022,49360547,,51
2022,49360548,,51
2022,49558215,,51
2022,49360550,,51
2022,49360551,,51
2022,50485481,,51
2022,49360552,,53
2022,49360553,,51
2022,49360554,,51
2022,49360555,,51
2022,49360556,,51
2022,49360557,,51
2022,49571189,,51
2022,49360559,,51
2022,49360561,,51
2022,49360562,,51
2022,49360563,,51
2022,49360564,,51
2022,49360565,,51
2022,49360566,,51
2022,49360567,,51
2022,49360568,,51
2022,49360569,,51
2022,49360570,,51
2022,49360571,,51
2022,49360572,,51
2022,49558216,,51
2022,49360574,,51
2022,51268948,,51
2022,49360575,,51
2022,49360576,,51
2022,50112292,,51
2022,49360577,,51
2022,49360578,,51
2022,49360579,,51
2022,49360580,,51
2022,49360581,,51
2022,51238253,,51
2022,49360582,,51
2022,49360583,,51
2022,49360584,,51
2022,49360585,,51
2022,49360586,,51
2022,49360587,,51
2022,49360588,,51
2022,49360589,,51
2022,49360590,,51
2022,49360591,,51
2022,49360592,,51
2022,49360593,,51
2022,49360594,,51
2022,49360595,,51
2022,49360596,,51
2022,49360597,,51
2022,49827888,,51
2022,49360598,,51
2022,49360599,,51
2022,49360600,,51
2022,51483347,,51
2022,49360602,,1
2022,49360603,,51
2022,50622224,,51
2022,49626671,,52
2022,49360605,,51
2022,49360606,,51
2022,49360607,,51
2022,49360608,,51
2022,49360609,,51
2022,49360610,,51
2022,49360611,,51
2022,49360612,,51
2022,49360613,,51
2022,49588338,,51
2022,49360614,,51
2022,49360616,,51
2022,49360617,,51
2022,49360618,,51
2022,49360619,,51
2022,49360620,,51
2022,49360621,,51
2022,49360622,,52
2022,49360623,,51
2022,49360624,,51
2022,49360625,,51
2022,49360626,,51
2022,49360627,,51
2022,49360628,,51
2022,49360629,,51
2022,49360630,,51
2022,49360631,,51
2022,51100790,,51
2022,49360632,,51
2022,49360633,,51
2022,49360634,,51
2022,49360635,,51
2022,49360636,,51
2022,49360637,,51
2022,49360638,,51
2022,49766047,,51
2022,49463415,,51
2022,49463418,,51
2022,49463419,,51
2022,49539990,,51
2022,49539991,,51
2022,49539992,,51
2022,49464637,,51
2022,49547854,,51
2022,49547855,,51
2022,49547856,,51
2022,49553073,,51
2022,49553074,,51
2022,49553075,,51
2022,49553076,,51
2022,49553647,,51
2022,49553648,,52
2022,49553077,,51
2022,49553078,,51
2022,49563591,,51
2022,49563592,,51
2022,49563593,,51
2022,49571190,,51
2022,49571191,,51
2022,49571196,,51
2022,49571198,,51
2022,49575620,,51
2022,49575621,,51
2022,49575622,,51
2022,50088034,,51
2022,50088035,,51
2022,50088036,,51
2022,49575623,,51
2022,49575624,,51
2022,49575625,,51
2022,49575626,,51
2022,49588339,,51
2022,49588340,,51
2022,49588341,,51
2022,49588342,,51
2022,51199053,,51
2022,49784902,,51
2022,49592809,,51
2022,49605572,,51
2022,49605573,,51
2022,49605574,,51
2022,49605575,,51
2022,49605576,,51
2022,49605577,,51
2022,49605578,,51
2022,49624909,,51
2022,49624910,,51
2022,49624912,,52
2022,49626672,,51
2022,50704264,,51
2022,50704265,,51
2022,50704266,,51
2022,50704267,,51
2022,50704268,,51
2022,49632912,,51
2022,49632913,,3
2022,49632914,,3
2022,49632915,,51
2022,49634479,,51
2022,51281193,,51
2022,49969188,,52
2022,49969189,,51
2022,49969191,,51
2022,49969192,,51
2022,46620773,,51
2022,46620774,,51
2022,45230874,,51
2022,45231510,,51
2022,45280452,,51
2022,45132800,,51
2022,45132801,,51
2022,45133722,,51
2022,45132802,,51
2022,45331183,,51
2022,45489155,,51
2022,45489157,,51
2022,45228144,,51
2022,45228145,,51
2022,45228146,,51
2022,45490806,,51
2022,45228147,,51
2022,45263036,,51
2022,45496902,,3
2022,45499465,,51
2022,45499466,,51
2022,45563298,,52
2022,46276722,,51
2022,45563299,,51
2022,45563300,,51
2022,45699862,,51
2022,45699863,,51
2022,45623062,,51
2022,48163116,,51
2022,45623063,,51
2022,45623064,,51
2022,46280589,,51
2022,46280590,,51
2022,45623065,,51
2022,46280967,,51
2022,45699864,,51
2022,45718234,,51
2022,45718235,,51
2022,46280968,,3
2022,46280969,,3
2022,46281714,,51
2022,46281715,,51
2022,46281716,,51
2022,49539993,,51
2022,46286656,,51
2022,46286657,,51
2022,46286658,,51
2022,46286659,,51
2022,46286660,,51
2022,46286661,,51
2022,46276723,,51
2022,46276724,,51
2022,46276725,,51
2022,46240154,,51
2022,46240155,,51
2022,46240156,,51
2022,46240157,,51
2022,46240158,,51
2022,46240159,,51
2022,46286662,,51
2022,46286663,,51
2022,46286664,,51
2022,46286665,,51
2022,46286666,,51
2022,46293687,,51
2022,46321908,,51
2022,46560946,,51
2022,46321909,,51
2022,46560947,,51
2022,46560948,,51
2022,46560949,,51
2022,46870736,,51
2022,46560950,,51
2022,46870737,,51
2022,46888136,,52
2022,46908017,,51
2022,46637423,,51
2022,46637424,,51
2022,46560951,,51
2022,46560952,,51
2022,46560953,,51
2022,46560954,,51
2022,46560956,,51
2022,46560957,,51
2022,46683237,,51
2022,46683238,,51
2022,46683239,,51
2022,46683240,,51
2022,46683241,,51
2022,46683242,,51
2022,46683243,,51
2022,46683244,,51
2022,46683245,,51
2022,46683246,,51
2022,46627550,,51
2022,47174074,,51
2022,46683248,,51
2022,47174075,,51
2022,46683250,,51
2022,46683251,,51
2022,46696995,,51
2022,46957230,,51
2022,47229350,,51
2022,46885834,,51
2022,46885835,,51
2022,46881952,,51
2022,46937931,,51
2022,46957231,,51
2022,46937932,,51
2022,47232469,,51
2022,46957232,,51
2022,46957233,,51
2022,46937933,,51
2022,46958053,,51
2022,46958054,,51
2022,47583540,,3
2022,47616016,,51
2022,47038075,,51
2022,47513190,,51
2022,47601377,,51
2022,47513191,,51
2022,47601378,,51
2022,47601379,,51
2022,47509538,,51
2022,47646318,,51
2022,47509539,,51
2022,47509540,,51
2022,48163117,,51
2022,47509541,,51
2022,47646319,,51
2022,47509542,,3
2022,47670397,,51
2022,47646320,,51
2022,47601380,,51
2022,48041252,,51
2022,48045708,,51
2022,47601381,,51
2022,47601382,,51
2022,47511725,,51
2022,48099163,,51
2022,47511726,,51
2022,47509544,,51
2022,48029113,,51
2022,47600001,,51
2022,47601383,,51
2022,48140385,,51
2022,48140613,,51
2022,47692860,,51
2022,47847301,,51
2022,47847302,,51
2022,47849379,,3
2022,47847303,,51
2022,47847304,,51
2022,47847305,,51
2022,47847306,,51
2022,47847307,,51
2022,47847308,,51
2022,47847309,,51
2022,47847310,,51
2022,48188356,,51
2022,47847311,,51
2022,47847312,,51
2022,48270892,,51
2022,48274595,,51
2022,48274596,,51
2022,48274597,,51
2022,47996064,,51
2022,48274598,,51
2022,49361129,,51
2022,48029114,,51
2022,48029115,,51
2022,48348628,,51
2022,48084484,,51
2022,48084485,,51
2022,48163118,,51
2022,48378392,,51
2022,48577699,,51
2022,50631055,,51
2022,48577700,,51
2022,48163122,,51
2022,48163123,,51
2022,48179323,,51
2022,48179324,,51
2022,48751237,,51
2022,48378394,,51
2022,48378395,,51
2022,48378396,,51
2022,48378397,,51
2022,48378398,,51
2022,48812754,,51
2022,48812755,,51
2022,48437597,,51
2022,48812756,,51
2022,48812757,,51
2022,48437599,,51
2022,49361130,,51
2022,48812758,,51
2022,48539836,,51
2022,49361131,,51
2022,49361132,,51
2022,49361133,,51
2022,48539837,,51
2022,48539838,,9
2022,48898842,,51
2022,48539839,,51
2022,48539840,,51
2022,48539841,,51
2022,49836647,,51
2022,48898843,,51
2022,48875444,,51
2022,48905624,,51
2022,49361135,,51
2022,49361136,,51
2022,48898844,,51
2022,48979314,,51
2022,48979315,,51
2022,49361137,,51
2022,49361138,,51
2022,49361139,,51
2022,49361140,,51
2022,49361141,,51
2022,49463424,,51
2022,49464638,,51
2022,49361144,,51
2022,49361145,,51
2022,49361146,,51
2022,49361147,,51
2022,49361148,,51
2022,49361149,,51
2022,49361150,,51
2022,49361151,,51
2022,49539994,,51
2022,49361152,,51
2022,49361153,,51
2022,49361154,,51
2022,49898213,,51
2022,49361156,,51
2022,49949483,,51
2022,49361157,,51
2022,49553079,,51
2022,49836648,,51
2022,49836649,,51
2022,49898050,,51
2022,49898051,,51
2022,49898052,,51
2022,49898053,,51
2022,49898054,,51
2022,49898055,,51
2022,49977827,,51
2022,49898057,,51
2022,49898058,,51
2022,49898059,,51
2022,49898060,,51
2022,45495514,,51
2022,45653974,,51
2022,46561024,,51
2022,46977900,,51
2022,47774868,,51
2022,48122876,,51
2022,48591984,,3
2022,48591985,,51
2022,48761136,,51
2022,49361364,,51
2022,50971351,,51
2022,51048542,,51
2022,51048544,,51
2022,51052128,,3
2022,51053298,,51
2022,51053299,,51
2022,51119744,,51
2022,51119745,,51
2022,51121692,,51
2022,46872674,,51
2022,46872675,,51
2022,47991601,,51
2022,47991602,,51
2022,44977108,,51
2022,44977109,,51
2022,45007231,,51
2022,45097269,,51
2022,45133723,,51
2022,45214270,,51
2022,45219132,,51
2022,45228148,,51
2022,45331184,,51
2022,45516729,,51
2022,45529428,,51
2022,45623066,,51
2022,45699865,,51
2022,45714335,,51
2022,45714336,,51
2022,45825514,,51
2022,45794790,,51
2022,45764408,,51
2022,45794791,,51
2022,45964548,,51
2022,45999778,,51
2022,46034096,,51
2022,46150846,,51
2022,46259317,,51
2022,46240160,,51
2022,46250500,,51
2022,46259318,,51
2022,46259319,,51
2022,46280970,,51
2022,46282741,,51
2022,46286667,,51
2022,46297062,,51
2022,46305975,,51
2022,47697417,,51
2022,46562045,,51
2022,46562046,,51
2022,46562047,,51
2022,46562048,,51
2022,46562049,,51
2022,46562050,,51
2022,46562051,,51
2022,46562052,,51
2022,46562053,,51
2022,46610000,,51
2022,46683276,,51
2022,46697078,,51
2022,46748624,,51
2022,46766090,,51
2022,46886731,,51
2022,46915167,,51
2022,46958055,,51
2022,46977927,,51
2022,46985405,,51
2022,47081379,,51
2022,47078030,,51
2022,48581890,,51
2022,47247572,,51
2022,47280281,,51
2022,47319988,,51
2022,49363296,,51
2022,47619283,,51
2022,47619284,,51
2022,47600002,,51
2022,47600004,,51
2022,47670399,,51
2022,47675725,,51
2022,47681639,,51
2022,47697419,,51
2022,47770052,,51
2022,47814920,,51
2022,47792572,,51
2022,47847313,,51
2022,47931567,,51
2022,47920437,,51
2022,47931568,,51
2022,47931569,,51
2022,47996065,,51
2022,48028164,,51
2022,48029116,,51
2022,48069785,,51
2022,48084486,,51
2022,48084487,,51
2022,48143066,,51
2022,48144227,,51
2022,48270893,,51
2022,48366129,,51
2022,48270894,,51
2022,48270895,,51
2022,49363297,,51
2022,48331419,,51
2022,48331420,,51
2022,48382853,,51
2022,48464545,,51
2022,48490940,,51
2022,48478304,,51
2022,48490941,,51
2022,48498273,,51
2022,48581102,,51
2022,48577701,,51
2022,48647462,,51
2022,48709230,,51
2022,48741102,,51
2022,48751238,,51
2022,48762431,,51
2022,48762432,,51
2022,48839394,,51
2022,48839395,,51
2022,48839396,,51
2022,49363298,,51
2022,49363299,,51
2022,49363300,,51
2022,49363301,,51
2022,49363302,,51
2022,49363303,,51
2022,49363304,,51
2022,49363305,,51
2022,49454883,,51
2022,49464639,,51
2022,49464640,,51
2022,49559842,,51
2022,49592810,,51
2022,49592811,,51
2022,49592812,,51
2022,50003920,,51
2022,49607627,,51
2022,49592813,,51
2022,49605579,,51
2022,48280569,,51
2022,48280570,,51
2022,48280571,,51
2022,48432915,,52
2022,48708139,,51
2022,48708140,,51
2022,49363347,,51
2022,49626673,,51
2022,46562165,,51
2022,46562166,,51
2022,46562169,,51
2022,46562170,,51
2022,46562171,,51
2022,46562172,,51
2022,46562173,,51
2022,46562174,,51
2022,46627582,,51
2022,46627583,,51
2022,46627584,,51
2022,46629728,,51
2022,46629729,,53
2022,46637529,,51
2022,46970224,,51
2022,46977936,,7
2022,46977937,,51
2022,46977938,,51
2022,50648760,,51
2022,46985407,,51
2022,46985408,,51
2022,47434383,,51
2022,47440480,,51
2022,47508085,,51
2022,47670400,,51
2022,47674876,,51
2022,47675726,,51
2022,47681640,,51
2022,47991603,,51
2022,47991604,,51
2022,47995533,,51
2022,48041253,,51
2022,48045746,,51
2022,48048402,,51
2022,48121047,,51
2022,48346712,,51
2022,48348629,,51
2022,48348630,,51
2022,48348631,,51
2022,48348632,,51
2022,48979316,,51
2022,48366130,,51
2022,48472601,,51
2022,48577702,,51
2022,48749431,,51
2022,48751239,,51
2022,49363425,,51
2022,49363426,,51
2022,49363427,,51
2022,49363428,,51
2022,49363429,,3
2022,49363429,,52
2022,49363430,,51
2022,50457812,,51
2022,50457817,,51
2022,50457819,,51
2022,50485487,,51
2022,50633256,,51
2022,44956157,,51
2022,45090389,,51
2022,46282742,,51
2022,45764409,,51
2022,45764410,,51
2022,46562305,,51
2022,46240161,,51
2022,46289704,,51
2022,46289705,,51
2022,46562306,,51
2022,46350189,,51
2022,46562307,,51
2022,46562308,,51
2022,46562309,,51
2022,46562310,,51
2022,46562311,,51
2022,46562312,,51
2022,46683300,,51
2022,46824450,,51
2022,46937934,,51
2022,46937935,,51
2022,46937936,,51
2022,46937937,,51
2022,50462875,,51
2022,47399948,,51
2022,47399949,,51
2022,47399950,,51
2022,46937938,,51
2022,46977939,,51
2022,47280284,,51
2022,47280285,,51
2022,47991605,,51
2022,47991606,,51
2022,47440481,,51
2022,47601384,,51
2022,47646321,,51
2022,47745423,,51
2022,50462876,,51
2022,50462877,,51
2022,50462878,,51
2022,47770053,,51
2022,49888829,,51
2022,48348634,,51
2022,48167143,,51
2022,48178145,,51
2022,48178146,,51
2022,48178147,,51
2022,48178148,,51
2022,48261311,,51
2022,48348635,,51
2022,48895116,,51
2022,48456105,,51
2022,49828498,,51
2022,50462879,,51
2022,50462880,,51
2022,48756380,,51
2022,48875445,,51
2022,49363612,,51
2022,49363613,,51
2022,49363614,,51
2022,49363615,,51
2022,49363616,,51
2022,49363617,,51
2022,49363618,,51
2022,49363619,,51
2022,49363620,,51
2022,49363621,,51
2022,49363622,,51
2022,49632916,,51
2022,49553649,,51
2022,49632917,,51
2022,49666609,,51
2022,51039125,,51
2022,48029119,,51
2022,48029120,,51
2022,48029121,,51
2022,48029122,,51
2022,48029125,,51
2022,48029126,,51
2022,48029127,,51
2022,48029128,,51
2022,48029129,,51
2022,48029130,,51
2022,48914028,,51
2022,48029134,,51
2022,48029135,,51
2022,48029136,,51
2022,48029137,,51
2022,48029138,,51
2022,48041254,,51
2022,48041255,,51
2022,48041256,,51
2022,48041257,,51
2022,48041258,,51
2022,48041259,,51
2022,48041260,,51
2022,48041261,,51
2022,48041262,,51
2022,48041263,,51
2022,48041264,,51
2022,48041265,,51
2022,48041266,,51
2022,48041267,,51
2022,48041268,,51
2022,48914029,,51
2022,48041270,,51
2022,48043310,,51
2022,48043311,,51
2022,48043312,,51
2022,48043313,,51
2022,48084488,,51
2022,48084489,,51
2022,48084492,,51
2022,48084493,,51
2022,48084494,,51
2022,48084495,,51
2022,48084496,,51
2022,48084497,,51
2022,48084498,,51
2022,48084499,,51
2022,48084500,,51
2022,48084501,,51
2022,48084502,,51
2022,48084503,,51
2022,48084504,,51
2022,48084506,,51
2022,48086638,,51
2022,48099180,,51
2022,48099182,,51
2022,48099185,,51
2022,48099186,,51
2022,48099198,,51
2022,48099201,,51
2022,48099216,,51
2022,50844980,,51
2022,48099230,,51
2022,48099231,,51
2022,48099256,,51
2022,48122877,,51
2022,48122880,,51
2022,48122881,,51
2022,48122882,,51
2022,48122883,,51
2022,48122884,,51
2022,48122885,,51
2022,48122886,,51
2022,48122887,,51
2022,48122888,,51
2022,48122889,,51
2022,48122890,,51
2022,48122891,,51
2022,48122892,,51
2022,48122893,,51
2022,49836784,,51
2022,48122894,,51
2022,48122895,,3
2022,48122896,,51
2022,48122897,,51
2022,48122898,,51
2022,48122899,,53
2022,48122900,,51
2022,48122901,,51
2022,48122902,,51
2022,48122904,,51
2022,48122905,,51
2022,48122906,,51
2022,48122907,,51
2022,48143067,,51
2022,48144228,,51
2022,48144229,,51
2022,48144230,,51
2022,48144231,,51
2022,50848192,,51
2022,48144233,,51
2022,48144234,,51
2022,48144235,,51
2022,48144236,,52
2022,48144237,,51
2022,48144238,,51
2022,48144239,,51
2022,48144240,,51
2022,48144241,,51
2022,48144243,,51
2022,48144244,,51
2022,48144247,,51
2022,51543830,,51
2022,48144248,,51
2022,48144249,,51
2022,48144250,,51
2022,48144251,,51
2022,48144253,,51
2022,48144254,,51
2022,48144255,,51
2022,48144258,,51
2022,48144260,,51
2022,48144261,,51
2022,48144262,,51
2022,48144263,,51
2022,48144264,,51
2022,48144267,,51
2022,48144268,,51
2022,48144269,,51
2022,48144270,,51
2022,48144271,,51
2022,48144273,,51
2022,48144274,,51
2022,48144276,,51
2022,48151563,,51
2022,48151564,,51
2022,48151565,,51
2022,48099260,,51
2022,48163124,,51
2022,48163125,,51
2022,48163126,,53
2022,48163127,,51
2022,48163128,,51
2022,48163129,,51
2022,48188357,,51
2022,48188358,,51
2022,48188359,,51
2022,48270896,,51
2022,48270897,,51
2022,48270898,,51
2022,48274599,,51
2022,48280572,,51
2022,48280573,,51
2022,48280574,,51
2022,48280575,,51
2022,48348636,,51
2022,48348637,,51
2022,48366131,,51
2022,48432919,,52
2022,48366133,,51
2022,48366134,,51
2022,48378399,,52
2022,48379041,,51
2022,48379042,,51
2022,48379043,,51
2022,48379044,,51
2022,48379045,,51
2022,48379046,,52
2022,48426899,,51
2022,48426900,,51
2022,48432920,,51
2022,48432921,,51
2022,48432922,,51
2022,48432925,,51
2022,48432926,,51
2022,48432927,,51
2022,48432928,,51
2022,48432930,,51
2022,48438238,,51
2022,48438239,,51
2022,48438241,,51
2022,48457350,,51
2022,48457351,,51
2022,48457353,,51
2022,48741103,,51
2022,48741104,,51
2022,48741897,,51
2022,48741898,,51
2022,48741899,,51
2022,48751240,,51
2022,48751241,,51
2022,48806445,,51
2022,48806446,,51
2022,48895117,,51
2022,48895118,,51
2022,48898845,,51
2022,48898846,,51
2022,49363819,,51
2022,48914030,,51
2022,48946365,,51
2022,48994376,,51
2022,49363820,,51
2022,49363821,,51
2022,49363822,,51
2022,49363823,,51
2022,49363824,,51
2022,49363825,,51
2022,49363826,,51
2022,49363827,,51
2022,49363828,,51
2022,49363829,,51
2022,49363830,,3
2022,49363831,,51
2022,49363832,,51
2022,49363833,,51
2022,49363834,,51
2022,49363835,,3
2022,49363836,,51
2022,49363837,,51
2022,49363838,,51
2022,49363839,,51
2022,49363840,,51
2022,49363841,,51
2022,49363842,,51
2022,49363843,,51
2022,49363844,,51
2022,49363845,,51
2022,49363846,,51
2022,49363847,,51
2022,49363848,,51
2022,49363849,,51
2022,49363851,,51
2022,49363852,,51
2022,49363853,,51
2022,49363854,,51
2022,49363855,,51
2022,49363856,,51
2022,49363857,,52
2022,49363858,,51
2022,49363859,,51
2022,49363860,,51
2022,49363861,,51
2022,49363862,,51
2022,49363863,,51
2022,49363864,,51
2022,49363865,,51
2022,49363866,,51
2022,49363867,,51
2022,49363868,,51
2022,49363869,,51
2022,49363870,,51
2022,49363871,,51
2022,49363872,,51
2022,49363873,,51
2022,49363874,,51
2022,49363875,,51
2022,49363876,,52
2022,49363877,,51
2022,49363878,,51
2022,49363879,,51
2022,49363880,,51
2022,49363881,,51
2022,49464641,,51
2022,49464642,,52
2022,49464643,,51
2022,49464644,,51
2022,49464645,,51
2022,49547859,,51
2022,49547860,,51
2022,49547861,,51
2022,49547862,,51
2022,49547863,,51
2022,49547864,,52
2022,49547865,,51
2022,49553650,,51
2022,49553651,,51
2022,49553652,,53
2022,49553653,,51
2022,49553654,,51
2022,49553655,,52
2022,49553656,,51
2022,49553657,,51
2022,49553658,,51
2022,49553659,,51
2022,49553660,,51
2022,49553661,,51
2022,49553662,,51
2022,49605580,,51
2022,49607628,,51
2022,49607629,,51
2022,49609904,,52
2022,49609905,,51
2022,49626674,,51
2022,49626675,,51
2022,49626676,,51
2022,49626677,,51
2022,49626678,,51
2022,49626679,,51
2022,49634482,,51
2022,49634483,,51
2022,49634484,,51
2022,49609906,,51
2022,49609907,,51
2022,49634485,,51
2022,49634486,,51
2022,49634487,,51
2022,49766756,,51
2022,49766757,,51
2022,49766759,,51
2022,49766760,,51
2022,49766761,,51
2022,49766762,,52
2022,49766763,,51
2022,49766764,,51
2022,49766765,,51
2022,49790676,,51
2022,49790677,,51
2022,49790678,,51
2022,49977875,,51
2022,49828499,,51
2022,50772048,,51
2022,50772049,,51
2022,49828502,,3
2022,49836785,,52
2022,49836786,,51
2022,49836787,,51
2022,49836788,,51
2022,49836789,,51
2022,49836790,,51
2022,49836791,,51
2022,49977876,,51
2022,49950252,,51
2022,49950254,,51
2022,49969259,,51
2022,49969260,,51
2022,49977877,,51
2022,49977878,,51
2022,49977881,,51
2022,49977882,,51
2022,49977883,,51
2022,44965681,,51
2022,44965682,,51
2022,44965684,,51
2022,45323160,,51
2022,45950928,,51
2022,45950929,,51
2022,45950930,,51
2022,45964549,,51
2022,46350190,,51
2022,46742545,,9
2022,46344897,,51
2022,46562610,,9
2022,46562611,,9
2022,46562612,,9
2022,46562613,,9
2022,46562614,,9
2022,46562615,,9
2022,46562616,,9
2022,46562617,,9
2022,46562618,,51
2022,46562619,,51
2022,46742547,,51
2022,46875712,,51
2022,46890455,,51
2022,46970227,,51
2022,47291231,,51
2022,47195404,,3
2022,47382748,,51
2022,47499594,,51
2022,47499595,,51
2022,47748834,,51
2022,47770054,,9
2022,47770055,,51
2022,47834487,,51
2022,47842430,,51
2022,47842431,,51
2022,48261312,,51
2022,48346713,,51
2022,48348638,,51
2022,48366135,,51
2022,48348639,,51
2022,48366136,,51
2022,48495401,,51
2022,48495402,,51
2022,48741105,,51
2022,50054834,,51
2022,48762879,,51
2022,48795191,,51
2022,48875446,,51
2022,49364471,,51
2022,49364472,,51
2022,49364473,,51
2022,49364474,,51
2022,50063125,,51
2022,50054836,,51
2022,49766767,,51
2022,45222871,,3
2022,48806447,,51
2022,46821123,,51
2022,48491868,,51
2022,45263037,,51
2022,45263038,,51
2022,45263039,,51
2022,45263040,,51
2022,45245618,,51
2022,45263041,,51
2022,45263042,,51
2022,45263043,,51
2022,45263044,,51
2022,45263045,,51
2022,45263046,,51
2022,45263047,,51
2022,45263048,,51
2022,45263049,,51
2022,45263050,,51
2022,45263051,,51
2022,45263052,,51
2022,45263053,,51
2022,46937952,,51
2022,46937953,,51
2022,46697048,,51
2022,46697049,,51
2022,46697050,,51
2022,45263056,,51
2022,45263057,,51
2022,45263058,,51
2022,45263059,,51
2022,45263060,,51
2022,45263061,,51
2022,45263063,,51
2022,45263064,,51
2022,45263065,,51
2022,45267622,,51
2022,47093854,,51
2022,47093855,,51
2022,45267625,,7
2022,45267626,,51
2022,45267627,,51
2022,45267628,,51
2022,45267629,,51
2022,45267630,,51
2022,45267631,,51
2022,45267632,,51
2022,45267633,,51
2022,47280291,,51
2022,45267634,,51
2022,45267635,,51
2022,45267636,,51
2022,45267637,,51
2022,45267638,,51
2022,47093856,,51
2022,47093857,,51
2022,45279591,,51
2022,45279592,,51
2022,46561553,,51
2022,45279597,,51
2022,45279598,,51
2022,45279599,,51
2022,45279600,,51
2022,45279601,,51
2022,45279602,,51
2022,45279603,,51
2022,45279604,,51
2022,45279605,,51
2022,45279606,,51
2022,45279607,,51
2022,45279608,,51
2022,45326513,,51
2022,45323161,,51
2022,45323162,,51
2022,45323163,,51
2022,45326514,,51
2022,45326515,,51
2022,45326516,,51
2022,47093858,,51
2022,45323165,,51
2022,47681646,,51
2022,47280292,,51
2022,45323166,,51
2022,45323167,,51
2022,45323168,,51
2022,45326517,,51
2022,45326518,,51
2022,45323169,,51
2022,45323170,,51
2022,45323171,,51
2022,45323172,,51
2022,45323173,,51
2022,45323174,,51
2022,45323177,,51
2022,45326519,,51
2022,45326520,,51
2022,45326521,,51
2022,45326522,,51
2022,47093860,,51
2022,47093861,,51
2022,45327009,,51
2022,45327010,,51
2022,45327011,,51
2022,45327012,,51
2022,45327013,,51
2022,45327014,,51
2022,45327015,,51
2022,45327016,,51
2022,45327017,,51
2022,45327018,,51
2022,45327019,,51
2022,45327020,,51
2022,45327021,,51
2022,45327022,,51
2022,45327024,,51
2022,46561554,,51
2022,45343479,,51
2022,45356412,,51
2022,45356415,,51
2022,45356417,,51
2022,45356418,,51
2022,45356419,,51
2022,45356422,,51
2022,45356424,,3
2022,45356425,,3
2022,45356426,,3
2022,45356427,,3
2022,45356428,,51
2022,45356429,,51
2022,45356430,,51
2022,45453262,,51
2022,47113907,,51
2022,46937954,,51
2022,46937955,,51
2022,48456110,,51
2022,45453264,,51
2022,45453265,,51
2022,47093863,,51
2022,47093864,,51
2022,47093865,,51
2022,45453270,,51
2022,45453271,,51
2022,45453272,,51
2022,45453273,,51
2022,45453275,,51
2022,45453276,,51
2022,45489161,,51
2022,45489163,,51
2022,45485674,,51
2022,45485675,,51
2022,45489164,,51
2022,45489165,,51
2022,45489166,,51
2022,45489167,,51
2022,45489168,,51
2022,45489169,,51
2022,45489170,,51
2022,45489171,,51
2022,45489172,,51
2022,45489173,,51
2022,45489175,,51
2022,45489176,,51
2022,45489179,,51
2022,45489180,,3
2022,45489181,,51
2022,45489182,,51
2022,45489183,,51
2022,47113908,,51
2022,47113909,,51
2022,45489186,,51
2022,45489188,,51
2022,45489189,,51
2022,47113910,,51
2022,45489192,,51
2022,45489193,,51
2022,45492134,,51
2022,45495515,,51
2022,45495516,,51
2022,45495517,,51
2022,45495518,,51
2022,45495519,,51
2022,45495520,,51
2022,45495521,,51
2022,45495522,,51
2022,45495523,,51
2022,45495524,,51
2022,45495525,,51
2022,45495526,,51
2022,45495527,,51
2022,45495528,,51
2022,45495529,,51
2022,46561555,,51
2022,46561556,,51
2022,45495530,,7
2022,45495531,,51
2022,45509324,,51
2022,45509325,,51
2022,45509326,,51
2022,45509327,,51
2022,45509328,,51
2022,48456111,,51
2022,45509329,,51
2022,45509330,,51
2022,45509331,,51
2022,45509332,,51
2022,45509333,,51
2022,45509334,,51
2022,45509335,,51
2022,45509336,,51
2022,45509337,,51
2022,45509338,,51
2022,45509339,,51
2022,47093866,,51
2022,47093867,,51
2022,47093868,,51
2022,45509344,,51
2022,45509345,,51
2022,47113911,,51
2022,47113912,,51
2022,47113913,,51
2022,48456112,,51
2022,45509350,,3
2022,45509351,,51
2022,45529431,,51
2022,45529432,,51
2022,45529433,,51
2022,45529435,,51
2022,45529436,,51
2022,45529439,,51
2022,45529440,,3
2022,45529441,,3
2022,45529442,,3
2022,45529443,,3
2022,45529444,,51
2022,45529445,,51
2022,45529446,,51
2022,47093870,,51
2022,45529449,,51
2022,45529450,,51
2022,45529451,,51
2022,45529452,,51
2022,45529453,,51
2022,45529455,,51
2022,45529456,,51
2022,45529457,,51
2022,45529458,,51
2022,45529459,,51
2022,45529460,,51
2022,45529461,,7
2022,45529462,,51
2022,45560243,,51
2022,45560244,,51
2022,45560245,,51
2022,47113914,,7
2022,47113915,,51
2022,45560248,,51
2022,45560249,,51
2022,45560250,,51
2022,45560251,,51
2022,47093871,,51
2022,47093872,,51
2022,47093873,,51
2022,47093874,,51
2022,45560256,,51
2022,45560257,,51
2022,45560258,,51
2022,45560259,,51
2022,45560260,,51
2022,45560261,,51
2022,45560262,,51
2022,45560263,,51
2022,45560264,,51
2022,47113916,,51
2022,47113917,,51
2022,45560267,,51
2022,45560268,,51
2022,45560269,,51
2022,45560270,,51
2022,45560271,,51
2022,45560272,,51
2022,45560273,,51
2022,45560274,,51
2022,45560275,,51
2022,45560276,,51
2022,45560277,,51
2022,45560278,,51
2022,46937956,,51
2022,45560279,,51
2022,45560280,,51
2022,45560281,,51
2022,45560282,,51
2022,45560283,,51
2022,45560284,,51
2022,45623068,,51
2022,45623069,,3
2022,45623070,,3
2022,46937957,,51
2022,45623071,,51
2022,45623072,,51
2022,45623073,,51
2022,45623074,,51
2022,45623075,,51
2022,45623076,,51
2022,45623077,,51
2022,45623078,,51
2022,45623079,,51
2022,45623080,,51
2022,45623081,,51
2022,45623082,,51
2022,45623083,,51
2022,45623084,,51
2022,45623085,,51
2022,45623086,,51
2022,45623087,,51
2022,45623088,,51
2022,45623090,,51
2022,45623091,,51
2022,45640267,,51
2022,45640271,,3
2022,45640273,,51
2022,45640274,,51
2022,45640276,,51
2022,45640277,,51
2022,45640278,,51
2022,45640279,,51
2022,45640280,,51
2022,45640282,,51
2022,47093876,,51
2022,47093877,,51
2022,47093878,,51
2022,47093879,,51
2022,45640289,,51
2022,45640290,,51
2022,45640292,,51
2022,45640293,,51
2022,45640294,,51
2022,45640295,,51
2022,45640296,,51
2022,45653975,,51
2022,45653976,,51
2022,45653977,,51
2022,45653978,,51
2022,45653979,,51
2022,45662949,,51
2022,45662950,,51
2022,45662951,,51
2022,45680182,,51
2022,45680183,,51
2022,45680184,,51
2022,45680185,,51
2022,47113918,,51
2022,45680187,,51
2022,45680188,,3
2022,45680189,,51
2022,45680190,,51
2022,45680191,,51
2022,45680192,,51
2022,45680193,,51
2022,45699869,,51
2022,45699870,,51
2022,45699871,,51
2022,45699872,,51
2022,45699873,,51
2022,47113919,,51
2022,47113920,,51
2022,47113921,,51
2022,47113922,,51
2022,45699878,,51
2022,45699879,,51
2022,45699880,,3
2022,45699881,,51
2022,45699882,,51
2022,45699883,,51
2022,45699884,,51
2022,45699885,,51
2022,46937958,,51
2022,45699886,,51
2022,45699887,,3
2022,45699888,,3
2022,45699889,,51
2022,45699890,,51
2022,45699891,,51
2022,45699892,,51
2022,45699893,,51
2022,45712571,,51
2022,45714337,,51
2022,45714338,,51
2022,46937959,,51
2022,48456113,,51
2022,45714339,,51
2022,45714340,,3
2022,45714341,,51
2022,45714342,,51
2022,45714343,,51
2022,45714344,,51
2022,45714345,,51
2022,45714346,,51
2022,45714347,,51
2022,45714348,,51
2022,45714349,,51
2022,45714350,,51
2022,45714351,,51
2022,45714352,,51
2022,45714353,,51
2022,45714354,,51
2022,45714355,,51
2022,45714356,,51
2022,45714357,,51
2022,45714358,,51
2022,47280293,,51
2022,45714359,,51
2022,45764413,,51
2022,45764414,,51
2022,46561558,,51
2022,45764416,,51
2022,45764417,,51
2022,45764418,,51
2022,46561559,,51
2022,45764419,,51
2022,45764420,,51
2022,45764421,,51
2022,45764422,,51
2022,45764423,,51
2022,47113923,,51
2022,45764425,,51
2022,45764426,,51
2022,45764427,,51
2022,45764428,,51
2022,46561560,,51
2022,45764429,,51
2022,45764430,,51
2022,45829638,,51
2022,45794794,,51
2022,45796274,,51
2022,47681648,,51
2022,47280297,,51
2022,45808337,,51
2022,47280298,,51
2022,47280300,,51
2022,45834070,,51
2022,45932623,,51
2022,45932625,,51
2022,45932627,,51
2022,45932636,,51
2022,45932641,,51
2022,45932649,,3
2022,45932650,,51
2022,45932652,,51
2022,45932658,,3
2022,45932660,,51
2022,47093882,,51
2022,45932667,,51
2022,45932670,,51
2022,45932671,,51
2022,45932672,,51
2022,47280301,,51
2022,45932674,,51
2022,45932677,,51
2022,45932683,,51
2022,45932684,,51
2022,45932685,,51
2022,45932686,,51
2022,45932687,,51
2022,45932688,,51
2022,45950932,,51
2022,45950933,,51
2022,45950934,,51
2022,45950935,,51
2022,45950936,,51
2022,45950937,,51
2022,47093883,,51
2022,47093884,,51
2022,47093885,,51
2022,45950941,,51
2022,45950942,,51
2022,45950943,,51
2022,45950944,,51
2022,45950945,,51
2022,45950946,,51
2022,46937961,,51
2022,50212997,,51
2022,45950947,,51
2022,45950948,,51
2022,45950949,,51
2022,45950950,,51
2022,45950951,,51
2022,45950952,,51
2022,45950953,,51
2022,45950954,,51
2022,45950955,,3
2022,45950956,,3
2022,45950957,,3
2022,45950958,,51
2022,45950959,,51
2022,45950960,,51
2022,45950961,,51
2022,45950962,,51
2022,45950963,,51
2022,45950964,,51
2022,45950965,,51
2022,45950966,,51
2022,45950967,,51
2022,45999781,,51
2022,45999782,,51
2022,45999784,,51
2022,45999785,,51
2022,45999786,,51
2022,45999787,,51
2022,45999788,,51
2022,45999789,,51
2022,45999790,,51
2022,45999791,,51
2022,45999792,,51
2022,45999793,,51
2022,45999794,,51
2022,45999795,,51
2022,45999796,,51
2022,45999797,,51
2022,45999798,,51
2022,45999799,,51
2022,45999800,,51
2022,45999801,,51
2022,47280302,,51
2022,46937962,,51
2022,45999803,,51
2022,45999804,,51
2022,45999806,,51
2022,45999808,,51
2022,45999809,,51
2022,45999810,,51
2022,45999811,,51
2022,45999812,,51
2022,45999814,,51
2022,47093886,,51
2022,45999817,,51
2022,45999818,,51
2022,45999819,,51
2022,45999820,,3
2022,46561562,,51
2022,46937963,,51
2022,45999821,,51
2022,46238140,,7
2022,46238141,,51
2022,46238142,,51
2022,46238143,,51
2022,46238144,,51
2022,46238145,,51
2022,46238146,,51
2022,46238147,,51
2022,46238148,,51
2022,46238149,,51
2022,46238150,,51
2022,47093887,,51
2022,47093888,,51
2022,46245004,,51
2022,46241519,,51
2022,46244398,,51
2022,46245005,,51
2022,46245006,,51
2022,46245007,,51
2022,46245008,,51
2022,46245009,,51
2022,46245010,,51
2022,46245011,,51
2022,46245012,,51
2022,46245013,,51
2022,46245014,,51
2022,47093889,,51
2022,47093891,,51
2022,47093892,,51
2022,47093893,,51
2022,47093894,,51
2022,47093895,,51
2022,47093896,,51
2022,46245022,,51
2022,46245023,,51
2022,46245024,,51
2022,46250502,,51
2022,50213004,,51
2022,46250505,,51
2022,46250506,,51
2022,46250508,,51
2022,46250509,,51
2022,46250510,,51
2022,46250511,,51
2022,46250512,,51
2022,46250513,,51
2022,47681649,,51
2022,46250514,,51
2022,46250515,,51
2022,46937964,,51
2022,48456114,,51
2022,48456115,,51
2022,46250520,,7
2022,46250521,,51
2022,46250522,,51
2022,46250524,,51
2022,46250525,,51
2022,46250526,,51
2022,46250527,,51
2022,46250528,,51
2022,46250529,,51
2022,46250532,,51
2022,46250533,,51
2022,46250535,,51
2022,47681650,,51
2022,46250536,,51
2022,46250537,,51
2022,46250538,,51
2022,46250539,,51
2022,51199117,,51
2022,46937965,,51
2022,47093897,,51
2022,46271516,,51
2022,46271517,,51
2022,46271518,,51
2022,46271519,,51
2022,46271520,,51
2022,46271521,,51
2022,46271522,,3
2022,46271523,,51
2022,46271524,,51
2022,46271525,,51
2022,46271526,,51
2022,46271527,,51
2022,46271528,,51
2022,47093899,,51
2022,47093900,,51
2022,47093901,,51
2022,47093902,,51
2022,47093903,,51
2022,47113925,,51
2022,47113926,,51
2022,46271536,,51
2022,46271537,,51
2022,46271538,,51
2022,46271539,,51
2022,46271540,,51
2022,46271541,,51
2022,48456116,,51
2022,46271542,,51
2022,46271543,,51
2022,46271544,,51
2022,46271545,,51
2022,46271546,,51
2022,46271547,,51
2022,46271548,,51
2022,46271549,,3
2022,46271550,,51
2022,46275400,,51
2022,46275401,,51
2022,46275402,,51
2022,46275403,,51
2022,46275404,,51
2022,46275405,,51
2022,46275406,,3
2022,46275407,,51
2022,46275408,,51
2022,46275409,,51
2022,46275410,,51
2022,47113928,,51
2022,47113929,,51
2022,46275413,,51
2022,46275414,,51
2022,46275415,,51
2022,46275416,,51
2022,46275418,,51
2022,46275419,,51
2022,46275420,,51
2022,46275421,,51
2022,46275422,,51
2022,46275423,,51
2022,46277478,,51
2022,46277832,,51
2022,46277833,,51
2022,46277834,,51
2022,46277835,,51
2022,46277836,,51
2022,46277837,,51
2022,46277838,,51
2022,46277839,,51
2022,46277840,,51
2022,46277841,,51
2022,46277842,,51
2022,46277843,,51
2022,46277844,,51
2022,46277845,,51
2022,46286668,,51
2022,46286669,,51
2022,46286670,,51
2022,46286671,,51
2022,46286672,,51
2022,46286673,,51
2022,46286674,,51
2022,46286675,,51
2022,46286676,,51
2022,46286677,,51
2022,46286678,,7
2022,46286679,,51
2022,46286680,,51
2022,46286682,,51
2022,46286683,,51
2022,46286684,,51
2022,47113930,,51
2022,46286252,,51
2022,46286253,,51
2022,46286254,,51
2022,46286255,,51
2022,46286695,,51
2022,46286696,,51
2022,46286697,,51
2022,46286700,,51
2022,46286701,,51
2022,46286702,,51
2022,46286703,,51
2022,46286704,,51
2022,46286706,,51
2022,46286707,,51
2022,46286708,,51
2022,46286709,,51
2022,46289706,,51
2022,46289707,,51
2022,46289708,,51
2022,46289710,,51
2022,46289711,,51
2022,47113931,,51
2022,47113932,,51
2022,46293688,,51
2022,46293689,,51
2022,46293690,,51
2022,46293694,,51
2022,46293695,,51
2022,46293698,,51
2022,46293700,,51
2022,46293701,,51
2022,46293704,,51
2022,46293705,,51
2022,46293707,,51
2022,47113933,,51
2022,46293714,,51
2022,46293716,,51
2022,46293717,,51
2022,46293718,,51
2022,46293719,,3
2022,46293720,,3
2022,46293721,,3
2022,46293722,,3
2022,46293723,,3
2022,46293724,,3
2022,46293725,,51
2022,46293727,,51
2022,46293728,,51
2022,46293729,,51
2022,46293731,,51
2022,46297063,,51
2022,46297064,,51
2022,46297065,,51
2022,46297066,,51
2022,46297067,,51
2022,46297068,,51
2022,46297070,,51
2022,46297071,,51
2022,46297072,,51
2022,46297073,,51
2022,46297074,,51
2022,46297075,,3
2022,46321910,,51
2022,46321911,,51
2022,46321912,,51
2022,46321913,,51
2022,48456117,,51
2022,46321914,,51
2022,46321915,,51
2022,46321916,,51
2022,46321917,,3
2022,46321918,,51
2022,46321919,,51
2022,46321920,,51
2022,46321921,,51
2022,46321922,,51
2022,46321923,,51
2022,47280303,,51
2022,47280304,,51
2022,46321924,,3
2022,46321925,,3
2022,48456118,,51
2022,46321926,,51
2022,46321927,,51
2022,46321928,,51
2022,46321929,,51
2022,46321930,,51
2022,46321931,,51
2022,46344899,,51
2022,46344900,,51
2022,46344901,,51
2022,46344902,,51
2022,46344904,,51
2022,46344905,,51
2022,46344906,,51
2022,46344907,,51
2022,46344908,,51
2022,46344910,,51
2022,46344911,,7
2022,46344912,,51
2022,46344913,,7
2022,46344915,,51
2022,46344916,,51
2022,46344918,,3
2022,46350192,,51
2022,46350193,,51
2022,46350194,,51
2022,46350195,,51
2022,46350196,,51
2022,46350198,,3
2022,46350200,,51
2022,46350201,,51
2022,46350202,,51
2022,46350204,,51
2022,46350205,,51
2022,46350206,,51
2022,46350207,,51
2022,46350211,,51
2022,46350212,,51
2022,46350213,,51
2022,46350214,,51
2022,46350215,,51
2022,46561565,,51
2022,46561566,,3
2022,47113934,,51
2022,46561568,,51
2022,46561569,,51
2022,46561570,,51
2022,46561571,,51
2022,46561572,,51
2022,46561573,,51
2022,46561574,,51
2022,46561575,,51
2022,46561576,,51
2022,46561577,,51
2022,46561578,,51
2022,47113935,,51
2022,47280306,,51
2022,46561580,,51
2022,46561581,,51
2022,46561582,,51
2022,46561583,,51
2022,46561584,,51
2022,46561585,,51
2022,46561586,,51
2022,46561587,,51
2022,46561588,,51
2022,46561589,,51
2022,46561590,,51
2022,46561591,,51
2022,46561592,,51
2022,46573635,,51
2022,46561594,,51
2022,46561595,,51
2022,46561596,,51
2022,46561597,,51
2022,46561598,,51
2022,46561599,,51
2022,46561600,,51
2022,46561601,,51
2022,46561602,,51
2022,46561603,,51
2022,46561604,,51
2022,46561605,,51
2022,46561606,,51
2022,46561607,,3
2022,46561608,,51
2022,46561609,,51
2022,46561610,,51
2022,46561611,,51
2022,46561612,,51
2022,46561613,,51
2022,46561614,,51
2022,46561615,,51
2022,46561616,,51
2022,46561617,,51
2022,46561618,,51
2022,47113936,,51
2022,47113937,,51
2022,46561621,,51
2022,46561622,,51
2022,46561623,,51
2022,46561624,,51
2022,46561625,,51
2022,46561626,,51
2022,46561627,,51
2022,46561628,,51
2022,46561629,,51
2022,46561630,,51
2022,47113938,,51
2022,46561632,,51
2022,46561633,,51
2022,46561634,,51
2022,47113939,,51
2022,46561636,,3
2022,46561637,,51
2022,46561638,,51
2022,46561639,,51
2022,46561640,,51
2022,46561641,,51
2022,46561642,,51
2022,46561643,,51
2022,46561644,,51
2022,46561645,,51
2022,46561646,,51
2022,46561647,,51
2022,46561648,,51
2022,46561649,,51
2022,46561650,,51
2022,46561651,,51
2022,47113940,,51
2022,46561653,,51
2022,46561654,,51
2022,47113941,,51
2022,47113942,,51
2022,47113943,,51
2022,46561658,,51
2022,46561659,,51
2022,46561660,,51
2022,46561661,,51
2022,46561662,,51
2022,46561663,,51
2022,46561664,,51
2022,46561665,,51
2022,46561666,,51
2022,46561667,,51
2022,46561668,,51
2022,46561669,,51
2022,46561670,,51
2022,46561671,,51
2022,46561672,,51
2022,46561673,,51
2022,47113944,,51
2022,47113945,,51
2022,46561676,,51
2022,46561677,,51
2022,46561678,,51
2022,46561679,,51
2022,46561680,,51
2022,47681651,,51
2022,46561681,,51
2022,46561682,,51
2022,46561683,,51
2022,46561684,,51
2022,46561685,,51
2022,47113946,,51
2022,46561687,,51
2022,46561688,,51
2022,46561689,,51
2022,46561690,,51
2022,46561691,,51
2022,46561692,,51
2022,46561693,,51
2022,46561694,,51
2022,46561695,,51
2022,48456119,,51
2022,46561697,,51
2022,46561698,,51
2022,46561699,,51
2022,46561700,,3
2022,46561701,,51
2022,46561702,,51
2022,46561703,,51
2022,46561704,,51
2022,46561705,,51
2022,46561706,,51
2022,46561707,,51
2022,46561708,,51
2022,46561709,,51
2022,46561710,,51
2022,46561711,,51
2022,46561712,,51
2022,47113947,,51
2022,46561714,,51
2022,46561715,,51
2022,46561716,,51
2022,46561717,,51
2022,46561718,,51
2022,46561719,,51
2022,46561720,,51
2022,46561721,,51
2022,46561722,,51
2022,46561723,,51
2022,46561724,,51
2022,47280307,,51
2022,48456120,,51
2022,46561725,,51
2022,46561726,,51
2022,46561727,,51
2022,46561728,,3
2022,46561729,,51
2022,46561730,,51
2022,46561731,,51
2022,46561732,,51
2022,46561733,,51
2022,47113948,,51
2022,46561735,,51
2022,46561736,,51
2022,46561737,,51
2022,46561738,,51
2022,46561739,,51
2022,46561740,,51
2022,46561741,,51
2022,46561742,,51
2022,46561743,,51
2022,46561744,,51
2022,46561745,,51
2022,46561746,,51
2022,46561747,,51
2022,46561748,,51
2022,46561749,,51
2022,46561750,,51
2022,46561754,,51
2022,46561755,,51
2022,46561756,,51
2022,46561757,,51
2022,46561758,,51
2022,46561759,,51
2022,46561760,,51
2022,46561761,,51
2022,46561762,,51
2022,46561763,,51
2022,46561764,,51
2022,46561765,,51
2022,46561766,,3
2022,46561767,,51
2022,47113949,,51
2022,46561769,,3
2022,51199118,,51
2022,48456121,,51
2022,46561770,,51
2022,47113950,,51
2022,47113951,,51
2022,46561773,,51
2022,46561774,,51
2022,46561775,,51
2022,46561776,,51
2022,46561777,,51
2022,46561778,,51
2022,46561779,,51
2022,46561780,,51
2022,46561781,,51
2022,46561782,,51
2022,46561783,,51
2022,46561784,,51
2022,46561785,,51
2022,46561786,,51
2022,46561787,,51
2022,46561788,,51
2022,46561789,,3
2022,46561790,,51
2022,46561791,,51
2022,46561792,,51
2022,46561793,,51
2022,46561794,,51
2022,46561795,,51
2022,46561796,,3
2022,46561797,,51
2022,46561798,,3
2022,46561799,,51
2022,46561800,,51
2022,46561801,,51
2022,46561802,,51
2022,46561803,,51
2022,46561804,,51
2022,46561805,,51
2022,46561806,,51
2022,46561807,,51
2022,46561808,,51
2022,46561809,,51
2022,46561810,,51
2022,46561811,,51
2022,46561812,,51
2022,46561813,,51
2022,46561814,,51
2022,46561815,,51
2022,46561816,,51
2022,46561817,,51
2022,46561818,,51
2022,46561819,,51
2022,46561820,,51
2022,46561821,,51
2022,46561822,,51
2022,46561823,,51
2022,46561824,,51
2022,46573636,,3
2022,46573637,,3
2022,46573638,,3
2022,46573639,,3
2022,46573640,,3
2022,46573641,,3
2022,46573642,,3
2022,46573643,,3
2022,46573644,,3
2022,46573645,,3
2022,46574326,,3
2022,46574327,,51
2022,46574328,,51
2022,46574329,,51
2022,46574330,,51
2022,46574331,,51
2022,46574332,,51
2022,46574333,,51
2022,47681652,,51
2022,46574335,,51
2022,46587410,,51
2022,46587411,,51
2022,46587412,,51
2022,46587413,,51
2022,46587414,,51
2022,46587415,,3
2022,46587416,,3
2022,46587417,,3
2022,46587418,,3
2022,46587419,,3
2022,46587420,,51
2022,46587421,,51
2022,46587422,,51
2022,46587423,,51
2022,46587426,,51
2022,46587427,,51
2022,46587429,,51
2022,46587430,,51
2022,48456122,,51
2022,46697051,,51
2022,46697052,,51
2022,46697053,,51
2022,46697054,,51
2022,46697055,,51
2022,46697057,,51
2022,46697058,,51
2022,46697059,,3
2022,46697060,,51
2022,46766037,,3
2022,46766038,,3
2022,46766039,,51
2022,46766040,,51
2022,46766041,,51
2022,46766042,,51
2022,46766043,,51
2022,46766044,,51
2022,46766045,,51
2022,46766046,,51
2022,46766048,,51
2022,46766049,,51
2022,46766050,,51
2022,46766051,,51
2022,46766052,,7
2022,46766053,,51
2022,46766054,,51
2022,46766055,,51
2022,46766056,,51
2022,46766057,,51
2022,46766058,,51
2022,46766059,,51
2022,46766060,,51
2022,46766061,,51
2022,46766062,,51
2022,46766063,,51
2022,46766064,,51
2022,46766065,,51
2022,46766066,,51
2022,46886733,,51
2022,46886734,,51
2022,46886735,,51
2022,46886736,,51
2022,46886737,,51
2022,46886738,,51
2022,46870738,,51
2022,46886739,,51
2022,46886740,,51
2022,46886741,,51
2022,46886742,,51
2022,46886743,,51
2022,46886744,,51
2022,46886745,,51
2022,46886746,,51
2022,47159252,,51
2022,47159253,,51
2022,47159254,,51
2022,47159255,,51
2022,47159256,,51
2022,47159257,,51
2022,47159258,,51
2022,47159259,,51
2022,47159260,,51
2022,47159261,,51
2022,47159262,,51
2022,47159263,,51
2022,47159264,,51
2022,47159265,,51
2022,47159266,,51
2022,47159267,,51
2022,47159268,,51
2022,46886764,,51
2022,46886765,,51
2022,46886766,,51
2022,46886767,,51
2022,46886768,,51
2022,46890456,,51
2022,46890457,,51
2022,46890458,,51
2022,46890459,,51
2022,46890460,,51
2022,46890461,,51
2022,46890462,,51
2022,46890463,,51
2022,46890464,,51
2022,46890465,,51
2022,46890466,,51
2022,46890467,,51
2022,46890468,,51
2022,46890469,,51
2022,46890470,,51
2022,46890471,,51
2022,46890472,,51
2022,46908021,,51
2022,46908022,,51
2022,46908023,,51
2022,46908024,,51
2022,46908025,,51
2022,46908026,,51
2022,46908027,,51
2022,46908028,,51
2022,46908029,,51
2022,47159269,,51
2022,47159270,,51
2022,46908032,,3
2022,46908033,,51
2022,46908034,,51
2022,46915168,,51
2022,46915171,,51
2022,46915172,,3
2022,46915173,,51
2022,46915174,,51
2022,46915175,,7
2022,46915176,,51
2022,46915177,,51
2022,46915178,,51
2022,46915179,,51
2022,46915180,,51
2022,46915181,,51
2022,46927888,,51
2022,46933239,,51
2022,46933240,,51
2022,46933241,,51
2022,46933242,,51
2022,46933243,,51
2022,46933244,,51
2022,46933245,,51
2022,46933246,,51
2022,46933247,,51
2022,46933248,,51
2022,46933249,,51
2022,46933250,,51
2022,46933251,,51
2022,46953643,,51
2022,46953644,,51
2022,46953645,,51
2022,46953646,,51
2022,46953647,,51
2022,46953648,,51
2022,46953649,,51
2022,46927889,,51
2022,46927890,,51
2022,46927891,,51
2022,46927892,,51
2022,46933252,,51
2022,46933253,,51
2022,46933254,,51
2022,46933255,,51
2022,46933256,,51
2022,46933257,,51
2022,46933258,,51
2022,46933259,,51
2022,46933260,,51
2022,46933261,,51
2022,46953650,,51
2022,46953651,,51
2022,46953652,,51
2022,46953653,,51
2022,46953654,,51
2022,46953655,,51
2022,46937966,,51
2022,46958056,,51
2022,46958057,,51
2022,46937967,,51
2022,46958058,,51
2022,46958059,,51
2022,48457354,,51
2022,46953656,,51
2022,48457355,,51
2022,46927893,,51
2022,46927894,,51
2022,46933262,,51
2022,47159271,,51
2022,46953658,,51
2022,46953659,,51
2022,46953660,,51
2022,46953661,,3
2022,46933263,,51
2022,46937968,,51
2022,47681654,,51
2022,46937969,,51
2022,46953662,,51
2022,47159272,,51
2022,46953664,,51
2022,46953665,,51
2022,46953666,,51
2022,46953667,,51
2022,46953668,,51
2022,46958060,,51
2022,46958061,,51
2022,46958062,,51
2022,46957234,,51
2022,46958063,,51
2022,50186920,,51
2022,46958064,,51
2022,46958065,,51
2022,47078031,,3
2022,47681655,,51
2022,47681657,,51
2022,47681658,,51
2022,46991881,,51
2022,47078037,,51
2022,47078038,,51
2022,47078040,,51
2022,47078041,,51
2022,47078042,,51
2022,47078043,,51
2022,47078044,,51
2022,47078046,,51
2022,47081380,,51
2022,47159273,,3
2022,47159274,,3
2022,47081381,,51
2022,47159275,,3
2022,47083800,,51
2022,47083801,,51
2022,47121857,,51
2022,47174076,,51
2022,47121858,,51
2022,47121859,,51
2022,47174077,,51
2022,47159276,,51
2022,47174078,,51
2022,47174079,,51
2022,47174080,,51
2022,47174081,,51
2022,47174082,,51
2022,47159277,,51
2022,48456123,,51
2022,47159278,,51
2022,47159279,,3
2022,47159280,,3
2022,47159281,,3
2022,47159282,,3
2022,47159283,,51
2022,47159284,,51
2022,47159285,,51
2022,47174083,,51
2022,47174084,,51
2022,47174085,,51
2022,47174086,,51
2022,47174087,,51
2022,47159286,,51
2022,47159287,,51
2022,47159288,,51
2022,47681660,,51
2022,50186947,,51
2022,50186975,,51
2022,47159289,,3
2022,47159290,,3
2022,47159291,,3
2022,47159292,,3
2022,47174088,,51
2022,47174089,,51
2022,47174090,,51
2022,47174091,,51
2022,47174092,,51
2022,47174093,,51
2022,47174094,,51
2022,47174095,,51
2022,47174096,,51
2022,47174097,,51
2022,47174098,,51
2022,47174099,,51
2022,47174100,,51
2022,47174101,,51
2022,47174102,,51
2022,47174103,,51
2022,47174104,,51
2022,47174105,,51
2022,47174106,,51
2022,47173706,,51
2022,47174107,,51
2022,47174108,,51
2022,47174109,,51
2022,47174110,,51
2022,47174111,,51
2022,47174112,,51
2022,47173707,,51
2022,47174113,,3
2022,47174114,,3
2022,47174115,,3
2022,47174116,,3
2022,47174117,,3
2022,47174118,,3
2022,47174119,,3
2022,47174120,,3
2022,47174121,,51
2022,47174122,,51
2022,47174123,,3
2022,47174124,,3
2022,47174125,,3
2022,47174126,,51
2022,47174127,,51
2022,47174128,,51
2022,47174129,,51
2022,47174130,,51
2022,47174131,,51
2022,47174132,,51
2022,47174133,,51
2022,47174134,,51
2022,47174135,,51
2022,47216234,,51
2022,47216235,,51
2022,47216236,,51
2022,47216237,,51
2022,47216238,,51
2022,47216239,,51
2022,47195405,,51
2022,47195406,,51
2022,47216240,,51
2022,47216241,,51
2022,47216242,,51
2022,47195407,,51
2022,47195408,,51
2022,47195409,,51
2022,47195410,,51
2022,47195411,,51
2022,50213006,,51
2022,47195412,,51
2022,47194055,,51
2022,47681661,,51
2022,47194056,,51
2022,47195413,,51
2022,47195414,,51
2022,48456124,,51
2022,47195418,,3
2022,47195419,,3
2022,47195420,,3
2022,47195421,,3
2022,47195424,,3
2022,47195425,,3
2022,47195426,,3
2022,47195427,,3
2022,47195428,,3
2022,47195429,,3
2022,47195430,,3
2022,47195431,,3
2022,47195432,,3
2022,47195433,,3
2022,47195434,,51
2022,47195435,,51
2022,47195436,,51
2022,47195437,,51
2022,47195440,,51
2022,47195441,,51
2022,47195442,,51
2022,47195443,,51
2022,47195444,,51
2022,47195445,,51
2022,47195446,,51
2022,47681662,,51
2022,47216243,,51
2022,47216244,,51
2022,47216245,,51
2022,47216246,,51
2022,47216247,,51
2022,47216248,,51
2022,47216249,,51
2022,47216250,,7
2022,47216251,,51
2022,47216252,,3
2022,47216253,,51
2022,47216254,,51
2022,47216255,,51
2022,47216256,,51
2022,47216257,,3
2022,47216258,,51
2022,47216259,,51
2022,47229352,,51
2022,47229353,,51
2022,47229354,,51
2022,47229356,,51
2022,47229357,,51
2022,47229358,,51
2022,47229359,,51
2022,47229360,,51
2022,47229362,,51
2022,47229363,,51
2022,47229364,,51
2022,47232470,,3
2022,47232471,,3
2022,47232472,,51
2022,47232473,,51
2022,47232474,,51
2022,47232475,,51
2022,47232476,,51
2022,47232477,,51
2022,47232478,,51
2022,47232479,,3
2022,47232480,,3
2022,47230899,,51
2022,47232481,,51
2022,48456125,,51
2022,47232482,,3
2022,47232483,,51
2022,47266316,,51
2022,47266317,,51
2022,47280309,,51
2022,47280310,,51
2022,47280311,,51
2022,47280312,,51
2022,47280313,,7
2022,47280315,,51
2022,47280316,,51
2022,47280317,,51
2022,47280318,,51
2022,47280319,,51
2022,47280321,,51
2022,47280322,,51
2022,47280323,,51
2022,47280324,,51
2022,47280325,,51
2022,47266318,,51
2022,47266319,,51
2022,47266320,,51
2022,47266321,,51
2022,47266322,,51
2022,47280329,,51
2022,47280332,,51
2022,47280333,,51
2022,47280337,,3
2022,47280338,,3
2022,47280341,,3
2022,47280343,,51
2022,47280344,,51
2022,47280345,,3
2022,47280347,,51
2022,47280348,,51
2022,47280349,,3
2022,47280351,,51
2022,47280352,,3
2022,47280354,,3
2022,47280355,,3
2022,47280356,,3
2022,47280358,,3
2022,47280359,,3
2022,47280361,,3
2022,47280362,,3
2022,47280363,,3
2022,47280364,,3
2022,47280365,,3
2022,47280366,,3
2022,47280368,,3
2022,47280369,,51
2022,47291237,,51
2022,47307318,,51
2022,47307319,,51
2022,47307320,,51
2022,47307321,,51
2022,47307322,,51
2022,47307323,,51
2022,47307324,,51
2022,47307325,,51
2022,47307326,,51
2022,47307327,,51
2022,47307328,,51
2022,47307329,,51
2022,47307330,,51
2022,47307331,,51
2022,47307332,,51
2022,47345806,,51
2022,47345807,,51
2022,47345808,,51
2022,47345809,,51
2022,47345810,,51
2022,47345811,,51
2022,47345812,,51
2022,47345813,,51
2022,47345814,,51
2022,47345815,,51
2022,47345816,,51
2022,47345817,,51
2022,47341013,,51
2022,47395410,,51
2022,47331221,,51
2022,47450692,,51
2022,47345818,,51
2022,47345819,,51
2022,47345820,,51
2022,47345821,,51
2022,47345822,,51
2022,47345823,,51
2022,47345824,,51
2022,47345825,,51
2022,47345826,,51
2022,47345827,,51
2022,47345828,,51
2022,47345829,,51
2022,47345830,,51
2022,47345831,,51
2022,47345832,,51
2022,47345833,,51
2022,47345834,,51
2022,47345835,,51
2022,47345836,,51
2022,47345837,,51
2022,47345838,,51
2022,47345839,,51
2022,47345840,,51
2022,47345842,,51
2022,47345843,,51
2022,47345844,,51
2022,47345845,,51
2022,47345846,,51
2022,47345847,,51
2022,47345848,,51
2022,47345849,,51
2022,47345850,,51
2022,47345851,,51
2022,47345852,,51
2022,47345853,,51
2022,47345854,,51
2022,47345855,,51
2022,47345856,,51
2022,47345857,,51
2022,47345858,,51
2022,47345859,,51
2022,47345860,,51
2022,47345861,,51
2022,47345863,,51
2022,47345864,,51
2022,47345865,,51
2022,47345866,,51
2022,47345867,,51
2022,47345868,,51
2022,47345870,,51
2022,47345871,,51
2022,47345872,,3
2022,47345873,,51
2022,47345876,,51
2022,47345877,,51
2022,47382750,,51
2022,47382753,,51
2022,47382755,,51
2022,47382756,,51
2022,50213009,,51
2022,47376659,,51
2022,47382758,,51
2022,47382759,,51
2022,47382764,,51
2022,47382767,,51
2022,47681664,,51
2022,47382770,,51
2022,47382773,,51
2022,47382776,,51
2022,47382777,,51
2022,47382778,,51
2022,47382781,,51
2022,47382782,,51
2022,47382783,,51
2022,47382785,,51
2022,47382786,,51
2022,47382787,,51
2022,47405673,,51
2022,47405674,,51
2022,47395415,,51
2022,47405675,,51
2022,47405676,,51
2022,47405677,,51
2022,47399951,,51
2022,50213011,,51
2022,47399952,,51
2022,47405678,,51
2022,47405679,,51
2022,47405680,,51
2022,47405681,,51
2022,47405682,,51
2022,47405683,,51
2022,47405684,,51
2022,47405685,,51
2022,47405686,,51
2022,47405687,,51
2022,47405688,,51
2022,47405689,,51
2022,47431324,,51
2022,47434384,,51
2022,47434385,,51
2022,47440483,,51
2022,50187025,,51
2022,50187048,,51
2022,47440484,,51
2022,47440485,,51
2022,47440486,,51
2022,47440487,,51
2022,47440488,,51
2022,47440489,,51
2022,47440490,,51
2022,50187075,,51
2022,47440491,,51
2022,47440492,,51
2022,47440493,,51
2022,47499596,,51
2022,47499597,,51
2022,47499598,,51
2022,47499599,,51
2022,47499600,,51
2022,47499601,,51
2022,47499603,,51
2022,47499605,,51
2022,47509545,,51
2022,48456126,,51
2022,48456127,,51
2022,47508087,,51
2022,47513195,,51
2022,47511727,,51
2022,47513196,,3
2022,48456128,,51
2022,47513198,,51
2022,47513199,,3
2022,47513200,,3
2022,47513201,,3
2022,47513202,,3
2022,47619285,,3
2022,47513203,,3
2022,47513204,,3
2022,47513205,,51
2022,47513206,,51
2022,47513207,,3
2022,47513208,,3
2022,47513209,,51
2022,47513210,,3
2022,47513211,,3
2022,47513212,,3
2022,47513213,,3
2022,47513214,,3
2022,47601385,,51
2022,47513215,,51
2022,47513216,,51
2022,47513217,,51
2022,47513218,,51
2022,47513219,,51
2022,47513220,,51
2022,47513221,,51
2022,47513223,,51
2022,47513224,,51
2022,47513225,,51
2022,47513226,,51
2022,47513228,,3
2022,47513231,,51
2022,47513232,,51
2022,47513233,,51
2022,47513234,,51
2022,47513235,,51
2022,47513236,,51
2022,47596359,,3
2022,47596360,,51
2022,47596361,,51
2022,47596362,,51
2022,50187100,,51
2022,47596363,,7
2022,47596364,,51
2022,50213013,,51
2022,47852277,,51
2022,47852278,,51
2022,47596365,,51
2022,47596366,,51
2022,47596367,,51
2022,47596368,,51
2022,47596369,,51
2022,47596370,,51
2022,47596371,,51
2022,47601386,,51
2022,47601387,,51
2022,47601388,,51
2022,47601389,,51
2022,47601390,,51
2022,47601391,,51
2022,47601392,,51
2022,47601393,,51
2022,47601394,,51
2022,47601395,,51
2022,47601396,,51
2022,47601397,,51
2022,47601398,,51
2022,47601399,,51
2022,47601400,,51
2022,47619286,,51
2022,47619287,,51
2022,47619288,,51
2022,47619289,,51
2022,47619290,,51
2022,47619291,,51
2022,47619292,,51
2022,47619293,,51
2022,47619294,,51
2022,47619295,,51
2022,47619296,,51
2022,47619297,,51
2022,47619298,,51
2022,47619299,,51
2022,47619300,,51
2022,47619301,,51
2022,47619302,,51
2022,47619303,,51
2022,47619304,,51
2022,48457356,,51
2022,47619305,,51
2022,47619306,,51
2022,47619307,,51
2022,47619308,,51
2022,47619309,,51
2022,47619310,,51
2022,47619311,,51
2022,47619312,,51
2022,47619313,,51
2022,47646322,,51
2022,47646323,,51
2022,47646324,,51
2022,47646325,,51
2022,47646326,,51
2022,47646327,,51
2022,47646328,,51
2022,47646329,,51
2022,47646330,,51
2022,47646331,,51
2022,47646332,,51
2022,47646333,,51
2022,47646334,,51
2022,47646335,,51
2022,47646336,,7
2022,47646337,,51
2022,50213015,,51
2022,47646338,,51
2022,47674877,,51
2022,47674878,,51
2022,47674879,,51
2022,47674880,,51
2022,47674881,,51
2022,47674882,,51
2022,47674883,,51
2022,47674884,,51
2022,47674885,,51
2022,47717539,,51
2022,47674886,,51
2022,47674887,,51
2022,47674888,,51
2022,47674889,,51
2022,47674890,,51
2022,47674891,,51
2022,47674892,,51
2022,47674893,,51
2022,47674894,,51
2022,47674895,,51
2022,47674896,,51
2022,47717548,,51
2022,47674897,,51
2022,47674898,,51
2022,47674899,,51
2022,47674900,,51
2022,47674901,,51
2022,47674902,,51
2022,47674903,,51
2022,47674904,,51
2022,47674905,,51
2022,47674906,,51
2022,47674907,,51
2022,47674908,,51
2022,47674909,,51
2022,47674910,,51
2022,47674911,,51
2022,47674912,,51
2022,47674913,,51
2022,47674914,,51
2022,47674915,,51
2022,47674916,,51
2022,47674917,,51
2022,47674918,,51
2022,47674919,,51
2022,47674920,,51
2022,47674921,,51
2022,47674922,,51
2022,50213016,,51
2022,47674924,,51
2022,47674925,,51
2022,47674926,,51
2022,47674927,,51
2022,47674928,,51
2022,47674929,,51
2022,47674930,,51
2022,47674931,,51
2022,47674932,,51
2022,47674933,,51
2022,47674934,,51
2022,47674935,,51
2022,47674936,,51
2022,47674937,,51
2022,47674938,,51
2022,47674939,,51
2022,48463589,,51
2022,48456129,,51
2022,47697422,,51
2022,50325976,,51
2022,47697424,,51
2022,47697425,,51
2022,47697426,,51
2022,47697427,,51
2022,47697428,,51
2022,47697431,,51
2022,47697432,,51
2022,47697433,,51
2022,47697435,,7
2022,47697437,,51
2022,47697438,,51
2022,47697441,,51
2022,47697442,,51
2022,47697443,,51
2022,47697444,,51
2022,47697446,,51
2022,47697447,,51
2022,47697448,,51
2022,47697449,,51
2022,47697450,,51
2022,47697451,,51
2022,47697452,,51
2022,47697455,,51
2022,47697456,,51
2022,47697457,,51
2022,47697458,,51
2022,47697459,,51
2022,47697460,,51
2022,47697461,,51
2022,47697462,,51
2022,47697464,,51
2022,47697466,,51
2022,47697467,,51
2022,47697469,,51
2022,47697470,,51
2022,47697472,,51
2022,47697473,,51
2022,47697474,,51
2022,47697475,,51
2022,48456130,,51
2022,47697476,,3
2022,47697477,,3
2022,47697478,,51
2022,47697479,,51
2022,47697480,,51
2022,47697481,,51
2022,47697482,,51
2022,47697483,,51
2022,50213017,,51
2022,50688443,,51
2022,48041271,,51
2022,48041272,,51
2022,47852279,,51
2022,47852280,,51
2022,47852281,,51
2022,48041273,,51
2022,48028165,,51
2022,50213018,,51
2022,50688444,,51
2022,47852282,,51
2022,47852283,,51
2022,47852284,,51
2022,47852285,,51
2022,48041274,,51
2022,48041275,,51
2022,48041276,,51
2022,48041277,,51
2022,48041278,,51
2022,48041279,,51
2022,48041280,,51
2022,48041281,,51
2022,48041282,,51
2022,48028166,,51
2022,48463590,,51
2022,48028167,,51
2022,48028168,,51
2022,47852286,,51
2022,47852287,,51
2022,47852288,,51
2022,47852289,,51
2022,47852290,,51
2022,47852291,,51
2022,47852292,,51
2022,48041283,,51
2022,48041284,,51
2022,48028169,,51
2022,48028170,,51
2022,48028171,,51
2022,48028172,,51
2022,50325977,,51
2022,48028173,,51
2022,51199119,,51
2022,48041285,,51
2022,48028174,,51
2022,48028175,,51
2022,47852293,,51
2022,47852294,,51
2022,47852295,,51
2022,47852296,,51
2022,48041286,,51
2022,50229039,,51
2022,48041287,,51
2022,48041288,,51
2022,48041289,,51
2022,48041290,,51
2022,48041291,,51
2022,48028176,,3
2022,48041292,,51
2022,48028177,,51
2022,47852297,,51
2022,48041293,,51
2022,50688445,,51
2022,47852298,,51
2022,47852299,,51
2022,48041294,,51
2022,48041295,,51
2022,48041296,,51
2022,48041297,,51
2022,48041298,,51
2022,48028178,,51
2022,48028179,,51
2022,48028180,,51
2022,47852300,,51
2022,47852301,,51
2022,48041299,,51
2022,48041300,,51
2022,48041301,,51
2022,50213019,,51
2022,47852302,,3
2022,47852303,,51
2022,47852304,,3
2022,48041302,,51
2022,48041303,,51
2022,48041304,,51
2022,48041305,,51
2022,48041306,,51
2022,47852305,,51
2022,47770653,,51
2022,48028181,,51
2022,48028182,,51
2022,47852306,,51
2022,48041307,,51
2022,47852307,,51
2022,47852308,,51
2022,47852309,,51
2022,47852310,,51
2022,47852311,,51
2022,47852312,,51
2022,47852313,,51
2022,48028183,,51
2022,48028184,,51
2022,48028185,,51
2022,48028186,,51
2022,48028187,,51
2022,48041308,,51
2022,48041309,,51
2022,47852314,,51
2022,47852315,,51
2022,47852316,,51
2022,47852317,,51
2022,47852318,,51
2022,47852319,,51
2022,47852320,,51
2022,47852321,,51
2022,47852322,,51
2022,47852323,,51
2022,47852324,,51
2022,48028188,,51
2022,48028189,,51
2022,48028190,,51
2022,48028191,,51
2022,48028192,,51
2022,48028193,,51
2022,47852325,,3
2022,47852326,,51
2022,47852327,,51
2022,48028194,,51
2022,48041310,,51
2022,48028195,,51
2022,48041311,,51
2022,47852328,,51
2022,47852329,,51
2022,47852330,,51
2022,47852331,,51
2022,47852332,,51
2022,47852333,,51
2022,50229040,,51
2022,47852334,,51
2022,47852335,,51
2022,47852336,,51
2022,47852337,,51
2022,47852338,,51
2022,48028196,,51
2022,48028197,,51
2022,48028198,,51
2022,50325978,,51
2022,50325979,,51
2022,50325980,,51
2022,47852339,,51
2022,47852340,,51
2022,47852341,,51
2022,47852342,,51
2022,47852343,,51
2022,48028199,,51
2022,47852344,,51
2022,47852345,,51
2022,47852346,,51
2022,47852347,,51
2022,47852348,,51
2022,47852349,,51
2022,47852350,,51
2022,48028200,,51
2022,48028201,,51
2022,48041312,,51
2022,50213021,,51
2022,47852351,,3
2022,47852352,,3
2022,47852353,,51
2022,47852354,,3
2022,47852355,,51
2022,47852356,,51
2022,48028202,,51
2022,47852357,,3
2022,47852358,,51
2022,47852359,,51
2022,47852360,,51
2022,47852361,,51
2022,47852362,,51
2022,47852363,,51
2022,48028203,,51
2022,48028204,,51
2022,47852364,,51
2022,47852365,,51
2022,48028205,,51
2022,48028206,,51
2022,48028207,,51
2022,48041313,,51
2022,47852366,,51
2022,48028208,,51
2022,47852367,,51
2022,47852368,,51
2022,47852369,,51
2022,47852370,,51
2022,47852371,,51
2022,47852372,,51
2022,48028209,,51
2022,48028210,,51
2022,48028211,,51
2022,48028212,,51
2022,47852373,,51
2022,47852374,,51
2022,47852375,,51
2022,47852376,,51
2022,47852377,,51
2022,48028213,,51
2022,48028214,,51
2022,48028215,,51
2022,48028216,,51
2022,48028217,,51
2022,48028218,,51
2022,48041314,,51
2022,48041315,,51
2022,48041316,,51
2022,50688446,,51
2022,50229041,,51
2022,48028219,,51
2022,47852378,,51
2022,48028220,,51
2022,47852379,,51
2022,47852380,,51
2022,47852381,,51
2022,50688447,,51
2022,47852382,,51
2022,47852383,,51
2022,47852384,,51
2022,47852385,,51
2022,47852386,,3
2022,47852387,,3
2022,47852388,,3
2022,47852389,,3
2022,47852390,,51
2022,47852391,,51
2022,47852392,,51
2022,47852393,,51
2022,47852394,,51
2022,51199120,,51
2022,48028221,,3
2022,47852395,,3
2022,47852396,,51
2022,47852397,,51
2022,47852398,,51
2022,47852399,,51
2022,47852400,,51
2022,47852401,,51
2022,48028222,,51
2022,48028223,,51
2022,48028224,,51
2022,51199121,,51
2022,48041317,,51
2022,47852402,,51
2022,47852403,,51
2022,47852404,,51
2022,47852405,,51
2022,47852406,,51
2022,47852407,,51
2022,47852408,,51
2022,48028225,,51
2022,48028226,,51
2022,48028227,,51
2022,48028228,,51
2022,48028229,,51
2022,48028230,,51
2022,48028231,,51
2022,48946587,,51
2022,47852409,,3
2022,47852410,,7
2022,47852411,,3
2022,47852412,,3
2022,47852413,,3
2022,47852414,,51
2022,47852415,,51
2022,47852416,,51
2022,47852417,,51
2022,47852418,,51
2022,47852419,,51
2022,47852420,,51
2022,47852421,,51
2022,47852422,,51
2022,47852423,,51
2022,47852424,,51
2022,47852425,,51
2022,47852426,,51
2022,47852427,,51
2022,47852428,,51
2022,47852429,,51
2022,47852430,,51
2022,47852431,,51
2022,47852432,,51
2022,47852433,,51
2022,47852434,,51
2022,47852435,,51
2022,47852436,,51
2022,47852437,,51
2022,47852438,,51
2022,47852439,,51
2022,47852440,,51
2022,47852441,,3
2022,47852442,,3
2022,47852443,,3
2022,47852444,,3
2022,51547832,,51
2022,48018911,,51
2022,48308069,,51
2022,48308070,,51
2022,48308071,,51
2022,48024564,,51
2022,48456131,,51
2022,48456132,,51
2022,48170874,,3
2022,48170875,,3
2022,48170876,,51
2022,48170877,,51
2022,48170878,,51
2022,48170879,,51
2022,48170880,,51
2022,48170881,,51
2022,48170882,,3
2022,48308072,,51
2022,48308073,,51
2022,48308074,,51
2022,48028232,,51
2022,50335619,,51
2022,48308075,,51
2022,48308076,,51
2022,48456133,,51
2022,48456134,,51
2022,48456135,,51
2022,48456136,,51
2022,50310791,,51
2022,48308077,,51
2022,48308078,,51
2022,48308079,,51
2022,48308080,,51
2022,48308081,,51
2022,48308082,,51
2022,48308083,,51
2022,48308084,,51
2022,48308085,,51
2022,48308086,,51
2022,48308087,,51
2022,48308088,,51
2022,48308089,,51
2022,48382854,,51
2022,48382855,,51
2022,48382856,,51
2022,48170883,,3
2022,48170884,,51
2022,48170885,,51
2022,48170886,,51
2022,48170887,,51
2022,48170888,,51
2022,48170889,,51
2022,48170890,,51
2022,48308090,,3
2022,50213022,,51
2022,48456137,,51
2022,48170891,,3
2022,48170892,,3
2022,48170893,,51
2022,48170894,,51
2022,48456138,,51
2022,48456139,,51
2022,48946588,,51
2022,48102121,,51
2022,48170895,,51
2022,48170896,,51
2022,48170898,,3
2022,48946589,,51
2022,48170899,,51
2022,48170901,,51
2022,48170902,,51
2022,49666610,,51
2022,50264389,,51
2022,48828526,,51
2022,48308091,,51
2022,48308092,,51
2022,48946591,,51
2022,48456140,,51
2022,48456141,,51
2022,48308093,,51
2022,48382857,,51
2022,48170904,,3
2022,48170905,,3
2022,48170906,,3
2022,48170907,,51
2022,48170908,,51
2022,48170909,,51
2022,48170910,,51
2022,48170911,,51
2022,48170912,,51
2022,48170913,,51
2022,48170914,,51
2022,48170915,,51
2022,48170916,,51
2022,48170917,,51
2022,48170918,,51
2022,48170919,,51
2022,48170920,,51
2022,48170921,,51
2022,48308094,,51
2022,48456142,,51
2022,48456143,,51
2022,48170922,,3
2022,48170923,,3
2022,48170924,,51
2022,48170925,,51
2022,48170926,,51
2022,48946592,,51
2022,48170927,,51
2022,48170928,,51
2022,48170929,,51
2022,48308095,,51
2022,48308096,,51
2022,48308097,,51
2022,48308098,,51
2022,48456144,,51
2022,48456145,,51
2022,48456146,,51
2022,48456147,,3
2022,48456148,,3
2022,48456149,,3
2022,48456150,,51
2022,48170930,,3
2022,48170931,,3
2022,50187139,,51
2022,48308099,,51
2022,48308100,,51
2022,48308101,,51
2022,48170932,,3
2022,48170933,,3
2022,48170934,,51
2022,48170936,,51
2022,48170937,,51
2022,48456151,,51
2022,48456152,,51
2022,48456153,,51
2022,48456154,,51
2022,48382858,,3
2022,48382859,,51
2022,48382860,,51
2022,48382861,,51
2022,48382862,,51
2022,48382863,,51
2022,48382864,,51
2022,48382865,,51
2022,48382866,,51
2022,48382867,,51
2022,48382868,,51
2022,48382869,,51
2022,50335620,,51
2022,50335621,,51
2022,48456155,,51
2022,48456156,,51
2022,48456157,,51
2022,48382870,,3
2022,50213023,,51
2022,48382871,,51
2022,48382872,,51
2022,48382873,,51
2022,48382874,,51
2022,48382875,,51
2022,48456158,,51
2022,48456159,,51
2022,48382876,,3
2022,48456160,,51
2022,48456161,,51
2022,48382877,,51
2022,48382878,,51
2022,48382879,,51
2022,48366137,,51
2022,48366138,,51
2022,48366139,,51
2022,48366140,,51
2022,48366141,,51
2022,48366142,,51
2022,48366143,,51
2022,48366144,,51
2022,48308102,,51
2022,48456162,,51
2022,48456163,,51
2022,48456164,,51
2022,48382880,,51
2022,48308103,,51
2022,48308104,,51
2022,48308105,,51
2022,48308106,,51
2022,48308107,,51
2022,48308108,,51
2022,48308109,,51
2022,48308110,,51
2022,48308111,,51
2022,48456165,,51
2022,48456166,,51
2022,48456167,,51
2022,48456168,,51
2022,48456169,,51
2022,48261313,,51
2022,48382881,,51
2022,48382882,,3
2022,48382883,,3
2022,48382884,,3
2022,48382885,,3
2022,48382886,,51
2022,48382887,,51
2022,48366145,,51
2022,48366146,,51
2022,48366147,,51
2022,48366148,,3
2022,48366149,,3
2022,48366150,,51
2022,48366151,,51
2022,48366152,,51
2022,48366153,,51
2022,48366154,,51
2022,48366155,,51
2022,48366156,,51
2022,48366157,,51
2022,48308112,,51
2022,48308113,,51
2022,48308114,,51
2022,48308115,,51
2022,48308116,,51
2022,50688448,,51
2022,48456170,,51
2022,48456171,,51
2022,48382890,,3
2022,48456172,,51
2022,48456173,,51
2022,48382891,,51
2022,48366158,,51
2022,48366159,,51
2022,48366160,,51
2022,48366161,,51
2022,48456174,,51
2022,48456175,,51
2022,48330802,,51
2022,48330803,,51
2022,48330810,,51
2022,48330811,,51
2022,48330812,,51
2022,48330813,,51
2022,48330818,,51
2022,48330821,,51
2022,48330824,,51
2022,48330825,,51
2022,48330826,,51
2022,48330829,,51
2022,48330830,,51
2022,48330831,,51
2022,48456176,,51
2022,48456177,,51
2022,48456178,,51
2022,48456179,,51
2022,48456180,,51
2022,48456181,,51
2022,48456182,,51
2022,48456183,,51
2022,48456184,,51
2022,48456185,,51
2022,48456186,,51
2022,48456187,,51
2022,48456188,,51
2022,48456189,,51
2022,48456190,,51
2022,48456191,,51
2022,48456192,,51
2022,48456193,,51
2022,48456194,,51
2022,48456195,,51
2022,48456196,,51
2022,48456197,,51
2022,48456198,,51
2022,48456199,,51
2022,48456200,,51
2022,48382892,,51
2022,48366162,,51
2022,48366163,,51
2022,48366164,,51
2022,48366165,,51
2022,48366166,,51
2022,48366167,,51
2022,48366168,,51
2022,48366169,,51
2022,50213026,,51
2022,48382893,,51
2022,48382894,,3
2022,48366170,,51
2022,48366171,,51
2022,48366172,,51
2022,48456201,,51
2022,48456202,,51
2022,48382895,,51
2022,48382896,,51
2022,48382897,,51
2022,48382898,,51
2022,48382899,,51
2022,48378400,,51
2022,50213027,,51
2022,48382900,,51
2022,48382901,,3
2022,48382902,,3
2022,48382903,,3
2022,48382904,,51
2022,48382905,,7
2022,48382906,,51
2022,48382907,,51
2022,48382908,,51
2022,48456203,,51
2022,50213028,,51
2022,48438242,,3
2022,48438243,,3
2022,48946593,,51
2022,48456204,,51
2022,48456205,,51
2022,48456206,,51
2022,48456207,,51
2022,50229042,,51
2022,48456208,,51
2022,48456209,,51
2022,48438244,,51
2022,48438245,,51
2022,48438246,,3
2022,48438247,,3
2022,48438248,,51
2022,48438249,,51
2022,48426901,,51
2022,48438250,,51
2022,48438251,,51
2022,48438252,,51
2022,48438253,,51
2022,48438254,,51
2022,48438255,,51
2022,48438256,,51
2022,48438257,,51
2022,48438258,,51
2022,48438259,,51
2022,48438260,,51
2022,48438261,,51
2022,48438262,,51
2022,48438263,,51
2022,48438264,,51
2022,48438265,,51
2022,48438266,,51
2022,48438267,,51
2022,48456210,,51
2022,48438268,,51
2022,48438269,,3
2022,48438270,,3
2022,48438271,,3
2022,48438272,,51
2022,48438273,,3
2022,48438275,,3
2022,48438276,,3
2022,48438277,,51
2022,48438278,,51
2022,48438279,,51
2022,51547833,,51
2022,48438281,,51
2022,48456211,,51
2022,48456212,,51
2022,48438282,,51
2022,48438283,,51
2022,48438284,,51
2022,48438285,,51
2022,48438286,,51
2022,48438287,,51
2022,48438288,,51
2022,48456213,,51
2022,48430725,,51
2022,48438289,,3
2022,48438290,,3
2022,48438291,,3
2022,50310796,,3
2022,50310797,,3
2022,48946594,,51
2022,48438292,,3
2022,48438293,,3
2022,48438294,,51
2022,48438295,,51
2022,48438296,,51
2022,48438297,,51
2022,48438298,,51
2022,48438299,,51
2022,48438300,,51
2022,48432933,,51
2022,48432934,,51
2022,48456214,,51
2022,48432935,,51
2022,48432936,,51
2022,48437600,,51
2022,48437601,,51
2022,48437602,,51
2022,48437603,,51
2022,48437604,,51
2022,48437605,,51
2022,48437606,,51
2022,48437607,,51
2022,48437608,,51
2022,48437609,,51
2022,48437610,,51
2022,48437611,,51
2022,48437612,,51
2022,48437613,,51
2022,48437614,,51
2022,48456215,,51
2022,48437615,,51
2022,48437616,,51
2022,48437617,,51
2022,48437618,,51
2022,48437619,,51
2022,48437620,,51
2022,48437621,,51
2022,48437622,,51
2022,48437623,,51
2022,48437624,,51
2022,48437625,,51
2022,48438301,,51
2022,48438302,,51
2022,48438303,,51
2022,48438304,,51
2022,48438305,,51
2022,48438306,,51
2022,48438307,,51
2022,48438308,,51
2022,48438309,,51
2022,48438310,,51
2022,48828527,,51
2022,48828528,,51
2022,48838778,,51
2022,48828529,,51
2022,48828530,,51
2022,48456216,,51
2022,48456217,,51
2022,48456218,,51
2022,48456219,,51
2022,48457357,,51
2022,48457358,,51
2022,48463591,,51
2022,50187196,,51
2022,50187200,,51
2022,48838779,,51
2022,48828531,,51
2022,48828532,,51
2022,48495403,,51
2022,48828533,,51
2022,50310805,,51
2022,50310806,,51
2022,50213031,,51
2022,50310807,,51
2022,50310808,,51
2022,50310810,,51
2022,50310811,,51
2022,49885258,,51
2022,50310812,,51
2022,48581891,,51
2022,48581892,,51
2022,48581893,,51
2022,48828534,,51
2022,48828535,,51
2022,48581894,,51
2022,48581895,,51
2022,48581896,,51
2022,48828536,,51
2022,48828537,,51
2022,48828538,,51
2022,48828539,,51
2022,48828540,,51
2022,48828541,,51
2022,48828542,,51
2022,48828543,,51
2022,48828544,,51
2022,48828545,,51
2022,48828546,,51
2022,48828547,,51
2022,48828548,,51
2022,48828549,,51
2022,48828550,,51
2022,48828551,,51
2022,48828552,,51
2022,48828553,,51
2022,48828554,,51
2022,48828555,,51
2022,48828556,,51
2022,48828557,,51
2022,48828558,,51
2022,48828559,,51
2022,48828560,,51
2022,48828561,,51
2022,48828562,,51
2022,48828563,,51
2022,48828564,,51
2022,48828565,,51
2022,48828566,,51
2022,48828567,,51
2022,48828568,,51
2022,48828569,,51
2022,48828570,,51
2022,48828571,,51
2022,48828572,,51
2022,48828573,,51
2022,48828574,,51
2022,48828575,,51
2022,48828576,,51
2022,48828577,,51
2022,48828578,,51
2022,48828579,,51
2022,48828580,,51
2022,50310815,,51
2022,50310818,,51
2022,50310819,,51
2022,50310820,,51
2022,48838780,,51
2022,48828581,,51
2022,48828582,,51
2022,48502825,,51
2022,48581897,,51
2022,48581898,,51
2022,48581899,,51
2022,48581900,,51
2022,48581901,,51
2022,50310821,,51
2022,48838781,,51
2022,48838782,,51
2022,50310822,,51
2022,48838783,,51
2022,50310824,,51
2022,48581902,,51
2022,48581903,,51
2022,48581904,,51
2022,48581905,,51
2022,50213033,,51
2022,48828583,,51
2022,48828584,,51
2022,48828585,,51
2022,48828586,,51
2022,48828587,,51
2022,48828588,,51
2022,48828589,,51
2022,48828590,,51
2022,48828591,,51
2022,48828592,,51
2022,48828593,,51
2022,48581906,,51
2022,48581907,,51
2022,48828594,,51
2022,48828595,,51
2022,48828596,,51
2022,48828597,,51
2022,48914031,,51
2022,48914032,,51
2022,48581908,,51
2022,48581909,,51
2022,48994377,,51
2022,48581910,,51
2022,48581911,,51
2022,48577017,,51
2022,48581912,,51
2022,48581913,,51
2022,48581914,,51
2022,48581915,,51
2022,50213036,,51
2022,48581916,,51
2022,48581917,,51
2022,48581918,,51
2022,48581919,,51
2022,48581920,,51
2022,48581921,,51
2022,48581922,,51
2022,48581923,,51
2022,48581924,,51
2022,48581925,,51
2022,48581926,,51
2022,48581927,,3
2022,48581928,,51
2022,48581929,,51
2022,48838784,,51
2022,48838785,,51
2022,48838786,,51
2022,48581931,,3
2022,48581932,,3
2022,48581933,,51
2022,48581934,,51
2022,48581935,,51
2022,48581936,,51
2022,48581937,,51
2022,48581938,,51
2022,48581939,,51
2022,48581940,,3
2022,48581941,,51
2022,48581942,,51
2022,48581943,,51
2022,48581944,,51
2022,48581945,,51
2022,48581946,,51
2022,48581947,,51
2022,48581948,,3
2022,48838787,,3
2022,48838788,,3
2022,48838789,,3
2022,48838790,,3
2022,48838791,,51
2022,50187218,,51
2022,48838792,,51
2022,48838793,,51
2022,48838794,,3
2022,48838795,,3
2022,48838796,,51
2022,48838797,,51
2022,48838798,,51
2022,48838799,,51
2022,48838800,,51
2022,48838801,,51
2022,48838802,,51
2022,48838803,,3
2022,48838804,,3
2022,50187241,,51
2022,50688449,,51
2022,48838805,,51
2022,48838806,,3
2022,48838807,,3
2022,48838808,,3
2022,48838809,,3
2022,48838810,,3
2022,48838811,,3
2022,48838812,,3
2022,48838813,,3
2022,48838814,,3
2022,48838815,,3
2022,48838816,,51
2022,48838817,,51
2022,48838819,,51
2022,48838820,,51
2022,48838821,,51
2022,50213037,,51
2022,50213038,,51
2022,48838822,,51
2022,48838823,,51
2022,48838824,,51
2022,48838825,,51
2022,50229043,,51
2022,50213040,,51
2022,48838826,,51
2022,48756382,,51
2022,48756816,,51
2022,48838827,,51
2022,48838828,,3
2022,49362233,,51
2022,50310826,,51
2022,50310827,,51
2022,48762433,,51
2022,48838829,,51
2022,49362234,,51
2022,49362235,,51
2022,48838830,,51
2022,48838831,,51
2022,48838832,,51
2022,48838833,,51
2022,48838834,,51
2022,50310829,,3
2022,50310830,,3
2022,50310831,,3
2022,48838835,,51
2022,48838836,,51
2022,50213043,,51
2022,50213044,,51
2022,50187266,,51
2022,48838837,,3
2022,48838838,,51
2022,48838839,,51
2022,48838840,,51
2022,48838842,,51
2022,48838843,,51
2022,48838844,,51
2022,48838845,,51
2022,48838846,,51
2022,48838847,,51
2022,48838848,,51
2022,48838849,,51
2022,48838850,,51
2022,48838851,,51
2022,48838852,,51
2022,48838853,,51
2022,48838854,,51
2022,48838855,,51
2022,48838856,,51
2022,48838857,,51
2022,48838858,,51
2022,48838859,,51
2022,48838860,,51
2022,48838861,,51
2022,48838862,,51
2022,48838863,,51
2022,48838864,,51
2022,48838865,,51
2022,48838866,,51
2022,48838867,,51
2022,48838868,,51
2022,48838869,,51
2022,48838870,,51
2022,48838871,,51
2022,48838872,,51
2022,48838873,,51
2022,48838874,,51
2022,50213045,,51
2022,48839397,,51
2022,48839398,,51
2022,48839399,,51
2022,48914033,,51
2022,48914034,,51
2022,48839400,,3
2022,48839401,,51
2022,48839402,,51
2022,48839403,,51
2022,48839404,,51
2022,48839405,,51
2022,48839406,,51
2022,48839407,,51
2022,48839408,,3
2022,48839409,,51
2022,48839410,,51
2022,48839411,,51
2022,48839412,,51
2022,48914035,,51
2022,48839413,,51
2022,48839414,,3
2022,48839415,,3
2022,49362236,,51
2022,50688450,,51
2022,48914036,,51
2022,48914037,,51
2022,48914038,,51
2022,48914039,,51
2022,48914040,,51
2022,48914042,,51
2022,48914043,,51
2022,48931828,,51
2022,48931829,,51
2022,48914044,,51
2022,48914045,,3
2022,48914046,,51
2022,48914047,,51
2022,48914048,,51
2022,48914049,,51
2022,48914050,,3
2022,48914051,,3
2022,48914052,,3
2022,48914053,,3
2022,48914054,,51
2022,48914055,,51
2022,48914056,,51
2022,48914057,,51
2022,48914058,,51
2022,48914059,,51
2022,48914060,,3
2022,48914061,,3
2022,48914062,,51
2022,48914063,,51
2022,48914064,,51
2022,48914065,,3
2022,48914066,,51
2022,48914067,,51
2022,48931832,,51
2022,48931833,,51
2022,48931834,,51
2022,48914068,,51
2022,48914069,,51
2022,48914070,,51
2022,48914072,,51
2022,48914073,,51
2022,48914074,,51
2022,48914075,,3
2022,48914076,,3
2022,48914077,,3
2022,48914078,,51
2022,48914080,,51
2022,48914081,,51
2022,48914082,,51
2022,48914084,,3
2022,48914085,,3
2022,48914086,,3
2022,48914087,,51
2022,48914088,,51
2022,48914089,,51
2022,48914090,,51
2022,48914091,,51
2022,48914092,,51
2022,48914094,,51
2022,48914095,,51
2022,48914096,,51
2022,50688451,,51
2022,48914097,,51
2022,48914098,,51
2022,48914099,,51
2022,48914100,,51
2022,50187318,,51
2022,48914103,,3
2022,48914104,,51
2022,48914105,,3
2022,48914106,,3
2022,48914107,,51
2022,48914109,,51
2022,48914110,,51
2022,48914111,,51
2022,48914112,,51
2022,48914113,,51
2022,48914114,,51
2022,49362237,,51
2022,49362238,,3
2022,48931838,,51
2022,48931839,,51
2022,48931840,,51
2022,48931841,,51
2022,48931842,,51
2022,48931843,,51
2022,48931844,,51
2022,48931845,,51
2022,48931846,,51
2022,48931847,,51
2022,48931848,,51
2022,48931849,,51
2022,48931850,,51
2022,48931851,,51
2022,48931852,,51
2022,49362239,,51
2022,48946366,,51
2022,48946367,,51
2022,48946368,,51
2022,48946369,,51
2022,48946370,,51
2022,48946371,,51
2022,48946372,,51
2022,48946373,,51
2022,48946374,,51
2022,48946375,,51
2022,48946376,,51
2022,48946377,,51
2022,48946378,,51
2022,48946379,,51
2022,48946380,,51
2022,48946381,,51
2022,48946382,,51
2022,48946383,,51
2022,48946384,,51
2022,48946595,,51
2022,48946596,,51
2022,48946597,,51
2022,48946598,,51
2022,48946599,,51
2022,48946600,,51
2022,48946601,,51
2022,48946602,,51
2022,48946603,,51
2022,48946604,,51
2022,48946605,,51
2022,48946606,,51
2022,48946607,,51
2022,48946608,,51
2022,48946609,,51
2022,48946610,,51
2022,48946611,,51
2022,50213048,,51
2022,50213049,,51
2022,48946613,,51
2022,48946614,,51
2022,48946615,,51
2022,48986106,,51
2022,48986107,,51
2022,48986108,,51
2022,48986109,,51
2022,48986110,,51
2022,48986111,,51
2022,48986112,,51
2022,48986113,,51
2022,48986114,,51
2022,48986115,,51
2022,48986116,,51
2022,48986117,,51
2022,48986118,,51
2022,48986119,,51
2022,48986120,,51
2022,48986121,,51
2022,48986122,,51
2022,48986123,,51
2022,48986124,,51
2022,49362240,,51
2022,49362243,,3
2022,49362244,,3
2022,49362245,,3
2022,49362246,,51
2022,49362247,,51
2022,50310834,,51
2022,50310835,,51
2022,49362248,,51
2022,48986125,,51
2022,48986126,,51
2022,48986127,,51
2022,49362249,,51
2022,49362250,,51
2022,49362251,,51
2022,49362252,,51
2022,48986128,,51
2022,49362253,,51
2022,48986129,,51
2022,48986130,,51
2022,48986131,,51
2022,48986132,,51
2022,49362254,,51
2022,48986133,,51
2022,49362255,,3
2022,48994378,,51
2022,49362256,,51
2022,49362257,,51
2022,49362258,,51
2022,49362259,,51
2022,49362260,,51
2022,49790679,,51
2022,48994379,,51
2022,50339666,,51
2022,50213051,,51
2022,50229044,,51
2022,48994381,,51
2022,48994382,,51
2022,49362262,,51
2022,49362263,,51
2022,50213054,,51
2022,49362264,,51
2022,49362265,,51
2022,49362266,,51
2022,49362267,,51
2022,49362268,,51
2022,49362269,,51
2022,48994383,,51
2022,49362270,,51
2022,49362271,,51
2022,49362272,,51
2022,49362273,,51
2022,49362274,,51
2022,49362275,,51
2022,49362276,,3
2022,49362277,,51
2022,49362278,,51
2022,49362279,,51
2022,49362280,,51
2022,49362281,,51
2022,49362282,,51
2022,49362283,,51
2022,49362284,,51
2022,49362285,,51
2022,49362286,,51
2022,49362287,,51
2022,50310838,,51
2022,49362288,,51
2022,49362289,,3
2022,49362290,,3
2022,49362291,,51
2022,49362292,,51
2022,49362293,,51
2022,49362294,,51
2022,49362295,,51
2022,49362296,,51
2022,49362297,,51
2022,49362298,,51
2022,49362299,,51
2022,49362300,,51
2022,49362301,,51
2022,49362302,,51
2022,49362303,,51
2022,49362304,,51
2022,49362305,,51
2022,49362306,,51
2022,49362307,,51
2022,49362308,,51
2022,49362309,,51
2022,49362310,,51
2022,49362311,,51
2022,49362312,,51
2022,49362313,,51
2022,49362314,,51
2022,49362315,,51
2022,50213055,,51
2022,49362316,,51
2022,50213056,,51
2022,49362317,,51
2022,49362318,,51
2022,49362319,,3
2022,49362320,,51
2022,49362321,,51
2022,49362322,,51
2022,49362323,,3
2022,49362324,,51
2022,49362325,,51
2022,49362326,,51
2022,49362327,,51
2022,49362328,,51
2022,49362329,,51
2022,49362330,,51
2022,49362331,,51
2022,49362332,,51
2022,49362333,,51
2022,49362334,,51
2022,49362335,,51
2022,49362336,,51
2022,49362337,,51
2022,49362338,,3
2022,49362339,,3
2022,49362340,,51
2022,49362341,,51
2022,49362342,,51
2022,49362343,,3
2022,49362344,,3
2022,49362345,,51
2022,49362346,,51
2022,49362347,,51
2022,49362348,,51
2022,49362349,,51
2022,49362350,,51
2022,49362351,,51
2022,49362352,,51
2022,49362353,,51
2022,49362354,,51
2022,49362355,,51
2022,49362356,,51
2022,49362357,,51
2022,49362358,,51
2022,50229045,,51
2022,49362360,,51
2022,49362361,,3
2022,49362362,,51
2022,49362363,,51
2022,49362364,,51
2022,49362365,,51
2022,49362366,,51
2022,49362367,,51
2022,49362368,,51
2022,49362369,,51
2022,49362370,,51
2022,49362371,,51
2022,49362372,,51
2022,50229046,,51
2022,49362373,,51
2022,49362374,,51
2022,49362375,,51
2022,49362376,,51
2022,49362377,,51
2022,49362379,,51
2022,49362380,,51
2022,49362381,,51
2022,49362382,,51
2022,49362383,,51
2022,49362384,,51
2022,49362385,,51
2022,49362386,,51
2022,49362387,,51
2022,49362388,,51
2022,49362389,,51
2022,49362390,,51
2022,49362391,,51
2022,49362392,,51
2022,49362393,,51
2022,49362394,,51
2022,49362395,,51
2022,50310842,,51
2022,49362397,,51
2022,49362398,,3
2022,49362399,,51
2022,49362400,,51
2022,49362401,,51
2022,49362402,,51
2022,49362403,,51
2022,49362404,,51
2022,49362405,,51
2022,49362406,,51
2022,49362407,,51
2022,49362408,,51
2022,49362409,,51
2022,49362410,,51
2022,50310845,,51
2022,49362411,,51
2022,49362412,,51
2022,49362413,,51
2022,49362414,,51
2022,49362415,,51
2022,49362416,,51
2022,49362417,,51
2022,49362418,,51
2022,49362419,,51
2022,49362420,,51
2022,49362421,,51
2022,49362422,,51
2022,49362423,,51
2022,49362424,,51
2022,50310848,,51
2022,50310849,,51
2022,49362425,,51
2022,49362426,,51
2022,49362427,,51
2022,49362428,,51
2022,49362429,,51
2022,49362430,,51
2022,49362431,,51
2022,49362432,,51
2022,49362433,,3
2022,49362434,,51
2022,49362435,,51
2022,49362436,,51
2022,49362437,,51
2022,49362438,,51
2022,49362439,,51
2022,49362440,,51
2022,49362441,,51
2022,49362442,,51
2022,49362443,,51
2022,49362444,,51
2022,49362445,,51
2022,49362446,,51
2022,49362447,,51
2022,50229047,,51
2022,49362449,,51
2022,49362450,,51
2022,49362451,,51
2022,49362452,,51
2022,49362453,,51
2022,49362454,,3
2022,49362455,,3
2022,49362456,,3
2022,49362457,,3
2022,49362458,,51
2022,49362459,,51
2022,49362460,,51
2022,49362461,,51
2022,49362462,,51
2022,49362463,,3
2022,49362464,,3
2022,49362465,,3
2022,49362466,,51
2022,49362467,,51
2022,49362468,,51
2022,49362469,,51
2022,49362470,,51
2022,51199122,,51
2022,49362471,,51
2022,49362472,,51
2022,49362473,,51
2022,49362474,,51
2022,49362475,,51
2022,49362476,,51
2022,49362477,,51
2022,49362478,,51
2022,49362479,,51
2022,49362480,,51
2022,49362481,,51
2022,49362482,,51
2022,49362483,,51
2022,49362484,,51
2022,49362485,,51
2022,49362486,,51
2022,49362487,,51
2022,49362488,,3
2022,49362489,,3
2022,49362490,,51
2022,49362491,,51
2022,49362492,,51
2022,49362493,,51
2022,49362494,,51
2022,49362495,,51
2022,49362496,,51
2022,49362497,,51
2022,49362498,,3
2022,49362499,,3
2022,49362500,,51
2022,49362501,,51
2022,49362502,,51
2022,49362503,,51
2022,49362504,,51
2022,49362505,,51
2022,49362506,,51
2022,49362507,,51
2022,49362508,,51
2022,49362509,,51
2022,49362510,,51
2022,49362511,,51
2022,49362512,,51
2022,49362513,,51
2022,49362514,,51
2022,49362515,,51
2022,49362516,,51
2022,49362517,,51
2022,49362518,,51
2022,49362519,,51
2022,49362520,,51
2022,49362521,,51
2022,49362522,,51
2022,49362523,,51
2022,49362524,,51
2022,49362525,,51
2022,49362526,,51
2022,49362527,,51
2022,49362528,,51
2022,49362529,,51
2022,49362530,,51
2022,49362531,,51
2022,49362532,,51
2022,49362533,,51
2022,49362534,,51
2022,49362535,,51
2022,49362536,,51
2022,49362537,,51
2022,49362538,,51
2022,49362539,,51
2022,49362540,,51
2022,49362541,,51
2022,50688452,,51
2022,49362542,,3
2022,49362543,,51
2022,49362545,,51
2022,49362546,,51
2022,49362547,,51
2022,49362548,,51
2022,49362549,,51
2022,49362550,,51
2022,49362551,,51
2022,50229048,,51
2022,49362552,,51
2022,49362553,,51
2022,49362554,,51
2022,49362555,,51
2022,49362556,,51
2022,49362557,,3
2022,49362558,,51
2022,50310854,,51
2022,49362559,,51
2022,49362560,,51
2022,49362561,,51
2022,49362562,,51
2022,49362563,,51
2022,49362564,,51
2022,49362565,,51
2022,49362566,,51
2022,49362567,,51
2022,49362568,,51
2022,49362569,,51
2022,49362570,,51
2022,50213057,,51
2022,49362571,,51
2022,49362572,,51
2022,50213059,,51
2022,49362573,,51
2022,49362574,,51
2022,49362575,,51
2022,49362576,,51
2022,50688453,,51
2022,49362577,,3
2022,49362578,,3
2022,49362579,,3
2022,49362580,,51
2022,49362581,,51
2022,49362582,,51
2022,49362583,,51
2022,49362584,,51
2022,49362585,,51
2022,50688454,,51
2022,49362586,,51
2022,49362587,,3
2022,49362588,,51
2022,49362589,,51
2022,49362590,,51
2022,49362591,,51
2022,49362592,,51
2022,49362593,,51
2022,49362594,,51
2022,50229049,,51
2022,50213062,,51
2022,49362595,,3
2022,49362596,,51
2022,49362597,,51
2022,49362598,,51
2022,49362599,,51
2022,49362600,,51
2022,49362601,,51
2022,49362602,,51
2022,49362603,,51
2022,49362604,,51
2022,49362605,,51
2022,49362606,,51
2022,49362607,,51
2022,49362608,,51
2022,49362609,,51
2022,49362610,,3
2022,49362611,,3
2022,49362613,,51
2022,49362614,,51
2022,49362615,,3
2022,49362616,,51
2022,49362617,,51
2022,49362618,,51
2022,49362619,,51
2022,49362620,,3
2022,49362621,,51
2022,49362622,,3
2022,49362623,,3
2022,49362624,,51
2022,50310858,,51
2022,49362625,,51
2022,49362626,,51
2022,49362627,,51
2022,49362628,,51
2022,49362629,,51
2022,49362630,,51
2022,49362631,,51
2022,49362632,,51
2022,49362633,,51
2022,49362634,,51
2022,49362635,,51
2022,49362636,,51
2022,49362637,,3
2022,49362638,,3
2022,49362639,,51
2022,49362640,,51
2022,49362641,,51
2022,49362642,,51
2022,49362643,,3
2022,49362644,,51
2022,49362645,,51
2022,49362646,,51
2022,49362647,,3
2022,49362648,,3
2022,49362649,,51
2022,49362651,,51
2022,49362652,,51
2022,49362653,,51
2022,49362654,,51
2022,49362655,,51
2022,49362656,,51
2022,49362657,,51
2022,49362658,,51
2022,49362659,,51
2022,49362660,,51
2022,49362661,,51
2022,49362662,,51
2022,49362663,,51
2022,49362664,,51
2022,49362665,,51
2022,49362666,,51
2022,49362667,,51
2022,49362668,,51
2022,49362669,,51
2022,49362670,,51
2022,49362671,,51
2022,49362672,,51
2022,49362673,,51
2022,49362674,,51
2022,49362675,,51
2022,49362676,,51
2022,49362677,,51
2022,49362678,,51
2022,49362679,,51
2022,49362680,,51
2022,49362681,,51
2022,49362682,,51
2022,49362683,,51
2022,49362684,,51
2022,49362687,,51
2022,49362688,,51
2022,49362689,,51
2022,49362690,,51
2022,49362691,,51
2022,49362692,,51
2022,49362693,,51
2022,49362694,,51
2022,49362695,,51
2022,49362696,,51
2022,49362697,,51
2022,49362698,,51
2022,49362699,,51
2022,49362700,,51
2022,49362701,,51
2022,49362702,,51
2022,49362703,,51
2022,49362704,,51
2022,49553663,,51
2022,49362705,,51
2022,49362706,,51
2022,50310861,,51
2022,49362707,,51
2022,49362708,,51
2022,49362709,,51
2022,49362710,,51
2022,50310868,,51
2022,50310869,,51
2022,50310871,,51
2022,50310872,,51
2022,50310873,,51
2022,50310874,,51
2022,50229050,,51
2022,50229051,,51
2022,50229052,,51
2022,49362711,,51
2022,49362712,,51
2022,49362713,,51
2022,49362714,,51
2022,49362715,,51
2022,49362717,,51
2022,49362718,,51
2022,50213063,,51
2022,49362719,,51
2022,49362720,,3
2022,49362721,,3
2022,49362722,,3
2022,49362723,,3
2022,49362724,,3
2022,49362725,,51
2022,49362726,,3
2022,49362727,,51
2022,49362728,,51
2022,49362729,,51
2022,49362730,,51
2022,49362731,,51
2022,49362732,,51
2022,49362733,,51
2022,49362734,,3
2022,49362735,,3
2022,49362736,,3
2022,49362737,,3
2022,49362738,,3
2022,49362739,,51
2022,49362740,,3
2022,49362741,,51
2022,49362742,,3
2022,49362743,,3
2022,49362744,,3
2022,49362745,,3
2022,49362746,,3
2022,49362747,,51
2022,49362748,,3
2022,49362749,,51
2022,49362750,,51
2022,49362751,,51
2022,49362752,,7
2022,49362753,,51
2022,49362754,,51
2022,49362755,,51
2022,49362756,,51
2022,49362757,,51
2022,49362758,,51
2022,49362759,,51
2022,49362760,,51
2022,49362761,,51
2022,49362762,,51
2022,50264390,,51
2022,49362764,,51
2022,49362765,,51
2022,49362766,,51
2022,49362767,,51
2022,49362768,,51
2022,49362769,,51
2022,49362771,,51
2022,49362772,,51
2022,49362773,,51
2022,49362774,,51
2022,49362775,,51
2022,49362776,,51
2022,49362777,,51
2022,49362778,,51
2022,49362779,,51
2022,50688455,,51
2022,49362780,,51
2022,49362781,,51
2022,49362782,,51
2022,49362783,,51
2022,49362784,,51
2022,49362785,,51
2022,49362786,,51
2022,49362787,,51
2022,49362788,,51
2022,49362789,,51
2022,49362791,,51
2022,49362792,,51
2022,49362793,,51
2022,49362794,,51
2022,49362795,,51
2022,49362796,,51
2022,49362797,,51
2022,49362798,,51
2022,49362799,,51
2022,49362800,,51
2022,49362801,,51
2022,49362802,,51
2022,49362803,,51
2022,51199123,,51
2022,50688456,,51
2022,49362804,,51
2022,49362805,,51
2022,49362806,,51
2022,49362807,,51
2022,49362808,,51
2022,49362809,,51
2022,49362810,,51
2022,49362811,,51
2022,49362812,,51
2022,49362813,,51
2022,49362814,,51
2022,49362815,,51
2022,49362816,,51
2022,49362817,,51
2022,49362818,,51
2022,49362819,,51
2022,49362820,,51
2022,49362821,,51
2022,49362822,,51
2022,49362823,,51
2022,49362824,,51
2022,49362825,,51
2022,49362826,,51
2022,49362827,,51
2022,49362828,,51
2022,49362830,,51
2022,49362831,,51
2022,49362832,,51
2022,49362833,,51
2022,49362834,,51
2022,49362835,,51
2022,49362836,,51
2022,49362837,,51
2022,49362838,,51
2022,49362839,,51
2022,49362840,,51
2022,49362841,,51
2022,49362842,,51
2022,49362843,,51
2022,49362844,,51
2022,49362845,,51
2022,49362846,,51
2022,49362847,,51
2022,49362848,,51
2022,49362849,,51
2022,49362850,,51
2022,49362851,,51
2022,49362852,,51
2022,49362853,,51
2022,49362854,,51
2022,49362855,,51
2022,49362856,,51
2022,49362857,,51
2022,49362858,,51
2022,49362859,,51
2022,49362860,,51
2022,49362861,,51
2022,49362862,,51
2022,49362863,,51
2022,49362864,,51
2022,49362865,,51
2022,49362866,,51
2022,49362867,,51
2022,49362868,,51
2022,49362869,,51
2022,49362870,,51
2022,49362871,,51
2022,49362872,,51
2022,49362873,,51
2022,49362874,,51
2022,49362875,,51
2022,49362876,,51
2022,49362877,,51
2022,49362878,,51
2022,49362879,,51
2022,49362880,,51
2022,49362881,,51
2022,49362882,,51
2022,49362883,,51
2022,49362884,,51
2022,49464646,,51
2022,49464647,,51
2022,49464648,,51
2022,49464649,,51
2022,49464650,,51
2022,49464651,,51
2022,49464652,,51
2022,49464653,,51
2022,49464654,,51
2022,49464655,,51
2022,49464656,,51
2022,49464657,,51
2022,49464658,,51
2022,49464659,,51
2022,51199124,,51
2022,51199125,,51
2022,49464660,,51
2022,49464661,,51
2022,49464662,,51
2022,49464663,,51
2022,49464664,,51
2022,49464665,,51
2022,49464666,,51
2022,49464667,,51
2022,49464668,,51
2022,49464669,,51
2022,49464670,,51
2022,49464671,,51
2022,49464672,,51
2022,49464673,,51
2022,49464674,,51
2022,49553664,,51
2022,49553665,,51
2022,49553666,,51
2022,49553667,,51
2022,49553668,,51
2022,49553669,,51
2022,49553670,,51
2022,49553671,,51
2022,49553672,,51
2022,49553673,,51
2022,49553674,,51
2022,49553675,,51
2022,49553676,,51
2022,49553677,,51
2022,49553678,,51
2022,49553679,,51
2022,49553680,,51
2022,49553681,,51
2022,49553682,,51
2022,49553683,,51
2022,49553684,,51
2022,49553685,,51
2022,49553686,,51
2022,51199126,,51
2022,49553687,,51
2022,49553688,,51
2022,49553689,,51
2022,50236731,,51
2022,50336595,,51
2022,49553690,,51
2022,49790680,,51
2022,49553692,,51
2022,49553693,,51
2022,49553694,,51
2022,49553695,,51
2022,49553696,,51
2022,50688457,,51
2022,49553697,,3
2022,49553698,,3
2022,49553699,,51
2022,49553700,,51
2022,49553701,,51
2022,49553702,,51
2022,49553703,,51
2022,49553704,,51
2022,49553705,,51
2022,50336596,,51
2022,49553706,,51
2022,49553707,,51
2022,49553708,,51
2022,50336597,,51
2022,49553709,,51
2022,49553710,,51
2022,49560054,,51
2022,49560055,,51
2022,49560056,,51
2022,49560057,,51
2022,49560058,,51
2022,49560059,,51
2022,49560060,,51
2022,49560061,,51
2022,49560062,,51
2022,49560063,,51
2022,49560064,,51
2022,49560065,,51
2022,49560066,,51
2022,49560067,,51
2022,49560068,,51
2022,49560069,,51
2022,49560070,,51
2022,49560071,,51
2022,49560072,,51
2022,49560073,,51
2022,49560074,,51
2022,49560075,,51
2022,49560076,,51
2022,49560077,,51
2022,49560078,,51
2022,49560079,,51
2022,49560080,,51
2022,49560081,,51
2022,49560082,,51
2022,49560083,,51
2022,49560084,,51
2022,49560085,,51
2022,49560086,,51
2022,49560087,,51
2022,49560088,,51
2022,50310881,,51
2022,50310883,,51
2022,50310884,,51
2022,50310886,,51
2022,50229053,,51
2022,49560089,,51
2022,49560090,,51
2022,49560091,,51
2022,49560092,,3
2022,49560093,,51
2022,49560094,,3
2022,49560095,,51
2022,49560096,,3
2022,50310887,,51
2022,49666612,,51
2022,49592814,,51
2022,51199127,,51
2022,50229054,,51
2022,49885259,,3
2022,49592816,,3
2022,50310890,,51
2022,50310891,,51
2022,50310892,,51
2022,50310894,,51
2022,50310895,,51
2022,50310896,,51
2022,50310897,,51
2022,49592817,,51
2022,49592818,,51
2022,49592819,,51
2022,49592820,,3
2022,49592821,,3
2022,49592822,,3
2022,49592823,,51
2022,49592824,,51
2022,49592825,,51
2022,49592826,,51
2022,49592827,,51
2022,49592828,,51
2022,49592829,,51
2022,49592830,,51
2022,51199128,,51
2022,50310898,,51
2022,49607630,,51
2022,49607631,,51
2022,49607632,,51
2022,49607633,,51
2022,50310900,,3
2022,49607634,,3
2022,49607635,,3
2022,49607636,,3
2022,49607637,,3
2022,49607638,,3
2022,49607639,,3
2022,49607640,,3
2022,49607641,,3
2022,49607642,,3
2022,49607643,,3
2022,49607644,,3
2022,49607645,,51
2022,49607646,,3
2022,49607647,,3
2022,49607648,,3
2022,49607649,,51
2022,49607650,,51
2022,49607651,,3
2022,49607652,,3
2022,49607653,,3
2022,49607654,,3
2022,49607655,,51
2022,49607656,,51
2022,49607657,,51
2022,49607658,,3
2022,49607659,,51
2022,49607660,,51
2022,49607661,,51
2022,49666614,,51
2022,49666615,,51
2022,49666616,,51
2022,50688459,,51
2022,49666617,,51
2022,49634488,,51
2022,49666618,,51
2022,49666619,,51
2022,49666620,,51
2022,49634489,,51
2022,49666621,,51
2022,49666622,,51
2022,49666623,,51
2022,49666624,,51
2022,49666625,,51
2022,49666626,,51
2022,49666627,,51
2022,49666628,,51
2022,49666629,,51
2022,49666630,,51
2022,49634490,,51
2022,51199129,,51
2022,49634491,,51
2022,49634492,,51
2022,49666631,,51
2022,49666632,,51
2022,49666633,,51
2022,49666634,,51
2022,49666635,,51
2022,49666636,,51
2022,49666637,,51
2022,49666638,,51
2022,49666639,,51
2022,49666640,,51
2022,49626680,,51
2022,49666641,,51
2022,49666642,,51
2022,49666643,,51
2022,49666644,,51
2022,49666645,,51
2022,49666646,,51
2022,49666647,,51
2022,49666648,,51
2022,49666649,,51
2022,49626681,,51
2022,50229055,,51
2022,49634493,,51
2022,50688460,,51
2022,49634494,,51
2022,49634495,,51
2022,49666650,,51
2022,49666652,,51
2022,49634496,,51
2022,49666654,,51
2022,49666655,,51
2022,49666656,,51
2022,49666657,,51
2022,49666658,,51
2022,49666659,,51
2022,49666660,,51
2022,49666661,,51
2022,49666662,,51
2022,49666663,,51
2022,49666664,,51
2022,49740486,,51
2022,49740487,,51
2022,50688461,,51
2022,50688462,,51
2022,49836716,,51
2022,49836718,,51
2022,50688463,,51
2022,50688464,,51
2022,49836727,,51
2022,49740488,,51
2022,49740489,,51
2022,49740490,,51
2022,49740491,,51
2022,49740492,,51
2022,49740493,,51
2022,49740494,,51
2022,49740495,,51
2022,49740496,,51
2022,49740497,,51
2022,49740498,,51
2022,49740499,,51
2022,49740500,,51
2022,49740501,,51
2022,49740502,,51
2022,49740503,,51
2022,49740504,,51
2022,49740505,,51
2022,49740506,,51
2022,49740507,,51
2022,49740508,,51
2022,49740509,,3
2022,49740510,,51
2022,49740511,,51
2022,49740512,,51
2022,49740513,,51
2022,49740514,,51
2022,49740515,,51
2022,49740516,,51
2022,49740517,,51
2022,49740518,,3
2022,49836729,,51
2022,49836730,,51
2022,49836731,,51
2022,49836733,,51
2022,49836734,,51
2022,49836736,,51
2022,50229056,,51
2022,49836738,,51
2022,49885260,,3
2022,49784912,,51
2022,49885261,,51
2022,49885262,,51
2022,49885263,,51
2022,49885264,,51
2022,49885265,,51
2022,49885266,,51
2022,50229057,,51
2022,49885267,,51
2022,49885268,,51
2022,49784914,,51
2022,49836739,,51
2022,49836740,,51
2022,49836741,,51
2022,49784918,,51
2022,49836742,,51
2022,49836743,,51
2022,49885269,,51
2022,49836744,,51
2022,49885270,,51
2022,49836745,,51
2022,49836746,,51
2022,49836747,,51
2022,49836748,,51
2022,49885271,,51
2022,49790681,,51
2022,49885272,,51
2022,49885273,,51
2022,49885274,,51
2022,49885275,,51
2022,49885276,,51
2022,49885277,,51
2022,49885278,,51
2022,49885279,,51
2022,49885281,,51
2022,49885282,,51
2022,49885283,,51
2022,49885284,,3
2022,49885285,,3
2022,49885286,,3
2022,49885287,,51
2022,49885288,,51
2022,49885290,,51
2022,49885291,,51
2022,49885292,,51
2022,49885293,,51
2022,49885294,,51
2022,49809304,,51
2022,49885295,,51
2022,49885296,,51
2022,49885297,,51
2022,49885299,,51
2022,49885300,,51
2022,49885301,,51
2022,49885302,,51
2022,50229058,,51
2022,49885303,,51
2022,49885304,,51
2022,49885305,,51
2022,49885306,,51
2022,49885307,,51
2022,49885309,,51
2022,49885310,,51
2022,49885311,,51
2022,49885312,,51
2022,49885313,,51
2022,49885314,,51
2022,49885315,,51
2022,49885316,,51
2022,49885317,,51
2022,49885318,,51
2022,49885319,,51
2022,49885320,,51
2022,49885321,,51
2022,49885322,,51
2022,49885323,,51
2022,49885324,,51
2022,49885325,,51
2022,49885326,,51
2022,49885327,,51
2022,49885328,,51
2022,49885329,,51
2022,49885330,,51
2022,49885331,,51
2022,49885332,,51
2022,49885333,,51
2022,49885334,,51
2022,49885335,,51
2022,49885336,,51
2022,49885337,,51
2022,49885338,,51
2022,49885339,,51
2022,49885340,,51
2022,49885341,,51
2022,49885342,,51
2022,49885343,,51
2022,49836749,,51
2022,49836750,,51
2022,49836751,,51
2022,49836752,,51
2022,49836753,,51
2022,49885344,,51
2022,49885345,,51
2022,49888815,,51
2022,49888816,,51
2022,49888817,,51
2022,49888818,,51
2022,49888819,,51
2022,49888820,,51
2022,49888821,,51
2022,49888822,,51
2022,49969216,,51
2022,49969217,,51
2022,49969218,,51
2022,49969220,,51
2022,49969221,,51
2022,49969222,,51
2022,49969223,,51
2022,51199130,,51
2022,49969225,,51
2022,49950147,,51
2022,49969226,,51
2022,49969227,,51
2022,50229059,,51
2022,49969228,,51
2022,49969229,,51
2022,49969230,,51
2022,50229060,,51
2022,49969231,,51
2022,49969232,,51
2022,49969234,,51
2022,49969235,,51
2022,51199131,,51
2022,49969238,,51
2022,49969239,,51
2022,49969240,,51
2022,49969241,,51
2022,49969242,,51
2022,49977841,,51
2022,50229061,,51
2022,50052829,,51
2022,50052830,,51
2022,50052832,,51
2022,50102631,,51
2022,50102632,,51
2022,50052833,,51
2022,50052834,,51
2022,50052835,,51
2022,50052836,,51
2022,50052837,,51
2022,50052838,,51
2022,50052839,,51
2022,50052840,,51
2022,50102633,,51
2022,50102634,,51
2022,50102635,,51
2022,50102636,,51
2022,50688465,,51
2022,50052841,,51
2022,50052842,,51
2022,50052843,,3
2022,50052844,,3
2022,50131242,,51
2022,50131243,,3
2022,50112310,,51
2022,50112311,,3
2022,50102637,,51
2022,50102638,,51
2022,50102639,,3
2022,50102640,,51
2022,50102641,,51
2022,50102642,,51
2022,50102643,,51
2022,50102644,,51
2022,50102646,,51
2022,50112312,,51
2022,50112313,,51
2022,50112314,,51
2022,50112315,,51
2022,50112316,,51
2022,50112317,,51
2022,50112318,,51
2022,50688466,,51
2022,50112319,,51
2022,50112320,,51
2022,50112321,,51
2022,50112322,,51
2022,50112323,,51
2022,50112324,,51
2022,50112325,,51
2022,50112326,,51
2022,50112327,,51
2022,50112328,,51
2022,50112329,,51
2022,50112330,,51
2022,50112331,,51
2022,50112332,,51
2022,50112333,,51
2022,50112334,,51
2022,50112335,,51
2022,50112336,,51
2022,50112337,,51
2022,50688467,,51
2022,50112338,,51
2022,50112339,,51
2022,50112340,,51
2022,50112341,,51
2022,50112342,,51
2022,50112343,,51
2022,50112344,,3
2022,50052845,,51
2022,50052846,,51
2022,50052847,,3
2022,50112345,,3
2022,50112346,,3
2022,50112347,,51
2022,50112348,,51
2022,50102647,,51
2022,50336598,,51
2022,50336599,,51
2022,50112349,,3
2022,50112350,,51
2022,50112351,,3
2022,50112352,,51
2022,50112353,,51
2022,50112354,,3
2022,50112355,,3
2022,50112356,,3
2022,50112357,,3
2022,50102649,,51
2022,50102650,,51
2022,50102651,,51
2022,50102652,,51
2022,50112358,,51
2022,50112359,,51
2022,50112360,,51
2022,50112361,,51
2022,50112362,,51
2022,50112363,,51
2022,50112364,,51
2022,50112365,,51
2022,50112366,,51
2022,50112367,,51
2022,50112368,,51
2022,50112369,,51
2022,50112370,,51
2022,50112371,,51
2022,50112372,,51
2022,50112373,,51
2022,50112374,,51
2022,50112375,,51
2022,50112376,,51
2022,50112377,,51
2022,50112378,,51
2022,50112379,,51
2022,50112380,,51
2022,51199132,,51
2022,50112381,,51
2022,50112382,,51
2022,50112383,,51
2022,50112384,,51
2022,50112385,,51
2022,50112386,,51
2022,50112387,,51
2022,50112388,,51
2022,50112389,,51
2022,50112390,,51
2022,50112391,,51
2022,50112392,,51
2022,50112393,,51
2022,50112394,,51
2022,50112395,,51
2022,50112396,,51
2022,50112397,,51
2022,50112398,,51
2022,50112399,,51
2022,50112400,,51
2022,50112401,,51
2022,50112402,,51
2022,50112403,,51
2022,50131244,,51
2022,50131245,,51
2022,50131246,,51
2022,50131247,,51
2022,50131248,,51
2022,50131249,,51
2022,50131251,,51
2022,50131252,,51
2022,50131253,,51
2022,50131254,,51
2022,50131255,,51
2022,50131256,,51
2022,50131257,,51
2022,50131258,,51
2022,50131259,,51
2022,50131260,,51
2022,50131261,,51
2022,50131262,,51
2022,50160582,,51
2022,50160583,,51
2022,50160584,,51
2022,50187345,,51
2022,50187385,,51
2022,50187425,,51
2022,50187446,,51
2022,50187487,,51
2022,50187507,,51
2022,50187519,,51
2022,50187530,,51
2022,50187539,,51
2022,50187547,,51
2022,50187557,,51
2022,50187565,,51
2022,50187597,,51
2022,50187604,,51
2022,50187614,,51
2022,50187621,,51
2022,50187634,,51
2022,50187645,,51
2022,50187663,,51
2022,50187671,,51
2022,50187691,,51
2022,50187710,,51
2022,50187729,,51
2022,50187742,,51
2022,50187770,,51
2022,50187771,,51
2022,50187772,,51
2022,50187786,,51
2022,50187787,,51
2022,50187788,,51
2022,50187805,,51
2022,50187836,,51
2022,50187869,,51
2022,50187903,,51
2022,50187934,,51
2022,50187993,,51
2022,50188258,,51
2022,50188281,,51
2022,50188302,,51
2022,50188338,,51
2022,50188355,,51
2022,50188379,,51
2022,50188380,,51
2022,50213067,,51
2022,50213068,,51
2022,50213069,,51
2022,50213070,,51
2022,50213071,,51
2022,50213072,,51
2022,50213074,,51
2022,50213078,,51
2022,50213082,,51
2022,50229062,,51
2022,50229063,,51
2022,50229064,,51
2022,50229065,,51
2022,50229066,,51
2022,50229067,,51
2022,50229068,,51
2022,50229069,,51
2022,50688468,,51
2022,50335622,,3
2022,50335623,,51
2022,50336600,,51
2022,50336601,,51
2022,50688469,,51
2022,50688470,,51
2022,51199133,,51
2022,50462853,,51
2022,51199134,,51
2022,50538481,,51
2022,50557559,,51
2022,51199135,,51
2022,50623465,,51
2022,50688640,,51
2022,50688641,,51
2022,50688642,,51
2022,50688643,,51
2022,50688644,,51
2022,50688645,,51
2022,50688646,,51
2022,50689428,,51
2022,50736779,,51
2022,50768493,,51
2022,50772050,,51
2022,51119749,,51
2022,51119750,,51
2022,51199139,,51
2022,51199140,,51
2022,51199141,,51
2022,51275642,,51
2022,51395266,,51
2022,51395267,,51
2022,51401435,,51
2022,51468986,,51
2022,51547834,,51
2022,51547835,,51
2022,51547836,,51
2022,49827902,,51
2022,49827905,,51
2022,49827906,,51
2022,49827907,,52
2022,49827908,,51
2022,49827909,,51
2022,49827910,,51
2022,49827911,,53
2022,49827912,,51
2022,49827913,,4
2022,49827914,,53
2022,49827915,,51
2022,49827916,,51
2022,49827917,,9
2022,49827918,,51
2022,49827919,,51
2022,49827920,,51
2022,49827921,,51
2022,49827922,,51
2022,49827923,,51
2022,49827924,,51
2022,49827925,,51
2022,49827926,,51
2022,49827927,,52
2022,49827928,,51
2022,49827929,,51
2022,49827930,,52
2022,49827931,,51
2022,49827932,,51
2022,49827933,,51
2022,49827934,,53
2022,49827935,,51
2022,49827936,,53
2022,49827937,,51
2022,49827938,,51
2022,49827939,,51
2022,49827940,,51
2022,49827941,,51
2022,49827942,,52
2022,49827943,,51
2022,49827944,,51
2022,49827945,,51
2022,49827946,,53
2022,49827947,,51
2022,49827948,,51
2022,49827949,,9
2022,49827950,,9
2022,49827951,,53
2022,49827952,,51
2022,49827953,,51
2022,49827954,,51
2022,49827955,,51
2022,49827956,,51
2022,49827957,,51
2022,49827958,,51
2022,51094810,,51
2022,49827959,,51
2022,49827960,,51
2022,49827961,,51
2022,49827962,,51
2022,49827963,,51
2022,49827964,,51
2022,49827965,,51
2022,49827966,,51
2022,49827967,,51
2022,49827968,,51
2022,49827969,,3
2022,49827970,,52
2022,49827971,,51
2022,49827972,,51
2022,49827973,,51
2022,49827974,,51
2022,49827975,,51
2022,49827976,,51
2022,49827977,,51
2022,49827978,,51
2022,49827979,,51
2022,49827980,,51
2022,49827981,,51
2022,49827982,,51
2022,49827983,,51
2022,49827984,,52
2022,49827985,,51
2022,49827986,,51
2022,49827987,,51
2022,49827988,,51
2022,49827989,,51
2022,49827990,,53
2022,49827991,,51
2022,49827992,,51
2022,49827993,,51
2022,49827994,,51
2022,49827995,,51
2022,49827996,,51
2022,49827997,,51
2022,49827998,,51
2022,49827999,,51
2022,49828000,,51
2022,49828001,,53
2022,49828002,,3
2022,49828003,,51
2022,49828004,,51
2022,49828005,,51
2022,49828007,,53
2022,49828008,,53
2022,49828009,,53
2022,49828010,,51
2022,49828011,,53
2022,49828012,,51
2022,49828013,,1
2022,49828014,,53
2022,49828015,,51
2022,49828016,,1
2022,49828017,,51
2022,49828018,,51
2022,49828019,,51
2022,49828020,,51
2022,49828021,,51
2022,49828022,,51
2022,49828024,,51
2022,49828025,,51
2022,49828026,,51
2022,49828027,,52
2022,49828028,,51
2022,49828029,,51
2022,49828030,,3
2022,49828031,,51
2022,49828032,,51
2022,49828033,,51
2022,49828034,,51
2022,49828035,,3
2022,49828036,,51
2022,49828037,,51
2022,49828038,,51
2022,49828039,,51
2022,49828040,,51
2022,49828041,,51
2022,49828042,,51
2022,49828043,,52
2022,49828044,,51
2022,49828045,,51
2022,49828046,,51
2022,49828047,,51
2022,49828048,,51
2022,49828049,,3
2022,49828050,,52
2022,49828051,,51
2022,49828052,,51
2022,49828053,,51
2022,49828054,,51
2022,49828055,,51
2022,49828056,,51
2022,49828057,,51
2022,49828058,,51
2022,49828059,,52
2022,49828060,,53
2022,49828061,,53
2022,49828062,,51
2022,49828063,,51
2022,49828064,,51
2022,49828065,,51
2022,49828066,,51
2022,49828067,,51
2022,49828068,,51
2022,49828069,,51
2022,49828070,,51
2022,49828071,,53
2022,49828072,,51
2022,49828073,,51
2022,49828074,,51
2022,49828075,,51
2022,49828076,,51
2022,49828077,,53
2022,49828078,,51
2022,49828079,,51
2022,49828080,,51
2022,49828081,,51
2022,49828082,,51
2022,49828083,,51
2022,49828084,,51
2022,49828085,,9
2022,49828086,,51
2022,49828087,,51
2022,49828088,,51
2022,49828089,,51
2022,49828090,,3
2022,49828091,,51
2022,49828092,,51
2022,49828093,,51
2022,49828094,,51
2022,49828095,,51
2022,49828096,,51
2022,49828097,,51
2022,49828098,,51
2022,49828099,,51
2022,49828100,,51
2022,49828101,,51
2022,49828102,,51
2022,49828103,,51
2022,49828104,,51
2022,49828105,,51
2022,49828106,,51
2022,49828107,,51
2022,49828108,,51
2022,49828109,,51
2022,49828110,,51
2022,49828111,,51
2022,49828112,,51
2022,49828113,,53
2022,49828114,,52
2022,49828115,,51
2022,49828116,,51
2022,49828117,,51
2022,49828118,,51
2022,49828119,,51
2022,49828120,,51
2022,49828121,,51
2022,49828122,,51
2022,49828123,,51
2022,49828124,,51
2022,49828125,,51
2022,49828126,,51
2022,49828127,,51
2022,49828128,,51
2022,49828129,,51
2022,49828130,,51
2022,49828131,,51
2022,49828132,,51
2022,49828133,,51
2022,49828134,,51
2022,49828135,,3
2022,49828136,,51
2022,49828137,,53
2022,49828138,,51
2022,49828139,,51
2022,49828140,,51
2022,49828141,,51
2022,49828142,,51
2022,49828143,,51
2022,49828144,,51
2022,49828145,,51
2022,49828146,,51
2022,49828147,,51
2022,49828148,,51
2022,49828149,,52
2022,49828150,,51
2022,49828151,,51
2022,49828152,,51
2022,49828153,,51
2022,49828154,,51
2022,49828155,,51
2022,49828156,,51
2022,49828157,,51
2022,49828158,,51
2022,49828159,,51
2022,49828160,,51
2022,49828161,,51
2022,49828162,,51
2022,49828163,,51
2022,49828164,,51
2022,49828165,,51
2022,49828166,,51
2022,49828167,,52
2022,49828168,,51
2022,49828169,,51
2022,49828170,,51
2022,49828171,,51
2022,49828172,,51
2022,49828173,,53
2022,49828174,,51
2022,49828175,,51
2022,49828176,,51
2022,49828177,,3
2022,49828178,,53
2022,49828179,,51
2022,49828180,,51
2022,49828181,,51
2022,49828182,,51
2022,49828183,,52
2022,49828184,,51
2022,49828185,,51
2022,49828186,,51
2022,49828187,,53
2022,49828188,,51
2022,49828189,,51
2022,49828190,,51
2022,49828191,,51
2022,49828192,,51
2022,49828193,,51
2022,49828194,,51
2022,49828195,,51
2022,49828196,,53
2022,49828197,,53
2022,49828198,,51
2022,49828199,,51
2022,49828200,,51
2022,49828201,,51
2022,49828202,,51
2022,49828203,,51
2022,49828204,,53
2022,49828205,,52
2022,49828206,,51
2022,49828207,,53
2022,49828208,,51
2022,49828210,,51
2022,49828211,,51
2022,49828212,,51
2022,49828213,,51
2022,49828214,,51
2022,49828215,,51
2022,49828216,,51
2022,49828217,,53
2022,49828218,,51
2022,49828219,,51
2022,49828220,,53
2022,49828221,,52
2022,49828222,,51
2022,49828223,,51
2022,49828224,,51
2022,49828225,,9
2022,49828226,,51
2022,49828227,,51
2022,49828228,,51
2022,49828229,,51
2022,49828230,,51
2022,49828231,,51
2022,49828232,,51
2022,49828233,,51
2022,49828234,,51
2022,49828235,,51
2022,49828236,,51
2022,49828237,,51
2022,49828238,,53
2022,49828239,,51
2022,49828240,,53
2022,49828241,,53
2022,49828242,,51
2022,49828243,,51
2022,49828244,,53
2022,49828245,,51
2022,49828246,,51
2022,49828247,,51
2022,49828248,,51
2022,49828249,,51
2022,49828250,,51
2022,49828251,,51
2022,49828252,,51
2022,49828253,,52
2022,49828254,,51
2022,49828255,,51
2022,49828256,,3
2022,49828257,,51
2022,49828258,,52
2022,49828259,,51
2022,49828260,,52
2022,49828261,,51
2022,49828262,,51
2022,49828263,,51
2022,49828264,,51
2022,49828265,,51
2022,49828266,,51
2022,49828267,,51
2022,49828268,,51
2022,49828269,,51
2022,49828270,,51
2022,49828271,,51
2022,49828272,,51
2022,49828274,,51
2022,49828275,,51
2022,49828276,,51
2022,49828277,,51
2022,49828278,,51
2022,49828279,,51
2022,49828280,,51
2022,49828281,,51
2022,49828282,,51
2022,49828283,,51
2022,49828284,,51
2022,49828285,,51
2022,49828286,,51
2022,49828287,,51
2022,49828288,,51
2022,49828289,,53
2022,49828290,,51
2022,49828291,,51
2022,49828292,,51
2022,49828293,,9
2022,49828294,,51
2022,49828295,,53
2022,49828296,,52
2022,49828297,,51
2022,49828298,,51
2022,49828299,,51
2022,49828300,,51
2022,49828301,,51
2022,49828302,,51
2022,49828303,,51
2022,49828304,,51
2022,49828305,,51
2022,49828306,,51
2022,49828307,,51
2022,49828308,,3
2022,49828309,,51
2022,49828310,,51
2022,49828311,,51
2022,49828312,,51
2022,49828313,,51
2022,51094814,,51
2022,51094815,,51
2022,51094816,,51
2022,51094817,,51
2022,49828318,,51
2022,49828319,,53
2022,49828320,,51
2022,49828321,,51
2022,49828322,,9
2022,49828323,,51
2022,49828324,,53
2022,49828325,,51
2022,49828326,,53
2022,49828327,,51
2022,49828328,,53
2022,49828329,,51
2022,49828330,,51
2022,49828331,,51
2022,49828332,,51
2022,49828333,,51
2022,49828334,,51
2022,49828335,,51
2022,49828336,,51
2022,49828337,,51
2022,49828338,,51
2022,49828339,,51
2022,49828340,,51
2022,49828341,,51
2022,49828342,,51
2022,49828343,,51
2022,49828344,,51
2022,49828345,,51
2022,49828346,,51
2022,49828347,,51
2022,49828348,,51
2022,49828349,,51
2022,49828350,,51
2022,49828351,,53
2022,49828352,,51
2022,49828353,,51
2022,49828354,,51
2022,49828355,,53
2022,49828356,,51
2022,49828357,,53
2022,49828358,,51
2022,49828359,,51
2022,49828360,,3
2022,49828361,,53
2022,49828362,,53
2022,49828363,,53
2022,49828364,,51
2022,49828365,,51
2022,49828366,,51
2022,49828367,,51
2022,49828368,,51
2022,49828369,,9
2022,49828370,,9
2022,49828371,,9
2022,49828372,,9
2022,49828373,,5
2022,49828374,,51
2022,49828375,,52
2022,49828376,,51
2022,49828377,,51
2022,49828379,,51
2022,49828380,,51
2022,49828381,,51
2022,49828382,,51
2022,49828383,,53
2022,49828384,,51
2022,49828385,,51
2022,49828386,,9
2022,49828387,,51
2022,49828388,,51
2022,49828389,,51
2022,49828390,,51
2022,49828391,,51
2022,49828392,,51
2022,49828393,,51
2022,49828394,,51
2022,49828395,,53
2022,49828396,,51
2022,49828397,,51
2022,49828398,,51
2022,49828399,,51
2022,49828400,,51
2022,49828401,,51
2022,49828402,,53
2022,49828403,,51
2022,49828404,,53
2022,49828405,,52
2022,49828406,,9
2022,49828407,,51
2022,49828408,,51
2022,49828409,,51
2022,49828410,,51
2022,49828411,,53
2022,49828413,,51
2022,49828414,,51
2022,49828415,,51
2022,49828416,,51
2022,49828417,,51
2022,49828418,,51
2022,49828419,,53
2022,49828420,,51
2022,49828421,,1
2022,49828422,,51
2022,49828423,,51
2022,49828424,,51
2022,49828425,,51
2022,49828426,,51
2022,51094818,,3
2022,49828428,,51
2022,49828429,,51
2022,49828430,,51
2022,49828431,,51
2022,49828432,,1
2022,49828433,,51
2022,49828434,,53
2022,49828435,,3
2022,49828436,,51
2022,49828437,,51
2022,49828438,,51
2022,49828439,,53
2022,49828440,,51
2022,49828441,,51
2022,49828442,,51
2022,49828443,,51
2022,49828444,,51
2022,49828445,,51
2022,49828446,,53
2022,49828447,,51
2022,49828448,,53
2022,49828449,,51
2022,49828450,,53
2022,49828451,,51
2022,49828452,,52
2022,49828453,,53
2022,49828454,,51
2022,49828455,,51
2022,49828456,,53
2022,49828457,,51
2022,49828458,,51
2022,49828459,,51
2022,49828460,,51
2022,49828461,,51
2022,49828462,,51
2022,49828463,,53
2022,49828464,,3
2022,49828465,,51
2022,49828466,,51
2022,49828467,,51
2022,49828468,,53
2022,49828469,,51
2022,49828470,,52
2022,49828471,,53
2022,49828472,,51
2022,49828473,,3
2022,49828474,,51
2022,49828475,,53
2022,49828476,,51
2022,49828477,,53
2022,49828478,,53
2022,49828479,,51
2022,51094820,,51
2022,49828480,,51
2022,49828481,,53
2022,49828482,,51
2022,49828483,,51
2022,49828484,,53
2022,49828485,,51
2022,49828486,,51
2022,49828487,,51
2022,49828488,,51
