data_year,weapon_id,offense_id,nibrs_weapon_id
2022,41,192326197,
2022,41,192326204,
2022,41,194315111,
2022,42,192326207,
2022,41,192597366,
2022,41,192326209,
2022,41,192326215,
2022,42,192326216,
2022,42,196806296,
2022,41,192326227,
2022,42,192326234,
2022,41,192279516,
2022,41,192326236,
2022,41,202983487,
2022,38,192326240,
2022,21,192326243,
2022,41,194315121,
2022,41,192326252,
2022,42,192326253,
2022,42,194315123,
2022,1,194315124,
2022,42,192326267,
2022,38,194315129,
2022,38,194315130,
2022,42,194315132,
2022,42,194315133,
2022,41,192326276,
2022,38,192326285,
2022,41,192441889,
2022,42,194315140,
2022,5,202188053,
2022,42,192326298,
2022,42,192326299,
2022,42,194315143,
2022,41,192279532,
2022,41,199172517,
2022,41,192326320,
2022,42,192326322,
2022,42,192326325,
2022,31,194315147,
2022,42,192326337,
2022,42,194315150,
2022,42,194315153,
2022,41,192326341,
2022,39,194315155,
2022,42,192279542,
2022,42,194315160,
2022,3,200562882,
2022,3,200562885,
2022,38,194315164,
2022,42,194315166,
2022,41,194315172,
2022,41,194315173,
2022,41,194315178,
2022,42,194315191,
2022,41,194315197,
2022,41,194315198,
2022,31,202033037,
2022,42,194315204,
2022,42,194315207,
2022,41,194742068,
2022,42,195902920,
2022,41,194315221,
2022,41,199528172,
2022,42,199528173,
2022,42,194315225,
2022,21,194315229,
2022,21,194315232,
2022,39,198680838,
2022,41,195375207,
2022,41,195375208,
2022,42,195778069,
2022,41,195778070,
2022,42,195346884,
2022,42,199528174,
2022,42,195466548,
2022,41,195778071,
2022,41,178053264,
2022,21,178780438,
2022,21,178780439,
2022,41,178780445,
2022,41,178780448,
2022,39,178780449,
2022,41,178780454,
2022,41,178780457,
2022,41,178780458,
2022,41,178858277,
2022,41,178858279,
2022,41,178858287,
2022,32,179019305,
2022,42,178858291,
2022,41,178858292,
2022,38,178858309,
2022,41,179185869,
2022,41,181419584,
2022,39,187800842,
2022,42,179625731,
2022,38,187717187,
2022,41,179993588,
2022,41,187717197,
2022,41,189380727,
2022,41,189380730,
2022,41,194317367,
2022,41,194317368,
2022,41,194317378,
2022,39,194317386,
2022,41,194317389,
2022,41,194317392,
2022,41,194317394,
2022,3,194317396,
2022,41,194317403,
2022,41,194317422,
2022,41,194317430,
2022,21,194317438,
2022,39,194317440,
2022,42,194317449,
2022,3,194317458,
2022,21,194317459,
2022,21,194317460,
2022,21,194317486,
2022,41,194317492,
2022,41,194317493,
2022,41,194317495,
2022,41,194317504,
2022,31,194317505,
2022,42,194317510,
2022,1,194317522,
2022,42,194317526,
2022,41,194317527,
2022,41,180074774,
2022,41,181528046,
2022,41,196809191,
2022,42,181419588,
2022,41,181419589,
2022,41,181419591,
2022,3,182643051,
2022,21,196809197,
2022,41,181419604,
2022,41,181528047,
2022,41,196809212,
2022,41,196809213,
2022,41,181652960,
2022,41,188666971,
2022,41,188666974,
2022,41,188666975,
2022,41,188666981,
2022,31,188666982,
2022,41,188666983,
2022,41,188666989,
2022,41,188666991,
2022,41,188666993,
2022,21,188666994,
2022,21,188666998,
2022,21,188667002,
2022,21,188667003,
2022,21,188667006,
2022,41,188667007,
2022,41,188667008,
2022,41,188667010,
2022,41,188667014,
2022,41,188667018,
2022,41,188667023,
2022,41,188667027,
2022,31,188667039,
2022,31,188667040,
2022,39,188667044,
2022,21,188667045,
2022,41,188667047,
2022,41,188667059,
2022,3,188667060,
2022,3,188667062,
2022,41,188667067,
2022,41,181652961,
2022,41,188667070,
2022,41,188667076,
2022,21,188667081,
2022,38,188667084,
2022,41,188667086,
2022,42,188667089,
2022,41,188667094,
2022,41,188667098,
2022,41,188667099,
2022,39,188667101,
2022,1,188667103,
2022,1,188667104,
2022,41,188667105,
2022,41,188667113,
2022,41,188667114,
2022,21,191132741,
2022,41,191132744,
2022,38,181660092,
2022,41,181757674,
2022,41,181757679,
2022,41,182643053,
2022,41,182643055,
2022,41,182643059,
2022,41,182643061,
2022,41,182643067,
2022,41,182643071,
2022,41,182643099,
2022,38,182643101,
2022,38,191132751,
2022,37,183044498,
2022,21,183117881,
2022,31,191132753,
2022,41,191132758,
2022,31,183117881,
2022,21,183117882,
2022,31,183117882,
2022,41,183409990,
2022,39,191132761,
2022,3,191132763,
2022,42,191132767,
2022,32,183409991,
2022,3,190863863,
2022,41,191132772,
2022,41,191132776,
2022,41,191132777,
2022,41,191053829,
2022,21,191053830,
2022,41,191053853,
2022,41,191053872,
2022,41,191053885,
2022,39,192017172,
2022,38,192017173,
2022,41,192017204,
2022,41,192017213,
2022,41,192017216,
2022,21,192017217,
2022,41,192017219,
2022,41,192017231,
2022,41,197176821,
2022,41,197176824,
2022,41,197176825,
2022,41,197176827,
2022,3,197176828,
2022,41,197176831,
2022,41,197176834,
2022,41,197176840,
2022,38,197176844,
2022,41,197176847,
2022,41,197176848,
2022,41,197176850,
2022,41,197176854,
2022,41,197176859,
2022,41,197176862,
2022,41,197176863,
2022,41,197176864,
2022,41,195370672,
2022,41,195370674,
2022,42,195370676,
2022,41,195370683,
2022,41,195370685,
2022,3,195370686,
2022,41,195370699,
2022,41,195370700,
2022,41,195370701,
2022,41,195370703,
2022,42,195370706,
2022,41,190863864,
2022,41,196176285,
2022,41,196176286,
2022,41,196176291,
2022,41,183842778,
2022,41,196176292,
2022,41,183953811,
2022,41,196176301,
2022,41,183990299,
2022,41,196176313,
2022,41,184304326,
2022,41,191009629,
2022,41,182644034,
2022,41,191009630,
2022,3,191053771,
2022,41,182644041,
2022,41,182644042,
2022,41,191265366,
2022,41,191265369,
2022,41,182644050,
2022,38,191265372,
2022,41,191265373,
2022,21,191351720,
2022,38,191351720,
2022,41,191649425,
2022,41,182644070,
2022,41,191649442,
2022,41,182644090,
2022,41,191654926,
2022,41,182644098,
2022,41,191791102,
2022,42,191793891,
2022,21,191824149,
2022,3,182644119,
2022,41,182644121,
2022,41,191824150,
2022,41,182644122,
2022,41,191824152,
2022,41,182644123,
2022,41,191824162,
2022,41,191824167,
2022,41,191831216,
2022,41,182981695,
2022,41,182981709,
2022,41,182981724,
2022,1,191845500,
2022,41,182981741,
2022,41,182981748,
2022,21,182981756,
2022,41,182981758,
2022,41,182981765,
2022,41,191848728,
2022,1,191848729,
2022,21,191848730,
2022,38,175699900,
2022,21,184483762,
2022,41,184483766,
2022,41,184483770,
2022,41,186678782,
2022,41,186678793,
2022,41,186678807,
2022,42,186678815,
2022,41,186678828,
2022,41,188511291,
2022,42,188511292,
2022,21,188511298,
2022,21,188511309,
2022,21,188511310,
2022,41,188511313,
2022,41,188511315,
2022,41,188511318,
2022,41,189768451,
2022,39,189768464,
2022,3,189768465,
2022,41,189768492,
2022,41,189768497,
2022,3,189768507,
2022,3,189768508,
2022,3,189768511,
2022,3,189768512,
2022,41,189768524,
2022,41,191027221,
2022,41,191027236,
2022,41,191027241,
2022,41,191027251,
2022,42,191027255,
2022,41,194318490,
2022,42,194318493,
2022,41,194318503,
2022,42,194318507,
2022,42,194318509,
2022,21,194318513,
2022,41,194318546,
2022,38,194318560,
2022,38,194318561,
2022,42,194318581,
2022,1,194318583,
2022,41,194318586,
2022,41,194318594,
2022,41,194318603,
2022,41,194318607,
2022,41,195763897,
2022,42,195763906,
2022,41,195763921,
2022,37,195763922,
2022,41,195763929,
2022,41,195763935,
2022,41,185202147,
2022,21,184370388,
2022,21,183967247,
2022,42,176019206,
2022,3,194319025,
2022,41,194319032,
2022,41,194319045,
2022,42,194319139,
2022,42,194319164,
2022,41,176608871,
2022,41,176019207,
2022,3,196411881,
2022,41,176139946,
2022,42,189267755,
2022,42,198429607,
2022,42,178397159,
2022,38,196142340,
2022,21,187352059,
2022,42,176139948,
2022,42,185202154,
2022,41,186119134,
2022,42,196142341,
2022,38,185202155,
2022,39,181494649,
2022,38,196142375,
2022,41,185293030,
2022,41,185293031,
2022,41,185276965,
2022,42,176139951,
2022,41,177553935,
2022,39,189267767,
2022,42,189267769,
2022,39,182643252,
2022,39,177553937,
2022,41,185372139,
2022,41,198429608,
2022,41,177244676,
2022,41,186377304,
2022,41,187336410,
2022,41,195902922,
2022,41,185283185,
2022,3,186684713,
2022,42,187734281,
2022,3,186684714,
2022,41,186684715,
2022,21,176533720,
2022,42,187734292,
2022,41,188647547,
2022,42,188647548,
2022,42,188647573,
2022,31,188647576,
2022,41,188647582,
2022,41,188647586,
2022,41,188647597,
2022,42,188647599,
2022,42,188647605,
2022,38,187734335,
2022,41,187734342,
2022,21,176533721,
2022,42,188511345,
2022,41,177188854,
2022,41,177135706,
2022,41,188511354,
2022,38,188511356,
2022,41,188511361,
2022,38,191824316,
2022,41,189429047,
2022,41,189429063,
2022,38,189429063,
2022,39,194315723,
2022,41,185372140,
2022,41,201064162,
2022,41,176547421,
2022,42,187982871,
2022,41,190728513,
2022,39,181312092,
2022,21,186621004,
2022,41,176709499,
2022,41,186621007,
2022,42,178961035,
2022,42,189267789,
2022,42,189429070,
2022,38,189429075,
2022,41,191824327,
2022,38,191824329,
2022,39,191824336,
2022,42,191824366,
2022,42,194319594,
2022,21,194319617,
2022,42,194319639,
2022,41,194319680,
2022,41,196142391,
2022,41,196142406,
2022,41,185276971,
2022,41,178955555,
2022,41,191649455,
2022,38,198429611,
2022,41,183073767,
2022,42,178354237,
2022,42,178397162,
2022,39,181522618,
2022,41,189267795,
2022,3,177127162,
2022,32,187352060,
2022,41,185372145,
2022,41,185372146,
2022,39,181286898,
2022,41,185372147,
2022,38,186970419,
2022,3,196142417,
2022,41,198422278,
2022,31,187714993,
2022,31,187714994,
2022,41,187717214,
2022,38,187717232,
2022,39,187717237,
2022,38,187717239,
2022,38,187717240,
2022,41,187717253,
2022,41,187717254,
2022,37,187717256,
2022,37,187717257,
2022,42,187717260,
2022,37,187717268,
2022,41,187717277,
2022,41,187778346,
2022,41,187778347,
2022,41,187778349,
2022,21,187778352,
2022,41,189393708,
2022,42,189393713,
2022,21,189393717,
2022,21,189393718,
2022,21,186970420,
2022,42,182643254,
2022,41,178354238,
2022,42,190717247,
2022,21,190717253,
2022,41,194320146,
2022,3,194320150,
2022,41,195763936,
2022,41,195763950,
2022,41,195763952,
2022,41,195763954,
2022,41,195763959,
2022,42,195763978,
2022,41,176608878,
2022,42,176608879,
2022,21,188129150,
2022,41,185429563,
2022,38,183944625,
2022,21,187352065,
2022,41,185566946,
2022,21,177324901,
2022,21,177324902,
2022,41,189111585,
2022,38,201004402,
2022,41,189111587,
2022,38,201004403,
2022,42,187128845,
2022,41,185429568,
2022,38,177188860,
2022,31,201251225,
2022,41,189281813,
2022,41,181312094,
2022,41,187340051,
2022,3,201251241,
2022,3,189464232,
2022,21,177102479,
2022,38,201251247,
2022,21,177102480,
2022,3,183217932,
2022,3,183217933,
2022,41,201251253,
2022,39,183217934,
2022,41,177105262,
2022,21,177105263,
2022,41,186066738,
2022,41,177127169,
2022,41,177553941,
2022,39,177127171,
2022,39,186970423,
2022,21,186684718,
2022,21,186684720,
2022,41,178354242,
2022,41,177324904,
2022,42,202005383,
2022,41,185429575,
2022,42,180573727,
2022,38,202005384,
2022,41,202005385,
2022,41,202005386,
2022,42,202005398,
2022,41,202005405,
2022,42,202005409,
2022,9,202005410,
2022,38,202005411,
2022,41,202005412,
2022,38,202005419,
2022,41,185429577,
2022,41,202005421,
2022,21,186687536,
2022,38,202005423,
2022,41,202005426,
2022,21,183217936,
2022,21,202005428,
2022,41,202005430,
2022,41,185429578,
2022,41,202005432,
2022,41,202005434,
2022,21,177324913,
2022,41,202005436,
2022,41,197185049,
2022,39,192457677,
2022,41,202005443,
2022,41,177522309,
2022,39,189267821,
2022,41,177135717,
2022,42,200994716,
2022,41,185429581,
2022,41,185551273,
2022,41,177244681,
2022,38,177817299,
2022,21,177817301,
2022,39,199439483,
2022,39,178504653,
2022,41,179933663,
2022,3,202957048,
2022,3,202957049,
2022,41,202957060,
2022,39,185444866,
2022,39,182643259,
2022,42,185672812,
2022,41,185435454,
2022,42,186621014,
2022,3,178397173,
2022,3,178397174,
2022,41,177817304,
2022,41,185435455,
2022,38,186970424,
2022,38,186970425,
2022,1,186687537,
2022,1,186687538,
2022,41,178878652,
2022,41,178878653,
2022,1,198429618,
2022,1,177817307,
2022,39,177553946,
2022,21,177553947,
2022,21,177553948,
2022,41,189111588,
2022,41,202957066,
2022,21,197176771,
2022,3,178504657,
2022,41,187310918,
2022,9,186684724,
2022,41,189265501,
2022,21,202957069,
2022,41,178955568,
2022,41,179239757,
2022,21,178504658,
2022,41,181408095,
2022,21,198429620,
2022,42,182795471,
2022,41,178809258,
2022,42,183984606,
2022,42,178397187,
2022,41,182643266,
2022,41,178294863,
2022,42,186970428,
2022,42,186970430,
2022,41,183967250,
2022,41,185435462,
2022,42,178955578,
2022,42,189001692,
2022,41,202957071,
2022,41,202957072,
2022,41,202658683,
2022,21,188830431,
2022,9,178878655,
2022,41,187377674,
2022,41,181489388,
2022,41,181489390,
2022,38,181489409,
2022,31,181489411,
2022,38,181489428,
2022,41,181489429,
2022,21,181489430,
2022,21,181489431,
2022,41,181489441,
2022,41,178354261,
2022,41,184370391,
2022,41,186066745,
2022,41,181489450,
2022,5,178294871,
2022,3,178354262,
2022,1,178878656,
2022,42,178809259,
2022,42,178354263,
2022,41,181489465,
2022,41,181489473,
2022,41,181489478,
2022,41,181489479,
2022,38,181489481,
2022,41,181489482,
2022,41,181516928,
2022,31,178504662,
2022,21,181516939,
2022,21,181516940,
2022,41,181516947,
2022,42,181516964,
2022,31,202125855,
2022,41,181516974,
2022,31,179933693,
2022,41,187763705,
2022,41,178809267,
2022,42,181312096,
2022,41,181516997,
2022,41,186139765,
2022,39,186687539,
2022,41,181517003,
2022,42,181517006,
2022,41,185435463,
2022,41,183967251,
2022,21,185435464,
2022,21,185435465,
2022,3,190959157,
2022,41,181517027,
2022,41,181517028,
2022,41,178809273,
2022,39,181517038,
2022,41,182645621,
2022,21,179199806,
2022,41,178961039,
2022,41,185566949,
2022,41,183944626,
2022,41,182645628,
2022,41,178955590,
2022,41,187377676,
2022,41,190707438,
2022,41,182645649,
2022,41,178955592,
2022,41,186040805,
2022,41,185672852,
2022,41,182645662,
2022,41,182645668,
2022,41,182645669,
2022,3,178955595,
2022,3,178955598,
2022,38,182645678,
2022,41,185566950,
2022,41,182645681,
2022,38,180180299,
2022,41,182645694,
2022,31,180180300,
2022,42,182645696,
2022,41,182645700,
2022,42,182645718,
2022,42,182645723,
2022,41,182645735,
2022,38,183450422,
2022,41,183450423,
2022,38,183450425,
2022,42,183450438,
2022,41,183450444,
2022,41,183450462,
2022,41,183450470,
2022,41,183450471,
2022,39,183450475,
2022,41,183450482,
2022,38,183450482,
2022,41,183450494,
2022,21,183450499,
2022,41,183450506,
2022,41,183450509,
2022,41,183450510,
2022,41,183450512,
2022,41,183450514,
2022,38,183450528,
2022,41,184832403,
2022,34,179025443,
2022,42,178961043,
2022,41,184832415,
2022,41,184832425,
2022,21,191835887,
2022,41,185566951,
2022,41,179025444,
2022,21,184832456,
2022,21,184832457,
2022,39,197068903,
2022,41,184832461,
2022,39,185566952,
2022,9,184832466,
2022,41,185566953,
2022,37,184832470,
2022,39,184832476,
2022,39,199462964,
2022,9,184832492,
2022,9,184832493,
2022,41,190707439,
2022,21,184832526,
2022,41,184832532,
2022,41,184832534,
2022,42,184832556,
2022,41,184832573,
2022,41,184832582,
2022,42,184832588,
2022,41,186621060,
2022,39,186621077,
2022,39,186621089,
2022,41,186621105,
2022,38,186621152,
2022,41,186621154,
2022,39,186621164,
2022,39,186621166,
2022,39,186621179,
2022,42,186621183,
2022,41,186621186,
2022,42,186621199,
2022,21,186621208,
2022,41,190041074,
2022,39,194321767,
2022,39,187041166,
2022,42,194321773,
2022,38,188511259,
2022,39,194321783,
2022,38,194321784,
2022,41,194321785,
2022,39,194321802,
2022,3,181458312,
2022,41,185441638,
2022,21,179383026,
2022,39,185713458,
2022,42,194321827,
2022,41,180573733,
2022,41,194321863,
2022,41,194321867,
2022,41,194321868,
2022,41,194321878,
2022,41,194321879,
2022,38,194321885,
2022,38,194321918,
2022,41,194321919,
2022,38,194321920,
2022,41,189455714,
2022,39,189455724,
2022,41,189455731,
2022,41,189455732,
2022,37,189455734,
2022,41,189455740,
2022,21,189455746,
2022,41,184337090,
2022,41,190959158,
2022,39,198429631,
2022,21,179239782,
2022,21,179239783,
2022,21,179933729,
2022,41,179933730,
2022,41,179383030,
2022,41,179502522,
2022,41,179383031,
2022,41,179502525,
2022,41,189455787,
2022,38,189455791,
2022,21,189455794,
2022,39,187310921,
2022,41,185566957,
2022,41,189455807,
2022,38,189455809,
2022,41,185551274,
2022,41,182643279,
2022,42,189455835,
2022,41,179559708,
2022,21,196721723,
2022,21,180120956,
2022,31,190677782,
2022,38,179933734,
2022,41,185566958,
2022,41,185566959,
2022,1,190677799,
2022,3,190677800,
2022,41,190677803,
2022,41,180033030,
2022,42,180120960,
2022,41,185566962,
2022,41,190677819,
2022,41,190677820,
2022,41,190677822,
2022,39,190677824,
2022,39,185672863,
2022,39,199306710,
2022,41,190677835,
2022,41,190677837,
2022,42,183217940,
2022,41,190677838,
2022,41,182643290,
2022,41,181606186,
2022,41,190677863,
2022,38,190677875,
2022,41,190677879,
2022,42,190677890,
2022,42,190677892,
2022,41,190677908,
2022,41,190677911,
2022,41,194321927,
2022,41,194321934,
2022,42,194321935,
2022,41,194321938,
2022,38,194321947,
2022,38,194321950,
2022,42,194321951,
2022,41,194321954,
2022,41,194321955,
2022,41,194321958,
2022,41,194321964,
2022,42,194321974,
2022,41,194321980,
2022,41,194321985,
2022,42,185672865,
2022,41,185551276,
2022,41,194322008,
2022,21,185551277,
2022,3,181286900,
2022,41,181522624,
2022,21,182938737,
2022,41,194322021,
2022,39,181312107,
2022,41,194322023,
2022,41,194322024,
2022,41,194322028,
2022,41,194322033,
2022,41,194322038,
2022,41,194322043,
2022,41,194322045,
2022,41,194322054,
2022,1,194322061,
2022,41,194322063,
2022,41,194322116,
2022,42,194322124,
2022,41,194322125,
2022,41,194322130,
2022,41,194322131,
2022,41,194322138,
2022,38,194322145,
2022,21,194322147,
2022,41,194322148,
2022,41,194322154,
2022,41,194322156,
2022,41,194322190,
2022,41,196411911,
2022,41,196411914,
2022,37,196411928,
2022,21,196411934,
2022,41,196411940,
2022,42,196411975,
2022,41,196411979,
2022,41,196411988,
2022,41,180120969,
2022,41,196412004,
2022,3,191659826,
2022,41,196412005,
2022,41,196412010,
2022,38,196412016,
2022,42,196412021,
2022,3,181482891,
2022,41,185566963,
2022,41,181440139,
2022,41,196412033,
2022,42,196412040,
2022,41,196412045,
2022,41,180180327,
2022,41,196412046,
2022,41,185566964,
2022,41,196412048,
2022,38,199109603,
2022,41,196412054,
2022,41,180949139,
2022,41,196412058,
2022,41,181449854,
2022,42,185666720,
2022,41,180949140,
2022,41,180949141,
2022,41,196412072,
2022,3,181286904,
2022,41,196412075,
2022,41,187279635,
2022,41,187352067,
2022,41,181408114,
2022,21,185566965,
2022,21,185566966,
2022,41,185666721,
2022,3,187390613,
2022,3,187390614,
2022,41,180573774,
2022,41,180949143,
2022,42,200186597,
2022,41,180949144,
2022,42,190630355,
2022,39,202049329,
2022,41,190179211,
2022,41,182655656,
2022,41,182655657,
2022,41,182655659,
2022,38,183967252,
2022,21,182655665,
2022,41,182655666,
2022,21,182655667,
2022,39,183967253,
2022,21,182655668,
2022,41,187012651,
2022,38,182655675,
2022,39,181534288,
2022,41,182655681,
2022,38,182655682,
2022,21,181312117,
2022,3,192457678,
2022,38,182655697,
2022,42,184172579,
2022,32,182655702,
2022,39,202125856,
2022,42,181476395,
2022,41,182655707,
2022,38,182655708,
2022,41,191001025,
2022,41,182655713,
2022,41,181408119,
2022,41,182655719,
2022,41,182655720,
2022,41,185728451,
2022,39,187016456,
2022,38,182655726,
2022,38,182655727,
2022,39,187016457,
2022,41,183897936,
2022,41,182655739,
2022,37,182655740,
2022,39,181522625,
2022,41,182643323,
2022,41,182655751,
2022,41,182655753,
2022,41,182655754,
2022,41,181440148,
2022,41,182655758,
2022,41,181440149,
2022,41,182993523,
2022,41,184370393,
2022,41,182993526,
2022,31,182993527,
2022,31,182993528,
2022,38,182993530,
2022,42,196976076,
2022,41,181408129,
2022,41,182993539,
2022,41,181482895,
2022,41,182993540,
2022,39,181458330,
2022,41,182993546,
2022,3,190959159,
2022,41,182993547,
2022,42,182993549,
2022,37,182993551,
2022,3,190959160,
2022,42,181449858,
2022,41,182993553,
2022,41,182993555,
2022,41,181494655,
2022,41,182993557,
2022,41,182993562,
2022,42,181458334,
2022,41,181764531,
2022,21,182993566,
2022,21,182993567,
2022,39,198429640,
2022,21,194315726,
2022,38,182993571,
2022,21,194315727,
2022,3,181748922,
2022,41,182643333,
2022,41,182993583,
2022,41,182993584,
2022,39,183908458,
2022,41,181449862,
2022,41,181534291,
2022,41,182993595,
2022,38,182993598,
2022,39,181606193,
2022,21,182993599,
2022,21,182993600,
2022,39,181476416,
2022,41,181476418,
2022,41,182993608,
2022,31,182643336,
2022,41,181494656,
2022,41,182993620,
2022,41,182993624,
2022,42,181476422,
2022,41,181606195,
2022,41,184337484,
2022,21,185202162,
2022,42,181476423,
2022,41,184337487,
2022,21,185202164,
2022,3,181534295,
2022,41,184337490,
2022,3,181534296,
2022,41,184337491,
2022,38,181482900,
2022,41,184337492,
2022,38,181482901,
2022,41,185202165,
2022,3,185783708,
2022,41,184337497,
2022,41,185783708,
2022,38,182643346,
2022,41,184337504,
2022,31,184337506,
2022,31,184337507,
2022,38,182643347,
2022,41,182643348,
2022,41,184337511,
2022,21,185704576,
2022,41,184337519,
2022,38,184337520,
2022,41,184337522,
2022,41,184337527,
2022,38,184337528,
2022,41,184337529,
2022,41,184337533,
2022,41,184337538,
2022,41,184337543,
2022,37,184337549,
2022,41,184337557,
2022,41,184337561,
2022,42,184337566,
2022,41,184337570,
2022,41,184337572,
2022,41,184337573,
2022,41,184337574,
2022,21,186139831,
2022,41,186139832,
2022,41,186139837,
2022,41,186139840,
2022,41,186139846,
2022,41,186139847,
2022,41,186139850,
2022,41,186139851,
2022,41,186139854,
2022,1,186139855,
2022,41,186139864,
2022,32,186139867,
2022,37,186139870,
2022,41,186139876,
2022,21,186139877,
2022,21,186139878,
2022,21,186139881,
2022,41,186139885,
2022,21,186139888,
2022,21,186139889,
2022,41,186139892,
2022,21,186139895,
2022,41,186139898,
2022,38,186139901,
2022,38,186139902,
2022,41,186139903,
2022,41,186139904,
2022,21,185704577,
2022,39,184280440,
2022,41,190630356,
2022,38,187778359,
2022,41,187778362,
2022,42,182643357,
2022,41,187778366,
2022,41,187778381,
2022,41,187778382,
2022,21,182643360,
2022,39,194315728,
2022,21,187778389,
2022,41,187778390,
2022,31,182643365,
2022,31,182643366,
2022,41,183461115,
2022,21,185776558,
2022,41,187778406,
2022,41,187778408,
2022,41,187778410,
2022,41,187778411,
2022,41,187778425,
2022,41,187778426,
2022,41,187778437,
2022,41,187778443,
2022,41,187778449,
2022,1,187778450,
2022,1,187778451,
2022,1,187778460,
2022,38,187778483,
2022,41,187778485,
2022,42,187778490,
2022,42,189313551,
2022,41,189313553,
2022,32,189313556,
2022,41,189313558,
2022,3,189313565,
2022,41,189313576,
2022,37,189313577,
2022,41,189313581,
2022,41,182643369,
2022,21,182643371,
2022,41,185776561,
2022,3,187012656,
2022,3,187012657,
2022,41,185783709,
2022,41,190184626,
2022,3,181664333,
2022,42,182708784,
2022,41,181664335,
2022,41,182643381,
2022,21,181764533,
2022,41,187860107,
2022,41,182643382,
2022,37,189313583,
2022,41,189371712,
2022,41,189313584,
2022,41,189313585,
2022,41,189313587,
2022,41,189313589,
2022,41,185783713,
2022,42,185202170,
2022,41,185202171,
2022,21,189425494,
2022,1,189313595,
2022,41,189313597,
2022,3,189313603,
2022,41,189313614,
2022,39,194315734,
2022,21,181664344,
2022,3,189193566,
2022,42,183073770,
2022,41,186139769,
2022,41,190437984,
2022,3,189155081,
2022,41,183158785,
2022,41,185198392,
2022,41,182643423,
2022,42,187310925,
2022,41,186066752,
2022,41,188977848,
2022,41,182643427,
2022,39,184280441,
2022,39,185133940,
2022,39,185783716,
2022,39,199733663,
2022,39,182643434,
2022,21,189313616,
2022,41,189313617,
2022,41,182643438,
2022,41,186066754,
2022,41,189313624,
2022,41,186066758,
2022,42,189313631,
2022,38,182643443,
2022,41,189313634,
2022,31,189313635,
2022,21,182643444,
2022,39,189313639,
2022,41,186066760,
2022,39,189313640,
2022,41,189313644,
2022,41,189313645,
2022,3,182643450,
2022,3,183895839,
2022,32,189313654,
2022,3,189313657,
2022,21,192554227,
2022,41,189313663,
2022,42,189313667,
2022,41,189313671,
2022,39,189313673,
2022,3,189313674,
2022,32,189313679,
2022,41,189313685,
2022,41,189313691,
2022,41,189313693,
2022,41,192554228,
2022,41,194315738,
2022,41,183984607,
2022,41,183984608,
2022,41,187390616,
2022,39,182643460,
2022,41,186040810,
2022,39,182905756,
2022,3,182643475,
2022,21,182643477,
2022,41,182643492,
2022,41,189313701,
2022,41,189313703,
2022,41,182795475,
2022,3,182643502,
2022,41,185631002,
2022,41,183908462,
2022,39,186333558,
2022,31,186333559,
2022,41,182643516,
2022,21,182643518,
2022,21,182643520,
2022,41,182655999,
2022,38,182643526,
2022,42,191870207,
2022,39,187016459,
2022,41,183073775,
2022,41,191835888,
2022,41,182643535,
2022,41,182643537,
2022,3,189432246,
2022,3,183895841,
2022,31,182643551,
2022,31,182643553,
2022,3,198429654,
2022,41,182643559,
2022,41,186309702,
2022,39,196484370,
2022,39,189313711,
2022,39,184088439,
2022,41,182643572,
2022,41,189313718,
2022,37,190732886,
2022,41,190732888,
2022,21,190732890,
2022,41,190732891,
2022,41,190732892,
2022,41,190732895,
2022,41,190732904,
2022,41,190732922,
2022,42,182643575,
2022,41,182643582,
2022,3,187763711,
2022,3,186309703,
2022,1,188655270,
2022,41,183737606,
2022,3,199501303,
2022,3,199501304,
2022,41,182643592,
2022,21,183217956,
2022,41,182795477,
2022,42,196411884,
2022,42,185659474,
2022,42,183687048,
2022,42,182643604,
2022,41,183158790,
2022,41,183158791,
2022,21,184280444,
2022,21,184280445,
2022,41,182708790,
2022,41,182643612,
2022,41,185198398,
2022,3,198508737,
2022,3,198508738,
2022,3,183897938,
2022,38,186309705,
2022,42,190437985,
2022,41,186207307,
2022,37,190732923,
2022,41,187310929,
2022,41,185200528,
2022,38,182643616,
2022,41,183217957,
2022,32,182938743,
2022,42,185197902,
2022,41,187390622,
2022,42,187638767,
2022,42,182880538,
2022,41,198429661,
2022,41,183217962,
2022,41,185293036,
2022,41,186333566,
2022,42,198429662,
2022,3,190732924,
2022,31,189432247,
2022,41,182880540,
2022,3,190732925,
2022,41,183687050,
2022,38,190408718,
2022,41,190732927,
2022,41,190732932,
2022,42,190732933,
2022,32,190732937,
2022,42,187012664,
2022,41,182795506,
2022,41,187390625,
2022,3,190769778,
2022,41,186207310,
2022,41,187638769,
2022,41,182905768,
2022,41,186157771,
2022,41,191134877,
2022,41,186207311,
2022,41,183687054,
2022,41,187225025,
2022,39,189423669,
2022,41,182938751,
2022,3,187012665,
2022,3,187012666,
2022,41,187012667,
2022,41,183073785,
2022,41,183687056,
2022,21,183387663,
2022,39,186333570,
2022,41,183992109,
2022,3,188796538,
2022,3,183687060,
2022,41,184370403,
2022,39,183073794,
2022,39,183073796,
2022,41,187027394,
2022,41,183387664,
2022,41,183944637,
2022,31,185631005,
2022,31,185631008,
2022,41,183073797,
2022,41,187638770,
2022,41,183073798,
2022,39,183461131,
2022,41,188890874,
2022,41,190732941,
2022,5,190732946,
2022,41,183687065,
2022,41,190732947,
2022,21,190732949,
2022,21,190732950,
2022,21,183461133,
2022,41,190732955,
2022,41,190732956,
2022,41,183158803,
2022,41,190732958,
2022,41,190732959,
2022,41,184087377,
2022,21,190732961,
2022,41,190732965,
2022,42,201071851,
2022,41,190732966,
2022,21,183687068,
2022,21,183687069,
2022,42,183461135,
2022,31,183158805,
2022,31,183158806,
2022,42,183741274,
2022,42,194315749,
2022,41,188823447,
2022,1,183944639,
2022,42,191870208,
2022,42,186669682,
2022,3,199174475,
2022,3,199174476,
2022,42,183741278,
2022,3,198429667,
2022,41,183217983,
2022,42,183217985,
2022,41,184234445,
2022,42,189297978,
2022,21,190732967,
2022,21,190732968,
2022,41,190732972,
2022,41,198429668,
2022,41,184241199,
2022,41,183895847,
2022,41,183461144,
2022,42,183461148,
2022,41,183741282,
2022,1,198429669,
2022,1,198429670,
2022,3,185133943,
2022,39,197066689,
2022,41,184370408,
2022,21,189815454,
2022,42,184087378,
2022,21,183944642,
2022,21,183944643,
2022,41,183944644,
2022,42,187027397,
2022,41,187336415,
2022,41,187390626,
2022,21,184376098,
2022,41,187649550,
2022,42,184087379,
2022,39,184088442,
2022,41,183895860,
2022,38,188796541,
2022,3,194315756,
2022,39,189297980,
2022,41,190732976,
2022,31,192775761,
2022,41,192775762,
2022,41,192775767,
2022,21,192775769,
2022,41,192775773,
2022,41,192775781,
2022,37,192775783,
2022,41,185143356,
2022,42,185133944,
2022,41,186687544,
2022,42,189993336,
2022,42,184087380,
2022,41,183944653,
2022,41,184044025,
2022,39,189297981,
2022,41,185928468,
2022,21,187031571,
2022,41,183944661,
2022,41,183984619,
2022,41,184280449,
2022,21,183944668,
2022,39,189350156,
2022,39,187031572,
2022,31,200638882,
2022,39,184818451,
2022,41,185126212,
2022,3,183992128,
2022,3,189371714,
2022,41,192775796,
2022,41,192775798,
2022,37,192775801,
2022,41,192775805,
2022,38,192775808,
2022,38,192775809,
2022,41,192775816,
2022,31,192775824,
2022,31,192775825,
2022,41,192775833,
2022,41,192775840,
2022,41,192775851,
2022,41,192775856,
2022,41,192775859,
2022,21,192775861,
2022,38,192775862,
2022,41,192775875,
2022,38,192775877,
2022,41,192775880,
2022,21,192775883,
2022,21,192775884,
2022,41,192775892,
2022,41,192775896,
2022,41,192775898,
2022,41,192775915,
2022,41,192775917,
2022,41,192775951,
2022,41,192775953,
2022,41,192775955,
2022,41,192775968,
2022,41,192775980,
2022,41,192775997,
2022,41,192776006,
2022,41,192776013,
2022,41,194338472,
2022,41,194338474,
2022,38,194338475,
2022,41,194338476,
2022,41,194338479,
2022,39,185143363,
2022,41,194338481,
2022,21,194338483,
2022,41,189161451,
2022,21,194338484,
2022,37,194338486,
2022,41,194338489,
2022,41,194338490,
2022,41,194338491,
2022,38,194338502,
2022,41,194338504,
2022,37,194338505,
2022,41,194338516,
2022,41,194338517,
2022,38,194338522,
2022,37,194338527,
2022,41,194338528,
2022,41,194338529,
2022,41,194338530,
2022,41,194338531,
2022,38,194338532,
2022,41,194338536,
2022,41,194338547,
2022,38,194338549,
2022,41,194338554,
2022,41,194338555,
2022,21,194338557,
2022,21,194338558,
2022,37,194338560,
2022,21,194338565,
2022,21,194338566,
2022,41,194338567,
2022,41,195763987,
2022,37,195763991,
2022,21,195763992,
2022,32,195763992,
2022,21,195763993,
2022,32,195763993,
2022,37,195763996,
2022,41,195764000,
2022,41,195764002,
2022,41,195764007,
2022,41,195764017,
2022,41,195764019,
2022,41,195764020,
2022,21,195764021,
2022,41,185143366,
2022,3,198429672,
2022,31,190408719,
2022,41,189313520,
2022,42,184280451,
2022,41,183944671,
2022,21,183944674,
2022,41,195764048,
2022,41,187031573,
2022,42,184047316,
2022,42,185928469,
2022,41,185126215,
2022,3,183992129,
2022,41,187217120,
2022,42,184302039,
2022,42,185167148,
2022,41,195764076,
2022,41,183992131,
2022,41,194315759,
2022,41,198331601,
2022,41,183984625,
2022,41,186687545,
2022,42,197269545,
2022,41,190446475,
2022,21,190446477,
2022,31,191886732,
2022,42,187635343,
2022,39,194315760,
2022,3,184304336,
2022,31,189266257,
2022,41,183992134,
2022,41,184832265,
2022,42,184087408,
2022,3,184088445,
2022,41,183992135,
2022,39,190437986,
2022,39,194315762,
2022,42,188096058,
2022,38,198429674,
2022,41,184172588,
2022,41,186157772,
2022,41,187031582,
2022,41,186157773,
2022,41,188977850,
2022,41,202080343,
2022,41,202080387,
2022,31,194326966,
2022,41,194326967,
2022,41,194326975,
2022,41,194326977,
2022,3,194326998,
2022,41,194327000,
2022,41,194327005,
2022,1,194327021,
2022,41,194327024,
2022,41,194327031,
2022,41,194327032,
2022,3,194327040,
2022,21,194327061,
2022,38,195129446,
2022,41,195129454,
2022,41,185594635,
2022,41,195129473,
2022,41,194315763,
2022,41,184088450,
2022,41,195129483,
2022,41,194327066,
2022,41,194327067,
2022,3,187041172,
2022,3,187041173,
2022,41,184088451,
2022,3,184370421,
2022,41,184172592,
2022,42,194327084,
2022,41,184947196,
2022,38,194327089,
2022,38,194327090,
2022,41,194327091,
2022,21,198378364,
2022,31,198378367,
2022,31,198378368,
2022,41,198378370,
2022,42,198378376,
2022,41,198378377,
2022,21,198378402,
2022,38,198378404,
2022,1,198378409,
2022,41,198378415,
2022,42,198378425,
2022,39,200994718,
2022,21,187763714,
2022,41,184417064,
2022,42,187031585,
2022,39,184947198,
2022,38,184600732,
2022,41,185444874,
2022,21,191659827,
2022,41,184172595,
2022,41,184234450,
2022,38,184302043,
2022,1,184302044,
2022,41,185594636,
2022,41,185198406,
2022,41,184600734,
2022,41,190561541,
2022,41,190561542,
2022,3,194315767,
2022,3,194315768,
2022,41,184832275,
2022,21,184172600,
2022,21,184172601,
2022,39,187217121,
2022,41,187217122,
2022,41,186348088,
2022,41,184172604,
2022,42,187310936,
2022,39,184342892,
2022,1,198429677,
2022,21,184417066,
2022,41,188830437,
2022,42,184832287,
2022,42,184832288,
2022,41,187217125,
2022,42,184280477,
2022,41,184947202,
2022,21,192059150,
2022,41,192059151,
2022,21,192059152,
2022,38,190122365,
2022,41,184302051,
2022,41,184342894,
2022,41,200562897,
2022,3,185133948,
2022,39,185198407,
2022,41,187217127,
2022,3,187225032,
2022,39,189265503,
2022,38,188830438,
2022,38,188830439,
2022,21,191134879,
2022,41,186687549,
2022,41,185198408,
2022,41,197158936,
2022,21,189847968,
2022,41,184822066,
2022,39,184838527,
2022,21,184302055,
2022,21,202951574,
2022,41,184302059,
2022,41,184832298,
2022,41,185198411,
2022,21,191659828,
2022,41,184971447,
2022,41,184370440,
2022,41,184370441,
2022,42,187714995,
2022,41,194315774,
2022,42,184838529,
2022,31,185594638,
2022,39,189991934,
2022,31,184600756,
2022,39,190577776,
2022,31,184600757,
2022,38,184818465,
2022,21,194327349,
2022,38,194327349,
2022,38,187336422,
2022,41,185200531,
2022,41,184818468,
2022,41,188796545,
2022,39,184417073,
2022,41,188423850,
2022,3,188046503,
2022,42,179590123,
2022,41,179590134,
2022,3,188046504,
2022,42,184600769,
2022,41,187724329,
2022,38,184600770,
2022,1,179590142,
2022,38,184600771,
2022,42,184600773,
2022,41,179590147,
2022,42,186157776,
2022,38,179590155,
2022,41,179590159,
2022,41,187225033,
2022,41,179590162,
2022,37,179590162,
2022,21,179590166,
2022,39,179590167,
2022,3,185133951,
2022,41,187220655,
2022,41,189350158,
2022,41,186157778,
2022,41,187866599,
2022,41,188046506,
2022,38,185434065,
2022,21,189277036,
2022,21,185517430,
2022,39,181310788,
2022,42,187336424,
2022,21,187989106,
2022,41,184822071,
2022,41,181310792,
2022,39,185293043,
2022,38,181310793,
2022,3,184947216,
2022,3,185659491,
2022,42,181310802,
2022,39,181310807,
2022,3,203212966,
2022,41,181310812,
2022,42,187763717,
2022,41,181310814,
2022,31,185205982,
2022,32,185167153,
2022,41,181310824,
2022,37,181310825,
2022,31,181310826,
2022,41,190364813,
2022,41,185205983,
2022,42,185133957,
2022,41,185167154,
2022,41,185198421,
2022,42,182703335,
2022,42,182703339,
2022,41,182703340,
2022,41,182703343,
2022,38,182703343,
2022,42,182703344,
2022,42,185198422,
2022,41,182703350,
2022,41,182703357,
2022,41,185198426,
2022,42,182703372,
2022,31,182703377,
2022,3,185293054,
2022,31,194315780,
2022,42,182703394,
2022,38,194315782,
2022,41,198429681,
2022,38,182703396,
2022,39,194315783,
2022,41,185198431,
2022,39,200994721,
2022,21,185293057,
2022,41,185205989,
2022,3,190630361,
2022,41,185444885,
2022,42,194315784,
2022,41,185198437,
2022,39,191835890,
2022,42,185517434,
2022,42,187336428,
2022,41,187012669,
2022,41,185704602,
2022,41,185444887,
2022,21,194744777,
2022,21,194744778,
2022,41,185198444,
2022,41,185198445,
2022,38,187225035,
2022,31,200975322,
2022,41,187012670,
2022,38,188013583,
2022,38,188013584,
2022,41,185206003,
2022,39,186298998,
2022,42,187336429,
2022,38,194315790,
2022,38,194315791,
2022,3,185434073,
2022,3,198429682,
2022,3,188830440,
2022,41,185444895,
2022,38,188796548,
2022,42,185293070,
2022,41,185836868,
2022,3,185594645,
2022,21,185293071,
2022,21,185293072,
2022,42,185517439,
2022,3,194315795,
2022,41,186669684,
2022,39,188423851,
2022,42,185517440,
2022,41,188009903,
2022,42,187128852,
2022,3,185594647,
2022,21,198429683,
2022,3,185704613,
2022,9,185659502,
2022,41,201506181,
2022,21,198998934,
2022,41,182703400,
2022,41,182703408,
2022,41,187638774,
2022,41,190041077,
2022,41,185444904,
2022,41,182703419,
2022,41,182703423,
2022,32,182703429,
2022,41,186687553,
2022,41,182703435,
2022,31,190122368,
2022,41,182703439,
2022,41,182703440,
2022,41,183382495,
2022,31,190122371,
2022,41,183382501,
2022,41,194315797,
2022,21,183382502,
2022,21,185704625,
2022,42,183382504,
2022,21,185517453,
2022,21,183382505,
2022,42,185517454,
2022,35,190769786,
2022,41,183382507,
2022,41,183382508,
2022,41,183382510,
2022,39,183382516,
2022,42,183382523,
2022,41,185594658,
2022,41,187128853,
2022,41,187717150,
2022,41,188009904,
2022,42,201506182,
2022,41,185836878,
2022,41,183382534,
2022,41,187225037,
2022,41,183382535,
2022,39,185659505,
2022,42,185276998,
2022,39,183382546,
2022,41,186909284,
2022,1,186377328,
2022,1,186377329,
2022,1,186377331,
2022,21,185836880,
2022,41,188006874,
2022,41,183382558,
2022,41,183382561,
2022,37,183382562,
2022,41,183382565,
2022,1,183382567,
2022,42,185838976,
2022,1,183382569,
2022,42,183382572,
2022,38,183382574,
2022,31,183382575,
2022,39,183382576,
2022,41,201506183,
2022,41,184474122,
2022,41,184474123,
2022,41,184474124,
2022,41,184474126,
2022,39,184474128,
2022,42,185836887,
2022,39,185659511,
2022,32,184474133,
2022,1,184474135,
2022,41,185713467,
2022,42,184474139,
2022,21,184474151,
2022,39,185836892,
2022,3,191875169,
2022,31,189111590,
2022,31,189111592,
2022,41,184474161,
2022,41,185704660,
2022,41,184474163,
2022,3,185895257,
2022,41,186687555,
2022,39,184474171,
2022,32,190184632,
2022,41,184474173,
2022,42,198429685,
2022,41,184474179,
2022,39,187717156,
2022,21,185747424,
2022,38,184474186,
2022,41,185838980,
2022,41,184474194,
2022,41,184474201,
2022,41,184474202,
2022,41,185836897,
2022,42,190722046,
2022,42,186377357,
2022,39,186377359,
2022,41,186377367,
2022,41,186377381,
2022,41,186377390,
2022,41,186377397,
2022,41,186377401,
2022,39,186377405,
2022,9,186377407,
2022,42,186377411,
2022,41,186377413,
2022,42,186377415,
2022,42,190859681,
2022,41,186377417,
2022,39,186377419,
2022,41,186377431,
2022,41,186377451,
2022,41,186377454,
2022,38,187778502,
2022,41,187778503,
2022,41,187778506,
2022,1,187778512,
2022,21,187778513,
2022,39,187778515,
2022,42,187778517,
2022,41,187778524,
2022,41,187778527,
2022,7,187778528,
2022,41,187778532,
2022,41,187778541,
2022,41,187778547,
2022,42,187778563,
2022,42,187778569,
2022,41,187778578,
2022,41,187016465,
2022,41,185836900,
2022,41,185928485,
2022,42,185928487,
2022,42,187360234,
2022,41,185928489,
2022,41,186621023,
2022,21,189371719,
2022,39,201759304,
2022,41,185838987,
2022,3,187041176,
2022,42,187390630,
2022,42,185928497,
2022,41,187734227,
2022,41,187016472,
2022,21,186157792,
2022,1,198429689,
2022,41,190437987,
2022,3,190722047,
2022,41,186669687,
2022,41,189361128,
2022,3,186157794,
2022,41,186299020,
2022,38,186348105,
2022,41,186348106,
2022,39,188677844,
2022,41,186299025,
2022,42,186299027,
2022,41,187912980,
2022,38,186348108,
2022,38,186157800,
2022,41,187734230,
2022,21,190416796,
2022,41,187734232,
2022,42,194315805,
2022,21,202049330,
2022,41,187980468,
2022,42,190630366,
2022,42,190561545,
2022,41,186299035,
2022,1,201071852,
2022,39,186299036,
2022,39,191870212,
2022,41,186669688,
2022,21,186669694,
2022,21,190238698,
2022,3,194315808,
2022,41,200222448,
2022,41,186669696,
2022,42,187734235,
2022,41,188129154,
2022,41,186970432,
2022,21,186687560,
2022,3,187763725,
2022,3,187763726,
2022,42,187717159,
2022,41,187016486,
2022,39,202035191,
2022,41,189423675,
2022,41,187016488,
2022,3,198429695,
2022,3,198429696,
2022,41,188796555,
2022,41,187016489,
2022,41,186909306,
2022,42,186909307,
2022,41,187310952,
2022,41,189361132,
2022,41,191659832,
2022,38,189361136,
2022,38,187041199,
2022,21,187016491,
2022,21,187016492,
2022,41,188890879,
2022,41,201064163,
2022,39,196411890,
2022,41,187225051,
2022,41,187225054,
2022,3,187225055,
2022,3,187225056,
2022,41,190285230,
2022,42,187310959,
2022,42,195873271,
2022,39,187041204,
2022,41,189361143,
2022,42,187340064,
2022,42,186909315,
2022,31,187390634,
2022,31,187390635,
2022,39,187740993,
2022,42,198429698,
2022,41,187310963,
2022,42,187041205,
2022,41,190285231,
2022,41,187041209,
2022,41,191659833,
2022,21,187128864,
2022,41,194315815,
2022,3,190674367,
2022,41,187225062,
2022,31,187225063,
2022,41,187310971,
2022,21,187635348,
2022,42,187041215,
2022,41,187524680,
2022,39,195429538,
2022,41,189815456,
2022,41,187225064,
2022,41,190544181,
2022,41,198429699,
2022,42,187360246,
2022,41,187524681,
2022,42,187128869,
2022,41,187310976,
2022,41,198429701,
2022,42,194315818,
2022,42,187740998,
2022,42,189815457,
2022,3,187524687,
2022,3,187225071,
2022,41,187340084,
2022,31,187912983,
2022,42,187310986,
2022,41,187635352,
2022,42,187441133,
2022,39,198429702,
2022,41,187310992,
2022,3,197213810,
2022,38,189361146,
2022,41,189361147,
2022,41,189361152,
2022,41,189361170,
2022,37,189361172,
2022,41,189361178,
2022,38,189361183,
2022,42,189361190,
2022,41,189361191,
2022,3,189361197,
2022,38,190859684,
2022,21,190859685,
2022,31,190859685,
2022,41,190859686,
2022,41,190859687,
2022,42,190859696,
2022,41,190859699,
2022,41,190859701,
2022,39,190859702,
2022,42,190859704,
2022,31,190859707,
2022,42,190859709,
2022,41,190859713,
2022,41,190859718,
2022,41,190859721,
2022,42,190859725,
2022,42,190859726,
2022,39,190859740,
2022,39,190859741,
2022,41,190859743,
2022,39,190859756,
2022,41,194327441,
2022,41,194327447,
2022,1,194327456,
2022,21,194327456,
2022,41,194327457,
2022,42,194327461,
2022,21,194327463,
2022,41,194327465,
2022,41,194327471,
2022,39,194327474,
2022,3,194327475,
2022,41,194327484,
2022,41,194327485,
2022,42,194327491,
2022,41,194327497,
2022,41,194327500,
2022,39,194327501,
2022,1,187310993,
2022,41,194327504,
2022,42,187310994,
2022,41,187310995,
2022,1,198433307,
2022,41,194327513,
2022,41,197185051,
2022,42,194327514,
2022,41,187741000,
2022,31,194327520,
2022,21,187724347,
2022,42,194327523,
2022,41,194327540,
2022,41,194327544,
2022,21,187724348,
2022,41,194327546,
2022,41,187310999,
2022,42,194327548,
2022,1,188977853,
2022,42,194327556,
2022,3,195764078,
2022,42,194327570,
2022,41,194327576,
2022,42,194327577,
2022,42,194327580,
2022,38,194327588,
2022,41,194327601,
2022,41,195764091,
2022,42,195764094,
2022,41,195764112,
2022,41,195764127,
2022,41,195764128,
2022,37,195764131,
2022,38,195764133,
2022,41,195764139,
2022,3,195764145,
2022,3,195764146,
2022,41,198597434,
2022,21,188977853,
2022,41,188977853,
2022,42,179181298,
2022,42,179181305,
2022,41,179181310,
2022,41,179181332,
2022,3,187340086,
2022,21,194315820,
2022,41,188796558,
2022,41,187800762,
2022,42,181577007,
2022,42,191015618,
2022,3,191015619,
2022,42,187340087,
2022,41,181577011,
2022,41,187741005,
2022,42,188890882,
2022,42,188796561,
2022,41,181577018,
2022,41,181577023,
2022,41,181577024,
2022,41,181577027,
2022,1,187860118,
2022,42,189371720,
2022,39,181577034,
2022,41,181577035,
2022,3,187635357,
2022,41,187649559,
2022,3,187734238,
2022,41,187390642,
2022,37,182649169,
2022,42,187360263,
2022,38,189464243,
2022,42,194327660,
2022,21,182649172,
2022,21,182649173,
2022,21,187390646,
2022,42,182649186,
2022,41,187635360,
2022,41,182649188,
2022,42,187635361,
2022,42,188817321,
2022,21,182649191,
2022,41,187734241,
2022,42,187441138,
2022,41,182649194,
2022,41,187524699,
2022,41,187524700,
2022,42,182649201,
2022,41,187763737,
2022,41,182649202,
2022,41,187390647,
2022,41,187635363,
2022,41,187524703,
2022,41,184231953,
2022,41,184231958,
2022,41,184231959,
2022,42,187524704,
2022,21,187524705,
2022,42,184231963,
2022,21,187524706,
2022,38,187524707,
2022,42,189313522,
2022,5,185713479,
2022,32,185713480,
2022,42,185713486,
2022,41,185713487,
2022,39,185713488,
2022,21,185713489,
2022,42,185713492,
2022,38,185713493,
2022,42,185713495,
2022,41,185713497,
2022,42,185713498,
2022,42,185713500,
2022,41,185713506,
2022,21,185713509,
2022,31,185713509,
2022,41,185713516,
2022,41,185713518,
2022,41,185713520,
2022,42,187377728,
2022,41,187377735,
2022,41,194315822,
2022,3,194315824,
2022,42,187524713,
2022,21,187860121,
2022,41,196398826,
2022,42,189313523,
2022,42,187377749,
2022,38,187377756,
2022,42,187377759,
2022,41,187377762,
2022,35,187377764,
2022,41,187377767,
2022,38,188027217,
2022,37,188027218,
2022,41,188027223,
2022,42,190041107,
2022,42,190041111,
2022,42,190041112,
2022,42,190041113,
2022,41,190041117,
2022,1,198433311,
2022,41,190041130,
2022,41,189111593,
2022,41,190041131,
2022,21,189111594,
2022,41,187524717,
2022,21,188743048,
2022,21,188743049,
2022,41,187635364,
2022,21,191793983,
2022,3,198433312,
2022,21,190722050,
2022,42,191793995,
2022,41,191793996,
2022,41,191793997,
2022,41,191793998,
2022,38,191794000,
2022,41,191794009,
2022,37,191794013,
2022,38,191794018,
2022,41,194327662,
2022,42,194327667,
2022,42,194327686,
2022,41,194327688,
2022,38,194327690,
2022,38,194327697,
2022,39,194327699,
2022,41,194327705,
2022,41,194327707,
2022,41,195157610,
2022,41,195157617,
2022,42,195157628,
2022,42,195157629,
2022,42,195157632,
2022,41,195157635,
2022,21,195157646,
2022,41,195157652,
2022,41,187649563,
2022,41,196938494,
2022,3,189847975,
2022,3,196938501,
2022,3,196938502,
2022,21,187912984,
2022,41,189423681,
2022,41,196938507,
2022,42,187635368,
2022,39,190581049,
2022,5,196938515,
2022,7,196938515,
2022,42,187980474,
2022,42,196938523,
2022,41,196938525,
2022,41,196938526,
2022,21,187635370,
2022,42,196938534,
2022,41,198433313,
2022,41,199306784,
2022,41,187524724,
2022,21,199306786,
2022,42,190581051,
2022,41,187649569,
2022,41,187649572,
2022,41,187763746,
2022,1,187860126,
2022,21,188519630,
2022,21,188519631,
2022,21,191134885,
2022,39,187763751,
2022,21,187912989,
2022,42,187649581,
2022,42,198433315,
2022,21,187649582,
2022,1,187763755,
2022,41,187763756,
2022,38,187763757,
2022,41,188038579,
2022,39,190364818,
2022,38,191015621,
2022,42,190129600,
2022,41,187912990,
2022,41,188129166,
2022,41,188830450,
2022,41,191015622,
2022,41,187912994,
2022,41,187980478,
2022,41,192775694,
2022,21,188817322,
2022,3,198680865,
2022,39,188423855,
2022,41,187860138,
2022,3,202565696,
2022,42,201346981,
2022,41,187982891,
2022,41,187982894,
2022,41,197185143,
2022,41,196412234,
2022,41,182649819,
2022,38,182649821,
2022,41,182649822,
2022,39,182649823,
2022,38,182649825,
2022,41,182649836,
2022,41,183667198,
2022,38,183667215,
2022,41,185283205,
2022,41,185283215,
2022,37,185283235,
2022,41,185283237,
2022,1,185283243,
2022,41,185283253,
2022,41,186678831,
2022,41,186678850,
2022,3,202565697,
2022,42,189001714,
2022,38,186678903,
2022,3,187734352,
2022,3,187734353,
2022,3,187734354,
2022,1,187734364,
2022,1,187734365,
2022,32,187734370,
2022,42,187734371,
2022,42,200638883,
2022,41,188878959,
2022,41,187860141,
2022,41,187860142,
2022,21,187860143,
2022,41,188038583,
2022,42,187912997,
2022,42,188038584,
2022,41,188038585,
2022,41,188519635,
2022,21,199880857,
2022,41,189371723,
2022,42,188655274,
2022,41,188013620,
2022,31,188013622,
2022,3,194315829,
2022,31,188743050,
2022,41,187913008,
2022,31,189423684,
2022,41,189365997,
2022,41,189371724,
2022,39,188519647,
2022,1,188519649,
2022,41,188006883,
2022,41,189111595,
2022,41,188519650,
2022,41,188743051,
2022,39,188743052,
2022,42,189197156,
2022,41,189366008,
2022,41,189366022,
2022,41,189366029,
2022,41,189366037,
2022,41,190863904,
2022,41,192425815,
2022,1,192425816,
2022,21,192425825,
2022,41,192425830,
2022,31,192425832,
2022,41,194328464,
2022,41,194328468,
2022,41,194328471,
2022,41,194328472,
2022,41,194328477,
2022,38,195878774,
2022,3,195881227,
2022,3,188038587,
2022,41,195878792,
2022,41,195878794,
2022,42,190722053,
2022,41,202035348,
2022,42,188519655,
2022,41,188677862,
2022,3,189464245,
2022,41,188038589,
2022,21,192059153,
2022,21,192059154,
2022,3,189265514,
2022,3,189455599,
2022,41,188817324,
2022,41,188129187,
2022,41,202035354,
2022,41,202035356,
2022,31,188655277,
2022,41,202035358,
2022,41,189111596,
2022,42,202035363,
2022,42,190122374,
2022,41,202035365,
2022,42,202035366,
2022,42,202035368,
2022,41,202035369,
2022,21,194315832,
2022,41,202035375,
2022,41,202829368,
2022,41,202035377,
2022,39,194315833,
2022,41,202035379,
2022,41,188129190,
2022,9,202035384,
2022,41,189815461,
2022,39,188655278,
2022,42,202035388,
2022,39,189111597,
2022,41,202035389,
2022,41,188129192,
2022,42,197411979,
2022,41,197411982,
2022,42,189464246,
2022,41,197411989,
2022,38,197411990,
2022,21,197185053,
2022,41,189265515,
2022,41,197411995,
2022,41,188800436,
2022,41,188655279,
2022,41,197412000,
2022,41,197412001,
2022,41,189265516,
2022,21,189265517,
2022,41,190238702,
2022,41,188423860,
2022,41,188910159,
2022,42,188817328,
2022,41,188817329,
2022,41,188796579,
2022,41,188423861,
2022,3,188423862,
2022,42,198433321,
2022,42,188743055,
2022,42,188423865,
2022,41,190561547,
2022,3,189001721,
2022,41,191134886,
2022,41,189277039,
2022,41,197412003,
2022,41,188878960,
2022,41,197412005,
2022,39,189001722,
2022,42,188796587,
2022,41,199318421,
2022,41,197456599,
2022,41,197456600,
2022,41,197456601,
2022,41,190048622,
2022,41,197456602,
2022,41,189054551,
2022,41,197456606,
2022,38,197456607,
2022,41,197456616,
2022,3,197456623,
2022,41,197456624,
2022,41,197456632,
2022,21,197456633,
2022,41,197456644,
2022,41,197456651,
2022,39,197759576,
2022,41,197759616,
2022,41,197759702,
2022,42,197759890,
2022,41,197760277,
2022,42,197760356,
2022,41,197760405,
2022,42,189423689,
2022,39,197760670,
2022,21,197760853,
2022,3,188910164,
2022,42,194315834,
2022,41,188655288,
2022,3,189265520,
2022,21,194315838,
2022,42,189423690,
2022,21,190707446,
2022,42,190453886,
2022,42,194315839,
2022,41,189001725,
2022,41,197760991,
2022,41,190041078,
2022,41,189234208,
2022,38,197761180,
2022,42,198983442,
2022,41,198983444,
2022,41,198983445,
2022,41,198983451,
2022,41,198983453,
2022,3,198983455,
2022,42,198983457,
2022,42,198983458,
2022,41,198983459,
2022,41,198983468,
2022,41,198983469,
2022,41,198983470,
2022,41,198983471,
2022,21,198983480,
2022,21,198983481,
2022,31,199671968,
2022,41,199671971,
2022,41,199671974,
2022,41,199671980,
2022,39,199671985,
2022,1,199925378,
2022,41,199925382,
2022,41,199925385,
2022,41,199925388,
2022,42,199925398,
2022,41,182982186,
2022,41,182982210,
2022,21,182982220,
2022,42,191134887,
2022,41,182982244,
2022,31,188817341,
2022,21,188890894,
2022,38,182982258,
2022,41,182982263,
2022,39,188796594,
2022,39,182982290,
2022,31,189265525,
2022,31,189265529,
2022,39,188817343,
2022,41,182982319,
2022,41,190630373,
2022,41,182982348,
2022,41,182982354,
2022,41,182982368,
2022,41,182982381,
2022,41,188796597,
2022,39,188890896,
2022,42,188830464,
2022,41,190722054,
2022,41,189001732,
2022,41,189001733,
2022,41,188830469,
2022,41,188817346,
2022,3,188817351,
2022,1,182982386,
2022,41,182982399,
2022,41,182982411,
2022,41,182982413,
2022,41,189197160,
2022,41,182982457,
2022,41,182982474,
2022,41,182982476,
2022,41,182982556,
2022,41,182982563,
2022,42,189105575,
2022,41,182982592,
2022,42,182764330,
2022,41,182764358,
2022,39,182764367,
2022,41,182764377,
2022,41,182764379,
2022,41,192187399,
2022,21,190129605,
2022,3,199174478,
2022,3,188830476,
2022,39,188910166,
2022,39,182764383,
2022,39,182764434,
2022,3,182764440,
2022,21,189060853,
2022,3,182764455,
2022,41,182764456,
2022,41,192096072,
2022,41,182764469,
2022,39,182764472,
2022,42,182764474,
2022,21,190408722,
2022,41,182764493,
2022,42,190122377,
2022,3,197158937,
2022,21,182764502,
2022,3,197158938,
2022,21,189001758,
2022,21,191659835,
2022,41,182764514,
2022,41,182764525,
2022,21,191659836,
2022,41,182764527,
2022,21,189001767,
2022,21,189001768,
2022,3,189193569,
2022,41,182764544,
2022,42,182764548,
2022,41,182764554,
2022,41,191134891,
2022,3,190129606,
2022,41,184075546,
2022,3,190129607,
2022,42,194339395,
2022,41,184075549,
2022,41,184075553,
2022,3,190129608,
2022,41,189001780,
2022,41,184075559,
2022,41,189265534,
2022,39,184075568,
2022,21,189001781,
2022,39,189001783,
2022,41,189197164,
2022,42,184075576,
2022,41,184075577,
2022,21,184075579,
2022,21,184075590,
2022,41,184075596,
2022,9,184075602,
2022,41,184075603,
2022,41,184075608,
2022,38,184075615,
2022,41,184075617,
2022,41,184075620,
2022,42,184075624,
2022,41,184075637,
2022,39,184075657,
2022,41,184075663,
2022,41,184075670,
2022,38,184075687,
2022,39,184075688,
2022,41,184075691,
2022,41,184075708,
2022,42,184075715,
2022,42,184075725,
2022,42,185283262,
2022,41,185283274,
2022,41,185283276,
2022,38,185283287,
2022,42,185283288,
2022,41,185283298,
2022,41,185283324,
2022,41,185283330,
2022,3,185283335,
2022,21,185283338,
2022,21,185283339,
2022,41,185283342,
2022,41,194315847,
2022,21,190707448,
2022,41,191412282,
2022,41,185283371,
2022,41,185283378,
2022,38,189267849,
2022,41,185283384,
2022,42,185283393,
2022,41,185283396,
2022,41,185283407,
2022,41,185283416,
2022,42,185283417,
2022,41,185283424,
2022,41,185283434,
2022,41,185283439,
2022,41,187734394,
2022,42,187734395,
2022,41,187734428,
2022,41,187734432,
2022,41,187734453,
2022,41,187734461,
2022,37,187734462,
2022,41,187734465,
2022,41,187734471,
2022,41,189265539,
2022,41,187734493,
2022,41,187734507,
2022,39,187734519,
2022,41,187734537,
2022,41,187734541,
2022,41,187734543,
2022,41,187734552,
2022,41,187734557,
2022,41,187734558,
2022,3,187734566,
2022,41,187734570,
2022,42,187734572,
2022,42,187734584,
2022,39,187734585,
2022,39,187734590,
2022,41,187734604,
2022,41,190701118,
2022,41,190701121,
2022,42,189060858,
2022,41,190691723,
2022,41,189105581,
2022,41,189265540,
2022,31,190701135,
2022,41,190701135,
2022,3,197137822,
2022,41,189815467,
2022,21,190701140,
2022,21,190701141,
2022,31,190701143,
2022,41,189847982,
2022,42,196398827,
2022,21,190701149,
2022,41,190701150,
2022,3,189423705,
2022,42,189847984,
2022,41,190701156,
2022,31,189060863,
2022,41,190701162,
2022,1,194315848,
2022,41,190701165,
2022,41,190701166,
2022,3,189111601,
2022,41,190701171,
2022,41,199318422,
2022,41,190701175,
2022,41,189455602,
2022,41,189197166,
2022,3,198433329,
2022,41,190701191,
2022,38,189197167,
2022,41,190437988,
2022,21,189105595,
2022,41,190701194,
2022,21,189105596,
2022,3,190238705,
2022,41,191015625,
2022,39,198433332,
2022,41,189277045,
2022,41,189423709,
2022,3,190722058,
2022,3,198433334,
2022,3,198433335,
2022,38,189267857,
2022,39,189265548,
2022,41,198433336,
2022,38,189423714,
2022,41,191649462,
2022,42,191134893,
2022,41,190408723,
2022,32,189265551,
2022,38,189847987,
2022,21,189267859,
2022,3,189371731,
2022,3,189993360,
2022,41,198998938,
2022,42,191134895,
2022,21,191015628,
2022,41,190701209,
2022,39,190416800,
2022,42,190701212,
2022,41,189265553,
2022,41,190701219,
2022,41,190701221,
2022,41,189298013,
2022,41,189265555,
2022,41,189313528,
2022,41,190701228,
2022,41,190701239,
2022,41,190701240,
2022,41,190701247,
2022,41,190701252,
2022,39,190701253,
2022,41,190701262,
2022,41,190701269,
2022,41,190701273,
2022,41,190701278,
2022,41,190701295,
2022,39,190701304,
2022,41,190701309,
2022,41,192069530,
2022,42,192069549,
2022,41,192069553,
2022,41,192069556,
2022,21,192069557,
2022,41,192069564,
2022,41,189423717,
2022,41,189298014,
2022,41,189298015,
2022,41,189265556,
2022,41,189265557,
2022,41,192069599,
2022,41,192069609,
2022,39,192069619,
2022,39,192069620,
2022,41,192069632,
2022,41,192069647,
2022,3,192069648,
2022,41,192069650,
2022,41,192069651,
2022,41,192069654,
2022,41,192069656,
2022,39,192069657,
2022,41,192069662,
2022,21,192069674,
2022,41,192069674,
2022,21,192069675,
2022,41,192069675,
2022,41,192069684,
2022,42,192069699,
2022,41,194328520,
2022,3,194328525,
2022,41,196945598,
2022,3,194328537,
2022,41,194328541,
2022,41,194328548,
2022,41,194328556,
2022,41,194328557,
2022,3,194328592,
2022,41,194328602,
2022,41,194328603,
2022,39,189267863,
2022,3,189847991,
2022,41,194328629,
2022,41,194328630,
2022,41,189432259,
2022,21,194328633,
2022,41,194315853,
2022,42,189425502,
2022,41,189455604,
2022,39,194315854,
2022,42,191412284,
2022,41,189432260,
2022,3,189371734,
2022,39,194328651,
2022,3,189423727,
2022,41,194328656,
2022,41,194328659,
2022,39,189432261,
2022,38,194328667,
2022,38,194328668,
2022,41,189423729,
2022,42,190129619,
2022,41,190285241,
2022,41,189298016,
2022,41,189298017,
2022,41,190453888,
2022,39,190285243,
2022,41,190129621,
2022,41,194328684,
2022,41,189993366,
2022,21,189423735,
2022,41,189847993,
2022,41,198433337,
2022,3,198433338,
2022,41,194315856,
2022,39,194315858,
2022,41,195131884,
2022,21,189423737,
2022,39,195131895,
2022,3,194315859,
2022,41,195131896,
2022,41,189425504,
2022,3,189425505,
2022,39,191412286,
2022,38,190129624,
2022,21,190129625,
2022,41,194315860,
2022,41,189425508,
2022,41,195131919,
2022,41,189993367,
2022,42,203212969,
2022,41,195131930,
2022,41,195131936,
2022,42,189423749,
2022,3,195131949,
2022,3,189847995,
2022,3,190184644,
2022,41,195131966,
2022,41,195131968,
2022,41,195131970,
2022,42,195131974,
2022,41,195131979,
2022,41,195131983,
2022,41,195131997,
2022,41,195132003,
2022,42,195132005,
2022,41,195132010,
2022,39,195132026,
2022,41,195132032,
2022,41,195132039,
2022,41,195132050,
2022,41,195132056,
2022,3,195132057,
2022,3,195132083,
2022,3,189432271,
2022,21,189423754,
2022,41,198433342,
2022,41,189455605,
2022,41,196945630,
2022,41,189993372,
2022,38,196945638,
2022,42,190184645,
2022,38,190129633,
2022,41,190630379,
2022,41,189455606,
2022,41,189993375,
2022,39,195466555,
2022,42,189464263,
2022,42,190285250,
2022,39,194315864,
2022,41,189464268,
2022,41,199972374,
2022,3,191001032,
2022,41,194315866,
2022,39,190233162,
2022,42,190437992,
2022,41,189464269,
2022,41,190129635,
2022,31,190581065,
2022,41,189993380,
2022,41,191134901,
2022,41,190285253,
2022,3,190437996,
2022,41,190129637,
2022,41,192096077,
2022,41,190285254,
2022,41,190544189,
2022,41,190048638,
2022,41,190683231,
2022,31,190233165,
2022,31,190233166,
2022,1,201064164,
2022,41,190285255,
2022,39,189993385,
2022,39,196945646,
2022,42,192187403,
2022,31,190129641,
2022,41,196945655,
2022,31,190129642,
2022,3,194315872,
2022,42,191134903,
2022,41,196945666,
2022,41,196945669,
2022,3,190769794,
2022,3,196945680,
2022,21,196945680,
2022,41,196945694,
2022,39,196945724,
2022,39,196945730,
2022,1,196945732,
2022,41,196945738,
2022,31,196945754,
2022,41,196945766,
2022,41,196945777,
2022,39,196945788,
2022,38,196945802,
2022,38,196945803,
2022,41,196945813,
2022,42,200975418,
2022,39,200975429,
2022,41,200975439,
2022,41,200975449,
2022,38,200975455,
2022,39,200975458,
2022,32,200975459,
2022,42,200975464,
2022,41,200975465,
2022,41,200975498,
2022,42,194315874,
2022,39,200975507,
2022,42,190238716,
2022,41,190184656,
2022,41,200975526,
2022,42,190184657,
2022,21,190048648,
2022,41,200975539,
2022,41,200975545,
2022,39,200975552,
2022,41,200975564,
2022,41,194315875,
2022,42,190129646,
2022,42,190129650,
2022,42,195873274,
2022,41,190233167,
2022,21,190184662,
2022,41,199972375,
2022,41,190769797,
2022,41,202740191,
2022,41,190184664,
2022,42,190184665,
2022,41,190581076,
2022,41,190285267,
2022,42,190683238,
2022,41,194331401,
2022,42,190285268,
2022,41,190285269,
2022,41,195333710,
2022,41,194331407,
2022,41,194331408,
2022,3,196398830,
2022,41,194331412,
2022,41,194331413,
2022,41,194331416,
2022,9,196398830,
2022,39,196398830,
2022,3,196398831,
2022,39,191134908,
2022,41,190285279,
2022,42,190581077,
2022,39,198433344,
2022,41,190438000,
2022,41,190561549,
2022,41,190438001,
2022,42,190453894,
2022,39,194315882,
2022,41,190630383,
2022,3,194315883,
2022,41,190630384,
2022,39,190285286,
2022,41,190285288,
2022,5,198069711,
2022,1,198069712,
2022,42,190438003,
2022,38,190674377,
2022,41,190581093,
2022,1,194315890,
2022,3,197158940,
2022,42,190623307,
2022,21,190122409,
2022,41,190122410,
2022,41,190713957,
2022,39,191134916,
2022,42,190122422,
2022,41,190707464,
2022,38,194315895,
2022,41,190122428,
2022,38,194315896,
2022,41,190122429,
2022,31,190453901,
2022,41,190438007,
2022,41,202168605,
2022,1,191807196,
2022,3,190122452,
2022,41,190769806,
2022,41,192187411,
2022,41,191835891,
2022,42,190122462,
2022,42,190122464,
2022,41,190179336,
2022,41,190179339,
2022,41,190722075,
2022,39,190179346,
2022,42,190179353,
2022,41,190179357,
2022,41,190179366,
2022,41,190179392,
2022,41,190179403,
2022,41,190179415,
2022,42,190179420,
2022,41,190179421,
2022,31,190179426,
2022,31,190179427,
2022,41,190179428,
2022,41,190179431,
2022,32,190179435,
2022,41,190179440,
2022,3,190179464,
2022,38,190863944,
2022,41,190674381,
2022,42,190863947,
2022,41,194315904,
2022,42,198064282,
2022,39,190863958,
2022,42,190630398,
2022,41,191835894,
2022,42,194331797,
2022,42,190707471,
2022,41,194331799,
2022,38,194331811,
2022,1,194331815,
2022,41,194331821,
2022,41,194331825,
2022,31,194331831,
2022,41,194331838,
2022,37,194331849,
2022,41,195623557,
2022,38,195623561,
2022,42,197412018,
2022,41,197412019,
2022,39,189366055,
2022,31,189366060,
2022,31,189366061,
2022,41,190769809,
2022,41,190630401,
2022,41,194315905,
2022,41,190581108,
2022,3,196484373,
2022,41,190674382,
2022,41,194315906,
2022,39,194315907,
2022,42,191134921,
2022,31,190769812,
2022,42,194315909,
2022,42,194315910,
2022,42,190683255,
2022,42,190630406,
2022,42,197158941,
2022,41,190713959,
2022,41,190722078,
2022,41,190707484,
2022,41,192457680,
2022,41,190869320,
2022,31,194315911,
2022,42,194315912,
2022,31,194315913,
2022,3,191001035,
2022,39,197269546,
2022,39,189366063,
2022,42,190769820,
2022,1,191001036,
2022,3,203212973,
2022,41,191957610,
2022,42,190777946,
2022,41,189366072,
2022,41,189366074,
2022,41,189366086,
2022,21,189366094,
2022,38,189366096,
2022,41,189366103,
2022,41,189366104,
2022,38,189366113,
2022,41,189366116,
2022,38,189366131,
2022,38,189366132,
2022,41,189366135,
2022,42,189366139,
2022,38,189366151,
2022,41,189366154,
2022,41,189366156,
2022,41,189366158,
2022,41,190769826,
2022,3,189366162,
2022,3,189366163,
2022,41,189366164,
2022,42,189366165,
2022,1,189366167,
2022,41,189366172,
2022,41,190769827,
2022,41,189366173,
2022,41,189366176,
2022,38,189366180,
2022,38,189366181,
2022,41,189366183,
2022,42,189366185,
2022,42,189366190,
2022,41,196398833,
2022,41,189366195,
2022,41,189366196,
2022,39,189366197,
2022,3,189366199,
2022,3,189366200,
2022,21,200173897,
2022,41,189366206,
2022,3,189366208,
2022,41,189366211,
2022,21,200173898,
2022,41,191412304,
2022,42,189366212,
2022,41,190769829,
2022,41,190959176,
2022,42,189366223,
2022,3,198433346,
2022,41,189366230,
2022,42,189366231,
2022,31,194315933,
2022,41,194315934,
2022,42,191015633,
2022,41,191001047,
2022,21,192187415,
2022,42,198433348,
2022,42,189366232,
2022,41,189366236,
2022,41,189366241,
2022,41,189366254,
2022,42,189366257,
2022,21,189366261,
2022,39,189366275,
2022,41,189366278,
2022,41,189366279,
2022,39,189366283,
2022,39,189366289,
2022,41,189366293,
2022,41,189366306,
2022,42,189366309,
2022,41,194315939,
2022,31,192187417,
2022,42,191134952,
2022,41,191649480,
2022,39,194315943,
2022,41,195115959,
2022,41,194315944,
2022,41,191015644,
2022,41,191134953,
2022,42,195466556,
2022,38,191134954,
2022,41,194315952,
2022,41,191649484,
2022,41,191649485,
2022,3,194315956,
2022,41,194315957,
2022,42,194315958,
2022,41,194315959,
2022,38,191134960,
2022,3,194315961,
2022,39,194315962,
2022,42,192678107,
2022,39,194315965,
2022,3,191134963,
2022,3,191134965,
2022,41,191412309,
2022,41,191807202,
2022,41,191875203,
2022,41,194315968,
2022,41,191845511,
2022,41,192187418,
2022,41,194315972,
2022,42,192457682,
2022,38,191875205,
2022,41,194315979,
2022,38,198064285,
2022,42,189366331,
2022,38,189366332,
2022,21,194315993,
2022,41,189366341,
2022,41,189366345,
2022,38,189366346,
2022,41,194315997,
2022,41,189366350,
2022,41,189366352,
2022,42,189366353,
2022,41,194316005,
2022,41,189366354,
2022,41,189366356,
2022,38,189366366,
2022,42,201367189,
2022,41,189366370,
2022,41,189366375,
2022,41,189366376,
2022,41,189366380,
2022,42,189366381,
2022,41,189366384,
2022,41,189366385,
2022,41,189366386,
2022,41,189366389,
2022,41,189366391,
2022,41,189366392,
2022,41,189366393,
2022,41,189366394,
2022,41,189366396,
2022,41,189366402,
2022,21,189366403,
2022,38,189366405,
2022,21,189366407,
2022,21,189366408,
2022,42,189366410,
2022,7,189366414,
2022,7,189366415,
2022,41,189366428,
2022,41,189366429,
2022,37,189366430,
2022,1,189366434,
2022,41,189366438,
2022,41,189366446,
2022,3,189366447,
2022,9,189366448,
2022,41,189366449,
2022,41,189366457,
2022,42,189366468,
2022,38,189366471,
2022,31,189366472,
2022,31,189366473,
2022,41,189366476,
2022,38,189366481,
2022,41,189366483,
2022,41,189366484,
2022,42,189366490,
2022,41,189366507,
2022,41,189366511,
2022,41,192753177,
2022,41,189366515,
2022,41,192085654,
2022,42,189366517,
2022,41,194316006,
2022,41,191875211,
2022,21,191807208,
2022,1,192085655,
2022,41,189366530,
2022,41,194316009,
2022,41,194316010,
2022,39,192187422,
2022,41,194316011,
2022,41,194316015,
2022,41,189366544,
2022,3,189366545,
2022,39,191875214,
2022,41,189366551,
2022,3,191886750,
2022,9,189366554,
2022,37,189366555,
2022,34,189366558,
2022,38,189366559,
2022,41,189366566,
2022,41,189366572,
2022,41,189366575,
2022,42,189366577,
2022,41,189366589,
2022,38,189366590,
2022,41,189366593,
2022,41,189366597,
2022,3,191886751,
2022,41,191878601,
2022,42,197158944,
2022,3,194316017,
2022,41,191886755,
2022,41,192796782,
2022,41,189366598,
2022,41,189366601,
2022,39,189366604,
2022,41,189366610,
2022,42,189366616,
2022,39,189366622,
2022,39,189366623,
2022,41,189366626,
2022,41,189366627,
2022,38,189366629,
2022,41,189366631,
2022,41,189366643,
2022,41,189366646,
2022,31,189366648,
2022,41,189366651,
2022,31,189366652,
2022,38,189366654,
2022,9,189366655,
2022,9,189366656,
2022,31,189366658,
2022,38,189366664,
2022,3,189366665,
2022,41,194316022,
2022,21,192187425,
2022,21,192187426,
2022,41,192343687,
2022,41,192096092,
2022,41,194316025,
2022,41,191886761,
2022,42,191875218,
2022,41,191886765,
2022,41,192343690,
2022,41,191886768,
2022,41,194316033,
2022,39,191886769,
2022,42,189366675,
2022,41,189366679,
2022,21,189366682,
2022,41,189366686,
2022,41,189366690,
2022,41,189366691,
2022,38,189366695,
2022,41,189366696,
2022,41,189366697,
2022,41,189366698,
2022,41,189366699,
2022,42,189366700,
2022,42,189366702,
2022,42,189366704,
2022,41,189366706,
2022,41,189366709,
2022,41,189366719,
2022,21,189366722,
2022,37,189366723,
2022,41,189366729,
2022,41,192187429,
2022,41,202651592,
2022,41,189366734,
2022,21,189366737,
2022,3,189366753,
2022,31,189366755,
2022,21,189366756,
2022,21,189366757,
2022,39,189366758,
2022,42,189366762,
2022,39,189366765,
2022,41,189366767,
2022,42,189366772,
2022,38,189366779,
2022,41,189366780,
2022,42,189366783,
2022,31,189366788,
2022,42,189366797,
2022,41,189366798,
2022,41,189366799,
2022,21,189366800,
2022,41,189366801,
2022,41,189366802,
2022,21,189366803,
2022,21,189366804,
2022,41,189366805,
2022,41,189366810,
2022,41,189366811,
2022,1,194316037,
2022,41,189366812,
2022,42,192021668,
2022,41,189366815,
2022,38,189366817,
2022,38,189366818,
2022,41,192078591,
2022,42,189366826,
2022,38,189366828,
2022,41,189366829,
2022,39,195873276,
2022,41,189366831,
2022,41,192059156,
2022,41,189366836,
2022,41,189366837,
2022,21,194316048,
2022,41,189366838,
2022,41,189366839,
2022,41,189366841,
2022,21,194316049,
2022,41,194316051,
2022,42,189366844,
2022,41,194316052,
2022,41,189366848,
2022,3,192343693,
2022,31,189366849,
2022,39,189366850,
2022,42,192096095,
2022,41,189366855,
2022,42,194316054,
2022,42,192096096,
2022,31,192085656,
2022,41,192085657,
2022,21,192343695,
2022,21,189366864,
2022,41,189366865,
2022,39,192678115,
2022,41,189366866,
2022,3,192343696,
2022,42,189366870,
2022,3,192343698,
2022,41,192085658,
2022,39,189366872,
2022,41,192187435,
2022,41,192187436,
2022,38,194316062,
2022,39,192425768,
2022,1,189366882,
2022,3,189366883,
2022,41,192343699,
2022,42,192187440,
2022,41,189366888,
2022,41,192187441,
2022,38,189366892,
2022,42,192678117,
2022,41,189366897,
2022,41,189366898,
2022,41,189366899,
2022,21,194316067,
2022,41,192187445,
2022,41,189366905,
2022,3,194339400,
2022,41,189366908,
2022,41,189366912,
2022,41,194316072,
2022,41,194316073,
2022,41,195466557,
2022,41,192343700,
2022,41,189366928,
2022,3,194316076,
2022,41,189366930,
2022,21,189366934,
2022,42,192187454,
2022,41,192678124,
2022,3,194316090,
2022,41,189366949,
2022,42,189366950,
2022,41,189366957,
2022,42,189366959,
2022,41,189366961,
2022,41,192187460,
2022,41,194316091,
2022,42,194316093,
2022,21,189366966,
2022,21,189366967,
2022,41,192796791,
2022,41,189366968,
2022,35,189366969,
2022,39,196398835,
2022,41,192425771,
2022,41,194316110,
2022,41,194316111,
2022,39,194316112,
2022,39,192510553,
2022,3,192616687,
2022,1,192441917,
2022,42,192616688,
2022,38,201294613,
2022,35,189366970,
2022,41,189341929,
2022,41,189341942,
2022,31,189341954,
2022,38,189341958,
2022,38,189341959,
2022,21,189341960,
2022,21,189341961,
2022,31,189341966,
2022,41,189341972,
2022,41,189341973,
2022,38,201294615,
2022,21,192441920,
2022,42,194316118,
2022,42,196194620,
2022,41,194316121,
2022,41,192616697,
2022,41,194316129,
2022,41,194316134,
2022,1,194316136,
2022,41,194316141,
2022,41,192616703,
2022,42,194316144,
2022,41,194316145,
2022,38,194316146,
2022,42,194339403,
2022,3,194316152,
2022,3,194316153,
2022,3,194316154,
2022,3,194316155,
2022,42,194316158,
2022,41,194316163,
2022,41,194316166,
2022,42,201040326,
2022,41,195199538,
2022,41,194316168,
2022,41,194316169,
2022,41,194316170,
2022,3,194316171,
2022,42,194316174,
2022,41,194316175,
2022,3,194316183,
2022,41,194316189,
2022,41,194316193,
2022,41,194316195,
2022,41,202035193,
2022,39,199023465,
2022,41,194316202,
2022,38,194316203,
2022,41,194316204,
2022,39,195881231,
2022,41,194316214,
2022,42,194316215,
2022,42,194316219,
2022,41,194316220,
2022,3,194316227,
2022,41,189341977,
2022,41,189341978,
2022,41,189341980,
2022,42,194316228,
2022,41,189341984,
2022,41,194316231,
2022,41,189341988,
2022,42,194316239,
2022,42,194316242,
2022,41,194316243,
2022,9,194316244,
2022,1,194316245,
2022,21,195115962,
2022,38,194316248,
2022,5,189342014,
2022,41,194316249,
2022,3,194316254,
2022,3,197316107,
2022,41,189342020,
2022,31,189342021,
2022,41,189342022,
2022,41,189342023,
2022,38,189342024,
2022,41,189342028,
2022,41,189342033,
2022,38,191649590,
2022,38,191649591,
2022,39,189342038,
2022,41,189342041,
2022,41,189342050,
2022,31,189342052,
2022,38,189342054,
2022,3,189342055,
2022,3,189342056,
2022,42,189342062,
2022,41,189342064,
2022,42,189342066,
2022,38,191649595,
2022,3,190728530,
2022,21,190728532,
2022,41,194316256,
2022,41,194316257,
2022,21,194316259,
2022,3,194316265,
2022,41,194316268,
2022,42,198406827,
2022,41,194316270,
2022,41,194316271,
2022,42,194316272,
2022,39,194316273,
2022,39,194316274,
2022,21,194316275,
2022,3,194316276,
2022,41,194316283,
2022,42,195873277,
2022,21,194316290,
2022,42,194316291,
2022,21,194316292,
2022,21,194316293,
2022,1,194316298,
2022,41,194316302,
2022,21,194316317,
2022,38,190728533,
2022,41,194316318,
2022,42,194316319,
2022,38,194316322,
2022,38,194316323,
2022,41,194316325,
2022,31,194316327,
2022,21,194316328,
2022,3,194316331,
2022,41,194316334,
2022,3,194316335,
2022,41,194316336,
2022,41,194316340,
2022,41,194316344,
2022,41,194316350,
2022,41,194316352,
2022,41,194316353,
2022,41,194316360,
2022,3,202951577,
2022,41,194316364,
2022,41,194316365,
2022,3,194316366,
2022,42,195638853,
2022,3,194316370,
2022,3,194316371,
2022,39,196398841,
2022,42,194316375,
2022,41,194316376,
2022,41,194316383,
2022,3,194316387,
2022,41,196806300,
2022,21,194316399,
2022,41,194316402,
2022,41,194316405,
2022,39,196684573,
2022,41,194316410,
2022,41,194316411,
2022,41,194316416,
2022,42,194316419,
2022,21,194316429,
2022,41,194316434,
2022,3,194316437,
2022,41,194316442,
2022,41,194316443,
2022,3,195987858,
2022,3,195987859,
2022,41,194316446,
2022,21,194316447,
2022,21,194316448,
2022,42,194316449,
2022,41,194316450,
2022,41,195199546,
2022,41,194316461,
2022,41,194316467,
2022,21,194316474,
2022,1,194316476,
2022,42,194316479,
2022,41,194316480,
2022,42,194316485,
2022,39,194316486,
2022,41,194764297,
2022,41,194316488,
2022,42,194764298,
2022,21,194764299,
2022,41,194764300,
2022,3,199851526,
2022,41,198311693,
2022,41,194316504,
2022,41,194764301,
2022,21,194316511,
2022,21,194316512,
2022,41,194316513,
2022,41,197158946,
2022,41,194316515,
2022,3,197428797,
2022,41,194316521,
2022,3,194316526,
2022,38,194316530,
2022,41,194316536,
2022,41,195873281,
2022,41,194316545,
2022,3,194316559,
2022,21,194316560,
2022,21,194316561,
2022,42,194316562,
2022,41,194316563,
2022,41,195284093,
2022,42,194316566,
2022,21,198433357,
2022,21,194744784,
2022,21,194744785,
2022,42,194316577,
2022,21,194316579,
2022,41,195154006,
2022,39,194316581,
2022,41,197316113,
2022,41,190728541,
2022,42,190728542,
2022,39,190728543,
2022,42,190728545,
2022,3,190728546,
2022,41,190728549,
2022,41,190728553,
2022,42,194316588,
2022,41,195429539,
2022,41,194316590,
2022,21,194316593,
2022,21,195369720,
2022,41,194316595,
2022,3,195171882,
2022,3,195171883,
2022,41,194316596,
2022,3,201071853,
2022,3,201071854,
2022,41,194316599,
2022,3,200994729,
2022,3,200994730,
2022,42,194316608,
2022,41,194316610,
2022,41,194316611,
2022,31,194316613,
2022,39,194316620,
2022,3,198433359,
2022,41,194316626,
2022,41,190728558,
2022,42,194316627,
2022,39,194316628,
2022,41,194316629,
2022,42,194609221,
2022,41,194316638,
2022,41,190728566,
2022,31,190728567,
2022,3,194764304,
2022,41,195375213,
2022,41,194316654,
2022,3,195350765,
2022,39,194764305,
2022,42,194339410,
2022,39,194316656,
2022,41,196176237,
2022,41,195115972,
2022,41,194316657,
2022,41,196484375,
2022,21,195873285,
2022,21,195873286,
2022,41,194316668,
2022,41,195873288,
2022,41,197176776,
2022,21,194752754,
2022,41,190728568,
2022,41,190728572,
2022,9,190728578,
2022,42,196806301,
2022,42,194764307,
2022,41,195350766,
2022,39,194744801,
2022,41,190728586,
2022,31,190728591,
2022,31,190728592,
2022,21,195136718,
2022,38,190728594,
2022,41,190728595,
2022,39,200792354,
2022,41,195429541,
2022,41,195136719,
2022,3,195136720,
2022,41,194339422,
2022,21,194744808,
2022,41,194744809,
2022,3,202565700,
2022,3,202565701,
2022,41,195115974,
2022,21,195873296,
2022,21,195873297,
2022,3,195350767,
2022,41,195881235,
2022,41,195171899,
2022,21,195115978,
2022,3,198433368,
2022,31,195154015,
2022,39,195346889,
2022,38,195350768,
2022,3,203184743,
2022,41,190728596,
2022,41,190728601,
2022,41,190728603,
2022,41,190728607,
2022,41,195346892,
2022,41,195171900,
2022,3,195284103,
2022,3,197066693,
2022,3,197066694,
2022,42,198433372,
2022,1,198429709,
2022,41,197066695,
2022,3,195375217,
2022,41,196167648,
2022,21,195346895,
2022,21,195346896,
2022,42,198064293,
2022,41,195175256,
2022,31,195175258,
2022,21,197158953,
2022,21,197158954,
2022,42,195346898,
2022,41,195429543,
2022,21,197066703,
2022,41,197066704,
2022,1,196855841,
2022,41,195638860,
2022,21,195881241,
2022,41,195369738,
2022,41,202056616,
2022,41,195284104,
2022,41,198418848,
2022,41,190728609,
2022,41,190728612,
2022,41,190728618,
2022,41,190728620,
2022,41,190728621,
2022,41,190728623,
2022,38,192017237,
2022,38,190728639,
2022,38,190728640,
2022,41,190728644,
2022,41,192017238,
2022,41,192776029,
2022,42,192776032,
2022,41,192776034,
2022,3,198418849,
2022,42,197066707,
2022,31,196194625,
2022,42,192776055,
2022,31,196194626,
2022,41,195881242,
2022,39,192776060,
2022,41,192776072,
2022,41,192776085,
2022,41,192776093,
2022,38,192776095,
2022,38,192776096,
2022,41,195873319,
2022,41,197158955,
2022,42,192776108,
2022,41,192776112,
2022,41,195873322,
2022,41,192776115,
2022,39,195638865,
2022,41,192776122,
2022,39,195881243,
2022,3,198433373,
2022,38,192776144,
2022,31,192776155,
2022,31,192776156,
2022,38,192776167,
2022,38,192776168,
2022,41,192776175,
2022,41,192776180,
2022,41,192776182,
2022,41,192776185,
2022,31,192776190,
2022,38,192776191,
2022,42,192776195,
2022,41,192776203,
2022,42,192776207,
2022,38,192776217,
2022,42,192776219,
2022,41,192776221,
2022,41,192776242,
2022,39,192776249,
2022,41,192776253,
2022,21,192776254,
2022,41,192776258,
2022,38,192776264,
2022,38,192776265,
2022,41,192776301,
2022,41,194332692,
2022,41,194332693,
2022,21,194332695,
2022,38,194332696,
2022,38,194332697,
2022,41,194332705,
2022,38,194332709,
2022,41,194332715,
2022,41,194332716,
2022,41,194332729,
2022,42,194332731,
2022,21,194332734,
2022,41,194332735,
2022,41,194332745,
2022,31,194332752,
2022,42,195466562,
2022,41,194332756,
2022,42,198429712,
2022,42,195429545,
2022,3,198433375,
2022,31,194332766,
2022,41,194332767,
2022,42,194332771,
2022,41,194332775,
2022,41,194332782,
2022,41,195369748,
2022,41,194332790,
2022,41,199501309,
2022,41,194332794,
2022,41,199501310,
2022,41,195369750,
2022,21,195638871,
2022,41,195764156,
2022,21,195638872,
2022,42,195902935,
2022,39,199880872,
2022,21,195764165,
2022,21,195764178,
2022,41,195764182,
2022,41,195764183,
2022,42,195764184,
2022,1,195764185,
2022,21,195764188,
2022,21,195764189,
2022,41,195764192,
2022,41,195764194,
2022,41,195764195,
2022,41,195764198,
2022,42,195764199,
2022,42,195764200,
2022,41,195764209,
2022,41,195764210,
2022,21,195764215,
2022,21,195764216,
2022,41,195764217,
2022,41,195764218,
2022,42,195764220,
2022,31,195764221,
2022,31,195764222,
2022,41,195764231,
2022,42,195764232,
2022,41,195764233,
2022,41,195764234,
2022,31,195764237,
2022,3,195764240,
2022,3,195764241,
2022,3,195764242,
2022,21,195764244,
2022,21,195764245,
2022,39,195764247,
2022,41,195764253,
2022,21,195764254,
2022,42,195764255,
2022,41,198331412,
2022,42,198331452,
2022,41,202056675,
2022,41,195623421,
2022,41,189361238,
2022,32,189361244,
2022,41,189361253,
2022,31,189361256,
2022,31,189361257,
2022,41,189361258,
2022,41,189361263,
2022,41,189361266,
2022,41,189361267,
2022,41,196621797,
2022,41,196621799,
2022,41,196685003,
2022,41,196685041,
2022,41,196685065,
2022,41,196721804,
2022,41,196784343,
2022,31,196809217,
2022,41,196822636,
2022,41,197068932,
2022,41,189361270,
2022,21,189361271,
2022,41,197068935,
2022,41,197137830,
2022,41,188796614,
2022,38,188796620,
2022,42,197411911,
2022,21,188796623,
2022,21,188796624,
2022,41,188796633,
2022,41,188796634,
2022,41,188796635,
2022,41,188796636,
2022,41,188796637,
2022,41,188796643,
2022,41,188796647,
2022,41,188796649,
2022,41,188796650,
2022,41,188796651,
2022,32,191805161,
2022,41,191805164,
2022,42,191805169,
2022,41,191805171,
2022,42,191805177,
2022,41,192457734,
2022,39,192457737,
2022,41,192457739,
2022,41,192457740,
2022,41,192457746,
2022,41,192457748,
2022,41,192457751,
2022,21,192457752,
2022,42,192457759,
2022,21,192457761,
2022,21,192457762,
2022,21,192457764,
2022,21,192457765,
2022,42,192457767,
2022,41,191805194,
2022,39,191805198,
2022,41,191805201,
2022,41,191805202,
2022,9,191805203,
2022,21,191805206,
2022,42,191805207,
2022,38,191805208,
2022,41,191805209,
2022,21,191805213,
2022,38,191805214,
2022,39,191805217,
2022,36,194333307,
2022,41,194333310,
2022,41,194333311,
2022,41,194333313,
2022,34,194333314,
2022,42,194333315,
2022,9,194333323,
2022,31,194333330,
2022,41,197881980,
2022,41,195417600,
2022,41,195417608,
2022,41,195873408,
2022,41,195873414,
2022,41,195873415,
2022,41,197881987,
2022,41,197995392,
2022,41,197995393,
2022,41,198069830,
2022,41,198109093,
2022,41,198433490,
2022,41,183210089,
2022,41,185429641,
2022,39,185429646,
2022,41,185429654,
2022,1,188009923,
2022,3,188009947,
2022,41,198453081,
2022,41,198453085,
2022,41,198453089,
2022,21,192457772,
2022,41,198453090,
2022,31,198453092,
2022,3,198659905,
2022,21,194333335,
2022,38,194333336,
2022,41,196722063,
2022,41,198659906,
2022,41,198659908,
2022,41,198659911,
2022,35,198659913,
2022,21,189234248,
2022,21,198659915,
2022,41,189234249,
2022,41,178198262,
2022,31,189234263,
2022,41,177400206,
2022,42,189234270,
2022,41,177400218,
2022,38,178490155,
2022,38,178313191,
2022,38,178313192,
2022,41,179204413,
2022,41,179019316,
2022,41,179494336,
2022,42,179640648,
2022,42,201348474,
2022,41,189234276,
2022,42,189234277,
2022,41,189277061,
2022,42,189277063,
2022,42,189277065,
2022,41,179640650,
2022,41,180074809,
2022,41,181277008,
2022,21,181432360,
2022,31,181432360,
2022,41,181432361,
2022,3,189277068,
2022,3,189277069,
2022,42,181489342,
2022,41,181736266,
2022,41,182644805,
2022,41,201348491,
2022,41,201348492,
2022,41,182644811,
2022,41,182644812,
2022,41,182764089,
2022,41,182644815,
2022,41,182644817,
2022,39,182764092,
2022,42,182764093,
2022,41,182901096,
2022,42,201348501,
2022,41,183209599,
2022,41,183209602,
2022,41,183209604,
2022,41,183920656,
2022,21,201590474,
2022,42,189277085,
2022,41,183920659,
2022,42,183970852,
2022,41,183970854,
2022,21,195352027,
2022,41,184243799,
2022,41,184126642,
2022,41,184126644,
2022,41,185167158,
2022,41,201590475,
2022,41,189277088,
2022,41,189277089,
2022,42,185167159,
2022,39,189277091,
2022,38,185631016,
2022,41,189277095,
2022,32,191351787,
2022,38,191351788,
2022,41,191351828,
2022,41,191351838,
2022,41,185895260,
2022,42,191351841,
2022,38,191351847,
2022,41,201348522,
2022,41,187031589,
2022,3,191351872,
2022,41,186879942,
2022,39,191351879,
2022,41,187031591,
2022,41,191351883,
2022,41,187355581,
2022,38,191351890,
2022,41,187355582,
2022,41,187355585,
2022,41,187355586,
2022,41,187508682,
2022,21,191351925,
2022,41,187645027,
2022,41,191351931,
2022,41,187645029,
2022,41,188749488,
2022,38,187982874,
2022,41,187982875,
2022,41,187982876,
2022,42,188749490,
2022,41,188749496,
2022,41,189281820,
2022,42,197456575,
2022,41,189393665,
2022,21,195424014,
2022,42,201738401,
2022,41,190564861,
2022,41,190425615,
2022,42,190425618,
2022,41,190863871,
2022,1,190425625,
2022,1,190425626,
2022,41,190425635,
2022,41,190863872,
2022,42,191848734,
2022,41,201348558,
2022,41,201348562,
2022,41,190677923,
2022,41,194320270,
2022,41,192326373,
2022,3,194320271,
2022,41,194320281,
2022,41,190677936,
2022,39,190677941,
2022,41,194320283,
2022,41,194320289,
2022,41,195110581,
2022,41,190677963,
2022,41,194320294,
2022,41,190677965,
2022,21,195110582,
2022,41,190677969,
2022,21,195110583,
2022,41,195964389,
2022,41,190677974,
2022,42,195424015,
2022,41,175963036,
2022,1,190533352,
2022,3,190533353,
2022,41,190533356,
2022,41,190533360,
2022,41,190533361,
2022,39,190533362,
2022,42,190533368,
2022,42,190533369,
2022,1,191351975,
2022,42,191351991,
2022,39,191352040,
2022,42,191352046,
2022,41,175963037,
2022,41,176288862,
2022,31,178215547,
2022,41,176288864,
2022,41,191654996,
2022,21,191655005,
2022,31,191655005,
2022,37,191655007,
2022,42,191655013,
2022,41,191655014,
2022,41,194338326,
2022,21,194338341,
2022,41,194338351,
2022,41,195110618,
2022,41,195110622,
2022,41,195110628,
2022,41,195110629,
2022,41,195110631,
2022,41,195110632,
2022,21,195110635,
2022,41,195110638,
2022,41,195964402,
2022,41,195964406,
2022,38,195964407,
2022,38,195964408,
2022,21,195964410,
2022,41,195964411,
2022,42,195964419,
2022,41,195964430,
2022,3,179181338,
2022,41,181454580,
2022,41,188013633,
2022,41,182644132,
2022,41,182644133,
2022,41,182644136,
2022,42,176169802,
2022,41,176547431,
2022,41,184072778,
2022,41,184072779,
2022,42,176547432,
2022,3,189267886,
2022,41,184072788,
2022,41,185429657,
2022,41,185429659,
2022,3,189267887,
2022,3,189267888,
2022,41,178215550,
2022,41,185429664,
2022,41,185429668,
2022,41,187352121,
2022,41,188886959,
2022,42,180108625,
2022,41,176892118,
2022,41,177118956,
2022,42,176608886,
2022,41,177280017,
2022,42,176892124,
2022,42,177118960,
2022,41,188886960,
2022,21,189267901,
2022,39,177407009,
2022,42,177118967,
2022,42,189267910,
2022,42,177135727,
2022,41,178294877,
2022,41,190238724,
2022,41,178325997,
2022,41,188886966,
2022,41,178237032,
2022,42,191807210,
2022,41,178237034,
2022,41,177668758,
2022,41,190416881,
2022,41,189267926,
2022,41,190416882,
2022,41,190416891,
2022,41,190416892,
2022,41,191824373,
2022,41,194318636,
2022,41,197015369,
2022,41,197015370,
2022,41,197015372,
2022,41,197015373,
2022,41,177811679,
2022,41,177811681,
2022,41,177811689,
2022,41,177811694,
2022,41,177811700,
2022,42,177811701,
2022,41,179885369,
2022,41,181605597,
2022,41,178237039,
2022,31,178237042,
2022,31,178237043,
2022,41,178294883,
2022,41,178215556,
2022,3,180033034,
2022,41,178294888,
2022,41,178353501,
2022,41,179104680,
2022,41,179104682,
2022,41,189267949,
2022,41,178354277,
2022,41,178809283,
2022,41,179025455,
2022,42,178504672,
2022,42,180319609,
2022,41,179104683,
2022,41,179025458,
2022,41,178954662,
2022,41,179104685,
2022,39,179025463,
2022,41,179221285,
2022,41,194320297,
2022,41,179221288,
2022,41,179221289,
2022,41,189267972,
2022,41,181605598,
2022,41,181605601,
2022,41,181605606,
2022,41,184832603,
2022,41,186704450,
2022,41,184832606,
2022,41,184832609,
2022,41,186281198,
2022,41,186281199,
2022,41,190122468,
2022,41,190179483,
2022,41,200531095,
2022,41,188013665,
2022,41,188013668,
2022,41,190408751,
2022,41,190364881,
2022,41,190364883,
2022,41,190364894,
2022,41,190364913,
2022,41,189267973,
2022,41,179616826,
2022,42,181449865,
2022,41,195823096,
2022,41,179705302,
2022,41,179933772,
2022,41,195823112,
2022,41,180108628,
2022,38,180483221,
2022,41,195446783,
2022,21,195446785,
2022,3,195446788,
2022,41,195452549,
2022,41,195452552,
2022,41,195452558,
2022,41,196499577,
2022,41,196499586,
2022,41,196499595,
2022,41,196499615,
2022,41,196974236,
2022,41,196974245,
2022,41,196974246,
2022,41,196974257,
2022,41,199148034,
2022,41,187980544,
2022,41,187980546,
2022,38,187980552,
2022,41,191012752,
2022,41,191053896,
2022,41,180949154,
2022,42,178293199,
2022,41,178293204,
2022,41,178293205,
2022,41,182644830,
2022,41,178293215,
2022,42,180180349,
2022,42,183669613,
2022,41,178293220,
2022,41,178293221,
2022,41,179625750,
2022,41,179625751,
2022,3,179625755,
2022,41,179625756,
2022,41,179625757,
2022,41,181464674,
2022,41,179625760,
2022,42,180556454,
2022,41,179625774,
2022,41,179625775,
2022,41,181489490,
2022,41,181489499,
2022,41,181489500,
2022,41,182879466,
2022,41,182879470,
2022,41,182880549,
2022,41,182880551,
2022,41,182880559,
2022,41,182880561,
2022,41,186154190,
2022,21,181476429,
2022,41,181407305,
2022,42,181310784,
2022,41,181440161,
2022,41,181664347,
2022,38,181522638,
2022,41,182644835,
2022,41,181476431,
2022,41,200531096,
2022,42,181748934,
2022,41,186157824,
2022,21,181748935,
2022,41,197066745,
2022,21,181464682,
2022,41,181475470,
2022,41,186693331,
2022,21,181764544,
2022,41,187355637,
2022,21,181764545,
2022,42,181475473,
2022,38,185444905,
2022,41,187355639,
2022,41,200531100,
2022,38,185444907,
2022,42,189369518,
2022,41,181586063,
2022,41,185206011,
2022,41,189369530,
2022,41,181764546,
2022,21,182644855,
2022,42,181764551,
2022,41,181764552,
2022,41,190446528,
2022,41,181748944,
2022,42,185747428,
2022,41,190600460,
2022,41,191878630,
2022,41,182644869,
2022,41,191878636,
2022,41,191878637,
2022,41,182938765,
2022,41,182644875,
2022,41,182644877,
2022,41,182644884,
2022,41,194316732,
2022,42,194316736,
2022,41,182644885,
2022,41,194316737,
2022,41,182644896,
2022,41,194316740,
2022,41,194316742,
2022,41,182644906,
2022,21,195522501,
2022,41,182644914,
2022,3,182644917,
2022,41,182988509,
2022,41,182644920,
2022,42,182644922,
2022,38,182644924,
2022,42,182644929,
2022,38,182644931,
2022,41,182644934,
2022,41,190745360,
2022,9,177400228,
2022,41,177400229,
2022,21,177400232,
2022,41,182656009,
2022,42,182644946,
2022,42,182644947,
2022,38,182988510,
2022,1,182988511,
2022,7,197716468,
2022,42,187390650,
2022,41,187360268,
2022,41,182794621,
2022,41,182938767,
2022,42,192085659,
2022,31,182880577,
2022,42,182938770,
2022,41,182880579,
2022,41,183741291,
2022,41,182905776,
2022,41,182880581,
2022,41,182938772,
2022,41,182938773,
2022,41,183073061,
2022,42,185206013,
2022,41,183073062,
2022,41,183047633,
2022,42,185747429,
2022,41,183073066,
2022,41,183387673,
2022,41,183387674,
2022,41,184172606,
2022,41,183387680,
2022,41,183387681,
2022,42,183669617,
2022,41,184255944,
2022,42,183387685,
2022,41,183687095,
2022,32,177400240,
2022,41,183960249,
2022,42,183928187,
2022,42,183741293,
2022,41,183908481,
2022,41,179204460,
2022,41,183960252,
2022,41,184947226,
2022,41,180883320,
2022,41,187763774,
2022,42,187763775,
2022,41,181419626,
2022,41,183944072,
2022,38,181528107,
2022,41,183944682,
2022,41,182643737,
2022,41,183960254,
2022,21,182643740,
2022,41,184047328,
2022,39,191659854,
2022,39,200829774,
2022,41,183953864,
2022,38,183953867,
2022,41,184086541,
2022,41,184234456,
2022,41,184047331,
2022,41,185594668,
2022,41,184231982,
2022,42,199318521,
2022,21,184947231,
2022,21,184947232,
2022,41,184231993,
2022,41,184129627,
2022,42,191659855,
2022,41,184231997,
2022,41,184302067,
2022,41,185441682,
2022,41,190989473,
2022,41,190989474,
2022,42,184086546,
2022,41,184172611,
2022,42,194320316,
2022,41,194317017,
2022,41,184417082,
2022,41,198947148,
2022,41,198959005,
2022,41,185169905,
2022,41,184280485,
2022,42,184280041,
2022,42,184370454,
2022,42,184342914,
2022,41,191848792,
2022,41,194317023,
2022,41,184280489,
2022,41,194317024,
2022,41,184417084,
2022,41,184280490,
2022,41,184838554,
2022,42,184370459,
2022,41,185293079,
2022,38,184342918,
2022,42,184370460,
2022,42,185434088,
2022,42,184417085,
2022,41,194317082,
2022,39,184417087,
2022,41,184417089,
2022,41,185197650,
2022,41,194317090,
2022,41,184600094,
2022,41,184600777,
2022,41,184600781,
2022,41,184600783,
2022,41,184838557,
2022,41,195774296,
2022,41,185133969,
2022,21,185434091,
2022,41,184600786,
2022,42,185169914,
2022,41,195774306,
2022,38,185133971,
2022,38,185133972,
2022,41,185169919,
2022,38,185444913,
2022,41,194317105,
2022,41,186698582,
2022,38,185444914,
2022,21,185820635,
2022,41,186698590,
2022,21,185838996,
2022,41,188749552,
2022,39,185490782,
2022,41,188749565,
2022,31,188749569,
2022,41,188749569,
2022,37,188749569,
2022,38,185594672,
2022,41,185659527,
2022,41,188749576,
2022,41,188749578,
2022,41,190233229,
2022,38,185659529,
2022,41,185928504,
2022,41,190233233,
2022,42,185839000,
2022,41,185704679,
2022,41,192017245,
2022,39,190869331,
2022,42,186281279,
2022,42,185820638,
2022,41,194317106,
2022,41,192160816,
2022,41,192160817,
2022,41,192017255,
2022,41,185820640,
2022,41,185820641,
2022,42,186884536,
2022,41,192017263,
2022,41,192160818,
2022,42,185839011,
2022,41,186110647,
2022,41,192017271,
2022,41,185839012,
2022,41,194317109,
2022,39,185928507,
2022,41,186704436,
2022,41,199603589,
2022,41,186237587,
2022,41,186704437,
2022,42,197412023,
2022,41,186157803,
2022,41,194317125,
2022,42,186281281,
2022,41,194317128,
2022,41,197412024,
2022,41,197412026,
2022,31,197412027,
2022,41,186704438,
2022,41,186687564,
2022,41,197412043,
2022,42,186669718,
2022,41,198331035,
2022,41,186704441,
2022,41,187016513,
2022,42,194320329,
2022,41,187360274,
2022,41,178199325,
2022,41,181517047,
2022,41,181517048,
2022,41,191111796,
2022,41,181517051,
2022,41,181517052,
2022,41,181517053,
2022,42,187285023,
2022,39,194320331,
2022,41,187285030,
2022,41,187128877,
2022,38,181517074,
2022,41,181517075,
2022,41,181517076,
2022,41,187340098,
2022,41,181517077,
2022,41,187128878,
2022,41,181517079,
2022,3,184108225,
2022,41,187360281,
2022,41,184108228,
2022,41,187513442,
2022,41,184108229,
2022,41,187360284,
2022,41,184108232,
2022,42,187360285,
2022,41,187340099,
2022,3,187441147,
2022,41,184108245,
2022,41,187360290,
2022,41,184108251,
2022,41,184108259,
2022,41,187635384,
2022,41,184108262,
2022,31,184108267,
2022,41,184108268,
2022,41,184108271,
2022,42,190745366,
2022,41,187635386,
2022,41,187763777,
2022,41,187858924,
2022,41,185728490,
2022,21,185728492,
2022,3,187913019,
2022,42,187860146,
2022,39,187763779,
2022,41,187913021,
2022,41,186684735,
2022,41,185728502,
2022,42,187814567,
2022,41,187814574,
2022,41,185728510,
2022,41,188817353,
2022,42,188038595,
2022,41,188655293,
2022,41,188013639,
2022,41,188655294,
2022,41,187860152,
2022,42,188104102,
2022,42,188038599,
2022,42,191659858,
2022,41,188013641,
2022,42,188129195,
2022,38,188013642,
2022,38,188013645,
2022,1,190544237,
2022,41,187717300,
2022,41,187717303,
2022,41,187717306,
2022,41,187717307,
2022,42,187717309,
2022,41,188038600,
2022,41,188423867,
2022,41,188817354,
2022,1,189298020,
2022,41,188878992,
2022,41,188878998,
2022,41,188879017,
2022,41,192017280,
2022,21,190233249,
2022,41,190233253,
2022,41,190233254,
2022,3,189060872,
2022,41,190233263,
2022,41,190233267,
2022,41,192017286,
2022,32,194318453,
2022,41,194318455,
2022,41,194318462,
2022,41,203200480,
2022,41,194318475,
2022,42,194318478,
2022,41,195110646,
2022,41,195110649,
2022,41,195110655,
2022,41,195110659,
2022,41,195110660,
2022,41,195110662,
2022,41,196621802,
2022,42,196621812,
2022,41,196621821,
2022,41,182901081,
2022,41,182901082,
2022,41,182912156,
2022,41,183044519,
2022,41,182912162,
2022,41,182912163,
2022,41,183044521,
2022,41,183044525,
2022,38,183044526,
2022,41,182912189,
2022,41,182912190,
2022,41,182912196,
2022,41,182912201,
2022,41,182912207,
2022,41,182912210,
2022,41,183044528,
2022,41,183044529,
2022,41,182981783,
2022,41,182912223,
2022,41,183214488,
2022,38,183666902,
2022,41,188760245,
2022,41,182912242,
2022,41,188655300,
2022,41,182912248,
2022,41,182912250,
2022,41,182912257,
2022,41,188910177,
2022,41,182912264,
2022,41,188830488,
2022,41,182912270,
2022,41,182912277,
2022,41,182912280,
2022,41,182912281,
2022,41,200531101,
2022,41,182931968,
2022,38,182931972,
2022,41,182931974,
2022,41,182931975,
2022,41,182931976,
2022,41,182931980,
2022,41,182931982,
2022,41,182931985,
2022,41,182931999,
2022,41,182932002,
2022,41,182932003,
2022,41,182932008,
2022,41,182932009,
2022,41,182932016,
2022,41,182932019,
2022,41,182932027,
2022,41,182932039,
2022,41,182932040,
2022,41,182932043,
2022,41,182932044,
2022,41,182912297,
2022,41,183666904,
2022,41,182912299,
2022,41,182912300,
2022,41,182912302,
2022,41,182912303,
2022,38,182912304,
2022,41,183666905,
2022,41,182912313,
2022,41,182912324,
2022,41,182912325,
2022,21,182912342,
2022,41,182912345,
2022,41,184304343,
2022,41,184304346,
2022,41,184304349,
2022,41,184304352,
2022,42,184304354,
2022,21,184304355,
2022,42,184304360,
2022,41,184304361,
2022,41,184304365,
2022,41,184304370,
2022,41,184304384,
2022,41,184304388,
2022,41,184353158,
2022,38,184304409,
2022,41,188796600,
2022,7,191015647,
2022,41,184304419,
2022,41,188760246,
2022,38,185836470,
2022,41,185836471,
2022,3,192441925,
2022,41,190238725,
2022,41,185836482,
2022,41,185836485,
2022,41,185836487,
2022,3,185836488,
2022,42,185836489,
2022,41,185836492,
2022,41,185836494,
2022,41,185836498,
2022,41,185836505,
2022,41,189432274,
2022,41,185836506,
2022,31,188986956,
2022,41,185836511,
2022,31,188986957,
2022,41,185836521,
2022,41,188649782,
2022,41,188649805,
2022,41,188649807,
2022,41,188649812,
2022,41,188649817,
2022,41,188649838,
2022,41,188649840,
2022,41,188649843,
2022,41,188649845,
2022,41,188649847,
2022,41,188649856,
2022,41,189185397,
2022,41,189185398,
2022,41,189185409,
2022,41,189185412,
2022,41,189185419,
2022,41,189185423,
2022,41,189185454,
2022,41,189185463,
2022,41,189185464,
2022,41,189185466,
2022,41,189185468,
2022,41,190701316,
2022,42,189161460,
2022,41,190701318,
2022,3,190701319,
2022,41,190701320,
2022,41,190701321,
2022,38,189060876,
2022,41,190701329,
2022,41,190701333,
2022,41,190701342,
2022,41,190701363,
2022,31,190701366,
2022,41,190701369,
2022,41,190701370,
2022,42,190701371,
2022,41,190701377,
2022,41,190701384,
2022,41,190701387,
2022,41,190701388,
2022,41,190701390,
2022,41,192409498,
2022,41,192409500,
2022,41,192409507,
2022,41,192409538,
2022,41,192409545,
2022,41,192409552,
2022,41,192409588,
2022,38,192409597,
2022,36,192409598,
2022,41,192409604,
2022,41,194319424,
2022,42,194319453,
2022,41,194319459,
2022,41,194319464,
2022,41,194319467,
2022,41,194319475,
2022,41,194319481,
2022,41,194319488,
2022,31,194319492,
2022,41,194319493,
2022,3,195623572,
2022,38,189060877,
2022,41,202061033,
2022,41,195623576,
2022,41,195623577,
2022,41,195623578,
2022,41,189001796,
2022,41,195623583,
2022,41,195623589,
2022,41,195623593,
2022,41,195623599,
2022,21,195623601,
2022,21,195623603,
2022,41,195623607,
2022,41,195623608,
2022,41,195623609,
2022,41,195623610,
2022,41,195623611,
2022,41,195623612,
2022,3,195623619,
2022,41,198429741,
2022,41,177324982,
2022,41,177324983,
2022,21,194320336,
2022,41,189421640,
2022,41,189249758,
2022,41,191807213,
2022,41,189371742,
2022,42,189815489,
2022,41,190254942,
2022,41,189401879,
2022,41,189401884,
2022,42,189432281,
2022,41,189371748,
2022,41,189432284,
2022,41,189421641,
2022,42,189423762,
2022,41,189423764,
2022,41,190048654,
2022,41,189815498,
2022,41,200562941,
2022,41,190048656,
2022,41,189993395,
2022,41,190048660,
2022,41,190048664,
2022,41,190129661,
2022,41,190254945,
2022,21,177187029,
2022,42,190238730,
2022,41,190408730,
2022,41,190581112,
2022,41,190722085,
2022,3,190722086,
2022,41,177324984,
2022,3,177187035,
2022,42,177187036,
2022,41,199582704,
2022,41,190630419,
2022,42,190580339,
2022,41,194764315,
2022,21,177187042,
2022,41,190573671,
2022,41,190581117,
2022,41,177187045,
2022,3,199318529,
2022,41,190581118,
2022,42,200801139,
2022,41,190707493,
2022,21,194320355,
2022,31,194320356,
2022,42,197491536,
2022,41,190766373,
2022,42,192201706,
2022,41,190766374,
2022,41,177129495,
2022,41,177187050,
2022,41,177187055,
2022,3,177187058,
2022,41,177187059,
2022,41,177187064,
2022,41,190722093,
2022,41,191134967,
2022,41,194320357,
2022,41,192201707,
2022,41,190777952,
2022,41,191134970,
2022,41,177187066,
2022,41,177187071,
2022,41,177187073,
2022,3,177552750,
2022,41,177552751,
2022,41,177534017,
2022,41,177187078,
2022,41,191111808,
2022,41,177534019,
2022,41,192343713,
2022,41,177187085,
2022,41,177187088,
2022,41,191835909,
2022,3,177187093,
2022,41,201063086,
2022,41,177187108,
2022,41,200829775,
2022,41,191872260,
2022,42,177187116,
2022,41,197716470,
2022,41,177187118,
2022,31,178234903,
2022,42,200638918,
2022,41,178234904,
2022,41,177324986,
2022,41,192343718,
2022,41,177552754,
2022,41,192441933,
2022,41,177511576,
2022,42,191886779,
2022,31,177518408,
2022,41,180075260,
2022,41,180075261,
2022,41,177520782,
2022,21,191886780,
2022,42,191886781,
2022,41,177552755,
2022,21,178053297,
2022,42,192613262,
2022,41,192613263,
2022,41,192096118,
2022,42,178876278,
2022,41,192510587,
2022,41,178371849,
2022,38,178371852,
2022,41,178371853,
2022,41,178391567,
2022,41,178858399,
2022,41,178858407,
2022,41,178876279,
2022,41,179993729,
2022,41,179103258,
2022,41,179103261,
2022,41,179103264,
2022,41,179185962,
2022,41,179185968,
2022,9,179378580,
2022,21,179378585,
2022,21,179378586,
2022,38,179381375,
2022,41,179993742,
2022,21,179993770,
2022,41,179993774,
2022,41,179993787,
2022,41,180075265,
2022,41,180024442,
2022,41,180024445,
2022,41,180075271,
2022,38,194320375,
2022,42,194320376,
2022,41,194320378,
2022,41,194320380,
2022,41,194320383,
2022,42,192611836,
2022,41,194320387,
2022,41,192616712,
2022,42,194320392,
2022,3,194320396,
2022,42,194320425,
2022,42,194320428,
2022,3,195175263,
2022,41,194320443,
2022,38,197491539,
2022,41,194320448,
2022,42,194320452,
2022,41,194320458,
2022,42,194320461,
2022,41,199439580,
2022,41,180105865,
2022,41,180105872,
2022,41,180253604,
2022,41,181442283,
2022,41,180883322,
2022,41,180883327,
2022,41,180883332,
2022,41,181528109,
2022,41,180914236,
2022,41,181277054,
2022,41,181293427,
2022,41,181517082,
2022,41,194320468,
2022,41,181419631,
2022,41,194320478,
2022,41,181517085,
2022,41,181419634,
2022,41,181419636,
2022,42,194320484,
2022,41,181520897,
2022,41,194320486,
2022,41,181421919,
2022,41,194320492,
2022,41,181432503,
2022,41,181757755,
2022,41,194320497,
2022,41,194320505,
2022,41,181453373,
2022,41,181453375,
2022,41,194320512,
2022,41,181489503,
2022,21,194320515,
2022,42,194320525,
2022,41,181489507,
2022,41,181517087,
2022,41,194320527,
2022,41,181517092,
2022,21,194764326,
2022,41,181517094,
2022,41,182646525,
2022,41,195638886,
2022,41,194320534,
2022,41,194320535,
2022,41,181757758,
2022,41,202846613,
2022,31,199976087,
2022,41,181653119,
2022,41,181653120,
2022,31,181653121,
2022,31,199976089,
2022,41,181653123,
2022,41,194320557,
2022,41,181757759,
2022,41,181660158,
2022,41,181660165,
2022,41,194320558,
2022,41,194320568,
2022,41,181757769,
2022,41,182646532,
2022,41,194320570,
2022,41,194320571,
2022,21,194320581,
2022,41,182646542,
2022,41,182646543,
2022,41,197066746,
2022,41,182646545,
2022,38,195429552,
2022,41,182646546,
2022,41,194320595,
2022,41,182646550,
2022,41,182646552,
2022,41,182646556,
2022,41,182646561,
2022,41,182646562,
2022,42,197428865,
2022,41,182646563,
2022,41,182646564,
2022,41,182646565,
2022,41,182646567,
2022,41,182646569,
2022,41,195235262,
2022,41,199318532,
2022,21,199318533,
2022,42,201063093,
2022,41,182981972,
2022,41,182646591,
2022,41,195136741,
2022,41,182646598,
2022,41,183705367,
2022,41,195115991,
2022,41,182646602,
2022,41,182646606,
2022,21,183705368,
2022,41,182857453,
2022,41,182857454,
2022,41,182857463,
2022,41,182857469,
2022,41,182857473,
2022,42,195284115,
2022,37,197066748,
2022,41,195284118,
2022,41,195284120,
2022,41,195429563,
2022,37,196194640,
2022,38,195638892,
2022,41,195429572,
2022,42,195429573,
2022,41,195987887,
2022,41,195638894,
2022,42,195429581,
2022,41,195638895,
2022,42,176282763,
2022,41,182886006,
2022,41,182981974,
2022,41,182944888,
2022,3,183896161,
2022,41,183898004,
2022,41,183898006,
2022,41,183898008,
2022,41,183953869,
2022,41,183953871,
2022,41,183970952,
2022,41,183953877,
2022,41,183967270,
2022,41,183967271,
2022,41,183967275,
2022,41,183970956,
2022,31,183970960,
2022,41,184810664,
2022,41,183970962,
2022,41,183970964,
2022,41,184810667,
2022,41,194322709,
2022,21,184810670,
2022,41,183992457,
2022,41,183992461,
2022,41,176282765,
2022,41,184044086,
2022,3,187128880,
2022,41,184044090,
2022,41,178068425,
2022,41,184947246,
2022,41,184044093,
2022,41,184044095,
2022,41,184822088,
2022,41,184126666,
2022,41,184126668,
2022,41,184126673,
2022,41,184822092,
2022,41,184941833,
2022,41,185202198,
2022,41,185202201,
2022,41,185277000,
2022,1,185283460,
2022,41,185283467,
2022,41,186333652,
2022,41,185372152,
2022,42,185372154,
2022,41,186621228,
2022,41,186333653,
2022,41,185429681,
2022,41,185429683,
2022,41,185432858,
2022,41,185432859,
2022,41,185441690,
2022,41,185441694,
2022,41,185441696,
2022,41,185441698,
2022,41,185443716,
2022,38,176169814,
2022,38,176169815,
2022,41,185567000,
2022,41,177280024,
2022,41,199972450,
2022,41,176300737,
2022,21,179705309,
2022,21,179705310,
2022,3,179200955,
2022,3,179200957,
2022,41,176608000,
2022,41,185584888,
2022,41,185631120,
2022,41,185631121,
2022,41,185631126,
2022,41,186377469,
2022,42,176608001,
2022,41,186621231,
2022,41,176892129,
2022,42,196855877,
2022,41,177135731,
2022,41,185672917,
2022,41,176709511,
2022,41,176709512,
2022,41,185672928,
2022,41,187913025,
2022,41,185672930,
2022,41,186621235,
2022,41,186621236,
2022,41,177083753,
2022,41,177324929,
2022,41,185746201,
2022,41,185895398,
2022,41,177258135,
2022,41,177407020,
2022,41,186066938,
2022,41,179559716,
2022,41,186066944,
2022,41,177407021,
2022,41,177533995,
2022,38,177762832,
2022,41,186698609,
2022,41,178938349,
2022,41,177553957,
2022,41,186702829,
2022,42,178358714,
2022,41,186702841,
2022,31,188027237,
2022,38,178938284,
2022,41,177533997,
2022,41,178961065,
2022,42,189268004,
2022,41,178068427,
2022,41,177762833,
2022,42,181482918,
2022,39,178878686,
2022,41,178243177,
2022,21,179705315,
2022,41,179705316,
2022,21,179705317,
2022,41,179025466,
2022,42,179380346,
2022,34,199880924,
2022,41,178397238,
2022,41,178326010,
2022,41,179380347,
2022,3,178961068,
2022,41,179559717,
2022,41,178878694,
2022,41,180033045,
2022,41,178809296,
2022,41,178809297,
2022,41,178938285,
2022,41,179025468,
2022,41,186970440,
2022,41,187037793,
2022,21,187037797,
2022,41,187121857,
2022,41,187121859,
2022,41,187121860,
2022,41,187121861,
2022,41,187217180,
2022,41,187645065,
2022,41,187217181,
2022,41,187217182,
2022,41,187645066,
2022,41,187717310,
2022,41,187717311,
2022,41,187717313,
2022,41,187717328,
2022,41,188027254,
2022,41,188027256,
2022,41,187741046,
2022,41,187741052,
2022,41,179993628,
2022,41,187741058,
2022,41,179025473,
2022,41,188009960,
2022,41,179672016,
2022,42,179238619,
2022,41,188009967,
2022,41,179238620,
2022,41,188027259,
2022,1,188027261,
2022,41,179221299,
2022,41,179993633,
2022,41,190118497,
2022,41,188418618,
2022,41,190118498,
2022,1,190118502,
2022,41,190118504,
2022,41,188649876,
2022,41,188809746,
2022,41,188809761,
2022,41,190118506,
2022,41,188809765,
2022,41,188809767,
2022,41,188809769,
2022,41,190118518,
2022,41,188886990,
2022,41,181464686,
2022,41,191807218,
2022,1,190118521,
2022,41,190118522,
2022,41,188519687,
2022,41,188655306,
2022,41,185928514,
2022,42,198508836,
2022,41,189459522,
2022,41,189459523,
2022,42,201028596,
2022,41,189459529,
2022,41,180180362,
2022,41,189459531,
2022,41,189459538,
2022,41,189459540,
2022,41,189823315,
2022,41,181312123,
2022,41,201506043,
2022,21,189823317,
2022,41,181312127,
2022,41,189823323,
2022,41,190233272,
2022,41,190233275,
2022,41,191265399,
2022,41,190233282,
2022,41,190425695,
2022,41,191265405,
2022,41,190425731,
2022,41,190533382,
2022,41,190533383,
2022,41,190533386,
2022,41,191265407,
2022,41,190539193,
2022,41,190539200,
2022,41,190623351,
2022,41,191265408,
2022,41,182646193,
2022,41,191265409,
2022,41,191265410,
2022,41,181319533,
2022,41,191265414,
2022,41,190623373,
2022,41,190701406,
2022,41,190701407,
2022,41,190863979,
2022,41,190863985,
2022,41,190959220,
2022,41,191265417,
2022,41,190959223,
2022,41,190959226,
2022,41,194322942,
2022,41,191655037,
2022,41,191655038,
2022,41,191791192,
2022,41,191791197,
2022,41,191794027,
2022,41,191794028,
2022,41,191794033,
2022,41,191794034,
2022,41,191880309,
2022,41,180573816,
2022,41,191880316,
2022,41,192017311,
2022,41,192059183,
2022,41,192059184,
2022,41,194322944,
2022,41,194322946,
2022,41,194322947,
2022,41,194322951,
2022,41,194322952,
2022,41,194322954,
2022,41,194322955,
2022,41,194322958,
2022,41,194322964,
2022,41,194322965,
2022,41,194322982,
2022,41,194322985,
2022,41,194322987,
2022,41,194322989,
2022,41,194322996,
2022,41,194322999,
2022,41,194323000,
2022,41,194323001,
2022,41,195132090,
2022,41,194323010,
2022,41,194323022,
2022,41,194323029,
2022,41,194323033,
2022,41,194323038,
2022,41,194323043,
2022,41,181387875,
2022,41,181449874,
2022,41,194323048,
2022,41,194323059,
2022,41,182646195,
2022,42,194323061,
2022,41,194323065,
2022,41,181534320,
2022,41,194323066,
2022,41,194323075,
2022,39,181534323,
2022,41,194323081,
2022,41,194323082,
2022,41,194323084,
2022,41,194756150,
2022,41,181586070,
2022,41,182646200,
2022,41,194756158,
2022,41,183073818,
2022,41,194756160,
2022,41,182880583,
2022,41,182880584,
2022,41,182780546,
2022,1,195110691,
2022,41,182780547,
2022,41,182646202,
2022,41,182646206,
2022,41,195110701,
2022,41,201064182,
2022,41,195110705,
2022,41,182646210,
2022,41,181764560,
2022,42,194322718,
2022,41,195452570,
2022,41,195452574,
2022,41,182646218,
2022,41,195452579,
2022,41,195452581,
2022,41,195452582,
2022,42,182646222,
2022,42,182646226,
2022,41,195878799,
2022,41,195878804,
2022,41,182646227,
2022,41,182646230,
2022,41,197020080,
2022,41,195878805,
2022,42,182646231,
2022,42,182646232,
2022,41,202951611,
2022,41,183895876,
2022,41,182656021,
2022,41,187101651,
2022,41,183669619,
2022,41,183669622,
2022,41,182646253,
2022,42,183073819,
2022,41,183387691,
2022,38,183741298,
2022,41,182912383,
2022,42,185928515,
2022,41,183387693,
2022,41,182708799,
2022,41,183158824,
2022,41,182780557,
2022,41,182794624,
2022,41,183073821,
2022,42,183928191,
2022,1,199177849,
2022,41,182880594,
2022,41,183047638,
2022,41,182944887,
2022,41,195878809,
2022,41,195878812,
2022,41,183218003,
2022,41,183152891,
2022,41,183687096,
2022,41,183387694,
2022,41,196142464,
2022,41,196142468,
2022,41,183218008,
2022,21,196142471,
2022,38,183710997,
2022,41,196142477,
2022,41,196182344,
2022,41,196182350,
2022,41,196182356,
2022,41,196822696,
2022,41,196822700,
2022,41,196822702,
2022,41,196822710,
2022,41,196822717,
2022,41,196822727,
2022,41,197015391,
2022,41,197015396,
2022,41,197015400,
2022,41,184342922,
2022,41,184417092,
2022,41,183710999,
2022,41,183892736,
2022,41,184172618,
2022,42,185517469,
2022,41,183928199,
2022,41,183960279,
2022,41,184392109,
2022,42,183960280,
2022,41,184047350,
2022,31,185429583,
2022,42,184417095,
2022,32,184302079,
2022,32,188878962,
2022,41,185820644,
2022,41,184087429,
2022,41,184280494,
2022,39,185429588,
2022,39,190048667,
2022,42,184280043,
2022,41,184255954,
2022,39,184516775,
2022,42,186678735,
2022,41,185594674,
2022,39,185434105,
2022,42,187225082,
2022,42,190408734,
2022,41,185434106,
2022,41,184516778,
2022,41,184417102,
2022,41,181281264,
2022,41,181281265,
2022,41,181455840,
2022,42,181455844,
2022,41,184838567,
2022,41,185594675,
2022,41,191835914,
2022,21,181281269,
2022,41,186687571,
2022,41,185517475,
2022,41,181528113,
2022,41,181528119,
2022,41,181528120,
2022,41,181660170,
2022,41,185704693,
2022,41,185198451,
2022,21,181757772,
2022,31,181660183,
2022,42,186704444,
2022,41,187101652,
2022,41,185444920,
2022,41,182646726,
2022,42,186684734,
2022,41,182936584,
2022,41,183739656,
2022,42,186687576,
2022,41,182987854,
2022,41,186687578,
2022,41,182987855,
2022,39,185659539,
2022,41,194322725,
2022,34,199880926,
2022,41,187913026,
2022,41,187724376,
2022,41,183214518,
2022,32,187225083,
2022,41,187128885,
2022,41,187041234,
2022,41,184075738,
2022,34,186281286,
2022,34,199925114,
2022,41,184233486,
2022,41,192554246,
2022,39,184233489,
2022,41,184233492,
2022,41,187128886,
2022,41,184296524,
2022,31,189249766,
2022,41,184339680,
2022,41,187027403,
2022,41,184339681,
2022,39,191824181,
2022,42,187041236,
2022,1,185920055,
2022,41,186066955,
2022,41,187724378,
2022,41,186066968,
2022,41,187217135,
2022,41,187101654,
2022,41,186154203,
2022,41,188823454,
2022,41,186346958,
2022,41,186346960,
2022,41,187279656,
2022,41,187279657,
2022,41,187800846,
2022,41,188009970,
2022,41,188009982,
2022,41,188034663,
2022,21,191111822,
2022,21,191111823,
2022,41,188823455,
2022,41,188823456,
2022,41,187340112,
2022,41,189103896,
2022,42,187441162,
2022,41,196432410,
2022,42,187523524,
2022,41,189431084,
2022,41,188800442,
2022,41,189455902,
2022,1,189459541,
2022,41,189459543,
2022,41,190623380,
2022,41,190701413,
2022,41,190701416,
2022,41,191053902,
2022,41,191831331,
2022,41,191880319,
2022,41,191880320,
2022,41,191880323,
2022,41,191880329,
2022,41,192017316,
2022,41,192326421,
2022,41,194323347,
2022,41,194323351,
2022,41,194323352,
2022,41,194323354,
2022,41,194323357,
2022,41,194323360,
2022,41,194323364,
2022,41,194323374,
2022,41,194323376,
2022,41,187524741,
2022,41,188800443,
2022,41,194323390,
2022,41,194323392,
2022,41,194323404,
2022,41,195132124,
2022,41,195150006,
2022,41,195881326,
2022,41,197137866,
2022,41,197137869,
2022,41,197185154,
2022,41,197185160,
2022,41,197456670,
2022,41,187635398,
2022,41,187635399,
2022,41,187523525,
2022,38,182901285,
2022,41,188823466,
2022,42,182901297,
2022,41,182901307,
2022,41,182901316,
2022,41,182901317,
2022,41,182901340,
2022,42,182901375,
2022,41,182901379,
2022,38,182901383,
2022,3,182901387,
2022,42,185920075,
2022,42,187647775,
2022,38,187647776,
2022,41,187647787,
2022,41,189265001,
2022,41,188800449,
2022,41,188830500,
2022,41,188823468,
2022,42,188104117,
2022,41,187913034,
2022,41,199766918,
2022,41,188823470,
2022,42,197206418,
2022,42,196499621,
2022,38,188796605,
2022,41,188878967,
2022,41,188830503,
2022,41,189060885,
2022,42,189265002,
2022,41,189265013,
2022,41,190580814,
2022,41,190580834,
2022,41,190580836,
2022,38,190580836,
2022,42,195373079,
2022,41,194323425,
2022,41,195373084,
2022,41,195373085,
2022,41,195373100,
2022,3,200994806,
2022,41,178659930,
2022,3,200994807,
2022,3,200994809,
2022,41,202027980,
2022,41,183970970,
2022,41,183970976,
2022,41,183970985,
2022,41,185487654,
2022,41,186684738,
2022,41,188796607,
2022,41,188796608,
2022,42,188890913,
2022,41,190408739,
2022,41,190745400,
2022,41,189000932,
2022,42,190230268,
2022,41,189197176,
2022,41,189161470,
2022,37,190408741,
2022,41,189423770,
2022,41,189848018,
2022,41,195132132,
2022,41,195132135,
2022,41,189848020,
2022,41,200801157,
2022,41,200994810,
2022,41,189848021,
2022,41,197176876,
2022,41,191111828,
2022,41,189842907,
2022,42,191824185,
2022,21,191859054,
2022,41,190281721,
2022,41,189962550,
2022,41,189962555,
2022,41,190285303,
2022,41,189962557,
2022,42,190573680,
2022,41,189962558,
2022,41,194322732,
2022,3,189962565,
2022,21,194322733,
2022,42,194322736,
2022,39,194322737,
2022,41,191791115,
2022,42,191791116,
2022,41,189962585,
2022,41,191878609,
2022,41,189962586,
2022,41,189962587,
2022,41,191886784,
2022,41,190769832,
2022,41,196432411,
2022,7,189962607,
2022,41,190777961,
2022,3,189962610,
2022,41,189962614,
2022,41,191001079,
2022,41,191659877,
2022,41,190745409,
2022,41,196499622,
2022,41,192457690,
2022,41,192078613,
2022,41,191835918,
2022,41,191659882,
2022,41,191130187,
2022,41,194322741,
2022,41,191659883,
2022,41,191886785,
2022,41,191807223,
2022,41,194322742,
2022,32,194322743,
2022,38,192613266,
2022,38,192613267,
2022,41,191130189,
2022,41,190278706,
2022,41,195466582,
2022,41,191835919,
2022,41,191886788,
2022,41,191886789,
2022,41,192078617,
2022,39,191872264,
2022,41,191872265,
2022,41,192457702,
2022,21,191875230,
2022,41,191875231,
2022,41,192457703,
2022,41,192078618,
2022,41,192493370,
2022,41,192493371,
2022,41,200829791,
2022,1,200829792,
2022,41,192171343,
2022,41,192201724,
2022,21,194322763,
2022,31,192201725,
2022,31,192201726,
2022,41,194322764,
2022,3,192441939,
2022,41,192187467,
2022,41,194322765,
2022,41,195115992,
2022,42,196855880,
2022,41,196806379,
2022,41,192510599,
2022,41,194322778,
2022,21,194322779,
2022,41,194322780,
2022,41,194322784,
2022,39,194322787,
2022,41,194322789,
2022,41,194322792,
2022,41,194322794,
2022,41,194322795,
2022,41,194322799,
2022,3,194322802,
2022,42,200801158,
2022,41,194322808,
2022,41,195763837,
2022,42,194322810,
2022,41,194322818,
2022,41,194322819,
2022,41,194322820,
2022,41,194322823,
2022,41,194322824,
2022,41,195763839,
2022,41,190278712,
2022,41,194322837,
2022,41,194322842,
2022,41,194322849,
2022,42,194322855,
2022,41,194326141,
2022,41,194322859,
2022,41,194322863,
2022,41,197428893,
2022,41,194322875,
2022,41,196472953,
2022,39,194322880,
2022,3,197757424,
2022,41,196476712,
2022,41,182800747,
2022,41,182648638,
2022,41,182648641,
2022,41,182648647,
2022,41,182648648,
2022,41,182800752,
2022,41,182648651,
2022,41,182648653,
2022,3,182648654,
2022,41,182648659,
2022,41,182648663,
2022,41,182648664,
2022,41,182648665,
2022,42,182648666,
2022,41,182648669,
2022,41,182648670,
2022,41,182648672,
2022,3,197757426,
2022,41,202027981,
2022,42,182648677,
2022,42,195987908,
2022,41,195943636,
2022,41,182648683,
2022,41,182648684,
2022,21,182800757,
2022,41,182648687,
2022,41,182800758,
2022,3,182648695,
2022,41,182648697,
2022,9,182800760,
2022,41,182800762,
2022,41,181493167,
2022,3,181493170,
2022,41,181493176,
2022,41,181493181,
2022,41,182648701,
2022,41,182648715,
2022,41,182648718,
2022,41,182800764,
2022,41,182648724,
2022,42,182648726,
2022,41,182648731,
2022,42,182648736,
2022,41,182857605,
2022,41,182857608,
2022,21,182857616,
2022,41,183153006,
2022,41,183209759,
2022,41,183209761,
2022,41,183209762,
2022,41,183209766,
2022,41,183209768,
2022,41,183209771,
2022,21,183664525,
2022,41,187352128,
2022,41,183209783,
2022,41,183209791,
2022,3,184304504,
2022,39,187336521,
2022,9,184304505,
2022,41,184304506,
2022,41,184304508,
2022,41,184304510,
2022,41,184304511,
2022,41,184304512,
2022,41,184304514,
2022,41,184304516,
2022,41,184304517,
2022,41,184337270,
2022,41,184337271,
2022,41,184337273,
2022,41,187336522,
2022,41,184337280,
2022,41,184337281,
2022,41,184376174,
2022,41,184392255,
2022,41,184392256,
2022,41,184392258,
2022,41,184392268,
2022,41,184392277,
2022,41,185441701,
2022,41,185567005,
2022,41,185567009,
2022,41,185567013,
2022,41,185567015,
2022,41,185567017,
2022,21,185631155,
2022,41,194322899,
2022,41,185631159,
2022,41,185631160,
2022,41,185631162,
2022,41,185631164,
2022,42,195943637,
2022,41,195964395,
2022,21,199109668,
2022,41,185631183,
2022,41,194322905,
2022,41,196621848,
2022,42,195429588,
2022,41,185728521,
2022,41,187336523,
2022,39,200562961,
2022,41,185728525,
2022,42,196983519,
2022,41,185728530,
2022,41,195375246,
2022,41,185728532,
2022,41,185728533,
2022,38,194720254,
2022,41,187336529,
2022,38,194720255,
2022,21,195154044,
2022,41,187336531,
2022,41,187336532,
2022,41,198406872,
2022,41,187336533,
2022,1,194720258,
2022,41,187352130,
2022,41,195161494,
2022,41,195136746,
2022,41,187352135,
2022,41,187352138,
2022,41,202092507,
2022,41,187352139,
2022,3,187352140,
2022,41,196983520,
2022,41,187352141,
2022,41,194744825,
2022,41,187355641,
2022,42,199582719,
2022,21,187355645,
2022,9,187355648,
2022,21,187355649,
2022,42,196983524,
2022,41,187355650,
2022,3,195429589,
2022,41,187388365,
2022,41,187377782,
2022,41,187377783,
2022,41,187377784,
2022,41,187377787,
2022,41,187377789,
2022,41,195375247,
2022,41,195873389,
2022,41,187377794,
2022,41,187377796,
2022,42,187377797,
2022,41,187377801,
2022,41,197176800,
2022,41,187377803,
2022,41,195429590,
2022,41,195466584,
2022,42,187388368,
2022,3,187388369,
2022,41,187388371,
2022,21,187388373,
2022,41,195429591,
2022,3,198949987,
2022,3,188662710,
2022,41,188662713,
2022,42,188662714,
2022,42,197185165,
2022,41,188667118,
2022,3,198949988,
2022,41,188667122,
2022,41,177552649,
2022,41,188667124,
2022,41,188667125,
2022,41,188667126,
2022,41,189366979,
2022,41,189366980,
2022,41,189366981,
2022,41,189842916,
2022,42,189842923,
2022,41,189842925,
2022,41,190118528,
2022,41,190118529,
2022,41,190118530,
2022,41,190118531,
2022,3,190118538,
2022,41,190179484,
2022,41,190179486,
2022,41,190179487,
2022,38,190179489,
2022,41,190179492,
2022,41,190179494,
2022,42,190533393,
2022,41,190533395,
2022,41,191012759,
2022,31,190533404,
2022,41,190533405,
2022,41,190533406,
2022,41,190677978,
2022,3,190677980,
2022,41,190677985,
2022,41,190677987,
2022,41,190717258,
2022,41,190717260,
2022,41,190717261,
2022,41,190717263,
2022,41,190717265,
2022,42,190717267,
2022,41,190717271,
2022,41,190859809,
2022,41,191352088,
2022,41,191352090,
2022,41,191352093,
2022,41,191352095,
2022,41,191352098,
2022,41,191352105,
2022,41,191352107,
2022,41,191831332,
2022,41,191831333,
2022,41,191831334,
2022,41,191831342,
2022,41,192198209,
2022,1,192279589,
2022,31,192279592,
2022,42,192279597,
2022,41,192279599,
2022,41,192279603,
2022,41,192279605,
2022,42,177552651,
2022,41,192326438,
2022,41,184044029,
2022,21,201336873,
2022,41,192326443,
2022,41,192493460,
2022,41,192493462,
2022,41,192493466,
2022,41,194326339,
2022,41,194326340,
2022,41,194326341,
2022,41,194326342,
2022,3,194326345,
2022,41,194326347,
2022,41,194326351,
2022,4,194326354,
2022,41,194326355,
2022,41,194326357,
2022,41,194326358,
2022,41,194326360,
2022,41,194326362,
2022,41,194326365,
2022,41,194326368,
2022,9,194326369,
2022,41,194326373,
2022,42,194326375,
2022,41,194326376,
2022,41,194326381,
2022,41,194326382,
2022,41,194326383,
2022,41,194326384,
2022,41,194326385,
2022,41,194326388,
2022,21,194326392,
2022,42,194326398,
2022,41,194326400,
2022,41,194326402,
2022,41,194326404,
2022,41,194326406,
2022,41,194326412,
2022,41,194326413,
2022,41,194326414,
2022,41,194326421,
2022,41,194326422,
2022,41,194326438,
2022,41,194326444,
2022,41,194326448,
2022,41,194326453,
2022,41,194326460,
2022,41,195424055,
2022,41,195424056,
2022,42,195424058,
2022,41,195424059,
2022,41,195424063,
2022,41,195623627,
2022,41,195943648,
2022,41,196176547,
2022,41,196687263,
2022,38,196687280,
2022,42,196687292,
2022,41,196687316,
2022,41,196687461,
2022,41,196687552,
2022,31,196687787,
2022,41,196992499,
2022,41,197015410,
2022,41,197015414,
2022,41,197015415,
2022,21,197015417,
2022,41,197015418,
2022,41,197015421,
2022,41,197015422,
2022,41,197015423,
2022,41,197015425,
2022,41,197015426,
2022,41,197015432,
2022,41,197015433,
2022,41,197020092,
2022,41,197020094,
2022,41,197020096,
2022,41,197020098,
2022,41,197020103,
2022,41,197185172,
2022,41,197185173,
2022,41,197185177,
2022,41,197176879,
2022,41,189361280,
2022,41,189361288,
2022,41,189361291,
2022,41,189361292,
2022,41,189361294,
2022,41,189361296,
2022,41,189361297,
2022,41,189361298,
2022,42,177552654,
2022,41,189425561,
2022,3,189425562,
2022,41,189425563,
2022,41,178876257,
2022,41,188034583,
2022,42,180314992,
2022,41,189455912,
2022,41,189455915,
2022,21,189823337,
2022,3,189823340,
2022,41,190041144,
2022,41,190041146,
2022,3,190364916,
2022,41,190364917,
2022,41,190403840,
2022,41,190403841,
2022,41,190403842,
2022,3,190403843,
2022,41,190403845,
2022,41,190403850,
2022,41,190416897,
2022,41,190403852,
2022,41,190403854,
2022,41,190539203,
2022,41,190539208,
2022,41,190539210,
2022,41,190600461,
2022,3,190600470,
2022,41,190623384,
2022,41,190623385,
2022,41,190623386,
2022,41,190713985,
2022,41,190713990,
2022,32,190713991,
2022,41,190771410,
2022,41,190713993,
2022,41,190713994,
2022,41,190713995,
2022,41,190771411,
2022,41,190771413,
2022,41,190771416,
2022,41,190771417,
2022,41,190771418,
2022,41,190771420,
2022,41,191012760,
2022,41,191012761,
2022,41,191012762,
2022,41,191012763,
2022,41,191012764,
2022,41,191265418,
2022,42,177552661,
2022,41,191265420,
2022,41,177552662,
2022,41,191265424,
2022,41,191265427,
2022,41,191265429,
2022,41,177552667,
2022,41,191265430,
2022,3,191265431,
2022,41,191265432,
2022,42,177552668,
2022,41,191265434,
2022,41,186333574,
2022,41,177552671,
2022,41,191824386,
2022,41,191824387,
2022,42,177552672,
2022,41,191824388,
2022,42,177552673,
2022,41,191824389,
2022,42,177552674,
2022,41,191824391,
2022,42,177552675,
2022,42,177552676,
2022,41,191878644,
2022,41,177552678,
2022,41,191824392,
2022,41,181528049,
2022,3,191878646,
2022,41,191878650,
2022,41,191878651,
2022,41,191878652,
2022,41,191878653,
2022,41,191878655,
2022,41,177552686,
2022,41,191957657,
2022,41,191957658,
2022,41,177552691,
2022,41,191878658,
2022,41,177552695,
2022,41,191957663,
2022,41,192085674,
2022,41,177552696,
2022,42,178293854,
2022,41,192085678,
2022,41,192085681,
2022,42,178060971,
2022,41,177552703,
2022,42,192195854,
2022,42,177552707,
2022,41,192195855,
2022,41,178060973,
2022,41,178060977,
2022,41,192195859,
2022,41,192279608,
2022,42,178060978,
2022,41,177552709,
2022,41,192457775,
2022,32,177552710,
2022,41,192457776,
2022,41,177552711,
2022,42,178293855,
2022,41,192457779,
2022,41,178060982,
2022,41,192457785,
2022,41,192753237,
2022,38,177552718,
2022,41,192753239,
2022,42,182981984,
2022,41,192753246,
2022,41,192753248,
2022,41,194326466,
2022,41,194326468,
2022,41,177552724,
2022,41,194326474,
2022,42,183152899,
2022,42,179381317,
2022,41,181528050,
2022,41,194326484,
2022,41,194326486,
2022,39,178391534,
2022,41,178391535,
2022,39,178876260,
2022,31,194326491,
2022,41,194326493,
2022,41,194326494,
2022,41,194326495,
2022,41,194326497,
2022,41,194326498,
2022,42,178391541,
2022,42,178391542,
2022,41,194326501,
2022,41,179196363,
2022,41,194326504,
2022,42,178876262,
2022,38,194326507,
2022,41,194326510,
2022,41,194326512,
2022,41,194326513,
2022,41,194326515,
2022,41,178960513,
2022,41,194326518,
2022,41,194326519,
2022,41,178876265,
2022,42,179196365,
2022,41,194326524,
2022,41,194326526,
2022,42,178876267,
2022,41,179196375,
2022,41,194326531,
2022,41,194326533,
2022,41,194326534,
2022,42,194326536,
2022,3,194326540,
2022,41,194326541,
2022,42,201330797,
2022,39,178960518,
2022,41,194326549,
2022,41,179381324,
2022,41,194326550,
2022,42,181421850,
2022,42,178960519,
2022,31,194752798,
2022,41,194326555,
2022,42,201330799,
2022,42,179381327,
2022,41,181317752,
2022,41,194326560,
2022,42,179381335,
2022,41,180024365,
2022,41,194326569,
2022,41,194326573,
2022,42,179381337,
2022,41,180024367,
2022,42,179381338,
2022,41,179613088,
2022,41,180914084,
2022,41,187336443,
2022,42,179381343,
2022,41,179381344,
2022,42,187433794,
2022,42,179381345,
2022,41,179613089,
2022,41,180314995,
2022,42,181421851,
2022,39,201330803,
2022,41,182646742,
2022,38,201330804,
2022,41,181421852,
2022,41,180314997,
2022,41,181421858,
2022,41,194752804,
2022,41,185202175,
2022,41,194752808,
2022,41,195148426,
2022,41,195148430,
2022,1,195373107,
2022,41,181421875,
2022,41,195373111,
2022,41,195373113,
2022,41,195373115,
2022,41,195373118,
2022,41,201865971,
2022,41,195373123,
2022,42,195373126,
2022,41,195417636,
2022,38,195417641,
2022,38,195417642,
2022,41,181520923,
2022,38,181476130,
2022,41,181476131,
2022,41,181476132,
2022,41,181475916,
2022,41,181475918,
2022,41,181475919,
2022,41,181528161,
2022,41,181528162,
2022,31,181660201,
2022,41,181523333,
2022,41,182648960,
2022,41,181736353,
2022,41,182648964,
2022,41,182648966,
2022,41,182703324,
2022,41,183739662,
2022,42,183739668,
2022,41,184126676,
2022,41,184279869,
2022,41,184279870,
2022,41,184810679,
2022,31,185567025,
2022,41,186883741,
2022,41,186883742,
2022,41,186883749,
2022,38,181421881,
2022,41,186908188,
2022,41,186908189,
2022,38,181421882,
2022,39,189193571,
2022,41,186908194,
2022,41,181660122,
2022,41,187715003,
2022,41,187715005,
2022,41,181660125,
2022,42,182646763,
2022,41,182646765,
2022,41,188906580,
2022,41,182646775,
2022,41,182646776,
2022,41,181660131,
2022,41,181660134,
2022,42,188418550,
2022,41,182646778,
2022,42,182646782,
2022,41,182646785,
2022,42,185838444,
2022,21,182646790,
2022,41,182646795,
2022,42,182646799,
2022,3,183450553,
2022,41,182646803,
2022,42,185441643,
2022,41,182646807,
2022,41,201330852,
2022,41,185441644,
2022,39,182857514,
2022,42,182703277,
2022,21,182857518,
2022,21,182857519,
2022,41,183705269,
2022,38,201336904,
2022,41,183152903,
2022,3,188826988,
2022,41,188826989,
2022,41,188826990,
2022,42,184087906,
2022,41,183705272,
2022,38,183450559,
2022,41,183450560,
2022,41,184044035,
2022,41,188826998,
2022,41,188826999,
2022,41,188827007,
2022,38,189185503,
2022,21,189185504,
2022,41,189185505,
2022,42,183897950,
2022,41,190623390,
2022,41,183705279,
2022,41,183705280,
2022,21,194327162,
2022,41,184044039,
2022,41,194323446,
2022,41,183705283,
2022,41,194327168,
2022,41,194327169,
2022,41,183705284,
2022,38,194327172,
2022,41,184087910,
2022,41,194327176,
2022,41,194327177,
2022,41,194327180,
2022,41,194327181,
2022,41,194327182,
2022,42,185441651,
2022,41,194327183,
2022,41,194327184,
2022,41,183897955,
2022,41,194327187,
2022,38,183897955,
2022,41,183953831,
2022,41,184044042,
2022,39,184231853,
2022,42,185838446,
2022,42,185441652,
2022,41,185441653,
2022,41,183953833,
2022,42,194323447,
2022,41,199568936,
2022,41,184087912,
2022,42,185126226,
2022,38,184231855,
2022,41,184810610,
2022,41,184289049,
2022,38,184810614,
2022,42,201590495,
2022,39,185126231,
2022,42,185441658,
2022,41,185126232,
2022,41,184392131,
2022,21,184392132,
2022,41,185126233,
2022,41,184810619,
2022,42,196992458,
2022,41,197185070,
2022,42,185441662,
2022,42,189193576,
2022,41,186333576,
2022,41,185566979,
2022,3,187897323,
2022,41,195462056,
2022,21,187897323,
2022,38,187897323,
2022,41,185838453,
2022,41,186333581,
2022,41,195462074,
2022,1,195462080,
2022,41,195462086,
2022,41,195462092,
2022,41,187012677,
2022,41,185838459,
2022,42,187638828,
2022,41,186698547,
2022,31,186333582,
2022,31,186333583,
2022,41,186698548,
2022,41,186333584,
2022,41,186333585,
2022,21,186333588,
2022,41,189277103,
2022,41,187336449,
2022,41,190717276,
2022,41,187012681,
2022,42,188418556,
2022,41,192493375,
2022,42,187433800,
2022,41,192776386,
2022,41,187336453,
2022,5,187336454,
2022,42,188418558,
2022,41,195764270,
2022,42,199568937,
2022,41,195764273,
2022,42,187631164,
2022,42,189267220,
2022,41,188034584,
2022,41,188666934,
2022,38,188906581,
2022,41,178053305,
2022,41,178053308,
2022,21,179993871,
2022,38,187897338,
2022,3,187897339,
2022,3,187897340,
2022,39,188418564,
2022,41,188418566,
2022,42,188906583,
2022,41,188809675,
2022,41,189267222,
2022,42,179993947,
2022,41,188906584,
2022,41,192493376,
2022,42,201524464,
2022,38,189054557,
2022,41,180430749,
2022,41,181577042,
2022,41,181577048,
2022,41,181577060,
2022,41,182857675,
2022,41,182857678,
2022,41,188906587,
2022,41,182857718,
2022,41,184231999,
2022,41,184232002,
2022,41,184232015,
2022,41,184232023,
2022,41,184232028,
2022,41,185776603,
2022,41,185776604,
2022,41,185776617,
2022,41,185776631,
2022,41,185776648,
2022,41,188006942,
2022,41,188006948,
2022,41,188006957,
2022,41,188006963,
2022,41,188006966,
2022,41,189234285,
2022,41,189234301,
2022,41,189234302,
2022,37,189234307,
2022,38,189234307,
2022,41,189193586,
2022,41,190043859,
2022,41,189267225,
2022,41,189365966,
2022,41,194323457,
2022,42,201590497,
2022,41,189234317,
2022,41,189234320,
2022,41,189234325,
2022,41,189234335,
2022,41,190600491,
2022,41,190600498,
2022,41,202130830,
2022,21,190600500,
2022,41,190600503,
2022,41,190600508,
2022,41,190600516,
2022,41,192326451,
2022,41,192326463,
2022,41,192326469,
2022,41,192326485,
2022,41,194328818,
2022,38,194328823,
2022,41,194328831,
2022,21,195417654,
2022,41,195417668,
2022,41,195417672,
2022,41,195417683,
2022,41,189428978,
2022,41,190233170,
2022,41,189428981,
2022,41,178236328,
2022,3,178234934,
2022,41,178234948,
2022,41,178234958,
2022,41,178234964,
2022,41,178234966,
2022,41,178234975,
2022,41,178234977,
2022,41,178234979,
2022,41,178234982,
2022,3,178313216,
2022,41,178313226,
2022,41,178313229,
2022,41,178313231,
2022,38,178313240,
2022,41,178313244,
2022,41,178313250,
2022,41,178235002,
2022,41,178235003,
2022,41,178235024,
2022,41,178235029,
2022,41,178235033,
2022,41,178235053,
2022,41,178322925,
2022,41,178235070,
2022,41,178322927,
2022,38,178235082,
2022,41,178235089,
2022,31,178235103,
2022,38,179205856,
2022,41,179205860,
2022,41,202632039,
2022,38,179205866,
2022,41,179205877,
2022,41,179205878,
2022,41,179205884,
2022,41,179205888,
2022,38,179205898,
2022,41,179205899,
2022,41,179550467,
2022,41,179550484,
2022,41,179550493,
2022,41,179613094,
2022,41,179550504,
2022,41,179550508,
2022,41,179550509,
2022,41,179550520,
2022,38,179550524,
2022,41,179613105,
2022,31,179613112,
2022,41,179613114,
2022,41,179613124,
2022,41,179613132,
2022,41,179613137,
2022,41,179613146,
2022,41,179613149,
2022,41,182652478,
2022,41,192493377,
2022,41,182652488,
2022,41,182652489,
2022,41,182652502,
2022,38,190043863,
2022,41,182652504,
2022,41,190043864,
2022,42,195343088,
2022,41,182652508,
2022,41,182652509,
2022,41,182652510,
2022,41,190623317,
2022,42,182652520,
2022,21,191880245,
2022,21,191880246,
2022,41,190233175,
2022,42,182652526,
2022,42,199568939,
2022,41,182652536,
2022,41,182652538,
2022,41,182652541,
2022,41,191012654,
2022,41,182652545,
2022,41,190773069,
2022,41,182652548,
2022,42,192493379,
2022,41,182652549,
2022,41,182652550,
2022,41,182652553,
2022,41,190717175,
2022,41,182652557,
2022,41,190623320,
2022,41,199175318,
2022,38,194323462,
2022,38,182652568,
2022,41,182652575,
2022,21,190773073,
2022,41,182652584,
2022,41,182652585,
2022,41,182652589,
2022,41,182652601,
2022,41,182652610,
2022,41,182652620,
2022,41,182652624,
2022,41,182652625,
2022,41,182652626,
2022,31,182652627,
2022,41,182652639,
2022,41,182652651,
2022,41,182652656,
2022,41,182652671,
2022,41,183907127,
2022,41,183907130,
2022,41,183907134,
2022,41,183907136,
2022,41,183907139,
2022,41,183907148,
2022,41,183907158,
2022,41,183907167,
2022,41,183907169,
2022,41,183907172,
2022,41,183907184,
2022,41,183907187,
2022,41,183907189,
2022,41,183907192,
2022,41,183907194,
2022,41,183907198,
2022,41,183907204,
2022,41,183907206,
2022,41,183907212,
2022,41,183907218,
2022,41,183907219,
2022,38,191880248,
2022,41,183907220,
2022,42,190773074,
2022,41,192087481,
2022,41,191351731,
2022,41,183907233,
2022,41,183907235,
2022,41,201336992,
2022,41,183907236,
2022,41,183907241,
2022,41,183907243,
2022,41,183907254,
2022,41,183907256,
2022,41,183907260,
2022,41,183907264,
2022,41,183907269,
2022,41,183907270,
2022,41,185432860,
2022,41,185432862,
2022,41,185432875,
2022,41,185432888,
2022,41,185432889,
2022,41,185432891,
2022,42,185432893,
2022,41,185432896,
2022,41,185432900,
2022,41,185432906,
2022,41,185432926,
2022,41,185432930,
2022,41,185432931,
2022,41,185432937,
2022,41,185432939,
2022,41,185432948,
2022,41,185432950,
2022,41,185432953,
2022,41,185432954,
2022,41,191012662,
2022,41,185432956,
2022,42,185432958,
2022,41,185432959,
2022,21,192198171,
2022,31,191831229,
2022,41,185432964,
2022,41,185432980,
2022,41,185432981,
2022,41,192198172,
2022,41,185432996,
2022,38,192087489,
2022,41,192087491,
2022,41,185433008,
2022,3,199568940,
2022,41,199075723,
2022,21,199568941,
2022,41,185433020,
2022,41,185433029,
2022,41,185433030,
2022,38,192775709,
2022,38,199568942,
2022,41,185433034,
2022,42,192087492,
2022,41,192493386,
2022,41,185433037,
2022,41,185433039,
2022,41,194323489,
2022,41,185433048,
2022,32,194323490,
2022,42,194323493,
2022,41,200186422,
2022,41,185433054,
2022,41,185433057,
2022,42,185433061,
2022,41,185433067,
2022,42,185433069,
2022,42,185433070,
2022,41,186686815,
2022,41,186686817,
2022,41,186686818,
2022,41,186686820,
2022,41,186686827,
2022,41,186686828,
2022,41,186686830,
2022,41,186686832,
2022,41,186686837,
2022,41,186686850,
2022,41,186686852,
2022,41,186686859,
2022,41,186686862,
2022,41,186686863,
2022,41,186686867,
2022,41,186686868,
2022,42,186686872,
2022,41,186686886,
2022,41,186686887,
2022,41,186686896,
2022,41,186686913,
2022,41,186686916,
2022,41,186686921,
2022,41,186686922,
2022,41,186686926,
2022,41,186686927,
2022,41,186686934,
2022,41,186686938,
2022,41,186686939,
2022,41,186686941,
2022,41,186686954,
2022,41,187897501,
2022,41,187897503,
2022,41,187897508,
2022,41,187897512,
2022,41,187897519,
2022,41,187897526,
2022,41,187897545,
2022,41,187897548,
2022,39,194323495,
2022,41,187897558,
2022,41,199568943,
2022,41,187897563,
2022,41,194323498,
2022,37,194323500,
2022,32,194323501,
2022,41,187897584,
2022,41,194323507,
2022,41,187897592,
2022,41,187897598,
2022,41,187897599,
2022,41,187897602,
2022,41,194323510,
2022,38,194323513,
2022,41,187897619,
2022,41,194323521,
2022,41,199568944,
2022,41,194323522,
2022,41,194323523,
2022,41,195623437,
2022,41,187897653,
2022,41,187897660,
2022,41,187897666,
2022,41,195343101,
2022,41,195373018,
2022,41,194323539,
2022,41,187897682,
2022,42,194323544,
2022,41,187897694,
2022,41,195623439,
2022,41,194756111,
2022,41,187897705,
2022,41,194756112,
2022,41,187897709,
2022,41,194323548,
2022,41,194323549,
2022,41,187897723,
2022,41,187897725,
2022,41,187897727,
2022,41,196176397,
2022,41,187897739,
2022,41,187911458,
2022,41,187911463,
2022,41,197411927,
2022,41,194756124,
2022,3,195149950,
2022,41,187911478,
2022,41,194756128,
2022,41,187911480,
2022,41,187911482,
2022,41,187911486,
2022,41,187911487,
2022,42,195881281,
2022,41,187911489,
2022,41,187911491,
2022,41,187911497,
2022,41,187911500,
2022,41,187911501,
2022,41,195373021,
2022,41,187911512,
2022,41,187911524,
2022,41,187911525,
2022,41,195623445,
2022,41,187911528,
2022,42,195881286,
2022,41,187911538,
2022,41,187911539,
2022,41,179640658,
2022,41,190416904,
2022,41,190416920,
2022,41,190416921,
2022,41,190416922,
2022,41,190416926,
2022,41,190416928,
2022,41,190416929,
2022,41,190416937,
2022,39,179705339,
2022,41,190416944,
2022,39,182905790,
2022,41,190416955,
2022,41,190416956,
2022,41,190416959,
2022,42,179705360,
2022,42,180033053,
2022,41,179705364,
2022,41,179705371,
2022,41,190416971,
2022,41,190416975,
2022,41,180108657,
2022,38,180108658,
2022,39,181605162,
2022,42,181477528,
2022,41,190416998,
2022,41,190417001,
2022,41,190417002,
2022,41,190417004,
2022,41,181476437,
2022,31,182649900,
2022,41,190417011,
2022,41,190417012,
2022,41,190417018,
2022,42,198429757,
2022,41,190417025,
2022,41,190417026,
2022,41,182649906,
2022,41,183953834,
2022,41,184231859,
2022,41,190417036,
2022,42,182988522,
2022,39,183158837,
2022,41,183209883,
2022,41,183953835,
2022,41,190417050,
2022,41,190417052,
2022,41,183967254,
2022,42,184086551,
2022,41,190417057,
2022,41,194328847,
2022,42,184087434,
2022,42,184172629,
2022,42,184172630,
2022,42,185434117,
2022,41,190417072,
2022,39,185594679,
2022,5,187041238,
2022,41,190417092,
2022,3,187390655,
2022,41,190417094,
2022,41,190417095,
2022,41,190417101,
2022,39,187041241,
2022,41,190417106,
2022,41,187390656,
2022,41,190417111,
2022,42,187352070,
2022,41,190417119,
2022,41,187714941,
2022,41,190417123,
2022,42,190438017,
2022,41,190417124,
2022,41,192326501,
2022,42,188125152,
2022,41,192326505,
2022,41,188760255,
2022,41,192326509,
2022,42,188655317,
2022,41,192326512,
2022,42,188519697,
2022,41,192326514,
2022,42,188655318,
2022,41,192326520,
2022,41,192326522,
2022,41,188890915,
2022,41,192326525,
2022,21,189371753,
2022,41,192326526,
2022,41,192326529,
2022,42,189249768,
2022,41,189990847,
2022,41,192326547,
2022,38,190438018,
2022,41,192326555,
2022,41,195115993,
2022,41,190707511,
2022,41,192326566,
2022,42,190573692,
2022,41,194328850,
2022,41,192326573,
2022,41,191886792,
2022,41,192326582,
2022,41,192326584,
2022,42,194328853,
2022,41,192326589,
2022,41,192326592,
2022,41,192326594,
2022,3,194328856,
2022,41,192279614,
2022,39,194764347,
2022,41,192279620,
2022,21,195366505,
2022,41,192198216,
2022,42,199790889,
2022,41,192198227,
2022,41,192198228,
2022,41,192198229,
2022,41,188034592,
2022,41,192198231,
2022,41,192198232,
2022,41,192198234,
2022,41,192198238,
2022,41,192198242,
2022,41,192198243,
2022,41,192198244,
2022,41,192198245,
2022,38,188034595,
2022,41,192198246,
2022,41,188034605,
2022,41,192198254,
2022,41,192198258,
2022,41,195774269,
2022,41,192198260,
2022,41,188046514,
2022,41,188046516,
2022,41,192198268,
2022,41,188373800,
2022,41,192198277,
2022,41,188373802,
2022,41,188418570,
2022,3,188418575,
2022,41,192198291,
2022,41,188418577,
2022,41,188422490,
2022,41,192198297,
2022,41,192198304,
2022,41,192198308,
2022,38,188514266,
2022,9,188514269,
2022,41,188514271,
2022,41,194756167,
2022,41,188780356,
2022,41,194756172,
2022,41,188780357,
2022,41,188780362,
2022,41,188780363,
2022,41,188780365,
2022,41,188780370,
2022,41,194756185,
2022,31,188780373,
2022,41,194756191,
2022,32,188780375,
2022,32,195774273,
2022,41,194756194,
2022,41,188783553,
2022,41,188783555,
2022,41,194756199,
2022,41,194756200,
2022,38,188791963,
2022,41,194756210,
2022,41,194756215,
2022,41,194756218,
2022,41,194756219,
2022,41,194756222,
2022,41,194756238,
2022,41,194756241,
2022,41,194756243,
2022,41,194756261,
2022,41,194756270,
2022,41,194756271,
2022,41,194756272,
2022,41,194756284,
2022,41,194756286,
2022,41,194756296,
2022,41,194756306,
2022,41,194756310,
2022,41,194756311,
2022,41,194756324,
2022,41,194756333,
2022,41,194756340,
2022,41,194756341,
2022,41,194756355,
2022,41,194756365,
2022,41,194756367,
2022,41,194756376,
2022,41,194756382,
2022,41,194756383,
2022,41,194756386,
2022,41,194756402,
2022,41,194756407,
2022,41,194756411,
2022,41,194763136,
2022,41,194763138,
2022,41,194763139,
2022,41,194763145,
2022,41,194763146,
2022,41,194763148,
2022,41,194763151,
2022,41,194763152,
2022,41,194763156,
2022,41,194763160,
2022,41,194763161,
2022,41,194763168,
2022,41,194763169,
2022,41,194763173,
2022,41,194763179,
2022,39,194763187,
2022,41,194763189,
2022,41,194763190,
2022,41,194763193,
2022,41,194763194,
2022,41,194763195,
2022,41,194763208,
2022,3,194763213,
2022,21,188791964,
2022,41,188795378,
2022,41,194763226,
2022,41,188795389,
2022,41,188795391,
2022,41,194763236,
2022,41,188795393,
2022,41,194763237,
2022,41,194763238,
2022,38,188795394,
2022,41,188809697,
2022,41,194763242,
2022,41,194763246,
2022,41,194763247,
2022,41,188886944,
2022,41,194763251,
2022,41,194763258,
2022,41,188890055,
2022,41,194763259,
2022,41,194763262,
2022,41,194763264,
2022,41,194763265,
2022,41,188890056,
2022,41,189047810,
2022,41,194763269,
2022,41,194763271,
2022,41,194763274,
2022,41,195373135,
2022,41,195373138,
2022,41,195373144,
2022,41,195373148,
2022,42,195373157,
2022,41,195373164,
2022,41,195373170,
2022,41,195373171,
2022,41,195373177,
2022,41,195373178,
2022,41,195373180,
2022,41,195373189,
2022,41,195373190,
2022,41,195373191,
2022,41,195373194,
2022,41,195373196,
2022,41,195373201,
2022,41,195373203,
2022,41,195373206,
2022,41,195373209,
2022,41,195373211,
2022,41,195373214,
2022,41,195373220,
2022,41,195373230,
2022,41,195373236,
2022,41,189047811,
2022,41,189047812,
2022,41,195373243,
2022,41,195373246,
2022,41,195373248,
2022,41,195373249,
2022,41,195373253,
2022,41,195373254,
2022,41,195373256,
2022,41,195373261,
2022,41,195373263,
2022,41,195373270,
2022,41,195373272,
2022,41,195373273,
2022,41,195373277,
2022,41,190403856,
2022,41,195446791,
2022,41,195446794,
2022,41,195446796,
2022,41,195446798,
2022,41,195446799,
2022,41,195446804,
2022,41,195446807,
2022,41,195446809,
2022,41,195446810,
2022,41,195446812,
2022,31,195446815,
2022,41,196938581,
2022,41,196938582,
2022,41,196938584,
2022,41,196938588,
2022,41,196938592,
2022,41,196938593,
2022,41,196938594,
2022,41,196938596,
2022,41,196938602,
2022,41,196938603,
2022,41,196938605,
2022,41,182653285,
2022,41,182653293,
2022,41,182653294,
2022,41,182653297,
2022,41,182653308,
2022,41,182653325,
2022,41,182901629,
2022,9,182857867,
2022,41,183990339,
2022,41,189047824,
2022,38,183990342,
2022,41,184168642,
2022,41,184337432,
2022,41,186333668,
2022,41,186333669,
2022,38,186333672,
2022,41,186621240,
2022,41,187715007,
2022,41,187715011,
2022,41,188027264,
2022,41,188096079,
2022,41,189099280,
2022,41,189425572,
2022,41,189425575,
2022,41,190623401,
2022,41,190623402,
2022,41,190677994,
2022,41,191012769,
2022,41,194333526,
2022,41,192409615,
2022,41,192425839,
2022,41,194333549,
2022,41,189365975,
2022,38,189365978,
2022,41,189380709,
2022,41,182654238,
2022,42,182654240,
2022,41,182654245,
2022,41,182654248,
2022,41,182654251,
2022,41,189380715,
2022,41,189380716,
2022,41,189380717,
2022,41,189380718,
2022,41,189393667,
2022,41,189425510,
2022,21,189425513,
2022,42,182654268,
2022,41,189425514,
2022,41,182654270,
2022,41,189425518,
2022,41,182654271,
2022,41,182654274,
2022,41,189425521,
2022,41,182654278,
2022,41,199533226,
2022,41,189455607,
2022,41,189455608,
2022,41,189455609,
2022,41,189455610,
2022,41,182703680,
2022,41,199533227,
2022,41,182654287,
2022,41,189768441,
2022,41,182654291,
2022,41,189768442,
2022,41,189768444,
2022,41,189823235,
2022,41,189823240,
2022,41,182703684,
2022,41,182654304,
2022,41,182944988,
2022,41,184289262,
2022,41,184289263,
2022,41,184289268,
2022,41,186377475,
2022,3,186377498,
2022,41,186377507,
2022,41,187897745,
2022,3,187897748,
2022,41,187897749,
2022,41,189823243,
2022,41,190701088,
2022,41,190701090,
2022,41,190701095,
2022,38,190701096,
2022,41,199533228,
2022,41,187897819,
2022,41,187897823,
2022,41,187897826,
2022,41,190705855,
2022,41,190719973,
2022,31,190732866,
2022,41,189313727,
2022,41,190736838,
2022,41,190767894,
2022,41,189313739,
2022,41,190767896,
2022,41,189313745,
2022,41,189313751,
2022,41,190767899,
2022,41,189313752,
2022,41,190691749,
2022,41,190691751,
2022,41,190691754,
2022,41,190691782,
2022,21,194334098,
2022,3,194334103,
2022,41,194334131,
2022,41,194334143,
2022,37,190767899,
2022,41,190767903,
2022,3,190767904,
2022,41,195878830,
2022,41,195878837,
2022,41,195878839,
2022,41,195878842,
2022,41,195878849,
2022,41,195878861,
2022,41,195878864,
2022,41,180180399,
2022,41,180180402,
2022,41,180180404,
2022,41,180180409,
2022,41,180180410,
2022,41,195811184,
2022,41,180180419,
2022,41,180180422,
2022,41,180180437,
2022,41,181604389,
2022,41,181604391,
2022,41,182654867,
2022,41,190767909,
2022,41,182654870,
2022,41,190767918,
2022,41,182654877,
2022,41,182654879,
2022,41,182654882,
2022,41,183210118,
2022,41,183210121,
2022,41,183210122,
2022,41,183210127,
2022,41,183210133,
2022,41,184289297,
2022,41,184289299,
2022,41,184289301,
2022,41,186678920,
2022,41,186207358,
2022,41,186207360,
2022,41,186207367,
2022,41,186207371,
2022,41,186207374,
2022,41,187860160,
2022,41,187860161,
2022,41,187860163,
2022,41,187860164,
2022,41,187860167,
2022,42,187860168,
2022,41,187860176,
2022,41,189249771,
2022,41,190768621,
2022,41,189249779,
2022,41,189249784,
2022,41,190674427,
2022,3,190674428,
2022,42,190701418,
2022,41,190701419,
2022,41,190674431,
2022,41,190674433,
2022,42,190674434,
2022,42,190701420,
2022,41,190674437,
2022,42,190701421,
2022,41,192493473,
2022,41,192493474,
2022,41,192493475,
2022,41,192493476,
2022,41,192493480,
2022,41,192493484,
2022,41,192493489,
2022,41,194334723,
2022,41,194334739,
2022,41,195366515,
2022,41,190768622,
2022,41,195366520,
2022,41,190768626,
2022,41,195366526,
2022,41,184228310,
2022,21,184228313,
2022,41,184228323,
2022,41,184228336,
2022,42,184228344,
2022,41,184228352,
2022,41,184228354,
2022,41,184228361,
2022,41,184228362,
2022,41,184228364,
2022,41,186684754,
2022,41,186684762,
2022,41,186684763,
2022,41,186684765,
2022,41,184285109,
2022,41,184285110,
2022,41,184285112,
2022,41,184285113,
2022,41,184285114,
2022,41,184285116,
2022,41,186309712,
2022,21,186309713,
2022,42,186309718,
2022,41,186309724,
2022,41,186309727,
2022,41,186309730,
2022,41,186309733,
2022,41,186309737,
2022,21,186309743,
2022,41,186309753,
2022,41,186309756,
2022,41,186309759,
2022,41,186309760,
2022,41,186309768,
2022,41,187355661,
2022,3,187645076,
2022,41,187734620,
2022,41,187778583,
2022,41,190863875,
2022,41,187778594,
2022,41,191265380,
2022,41,187778599,
2022,41,191265386,
2022,41,188827010,
2022,41,191351754,
2022,41,188827015,
2022,41,191351755,
2022,41,191805146,
2022,41,191805149,
2022,41,192434134,
2022,41,192434137,
2022,41,195811189,
2022,41,189047857,
2022,1,200531110,
2022,41,200531110,
2022,38,194334158,
2022,41,194334159,
2022,41,194334165,
2022,37,194334165,
2022,38,194334166,
2022,41,194334172,
2022,38,194334173,
2022,41,194334175,
2022,41,194334178,
2022,41,194334194,
2022,41,194334202,
2022,31,194334204,
2022,41,194334207,
2022,41,195823090,
2022,37,195823092,
2022,41,195823093,
2022,41,195859816,
2022,41,189047859,
2022,42,189047868,
2022,41,189277122,
2022,41,195859819,
2022,41,195859825,
2022,41,195873006,
2022,41,195873010,
2022,41,195873011,
2022,41,195873012,
2022,41,195873015,
2022,41,196152666,
2022,41,189277125,
2022,41,189277126,
2022,41,189277127,
2022,41,189459551,
2022,41,189459553,
2022,41,190600526,
2022,41,190600529,
2022,41,190600542,
2022,41,190863989,
2022,41,190863992,
2022,41,190863999,
2022,41,190864001,
2022,41,190864018,
2022,41,192195865,
2022,41,192195891,
2022,41,192279624,
2022,41,192195896,
2022,41,192279625,
2022,41,192195897,
2022,1,192195898,
2022,39,192279626,
2022,41,196152671,
2022,41,196152681,
2022,41,196152702,
2022,41,192195916,
2022,41,196152708,
2022,41,192326600,
2022,21,196152712,
2022,41,196152712,
2022,41,196152716,
2022,41,194337155,
2022,41,196152731,
2022,41,194337161,
2022,37,196152731,
2022,41,196152741,
2022,31,196152744,
2022,41,196152749,
2022,41,196152765,
2022,41,199476856,
2022,41,194337180,
2022,41,194337183,
2022,41,199476857,
2022,41,199476859,
2022,21,200822354,
2022,41,194337198,
2022,3,194337204,
2022,41,195964434,
2022,41,195964435,
2022,41,195964448,
2022,41,195964451,
2022,41,195964452,
2022,41,195964454,
2022,41,195964455,
2022,41,195964460,
2022,41,201001989,
2022,41,198422298,
2022,41,177400245,
2022,41,178797728,
2022,41,181577072,
2022,41,183153306,
2022,41,183153307,
2022,41,183153315,
2022,41,184243880,
2022,41,184243881,
2022,42,184243883,
2022,41,184243891,
2022,41,194337348,
2022,9,185487666,
2022,41,186678930,
2022,41,200822354,
2022,31,177255351,
2022,41,188800474,
2022,41,188977887,
2022,41,190122485,
2022,42,178659927,
2022,5,191824393,
2022,42,179095743,
2022,3,182655007,
2022,41,194337369,
2022,41,179590034,
2022,41,179625735,
2022,41,180253559,
2022,41,195964489,
2022,3,180430682,
2022,41,196144103,
2022,41,196144105,
2022,41,191265438,
2022,3,191265439,
2022,41,191265445,
2022,41,191265448,
2022,41,191265457,
2022,41,191265458,
2022,41,190248104,
2022,31,190248107,
2022,41,190248110,
2022,41,190248111,
2022,21,190248113,
2022,38,198378219,
2022,41,190248119,
2022,41,190248120,
2022,41,198378229,
2022,41,198378232,
2022,41,190248156,
2022,41,190732986,
2022,41,190245225,
2022,41,190732989,
2022,41,195881329,
2022,31,180430685,
2022,41,182648798,
2022,41,182648800,
2022,41,182648802,
2022,41,182648803,
2022,42,182648807,
2022,41,182648809,
2022,41,182648810,
2022,41,182648827,
2022,41,182648828,
2022,41,182648832,
2022,41,182648837,
2022,41,182648839,
2022,41,182648840,
2022,41,182648842,
2022,21,182648845,
2022,41,182648847,
2022,38,182648848,
2022,41,182648850,
2022,41,182648852,
2022,41,182648853,
2022,41,182648854,
2022,41,182648855,
2022,41,182648865,
2022,41,182648868,
2022,41,182648872,
2022,41,182648880,
2022,41,182648883,
2022,42,182648888,
2022,41,182648889,
2022,41,182648890,
2022,41,182648891,
2022,41,182648901,
2022,42,182648909,
2022,41,180430695,
2022,41,182655011,
2022,41,182648913,
2022,41,182648914,
2022,9,182648918,
2022,37,182648923,
2022,41,184243892,
2022,41,184243895,
2022,41,184243897,
2022,41,184243899,
2022,41,184243902,
2022,41,184243903,
2022,41,182945080,
2022,41,184243905,
2022,41,184243908,
2022,38,183664554,
2022,21,185487669,
2022,41,184243915,
2022,41,184243919,
2022,41,184243920,
2022,41,184243921,
2022,41,184243922,
2022,41,184243923,
2022,41,184243924,
2022,41,184243925,
2022,41,184243930,
2022,32,184243934,
2022,41,183664556,
2022,41,184087638,
2022,41,185783743,
2022,41,184832305,
2022,41,185783748,
2022,9,185783761,
2022,41,185783763,
2022,41,186678757,
2022,41,185783770,
2022,41,185783772,
2022,41,185783775,
2022,41,185783776,
2022,41,185783779,
2022,41,186066997,
2022,41,186698557,
2022,41,185783793,
2022,41,185783795,
2022,41,185783804,
2022,41,186698559,
2022,41,185783806,
2022,41,187355597,
2022,38,186684769,
2022,41,187800864,
2022,41,187800873,
2022,41,187355599,
2022,41,187355600,
2022,41,195149953,
2022,41,195149954,
2022,41,187800882,
2022,41,195148393,
2022,41,187714943,
2022,41,187800894,
2022,41,187800896,
2022,41,187800898,
2022,41,187800902,
2022,41,188977860,
2022,41,187800905,
2022,41,187800919,
2022,21,187800921,
2022,41,187800937,
2022,41,187800946,
2022,41,187800951,
2022,41,187980560,
2022,41,187800964,
2022,41,189185382,
2022,41,189313529,
2022,41,189313530,
2022,41,190449464,
2022,41,189277131,
2022,41,189277135,
2022,41,190533309,
2022,21,189277152,
2022,41,190561552,
2022,41,189277159,
2022,41,189277160,
2022,41,189277161,
2022,41,190533316,
2022,41,189277162,
2022,41,190561558,
2022,41,194335750,
2022,21,194335754,
2022,41,194335759,
2022,41,194335764,
2022,41,194335768,
2022,41,194335769,
2022,41,194335774,
2022,3,194335776,
2022,41,194335777,
2022,41,194335786,
2022,41,195370650,
2022,41,195333715,
2022,41,195522483,
2022,41,182654850,
2022,42,182654857,
2022,42,182654858,
2022,41,182654859,
2022,41,185672867,
2022,41,189277171,
2022,41,190717181,
2022,41,190717182,
2022,21,198331567,
2022,41,198331567,
2022,37,198331567,
2022,41,191831241,
2022,42,191880262,
2022,41,195623452,
2022,38,194334710,
2022,38,194334715,
2022,41,194334717,
2022,41,194334718,
2022,41,195623455,
2022,41,182643206,
2022,1,185839023,
2022,41,189277180,
2022,1,185839024,
2022,21,190578241,
2022,41,189277197,
2022,41,189277206,
2022,32,187505121,
2022,41,189277214,
2022,21,189277215,
2022,41,189277216,
2022,41,189277224,
2022,41,189277233,
2022,41,190701429,
2022,41,190701449,
2022,41,190701456,
2022,41,190701461,
2022,41,190701462,
2022,21,190701491,
2022,41,187505136,
2022,41,189423289,
2022,41,190701505,
2022,41,187505145,
2022,41,187505147,
2022,41,190701509,
2022,41,189423291,
2022,41,190701511,
2022,41,192776405,
2022,41,189423292,
2022,41,189001649,
2022,41,192776423,
2022,42,192776458,
2022,42,192776493,
2022,41,192776503,
2022,21,192776517,
2022,41,194326889,
2022,42,192776526,
2022,41,192776528,
2022,41,192776564,
2022,41,192776569,
2022,41,192776572,
2022,41,192776591,
2022,41,192776598,
2022,41,192776599,
2022,41,192776612,
2022,41,194326893,
2022,41,194326899,
2022,41,194326932,
2022,41,194317321,
2022,41,194326937,
2022,41,194326953,
2022,41,194326955,
2022,42,194326958,
2022,41,194326963,
2022,41,195446822,
2022,41,194317327,
2022,41,195446834,
2022,38,194317330,
2022,41,195369084,
2022,41,195446840,
2022,41,195369088,
2022,32,195369100,
2022,41,195446853,
2022,41,195446860,
2022,41,195446862,
2022,41,195369104,
2022,41,195446864,
2022,41,176608009,
2022,41,195446871,
2022,41,182982142,
2022,41,185631202,
2022,41,178198298,
2022,41,192279628,
2022,41,178198304,
2022,41,178371772,
2022,41,178957136,
2022,41,185666749,
2022,41,198453177,
2022,41,185672933,
2022,41,178957139,
2022,41,185126240,
2022,41,185672939,
2022,41,185672943,
2022,41,185631205,
2022,41,185666750,
2022,41,182982149,
2022,41,182982150,
2022,38,182982152,
2022,41,185728537,
2022,21,186207379,
2022,41,185728538,
2022,41,192409623,
2022,41,185728540,
2022,41,185728541,
2022,41,181489348,
2022,41,186207384,
2022,36,185672950,
2022,41,185126264,
2022,21,198453184,
2022,41,185672952,
2022,41,192326622,
2022,21,198453188,
2022,41,187217187,
2022,41,187217188,
2022,41,188743086,
2022,41,187217189,
2022,41,186207388,
2022,38,187220718,
2022,41,185728471,
2022,41,186139785,
2022,41,186207389,
2022,41,192409659,
2022,1,187623525,
2022,41,198453191,
2022,41,187352144,
2022,32,202829425,
2022,41,199306838,
2022,41,199175363,
2022,41,187352145,
2022,41,187433848,
2022,5,198453194,
2022,21,198453194,
2022,41,187982908,
2022,38,187982909,
2022,41,187982910,
2022,41,187982911,
2022,41,188034665,
2022,41,188034669,
2022,21,188034670,
2022,41,198453198,
2022,38,188514315,
2022,41,198453201,
2022,41,198453202,
2022,41,192597438,
2022,41,187336538,
2022,41,192597440,
2022,38,188743091,
2022,41,187336539,
2022,41,188514318,
2022,41,188514320,
2022,41,194327718,
2022,41,198453203,
2022,41,188743093,
2022,41,187336540,
2022,41,188743095,
2022,41,194327719,
2022,41,194327720,
2022,41,189266263,
2022,41,188046545,
2022,41,188046546,
2022,41,188743102,
2022,41,188743104,
2022,41,188046547,
2022,42,189266278,
2022,41,188749582,
2022,41,197020104,
2022,3,194327724,
2022,41,190623321,
2022,41,189459447,
2022,42,192150120,
2022,41,192150122,
2022,41,194318777,
2022,42,196945472,
2022,41,195623457,
2022,41,195623458,
2022,41,184126647,
2022,3,189047880,
2022,41,188906601,
2022,41,188743105,
2022,41,198453204,
2022,41,188749583,
2022,41,188749584,
2022,41,188749585,
2022,41,194327727,
2022,41,188906603,
2022,41,188749586,
2022,31,188906606,
2022,38,198453208,
2022,41,189459556,
2022,41,184126648,
2022,41,184126649,
2022,41,194319406,
2022,41,195623463,
2022,41,182644363,
2022,41,189047884,
2022,38,188906608,
2022,41,194327741,
2022,41,198453209,
2022,3,190765254,
2022,41,188046548,
2022,41,195114657,
2022,41,176282772,
2022,41,178234874,
2022,41,189054568,
2022,41,198983434,
2022,41,190122492,
2022,41,190122493,
2022,41,178371774,
2022,41,178371775,
2022,41,178876273,
2022,41,178957144,
2022,41,180883218,
2022,42,181451722,
2022,41,181652976,
2022,41,189047885,
2022,41,182644373,
2022,21,182644374,
2022,41,182644381,
2022,41,189054569,
2022,41,189234340,
2022,41,182703173,
2022,42,182904555,
2022,41,198453213,
2022,41,183209582,
2022,41,198983436,
2022,21,183209583,
2022,41,195114658,
2022,41,189111622,
2022,41,183892737,
2022,41,189111623,
2022,41,189111624,
2022,41,183895101,
2022,41,184075490,
2022,41,189823342,
2022,41,189234341,
2022,41,189425576,
2022,38,184624933,
2022,41,189429078,
2022,41,189425578,
2022,38,199175364,
2022,41,189425579,
2022,31,189425580,
2022,41,190122494,
2022,41,189111625,
2022,41,184624935,
2022,41,185205231,
2022,41,189823344,
2022,41,189425583,
2022,41,197020105,
2022,41,185205233,
2022,41,185205234,
2022,41,185551285,
2022,41,185631033,
2022,31,187359248,
2022,41,187355603,
2022,42,187355606,
2022,42,187633903,
2022,41,190561580,
2022,21,190122499,
2022,41,188418592,
2022,41,194327797,
2022,41,194327800,
2022,41,198983437,
2022,9,194327802,
2022,41,188418593,
2022,3,194327803,
2022,41,188800452,
2022,41,194327808,
2022,42,189060359,
2022,41,190561582,
2022,38,194327817,
2022,21,194327818,
2022,21,190674443,
2022,41,190561583,
2022,41,194327825,
2022,41,199174858,
2022,41,194327828,
2022,41,194327829,
2022,41,194327830,
2022,41,199174861,
2022,21,194327840,
2022,31,194327843,
2022,41,194327844,
2022,41,189431073,
2022,41,190561584,
2022,3,190561585,
2022,41,190863878,
2022,41,197020106,
2022,31,197020107,
2022,41,194327852,
2022,42,191824188,
2022,41,194327859,
2022,41,194327863,
2022,41,192554259,
2022,41,194327872,
2022,41,194327873,
2022,31,199174863,
2022,41,194319749,
2022,41,194327876,
2022,41,194319751,
2022,21,197020108,
2022,41,197020108,
2022,41,194327877,
2022,41,194319754,
2022,38,195174066,
2022,32,194327888,
2022,41,194756433,
2022,41,195343117,
2022,38,194756434,
2022,41,178210771,
2022,41,194327898,
2022,41,199174866,
2022,21,195764275,
2022,41,195764275,
2022,41,194327901,
2022,38,194327901,
2022,32,194756445,
2022,38,194756445,
2022,21,194756446,
2022,41,194756447,
2022,41,199174867,
2022,41,197020109,
2022,41,194327905,
2022,31,194327909,
2022,41,194327909,
2022,41,199174870,
2022,41,178210787,
2022,41,195218537,
2022,41,197020111,
2022,41,195764276,
2022,41,195218540,
2022,41,178210801,
2022,41,195764277,
2022,41,195623638,
2022,41,178371776,
2022,21,195764283,
2022,31,195764283,
2022,41,195764283,
2022,41,195218541,
2022,41,195623643,
2022,41,178371783,
2022,41,178371785,
2022,41,195623650,
2022,21,179019322,
2022,41,196983549,
2022,3,199174875,
2022,21,195764289,
2022,41,195764289,
2022,3,195764291,
2022,41,195764291,
2022,3,195764292,
2022,41,179185871,
2022,41,179374425,
2022,41,195764299,
2022,1,196983551,
2022,41,195764304,
2022,21,195452587,
2022,41,196688199,
2022,38,196688199,
2022,3,199175365,
2022,41,196688261,
2022,41,197137880,
2022,41,197015454,
2022,41,197020113,
2022,41,197015458,
2022,41,197015459,
2022,41,197020120,
2022,41,197020122,
2022,41,197020125,
2022,41,197020129,
2022,21,197020132,
2022,21,197020133,
2022,42,177063350,
2022,39,179544054,
2022,41,177182901,
2022,41,177182902,
2022,41,177182903,
2022,41,179993669,
2022,41,177182907,
2022,39,177182908,
2022,41,178780486,
2022,41,178780488,
2022,41,178780489,
2022,41,178780493,
2022,41,178780494,
2022,41,179494377,
2022,21,179993672,
2022,41,179500786,
2022,41,179500788,
2022,41,179544117,
2022,41,179641123,
2022,41,181277058,
2022,41,181277063,
2022,38,181277065,
2022,41,181277067,
2022,41,181277070,
2022,38,181277071,
2022,38,181277074,
2022,41,181277077,
2022,41,181277087,
2022,37,181277087,
2022,41,181277093,
2022,41,181277094,
2022,42,181277095,
2022,41,181277108,
2022,38,181277109,
2022,41,181277110,
2022,31,184128346,
2022,41,184128346,
2022,41,180128211,
2022,41,180128212,
2022,38,181293434,
2022,41,181293437,
2022,41,181442290,
2022,41,190041150,
2022,38,190041155,
2022,41,190041156,
2022,41,190041157,
2022,41,190041163,
2022,41,190041164,
2022,41,190041167,
2022,41,190041168,
2022,41,190041169,
2022,41,190041170,
2022,41,190041171,
2022,41,190041173,
2022,41,190041176,
2022,41,190043878,
2022,41,184243804,
2022,41,182645427,
2022,41,182645430,
2022,41,183710212,
2022,42,184128366,
2022,41,184128369,
2022,41,184128370,
2022,41,184243806,
2022,41,184243808,
2022,41,184243816,
2022,32,184243819,
2022,42,184243825,
2022,41,184243827,
2022,41,184243828,
2022,38,184243833,
2022,41,184243834,
2022,21,184339643,
2022,38,184251766,
2022,41,184251769,
2022,41,184339644,
2022,37,184339644,
2022,41,184251782,
2022,41,184251783,
2022,41,184251786,
2022,31,184296473,
2022,41,190043881,
2022,32,184296492,
2022,41,190043882,
2022,41,190043884,
2022,38,190043890,
2022,41,190043892,
2022,38,190043893,
2022,21,184296494,
2022,21,184296496,
2022,41,184296497,
2022,41,184296499,
2022,41,190043897,
2022,41,184296501,
2022,41,190043898,
2022,41,184296509,
2022,41,190043903,
2022,38,184339657,
2022,41,190118544,
2022,41,190118546,
2022,41,190118547,
2022,3,184339658,
2022,41,184339660,
2022,41,184369281,
2022,41,190118552,
2022,41,190118555,
2022,41,190118561,
2022,41,190118563,
2022,41,190118565,
2022,41,184369282,
2022,41,190118568,
2022,3,184369283,
2022,41,184369285,
2022,41,184369286,
2022,41,184369288,
2022,41,190118576,
2022,41,184369290,
2022,41,190118577,
2022,41,184369293,
2022,36,190118580,
2022,41,184369295,
2022,41,190118582,
2022,41,184369296,
2022,41,184600330,
2022,41,184600343,
2022,41,190179498,
2022,42,190179499,
2022,41,190179500,
2022,41,184600589,
2022,41,184600591,
2022,41,184600593,
2022,41,190179501,
2022,41,184600595,
2022,41,184600597,
2022,41,190179502,
2022,41,190179503,
2022,38,184600598,
2022,41,190179504,
2022,41,184600600,
2022,41,184600602,
2022,41,184600603,
2022,41,184600605,
2022,41,190179505,
2022,41,187309233,
2022,41,187309234,
2022,38,187645078,
2022,41,187309238,
2022,38,187309240,
2022,41,187309244,
2022,41,190179506,
2022,41,190179507,
2022,41,187309246,
2022,41,190179508,
2022,41,196480723,
2022,41,190179509,
2022,21,196480724,
2022,41,190179511,
2022,41,190179512,
2022,38,187309252,
2022,41,187309256,
2022,41,190179515,
2022,41,190179516,
2022,41,187309260,
2022,41,188009987,
2022,41,187310115,
2022,41,187310118,
2022,41,190179523,
2022,41,187310119,
2022,21,187310120,
2022,38,187310124,
2022,41,190179531,
2022,41,187310125,
2022,41,187310128,
2022,41,187310132,
2022,41,190179538,
2022,41,187310133,
2022,41,187310367,
2022,21,190179545,
2022,41,190230304,
2022,41,187310369,
2022,41,190179546,
2022,41,190179547,
2022,41,187310373,
2022,41,190179550,
2022,41,187310374,
2022,41,187310377,
2022,38,190182818,
2022,41,190230310,
2022,41,190230312,
2022,41,190449502,
2022,41,190446533,
2022,41,190417129,
2022,41,199568880,
2022,42,190771425,
2022,1,194331504,
2022,21,194331505,
2022,41,194331507,
2022,41,190235674,
2022,38,190235675,
2022,41,190235676,
2022,41,190279737,
2022,41,190279739,
2022,41,190279753,
2022,41,183739675,
2022,3,190279759,
2022,41,190279760,
2022,41,190577114,
2022,41,187631186,
2022,41,187631187,
2022,41,188373839,
2022,41,190122546,
2022,41,190182837,
2022,41,190182843,
2022,41,190230324,
2022,21,190233295,
2022,41,199476934,
2022,41,190245227,
2022,41,190245229,
2022,41,190278722,
2022,41,190279788,
2022,41,190577732,
2022,38,190577732,
2022,41,190577734,
2022,37,190577740,
2022,41,190578254,
2022,38,190580344,
2022,41,190279790,
2022,41,190279799,
2022,41,197882255,
2022,41,182655587,
2022,41,184285124,
2022,41,184285125,
2022,41,194338309,
2022,9,194338313,
2022,41,194338319,
2022,41,181317776,
2022,41,181317777,
2022,41,181419640,
2022,41,190580348,
2022,41,190580351,
2022,41,182655643,
2022,41,190580352,
2022,41,190580358,
2022,41,182655648,
2022,37,190580358,
2022,41,190773080,
2022,41,183044761,
2022,41,190773081,
2022,41,183044764,
2022,41,190773082,
2022,41,190773083,
2022,41,183044767,
2022,41,190773085,
2022,31,186856053,
2022,3,186856061,
2022,41,186856064,
2022,41,186856066,
2022,41,186856075,
2022,41,188647614,
2022,41,188647615,
2022,41,188647621,
2022,41,188647622,
2022,42,188647626,
2022,41,188647627,
2022,41,188647637,
2022,42,189455935,
2022,21,189455983,
2022,41,189456004,
2022,41,189456011,
2022,41,190959235,
2022,21,190959237,
2022,41,190959243,
2022,41,190959245,
2022,41,190959248,
2022,3,190959249,
2022,41,190959251,
2022,41,190773089,
2022,41,194338435,
2022,41,194338437,
2022,41,190773092,
2022,41,191014820,
2022,41,191014822,
2022,41,191014826,
2022,41,194338454,
2022,41,191014827,
2022,41,196480727,
2022,21,194338456,
2022,41,191014829,
2022,41,191014830,
2022,41,194338461,
2022,41,191014833,
2022,41,194338462,
2022,41,191014835,
2022,41,191053797,
2022,41,194338468,
2022,41,191053798,
2022,41,196480728,
2022,41,196722098,
2022,41,196722099,
2022,31,196722100,
2022,9,196722101,
2022,41,191870997,
2022,37,191871003,
2022,41,191871008,
2022,3,183953879,
2022,41,191871011,
2022,41,183953882,
2022,41,191871013,
2022,41,183953885,
2022,41,191871014,
2022,41,183953887,
2022,41,191871017,
2022,41,183953890,
2022,41,191871019,
2022,41,191871021,
2022,41,183953896,
2022,41,191871022,
2022,41,192077894,
2022,41,183953900,
2022,41,192077895,
2022,41,196480729,
2022,38,192077896,
2022,41,183953905,
2022,41,192077898,
2022,41,183953906,
2022,41,192335725,
2022,3,183988356,
2022,38,192335733,
2022,41,183920706,
2022,38,192335736,
2022,41,194321572,
2022,41,183898014,
2022,41,183898016,
2022,41,183898017,
2022,21,199754653,
2022,41,183898019,
2022,41,183898027,
2022,41,183898029,
2022,41,183892780,
2022,41,183892781,
2022,41,183892783,
2022,41,183892784,
2022,41,183892790,
2022,41,183892791,
2022,41,183892793,
2022,41,183892794,
2022,41,183892798,
2022,41,183892801,
2022,1,183892804,
2022,41,183892806,
2022,21,183988357,
2022,41,183892809,
2022,41,182643905,
2022,41,182643909,
2022,41,182643910,
2022,41,182643911,
2022,41,182643917,
2022,41,182643920,
2022,41,182643921,
2022,41,182643923,
2022,41,190233296,
2022,41,182643925,
2022,41,182643927,
2022,41,184243943,
2022,41,184243944,
2022,41,184243948,
2022,3,184243950,
2022,41,184243953,
2022,41,184243958,
2022,41,184243959,
2022,41,184243963,
2022,3,184243964,
2022,41,184243965,
2022,41,184243966,
2022,38,184243967,
2022,41,184243968,
2022,41,184243974,
2022,41,184243978,
2022,41,184243979,
2022,41,184243980,
2022,41,184243982,
2022,41,184243984,
2022,41,184243986,
2022,41,184243992,
2022,41,184243993,
2022,41,184241282,
2022,41,184241294,
2022,41,184241297,
2022,41,184241301,
2022,41,184241304,
2022,41,184241305,
2022,41,184241306,
2022,41,194321578,
2022,39,184241307,
2022,41,184241308,
2022,41,184241309,
2022,21,194321579,
2022,41,194321579,
2022,41,194321580,
2022,38,194321589,
2022,41,184168647,
2022,3,184168648,
2022,41,184168651,
2022,41,184168652,
2022,41,194321592,
2022,41,184168655,
2022,41,194321605,
2022,41,184168658,
2022,41,184168659,
2022,38,184168660,
2022,41,184168662,
2022,41,184147928,
2022,41,184147929,
2022,41,194321609,
2022,41,184147931,
2022,41,184147932,
2022,41,184147933,
2022,41,184147934,
2022,21,194321610,
2022,38,194321612,
2022,41,184147938,
2022,41,194321615,
2022,41,194321618,
2022,41,184147942,
2022,41,184147944,
2022,41,194321620,
2022,41,194321621,
2022,32,194321634,
2022,41,185429689,
2022,41,185429690,
2022,41,185429691,
2022,41,185429692,
2022,41,185429694,
2022,41,185429695,
2022,41,185429697,
2022,41,185429699,
2022,41,185429701,
2022,41,185429703,
2022,41,185429704,
2022,41,185429705,
2022,41,185429706,
2022,41,185429715,
2022,41,185429716,
2022,41,185429717,
2022,41,186693332,
2022,41,185429720,
2022,41,185429725,
2022,41,185429731,
2022,41,185429733,
2022,41,185429735,
2022,41,185429738,
2022,41,185372162,
2022,41,185372164,
2022,41,185372166,
2022,41,185372168,
2022,41,185372171,
2022,41,185372172,
2022,41,185372177,
2022,41,185372182,
2022,41,184941865,
2022,21,184941883,
2022,41,184941891,
2022,41,184941902,
2022,41,184941908,
2022,41,184941911,
2022,41,184941915,
2022,41,184941916,
2022,41,184941919,
2022,41,184941930,
2022,41,184941933,
2022,41,184941935,
2022,41,184941939,
2022,41,184941966,
2022,41,184941968,
2022,41,184941971,
2022,41,184810696,
2022,41,184810697,
2022,41,194321634,
2022,41,195114669,
2022,41,184810704,
2022,41,184810708,
2022,41,184810722,
2022,41,184810724,
2022,41,184810725,
2022,41,184810731,
2022,41,184810734,
2022,41,196182280,
2022,41,184810738,
2022,41,196182281,
2022,41,184810739,
2022,37,196182281,
2022,41,196182287,
2022,41,187012738,
2022,41,187012741,
2022,41,187012743,
2022,41,187012744,
2022,41,187012745,
2022,41,196182288,
2022,41,187012746,
2022,41,196182289,
2022,41,187012747,
2022,41,196182293,
2022,41,187012748,
2022,41,187012750,
2022,41,187012752,
2022,41,196459865,
2022,41,187012754,
2022,41,187012755,
2022,41,196459868,
2022,41,187012757,
2022,41,186879998,
2022,41,186880005,
2022,41,186880006,
2022,41,186880017,
2022,41,186880022,
2022,41,186880027,
2022,41,186880032,
2022,41,186880036,
2022,41,186880037,
2022,41,186880042,
2022,41,186880045,
2022,41,186880049,
2022,41,186880053,
2022,41,186880054,
2022,3,186880058,
2022,41,186856140,
2022,41,186856147,
2022,41,186856148,
2022,41,186856164,
2022,41,186856170,
2022,41,186856188,
2022,41,186856197,
2022,41,186684770,
2022,38,186684771,
2022,41,186684774,
2022,41,186684775,
2022,41,186684777,
2022,41,186684778,
2022,41,186684779,
2022,41,186684780,
2022,41,186684782,
2022,41,186684785,
2022,41,186684786,
2022,41,186684792,
2022,41,186684795,
2022,41,186684796,
2022,41,186684798,
2022,41,186684799,
2022,41,186684801,
2022,41,186684802,
2022,41,186684806,
2022,41,186684809,
2022,41,186684810,
2022,41,186684813,
2022,41,186621245,
2022,41,186621248,
2022,41,186621250,
2022,41,186621251,
2022,41,186621253,
2022,41,186621258,
2022,41,186621260,
2022,41,186621265,
2022,41,186621266,
2022,41,186621270,
2022,41,186621276,
2022,41,186621277,
2022,41,186621278,
2022,41,186621298,
2022,41,186621300,
2022,41,186621301,
2022,41,186621315,
2022,41,188006970,
2022,41,188006971,
2022,41,188006973,
2022,41,188006976,
2022,41,188006977,
2022,41,188006978,
2022,41,188006979,
2022,41,188006981,
2022,41,188006983,
2022,41,188006984,
2022,41,188006985,
2022,38,196459870,
2022,41,188006988,
2022,41,196459871,
2022,41,196459873,
2022,41,188006993,
2022,41,196465923,
2022,41,188006995,
2022,41,188006997,
2022,41,188006999,
2022,41,188007000,
2022,41,188007001,
2022,41,188007002,
2022,41,188007003,
2022,41,188007004,
2022,31,196465931,
2022,41,188007010,
2022,41,188007011,
2022,41,196465935,
2022,38,188007015,
2022,38,196465942,
2022,41,188007018,
2022,1,196465959,
2022,41,187982913,
2022,41,187982914,
2022,41,187982915,
2022,41,187982917,
2022,41,187982920,
2022,41,196480731,
2022,41,196480738,
2022,41,187982924,
2022,41,187982926,
2022,21,187982927,
2022,41,187982929,
2022,21,196480740,
2022,41,187982931,
2022,41,182644591,
2022,41,187982933,
2022,41,187982934,
2022,41,187982935,
2022,41,187982936,
2022,41,187982938,
2022,41,187982943,
2022,41,187982946,
2022,3,187982947,
2022,41,187982948,
2022,41,187982949,
2022,41,187982950,
2022,41,187982956,
2022,41,187982957,
2022,41,187982963,
2022,41,187982967,
2022,41,187982969,
2022,41,187982972,
2022,41,187982974,
2022,41,187982975,
2022,41,187982978,
2022,41,187982981,
2022,41,187982984,
2022,41,187980564,
2022,41,187980568,
2022,41,187980569,
2022,41,187980571,
2022,41,187980572,
2022,41,187980578,
2022,41,187980581,
2022,42,187980583,
2022,41,187980586,
2022,41,187980587,
2022,41,187980588,
2022,41,187980589,
2022,41,187980591,
2022,41,187980592,
2022,41,187980593,
2022,41,187980594,
2022,41,187980596,
2022,41,187980597,
2022,41,187980599,
2022,41,187980601,
2022,41,187980603,
2022,21,187980605,
2022,41,187980606,
2022,41,187980607,
2022,41,189380732,
2022,41,189380734,
2022,41,189380735,
2022,41,189380736,
2022,21,189380738,
2022,41,189380739,
2022,41,189380744,
2022,41,189380746,
2022,41,189380748,
2022,41,189380751,
2022,41,189380752,
2022,41,189380764,
2022,41,189380770,
2022,41,189380772,
2022,41,189380773,
2022,41,189380776,
2022,41,189380777,
2022,41,189380779,
2022,41,189380782,
2022,41,189380785,
2022,41,189380789,
2022,41,189380792,
2022,41,189380796,
2022,41,189380797,
2022,42,182644759,
2022,41,189380805,
2022,41,189380808,
2022,41,189380810,
2022,41,189380816,
2022,41,189380817,
2022,41,189380819,
2022,41,189380820,
2022,41,189380822,
2022,41,189380824,
2022,41,189380826,
2022,41,189380827,
2022,41,189380828,
2022,41,189380830,
2022,41,189380836,
2022,41,189380837,
2022,41,189380842,
2022,41,189380843,
2022,41,189380846,
2022,42,182644760,
2022,41,189380850,
2022,42,182644770,
2022,41,189380851,
2022,41,189380854,
2022,41,189380860,
2022,41,189380861,
2022,42,182644773,
2022,41,189380862,
2022,41,189380863,
2022,41,182644788,
2022,41,189380868,
2022,41,189380869,
2022,41,189380873,
2022,41,189380879,
2022,42,182644797,
2022,41,189380880,
2022,41,189380881,
2022,41,189380883,
2022,41,189380885,
2022,41,189380886,
2022,41,189380889,
2022,41,183666941,
2022,41,189380896,
2022,41,189380900,
2022,41,184822076,
2022,41,189380904,
2022,41,189380907,
2022,41,189380912,
2022,41,189380913,
2022,41,189380914,
2022,41,189380918,
2022,41,184832316,
2022,41,189380922,
2022,41,186040837,
2022,41,189380928,
2022,41,189380930,
2022,3,186040841,
2022,41,189380932,
2022,41,188006900,
2022,41,189380935,
2022,41,189380940,
2022,41,189380945,
2022,41,189380946,
2022,41,190623403,
2022,41,190623405,
2022,41,190623406,
2022,41,190623410,
2022,41,190623414,
2022,9,201001956,
2022,41,190623418,
2022,41,190623421,
2022,41,190623423,
2022,41,190623424,
2022,41,188823478,
2022,41,190623426,
2022,41,190623427,
2022,42,190403792,
2022,41,190623437,
2022,41,190623438,
2022,41,190623439,
2022,41,190623440,
2022,41,190623441,
2022,41,190623442,
2022,41,190623444,
2022,41,195374711,
2022,41,190623447,
2022,41,190623449,
2022,41,190623450,
2022,41,190623452,
2022,41,190623454,
2022,41,190623459,
2022,41,190623462,
2022,41,190623464,
2022,41,190623465,
2022,41,190623470,
2022,41,190623471,
2022,41,190623472,
2022,41,190623473,
2022,41,190623474,
2022,41,190623475,
2022,41,190623485,
2022,41,190623486,
2022,41,190623487,
2022,41,190623491,
2022,41,190623495,
2022,41,190623496,
2022,41,190623497,
2022,41,190623508,
2022,41,190623513,
2022,41,190623516,
2022,41,190623517,
2022,42,178053267,
2022,41,190623522,
2022,41,190623524,
2022,41,190623529,
2022,41,190623530,
2022,41,190623531,
2022,41,190623532,
2022,41,190623534,
2022,41,190623535,
2022,41,190623538,
2022,41,190623540,
2022,41,190623541,
2022,41,190623542,
2022,41,190623544,
2022,41,190623547,
2022,41,181660143,
2022,41,190623550,
2022,41,190623553,
2022,41,190623555,
2022,41,190623556,
2022,41,190623559,
2022,41,190623562,
2022,41,190623564,
2022,42,185196983,
2022,41,188046527,
2022,41,190623567,
2022,41,190623568,
2022,38,190701099,
2022,41,190623569,
2022,41,190623575,
2022,41,190623576,
2022,41,190623579,
2022,41,190623580,
2022,41,190623581,
2022,3,190623584,
2022,38,194321639,
2022,21,190701516,
2022,41,182645540,
2022,41,190561587,
2022,41,190561588,
2022,41,190561592,
2022,41,194317529,
2022,3,192776647,
2022,41,194317531,
2022,41,194317533,
2022,41,194317534,
2022,41,194317536,
2022,41,194317538,
2022,41,194317539,
2022,41,194317542,
2022,41,194317544,
2022,41,194317551,
2022,41,194317553,
2022,41,194317555,
2022,41,194317557,
2022,41,194317558,
2022,41,194317560,
2022,41,194317561,
2022,41,194317562,
2022,41,194317565,
2022,21,194317566,
2022,21,194317568,
2022,41,194317570,
2022,41,194317571,
2022,41,194317572,
2022,41,194317577,
2022,21,194317579,
2022,41,194317580,
2022,39,194317581,
2022,21,194317583,
2022,41,194317584,
2022,41,194317586,
2022,21,194317587,
2022,41,194317588,
2022,41,194317590,
2022,41,194317591,
2022,41,194317593,
2022,21,194317597,
2022,41,194317598,
2022,41,194317599,
2022,41,194317600,
2022,41,194317607,
2022,41,194317611,
2022,41,194317612,
2022,21,182645541,
2022,38,182645541,
2022,41,182645564,
2022,41,192597453,
2022,41,192597454,
2022,41,194317620,
2022,41,192087509,
2022,41,192087511,
2022,41,192069712,
2022,41,192069713,
2022,41,182645565,
2022,41,192069714,
2022,41,182645570,
2022,41,192069715,
2022,41,192017324,
2022,41,182645579,
2022,41,192017329,
2022,41,192017330,
2022,41,191957668,
2022,41,182645581,
2022,41,191957670,
2022,41,182645586,
2022,41,191880332,
2022,41,191880334,
2022,41,182645591,
2022,41,191848821,
2022,41,191831344,
2022,41,182645592,
2022,41,191831345,
2022,41,182645593,
2022,41,182645594,
2022,21,182645595,
2022,41,191831348,
2022,41,182645597,
2022,38,182645598,
2022,41,191831352,
2022,41,182645599,
2022,41,182645600,
2022,41,182645601,
2022,41,182645606,
2022,41,191824395,
2022,3,196796592,
2022,41,183157687,
2022,41,191352114,
2022,41,183157689,
2022,41,183157702,
2022,41,191352129,
2022,41,191352130,
2022,41,191053915,
2022,41,191053918,
2022,41,191850952,
2022,41,183214492,
2022,38,191012784,
2022,41,190713997,
2022,41,183214493,
2022,9,192069716,
2022,41,183214494,
2022,41,183214496,
2022,41,183214497,
2022,3,183214499,
2022,3,183214500,
2022,41,183214502,
2022,41,183214511,
2022,41,190701531,
2022,3,183460402,
2022,41,190678012,
2022,41,190678015,
2022,31,190678017,
2022,41,183459605,
2022,41,196945452,
2022,41,183459607,
2022,41,196945453,
2022,31,196945454,
2022,41,183686031,
2022,9,196945458,
2022,39,183686033,
2022,38,183686038,
2022,41,196945462,
2022,41,196945463,
2022,41,196945464,
2022,41,196945465,
2022,41,183686039,
2022,41,196945466,
2022,41,183686042,
2022,41,196945468,
2022,21,183686049,
2022,41,197456707,
2022,21,183686050,
2022,41,183686051,
2022,41,183686052,
2022,41,183686053,
2022,41,197456712,
2022,41,183686054,
2022,41,197456714,
2022,41,183686055,
2022,41,183686056,
2022,41,183686062,
2022,41,197456718,
2022,41,197456721,
2022,41,197456722,
2022,41,184836198,
2022,21,184836200,
2022,41,184836205,
2022,41,199476940,
2022,41,184836207,
2022,41,184836213,
2022,41,199422249,
2022,41,199422250,
2022,41,199334041,
2022,41,184946159,
2022,41,184946163,
2022,21,184946165,
2022,21,184946166,
2022,3,184946169,
2022,41,184946179,
2022,41,185584842,
2022,41,199334042,
2022,41,198422367,
2022,41,198453216,
2022,1,198453218,
2022,41,198453221,
2022,41,198453222,
2022,41,198453223,
2022,21,198453224,
2022,41,198453225,
2022,41,198378199,
2022,41,198378200,
2022,41,198378201,
2022,31,198378202,
2022,21,185584856,
2022,31,185584856,
2022,41,185584860,
2022,39,185584871,
2022,41,185680474,
2022,41,185680477,
2022,41,185680478,
2022,41,185680479,
2022,21,185680480,
2022,41,185680489,
2022,41,185680491,
2022,21,185680502,
2022,21,185680503,
2022,41,185783720,
2022,37,185783720,
2022,31,185783722,
2022,41,185783722,
2022,37,185783722,
2022,31,185783723,
2022,41,185783726,
2022,41,185783728,
2022,41,185783733,
2022,3,185799427,
2022,41,185835440,
2022,41,197683283,
2022,41,197683284,
2022,41,197683286,
2022,41,185835441,
2022,41,199462989,
2022,41,185835449,
2022,41,197412084,
2022,41,197412085,
2022,3,185835651,
2022,32,185835651,
2022,41,185895273,
2022,41,197456725,
2022,41,185895283,
2022,41,197185210,
2022,41,197185211,
2022,31,185895286,
2022,41,197185212,
2022,41,185895289,
2022,41,185895294,
2022,41,185895296,
2022,21,197185217,
2022,21,185895316,
2022,41,197137881,
2022,21,185919992,
2022,41,185919996,
2022,41,185920000,
2022,41,185920002,
2022,41,186154084,
2022,41,186154101,
2022,42,186154103,
2022,41,186154115,
2022,3,186154118,
2022,3,186154119,
2022,41,186154125,
2022,42,186154127,
2022,41,186207323,
2022,41,186207324,
2022,42,186207328,
2022,41,186207331,
2022,41,186207332,
2022,41,186207334,
2022,41,186207342,
2022,21,186207350,
2022,41,186207352,
2022,32,186231248,
2022,38,186879944,
2022,41,186879947,
2022,41,186879950,
2022,41,186879951,
2022,21,186879955,
2022,21,186879964,
2022,3,186879977,
2022,41,186908965,
2022,21,186908970,
2022,41,186908972,
2022,41,186908974,
2022,21,186908975,
2022,41,186908989,
2022,41,186908990,
2022,41,186908995,
2022,3,186908997,
2022,41,186908998,
2022,41,186909007,
2022,36,187015260,
2022,41,187015264,
2022,41,187015269,
2022,41,187015271,
2022,41,187015272,
2022,41,187015276,
2022,41,187128238,
2022,41,198060154,
2022,41,187128245,
2022,41,187128247,
2022,41,187128255,
2022,38,187128256,
2022,41,187128259,
2022,41,187128270,
2022,3,187508689,
2022,41,187508690,
2022,41,187508703,
2022,41,187508704,
2022,41,188009906,
2022,21,188009907,
2022,41,188009909,
2022,38,188011805,
2022,42,188011808,
2022,41,188011812,
2022,41,188011813,
2022,41,188011817,
2022,41,188011820,
2022,41,197137882,
2022,3,188011821,
2022,41,188011823,
2022,41,188011824,
2022,41,188749498,
2022,41,197020139,
2022,41,197020140,
2022,41,188126975,
2022,41,188126976,
2022,21,197020143,
2022,37,188126976,
2022,41,188126978,
2022,41,197020145,
2022,41,197020146,
2022,41,188126983,
2022,38,188126986,
2022,41,197020153,
2022,21,188126994,
2022,41,196784317,
2022,41,196796599,
2022,41,196784319,
2022,41,196784320,
2022,21,188749501,
2022,41,196784322,
2022,38,188749508,
2022,41,196784334,
2022,41,188749515,
2022,41,196784336,
2022,41,196784337,
2022,41,196684940,
2022,41,188749518,
2022,41,188749520,
2022,41,196176255,
2022,41,188749521,
2022,41,188749528,
2022,41,196176257,
2022,37,188749528,
2022,21,188780381,
2022,41,196176267,
2022,38,188780381,
2022,41,188780386,
2022,9,194317625,
2022,41,194317627,
2022,21,188780388,
2022,41,194317628,
2022,41,188780389,
2022,41,196796603,
2022,41,194317632,
2022,41,194317633,
2022,41,194317634,
2022,41,194317635,
2022,41,194317636,
2022,39,188783564,
2022,41,194317637,
2022,41,194317638,
2022,41,188783566,
2022,41,194317642,
2022,41,194317644,
2022,41,194317645,
2022,39,188783567,
2022,41,188783570,
2022,41,194317650,
2022,39,188783572,
2022,41,188796340,
2022,41,194317657,
2022,41,194317658,
2022,41,188796342,
2022,41,194317661,
2022,41,188796346,
2022,21,191845604,
2022,41,191845606,
2022,41,188796347,
2022,21,188796349,
2022,41,191845608,
2022,37,188796349,
2022,21,188796350,
2022,37,188796352,
2022,9,188796356,
2022,41,191848827,
2022,41,191848828,
2022,41,191880335,
2022,41,190449467,
2022,41,190449470,
2022,41,190452310,
2022,3,191957672,
2022,41,191957674,
2022,3,190452313,
2022,41,191957676,
2022,41,190452313,
2022,38,190452324,
2022,41,192059194,
2022,21,192059195,
2022,3,192087516,
2022,41,192087517,
2022,3,192087518,
2022,38,190542978,
2022,41,190542985,
2022,41,194317662,
2022,41,194317666,
2022,41,194317667,
2022,41,194317669,
2022,41,199484013,
2022,41,192409664,
2022,21,192059198,
2022,41,190542989,
2022,21,194317672,
2022,41,190577749,
2022,41,194317675,
2022,41,194317680,
2022,41,194317681,
2022,41,194317685,
2022,41,194317686,
2022,41,194317689,
2022,41,190577750,
2022,41,190577758,
2022,21,194317699,
2022,41,194317700,
2022,41,194317701,
2022,3,190577760,
2022,21,190577760,
2022,38,190989381,
2022,41,194317704,
2022,3,190577765,
2022,41,194317706,
2022,41,191831355,
2022,3,190577766,
2022,41,191831358,
2022,21,190577766,
2022,42,190577768,
2022,41,191831359,
2022,41,194317709,
2022,41,190577772,
2022,41,191824396,
2022,41,191794043,
2022,41,191794045,
2022,41,194317711,
2022,41,194317717,
2022,41,194317729,
2022,41,194317735,
2022,41,194317736,
2022,41,194317740,
2022,41,194317741,
2022,41,194317745,
2022,41,194317746,
2022,41,194317748,
2022,41,194317750,
2022,41,194317751,
2022,41,194317753,
2022,41,194317757,
2022,41,194317760,
2022,41,194317763,
2022,41,194317800,
2022,21,194317803,
2022,41,194317805,
2022,41,192776651,
2022,41,192776660,
2022,41,192753270,
2022,31,192753272,
2022,41,190580364,
2022,41,192753274,
2022,41,192554326,
2022,38,190580364,
2022,21,190580365,
2022,41,192554327,
2022,41,192554329,
2022,41,190580366,
2022,41,190580372,
2022,21,192554340,
2022,3,192493498,
2022,41,192493500,
2022,41,190580377,
2022,41,192493501,
2022,21,190580379,
2022,21,190580380,
2022,41,190580384,
2022,9,192409666,
2022,41,192409667,
2022,21,190580385,
2022,41,190773098,
2022,41,194317817,
2022,41,194317820,
2022,41,194317822,
2022,41,190773099,
2022,41,194317826,
2022,41,194317827,
2022,36,190773102,
2022,41,190773106,
2022,31,194317836,
2022,38,194317838,
2022,41,190773107,
2022,41,194317840,
2022,41,190999802,
2022,41,194317849,
2022,41,194317851,
2022,41,194317853,
2022,9,194317856,
2022,21,190999806,
2022,41,190999806,
2022,38,191053801,
2022,9,194317878,
2022,38,191080298,
2022,3,194317880,
2022,41,194317882,
2022,3,194317884,
2022,38,191127022,
2022,41,194317886,
2022,41,194317888,
2022,41,191127023,
2022,41,199484016,
2022,41,194317897,
2022,41,191127024,
2022,41,194317899,
2022,41,191132728,
2022,41,191132729,
2022,41,194317914,
2022,41,191132731,
2022,41,194317916,
2022,41,194317921,
2022,41,191133578,
2022,41,191133582,
2022,41,194317931,
2022,41,194317932,
2022,32,191133586,
2022,41,194317940,
2022,41,199484018,
2022,41,194317949,
2022,41,191133589,
2022,41,191133590,
2022,41,191133591,
2022,41,194317957,
2022,41,194317959,
2022,41,191654934,
2022,41,194317963,
2022,41,194317969,
2022,41,194317971,
2022,41,191658989,
2022,41,194317975,
2022,41,196837921,
2022,41,194317978,
2022,9,194317980,
2022,21,194317982,
2022,41,191658994,
2022,41,194317987,
2022,41,191850956,
2022,41,194317995,
2022,41,194317998,
2022,31,196837925,
2022,41,194318003,
2022,41,194318014,
2022,41,194318018,
2022,42,194318020,
2022,41,194318022,
2022,41,194318024,
2022,41,196837925,
2022,41,194321660,
2022,41,194318026,
2022,41,194321664,
2022,41,195369107,
2022,41,195369108,
2022,41,194321665,
2022,41,195369111,
2022,37,194321674,
2022,21,194318032,
2022,41,194318036,
2022,41,194318038,
2022,41,194318045,
2022,41,194321678,
2022,41,194318052,
2022,38,194321680,
2022,41,195369112,
2022,41,195369113,
2022,41,194321686,
2022,41,195369114,
2022,41,195369115,
2022,41,195369116,
2022,41,195369117,
2022,41,195369118,
2022,41,194321702,
2022,41,195357787,
2022,41,194318069,
2022,41,194318071,
2022,41,194321704,
2022,41,194321705,
2022,41,194318078,
2022,41,194321707,
2022,21,194318085,
2022,1,194321710,
2022,41,194321711,
2022,41,194318096,
2022,41,194321712,
2022,41,194318099,
2022,1,199484025,
2022,37,194321713,
2022,41,194321714,
2022,41,194318103,
2022,41,194321715,
2022,41,194318106,
2022,41,194321721,
2022,41,194318108,
2022,41,194318111,
2022,41,194318114,
2022,41,194321725,
2022,41,195357788,
2022,37,194321725,
2022,41,194321728,
2022,41,194321730,
2022,41,194318141,
2022,32,194321737,
2022,41,194318144,
2022,21,194318145,
2022,41,194318147,
2022,41,194318148,
2022,41,194318149,
2022,41,196837932,
2022,41,194318150,
2022,41,194321741,
2022,41,194318153,
2022,21,194321745,
2022,41,194318167,
2022,41,194321752,
2022,41,194318177,
2022,9,194318183,
2022,31,194321760,
2022,41,194318204,
2022,21,194321761,
2022,41,194318209,
2022,41,194321765,
2022,41,194318214,
2022,41,194318220,
2022,31,194763108,
2022,21,194763109,
2022,41,199484027,
2022,41,194318247,
2022,41,194318251,
2022,21,199484029,
2022,41,194318256,
2022,41,194763113,
2022,37,194763113,
2022,1,199484030,
2022,41,195764311,
2022,41,195110707,
2022,41,194318272,
2022,1,195114674,
2022,38,196837938,
2022,41,195110713,
2022,41,195114683,
2022,37,195114683,
2022,41,196487314,
2022,41,195110721,
2022,41,196487326,
2022,41,195110722,
2022,41,195132144,
2022,38,196796646,
2022,41,195424072,
2022,21,195764312,
2022,31,195424078,
2022,41,195764313,
2022,41,195424085,
2022,41,199484031,
2022,41,195764314,
2022,1,196796654,
2022,41,195764315,
2022,41,195764317,
2022,41,196796665,
2022,41,195623652,
2022,41,195623653,
2022,41,199680409,
2022,41,195623660,
2022,41,196796680,
2022,1,199476866,
2022,41,196837944,
2022,41,195623669,
2022,21,196837945,
2022,42,199825698,
2022,41,199825699,
2022,41,198117500,
2022,41,198500495,
2022,41,195764319,
2022,38,195764321,
2022,41,195764322,
2022,42,192775726,
2022,41,195764328,
2022,41,195764330,
2022,41,195764333,
2022,41,195764334,
2022,41,195764336,
2022,41,195764337,
2022,41,195881346,
2022,41,195881349,
2022,41,195881350,
2022,41,195881351,
2022,41,196142321,
2022,41,196142322,
2022,41,196142325,
2022,41,196142330,
2022,41,196142331,
2022,41,196142333,
2022,41,179590042,
2022,41,179592276,
2022,41,179592277,
2022,41,179590044,
2022,41,179590045,
2022,41,180074820,
2022,41,178230955,
2022,41,178322929,
2022,21,182912429,
2022,3,183153016,
2022,41,178371868,
2022,41,178371871,
2022,41,178371872,
2022,41,178371873,
2022,41,178371875,
2022,39,178371877,
2022,41,178371883,
2022,41,178371884,
2022,38,178371895,
2022,41,178411286,
2022,21,178411287,
2022,41,178411288,
2022,41,178411289,
2022,38,178411291,
2022,39,178411294,
2022,41,178490183,
2022,41,180074823,
2022,41,181576959,
2022,31,181366507,
2022,41,178490190,
2022,41,178490191,
2022,41,178490192,
2022,41,178490194,
2022,41,178490197,
2022,38,178490200,
2022,41,178490206,
2022,21,178490208,
2022,41,178490209,
2022,41,181366508,
2022,41,178490212,
2022,41,178490213,
2022,41,178490214,
2022,41,178490217,
2022,41,178490220,
2022,41,178490223,
2022,41,178490224,
2022,41,178490230,
2022,41,178490233,
2022,21,178490234,
2022,41,178490236,
2022,41,178490237,
2022,41,178490242,
2022,41,179534840,
2022,41,179534842,
2022,41,179544124,
2022,41,179544125,
2022,41,179544126,
2022,41,179544128,
2022,41,179544129,
2022,41,179544130,
2022,41,179544133,
2022,41,179544134,
2022,41,179544137,
2022,41,179544138,
2022,41,179544143,
2022,41,179544149,
2022,41,179544155,
2022,41,179544160,
2022,41,179544162,
2022,41,179544165,
2022,41,179544170,
2022,41,179544171,
2022,41,179544174,
2022,41,179544181,
2022,41,179641170,
2022,41,179641181,
2022,41,179641187,
2022,1,179641191,
2022,41,179641206,
2022,41,179641208,
2022,41,181366509,
2022,3,181454586,
2022,41,179641222,
2022,41,179641225,
2022,41,179641228,
2022,41,179641238,
2022,41,179641242,
2022,31,179641253,
2022,38,179641256,
2022,41,179641266,
2022,21,181477531,
2022,9,181477532,
2022,41,181477532,
2022,31,181477533,
2022,41,181477534,
2022,41,181477535,
2022,41,181477536,
2022,41,181477537,
2022,41,181477538,
2022,41,181477539,
2022,41,181477540,
2022,41,181477541,
2022,41,181477542,
2022,41,181477543,
2022,41,181489367,
2022,3,181528070,
2022,41,179993982,
2022,41,179993998,
2022,3,179994015,
2022,41,181528077,
2022,37,181528077,
2022,41,181528078,
2022,37,181528078,
2022,41,181528079,
2022,41,181528080,
2022,41,181528081,
2022,38,181528082,
2022,41,181530154,
2022,41,181530156,
2022,41,181576970,
2022,41,179994023,
2022,41,194756458,
2022,41,179994044,
2022,41,181576971,
2022,41,181576972,
2022,41,181576973,
2022,41,181576974,
2022,41,181576975,
2022,42,181652984,
2022,42,181652985,
2022,41,181652987,
2022,42,181757699,
2022,41,182645877,
2022,38,182645904,
2022,41,179994046,
2022,41,179994058,
2022,41,179994060,
2022,21,182645905,
2022,41,182645905,
2022,41,182645906,
2022,41,182645907,
2022,41,182645939,
2022,38,182645939,
2022,41,182645940,
2022,38,182645941,
2022,41,182645948,
2022,3,182645959,
2022,41,182645960,
2022,41,182645999,
2022,41,182646000,
2022,41,182646033,
2022,41,182646038,
2022,41,182857415,
2022,37,182857415,
2022,41,182857436,
2022,41,182857444,
2022,41,182912376,
2022,41,183044562,
2022,41,183044563,
2022,32,179994063,
2022,41,183209653,
2022,41,179994076,
2022,41,183209654,
2022,41,183209655,
2022,41,183209656,
2022,41,183361537,
2022,41,183450540,
2022,41,183664505,
2022,41,183732179,
2022,41,183917303,
2022,41,183920667,
2022,41,183953839,
2022,37,183953839,
2022,41,183953840,
2022,41,183953841,
2022,41,183953842,
2022,42,184168547,
2022,41,184231871,
2022,37,184231871,
2022,21,184231872,
2022,31,184231872,
2022,42,184241206,
2022,41,184243841,
2022,41,179994080,
2022,41,184285054,
2022,41,180059047,
2022,41,184289029,
2022,38,184289030,
2022,41,184289031,
2022,42,184289032,
2022,38,184365408,
2022,21,184365409,
2022,41,184365410,
2022,41,184869247,
2022,37,184869247,
2022,41,184869248,
2022,38,184869249,
2022,41,184941765,
2022,31,185283198,
2022,41,185283199,
2022,3,185429593,
2022,41,185441665,
2022,41,185566994,
2022,41,185566995,
2022,38,185666726,
2022,38,185672871,
2022,41,185672872,
2022,41,185672896,
2022,41,186066762,
2022,41,180059049,
2022,41,186066764,
2022,41,186066766,
2022,41,181441096,
2022,41,186066768,
2022,41,181441097,
2022,41,186139788,
2022,21,186139791,
2022,41,181442292,
2022,41,187220672,
2022,41,181442296,
2022,41,181442297,
2022,41,181442300,
2022,41,181489508,
2022,37,187220672,
2022,41,187220673,
2022,41,181489512,
2022,41,187220674,
2022,41,187220675,
2022,41,187220676,
2022,41,187220677,
2022,41,187220678,
2022,41,181489518,
2022,41,187417846,
2022,41,181489522,
2022,41,181489523,
2022,41,181489527,
2022,41,181489529,
2022,41,181517097,
2022,38,181517102,
2022,41,181517104,
2022,31,187417847,
2022,41,187433809,
2022,41,181517110,
2022,41,187433811,
2022,41,181517111,
2022,41,187645030,
2022,41,181517114,
2022,21,187645031,
2022,41,187645031,
2022,41,187645032,
2022,41,187645034,
2022,39,187645034,
2022,42,187714947,
2022,41,181517130,
2022,3,187717160,
2022,41,187717161,
2022,41,187734243,
2022,31,188649764,
2022,41,181523336,
2022,41,181523339,
2022,21,181523343,
2022,9,181523346,
2022,41,188649764,
2022,21,188649765,
2022,41,188649765,
2022,41,188662678,
2022,41,188666941,
2022,38,181528181,
2022,41,188666942,
2022,41,181528185,
2022,42,188743070,
2022,41,181549593,
2022,41,181577075,
2022,41,181732610,
2022,41,181732612,
2022,41,181736368,
2022,41,181736369,
2022,41,188743072,
2022,41,188743073,
2022,3,188743074,
2022,41,188743076,
2022,41,188823489,
2022,41,181736378,
2022,41,188826966,
2022,41,181736379,
2022,41,188895522,
2022,41,181736382,
2022,41,188895523,
2022,41,181736389,
2022,38,188895523,
2022,41,188895528,
2022,41,181736394,
2022,38,188977866,
2022,41,182699040,
2022,41,182699042,
2022,41,182699046,
2022,41,182699047,
2022,41,182800775,
2022,41,182857663,
2022,41,182912431,
2022,41,182912440,
2022,41,182932204,
2022,41,182932205,
2022,1,182932207,
2022,41,182932212,
2022,41,182932214,
2022,41,182944921,
2022,41,182982163,
2022,41,182982167,
2022,41,183044638,
2022,41,183044639,
2022,41,183044643,
2022,41,183118060,
2022,41,183118061,
2022,41,183118067,
2022,41,183209827,
2022,38,183209833,
2022,41,183209834,
2022,41,183209839,
2022,41,183209842,
2022,41,183209849,
2022,41,183209852,
2022,41,183361561,
2022,41,183361562,
2022,41,183361564,
2022,3,183361568,
2022,41,183361576,
2022,41,183361578,
2022,41,183361579,
2022,41,183361583,
2022,41,183382651,
2022,41,183382653,
2022,3,183382656,
2022,41,183705377,
2022,41,183705379,
2022,41,183705381,
2022,3,184087954,
2022,41,184087957,
2022,41,184087963,
2022,41,184147949,
2022,31,189047825,
2022,41,184147957,
2022,41,184147958,
2022,41,184147961,
2022,21,184147962,
2022,41,184147964,
2022,41,184147968,
2022,9,189047826,
2022,38,189047827,
2022,41,189823245,
2022,41,184228368,
2022,41,184228369,
2022,41,184228372,
2022,41,184228374,
2022,41,184228377,
2022,41,184232035,
2022,41,184232037,
2022,41,184243997,
2022,41,184243998,
2022,41,184243999,
2022,41,184624957,
2022,41,184624961,
2022,41,184624963,
2022,41,184624965,
2022,41,184810749,
2022,41,184810753,
2022,41,184810761,
2022,1,184869254,
2022,41,184869257,
2022,41,184869258,
2022,41,184869262,
2022,41,184971467,
2022,41,185126287,
2022,41,185126289,
2022,41,185143372,
2022,41,185143374,
2022,21,185143381,
2022,41,185143384,
2022,41,185143388,
2022,41,185143389,
2022,41,185143391,
2022,41,185143396,
2022,41,185143398,
2022,41,185143401,
2022,41,185143403,
2022,32,185200535,
2022,41,185200538,
2022,41,185200541,
2022,41,185200545,
2022,3,185200550,
2022,41,185200552,
2022,41,185200562,
2022,37,189823245,
2022,31,189823246,
2022,41,189823247,
2022,41,189823248,
2022,41,189823249,
2022,41,189823250,
2022,41,189823251,
2022,41,189842835,
2022,37,189842835,
2022,38,190230274,
2022,41,185631216,
2022,41,185631220,
2022,41,185631230,
2022,41,185631235,
2022,41,185631237,
2022,41,190230275,
2022,41,190230278,
2022,41,185631241,
2022,41,185631246,
2022,42,190233176,
2022,41,190245179,
2022,41,190245180,
2022,41,190247985,
2022,41,185631256,
2022,41,185837870,
2022,3,185837873,
2022,41,185837874,
2022,41,185838461,
2022,41,190247987,
2022,41,185871882,
2022,41,190364830,
2022,41,185871883,
2022,41,190364834,
2022,41,190364836,
2022,42,190416815,
2022,42,190446491,
2022,41,186040883,
2022,41,186040890,
2022,41,186040893,
2022,41,186040906,
2022,3,186165341,
2022,41,186165343,
2022,41,186377522,
2022,41,190446498,
2022,41,186377530,
2022,41,186678933,
2022,21,186678934,
2022,41,190713962,
2022,41,190728516,
2022,41,190859668,
2022,41,186693340,
2022,41,190863882,
2022,41,186693348,
2022,41,186693350,
2022,21,190959180,
2022,41,191957622,
2022,41,186693356,
2022,41,186693360,
2022,21,187121866,
2022,41,192017136,
2022,41,187336546,
2022,41,192017137,
2022,41,192017138,
2022,41,192017139,
2022,41,187336550,
2022,21,192087495,
2022,41,187336552,
2022,41,187336555,
2022,41,194322387,
2022,41,187352156,
2022,3,187352157,
2022,41,187352163,
2022,41,187352164,
2022,41,194322388,
2022,21,194322395,
2022,41,194322396,
2022,41,187352175,
2022,41,194322397,
2022,41,187352176,
2022,32,194322424,
2022,41,187377805,
2022,41,187377813,
2022,41,187377816,
2022,41,187377820,
2022,41,187377821,
2022,3,187377823,
2022,41,187377824,
2022,41,187377844,
2022,32,194322425,
2022,41,187417852,
2022,42,194322429,
2022,32,194322430,
2022,41,194322431,
2022,41,194322432,
2022,41,194322433,
2022,41,194322434,
2022,41,194322435,
2022,41,194322436,
2022,41,190118585,
2022,41,194322451,
2022,41,187505210,
2022,41,187717338,
2022,41,187717342,
2022,42,194322500,
2022,41,187734624,
2022,41,187734625,
2022,41,187734626,
2022,41,187734627,
2022,41,187734629,
2022,41,187778606,
2022,41,187778608,
2022,41,187778610,
2022,3,194322511,
2022,41,188007029,
2022,41,194322512,
2022,41,188007032,
2022,31,194322515,
2022,41,188007033,
2022,41,194322525,
2022,41,188027280,
2022,41,188027284,
2022,41,188027287,
2022,41,188027288,
2022,37,194322525,
2022,41,194322527,
2022,41,188027290,
2022,37,194322527,
2022,41,194322528,
2022,41,194322529,
2022,41,194322539,
2022,41,194322540,
2022,41,194322541,
2022,41,188027303,
2022,41,194322544,
2022,41,194609811,
2022,41,194752764,
2022,37,194752764,
2022,21,195264422,
2022,41,188373899,
2022,41,195264423,
2022,41,195264424,
2022,41,188373902,
2022,41,195278916,
2022,41,195278917,
2022,41,188373905,
2022,41,195278918,
2022,41,188373906,
2022,3,197995436,
2022,41,188373907,
2022,41,188373908,
2022,41,188373909,
2022,41,188373910,
2022,41,188373912,
2022,41,188514326,
2022,41,188514334,
2022,41,188647646,
2022,41,188647649,
2022,41,188647650,
2022,41,188647653,
2022,41,188647655,
2022,41,188647660,
2022,41,188662719,
2022,41,197995437,
2022,41,198378287,
2022,31,188667135,
2022,41,198378288,
2022,42,198378289,
2022,42,198378290,
2022,3,198983384,
2022,3,188667144,
2022,41,189185511,
2022,3,198983385,
2022,3,198983386,
2022,3,201071907,
2022,41,189185516,
2022,31,189266303,
2022,41,189266316,
2022,41,189266317,
2022,41,189266320,
2022,41,189266322,
2022,41,189266328,
2022,31,177079617,
2022,41,189267245,
2022,41,189267250,
2022,41,189267259,
2022,41,189267260,
2022,41,189267263,
2022,41,189267265,
2022,31,189267266,
2022,41,189267273,
2022,41,189267274,
2022,41,189277240,
2022,4,179375930,
2022,38,181293385,
2022,41,189277244,
2022,41,189277245,
2022,41,189277247,
2022,41,181528085,
2022,41,181528089,
2022,41,181528090,
2022,41,181652994,
2022,41,181652996,
2022,41,182646111,
2022,41,182646116,
2022,41,183920668,
2022,42,186231250,
2022,41,189193591,
2022,41,189277248,
2022,41,189193592,
2022,41,189047830,
2022,41,189277253,
2022,41,189277262,
2022,41,189277272,
2022,41,189371754,
2022,41,189380956,
2022,41,189380958,
2022,41,189380959,
2022,41,189380961,
2022,41,189380969,
2022,41,189380970,
2022,41,190118595,
2022,41,190118596,
2022,41,190118597,
2022,41,189313533,
2022,41,190179564,
2022,41,192753201,
2022,41,190230332,
2022,41,190230340,
2022,41,190364928,
2022,41,190403857,
2022,41,190403861,
2022,41,190403864,
2022,31,194322553,
2022,41,190417134,
2022,41,194322560,
2022,41,190417135,
2022,41,190417136,
2022,3,190417137,
2022,42,194322562,
2022,41,195218519,
2022,41,190417146,
2022,41,198959087,
2022,41,190417151,
2022,41,190425754,
2022,41,198959088,
2022,42,198959090,
2022,41,202987075,
2022,41,190674454,
2022,41,190674456,
2022,41,190674458,
2022,41,190717290,
2022,41,198959120,
2022,41,198959121,
2022,41,190733000,
2022,21,198959123,
2022,41,198959128,
2022,41,198959136,
2022,41,203240127,
2022,41,177658773,
2022,41,178198324,
2022,41,178198326,
2022,41,178198345,
2022,41,178198348,
2022,21,182646271,
2022,41,178198354,
2022,41,178198357,
2022,41,178198360,
2022,41,178198362,
2022,41,178198375,
2022,41,178198382,
2022,41,190771426,
2022,41,178198424,
2022,38,190771430,
2022,41,190771431,
2022,41,190859815,
2022,41,190859820,
2022,41,178210824,
2022,41,190959255,
2022,41,178210825,
2022,41,178210826,
2022,41,190959257,
2022,41,178210827,
2022,41,191265469,
2022,41,178210829,
2022,41,178210830,
2022,41,178210831,
2022,41,178210832,
2022,41,179640682,
2022,41,191265475,
2022,41,191265476,
2022,41,191265479,
2022,41,179640687,
2022,41,179640693,
2022,41,191649658,
2022,41,179640720,
2022,41,191649661,
2022,41,191649662,
2022,38,179640729,
2022,41,179640801,
2022,41,191649667,
2022,41,191649670,
2022,41,191649672,
2022,41,191649673,
2022,41,191649675,
2022,41,191649676,
2022,41,191791201,
2022,41,191791207,
2022,3,179640826,
2022,41,191824402,
2022,3,179640827,
2022,41,179640830,
2022,31,191824408,
2022,38,179640832,
2022,41,191824409,
2022,41,179640835,
2022,41,191845611,
2022,41,179640842,
2022,41,191845612,
2022,41,179672046,
2022,41,191845614,
2022,41,191845621,
2022,41,179672047,
2022,41,179672048,
2022,41,191878663,
2022,41,179672054,
2022,41,191878667,
2022,41,179672055,
2022,41,191878669,
2022,41,179672056,
2022,41,179672057,
2022,41,181757726,
2022,41,191878674,
2022,41,191878678,
2022,21,191878679,
2022,41,181757729,
2022,41,181757733,
2022,41,181757736,
2022,41,191880354,
2022,41,190691796,
2022,41,191880359,
2022,32,191880360,
2022,41,191880361,
2022,3,191880365,
2022,41,191880367,
2022,41,192021703,
2022,41,192021704,
2022,41,192059199,
2022,41,192059203,
2022,41,192059204,
2022,41,192059205,
2022,41,192059207,
2022,41,192059212,
2022,41,192059214,
2022,41,192059216,
2022,3,192150162,
2022,41,192150166,
2022,41,192150167,
2022,41,192195926,
2022,41,192195927,
2022,31,192195938,
2022,41,192195943,
2022,38,192195944,
2022,41,192195945,
2022,41,192195949,
2022,41,192554348,
2022,41,192554377,
2022,41,181757737,
2022,41,192554381,
2022,41,181757738,
2022,41,181757739,
2022,3,194327965,
2022,41,194327966,
2022,41,194327969,
2022,3,194327974,
2022,41,194327979,
2022,41,194327980,
2022,41,194327981,
2022,41,194327984,
2022,41,194327989,
2022,41,194328000,
2022,41,194328014,
2022,31,194328017,
2022,38,194328023,
2022,41,194328029,
2022,41,194328031,
2022,41,194328034,
2022,38,194328039,
2022,41,194328040,
2022,41,194328041,
2022,41,194328046,
2022,41,194328053,
2022,41,194328054,
2022,31,194328056,
2022,41,194328057,
2022,41,194328064,
2022,41,194328075,
2022,41,194328078,
2022,41,194328083,
2022,41,181757740,
2022,41,194328085,
2022,41,181757742,
2022,31,181757743,
2022,41,181757744,
2022,41,181757745,
2022,41,182646274,
2022,2,194328099,
2022,41,182646275,
2022,41,194328100,
2022,41,182646281,
2022,41,194328102,
2022,41,194328103,
2022,41,194328106,
2022,41,182646282,
2022,41,182646283,
2022,3,194328109,
2022,3,194328110,
2022,41,182646298,
2022,41,194328112,
2022,39,194328119,
2022,41,194328122,
2022,41,194328123,
2022,41,182646328,
2022,41,194328129,
2022,41,194328132,
2022,38,194328133,
2022,41,194328140,
2022,2,194328144,
2022,41,194328149,
2022,41,194328153,
2022,41,182646329,
2022,41,182646330,
2022,41,194328156,
2022,41,182646332,
2022,41,182646333,
2022,41,182646334,
2022,41,194328161,
2022,41,182646336,
2022,41,182646337,
2022,41,182646339,
2022,21,182646341,
2022,41,194328168,
2022,41,182646342,
2022,41,194328169,
2022,41,182646343,
2022,41,194328170,
2022,41,194328171,
2022,21,182646344,
2022,41,183705291,
2022,41,194328173,
2022,41,183705293,
2022,41,194328175,
2022,21,194328177,
2022,41,183705324,
2022,41,194328178,
2022,3,194328179,
2022,3,194328182,
2022,41,194328185,
2022,41,194328187,
2022,21,194328198,
2022,3,194328199,
2022,41,194328201,
2022,41,194328205,
2022,41,183705342,
2022,41,194328212,
2022,41,194328213,
2022,41,194328215,
2022,41,194328217,
2022,41,194328218,
2022,41,194328222,
2022,41,183705343,
2022,41,183970876,
2022,41,195110725,
2022,31,195110728,
2022,41,195110730,
2022,41,195132152,
2022,41,195148433,
2022,41,195148435,
2022,21,195148436,
2022,41,195148439,
2022,41,195148442,
2022,41,195148443,
2022,41,183970877,
2022,41,186139803,
2022,37,186139803,
2022,41,183970879,
2022,38,183970880,
2022,41,183970881,
2022,41,183970884,
2022,41,195199634,
2022,41,183970886,
2022,41,183970887,
2022,32,183970888,
2022,41,183970889,
2022,41,195218545,
2022,41,183970890,
2022,41,183970891,
2022,41,185631035,
2022,41,195264434,
2022,41,185631041,
2022,41,195264435,
2022,21,195264436,
2022,41,186139804,
2022,21,195278935,
2022,41,195278937,
2022,41,195333736,
2022,41,195333738,
2022,41,195333739,
2022,41,195333740,
2022,41,195333741,
2022,41,195333743,
2022,41,186139805,
2022,41,186139806,
2022,41,186139807,
2022,41,186139808,
2022,41,186139810,
2022,41,186333631,
2022,41,195333752,
2022,3,195370708,
2022,41,195370709,
2022,41,195373280,
2022,41,195373281,
2022,41,195373282,
2022,41,195373285,
2022,41,195373288,
2022,3,195417693,
2022,41,195417694,
2022,41,195417699,
2022,41,195417703,
2022,41,195417706,
2022,41,186333632,
2022,41,186333633,
2022,41,186333634,
2022,41,186333639,
2022,41,195522528,
2022,38,186333640,
2022,21,195764339,
2022,41,186333642,
2022,41,195764340,
2022,41,186333643,
2022,41,186333644,
2022,41,195764343,
2022,41,186333646,
2022,41,195764344,
2022,41,186333647,
2022,41,195764346,
2022,41,186333648,
2022,41,195764347,
2022,41,186333649,
2022,41,186333650,
2022,41,187101657,
2022,41,195764350,
2022,41,187101658,
2022,3,187101659,
2022,41,187121670,
2022,41,187121671,
2022,41,187121686,
2022,41,196983552,
2022,21,196983554,
2022,3,196983556,
2022,41,196983559,
2022,41,187121687,
2022,41,187121688,
2022,41,187121689,
2022,41,187121694,
2022,41,196992526,
2022,41,187121701,
2022,41,196992530,
2022,41,187121757,
2022,41,187121758,
2022,41,187121761,
2022,41,187121762,
2022,41,187220686,
2022,41,187220688,
2022,41,187220689,
2022,1,194335813,
2022,41,187220690,
2022,1,194335814,
2022,41,187220691,
2022,41,194335816,
2022,41,190446501,
2022,21,194335817,
2022,21,194335818,
2022,41,194335820,
2022,41,194335821,
2022,41,194335823,
2022,41,194335824,
2022,41,194335825,
2022,38,194335826,
2022,41,194335827,
2022,32,194335831,
2022,41,194335832,
2022,41,194335846,
2022,41,194335848,
2022,38,194335849,
2022,31,194335850,
2022,41,194335851,
2022,41,194335852,
2022,41,194335857,
2022,41,194335858,
2022,41,194335859,
2022,41,194335860,
2022,41,194335863,
2022,41,194335864,
2022,41,194335865,
2022,41,194335866,
2022,41,194335867,
2022,41,194335871,
2022,41,200042626,
2022,41,194335874,
2022,41,194335875,
2022,41,200042627,
2022,41,194335879,
2022,21,194335883,
2022,41,194335885,
2022,41,200711269,
2022,31,194335893,
2022,38,194335896,
2022,31,194335897,
2022,41,200042631,
2022,21,200042632,
2022,41,194335906,
2022,3,194335909,
2022,3,197015464,
2022,3,197015466,
2022,3,194335915,
2022,41,194335916,
2022,3,194335917,
2022,38,194335921,
2022,31,194335923,
2022,41,194335924,
2022,41,194335925,
2022,41,200042633,
2022,21,200042634,
2022,21,200042636,
2022,3,194335930,
2022,3,194335931,
2022,38,194335935,
2022,31,194335936,
2022,41,194335938,
2022,41,194335939,
2022,3,194335941,
2022,3,194335943,
2022,41,194335945,
2022,41,194335946,
2022,21,194335947,
2022,1,194335949,
2022,1,194335950,
2022,1,200711274,
2022,38,194335952,
2022,38,194335953,
2022,41,194335955,
2022,41,194335956,
2022,3,194335960,
2022,42,194335962,
2022,38,200042645,
2022,38,194335967,
2022,41,194335968,
2022,3,194335972,
2022,41,194335976,
2022,41,200042646,
2022,41,194335980,
2022,42,194335981,
2022,41,194335986,
2022,21,194335987,
2022,21,194335988,
2022,41,194335989,
2022,41,194335990,
2022,21,194335995,
2022,21,194335999,
2022,21,194336001,
2022,41,194336011,
2022,41,194336013,
2022,41,194336017,
2022,21,190446502,
2022,42,190533320,
2022,3,190533321,
2022,41,190623329,
2022,41,194336029,
2022,41,194336030,
2022,41,200711281,
2022,1,200711282,
2022,41,194336034,
2022,41,194336036,
2022,41,194336040,
2022,41,194336041,
2022,41,194336043,
2022,21,190623330,
2022,21,190713965,
2022,21,190732869,
2022,41,194336048,
2022,31,194336051,
2022,41,194336052,
2022,41,194336053,
2022,41,191649524,
2022,38,194336054,
2022,31,194336056,
2022,41,194336059,
2022,41,194336065,
2022,1,194336068,
2022,41,191824192,
2022,42,182773494,
2022,41,182773517,
2022,32,196182294,
2022,42,182794180,
2022,41,188654041,
2022,41,188654050,
2022,41,197419680,
2022,38,189099204,
2022,41,200711289,
2022,41,194336072,
2022,41,194336074,
2022,1,194336078,
2022,41,194336086,
2022,41,194336087,
2022,41,194336090,
2022,41,194336092,
2022,41,194336093,
2022,41,200066665,
2022,37,200066665,
2022,41,194336097,
2022,41,194336099,
2022,41,194336107,
2022,41,194336113,
2022,41,194336116,
2022,41,194336119,
2022,41,194336121,
2022,41,202056913,
2022,41,194336127,
2022,41,194336133,
2022,41,194336137,
2022,41,200066670,
2022,31,189155086,
2022,41,194336148,
2022,21,194336149,
2022,41,194336150,
2022,41,194336152,
2022,41,194336156,
2022,42,189462890,
2022,41,194336157,
2022,41,194336160,
2022,41,194336163,
2022,41,190407629,
2022,1,194336169,
2022,1,194336170,
2022,38,194336173,
2022,31,194336174,
2022,38,194336175,
2022,41,194336176,
2022,42,200711295,
2022,42,200711296,
2022,41,194336183,
2022,41,194336184,
2022,42,190407636,
2022,41,194336188,
2022,41,194336189,
2022,41,190719979,
2022,41,192615486,
2022,41,194322933,
2022,41,194322934,
2022,3,196182335,
2022,3,176162907,
2022,42,200106543,
2022,41,194336192,
2022,41,194336193,
2022,38,194336194,
2022,41,194336198,
2022,41,194336200,
2022,41,194336201,
2022,41,194336202,
2022,41,194336206,
2022,21,194336209,
2022,21,194336210,
2022,42,194336211,
2022,41,194336226,
2022,41,194336230,
2022,37,200531117,
2022,21,194336233,
2022,41,200531118,
2022,41,195333732,
2022,41,194336237,
2022,41,194336238,
2022,41,194336239,
2022,41,175892778,
2022,41,194336243,
2022,41,175907151,
2022,41,200531120,
2022,41,194336245,
2022,41,175949158,
2022,41,194336247,
2022,21,194336248,
2022,41,194336250,
2022,41,194336254,
2022,41,176162912,
2022,38,194336255,
2022,21,194336256,
2022,41,194336257,
2022,41,194336258,
2022,41,194336263,
2022,41,201040472,
2022,31,176317783,
2022,42,201040473,
2022,42,194336265,
2022,21,177115638,
2022,41,194336266,
2022,41,194336274,
2022,41,176872560,
2022,41,194336284,
2022,41,194336285,
2022,41,176872564,
2022,41,176872566,
2022,41,176872567,
2022,41,194336301,
2022,41,176872571,
2022,41,194336302,
2022,41,194336303,
2022,41,177063188,
2022,41,194336306,
2022,41,194336308,
2022,41,200711309,
2022,41,194336312,
2022,41,194336313,
2022,41,194336318,
2022,41,194336325,
2022,38,194336327,
2022,41,194336329,
2022,31,194336330,
2022,1,200711312,
2022,41,200711318,
2022,42,196809426,
2022,41,196809427,
2022,41,194336344,
2022,41,194336346,
2022,41,196809428,
2022,41,194336355,
2022,39,194336356,
2022,41,194336358,
2022,3,200506163,
2022,41,194336360,
2022,41,194336362,
2022,41,194336364,
2022,41,194336365,
2022,41,194336366,
2022,41,194336368,
2022,1,200506165,
2022,41,196144130,
2022,41,194336374,
2022,41,194336375,
2022,41,194336378,
2022,3,200506170,
2022,3,200506172,
2022,41,194336385,
2022,41,194336390,
2022,41,194336391,
2022,41,194336399,
2022,41,194336403,
2022,41,194336406,
2022,41,200711336,
2022,41,200506178,
2022,41,177063190,
2022,41,177115641,
2022,41,177534007,
2022,41,177115643,
2022,41,177115645,
2022,41,177182882,
2022,41,200620125,
2022,41,196168219,
2022,41,194336410,
2022,41,194336416,
2022,39,194336417,
2022,41,196168221,
2022,41,196168224,
2022,41,177182889,
2022,41,200620126,
2022,41,196168231,
2022,3,200186826,
2022,3,200186827,
2022,41,194336427,
2022,41,194336428,
2022,41,196168233,
2022,37,196168233,
2022,3,177324952,
2022,41,196168235,
2022,41,196168237,
2022,41,177534011,
2022,41,196168248,
2022,41,194336439,
2022,41,200620127,
2022,41,200186831,
2022,21,178053274,
2022,41,196168253,
2022,41,196168255,
2022,41,194336445,
2022,3,194336446,
2022,41,178230929,
2022,41,196168257,
2022,38,194336448,
2022,41,194336449,
2022,41,196168259,
2022,41,178230930,
2022,41,194336452,
2022,41,200620128,
2022,41,178230931,
2022,41,178230934,
2022,21,196168263,
2022,35,178230935,
2022,41,194336461,
2022,21,178230938,
2022,41,194336464,
2022,37,200620129,
2022,41,194336467,
2022,41,178230941,
2022,41,200620130,
2022,41,200711342,
2022,41,194336470,
2022,41,194336472,
2022,41,194336474,
2022,41,194336476,
2022,41,178371795,
2022,41,178371796,
2022,41,178371797,
2022,41,178371800,
2022,41,178371801,
2022,41,178780481,
2022,41,178780483,
2022,41,178858327,
2022,41,179019330,
2022,41,179019334,
2022,3,179019335,
2022,32,179019338,
2022,41,179101338,
2022,3,179101339,
2022,41,179101340,
2022,41,180074860,
2022,38,180382587,
2022,41,200186835,
2022,3,197176905,
2022,41,194336483,
2022,41,194336487,
2022,42,182655045,
2022,41,194336493,
2022,41,194336497,
2022,31,196168267,
2022,38,196168267,
2022,31,196168268,
2022,38,196168268,
2022,41,194336507,
2022,41,194336508,
2022,41,194336510,
2022,3,200711348,
2022,41,194336515,
2022,41,194336522,
2022,21,200506182,
2022,41,194336535,
2022,42,194336538,
2022,41,194336544,
2022,32,195764372,
2022,32,195764376,
2022,42,194336546,
2022,41,194336552,
2022,39,194336553,
2022,42,194336556,
2022,41,195148444,
2022,41,194336558,
2022,41,194336559,
2022,41,182655059,
2022,38,199733743,
2022,38,182932378,
2022,31,182655066,
2022,41,182655068,
2022,41,182655070,
2022,41,200711356,
2022,41,182655072,
2022,3,191009705,
2022,41,180883277,
2022,21,182655078,
2022,21,184376246,
2022,38,200711365,
2022,41,189823350,
2022,41,200818500,
2022,41,182655102,
2022,41,180883280,
2022,3,180883281,
2022,41,181277031,
2022,41,182655108,
2022,41,182703955,
2022,41,182945091,
2022,41,181277032,
2022,41,181277037,
2022,3,196168270,
2022,3,196168272,
2022,41,181277038,
2022,41,182655118,
2022,21,181315719,
2022,41,182655121,
2022,41,182655123,
2022,41,200186860,
2022,42,186693369,
2022,41,182655137,
2022,41,182655138,
2022,41,182655140,
2022,41,182655143,
2022,41,182655146,
2022,41,182945097,
2022,41,182655147,
2022,41,182703964,
2022,42,201040474,
2022,42,201040475,
2022,41,182945098,
2022,41,182655151,
2022,41,182655153,
2022,41,182655154,
2022,41,182699126,
2022,41,182945099,
2022,41,182655157,
2022,38,182655160,
2022,31,182655161,
2022,42,183410092,
2022,41,182699128,
2022,41,182655164,
2022,41,182655165,
2022,41,183664558,
2022,41,182655168,
2022,41,182699133,
2022,37,182699133,
2022,41,190230351,
2022,41,182655178,
2022,41,182655192,
2022,41,182945101,
2022,41,182655199,
2022,41,182857907,
2022,41,199955504,
2022,41,182857912,
2022,41,199976132,
2022,41,199976135,
2022,41,182932381,
2022,41,182699136,
2022,37,182699136,
2022,41,184971476,
2022,38,181419612,
2022,41,182655205,
2022,41,182764777,
2022,21,182901803,
2022,21,182901804,
2022,41,183153295,
2022,41,182655207,
2022,41,182655210,
2022,41,182699137,
2022,41,199955510,
2022,41,181454599,
2022,31,183410098,
2022,42,191824412,
2022,39,196809429,
2022,41,182655217,
2022,41,182655218,
2022,41,181477544,
2022,41,199955511,
2022,41,196809436,
2022,41,182945104,
2022,41,182901806,
2022,41,181477546,
2022,3,181477558,
2022,41,196809438,
2022,1,191009707,
2022,41,181489375,
2022,1,191009708,
2022,38,196809439,
2022,41,181516912,
2022,41,182912478,
2022,41,182912481,
2022,41,181516914,
2022,38,181516916,
2022,41,183153299,
2022,41,181516918,
2022,41,182912485,
2022,21,181528094,
2022,41,182932382,
2022,41,181653002,
2022,3,199023538,
2022,41,183383089,
2022,21,201004383,
2022,41,183970988,
2022,41,182982832,
2022,41,183383091,
2022,21,184228388,
2022,21,184228389,
2022,41,182646614,
2022,41,182982833,
2022,41,184044101,
2022,41,182646615,
2022,37,201040367,
2022,38,183990350,
2022,41,199955517,
2022,41,182982837,
2022,41,182982839,
2022,41,184108313,
2022,42,187417858,
2022,41,184971478,
2022,41,183044753,
2022,41,184289304,
2022,38,184126682,
2022,38,184126683,
2022,41,184044106,
2022,37,201040368,
2022,41,183992475,
2022,41,201040370,
2022,41,201040371,
2022,41,182646661,
2022,41,199955522,
2022,41,184228392,
2022,41,182646663,
2022,41,182646672,
2022,31,199976139,
2022,31,199976140,
2022,41,201040372,
2022,21,183896202,
2022,21,183896203,
2022,41,183410135,
2022,41,182646697,
2022,42,190533425,
2022,41,183210155,
2022,39,199955526,
2022,41,183383092,
2022,21,183667260,
2022,41,183667261,
2022,41,183451004,
2022,21,201040373,
2022,41,183896210,
2022,41,183990364,
2022,41,182646704,
2022,37,201040374,
2022,41,182646713,
2022,41,183667263,
2022,41,183990369,
2022,41,183992479,
2022,42,187217200,
2022,3,182646722,
2022,41,183693198,
2022,42,189823351,
2022,41,183667264,
2022,41,183896217,
2022,38,183667267,
2022,41,182764168,
2022,41,199955530,
2022,41,183693199,
2022,41,185713542,
2022,41,183705385,
2022,41,201040375,
2022,41,183988362,
2022,41,190230354,
2022,41,183992482,
2022,39,184289307,
2022,41,183988365,
2022,41,182857489,
2022,41,183992484,
2022,41,183737638,
2022,41,183737639,
2022,21,184353197,
2022,41,182932119,
2022,41,183737645,
2022,41,182944894,
2022,41,183992485,
2022,41,184231881,
2022,41,183410028,
2022,41,183410029,
2022,41,183410030,
2022,41,201064201,
2022,41,187417859,
2022,41,183970992,
2022,42,190714005,
2022,41,185435478,
2022,41,183898055,
2022,41,184376252,
2022,41,200711375,
2022,41,194336562,
2022,41,183892745,
2022,21,187217205,
2022,41,184289311,
2022,41,199976143,
2022,41,184376254,
2022,38,184376255,
2022,41,201071914,
2022,41,183920671,
2022,1,199925475,
2022,3,199925476,
2022,41,183970998,
2022,41,201071915,
2022,41,183953919,
2022,21,201071916,
2022,21,183920680,
2022,41,183992492,
2022,41,184376256,
2022,21,201590522,
2022,41,184228403,
2022,3,184289313,
2022,41,184289314,
2022,21,201590523,
2022,41,184285092,
2022,38,184376260,
2022,38,184376261,
2022,41,183970903,
2022,41,184244004,
2022,41,183992495,
2022,41,183990316,
2022,41,199976145,
2022,41,183992496,
2022,41,183967280,
2022,3,184244006,
2022,3,184244007,
2022,41,183988368,
2022,41,183990317,
2022,41,184376262,
2022,21,201590524,
2022,42,184365867,
2022,41,187217207,
2022,37,187217207,
2022,42,203220829,
2022,41,184376263,
2022,41,201071917,
2022,41,184241314,
2022,41,187734637,
2022,41,187217209,
2022,41,187217212,
2022,41,184044060,
2022,1,199925481,
2022,21,201590525,
2022,21,184075499,
2022,41,184228267,
2022,41,183992505,
2022,41,190533427,
2022,41,184232042,
2022,37,184232042,
2022,41,183992506,
2022,3,189185520,
2022,41,201071918,
2022,39,199976146,
2022,3,184231889,
2022,41,184376266,
2022,41,187217214,
2022,3,184126690,
2022,41,184231890,
2022,37,201071919,
2022,41,201071920,
2022,41,184126694,
2022,41,184126697,
2022,41,189361314,
2022,41,201071921,
2022,41,184376270,
2022,41,184168675,
2022,39,184168676,
2022,42,188662739,
2022,39,186119203,
2022,41,184376271,
2022,38,184365433,
2022,41,186119207,
2022,41,184228428,
2022,41,201071922,
2022,41,184228429,
2022,41,184376273,
2022,41,184365439,
2022,41,184228430,
2022,41,201071924,
2022,41,201071925,
2022,21,185435482,
2022,21,185435483,
2022,41,185202206,
2022,42,184376275,
2022,21,184376276,
2022,41,201071926,
2022,41,194336564,
2022,41,184376277,
2022,41,184483852,
2022,41,201071927,
2022,41,184810643,
2022,41,201524514,
2022,41,201071928,
2022,41,184832332,
2022,37,201071929,
2022,41,184832337,
2022,41,201071930,
2022,37,201251204,
2022,21,201590526,
2022,41,201251205,
2022,41,201251206,
2022,21,185435469,
2022,41,201251210,
2022,41,201251211,
2022,41,201251213,
2022,41,201251214,
2022,41,201506092,
2022,41,201506093,
2022,3,201590527,
2022,41,201506094,
2022,31,187121770,
2022,41,187121779,
2022,41,201506095,
2022,41,201506097,
2022,41,187220697,
2022,41,187220698,
2022,41,187220703,
2022,41,187352085,
2022,41,201738405,
2022,41,187355621,
2022,41,187377684,
2022,41,199856973,
2022,42,185567027,
2022,21,202061000,
2022,41,199976149,
2022,38,199976149,
2022,31,199976150,
2022,38,187388337,
2022,1,184971497,
2022,7,184971498,
2022,41,199976151,
2022,31,199976152,
2022,41,185783811,
2022,38,199976153,
2022,31,199976155,
2022,41,187388338,
2022,41,202061001,
2022,41,202061002,
2022,41,185783815,
2022,41,202061003,
2022,41,187433813,
2022,37,202130817,
2022,41,202130818,
2022,41,187645043,
2022,37,202130819,
2022,41,199856983,
2022,41,188895550,
2022,41,185783816,
2022,41,185783817,
2022,41,192085683,
2022,41,184376298,
2022,42,185713549,
2022,41,199976157,
2022,41,185895410,
2022,21,185895411,
2022,41,185895412,
2022,21,185895414,
2022,41,184810783,
2022,41,202130820,
2022,21,201590528,
2022,41,184484441,
2022,1,201590529,
2022,41,185895424,
2022,41,187778276,
2022,41,185895427,
2022,41,202130821,
2022,41,184624988,
2022,41,187778281,
2022,41,186040921,
2022,42,187217215,
2022,38,187778282,
2022,41,187800789,
2022,31,186621330,
2022,3,186119212,
2022,41,190230356,
2022,41,202174288,
2022,38,186040925,
2022,38,186040926,
2022,41,187897364,
2022,41,186119214,
2022,41,202130822,
2022,41,184810785,
2022,37,202130823,
2022,41,187982887,
2022,41,187982889,
2022,41,202155050,
2022,41,188009913,
2022,41,188009914,
2022,41,188009915,
2022,41,202155051,
2022,41,201064221,
2022,41,184942027,
2022,41,199976163,
2022,41,185713554,
2022,41,184869263,
2022,41,184942035,
2022,41,185631270,
2022,41,185713558,
2022,41,185567037,
2022,41,185435512,
2022,21,201590530,
2022,41,185487672,
2022,41,185202210,
2022,41,185202211,
2022,21,201590531,
2022,21,202155052,
2022,3,186693376,
2022,41,185277007,
2022,41,185277008,
2022,3,190714006,
2022,41,188511275,
2022,41,190533428,
2022,41,188511280,
2022,41,200711384,
2022,41,202155054,
2022,41,190230359,
2022,38,202155055,
2022,41,186139915,
2022,38,188514286,
2022,41,185372188,
2022,41,188514287,
2022,41,188647497,
2022,41,202155056,
2022,41,202155057,
2022,41,202155058,
2022,41,202155059,
2022,41,188826972,
2022,41,188886946,
2022,41,202155060,
2022,41,188895531,
2022,41,188895533,
2022,41,188977872,
2022,41,202155061,
2022,41,202155062,
2022,41,199672088,
2022,41,185713570,
2022,37,185713570,
2022,31,185713571,
2022,41,185479196,
2022,21,186139920,
2022,21,186139921,
2022,41,186684817,
2022,38,186693378,
2022,31,186693379,
2022,41,190533430,
2022,37,201590532,
2022,38,201590533,
2022,41,189099207,
2022,37,202155063,
2022,41,202155064,
2022,38,189393679,
2022,41,202174290,
2022,37,202174291,
2022,41,202174292,
2022,41,190179236,
2022,41,202174294,
2022,41,202174295,
2022,41,200042519,
2022,41,190179244,
2022,41,190230284,
2022,41,190230287,
2022,21,202174297,
2022,41,186139927,
2022,41,186139928,
2022,41,190233181,
2022,41,186698624,
2022,1,190233182,
2022,41,190233184,
2022,41,190446504,
2022,42,190233190,
2022,41,202174299,
2022,41,202174300,
2022,42,187217219,
2022,41,190230361,
2022,21,190230364,
2022,41,190230364,
2022,3,190533325,
2022,21,201590535,
2022,41,186333687,
2022,41,202174301,
2022,41,185666752,
2022,41,192085684,
2022,41,186119240,
2022,21,201590540,
2022,21,201590541,
2022,41,190625396,
2022,41,190623340,
2022,41,190623341,
2022,41,190623343,
2022,38,191027149,
2022,41,190728522,
2022,41,190989403,
2022,41,202174302,
2022,41,202419333,
2022,38,201590542,
2022,38,201590543,
2022,41,191027153,
2022,41,202419334,
2022,1,199672094,
2022,41,186693385,
2022,38,185713592,
2022,38,185713593,
2022,41,185713596,
2022,41,186165349,
2022,41,186119259,
2022,38,186698629,
2022,31,186698630,
2022,41,185713602,
2022,41,185713604,
2022,41,186698634,
2022,41,202431298,
2022,9,191880279,
2022,9,191880280,
2022,41,191880284,
2022,41,191957626,
2022,41,202431299,
2022,41,202431300,
2022,41,199949123,
2022,41,185895438,
2022,41,186207392,
2022,3,192198183,
2022,38,192198185,
2022,42,201040476,
2022,42,201040477,
2022,41,202431302,
2022,41,199672098,
2022,38,199672099,
2022,3,187417869,
2022,3,187417870,
2022,41,202431303,
2022,21,187505222,
2022,21,187505223,
2022,41,186880071,
2022,38,186880071,
2022,41,187217224,
2022,41,199672101,
2022,41,192457835,
2022,41,187032628,
2022,41,187032632,
2022,41,194336572,
2022,41,186880079,
2022,41,187505228,
2022,41,187631191,
2022,21,187631192,
2022,41,187631193,
2022,41,187631195,
2022,41,187631196,
2022,42,194336573,
2022,41,190230365,
2022,41,187121878,
2022,41,187121879,
2022,41,199672104,
2022,32,194336574,
2022,32,194336575,
2022,41,187101702,
2022,41,187645080,
2022,41,187220720,
2022,42,192457842,
2022,42,187217236,
2022,41,187645083,
2022,41,187388374,
2022,41,199604014,
2022,41,187217241,
2022,3,191009710,
2022,3,191009711,
2022,41,186621336,
2022,41,186377538,
2022,41,199604016,
2022,38,199604017,
2022,41,187220726,
2022,41,186693419,
2022,41,186621347,
2022,41,192409672,
2022,41,186621349,
2022,21,186621350,
2022,3,199604018,
2022,3,199604019,
2022,1,199604021,
2022,41,186698654,
2022,41,186698657,
2022,41,187279669,
2022,41,187336563,
2022,41,187336565,
2022,41,187417885,
2022,41,187336569,
2022,41,187417887,
2022,41,186856223,
2022,41,186856229,
2022,41,187734649,
2022,41,187734650,
2022,41,187336570,
2022,41,197761611,
2022,41,187217261,
2022,41,187012762,
2022,41,187336572,
2022,41,187336574,
2022,41,187027452,
2022,31,187027453,
2022,41,187336575,
2022,41,187032639,
2022,41,187032640,
2022,41,187032641,
2022,31,187336576,
2022,31,187336577,
2022,41,187121883,
2022,41,187734652,
2022,41,187217266,
2022,42,187505246,
2022,41,189241607,
2022,41,189361319,
2022,41,189823357,
2022,1,187645084,
2022,3,190714013,
2022,41,187645086,
2022,41,187355676,
2022,41,189193644,
2022,41,187355679,
2022,41,197683289,
2022,41,190533432,
2022,3,190714015,
2022,41,187355687,
2022,3,197761763,
2022,3,197761765,
2022,41,197683292,
2022,41,189185532,
2022,41,187734657,
2022,31,187355692,
2022,38,189111626,
2022,38,189111627,
2022,41,203220831,
2022,38,187734658,
2022,31,187734659,
2022,41,187377853,
2022,41,189099299,
2022,41,189099301,
2022,41,187433856,
2022,41,187734662,
2022,41,190533436,
2022,41,197761862,
2022,41,189185539,
2022,41,201064222,
2022,41,187734667,
2022,41,189185542,
2022,41,189054577,
2022,41,192198186,
2022,41,202431305,
2022,37,202431307,
2022,41,202431308,
2022,3,192597378,
2022,41,192753212,
2022,41,202431309,
2022,41,202431310,
2022,41,202431311,
2022,41,202431313,
2022,37,189054577,
2022,41,187734669,
2022,41,194323170,
2022,21,201590544,
2022,41,187631203,
2022,41,194323186,
2022,41,188895558,
2022,37,188895558,
2022,1,201590545,
2022,41,190533437,
2022,41,187717361,
2022,38,188895560,
2022,31,188895561,
2022,41,194323199,
2022,41,192457846,
2022,38,192457847,
2022,41,194323202,
2022,41,187631206,
2022,41,194323203,
2022,41,194323206,
2022,1,199976170,
2022,3,199976171,
2022,41,187734677,
2022,41,194323207,
2022,41,202431314,
2022,41,188886997,
2022,41,194323212,
2022,41,194323215,
2022,21,201590547,
2022,41,194323216,
2022,38,201590548,
2022,38,201590549,
2022,41,194323224,
2022,41,194323228,
2022,41,194323230,
2022,41,194323250,
2022,41,195158812,
2022,41,194323274,
2022,41,202431315,
2022,41,202431316,
2022,41,194323302,
2022,41,202431317,
2022,41,194323306,
2022,41,202431319,
2022,38,194323321,
2022,38,201738406,
2022,38,201738407,
2022,41,202519892,
2022,41,194715419,
2022,41,202519893,
2022,41,202519895,
2022,41,195110592,
2022,41,195110598,
2022,21,201738408,
2022,41,195343119,
2022,41,189234346,
2022,41,188034677,
2022,21,195343125,
2022,42,197761893,
2022,21,195343126,
2022,41,188647662,
2022,38,195343132,
2022,41,195345751,
2022,41,195452423,
2022,41,195424046,
2022,41,195424052,
2022,41,195452428,
2022,9,195452430,
2022,38,195452432,
2022,21,195333733,
2022,21,195333734,
2022,41,195763867,
2022,21,195763868,
2022,21,195763869,
2022,41,195623470,
2022,21,195623472,
2022,41,195623473,
2022,41,182703289,
2022,42,201524516,
2022,41,197456733,
2022,41,188034682,
2022,41,188662767,
2022,39,194336577,
2022,41,189185546,
2022,37,189185546,
2022,41,187866672,
2022,38,188034692,
2022,41,187897851,
2022,41,187897866,
2022,1,190714019,
2022,41,188007035,
2022,41,197456744,
2022,41,183209684,
2022,41,188827022,
2022,41,189047888,
2022,41,189047889,
2022,42,183892750,
2022,41,183892752,
2022,41,188895567,
2022,38,187121783,
2022,21,194336578,
2022,41,188009990,
2022,41,188514338,
2022,1,197412100,
2022,41,188009991,
2022,38,188895568,
2022,38,188895569,
2022,41,187717163,
2022,41,188096082,
2022,41,188514340,
2022,41,191009712,
2022,38,188514344,
2022,41,188511381,
2022,41,188514345,
2022,41,198331263,
2022,41,188514355,
2022,41,188827024,
2022,41,188514356,
2022,41,198331276,
2022,41,198331278,
2022,41,198331284,
2022,41,181421884,
2022,41,181421895,
2022,21,182648180,
2022,41,183382480,
2022,41,183410047,
2022,42,185276977,
2022,41,185276978,
2022,9,185276981,
2022,42,185276992,
2022,41,188034632,
2022,41,189964869,
2022,38,188895571,
2022,38,188895572,
2022,41,188662791,
2022,41,190989417,
2022,41,190533438,
2022,41,189361330,
2022,41,188743112,
2022,31,189185549,
2022,41,188662797,
2022,41,194326291,
2022,41,188649900,
2022,41,188895574,
2022,41,197762089,
2022,41,194326295,
2022,41,197762139,
2022,41,188662803,
2022,41,194326315,
2022,41,194326316,
2022,41,194326319,
2022,41,196176513,
2022,41,196176515,
2022,41,194752770,
2022,41,190248004,
2022,41,190248015,
2022,41,190717196,
2022,41,190717208,
2022,41,190717209,
2022,3,191649562,
2022,41,194326637,
2022,41,194326647,
2022,39,194326654,
2022,41,194326660,
2022,41,194326667,
2022,42,194326674,
2022,41,195352049,
2022,41,195352054,
2022,41,195352055,
2022,41,195352063,
2022,41,195352071,
2022,41,195352077,
2022,41,195352078,
2022,41,195452480,
2022,41,189185550,
2022,41,195452489,
2022,41,188743117,
2022,41,195352090,
2022,41,188895578,
2022,41,195352091,
2022,41,195452505,
2022,41,195452515,
2022,41,177255357,
2022,41,177255358,
2022,41,178858346,
2022,41,178858348,
2022,41,178858350,
2022,41,178858352,
2022,38,178858359,
2022,41,178858366,
2022,41,178858370,
2022,38,178858375,
2022,41,188823515,
2022,41,189047898,
2022,38,194336588,
2022,41,188800480,
2022,41,188800483,
2022,41,188895582,
2022,41,189823361,
2022,38,194336593,
2022,38,194336594,
2022,41,194336597,
2022,41,188823522,
2022,41,194336601,
2022,41,189185554,
2022,3,197762204,
2022,21,194336604,
2022,21,194336605,
2022,41,188879022,
2022,41,188879024,
2022,41,194336610,
2022,41,189361348,
2022,41,192069723,
2022,41,194336613,
2022,41,188895585,
2022,41,189185564,
2022,37,189185564,
2022,41,189361349,
2022,41,189185566,
2022,41,203220832,
2022,7,197412121,
2022,42,189089541,
2022,38,189393759,
2022,31,189393760,
2022,41,178858380,
2022,41,178858384,
2022,41,178911071,
2022,41,178911076,
2022,41,178911078,
2022,41,178911080,
2022,41,178911090,
2022,41,178911097,
2022,41,178957150,
2022,41,182987873,
2022,41,178957154,
2022,41,178957162,
2022,41,178957171,
2022,41,179019347,
2022,41,189089543,
2022,41,179019352,
2022,41,190043906,
2022,41,179376606,
2022,21,192457854,
2022,21,192457855,
2022,41,189459559,
2022,41,189459561,
2022,41,191957678,
2022,41,191957680,
2022,41,189361374,
2022,39,197762240,
2022,41,189823378,
2022,3,191957681,
2022,42,199733751,
2022,21,189380979,
2022,21,189380981,
2022,41,179376835,
2022,41,179377297,
2022,41,179377947,
2022,1,199733752,
2022,41,191957683,
2022,41,197762279,
2022,21,197762281,
2022,41,189459565,
2022,37,189459565,
2022,1,189380984,
2022,41,189380985,
2022,42,197412131,
2022,3,190714027,
2022,3,190714028,
2022,38,192085691,
2022,41,189361384,
2022,41,189234351,
2022,41,190230380,
2022,41,189456100,
2022,41,189393771,
2022,41,190449503,
2022,41,189823385,
2022,41,189313771,
2022,41,189313773,
2022,41,189380991,
2022,41,189456116,
2022,41,179378274,
2022,41,179993701,
2022,41,181477569,
2022,41,181477571,
2022,1,181477580,
2022,41,181626930,
2022,41,181653061,
2022,41,181653063,
2022,38,183118055,
2022,41,181653069,
2022,41,181653074,
2022,41,181653076,
2022,41,181653079,
2022,41,181653083,
2022,31,181653084,
2022,41,181653087,
2022,41,181653089,
2022,41,182648777,
2022,41,182648778,
2022,41,182648780,
2022,38,182648785,
2022,41,182648786,
2022,41,182912403,
2022,41,182912416,
2022,21,203220833,
2022,41,182932168,
2022,41,189380992,
2022,41,182932174,
2022,41,189380997,
2022,41,190230384,
2022,41,182932182,
2022,41,197412137,
2022,41,190714031,
2022,41,182932185,
2022,41,189380999,
2022,41,189425585,
2022,41,182932191,
2022,38,182932195,
2022,41,182987874,
2022,41,198940386,
2022,38,182987877,
2022,41,184228275,
2022,41,184228277,
2022,41,184228281,
2022,38,184231903,
2022,41,184231905,
2022,41,184231909,
2022,3,184231910,
2022,41,184231911,
2022,41,184231912,
2022,41,184231916,
2022,38,184241212,
2022,3,184241216,
2022,41,184241217,
2022,41,184241224,
2022,41,184243849,
2022,41,184243852,
2022,41,184365533,
2022,41,184365534,
2022,41,184243862,
2022,9,202150746,
2022,9,202150747,
2022,41,184365540,
2022,41,184365542,
2022,41,184365543,
2022,21,184365544,
2022,41,185871875,
2022,41,185895319,
2022,38,185895329,
2022,41,186066772,
2022,21,197762499,
2022,21,197762500,
2022,41,190714033,
2022,41,189429079,
2022,3,186066778,
2022,41,189381004,
2022,41,186066786,
2022,41,186066823,
2022,41,191009723,
2022,41,189381005,
2022,41,189962633,
2022,41,189429080,
2022,41,186139814,
2022,41,189823396,
2022,38,192457858,
2022,38,192457859,
2022,41,186139817,
2022,41,186139821,
2022,38,201064224,
2022,41,189962635,
2022,3,190714037,
2022,41,186139823,
2022,41,186139824,
2022,41,186139825,
2022,41,186139826,
2022,3,187778284,
2022,41,189429085,
2022,41,187778293,
2022,41,190230388,
2022,41,189456140,
2022,41,187778294,
2022,41,187778304,
2022,41,187800794,
2022,41,190233300,
2022,41,187800796,
2022,41,190230390,
2022,21,187800797,
2022,41,187800798,
2022,41,187800800,
2022,41,194336615,
2022,41,187800801,
2022,41,187800808,
2022,41,190533454,
2022,41,187800811,
2022,42,192085692,
2022,41,190364936,
2022,41,187866618,
2022,41,191655041,
2022,41,190041181,
2022,41,187866622,
2022,41,190041182,
2022,41,197221596,
2022,38,197221596,
2022,41,187866630,
2022,21,190533459,
2022,41,189960161,
2022,41,187866643,
2022,42,197221598,
2022,41,190714041,
2022,41,187866646,
2022,41,187866648,
2022,41,190041187,
2022,31,187897380,
2022,41,190179570,
2022,37,190179570,
2022,41,189393687,
2022,41,189393691,
2022,41,189393695,
2022,41,189425525,
2022,41,189425528,
2022,38,189428989,
2022,41,189425536,
2022,41,189425540,
2022,41,189425554,
2022,41,189428996,
2022,41,189428998,
2022,38,189429001,
2022,41,189429004,
2022,41,189459493,
2022,41,189459499,
2022,41,189459500,
2022,21,189459506,
2022,41,191012691,
2022,41,191012698,
2022,41,191012700,
2022,41,191012702,
2022,41,191012703,
2022,41,191012705,
2022,21,191009658,
2022,41,191012709,
2022,41,191012717,
2022,41,191012724,
2022,41,191012725,
2022,41,191012727,
2022,21,191012735,
2022,21,191012736,
2022,38,191027158,
2022,41,191027170,
2022,21,191027185,
2022,41,191027186,
2022,3,191027196,
2022,41,194326734,
2022,41,194326735,
2022,41,194326741,
2022,41,194326748,
2022,41,197348369,
2022,41,194326749,
2022,41,194326752,
2022,41,194326757,
2022,41,194326772,
2022,41,194326774,
2022,41,194326775,
2022,21,194326777,
2022,41,194326784,
2022,41,194326788,
2022,41,194326789,
2022,41,194326794,
2022,31,194326805,
2022,41,194326817,
2022,41,194326818,
2022,41,194326823,
2022,41,194326824,
2022,41,194326825,
2022,41,194326826,
2022,41,194326828,
2022,41,194326829,
2022,41,194326839,
2022,41,194326840,
2022,41,194326842,
2022,31,194326848,
2022,41,194326849,
2022,41,194610428,
2022,41,194610439,
2022,41,194610450,
2022,41,194610529,
2022,41,197348370,
2022,41,194610536,
2022,37,195446752,
2022,31,194336619,
2022,41,190417154,
2022,21,195452517,
2022,41,195452530,
2022,42,190364937,
2022,41,190533462,
2022,41,190041189,
2022,41,190533463,
2022,31,195522486,
2022,41,190179575,
2022,41,195522488,
2022,41,195522490,
2022,41,190179579,
2022,41,190179580,
2022,41,195623487,
2022,41,194336622,
2022,38,194336622,
2022,31,194336624,
2022,41,195623489,
2022,41,195623490,
2022,41,190417157,
2022,41,195623515,
2022,41,190701534,
2022,41,194336625,
2022,41,190701535,
2022,41,190714048,
2022,41,190533474,
2022,21,190691797,
2022,21,190691798,
2022,38,195623517,
2022,41,195623518,
2022,41,195623527,
2022,41,190714049,
2022,41,175911308,
2022,41,190674470,
2022,1,194336627,
2022,1,197176911,
2022,1,197176912,
2022,41,196809448,
2022,21,196809450,
2022,41,190425823,
2022,41,194336629,
2022,41,190691804,
2022,41,200711394,
2022,41,190417163,
2022,42,190425827,
2022,38,191649678,
2022,38,191649679,
2022,41,175996430,
2022,41,176162946,
2022,41,176704393,
2022,21,177646322,
2022,41,197348372,
2022,41,178053281,
2022,41,189099231,
2022,41,179019359,
2022,38,190691807,
2022,41,190714060,
2022,41,190564895,
2022,41,191824418,
2022,41,180253600,
2022,38,191009737,
2022,3,202419378,
2022,1,202419379,
2022,3,202419380,
2022,41,190714062,
2022,3,180152478,
2022,41,194327093,
2022,41,181576993,
2022,41,191654946,
2022,41,191654952,
2022,41,191654953,
2022,38,194327094,
2022,41,191654956,
2022,41,191654959,
2022,41,191654972,
2022,42,194327095,
2022,35,191831249,
2022,5,191831250,
2022,41,191831255,
2022,41,197348374,
2022,41,191831265,
2022,41,202056922,
2022,41,190717297,
2022,41,191649682,
2022,21,191649683,
2022,41,183892759,
2022,41,191845535,
2022,41,192085693,
2022,41,191845538,
2022,41,191649684,
2022,41,194336633,
2022,41,191845540,
2022,41,190733003,
2022,42,191654978,
2022,41,192085694,
2022,37,192085694,
2022,31,191791130,
2022,41,191791135,
2022,41,191791140,
2022,41,191791145,
2022,41,191791158,
2022,41,195623529,
2022,41,191793911,
2022,41,191793915,
2022,41,191824207,
2022,41,191824222,
2022,21,191824224,
2022,41,191824227,
2022,41,191824234,
2022,42,191824235,
2022,41,191831279,
2022,41,191831281,
2022,41,191831282,
2022,41,189960150,
2022,41,190733006,
2022,41,202155124,
2022,41,190245194,
2022,41,191845576,
2022,41,191848764,
2022,21,192077899,
2022,21,192077901,
2022,41,191848782,
2022,41,200106529,
2022,41,190733007,
2022,41,191957690,
2022,37,191957690,
2022,41,190733009,
2022,21,190733010,
2022,38,194327105,
2022,41,194327106,
2022,38,192326628,
2022,41,194327111,
2022,31,192326630,
2022,41,195131849,
2022,41,190733017,
2022,21,194336638,
2022,21,194336639,
2022,41,191655051,
2022,41,182901456,
2022,41,195333758,
2022,41,191655052,
2022,21,194336641,
2022,21,194336642,
2022,41,191009769,
2022,42,197221607,
2022,41,182901458,
2022,41,182982124,
2022,41,183209802,
2022,41,182982134,
2022,41,183209805,
2022,41,183209808,
2022,41,183209812,
2022,41,183382617,
2022,41,183382620,
2022,41,183382623,
2022,21,183450626,
2022,38,183450629,
2022,41,183664537,
2022,41,197193906,
2022,41,183705358,
2022,41,183705360,
2022,3,187336465,
2022,41,187336469,
2022,41,187336470,
2022,41,187336471,
2022,41,187336479,
2022,41,202056923,
2022,41,191053922,
2022,41,187352090,
2022,38,192279656,
2022,41,187352094,
2022,31,192279659,
2022,21,191649687,
2022,41,187355630,
2022,41,187377697,
2022,41,187377700,
2022,41,187388346,
2022,41,187388348,
2022,41,190282634,
2022,41,190282637,
2022,41,190282652,
2022,41,190282660,
2022,41,190282661,
2022,32,190283873,
2022,41,190283874,
2022,41,190771396,
2022,41,197348376,
2022,41,192457864,
2022,41,200711403,
2022,41,194336644,
2022,41,192085699,
2022,38,192085700,
2022,31,192085701,
2022,41,199949125,
2022,41,192160822,
2022,41,194336646,
2022,41,191824435,
2022,41,194336648,
2022,41,191012803,
2022,41,194336650,
2022,41,191831364,
2022,3,194336652,
2022,41,191831365,
2022,41,191824438,
2022,41,194336653,
2022,41,194336654,
2022,41,197221611,
2022,41,192160824,
2022,41,202056927,
2022,41,191794060,
2022,41,202056928,
2022,41,192279662,
2022,41,191824446,
2022,42,190773114,
2022,21,191824448,
2022,7,194336655,
2022,41,194336656,
2022,41,191824450,
2022,41,201064230,
2022,21,201064231,
2022,41,191265487,
2022,41,192457868,
2022,41,192087530,
2022,41,194336658,
2022,41,191848829,
2022,41,191824455,
2022,42,191649693,
2022,41,191649695,
2022,41,191824456,
2022,41,191824457,
2022,41,194336659,
2022,38,194336659,
2022,31,194336661,
2022,42,191880375,
2022,41,191878686,
2022,41,191845622,
2022,42,197176913,
2022,41,192150188,
2022,41,194336666,
2022,41,191845623,
2022,31,192457872,
2022,31,192457873,
2022,41,192160825,
2022,41,194336669,
2022,41,199949127,
2022,41,201064232,
2022,21,192150200,
2022,3,192150201,
2022,41,192150207,
2022,41,200711406,
2022,41,197762599,
2022,3,192279667,
2022,41,192279668,
2022,41,194336673,
2022,41,192457876,
2022,41,192160827,
2022,41,197221617,
2022,41,192160831,
2022,41,192150213,
2022,41,197762741,
2022,38,192160832,
2022,41,194336683,
2022,31,194336684,
2022,41,192195975,
2022,41,194336694,
2022,41,197176918,
2022,41,192493503,
2022,41,194336695,
2022,38,192457886,
2022,31,192457887,
2022,41,192198322,
2022,41,194336698,
2022,41,191873961,
2022,41,192279674,
2022,21,192279676,
2022,41,194336701,
2022,37,194336701,
2022,41,194327645,
2022,41,199976175,
2022,41,192409687,
2022,41,194336706,
2022,41,194740320,
2022,21,198418956,
2022,41,194336712,
2022,41,194336714,
2022,38,194740322,
2022,32,194740324,
2022,41,194740325,
2022,41,194740326,
2022,41,196952539,
2022,41,196952542,
2022,41,196952551,
2022,38,197193921,
2022,41,197193951,
2022,41,197193952,
2022,1,199172532,
2022,41,180949172,
2022,41,181764569,
2022,41,183669624,
2022,41,183669631,
2022,41,183669632,
2022,41,183669633,
2022,41,183959519,
2022,41,201524521,
2022,41,184600347,
2022,38,192597460,
2022,38,192597461,
2022,21,194336726,
2022,41,187524214,
2022,41,194336732,
2022,41,194336733,
2022,41,194336734,
2022,41,194336736,
2022,31,197213920,
2022,41,187524216,
2022,41,188514293,
2022,3,189263732,
2022,38,197348377,
2022,41,189264996,
2022,41,190713982,
2022,41,192441942,
2022,41,192503410,
2022,41,192503411,
2022,21,192503415,
2022,41,177407029,
2022,41,183892761,
2022,41,183907122,
2022,41,183920682,
2022,38,197348378,
2022,21,189823255,
2022,41,194336752,
2022,41,194336753,
2022,41,194336755,
2022,41,194336759,
2022,41,197185225,
2022,21,194336765,
2022,21,194336766,
2022,41,194336767,
2022,41,197185228,
2022,1,199148042,
2022,21,189823256,
2022,3,190233214,
2022,1,199148044,
2022,38,194336770,
2022,41,194336773,
2022,21,194336774,
2022,21,194336775,
2022,41,195373039,
2022,41,194336783,
2022,21,194336784,
2022,42,194336785,
2022,41,194336786,
2022,41,194336788,
2022,42,194336789,
2022,41,194336791,
2022,41,194336795,
2022,41,194336796,
2022,41,194336801,
2022,41,202419382,
2022,41,195148451,
2022,3,195148452,
2022,41,194336806,
2022,42,197185235,
2022,41,194336817,
2022,41,202056930,
2022,41,199463018,
2022,3,194336828,
2022,3,194336829,
2022,41,197185236,
2022,41,194336833,
2022,42,187031840,
2022,38,194336837,
2022,41,194336838,
2022,41,197185239,
2022,41,194336841,
2022,41,194336844,
2022,21,194336848,
2022,41,194336849,
2022,41,194336853,
2022,3,196168296,
2022,21,194336856,
2022,21,194336857,
2022,41,194336883,
2022,41,194336884,
2022,42,187031841,
2022,41,187031852,
2022,3,197763062,
2022,41,187031857,
2022,41,194336906,
2022,41,187031859,
2022,41,187031865,
2022,41,197185255,
2022,41,194336911,
2022,41,194336912,
2022,41,187031870,
2022,41,195148456,
2022,38,195148456,
2022,21,195148458,
2022,38,195148458,
2022,42,187031878,
2022,41,194336921,
2022,42,187031880,
2022,41,194336928,
2022,41,187031885,
2022,21,194336929,
2022,41,199463019,
2022,37,199463019,
2022,42,187031886,
2022,41,188027131,
2022,41,194336936,
2022,38,196168302,
2022,31,194336945,
2022,41,194336952,
2022,41,194336953,
2022,41,194336954,
2022,41,194336959,
2022,41,188046534,
2022,41,188977875,
2022,41,194336963,
2022,41,194336968,
2022,31,194336970,
2022,41,194336971,
2022,41,194336972,
2022,41,199023543,
2022,41,194336975,
2022,41,194336978,
2022,41,194336980,
2022,41,194336981,
2022,41,194336982,
2022,41,194336983,
2022,41,194336985,
2022,41,197185261,
2022,41,197185262,
2022,41,194336987,
2022,1,197763140,
2022,3,197763141,
2022,39,194336990,
2022,42,194336993,
2022,41,197185265,
2022,41,194336998,
2022,41,194337004,
2022,31,194337005,
2022,21,194337008,
2022,3,197185267,
2022,3,197185268,
2022,3,199604026,
2022,41,194337024,
2022,41,194337028,
2022,41,194337030,
2022,31,200711417,
2022,31,200711419,
2022,41,194337033,
2022,31,194337034,
2022,41,194337040,
2022,41,194337042,
2022,42,194337048,
2022,38,195333767,
2022,31,195333768,
2022,41,194337058,
2022,38,195333771,
2022,38,195333772,
2022,38,195333774,
2022,41,190179265,
2022,41,194337068,
2022,41,195333776,
2022,41,194337077,
2022,42,195333779,
2022,41,190416851,
2022,39,194337080,
2022,41,191878615,
2022,41,194337081,
2022,41,201064236,
2022,41,194329428,
2022,41,195333782,
2022,41,194337094,
2022,21,195148473,
2022,41,194329435,
2022,41,195333784,
2022,42,194329436,
2022,41,196809305,
2022,3,197185296,
2022,41,194337111,
2022,41,195148482,
2022,21,197213923,
2022,1,202419383,
2022,41,195522535,
2022,41,194337131,
2022,42,194337132,
2022,38,195333792,
2022,31,195333793,
2022,41,195148496,
2022,41,195148499,
2022,41,195148500,
2022,21,195148501,
2022,41,197015350,
2022,41,194337141,
2022,42,194337143,
2022,3,203213025,
2022,21,195964497,
2022,38,195522538,
2022,42,197176922,
2022,41,194337147,
2022,41,199023549,
2022,31,199023551,
2022,41,195148516,
2022,41,195148520,
2022,41,195522539,
2022,38,203220835,
2022,31,203220836,
2022,41,195148531,
2022,41,195148535,
2022,41,195148541,
2022,41,195148546,
2022,41,196168329,
2022,41,195148548,
2022,41,196168334,
2022,3,200506186,
2022,3,200506187,
2022,41,197176924,
2022,41,196168338,
2022,41,195522551,
2022,41,196168340,
2022,41,195333817,
2022,41,195522554,
2022,42,196168350,
2022,21,199604030,
2022,21,199604031,
2022,41,195522558,
2022,41,196168352,
2022,41,197137914,
2022,41,197763236,
2022,41,196168355,
2022,41,201524530,
2022,41,199463020,
2022,41,197137915,
2022,41,202056938,
2022,41,195522566,
2022,41,195522569,
2022,41,195522571,
2022,41,195522573,
2022,41,197176928,
2022,41,199733759,
2022,41,195522590,
2022,41,197176929,
2022,38,196809530,
2022,41,191791167,
2022,41,191793928,
2022,41,197177000,
2022,41,191793929,
2022,38,191793933,
2022,42,191793945,
2022,41,191793948,
2022,41,191793957,
2022,42,191793962,
2022,38,191824249,
2022,42,191824251,
2022,41,191824261,
2022,41,191824262,
2022,41,191824264,
2022,41,191824270,
2022,41,191824272,
2022,41,191824289,
2022,41,191824292,
2022,41,191824293,
2022,41,191824305,
2022,41,191824308,
2022,41,191831302,
2022,41,191831307,
2022,41,191831308,
2022,41,191831309,
2022,41,191831327,
2022,41,190674409,
2022,41,190674413,
2022,41,191654988,
2022,5,191791168,
2022,9,191791168,
2022,41,191848787,
2022,41,201524584,
2022,41,192059163,
2022,41,202056979,
2022,41,192059168,
2022,41,192069511,
2022,41,192069522,
2022,41,192493387,
2022,41,192493390,
2022,41,194331240,
2022,41,177400288,
2022,41,194331243,
2022,41,194331244,
2022,41,194331246,
2022,41,177400292,
2022,41,194331258,
2022,41,177520789,
2022,38,177520790,
2022,41,194331259,
2022,41,194331272,
2022,42,177400295,
2022,41,177400298,
2022,41,194331274,
2022,41,194331276,
2022,41,194752783,
2022,32,177534041,
2022,41,177534043,
2022,41,177534046,
2022,41,177552758,
2022,41,177400300,
2022,41,194756138,
2022,41,196621886,
2022,37,177400301,
2022,41,177646402,
2022,41,196689143,
2022,3,177646407,
2022,42,196784704,
2022,41,178210838,
2022,41,196822891,
2022,31,178858426,
2022,41,178230957,
2022,41,178858428,
2022,41,196822893,
2022,41,196938566,
2022,38,176128406,
2022,41,178876290,
2022,41,177400303,
2022,3,178976138,
2022,31,177400304,
2022,41,179019368,
2022,41,179019369,
2022,41,177532743,
2022,37,178053346,
2022,32,178053348,
2022,41,178053350,
2022,41,178053351,
2022,21,178053354,
2022,41,178053355,
2022,42,178053357,
2022,21,178490245,
2022,41,178797733,
2022,41,178858441,
2022,41,178858448,
2022,41,178876300,
2022,41,178880027,
2022,41,178911140,
2022,41,178911146,
2022,6,178911150,
2022,41,179019378,
2022,41,179019380,
2022,41,179019384,
2022,41,179181345,
2022,38,179325424,
2022,41,179325428,
2022,41,179378591,
2022,3,179494401,
2022,37,179494403,
2022,41,179544189,
2022,41,176128408,
2022,41,177135782,
2022,41,177129489,
2022,41,177646332,
2022,41,179103254,
2022,38,179625742,
2022,41,181604984,
2022,41,181605582,
2022,41,181605583,
2022,41,181549589,
2022,31,179958094,
2022,42,182651907,
2022,41,179994128,
2022,41,179994134,
2022,41,180059051,
2022,41,180059052,
2022,41,180120987,
2022,41,180339116,
2022,41,184086599,
2022,41,185490164,
2022,41,185490167,
2022,41,185490168,
2022,41,185836791,
2022,41,187524596,
2022,41,187524597,
2022,42,187524600,
2022,41,187524601,
2022,41,189195861,
2022,41,180339119,
2022,38,181277113,
2022,41,189195864,
2022,41,189195866,
2022,41,181291066,
2022,32,181291071,
2022,41,181310833,
2022,41,181315768,
2022,41,181419665,
2022,41,181451727,
2022,41,181453377,
2022,41,181453378,
2022,41,181453379,
2022,41,181453380,
2022,41,181453384,
2022,3,181453390,
2022,41,181458725,
2022,41,194331597,
2022,41,181517145,
2022,41,181517148,
2022,41,181517149,
2022,41,181520940,
2022,37,181577081,
2022,41,181577082,
2022,41,181577085,
2022,41,181653131,
2022,41,181653134,
2022,41,181653136,
2022,41,192614823,
2022,41,182643645,
2022,41,182643651,
2022,32,182643653,
2022,41,182643654,
2022,41,182643660,
2022,41,182643668,
2022,41,182643672,
2022,3,182643675,
2022,41,182643682,
2022,41,182643695,
2022,41,182643696,
2022,41,182643697,
2022,41,182643701,
2022,41,194331614,
2022,41,196399152,
2022,41,182643709,
2022,42,196399153,
2022,41,196412376,
2022,41,182643717,
2022,41,182643719,
2022,41,196412377,
2022,41,182643721,
2022,41,196412378,
2022,41,182643722,
2022,41,180152481,
2022,41,182643723,
2022,41,183044505,
2022,3,183152859,
2022,41,183152865,
2022,41,183664461,
2022,41,183705392,
2022,41,183705395,
2022,41,181520895,
2022,41,183732189,
2022,41,183732190,
2022,41,181653096,
2022,3,183732192,
2022,41,183732193,
2022,41,185429628,
2022,41,183892822,
2022,41,183917323,
2022,41,183917326,
2022,41,190364859,
2022,41,183953934,
2022,41,183953936,
2022,41,183953960,
2022,37,183953964,
2022,41,177235001,
2022,41,183953969,
2022,41,183953970,
2022,41,183953976,
2022,41,183953980,
2022,41,183953981,
2022,41,183953982,
2022,41,183953983,
2022,41,183953985,
2022,41,183953991,
2022,21,183990371,
2022,41,183967282,
2022,41,183967283,
2022,41,184072790,
2022,41,184072792,
2022,41,184072793,
2022,41,184072795,
2022,41,184108322,
2022,41,184147971,
2022,38,184147974,
2022,41,184168682,
2022,41,184168683,
2022,41,184353153,
2022,41,184365371,
2022,41,184365375,
2022,37,184392040,
2022,21,184392041,
2022,41,177235006,
2022,41,184483723,
2022,41,178371825,
2022,3,184625005,
2022,38,184625017,
2022,38,184625018,
2022,42,184625030,
2022,41,184625033,
2022,41,184625035,
2022,41,184822104,
2022,41,185167165,
2022,41,185143416,
2022,31,185143417,
2022,41,185202214,
2022,41,185202215,
2022,41,185202217,
2022,41,178322913,
2022,41,178313202,
2022,41,186880112,
2022,41,186119332,
2022,41,186119334,
2022,41,186139934,
2022,37,186880114,
2022,41,187032645,
2022,41,187032646,
2022,41,187032655,
2022,41,187032658,
2022,9,187217276,
2022,41,187217277,
2022,41,187217278,
2022,38,178313202,
2022,41,178313212,
2022,41,187220740,
2022,41,187220745,
2022,41,187220746,
2022,42,187220747,
2022,41,187220748,
2022,41,178391562,
2022,41,187336582,
2022,21,187336586,
2022,41,187336590,
2022,41,178391563,
2022,41,187336599,
2022,38,178501368,
2022,41,187336600,
2022,41,179023375,
2022,41,187352199,
2022,41,187352205,
2022,41,187352207,
2022,41,187352208,
2022,41,179204430,
2022,41,179204431,
2022,41,179204432,
2022,41,179613092,
2022,37,187505293,
2022,41,187505295,
2022,41,187508721,
2022,41,187508722,
2022,41,187508727,
2022,3,179640865,
2022,3,180024427,
2022,41,187980630,
2022,38,187980634,
2022,41,187982985,
2022,1,188511384,
2022,37,188649902,
2022,42,188890065,
2022,41,188890066,
2022,41,188895589,
2022,41,188895590,
2022,41,189277301,
2022,41,189313781,
2022,32,189313785,
2022,3,189313793,
2022,41,189381023,
2022,41,189381035,
2022,41,189381037,
2022,41,189381039,
2022,3,189425599,
2022,41,189459568,
2022,37,189459580,
2022,38,189459590,
2022,41,180024433,
2022,41,180074904,
2022,42,189768543,
2022,41,180074919,
2022,41,180883284,
2022,39,189810702,
2022,41,189810705,
2022,41,180914216,
2022,41,190122556,
2022,41,190122558,
2022,41,190122565,
2022,41,190122568,
2022,3,180914221,
2022,32,190230413,
2022,41,182652130,
2022,41,190230419,
2022,41,190233310,
2022,41,190233311,
2022,42,190233313,
2022,41,190245250,
2022,41,190245251,
2022,41,190364954,
2022,41,190364958,
2022,41,190364961,
2022,21,190364986,
2022,41,190364991,
2022,41,190364996,
2022,41,190403874,
2022,41,190403875,
2022,41,190403885,
2022,42,190674484,
2022,41,190674485,
2022,41,190674489,
2022,37,190674490,
2022,41,190674493,
2022,42,190674494,
2022,1,182652150,
2022,41,190674496,
2022,42,190678027,
2022,3,182652150,
2022,41,182652159,
2022,41,190678045,
2022,37,190691811,
2022,41,182652164,
2022,21,190691815,
2022,41,182652172,
2022,41,190728654,
2022,38,183897968,
2022,41,190728657,
2022,21,191009799,
2022,41,182652181,
2022,42,191009804,
2022,38,182886045,
2022,41,191009808,
2022,41,191009809,
2022,41,191009812,
2022,41,191880379,
2022,3,191880382,
2022,41,183897975,
2022,41,191880383,
2022,41,191880386,
2022,41,182886048,
2022,41,191880387,
2022,41,183210044,
2022,41,191957695,
2022,38,191957696,
2022,38,191957700,
2022,41,191957701,
2022,41,194316822,
2022,41,183450880,
2022,38,192326639,
2022,38,184044062,
2022,41,194316838,
2022,41,194316839,
2022,41,194316841,
2022,21,194316842,
2022,38,194316843,
2022,42,194316847,
2022,41,187121793,
2022,41,194316851,
2022,41,194316852,
2022,41,194316858,
2022,41,194316859,
2022,41,194316860,
2022,41,194316871,
2022,41,194316877,
2022,41,187121799,
2022,41,194316885,
2022,41,194316886,
2022,37,194316888,
2022,41,194316889,
2022,41,184126657,
2022,41,194316896,
2022,41,187121807,
2022,41,194316897,
2022,41,194316908,
2022,37,194316913,
2022,41,194316914,
2022,31,189234234,
2022,41,194316935,
2022,37,194316942,
2022,37,194316944,
2022,3,194316945,
2022,42,194316949,
2022,41,194316960,
2022,41,194316964,
2022,41,194316966,
2022,41,194316971,
2022,21,194316972,
2022,41,194316974,
2022,41,194316976,
2022,37,194316979,
2022,41,194316983,
2022,41,194316989,
2022,41,194316990,
2022,32,194316997,
2022,32,194609330,
2022,41,194756459,
2022,42,195148555,
2022,41,195218584,
2022,41,189234235,
2022,41,195424120,
2022,41,195424125,
2022,41,187031904,
2022,41,187101667,
2022,41,187121855,
2022,41,187217147,
2022,41,189185389,
2022,38,187800824,
2022,41,188009922,
2022,41,175699730,
2022,41,175699731,
2022,41,175699905,
2022,41,188826974,
2022,41,176150183,
2022,41,189193630,
2022,41,176533734,
2022,41,189193634,
2022,41,190248035,
2022,41,190248036,
2022,41,191027203,
2022,41,190533331,
2022,41,191012746,
2022,41,176872606,
2022,41,176771616,
2022,41,177125636,
2022,41,177105283,
2022,38,191053810,
2022,38,191012747,
2022,41,191053812,
2022,41,177139537,
2022,41,191878621,
2022,41,177254254,
2022,41,177278734,
2022,41,177282605,
2022,41,194331892,
2022,41,177511583,
2022,41,177511585,
2022,41,177534054,
2022,41,194317168,
2022,41,194317181,
2022,41,194331911,
2022,38,194317209,
2022,41,194331921,
2022,41,194317210,
2022,41,194317212,
2022,41,194317215,
2022,41,194317216,
2022,41,194331977,
2022,41,194317219,
2022,3,194317222,
2022,41,194317224,
2022,32,194317229,
2022,41,195150036,
2022,5,178022579,
2022,41,194331979,
2022,31,194331980,
2022,41,194331981,
2022,38,194332021,
2022,3,195158824,
2022,41,195199675,
2022,41,195173296,
2022,38,194332022,
2022,3,195343152,
2022,41,194332037,
2022,41,194332054,
2022,41,195365298,
2022,38,195446873,
2022,41,194332060,
2022,41,179561074,
2022,41,194332073,
2022,32,178288856,
2022,41,178297132,
2022,41,194332080,
2022,21,178353597,
2022,41,178354071,
2022,41,198422160,
2022,41,178858466,
2022,41,195149986,
2022,41,195149988,
2022,41,198378474,
2022,41,198378502,
2022,41,178957174,
2022,41,179095752,
2022,41,179095754,
2022,3,181757799,
2022,42,198488920,
2022,41,179325429,
2022,41,179534853,
2022,41,179561079,
2022,41,181513391,
2022,41,179994138,
2022,41,180105882,
2022,41,198488923,
2022,41,182643790,
2022,41,180883337,
2022,42,198500502,
2022,41,198500513,
2022,42,198983552,
2022,42,198983553,
2022,42,198983554,
2022,42,198983555,
2022,42,198983556,
2022,41,182764657,
2022,41,182764659,
2022,38,182764663,
2022,41,182764667,
2022,41,182764672,
2022,41,182764673,
2022,41,182764676,
2022,41,182764705,
2022,41,182764713,
2022,41,182764724,
2022,31,182764725,
2022,41,183044718,
2022,41,183044719,
2022,41,183044720,
2022,41,183044721,
2022,1,184168571,
2022,41,184337412,
2022,31,184337413,
2022,41,184304595,
2022,38,184304596,
2022,3,184304597,
2022,41,185776571,
2022,41,185776574,
2022,41,187980513,
2022,41,187980514,
2022,41,187980517,
2022,41,187980536,
2022,42,189429013,
2022,41,189429014,
2022,41,190999824,
2022,37,180382933,
2022,41,190999828,
2022,41,190999829,
2022,41,192597379,
2022,41,192597397,
2022,21,192597398,
2022,41,192597399,
2022,21,192597402,
2022,3,192597406,
2022,31,194333167,
2022,41,194333171,
2022,41,194333173,
2022,41,194333174,
2022,41,194333193,
2022,21,194333195,
2022,41,195623531,
2022,41,195623538,
2022,41,195623545,
2022,41,195623547,
2022,38,195623552,
2022,42,182653086,
2022,41,180556460,
2022,41,182653095,
2022,42,182653102,
2022,41,181408299,
2022,41,182653106,
2022,41,181408303,
2022,41,182653117,
2022,41,181441102,
2022,41,194333197,
2022,41,182653129,
2022,41,181458735,
2022,42,182653133,
2022,41,187866675,
2022,41,182643792,
2022,41,182653137,
2022,41,181477624,
2022,41,182653142,
2022,41,181477625,
2022,38,182653156,
2022,41,182653158,
2022,38,182653161,
2022,41,183667242,
2022,38,183210075,
2022,41,183210079,
2022,42,183210080,
2022,41,183210081,
2022,41,183705366,
2022,41,184231923,
2022,41,184231924,
2022,9,184231927,
2022,9,184231928,
2022,9,184231932,
2022,41,184243873,
2022,41,184243874,
2022,41,184289211,
2022,41,184289219,
2022,41,184289226,
2022,41,184289227,
2022,41,184376206,
2022,41,184832376,
2022,38,184832380,
2022,41,184832383,
2022,41,185143370,
2022,41,185435470,
2022,42,185631106,
2022,42,185776592,
2022,38,186066854,
2022,38,186066859,
2022,38,186066861,
2022,38,186066864,
2022,38,186165330,
2022,41,186377322,
2022,38,186377325,
2022,38,186377326,
2022,38,189361122,
2022,38,187027412,
2022,38,187027413,
2022,38,187027414,
2022,38,187027415,
2022,38,187027416,
2022,41,187027418,
2022,41,187505178,
2022,41,187638779,
2022,38,187638780,
2022,38,187980538,
2022,41,187714954,
2022,41,187714956,
2022,41,187778310,
2022,41,187778316,
2022,42,187980541,
2022,41,188046535,
2022,41,188373806,
2022,41,188647507,
2022,41,188662682,
2022,41,188878982,
2022,41,189111615,
2022,41,189111616,
2022,41,189234244,
2022,41,189823262,
2022,41,190041095,
2022,41,190416852,
2022,42,190533340,
2022,36,190674415,
2022,41,191009683,
2022,41,191791179,
2022,41,191791183,
2022,41,191878627,
2022,41,191957654,
2022,41,192753230,
2022,41,192813594,
2022,41,194333217,
2022,41,194333221,
2022,41,194333225,
2022,41,194333241,
2022,41,194333244,
2022,42,195148399,
2022,41,195264429,
2022,38,195264431,
2022,42,195446755,
2022,42,195446756,
2022,41,195446757,
2022,41,177518383,
2022,41,179544070,
2022,41,181732583,
2022,42,179544079,
2022,41,181653115,
2022,41,184147908,
2022,42,186066886,
2022,41,186066918,
2022,42,187638798,
2022,41,187638806,
2022,41,189241564,
2022,41,189241565,
2022,41,190600417,
2022,41,199925435,
2022,41,194333264,
2022,41,181483404,
2022,41,194333271,
2022,21,181757800,
2022,41,181549595,
2022,41,181549596,
2022,41,194333272,
2022,42,195446770,
2022,41,181653142,
2022,3,181653144,
2022,42,181745109,
2022,42,189455653,
2022,41,182643803,
2022,41,182643808,
2022,42,182643810,
2022,1,182643813,
2022,1,182643814,
2022,42,189455656,
2022,41,182643825,
2022,38,189455659,
2022,5,182643827,
2022,41,182643828,
2022,41,182643829,
2022,42,189455667,
2022,42,189455680,
2022,38,182643854,
2022,42,189455685,
2022,41,182643862,
2022,41,182643863,
2022,38,189455688,
2022,41,182643866,
2022,42,190564877,
2022,41,190446509,
2022,42,192493430,
2022,42,182712068,
2022,42,194333284,
2022,42,194333286,
2022,41,182800684,
2022,37,179500737,
2022,9,182944851,
2022,41,182993413,
2022,38,183064544,
2022,41,183073164,
2022,3,183209572,
2022,3,183209573,
2022,41,183693204,
2022,41,183693205,
2022,3,179544097,
2022,41,183732195,
2022,38,179550455,
2022,41,183737659,
2022,41,179550457,
2022,38,183917329,
2022,41,183917330,
2022,42,181432374,
2022,41,182886067,
2022,9,183953998,
2022,41,183988371,
2022,37,182886067,
2022,3,184369329,
2022,32,184241320,
2022,41,185895371,
2022,41,184087645,
2022,41,184087648,
2022,41,185895382,
2022,41,184241322,
2022,41,185895388,
2022,41,184276264,
2022,3,186040870,
2022,41,184280237,
2022,3,186040871,
2022,37,184280238,
2022,41,186040873,
2022,41,186066929,
2022,41,187217153,
2022,41,184376114,
2022,41,187623530,
2022,41,184822105,
2022,41,187623531,
2022,3,190859678,
2022,41,185126304,
2022,41,190859679,
2022,41,195173266,
2022,41,185200570,
2022,41,185551300,
2022,3,195173279,
2022,41,185551302,
2022,41,187352210,
2022,41,185551307,
2022,3,187352211,
2022,41,185631277,
2022,41,195173280,
2022,41,195173288,
2022,41,185666762,
2022,41,195174077,
2022,41,195174087,
2022,41,185837889,
2022,41,185837890,
2022,41,185837891,
2022,41,186040944,
2022,41,195174093,
2022,41,186040948,
2022,41,186040955,
2022,42,195174096,
2022,42,187032390,
2022,41,186309781,
2022,41,186309789,
2022,41,186309791,
2022,41,186309793,
2022,41,186377547,
2022,41,187012775,
2022,41,187032397,
2022,41,187032664,
2022,41,195452609,
2022,41,187032411,
2022,41,187217280,
2022,41,187217288,
2022,41,187032426,
2022,41,187336616,
2022,41,187032450,
2022,41,187032453,
2022,41,187866676,
2022,41,187032460,
2022,41,187032463,
2022,41,187032466,
2022,41,187032467,
2022,41,187032474,
2022,41,187645089,
2022,42,187715025,
2022,41,187032476,
2022,41,187032507,
2022,31,187866686,
2022,41,187032519,
2022,41,187032529,
2022,41,188649907,
2022,41,187032535,
2022,41,187032537,
2022,41,188887000,
2022,41,188809787,
2022,41,187032553,
2022,41,188809790,
2022,41,194317246,
2022,3,188879026,
2022,41,187032561,
2022,41,188977897,
2022,32,188977898,
2022,21,188999642,
2022,41,187032575,
2022,41,187032601,
2022,41,187623535,
2022,41,187897386,
2022,41,188795403,
2022,41,188800453,
2022,41,189111619,
2022,41,189155095,
2022,37,189768449,
2022,38,190041098,
2022,41,190449474,
2022,41,191791184,
2022,41,192150130,
2022,41,197306349,
2022,41,189001332,
2022,41,189313796,
2022,41,189266353,
2022,41,189266358,
2022,41,189277304,
2022,41,189381040,
2022,41,189393773,
2022,41,189423299,
2022,41,189429086,
2022,3,189429087,
2022,3,190122573,
2022,41,189810728,
2022,41,189960163,
2022,41,190041191,
2022,41,190041195,
2022,41,190041197,
2022,41,190041203,
2022,3,190230432,
2022,41,190533493,
2022,41,190561595,
2022,41,190561596,
2022,41,190674503,
2022,41,190728665,
2022,41,191824463,
2022,41,190864024,
2022,41,191824464,
2022,41,190864026,
2022,41,191027276,
2022,41,191824465,
2022,41,194333714,
2022,41,192195850,
2022,41,192425792,
2022,41,194333742,
2022,41,192326647,
2022,21,192457903,
2022,41,192554418,
2022,41,192753286,
2022,41,194333755,
2022,41,194317261,
2022,41,194317266,
2022,41,195129432,
2022,21,194317272,
2022,3,194317274,
2022,41,195148401,
2022,41,194317282,
2022,42,195173289,
2022,41,176608893,
2022,41,179104696,
2022,1,179104697,
2022,41,179625747,
2022,21,196491310,
2022,42,181576995,
2022,41,190623587,
2022,41,190623589,
2022,41,190623590,
2022,32,184086030,
2022,41,190674506,
2022,41,190674512,
2022,41,190674514,
2022,41,188511288,
2022,41,196992572,
2022,42,190678055,
2022,41,190678060,
2022,38,196992574,
2022,41,196992575,
2022,41,194318622,
2022,41,188511289,
2022,3,189425558,
2022,31,194318634,
2022,31,197020186,
2022,41,197020188,
2022,3,194333759,
2022,41,194333766,
2022,41,187336483,
2022,41,176317898,
2022,41,187388355,
2022,41,181489542,
2022,38,181483405,
2022,31,187508716,
2022,41,181530194,
2022,41,181767364,
2022,41,187510315,
2022,41,187522723,
2022,42,182645864,
2022,41,187522724,
2022,41,187522730,
2022,42,182645869,
2022,38,187522732,
2022,38,187522733,
2022,38,187522738,
2022,41,187524222,
2022,41,186346963,
2022,41,186346964,
2022,41,187524223,
2022,41,187524235,
2022,41,186346967,
2022,41,189381048,
2022,41,189381049,
2022,41,189381050,
2022,21,200801196,
2022,41,199422266,
2022,37,199422267,
2022,41,195080937,
2022,41,196073828,
2022,41,196073830,
2022,42,194318999,
2022,42,194319003,
2022,38,187524235,
2022,32,191873121,
2022,41,191873121,
2022,41,187524237,
2022,21,189990320,
2022,38,194741140,
2022,41,189991918,
2022,41,190449476,
2022,41,190449481,
2022,41,190452331,
2022,41,190452335,
2022,21,190452336,
2022,41,190452337,
2022,41,196999169,
2022,41,190577124,
2022,41,196999171,
2022,21,191127028,
2022,41,191127029,
2022,41,191873125,
2022,41,192503426,
2022,38,194334331,
2022,1,194334332,
2022,41,194334343,
2022,1,195158816,
2022,41,195158821,
2022,37,195158821,
2022,41,196999185,
2022,41,189431076,
2022,32,194741142,
2022,41,194741156,
2022,21,195129508,
2022,41,195132188,
2022,32,195218589,
2022,41,195218603,
2022,41,190233315,
2022,41,190233316,
2022,41,190233319,
2022,41,190233323,
2022,41,190233328,
2022,41,190233331,
2022,41,190233333,
2022,41,190233334,
2022,38,190233336,
2022,41,190425834,
2022,41,190179278,
2022,41,190233339,
2022,41,190233342,
2022,41,190179281,
2022,41,190233346,
2022,41,190233349,
2022,3,190233351,
2022,41,190233353,
2022,41,190233354,
2022,41,190233357,
2022,21,190179282,
2022,21,190179287,
2022,32,190233360,
2022,41,190233362,
2022,41,190233363,
2022,41,190233364,
2022,21,190179288,
2022,41,190233365,
2022,41,190179292,
2022,41,190233367,
2022,41,190233368,
2022,41,190233369,
2022,41,190233370,
2022,3,190233372,
2022,41,190233375,
2022,41,190233377,
2022,41,190233380,
2022,41,190233383,
2022,41,190233387,
2022,41,190233391,
2022,41,190179293,
2022,41,190233397,
2022,41,190233398,
2022,41,190179294,
2022,41,190425838,
2022,41,190179296,
2022,31,190425847,
2022,41,190179297,
2022,41,189842878,
2022,41,190425866,
2022,38,190230299,
2022,41,190425900,
2022,41,190425903,
2022,41,190425906,
2022,3,190425911,
2022,38,190248059,
2022,41,190425927,
2022,41,190425934,
2022,41,190425937,
2022,41,190248069,
2022,41,190425940,
2022,41,190425943,
2022,41,190425954,
2022,41,190425957,
2022,41,190425967,
2022,41,190248071,
2022,41,190425970,
2022,3,190425973,
2022,31,190248072,
2022,41,190248077,
2022,41,190539218,
2022,41,190539219,
2022,39,190248083,
2022,41,190403822,
2022,41,190539226,
2022,41,190539230,
2022,3,190539233,
2022,41,190539240,
2022,42,190403829,
2022,41,190539243,
2022,38,190539244,
2022,41,190403833,
2022,21,190539249,
2022,41,194320059,
2022,39,190403834,
2022,41,190407642,
2022,41,190407646,
2022,41,190539257,
2022,41,190539260,
2022,41,190416866,
2022,41,190539266,
2022,41,190539268,
2022,41,190416867,
2022,41,190416868,
2022,42,190416869,
2022,41,190539273,
2022,41,190701105,
2022,41,190539276,
2022,21,190701109,
2022,41,190539279,
2022,41,190539280,
2022,41,190539281,
2022,41,190539285,
2022,41,190539286,
2022,41,190539287,
2022,21,190717221,
2022,31,190539300,
2022,41,190539301,
2022,41,190628265,
2022,41,190628266,
2022,41,190561597,
2022,41,190677778,
2022,41,190561598,
2022,41,190561600,
2022,21,190561601,
2022,41,190561602,
2022,41,190564901,
2022,3,190564902,
2022,41,190564904,
2022,41,190989440,
2022,42,190717225,
2022,41,190719989,
2022,41,190564918,
2022,41,190564920,
2022,41,190564921,
2022,3,190989448,
2022,41,190564923,
2022,42,190719990,
2022,41,190564930,
2022,41,190564932,
2022,41,190564933,
2022,41,190719992,
2022,41,191014842,
2022,41,190564942,
2022,41,191831329,
2022,41,190564950,
2022,38,190719998,
2022,41,190564954,
2022,41,190728525,
2022,31,190564955,
2022,38,190564955,
2022,41,190564959,
2022,41,190564964,
2022,32,190564965,
2022,41,190564966,
2022,31,190564969,
2022,38,190564970,
2022,38,190564973,
2022,41,190564974,
2022,31,190564981,
2022,38,190564986,
2022,41,190564987,
2022,41,190564988,
2022,41,190564990,
2022,38,190564991,
2022,41,190564993,
2022,41,190564997,
2022,41,190565000,
2022,41,192017340,
2022,41,192017341,
2022,41,192017343,
2022,41,192493508,
2022,41,197221624,
2022,41,192493509,
2022,41,192493511,
2022,41,197221625,
2022,41,192493512,
2022,41,190728526,
2022,41,190773139,
2022,41,190989451,
2022,41,190959205,
2022,41,191014855,
2022,41,191014856,
2022,38,191014858,
2022,41,192160806,
2022,41,191880304,
2022,41,192087500,
2022,41,192087504,
2022,38,192150131,
2022,41,192150135,
2022,3,192150139,
2022,3,192150140,
2022,41,192150142,
2022,41,192150148,
2022,41,192150149,
2022,41,192150150,
2022,42,192160811,
2022,3,192160812,
2022,41,192425794,
2022,38,192493431,
2022,41,199075898,
2022,41,192493433,
2022,42,192493435,
2022,42,192493443,
2022,41,192493447,
2022,41,192493448,
2022,42,192597417,
2022,21,192790074,
2022,41,192813600,
2022,41,192813611,
2022,21,194334746,
2022,41,194334747,
2022,41,194334752,
2022,38,194334755,
2022,41,194334756,
2022,41,194334757,
2022,41,194334761,
2022,41,194334778,
2022,38,194334786,
2022,38,194334800,
2022,38,194334801,
2022,41,194334802,
2022,41,194334803,
2022,41,194334806,
2022,41,194334814,
2022,3,194334815,
2022,41,194334826,
2022,41,194334831,
2022,38,194334833,
2022,38,194334834,
2022,32,199624576,
2022,41,194334842,
2022,41,194334850,
2022,41,194334856,
2022,39,194334857,
2022,41,199144021,
2022,41,194334859,
2022,38,194334877,
2022,41,197221630,
2022,41,197221633,
2022,38,194334881,
2022,38,194334889,
2022,41,194334892,
2022,41,194334896,
2022,42,194334900,
2022,41,194334902,
2022,41,194334904,
2022,41,194334916,
2022,41,194334917,
2022,41,194334921,
2022,41,194334937,
2022,41,194334942,
2022,41,194334946,
2022,41,194334949,
2022,41,194334955,
2022,41,194334956,
2022,41,194334959,
2022,41,194334960,
2022,41,194334965,
2022,41,194334974,
2022,41,194334976,
2022,41,194334980,
2022,41,194334981,
2022,38,194334983,
2022,41,194334986,
2022,39,194335010,
2022,41,199144022,
2022,41,192017353,
2022,41,197221637,
2022,41,192017354,
2022,41,192493517,
2022,41,192493519,
2022,41,192493520,
2022,41,192017356,
2022,41,192493521,
2022,41,194335011,
2022,38,194335016,
2022,41,194335019,
2022,21,194335021,
2022,41,194335030,
2022,41,194335032,
2022,41,194335036,
2022,3,194335044,
2022,41,194335057,
2022,41,194335058,
2022,41,194335059,
2022,41,194335079,
2022,41,194335087,
2022,41,194335088,
2022,41,194335090,
2022,41,194335095,
2022,3,194335096,
2022,41,194752788,
2022,41,199144023,
2022,3,199075901,
2022,41,199144025,
2022,41,197221643,
2022,41,199144027,
2022,41,199144028,
2022,41,192017366,
2022,41,192017369,
2022,41,192493523,
2022,41,199144029,
2022,41,192493525,
2022,41,192493527,
2022,41,192493528,
2022,41,192493529,
2022,41,192493530,
2022,41,199144031,
2022,41,192493531,
2022,41,192493532,
2022,41,199144032,
2022,41,192493534,
2022,41,194320063,
2022,21,194756147,
2022,41,194320065,
2022,41,194320066,
2022,41,194320068,
2022,41,194756148,
2022,21,199075903,
2022,31,194756149,
2022,41,194335101,
2022,41,194335104,
2022,41,192493535,
2022,41,195080907,
2022,41,195157592,
2022,41,195080915,
2022,41,195129440,
2022,41,197221683,
2022,41,199144034,
2022,41,192493536,
2022,1,192160836,
2022,41,195131860,
2022,41,192493537,
2022,41,197221689,
2022,41,195131863,
2022,21,199144035,
2022,38,195131880,
2022,41,192493539,
2022,41,192493540,
2022,41,197221690,
2022,41,197221691,
2022,41,194320069,
2022,41,195131881,
2022,41,197221695,
2022,42,195148405,
2022,42,195148408,
2022,41,195148413,
2022,41,195282808,
2022,41,195148414,
2022,3,199075908,
2022,41,195149997,
2022,41,192493541,
2022,41,199144039,
2022,3,192017418,
2022,42,195149999,
2022,41,199144041,
2022,21,195373043,
2022,41,199144043,
2022,41,199144044,
2022,41,192493542,
2022,41,192493543,
2022,41,199144047,
2022,41,195881317,
2022,41,195890299,
2022,41,192493544,
2022,41,194320070,
2022,41,194320071,
2022,41,194320072,
2022,41,199144051,
2022,41,199144053,
2022,41,192493546,
2022,41,195890300,
2022,41,194320073,
2022,41,195964400,
2022,41,194320074,
2022,41,194320075,
2022,41,192493547,
2022,3,195964540,
2022,41,199144054,
2022,41,196074084,
2022,41,192493548,
2022,41,192017451,
2022,41,192493549,
2022,21,196176930,
2022,41,192493550,
2022,41,199144056,
2022,41,196176931,
2022,41,196399177,
2022,41,192493553,
2022,41,192493554,
2022,41,199144058,
2022,5,196399179,
2022,41,192017463,
2022,5,196399180,
2022,21,196399181,
2022,21,196399186,
2022,41,192017466,
2022,41,192017467,
2022,41,196399188,
2022,41,196938630,
2022,41,199144062,
2022,41,192017470,
2022,41,192493561,
2022,41,192017472,
2022,41,196938631,
2022,42,196992491,
2022,41,192017475,
2022,41,192017476,
2022,41,192017479,
2022,41,199144063,
2022,41,199422272,
2022,41,199422273,
2022,41,199422274,
2022,41,199422275,
2022,21,196992496,
2022,41,199422276,
2022,41,199484049,
2022,41,197015366,
2022,41,199671843,
2022,41,199484051,
2022,41,199075918,
2022,41,197015367,
2022,41,197020071,
2022,41,199422277,
2022,21,199422278,
2022,39,197020077,
2022,41,199936347,
2022,41,197068950,
2022,41,199422280,
2022,41,199671844,
2022,41,199671845,
2022,41,199671846,
2022,41,199936349,
2022,21,197068951,
2022,41,199936351,
2022,41,197137853,
2022,3,199422281,
2022,41,199936352,
2022,38,197137854,
2022,41,197185102,
2022,41,199936354,
2022,41,197185104,
2022,41,199936357,
2022,3,200506033,
2022,41,199671847,
2022,41,199936366,
2022,41,197213886,
2022,41,199936369,
2022,21,199484057,
2022,41,199936374,
2022,41,199671848,
2022,41,199936375,
2022,38,179427054,
2022,41,199936376,
2022,41,199936379,
2022,41,199422286,
2022,41,187012698,
2022,42,187012714,
2022,3,189266287,
2022,41,189266291,
2022,42,196491483,
2022,41,196784833,
2022,41,196823042,
2022,41,199075951,
2022,3,196823043,
2022,42,196837966,
2022,41,199422287,
2022,21,199422288,
2022,42,196837967,
2022,41,199671849,
2022,41,183978845,
2022,41,199936381,
2022,41,199936383,
2022,41,199936384,
2022,41,199422289,
2022,41,199936389,
2022,41,199936391,
2022,21,199484059,
2022,41,199936393,
2022,41,199936395,
2022,41,199936396,
2022,41,199936397,
2022,41,199671850,
2022,41,183978872,
2022,41,199936399,
2022,41,199484061,
2022,41,199936401,
2022,41,199936403,
2022,41,199075959,
2022,41,199936405,
2022,21,183978884,
2022,41,199671851,
2022,41,199484067,
2022,3,184147926,
2022,41,199936408,
2022,41,199936410,
2022,41,199075961,
2022,38,184168623,
2022,3,199422290,
2022,41,199075964,
2022,41,199484070,
2022,41,199422291,
2022,41,199936411,
2022,41,199484072,
2022,41,184168639,
2022,41,199936412,
2022,41,199936414,
2022,41,200042657,
2022,3,199422294,
2022,3,199422295,
2022,41,199936416,
2022,41,199936418,
2022,41,184231941,
2022,21,199484074,
2022,41,199936420,
2022,41,199936422,
2022,41,199422299,
2022,41,184231942,
2022,41,184231944,
2022,41,185516510,
2022,41,199936424,
2022,21,199484076,
2022,41,199422300,
2022,21,200042659,
2022,41,185516941,
2022,41,199671853,
2022,41,199671855,
2022,41,199671856,
2022,41,185516953,
2022,41,199484077,
2022,41,200042660,
2022,41,199671857,
2022,41,186687591,
2022,41,199671858,
2022,31,189263025,
2022,41,199484079,
2022,41,189263026,
2022,41,189263028,
2022,41,199422302,
2022,41,199671859,
2022,41,189365996,
2022,21,200042661,
2022,41,190179311,
2022,41,199671860,
2022,41,199671861,
2022,41,199075980,
2022,37,190581137,
2022,41,194337214,
2022,41,194337219,
2022,3,194337226,
2022,41,194337236,
2022,41,194337238,
2022,41,194337241,
2022,41,194337245,
2022,41,198453158,
2022,41,198453160,
2022,41,198453161,
2022,31,198923760,
2022,21,200048147,
2022,41,199422307,
2022,41,199422311,
2022,41,199422313,
2022,41,199075982,
2022,41,199075984,
2022,38,200042662,
2022,41,199671862,
2022,41,199671864,
2022,41,199671865,
2022,21,200042663,
2022,41,199671866,
2022,41,199422317,
2022,41,199936426,
2022,41,199671867,
2022,41,201064362,
2022,41,198923766,
2022,41,201512804,
2022,37,198923767,
2022,41,201064364,
2022,41,201064366,
2022,41,201064368,
2022,41,201064369,
2022,41,201064372,
2022,41,201255244,
2022,41,201255246,
2022,41,201255247,
2022,41,200818542,
2022,41,201255248,
2022,41,198923768,
2022,41,194337296,
2022,41,201255250,
2022,42,179204447,
2022,41,201255252,
2022,41,201255254,
2022,41,201255256,
2022,41,201255261,
2022,41,201255265,
2022,41,201255266,
2022,3,179204456,
2022,41,181293415,
2022,41,201512806,
2022,41,201255268,
2022,41,181489380,
2022,41,181454614,
2022,21,183892762,
2022,42,190564886,
2022,38,190732875,
2022,41,201255269,
2022,41,201255270,
2022,41,201255272,
2022,41,190732876,
2022,41,200818549,
2022,41,190732877,
2022,41,201346888,
2022,41,201255277,
2022,41,201064381,
2022,41,201255279,
2022,41,201255281,
2022,41,201255283,
2022,41,201255287,
2022,41,201255290,
2022,41,197185131,
2022,41,201346889,
2022,41,201346892,
2022,41,201255291,
2022,41,200818551,
2022,41,201255295,
2022,41,201255297,
2022,42,181584771,
2022,41,182860413,
2022,41,184126663,
2022,38,184289340,
2022,38,189241578,
2022,31,201512813,
2022,41,201255298,
2022,41,201255299,
2022,41,201255304,
2022,21,202005349,
2022,41,201255305,
2022,41,200818554,
2022,41,201346893,
2022,41,201346894,
2022,41,201255307,
2022,41,201346896,
2022,41,201255308,
2022,41,200818559,
2022,41,201255310,
2022,41,201255312,
2022,41,201255313,
2022,41,201346898,
2022,41,201255316,
2022,41,201255317,
2022,41,201255319,
2022,41,201255320,
2022,41,201512818,
2022,41,201255322,
2022,41,201255326,
2022,41,201255328,
2022,41,200818566,
2022,21,202130774,
2022,41,202005350,
2022,42,190628272,
2022,42,190674421,
2022,41,192335744,
2022,41,192335746,
2022,41,194338579,
2022,41,195417591,
2022,9,182938839,
2022,3,183218041,
2022,38,185133979,
2022,41,187523527,
2022,38,189347482,
2022,41,189161472,
2022,41,189161474,
2022,41,190567278,
2022,41,190544254,
2022,41,192343726,
2022,21,192775757,
2022,41,194338612,
2022,41,195284130,
2022,41,195284131,
2022,41,195466586,
2022,41,177658785,
2022,41,202171268,
2022,41,202005351,
2022,1,202005354,
2022,41,202005355,
2022,41,202005356,
2022,21,202005357,
2022,41,202005358,
2022,41,182655794,
2022,41,182655801,
2022,41,182982890,
2022,41,182982904,
2022,41,182982906,
2022,38,184302099,
2022,41,184302102,
2022,41,185167162,
2022,41,185167163,
2022,41,184302109,
2022,41,186346931,
2022,41,186346945,
2022,41,187717185,
2022,41,187635410,
2022,41,187635412,
2022,41,190179314,
2022,41,190179323,
2022,41,190179326,
2022,41,190179330,
2022,41,190179331,
2022,41,190773152,
2022,31,190773156,
2022,41,190773161,
2022,41,190773163,
2022,41,202171272,
2022,41,202005359,
2022,41,190773166,
2022,41,190773168,
2022,41,190859680,
2022,41,190773170,
2022,41,190773172,
2022,41,195373058,
2022,41,195373073,
2022,41,195373076,
2022,41,202978955,
2022,42,181293496,
2022,41,202005360,
2022,42,181293497,
2022,42,181477683,
2022,3,187355823,
2022,34,187355823,
2022,41,178780581,
2022,41,202978957,
2022,41,202978961,
2022,41,202005364,
2022,41,202005365,
2022,41,202005366,
2022,41,202005367,
2022,41,202057037,
2022,41,202005368,
2022,21,202130775,
2022,41,202005369,
2022,41,202978966,
2022,41,202005370,
2022,41,202005371,
2022,41,202005372,
2022,41,202005373,
2022,41,202978970,
2022,3,202005375,
2022,41,202057038,
2022,41,202057039,
2022,41,202057041,
2022,41,202057042,
2022,41,183044546,
2022,41,178780584,
2022,41,178780591,
2022,38,178780593,
2022,1,178780596,
2022,41,178780596,
2022,41,178780597,
2022,1,178858556,
2022,41,179494504,
2022,41,179494511,
2022,41,179544339,
2022,41,179544340,
2022,21,179544341,
2022,41,179544348,
2022,3,179544351,
2022,32,179544360,
2022,41,179544360,
2022,41,179544363,
2022,38,179544367,
2022,41,179544376,
2022,41,179544377,
2022,41,179550542,
2022,41,179590196,
2022,41,179590199,
2022,38,179590201,
2022,32,179613159,
2022,3,179613160,
2022,38,179613162,
2022,41,179994322,
2022,41,179994352,
2022,21,202978974,
2022,41,202978975,
2022,41,202057043,
2022,38,180253689,
2022,41,202978979,
2022,41,202057044,
2022,41,202057045,
2022,38,180253690,
2022,41,180253693,
2022,41,202171276,
2022,41,202978981,
2022,41,202057047,
2022,41,202057048,
2022,41,202057049,
2022,41,202057050,
2022,41,202057051,
2022,41,202057052,
2022,38,180253695,
2022,41,203209673,
2022,41,203209675,
2022,41,203209677,
2022,41,180253699,
2022,41,203209679,
2022,31,203209680,
2022,21,180253700,
2022,1,180253701,
2022,41,203209682,
2022,41,203209683,
2022,21,203209687,
2022,41,203209690,
2022,41,203209691,
2022,41,203209694,
2022,41,203209696,
2022,41,203209698,
2022,41,203209699,
2022,41,203209701,
2022,41,203209703,
2022,41,203209706,
2022,41,203209709,
2022,41,203209711,
2022,41,203209712,
2022,41,203209714,
2022,41,203209715,
2022,41,203209716,
2022,41,203209719,
2022,41,203209721,
2022,41,203209723,
2022,41,203209727,
2022,41,203209729,
2022,3,203209732,
2022,41,203209734,
2022,41,203209736,
2022,41,203209737,
2022,41,203209738,
2022,41,203209740,
2022,41,203209742,
2022,41,203209745,
2022,41,180253706,
2022,42,194322195,
2022,41,181315800,
2022,42,178235106,
2022,41,177117757,
2022,38,177255409,
2022,41,177324993,
2022,42,178235107,
2022,41,179325435,
2022,42,179325437,
2022,41,181421925,
2022,41,182646349,
2022,41,181315801,
2022,41,182646359,
2022,42,182646360,
2022,41,182773484,
2022,41,183917337,
2022,41,183386326,
2022,41,183459609,
2022,42,184339672,
2022,42,185167167,
2022,41,185567049,
2022,42,187012776,
2022,42,187717368,
2022,41,189195873,
2022,41,189846313,
2022,42,190417167,
2022,3,181315818,
2022,41,191053933,
2022,41,191132783,
2022,41,181315824,
2022,41,191880389,
2022,41,191880392,
2022,41,191880393,
2022,41,192425846,
2022,41,192776669,
2022,41,181315825,
2022,38,194322927,
2022,41,194719397,
2022,3,195278951,
2022,41,187336621,
2022,38,187336621,
2022,41,187336622,
2022,41,187336623,
2022,21,187336624,
2022,41,187336632,
2022,3,187336635,
2022,41,187336638,
2022,3,187336648,
2022,41,187336649,
2022,41,187336650,
2022,41,187336655,
2022,1,187336665,
2022,41,187336670,
2022,41,187336683,
2022,38,183450534,
2022,41,187336695,
2022,1,187336696,
2022,41,183450535,
2022,41,181442372,
2022,41,187336703,
2022,41,187336710,
2022,41,187336716,
2022,41,181447626,
2022,31,187336719,
2022,41,181447628,
2022,41,187336723,
2022,41,181447629,
2022,41,181453432,
2022,31,187336728,
2022,41,181453434,
2022,1,187336730,
2022,38,181453439,
2022,41,187336732,
2022,21,187336733,
2022,41,187336737,
2022,38,181453445,
2022,41,187336741,
2022,41,181459943,
2022,31,187336750,
2022,41,181453465,
2022,1,187336755,
2022,21,187336756,
2022,41,187336757,
2022,1,187336758,
2022,41,187336761,
2022,41,181456372,
2022,41,187336763,
2022,39,187336764,
2022,41,181456383,
2022,41,187336771,
2022,41,181459945,
2022,3,187336773,
2022,38,181459946,
2022,41,182645742,
2022,31,187336777,
2022,41,182645744,
2022,21,182645749,
2022,41,187336782,
2022,41,182645762,
2022,41,187336788,
2022,41,187336792,
2022,41,187336798,
2022,41,182645764,
2022,41,187336800,
2022,41,182645770,
2022,1,187336802,
2022,41,187336804,
2022,41,187336805,
2022,41,182981822,
2022,1,187336810,
2022,41,182645779,
2022,1,187336813,
2022,1,187336814,
2022,41,182645780,
2022,41,187336816,
2022,41,182645791,
2022,41,187336817,
2022,41,187336826,
2022,41,182645798,
2022,3,187336835,
2022,3,187336836,
2022,41,182645809,
2022,41,182645811,
2022,41,182645819,
2022,38,182645825,
2022,41,182645828,
2022,31,187336869,
2022,41,182981824,
2022,21,187336870,
2022,41,182645837,
2022,41,187336881,
2022,21,182645838,
2022,41,187336882,
2022,41,182645848,
2022,41,187336885,
2022,41,187336890,
2022,41,182645850,
2022,1,187336892,
2022,41,187336893,
2022,35,183410022,
2022,41,187336894,
2022,41,187336897,
2022,41,187336898,
2022,41,182645856,
2022,41,187336900,
2022,21,182703227,
2022,41,187336902,
2022,41,187336906,
2022,41,187336907,
2022,41,187336908,
2022,41,187336912,
2022,41,187336914,
2022,41,182703236,
2022,41,187336928,
2022,41,182764099,
2022,41,187336935,
2022,41,187336936,
2022,41,182764105,
2022,21,187336937,
2022,41,187336939,
2022,41,182764112,
2022,41,187336947,
2022,41,187336948,
2022,41,182764116,
2022,41,182857374,
2022,41,187336951,
2022,41,187336954,
2022,41,187336961,
2022,41,187336964,
2022,41,182857377,
2022,41,182857390,
2022,41,187336971,
2022,41,187336972,
2022,3,182901137,
2022,41,187352219,
2022,41,187355694,
2022,41,187355696,
2022,41,182901141,
2022,1,187355702,
2022,41,187355703,
2022,21,187355705,
2022,41,182901142,
2022,1,187355706,
2022,38,182932095,
2022,1,187355707,
2022,38,182932099,
2022,3,187388382,
2022,41,182932104,
2022,21,187388384,
2022,41,187388387,
2022,41,182932109,
2022,41,187388388,
2022,41,187388389,
2022,41,187433862,
2022,38,182981846,
2022,41,187433884,
2022,41,182981862,
2022,31,187508733,
2022,41,184289023,
2022,41,187645091,
2022,41,182981871,
2022,41,182981875,
2022,41,183044547,
2022,1,187645100,
2022,3,187645102,
2022,41,187645106,
2022,38,183044549,
2022,41,183450536,
2022,3,187741083,
2022,3,187741086,
2022,41,187982990,
2022,3,191824472,
2022,3,187741087,
2022,41,187741088,
2022,41,183450538,
2022,3,187741089,
2022,41,184289024,
2022,21,187741092,
2022,41,183664501,
2022,41,189768556,
2022,21,187741094,
2022,38,183664501,
2022,21,183666954,
2022,41,183666955,
2022,41,183666961,
2022,41,183892880,
2022,41,183892882,
2022,41,184289028,
2022,41,184483805,
2022,41,187897877,
2022,41,187897880,
2022,41,187897888,
2022,31,187897890,
2022,21,187897895,
2022,38,184483805,
2022,41,187897899,
2022,38,184483806,
2022,41,184810949,
2022,31,187897903,
2022,41,187897905,
2022,3,187897908,
2022,3,187897910,
2022,41,187897914,
2022,41,187897916,
2022,41,185429835,
2022,41,185441918,
2022,38,185441918,
2022,41,185441919,
2022,21,185441920,
2022,41,185441921,
2022,41,185441922,
2022,1,185441924,
2022,21,185441927,
2022,41,185441928,
2022,41,185441929,
2022,38,185441933,
2022,38,185441934,
2022,41,185441935,
2022,41,186684841,
2022,3,187982997,
2022,3,187982998,
2022,41,186684842,
2022,41,186684847,
2022,41,187983000,
2022,41,187983001,
2022,41,186684848,
2022,3,186693564,
2022,41,187983008,
2022,41,187983010,
2022,41,186698813,
2022,41,187983012,
2022,41,186698826,
2022,38,186698831,
2022,41,186698832,
2022,41,186698842,
2022,41,186698847,
2022,41,188010012,
2022,41,188010013,
2022,41,186698855,
2022,41,188010015,
2022,41,188010016,
2022,41,188010017,
2022,41,188010018,
2022,41,186698870,
2022,3,188010019,
2022,41,188010020,
2022,41,188010021,
2022,41,188010022,
2022,31,188010023,
2022,41,188010024,
2022,41,188010025,
2022,38,186698876,
2022,21,186698877,
2022,38,186880153,
2022,41,188096094,
2022,41,188096095,
2022,41,188096096,
2022,41,186880175,
2022,41,188514370,
2022,41,188514372,
2022,41,186880178,
2022,41,188667148,
2022,41,186880181,
2022,41,186880196,
2022,41,186880202,
2022,41,187631264,
2022,3,188667166,
2022,21,188743122,
2022,1,188743125,
2022,41,188743126,
2022,41,187631267,
2022,41,188743129,
2022,41,187631268,
2022,41,188743130,
2022,41,187715063,
2022,41,187715067,
2022,41,188743139,
2022,41,187717417,
2022,41,188749591,
2022,41,188749594,
2022,41,188749595,
2022,41,188749599,
2022,1,187717418,
2022,41,188749603,
2022,1,187717419,
2022,41,188749604,
2022,21,187734791,
2022,41,188749610,
2022,41,188749616,
2022,41,188749618,
2022,1,188749619,
2022,41,189111645,
2022,41,189111653,
2022,31,189155099,
2022,41,187741173,
2022,5,189155100,
2022,41,189193647,
2022,3,189193648,
2022,38,187741178,
2022,31,187778667,
2022,32,187778667,
2022,41,187778668,
2022,41,187778671,
2022,41,187801044,
2022,41,187801054,
2022,38,187801080,
2022,38,187801081,
2022,41,187801082,
2022,1,187846057,
2022,41,189193649,
2022,31,189193650,
2022,41,187846067,
2022,7,189193654,
2022,41,188511442,
2022,3,189281845,
2022,21,188511444,
2022,41,188511446,
2022,1,189425790,
2022,41,190426166,
2022,41,190426183,
2022,21,190678135,
2022,42,190678147,
2022,41,190717312,
2022,41,190717317,
2022,21,190717331,
2022,41,190717337,
2022,38,190717339,
2022,41,190771479,
2022,41,190771486,
2022,41,190771487,
2022,1,189281847,
2022,41,190771488,
2022,41,190771489,
2022,38,190773231,
2022,41,190773238,
2022,41,190773243,
2022,41,189281849,
2022,41,190773245,
2022,41,189281856,
2022,41,189281858,
2022,41,189342098,
2022,3,189342099,
2022,3,189342100,
2022,41,189342104,
2022,41,189342105,
2022,41,189361413,
2022,3,189366992,
2022,1,189366995,
2022,3,189366996,
2022,41,189367004,
2022,41,189367005,
2022,41,189381053,
2022,41,189381054,
2022,41,189425622,
2022,1,189425623,
2022,1,189425625,
2022,1,189425626,
2022,1,189425627,
2022,41,189429092,
2022,41,189768558,
2022,21,189429099,
2022,41,189429100,
2022,41,189429102,
2022,41,189429105,
2022,1,189429107,
2022,1,189429111,
2022,41,189429118,
2022,41,189429119,
2022,41,189429121,
2022,1,189429123,
2022,41,190773247,
2022,21,190041211,
2022,41,190041212,
2022,41,190041214,
2022,41,190043925,
2022,41,190043927,
2022,41,190043940,
2022,41,190122584,
2022,41,190179596,
2022,1,190179601,
2022,41,190179605,
2022,21,190179606,
2022,41,190179611,
2022,1,190179612,
2022,1,190179613,
2022,1,190179614,
2022,1,190179615,
2022,1,190179616,
2022,1,190179617,
2022,41,190179620,
2022,41,190179625,
2022,41,190230433,
2022,41,190233399,
2022,41,190233404,
2022,21,190773250,
2022,41,190773253,
2022,38,190773263,
2022,41,190425976,
2022,41,190425985,
2022,41,190425986,
2022,41,190989569,
2022,41,190539306,
2022,41,190539307,
2022,41,191012855,
2022,38,191012858,
2022,1,190539312,
2022,38,191012863,
2022,41,190678072,
2022,41,191012871,
2022,41,190678076,
2022,41,191012872,
2022,38,191012872,
2022,41,191012887,
2022,41,190714089,
2022,41,190714090,
2022,41,190714091,
2022,41,191012889,
2022,41,191012891,
2022,41,191831672,
2022,41,190728672,
2022,32,191831673,
2022,21,192017632,
2022,31,190771443,
2022,41,192017637,
2022,38,192017638,
2022,1,192017645,
2022,41,192017651,
2022,41,192069852,
2022,3,192069855,
2022,1,192069857,
2022,42,192458107,
2022,3,192458114,
2022,41,192493626,
2022,41,192493637,
2022,41,192754232,
2022,41,192813883,
2022,41,192813889,
2022,21,192813899,
2022,41,190771450,
2022,41,190771453,
2022,41,192813901,
2022,1,194322208,
2022,41,190773189,
2022,38,194322210,
2022,41,190773193,
2022,41,194322241,
2022,41,190773196,
2022,41,190773203,
2022,41,190773207,
2022,3,190773208,
2022,3,190859824,
2022,41,190859827,
2022,41,190859828,
2022,41,190859829,
2022,41,190859830,
2022,41,190859831,
2022,41,194322246,
2022,21,190959261,
2022,41,190859832,
2022,41,194322260,
2022,1,190859847,
2022,41,194322264,
2022,41,194322265,
2022,41,194322266,
2022,41,190864032,
2022,41,194322279,
2022,41,190864039,
2022,41,194322281,
2022,41,190864044,
2022,41,194322283,
2022,3,194322286,
2022,41,190989506,
2022,3,190959262,
2022,3,194322287,
2022,41,194322298,
2022,41,194322301,
2022,3,194322305,
2022,41,194322314,
2022,41,191655063,
2022,41,191655064,
2022,3,194322316,
2022,3,194322317,
2022,41,194322319,
2022,41,194756546,
2022,41,191794076,
2022,1,191794077,
2022,41,195080954,
2022,1,191794078,
2022,1,191794080,
2022,41,195110804,
2022,1,191824473,
2022,1,191824474,
2022,41,191824477,
2022,41,195150068,
2022,41,195150069,
2022,41,195150070,
2022,21,195218694,
2022,41,191848846,
2022,41,191848847,
2022,41,195218703,
2022,38,195218703,
2022,41,195218706,
2022,41,195218709,
2022,41,195218711,
2022,41,195218712,
2022,41,195218715,
2022,41,191880403,
2022,41,195218716,
2022,21,195278992,
2022,41,195278995,
2022,41,195278996,
2022,3,196974670,
2022,21,192059226,
2022,41,192059234,
2022,41,196974672,
2022,41,192069726,
2022,41,196974674,
2022,21,196974688,
2022,41,199561813,
2022,9,199733894,
2022,1,192597480,
2022,1,192597481,
2022,41,192597482,
2022,3,199888612,
2022,41,199948985,
2022,41,199948989,
2022,41,199955156,
2022,41,199955158,
2022,41,199955162,
2022,41,201030239,
2022,41,192813616,
2022,41,192813617,
2022,31,192813618,
2022,41,192813619,
2022,41,192813645,
2022,41,192813646,
2022,41,192813647,
2022,41,194324438,
2022,41,194324441,
2022,41,194324442,
2022,41,194324444,
2022,41,194324447,
2022,41,194324449,
2022,41,194324450,
2022,41,194324451,
2022,41,194324452,
2022,41,194324453,
2022,1,194324458,
2022,21,194324465,
2022,1,194324468,
2022,41,194324483,
2022,41,194324487,
2022,41,194324494,
2022,41,194324499,
2022,1,194324505,
2022,31,194324545,
2022,41,194324546,
2022,41,194324547,
2022,1,194324549,
2022,1,194324557,
2022,1,194324558,
2022,1,194324559,
2022,1,194324560,
2022,9,194324561,
2022,41,194324562,
2022,1,194324563,
2022,21,194324564,
2022,41,201030242,
2022,41,201040515,
2022,41,201072060,
2022,41,194324605,
2022,41,194324632,
2022,41,194324633,
2022,1,194324634,
2022,1,194324635,
2022,41,201072062,
2022,41,194324636,
2022,1,194324637,
2022,41,201330770,
2022,41,194324650,
2022,41,194324651,
2022,41,194324652,
2022,41,201373859,
2022,41,194324654,
2022,41,194324655,
2022,41,194324656,
2022,41,194324659,
2022,41,194324660,
2022,1,194324664,
2022,41,194324696,
2022,1,194324697,
2022,41,194324698,
2022,41,194324699,
2022,41,194324700,
2022,41,194324701,
2022,41,194324703,
2022,41,194324729,
2022,41,194324732,
2022,41,194324734,
2022,3,194756483,
2022,41,195218613,
2022,41,194756484,
2022,41,194756485,
2022,3,194756486,
2022,3,194756487,
2022,3,195218614,
2022,41,194756488,
2022,3,194756489,
2022,41,194756490,
2022,3,194756491,
2022,3,194756492,
2022,41,195623702,
2022,21,201373863,
2022,41,201506015,
2022,41,201590634,
2022,42,201865930,
2022,41,201865934,
2022,21,201865936,
2022,41,201865944,
2022,41,202005479,
2022,41,202174262,
2022,41,202174278,
2022,41,202174280,
2022,31,202174281,
2022,42,202419664,
2022,41,202629271,
2022,3,195623704,
2022,3,195623706,
2022,3,195623707,
2022,41,195964552,
2022,41,195634354,
2022,41,195634355,
2022,31,195634356,
2022,3,195878903,
2022,41,195878904,
2022,41,195878905,
2022,41,195878907,
2022,41,195881380,
2022,3,195881381,
2022,41,195964555,
2022,41,195964557,
2022,41,195964560,
2022,41,195964563,
2022,41,195964564,
2022,32,197456752,
2022,1,195964567,
2022,3,195964568,
2022,3,197882307,
2022,21,202629272,
2022,41,202632186,
2022,38,187012782,
2022,41,187866712,
2022,3,187980644,
2022,41,187980650,
2022,41,188027345,
2022,41,188511391,
2022,41,202632190,
2022,41,188511401,
2022,41,188511403,
2022,1,202651726,
2022,9,188662819,
2022,41,188662820,
2022,41,202654814,
2022,21,188800494,
2022,41,188823535,
2022,41,202654816,
2022,41,202654819,
2022,21,202727313,
2022,38,188977903,
2022,41,188977906,
2022,41,189047916,
2022,41,191265500,
2022,41,200176551,
2022,21,202740295,
2022,41,176872644,
2022,41,194326716,
2022,41,195764406,
2022,41,195764407,
2022,41,195943678,
2022,41,177063524,
2022,41,177067790,
2022,41,177079919,
2022,41,177082241,
2022,41,177082246,
2022,41,177115802,
2022,38,177115806,
2022,41,198072827,
2022,41,177115817,
2022,41,198433535,
2022,21,177115818,
2022,41,177129505,
2022,41,198433539,
2022,41,177182962,
2022,41,177182966,
2022,41,199463106,
2022,41,199463108,
2022,41,177325083,
2022,41,199463113,
2022,21,177187133,
2022,41,177235097,
2022,41,177243497,
2022,21,177255432,
2022,41,177255439,
2022,3,177256946,
2022,41,200711767,
2022,41,177325087,
2022,41,177325090,
2022,21,177325091,
2022,3,177256948,
2022,42,200801210,
2022,41,177325093,
2022,42,200801213,
2022,41,177400348,
2022,41,177400349,
2022,32,181442374,
2022,41,177400353,
2022,41,177405093,
2022,41,177518509,
2022,41,177518512,
2022,41,178053439,
2022,3,181432569,
2022,41,177534114,
2022,3,182912417,
2022,3,181432571,
2022,3,181432578,
2022,41,177646516,
2022,42,182932197,
2022,38,185143421,
2022,38,177713137,
2022,42,181432622,
2022,41,181432653,
2022,3,181432659,
2022,21,181432659,
2022,41,181432667,
2022,39,183382594,
2022,41,181432690,
2022,3,182649099,
2022,41,181432721,
2022,41,181453395,
2022,41,181453397,
2022,41,181489547,
2022,38,181489547,
2022,41,181736408,
2022,1,182649116,
2022,41,179103276,
2022,1,182649125,
2022,41,179590211,
2022,41,188662821,
2022,41,178231023,
2022,41,182703447,
2022,41,178053440,
2022,3,182800767,
2022,41,182857626,
2022,41,182912427,
2022,41,183664530,
2022,41,183664533,
2022,41,183732206,
2022,38,183896234,
2022,41,184232063,
2022,41,184232064,
2022,41,184232065,
2022,41,184232066,
2022,21,184353249,
2022,31,184353249,
2022,41,184241342,
2022,41,184304526,
2022,42,184474207,
2022,42,184474211,
2022,38,184832643,
2022,41,184832644,
2022,41,185143429,
2022,41,187121886,
2022,21,178053441,
2022,38,178235110,
2022,38,178199722,
2022,41,185713623,
2022,21,185713624,
2022,41,178235114,
2022,41,186119369,
2022,41,186119371,
2022,41,179205917,
2022,41,178313293,
2022,21,178780606,
2022,41,186377587,
2022,21,178780611,
2022,41,178858581,
2022,41,178858587,
2022,41,178858593,
2022,41,179019474,
2022,41,179019475,
2022,41,179023389,
2022,38,179101466,
2022,41,179641455,
2022,41,179186072,
2022,38,179186077,
2022,41,179101470,
2022,21,179103279,
2022,32,179186082,
2022,3,187983018,
2022,41,179186085,
2022,41,179204524,
2022,41,179381384,
2022,41,179378886,
2022,3,179186090,
2022,41,179494518,
2022,38,179494525,
2022,3,188827030,
2022,41,179500805,
2022,3,188827035,
2022,41,179544405,
2022,41,179544407,
2022,21,179590212,
2022,41,179590213,
2022,41,179590216,
2022,41,179590229,
2022,41,179641460,
2022,41,179590230,
2022,41,179641466,
2022,41,179994358,
2022,38,179641472,
2022,21,179672082,
2022,41,179994363,
2022,21,180075348,
2022,41,180075351,
2022,41,180075353,
2022,41,180105888,
2022,41,180315010,
2022,41,180383053,
2022,41,189047921,
2022,42,189456160,
2022,41,189960164,
2022,41,189960165,
2022,42,189960166,
2022,41,190674519,
2022,41,192279693,
2022,41,192457915,
2022,41,192753310,
2022,41,192753312,
2022,41,194327608,
2022,41,194327615,
2022,38,194327616,
2022,38,194327638,
2022,38,180430830,
2022,41,180883410,
2022,41,180430843,
2022,41,180430857,
2022,41,180883411,
2022,41,180883420,
2022,41,180883425,
2022,41,180883432,
2022,38,180914270,
2022,38,181282137,
2022,41,183892884,
2022,41,181293506,
2022,41,181293512,
2022,41,181293520,
2022,41,181386810,
2022,9,181386812,
2022,38,181386813,
2022,41,183896267,
2022,41,181281585,
2022,41,181281598,
2022,41,181442382,
2022,41,181442383,
2022,41,181447631,
2022,41,181453467,
2022,41,181453468,
2022,41,181459951,
2022,41,181462974,
2022,41,181477685,
2022,41,181477689,
2022,38,181477692,
2022,38,181477693,
2022,38,181477699,
2022,41,181653148,
2022,41,181493192,
2022,41,182649237,
2022,9,181517204,
2022,41,181520986,
2022,41,181577137,
2022,41,181530232,
2022,41,181577150,
2022,41,182646820,
2022,41,181577151,
2022,41,181653201,
2022,1,181653202,
2022,41,181653203,
2022,38,181660239,
2022,41,181660243,
2022,41,182646846,
2022,41,182646856,
2022,41,182646857,
2022,41,182646866,
2022,41,182646876,
2022,41,182646889,
2022,41,186693454,
2022,38,182646893,
2022,21,182646909,
2022,41,182646915,
2022,41,182646918,
2022,41,182646922,
2022,41,182646925,
2022,41,182646928,
2022,21,182646947,
2022,41,189054593,
2022,41,182646948,
2022,41,182646950,
2022,41,182646963,
2022,38,182646968,
2022,41,182646969,
2022,21,182646979,
2022,41,182646982,
2022,41,182764178,
2022,41,182857527,
2022,41,182703285,
2022,41,182901401,
2022,41,190449519,
2022,41,190449520,
2022,38,182901404,
2022,41,182901409,
2022,41,182901411,
2022,41,182982024,
2022,41,183044575,
2022,41,182932124,
2022,41,182982026,
2022,41,182982028,
2022,41,183044582,
2022,38,183152912,
2022,38,183152913,
2022,38,183152914,
2022,41,183209671,
2022,41,183152919,
2022,41,183382412,
2022,41,194327922,
2022,41,183382417,
2022,41,183450568,
2022,41,195132190,
2022,41,183410038,
2022,41,183450572,
2022,38,183450579,
2022,41,183450581,
2022,41,183459610,
2022,41,183459612,
2022,3,183666969,
2022,41,183666978,
2022,41,183666980,
2022,38,183666983,
2022,41,183669017,
2022,7,183669020,
2022,41,183669024,
2022,41,183693265,
2022,41,183693266,
2022,41,183693269,
2022,41,196945583,
2022,38,183693270,
2022,41,183705511,
2022,21,183705520,
2022,41,183738166,
2022,3,198660451,
2022,41,199533294,
2022,41,199569079,
2022,41,199569080,
2022,41,199569081,
2022,41,199856694,
2022,41,199925344,
2022,41,202080444,
2022,41,202126989,
2022,41,202632126,
2022,41,183738167,
2022,41,183738169,
2022,41,183738170,
2022,41,183738176,
2022,41,183738201,
2022,38,183738203,
2022,41,183892889,
2022,41,183842845,
2022,41,183842847,
2022,38,183842851,
2022,38,183892893,
2022,38,183892894,
2022,41,187980738,
2022,41,183898107,
2022,41,183920762,
2022,41,183971050,
2022,41,183971064,
2022,41,175892835,
2022,41,175892837,
2022,41,183971067,
2022,38,183990407,
2022,41,175996519,
2022,21,184337230,
2022,38,176162978,
2022,21,176162981,
2022,38,184072809,
2022,41,184072811,
2022,41,184232147,
2022,41,184126907,
2022,41,184126913,
2022,41,184148046,
2022,41,184232148,
2022,41,184168733,
2022,41,184232153,
2022,41,184244056,
2022,38,177079887,
2022,38,184244059,
2022,41,184244060,
2022,41,184289058,
2022,39,177243490,
2022,41,184304496,
2022,41,184337240,
2022,3,177400312,
2022,41,177518444,
2022,41,184337241,
2022,41,178936367,
2022,41,184337242,
2022,41,177518445,
2022,41,184337247,
2022,41,177518447,
2022,41,177552765,
2022,41,184365445,
2022,41,184369297,
2022,41,178199398,
2022,41,178199409,
2022,41,184369298,
2022,41,178371900,
2022,41,184369299,
2022,41,184392134,
2022,21,181736409,
2022,38,184392140,
2022,41,184369302,
2022,39,178391587,
2022,41,184369307,
2022,38,184392151,
2022,41,184483856,
2022,41,184392157,
2022,41,184410275,
2022,41,184410276,
2022,41,179103271,
2022,38,187801086,
2022,41,184392162,
2022,41,179204465,
2022,41,184483859,
2022,38,179204466,
2022,41,184392164,
2022,41,184410285,
2022,41,179204469,
2022,1,181736411,
2022,41,184410286,
2022,41,184483863,
2022,42,179494410,
2022,38,179494411,
2022,21,184483865,
2022,41,184474104,
2022,41,184483882,
2022,38,179544195,
2022,41,179641296,
2022,3,184483885,
2022,41,179641299,
2022,41,184483889,
2022,41,179641300,
2022,41,184392167,
2022,41,184483907,
2022,41,184538928,
2022,41,180430764,
2022,41,181277125,
2022,41,181277130,
2022,41,181277131,
2022,41,184576601,
2022,41,184538938,
2022,41,180430806,
2022,41,184576608,
2022,41,181459902,
2022,41,181653155,
2022,21,181653160,
2022,41,181653163,
2022,41,181660206,
2022,41,181736416,
2022,41,181736418,
2022,41,181489555,
2022,41,181489556,
2022,41,181528198,
2022,41,181528199,
2022,41,182649734,
2022,41,182649740,
2022,41,182649741,
2022,42,182649743,
2022,41,182649744,
2022,38,182649765,
2022,41,182649767,
2022,41,182649774,
2022,41,182649775,
2022,41,182649785,
2022,38,182649789,
2022,41,182649793,
2022,41,182901474,
2022,41,182912448,
2022,41,182932225,
2022,41,183153017,
2022,42,183153019,
2022,1,183664538,
2022,38,183693226,
2022,41,183705410,
2022,41,184365558,
2022,41,184392406,
2022,42,201064393,
2022,42,184484089,
2022,1,184576614,
2022,38,184625053,
2022,38,184810814,
2022,41,184576616,
2022,41,184810816,
2022,41,184576617,
2022,41,184810820,
2022,41,184576633,
2022,41,184817408,
2022,41,184869276,
2022,38,184869278,
2022,41,184576657,
2022,41,184869281,
2022,41,184942066,
2022,41,184625107,
2022,41,184942096,
2022,41,184625109,
2022,41,184625111,
2022,41,184576670,
2022,41,184942125,
2022,21,184810965,
2022,41,185479208,
2022,41,184810967,
2022,38,186231252,
2022,41,184971535,
2022,42,184810982,
2022,41,185202269,
2022,41,185631292,
2022,38,185728610,
2022,41,185673166,
2022,41,185728613,
2022,41,186067183,
2022,41,186067185,
2022,3,186067189,
2022,41,186067192,
2022,41,186067196,
2022,41,186067204,
2022,41,186067214,
2022,38,186067216,
2022,41,186067224,
2022,41,186119451,
2022,3,186140016,
2022,3,186140017,
2022,42,186207486,
2022,41,186207490,
2022,41,186154223,
2022,41,186207500,
2022,38,186377698,
2022,41,185631302,
2022,41,186621510,
2022,41,186621514,
2022,41,186621528,
2022,41,186165363,
2022,21,186207405,
2022,41,186621537,
2022,21,186647304,
2022,38,186621552,
2022,41,186880122,
2022,41,186647308,
2022,21,186647311,
2022,41,186684859,
2022,41,187121903,
2022,41,187217291,
2022,41,187355710,
2022,41,187417908,
2022,41,187638840,
2022,41,187638843,
2022,41,188373933,
2022,41,188027364,
2022,21,188046565,
2022,21,188373935,
2022,41,188373938,
2022,41,188647676,
2022,38,188647679,
2022,38,188667170,
2022,41,186684860,
2022,31,186684866,
2022,41,186686956,
2022,41,186686957,
2022,41,186698903,
2022,41,186698919,
2022,38,186698921,
2022,41,186698922,
2022,41,189089561,
2022,9,186686960,
2022,41,186698923,
2022,41,186698926,
2022,41,186698927,
2022,41,186880209,
2022,38,186702871,
2022,41,186856383,
2022,41,186880244,
2022,41,186880251,
2022,41,186880261,
2022,41,187013116,
2022,41,187122023,
2022,41,187122025,
2022,41,187279699,
2022,32,187279700,
2022,41,187032711,
2022,41,187032717,
2022,41,187032718,
2022,41,187032719,
2022,41,187101828,
2022,41,187122029,
2022,38,187122035,
2022,41,187217358,
2022,41,187217362,
2022,38,187279702,
2022,38,189099329,
2022,41,187279703,
2022,42,187337089,
2022,41,187337103,
2022,41,189277320,
2022,41,189277323,
2022,41,187337108,
2022,41,187337112,
2022,21,189313798,
2022,41,187352282,
2022,38,189361435,
2022,41,189823411,
2022,21,189823412,
2022,41,202923068,
2022,41,187352284,
2022,21,190118616,
2022,41,190118617,
2022,38,187355844,
2022,41,190179631,
2022,41,187355857,
2022,41,187355858,
2022,41,187355862,
2022,3,187388426,
2022,41,190600583,
2022,38,187388428,
2022,41,190623600,
2022,41,190623604,
2022,41,190674523,
2022,41,187388435,
2022,41,190674525,
2022,41,187433993,
2022,41,187433995,
2022,41,190864050,
2022,41,187434004,
2022,38,187505460,
2022,41,191009837,
2022,42,191012814,
2022,41,187508766,
2022,41,189234365,
2022,38,187631269,
2022,41,192195981,
2022,41,187734807,
2022,1,192198332,
2022,41,192198336,
2022,41,187734809,
2022,41,192198338,
2022,41,187734817,
2022,41,192198341,
2022,41,192198342,
2022,41,187631275,
2022,38,192409689,
2022,41,187645151,
2022,41,192409690,
2022,41,192493578,
2022,41,187645152,
2022,41,187645153,
2022,41,187645156,
2022,41,192776776,
2022,41,187645159,
2022,41,192776778,
2022,41,187717428,
2022,41,192776780,
2022,41,187717429,
2022,38,194328353,
2022,37,187734818,
2022,41,194328356,
2022,41,187741187,
2022,41,187741188,
2022,41,187741194,
2022,41,194328371,
2022,32,187741195,
2022,41,187741196,
2022,41,187741197,
2022,38,187741201,
2022,41,187741202,
2022,21,194328381,
2022,41,187983029,
2022,41,187866805,
2022,38,194328391,
2022,41,189810758,
2022,3,194328405,
2022,38,187898110,
2022,3,187898111,
2022,41,187898113,
2022,41,188010050,
2022,41,194328414,
2022,41,194328421,
2022,41,194328425,
2022,41,194328427,
2022,42,195080939,
2022,41,188027406,
2022,41,195129512,
2022,41,195129513,
2022,42,195132191,
2022,38,188010052,
2022,41,190041269,
2022,42,195218625,
2022,38,195343159,
2022,41,195417728,
2022,41,188034818,
2022,41,195452643,
2022,41,195452644,
2022,41,188034823,
2022,41,188034825,
2022,21,188809862,
2022,41,188809863,
2022,41,188879065,
2022,41,188895643,
2022,41,183044665,
2022,41,182901545,
2022,41,182901560,
2022,41,182932297,
2022,41,182932299,
2022,41,182932301,
2022,41,182932307,
2022,39,183842803,
2022,41,183044673,
2022,42,188906741,
2022,41,188906744,
2022,41,182901564,
2022,41,183842804,
2022,41,183842805,
2022,41,182651859,
2022,41,182651875,
2022,41,182703657,
2022,41,183738125,
2022,41,182651883,
2022,41,182651884,
2022,41,182651885,
2022,41,182651893,
2022,41,182651896,
2022,41,182901565,
2022,41,182764623,
2022,41,182857802,
2022,41,182886043,
2022,41,183732209,
2022,41,183705439,
2022,41,183917343,
2022,41,184126711,
2022,41,188906746,
2022,41,184241347,
2022,41,184810833,
2022,41,184942147,
2022,41,184810836,
2022,41,186377592,
2022,41,187012790,
2022,41,187027474,
2022,41,187220766,
2022,41,187734716,
2022,41,187722371,
2022,21,187722372,
2022,32,187631210,
2022,39,188800505,
2022,41,188895605,
2022,41,188887077,
2022,38,188981194,
2022,41,189054667,
2022,41,188981169,
2022,41,189054601,
2022,38,189193677,
2022,41,189342112,
2022,21,190446560,
2022,41,189429141,
2022,41,189823413,
2022,3,189842930,
2022,41,190118619,
2022,41,190403894,
2022,41,189054668,
2022,41,190600587,
2022,41,190674529,
2022,41,190701549,
2022,41,191649714,
2022,41,191880424,
2022,41,194331513,
2022,41,192279694,
2022,41,192409696,
2022,41,192554441,
2022,41,192753324,
2022,41,194331524,
2022,38,194331534,
2022,41,194331542,
2022,41,194331543,
2022,41,194331547,
2022,41,194331555,
2022,1,194331571,
2022,41,194331579,
2022,21,194331581,
2022,41,194756500,
2022,41,195132192,
2022,41,194756502,
2022,41,188981198,
2022,41,188981200,
2022,41,178877089,
2022,38,178877090,
2022,1,178877092,
2022,41,178877096,
2022,21,178877106,
2022,41,178877107,
2022,41,178877110,
2022,41,178877118,
2022,41,178877123,
2022,41,178877128,
2022,21,178877129,
2022,41,194331635,
2022,41,178877135,
2022,31,178877137,
2022,41,178877138,
2022,41,178877142,
2022,41,178877145,
2022,41,189054670,
2022,41,178877156,
2022,41,189054671,
2022,41,189089619,
2022,41,178877160,
2022,38,189111724,
2022,41,178877174,
2022,41,189111728,
2022,41,178877175,
2022,41,178877177,
2022,41,178877178,
2022,41,178877185,
2022,41,178877190,
2022,41,178877192,
2022,41,178877194,
2022,41,178877195,
2022,1,178877219,
2022,41,178877227,
2022,21,178877230,
2022,21,178877234,
2022,41,179019418,
2022,41,179019420,
2022,21,179101407,
2022,31,179101407,
2022,41,179494415,
2022,3,179544200,
2022,41,179590173,
2022,41,189155174,
2022,41,189155175,
2022,41,189234366,
2022,41,189234367,
2022,41,189241709,
2022,38,179994168,
2022,41,180075316,
2022,41,189241712,
2022,41,180253643,
2022,21,180253644,
2022,41,180883341,
2022,21,189429142,
2022,41,184241349,
2022,41,180883346,
2022,21,181419666,
2022,41,181419667,
2022,41,181419669,
2022,1,181419671,
2022,1,181419674,
2022,41,181477635,
2022,41,181442303,
2022,41,181442305,
2022,1,181442308,
2022,41,181489558,
2022,41,181442314,
2022,41,181442315,
2022,31,181453398,
2022,31,181453399,
2022,38,181453403,
2022,32,181477636,
2022,1,181477638,
2022,41,181489559,
2022,1,181489560,
2022,41,181528207,
2022,41,181577096,
2022,41,182651998,
2022,31,182652008,
2022,41,182652009,
2022,1,182652018,
2022,41,182652021,
2022,41,182652024,
2022,41,182652027,
2022,41,182652028,
2022,41,182652030,
2022,3,182652031,
2022,41,182652032,
2022,38,189241716,
2022,41,182652035,
2022,38,189241719,
2022,41,189241723,
2022,41,182652040,
2022,21,189241730,
2022,3,182652042,
2022,1,182652044,
2022,41,189313841,
2022,3,182652048,
2022,41,182652053,
2022,41,189282063,
2022,41,182652055,
2022,41,189367031,
2022,41,182652059,
2022,3,182652068,
2022,21,182652082,
2022,41,182652083,
2022,41,182652088,
2022,32,182652090,
2022,32,182652091,
2022,41,182652094,
2022,41,189810761,
2022,41,182652095,
2022,41,182652096,
2022,41,190446563,
2022,41,182652100,
2022,21,182652101,
2022,41,189810772,
2022,41,182712085,
2022,41,189810774,
2022,1,184337369,
2022,41,189842977,
2022,41,189459627,
2022,41,182857822,
2022,41,189768617,
2022,41,182901570,
2022,21,182932311,
2022,41,182932312,
2022,41,189810777,
2022,21,182932315,
2022,21,182932317,
2022,38,189810789,
2022,41,182944931,
2022,38,182982636,
2022,41,189842985,
2022,38,182982638,
2022,3,183044700,
2022,42,189960200,
2022,3,183210039,
2022,41,183210042,
2022,41,183210043,
2022,41,183732211,
2022,41,183383025,
2022,42,189962663,
2022,3,183410067,
2022,41,183693229,
2022,41,194331636,
2022,41,183705441,
2022,21,183705443,
2022,41,189962666,
2022,41,183732213,
2022,41,189962668,
2022,21,189962674,
2022,21,183842810,
2022,38,190041270,
2022,41,190041272,
2022,41,183954004,
2022,41,190041276,
2022,41,183954006,
2022,3,183954034,
2022,41,183971009,
2022,41,190041283,
2022,41,190041284,
2022,41,190041294,
2022,41,183992520,
2022,41,190044014,
2022,31,184625057,
2022,41,184147979,
2022,38,190044016,
2022,41,184147984,
2022,41,190122763,
2022,41,190044020,
2022,38,184168691,
2022,41,190122765,
2022,41,184232068,
2022,41,190122770,
2022,41,190403947,
2022,1,184244012,
2022,1,184244013,
2022,41,184289182,
2022,41,190426237,
2022,41,184289187,
2022,41,190233443,
2022,41,184365642,
2022,41,184365645,
2022,41,190179895,
2022,41,190230566,
2022,21,190230567,
2022,41,190248217,
2022,41,184392656,
2022,1,184625059,
2022,21,185429754,
2022,41,184810843,
2022,1,184822115,
2022,41,190248223,
2022,41,190403949,
2022,41,190403951,
2022,31,187898041,
2022,38,190426252,
2022,41,185126318,
2022,41,185126322,
2022,41,190446603,
2022,41,190539330,
2022,31,190561659,
2022,41,190561664,
2022,41,185277019,
2022,41,185283493,
2022,41,185429757,
2022,41,185429758,
2022,41,190714140,
2022,41,185441739,
2022,21,185479216,
2022,41,190565044,
2022,41,190701611,
2022,1,186067018,
2022,41,186040989,
2022,41,186067038,
2022,31,186067045,
2022,41,186139948,
2022,41,186139953,
2022,41,186139956,
2022,41,186139960,
2022,41,186139963,
2022,1,186207427,
2022,1,186333696,
2022,1,186333697,
2022,41,191012815,
2022,41,186333705,
2022,3,186678949,
2022,41,186970466,
2022,41,186970468,
2022,3,198453249,
2022,31,187012791,
2022,21,187012793,
2022,41,187717371,
2022,3,187032675,
2022,41,187336997,
2022,41,187336998,
2022,41,187336999,
2022,1,187337000,
2022,41,187337002,
2022,41,190701612,
2022,41,187337006,
2022,41,190565047,
2022,41,187337007,
2022,41,190623835,
2022,3,187505348,
2022,41,190717343,
2022,41,187505360,
2022,41,187505362,
2022,38,190714142,
2022,41,190717345,
2022,41,190717346,
2022,3,187508738,
2022,41,187717373,
2022,21,187717374,
2022,21,187717378,
2022,41,190717348,
2022,41,187717380,
2022,41,187717381,
2022,41,190728708,
2022,41,187717383,
2022,21,187717384,
2022,38,187717385,
2022,42,190864113,
2022,41,187778640,
2022,1,187734725,
2022,21,187801007,
2022,21,187801008,
2022,41,187801010,
2022,31,187866731,
2022,31,187866732,
2022,3,187866734,
2022,41,187866735,
2022,21,187866737,
2022,38,190959477,
2022,41,187866743,
2022,41,190989587,
2022,1,188027365,
2022,38,190989596,
2022,41,191012898,
2022,41,188800519,
2022,41,188800523,
2022,41,188800525,
2022,41,191012903,
2022,41,191009930,
2022,41,191012907,
2022,42,191027375,
2022,41,191053966,
2022,41,191027379,
2022,32,195110805,
2022,41,191053973,
2022,1,191053975,
2022,41,191053976,
2022,1,191053979,
2022,42,191053980,
2022,41,191053982,
2022,41,191352256,
2022,41,191053989,
2022,9,191053995,
2022,41,191265594,
2022,41,191352263,
2022,38,191352304,
2022,41,191352310,
2022,41,191352315,
2022,41,191352324,
2022,41,191649790,
2022,41,194323564,
2022,41,191649794,
2022,41,191655086,
2022,41,191794315,
2022,41,191794319,
2022,41,188823542,
2022,41,191824570,
2022,38,188823544,
2022,41,191831683,
2022,41,191831684,
2022,41,191831693,
2022,41,191848870,
2022,21,191848878,
2022,41,191878761,
2022,41,191878763,
2022,41,191878773,
2022,3,191880976,
2022,41,191880979,
2022,41,191880980,
2022,41,192085767,
2022,41,192085769,
2022,41,192059297,
2022,41,192069863,
2022,41,192150229,
2022,41,192326680,
2022,41,192150232,
2022,41,192196052,
2022,38,192196056,
2022,41,192198394,
2022,41,192198397,
2022,41,192279737,
2022,21,192326685,
2022,41,192326689,
2022,21,192326690,
2022,41,192326691,
2022,1,192326694,
2022,41,192425909,
2022,3,188823545,
2022,41,188823547,
2022,41,192425910,
2022,41,192425911,
2022,41,192326701,
2022,41,192425912,
2022,1,192425914,
2022,41,192425916,
2022,38,192425919,
2022,41,192458129,
2022,41,192597524,
2022,41,192597527,
2022,41,192597534,
2022,3,192781556,
2022,41,192781560,
2022,41,192597536,
2022,38,192781577,
2022,38,192781595,
2022,41,188887001,
2022,41,188895609,
2022,41,189361436,
2022,41,189089566,
2022,41,189089567,
2022,41,194323575,
2022,3,194323576,
2022,41,194323584,
2022,39,194323589,
2022,41,197882350,
2022,41,195110807,
2022,41,194323607,
2022,41,194323622,
2022,41,194323623,
2022,41,194323624,
2022,41,194323625,
2022,38,194323633,
2022,41,194323634,
2022,41,194323636,
2022,41,194323638,
2022,41,197683369,
2022,41,194323645,
2022,41,194323646,
2022,38,194323660,
2022,38,194323662,
2022,41,194323663,
2022,21,194323670,
2022,38,194323682,
2022,41,194323683,
2022,21,194323686,
2022,38,194323694,
2022,41,194323696,
2022,41,194323698,
2022,41,194323700,
2022,21,189047944,
2022,41,194323704,
2022,41,194323706,
2022,41,194323713,
2022,41,194323716,
2022,41,194323719,
2022,41,194323723,
2022,41,194323733,
2022,41,194323736,
2022,21,194323741,
2022,41,194323743,
2022,41,194323744,
2022,41,194323757,
2022,41,194323759,
2022,3,194323762,
2022,21,194323763,
2022,41,194323773,
2022,41,194323802,
2022,42,194323806,
2022,41,194323838,
2022,41,194323843,
2022,3,194323844,
2022,41,194323849,
2022,41,194756552,
2022,42,194323879,
2022,41,194323884,
2022,41,194715428,
2022,21,189047945,
2022,38,194756553,
2022,41,194763291,
2022,41,194763300,
2022,41,195110824,
2022,41,195150072,
2022,41,195158851,
2022,41,195158857,
2022,41,195218723,
2022,42,195218725,
2022,1,196420475,
2022,41,189089568,
2022,3,189234353,
2022,1,189234356,
2022,1,189234358,
2022,38,196420477,
2022,1,189313803,
2022,41,189313806,
2022,41,189313807,
2022,1,189313810,
2022,41,189361440,
2022,41,189361444,
2022,1,189367006,
2022,21,189367008,
2022,31,189425639,
2022,41,189429144,
2022,1,189459605,
2022,41,189810733,
2022,41,195218731,
2022,21,189810736,
2022,38,195279004,
2022,41,190041225,
2022,41,190041226,
2022,41,190041228,
2022,41,195279005,
2022,41,195282858,
2022,41,190179633,
2022,21,190179634,
2022,38,195343185,
2022,41,190365010,
2022,3,190365015,
2022,41,195343186,
2022,42,195343187,
2022,41,195343188,
2022,41,195343191,
2022,41,190417173,
2022,39,195352185,
2022,21,190446566,
2022,41,195417742,
2022,38,195417743,
2022,41,195424241,
2022,38,195424244,
2022,41,195424245,
2022,3,195452674,
2022,41,195452675,
2022,41,195462118,
2022,21,195462120,
2022,41,195623791,
2022,41,195634359,
2022,41,195634360,
2022,41,195634362,
2022,41,195823122,
2022,21,195823141,
2022,41,195881421,
2022,3,195890323,
2022,41,196152594,
2022,3,196152597,
2022,1,197348394,
2022,41,196152604,
2022,21,196152624,
2022,41,190600592,
2022,41,196176414,
2022,1,190600601,
2022,41,196182360,
2022,38,196398916,
2022,41,190674532,
2022,41,191791230,
2022,41,196182368,
2022,41,196398920,
2022,21,191009841,
2022,21,191012817,
2022,21,196398922,
2022,21,191012818,
2022,41,196412093,
2022,41,191012822,
2022,21,191012823,
2022,41,196412096,
2022,41,196412097,
2022,41,196412098,
2022,41,196412099,
2022,41,191027292,
2022,41,196420481,
2022,41,196412113,
2022,41,191265511,
2022,41,196456427,
2022,41,191265515,
2022,41,191649718,
2022,41,191649719,
2022,41,199075989,
2022,41,191791231,
2022,41,191655067,
2022,1,191791233,
2022,41,191824484,
2022,1,191824485,
2022,41,191824488,
2022,1,191824489,
2022,41,191878715,
2022,41,191878717,
2022,41,191878719,
2022,41,191880427,
2022,41,192085745,
2022,41,192195994,
2022,1,192195998,
2022,41,192279698,
2022,41,192425875,
2022,41,192457926,
2022,41,192554453,
2022,1,194331644,
2022,31,194331645,
2022,41,194331656,
2022,41,194331663,
2022,41,194331664,
2022,41,194331666,
2022,38,194331667,
2022,41,194331668,
2022,41,194331676,
2022,31,194331677,
2022,1,194331682,
2022,21,196459878,
2022,41,196459888,
2022,41,194331691,
2022,41,194331692,
2022,41,194331695,
2022,41,196459889,
2022,41,196459890,
2022,41,196459891,
2022,41,196459894,
2022,21,194331702,
2022,41,196459897,
2022,21,194331704,
2022,1,194331705,
2022,41,194331706,
2022,41,189960215,
2022,41,194331711,
2022,41,194331712,
2022,31,194331725,
2022,41,194331726,
2022,41,194331728,
2022,41,194331732,
2022,41,194331734,
2022,41,194331736,
2022,41,195623730,
2022,41,194331742,
2022,21,194331743,
2022,31,194331745,
2022,21,194331752,
2022,1,194331754,
2022,41,194331756,
2022,41,194331760,
2022,41,199075990,
2022,41,194331765,
2022,41,194331770,
2022,41,194331771,
2022,41,194331777,
2022,32,194331779,
2022,3,195110773,
2022,21,194331788,
2022,21,194331789,
2022,41,194331790,
2022,41,194331795,
2022,1,194756503,
2022,41,195080946,
2022,41,195080949,
2022,41,195080950,
2022,41,195148563,
2022,41,195148564,
2022,41,195150043,
2022,41,195417730,
2022,41,195417731,
2022,41,195417732,
2022,41,195417736,
2022,31,195417737,
2022,1,195424169,
2022,41,189960222,
2022,41,189960226,
2022,41,189960238,
2022,21,195522629,
2022,41,195522630,
2022,41,195522631,
2022,41,189960245,
2022,31,195623731,
2022,41,195623732,
2022,41,189960249,
2022,41,189960251,
2022,41,189960252,
2022,41,189960254,
2022,38,189960255,
2022,41,189960259,
2022,41,189960265,
2022,41,189960274,
2022,41,189960281,
2022,41,189960283,
2022,38,189960284,
2022,41,189960291,
2022,41,189960292,
2022,41,189960293,
2022,41,189960294,
2022,41,189960303,
2022,41,189960317,
2022,41,181442320,
2022,41,181442326,
2022,41,189960330,
2022,41,189960343,
2022,41,190577135,
2022,41,190771493,
2022,41,197137935,
2022,41,197137936,
2022,41,177520802,
2022,41,190771494,
2022,41,191807240,
2022,41,179590175,
2022,41,191878774,
2022,41,191878777,
2022,41,192409751,
2022,41,192441950,
2022,41,192616733,
2022,1,194324011,
2022,38,179544207,
2022,42,194324013,
2022,41,179544208,
2022,42,195110831,
2022,42,195132255,
2022,41,181584798,
2022,41,195264454,
2022,41,189420152,
2022,41,189420153,
2022,41,187310386,
2022,32,182932343,
2022,21,187310395,
2022,41,182932353,
2022,41,182912467,
2022,41,182886082,
2022,41,187310403,
2022,41,192554468,
2022,3,182993499,
2022,41,183153280,
2022,41,187310408,
2022,41,183361607,
2022,41,189155180,
2022,41,189264540,
2022,41,184365842,
2022,42,189264557,
2022,41,189264560,
2022,41,189264570,
2022,41,189264571,
2022,41,189264573,
2022,41,186333760,
2022,41,186377616,
2022,41,187980709,
2022,41,201072015,
2022,41,187980724,
2022,41,189823417,
2022,41,201072016,
2022,41,189277333,
2022,38,191009844,
2022,41,189277341,
2022,41,191009848,
2022,41,201072017,
2022,41,194334365,
2022,41,195764420,
2022,38,195764421,
2022,41,195764422,
2022,41,195764434,
2022,41,201072025,
2022,41,201072028,
2022,21,189264575,
2022,41,189264577,
2022,41,189264582,
2022,41,189264586,
2022,41,189264587,
2022,41,189282079,
2022,41,181317796,
2022,41,189282080,
2022,38,189295096,
2022,41,198923738,
2022,41,185713631,
2022,3,187722382,
2022,41,189295103,
2022,38,189393803,
2022,41,199023715,
2022,21,189420162,
2022,41,199076004,
2022,41,199076008,
2022,41,189420169,
2022,41,184942180,
2022,41,189420172,
2022,41,184942187,
2022,41,189423310,
2022,41,189423324,
2022,41,189423325,
2022,41,189423331,
2022,31,184869300,
2022,41,184869301,
2022,41,190701627,
2022,41,184869310,
2022,38,190701630,
2022,41,184869314,
2022,41,190701633,
2022,41,190701634,
2022,41,190701635,
2022,41,184869320,
2022,41,190701636,
2022,41,190701639,
2022,41,184869323,
2022,42,184869324,
2022,41,190705862,
2022,41,190705863,
2022,41,192069864,
2022,41,192077904,
2022,38,192077905,
2022,41,192077910,
2022,41,192597538,
2022,41,184869351,
2022,41,192604703,
2022,41,184869358,
2022,41,185666781,
2022,41,192604711,
2022,41,185666783,
2022,41,185672986,
2022,41,192604714,
2022,21,198996900,
2022,41,185666785,
2022,41,185672999,
2022,41,194324414,
2022,41,194324419,
2022,41,194324421,
2022,38,194324423,
2022,21,196796714,
2022,41,194324430,
2022,41,196796721,
2022,42,196796743,
2022,41,185673029,
2022,41,185666812,
2022,3,196796752,
2022,41,196796763,
2022,41,185673043,
2022,41,185666819,
2022,41,196796768,
2022,41,196796770,
2022,37,196796770,
2022,41,196796774,
2022,38,185631426,
2022,41,185666824,
2022,42,185673060,
2022,41,186693461,
2022,41,185673073,
2022,41,185673077,
2022,42,185673081,
2022,42,185666843,
2022,41,185673087,
2022,41,185666847,
2022,4,185666852,
2022,41,186693465,
2022,41,186693468,
2022,41,186693470,
2022,41,186693471,
2022,41,186693473,
2022,41,186693484,
2022,41,186693495,
2022,41,186693496,
2022,41,186698706,
2022,41,186693509,
2022,41,186693510,
2022,41,186698714,
2022,41,186698715,
2022,41,186698718,
2022,41,186693530,
2022,41,186693531,
2022,42,186693533,
2022,41,186693541,
2022,41,186693542,
2022,41,186693547,
2022,1,186693556,
2022,41,186693559,
2022,32,186693560,
2022,41,186693561,
2022,41,186698733,
2022,41,186970473,
2022,41,186698738,
2022,42,187012801,
2022,41,187012803,
2022,41,186698739,
2022,41,186698748,
2022,41,187012819,
2022,42,186698761,
2022,42,187012830,
2022,42,185631429,
2022,41,186970492,
2022,41,187101717,
2022,41,187101718,
2022,41,187101719,
2022,41,187101727,
2022,41,187101729,
2022,41,187121912,
2022,42,187121915,
2022,41,187101746,
2022,41,187121918,
2022,41,187101766,
2022,41,187121921,
2022,41,187121922,
2022,41,187101777,
2022,41,187101778,
2022,41,187101779,
2022,41,187101789,
2022,42,187101790,
2022,41,190959272,
2022,41,190959285,
2022,41,190959290,
2022,41,190959297,
2022,41,190959301,
2022,41,190959304,
2022,1,194338185,
2022,41,190959309,
2022,41,190959315,
2022,41,190959316,
2022,41,190959317,
2022,41,190959319,
2022,21,190959325,
2022,41,185631463,
2022,41,190959329,
2022,31,190959330,
2022,42,190959333,
2022,3,190959334,
2022,41,190959339,
2022,41,185631488,
2022,41,190959353,
2022,41,185631526,
2022,41,190959364,
2022,41,190959368,
2022,41,190230447,
2022,41,190365023,
2022,41,190230452,
2022,41,190179644,
2022,41,190179645,
2022,41,185631527,
2022,3,187980784,
2022,41,190230457,
2022,41,194338189,
2022,41,194338190,
2022,42,187980789,
2022,41,187980811,
2022,41,190230489,
2022,41,190230492,
2022,41,187980813,
2022,41,190230495,
2022,41,187980831,
2022,41,190230499,
2022,41,190417180,
2022,41,190230501,
2022,38,187980838,
2022,41,190179665,
2022,41,190245297,
2022,41,190230512,
2022,21,190365032,
2022,41,190230521,
2022,42,190365033,
2022,41,187980869,
2022,41,190179674,
2022,41,187980892,
2022,41,190230531,
2022,41,190417182,
2022,41,190248261,
2022,41,190417208,
2022,21,190438027,
2022,41,190446567,
2022,41,190417223,
2022,41,190417225,
2022,41,190417239,
2022,41,190248264,
2022,41,190417241,
2022,3,190248275,
2022,41,190446568,
2022,3,190446569,
2022,3,190248276,
2022,38,190248290,
2022,41,190417259,
2022,42,190417265,
2022,41,190248314,
2022,41,190446572,
2022,41,190417273,
2022,42,190417275,
2022,41,190417279,
2022,42,190248315,
2022,42,190248331,
2022,41,190438033,
2022,31,190417300,
2022,41,190417301,
2022,41,190446574,
2022,41,190248333,
2022,3,190248340,
2022,31,190438038,
2022,3,190248341,
2022,41,190248354,
2022,42,190691830,
2022,41,190248355,
2022,41,190691836,
2022,41,190248366,
2022,42,190691844,
2022,41,190248367,
2022,42,190691848,
2022,41,190248368,
2022,41,190248370,
2022,41,194326160,
2022,41,194326184,
2022,41,190691859,
2022,41,190691861,
2022,41,194338197,
2022,21,190691868,
2022,41,190691868,
2022,3,194326192,
2022,41,194326200,
2022,41,194326206,
2022,38,190691893,
2022,41,194326254,
2022,42,190691898,
2022,41,190691902,
2022,31,190691911,
2022,41,190691912,
2022,41,190691913,
2022,41,190691914,
2022,31,190691930,
2022,41,194326290,
2022,41,190691946,
2022,41,190691947,
2022,3,190691959,
2022,38,197221857,
2022,41,192457946,
2022,41,197221858,
2022,38,197221862,
2022,38,197221863,
2022,21,197306377,
2022,41,192457980,
2022,21,192457983,
2022,41,192457991,
2022,1,192457992,
2022,21,192457994,
2022,41,192457995,
2022,41,192457996,
2022,41,192457997,
2022,41,192458000,
2022,42,192458004,
2022,37,192458007,
2022,41,192458009,
2022,41,192458013,
2022,41,192458018,
2022,41,192458021,
2022,41,192458032,
2022,41,192458043,
2022,41,192458055,
2022,41,192458057,
2022,41,192458058,
2022,42,194338198,
2022,41,194338200,
2022,1,194338208,
2022,41,194338209,
2022,42,194338210,
2022,42,194338213,
2022,21,194338215,
2022,41,194338223,
2022,41,194338231,
2022,41,194338232,
2022,41,194338233,
2022,41,194338238,
2022,1,194338256,
2022,41,197306429,
2022,41,194338262,
2022,1,194338263,
2022,42,194338264,
2022,1,194338271,
2022,41,194338279,
2022,41,194338287,
2022,38,194338294,
2022,41,196168512,
2022,41,196168518,
2022,41,196168522,
2022,41,196168525,
2022,41,196168527,
2022,41,196168529,
2022,42,196177123,
2022,41,197310702,
2022,41,196168540,
2022,41,196168552,
2022,41,196168557,
2022,41,196168560,
2022,41,197310710,
2022,42,197348422,
2022,41,196168566,
2022,41,196168567,
2022,41,196168578,
2022,41,196168585,
2022,41,196168591,
2022,41,196168592,
2022,41,196168593,
2022,41,196168594,
2022,41,197549655,
2022,41,196168603,
2022,41,196168611,
2022,42,181366601,
2022,42,181366607,
2022,42,181366608,
2022,42,181462954,
2022,38,181757809,
2022,42,183954036,
2022,42,184126713,
2022,39,183971015,
2022,41,192813652,
2022,42,192753329,
2022,42,192753331,
2022,42,192753332,
2022,38,192813653,
2022,41,197348453,
2022,42,199772151,
2022,38,197348464,
2022,41,179544230,
2022,39,179544233,
2022,41,179544239,
2022,41,179544242,
2022,41,179544243,
2022,41,179544244,
2022,41,182901646,
2022,41,182901679,
2022,41,182901680,
2022,41,182901685,
2022,41,182901689,
2022,42,182901696,
2022,41,182901703,
2022,41,182901705,
2022,41,182901707,
2022,41,182901708,
2022,41,182904565,
2022,41,182904580,
2022,42,182904581,
2022,41,187121929,
2022,41,187121933,
2022,41,187121934,
2022,21,187121935,
2022,21,187121936,
2022,41,187121937,
2022,41,187121938,
2022,41,187121939,
2022,41,187121940,
2022,38,187121945,
2022,31,187121946,
2022,38,187121950,
2022,41,187121951,
2022,39,187121952,
2022,41,187121954,
2022,39,187121955,
2022,41,187121959,
2022,41,187121965,
2022,41,187121966,
2022,39,190678079,
2022,39,190678081,
2022,31,190678083,
2022,31,190678084,
2022,41,190678091,
2022,39,190678092,
2022,41,190678095,
2022,41,190678102,
2022,39,191009851,
2022,41,191009852,
2022,41,191009853,
2022,41,191009856,
2022,41,191009858,
2022,41,191009859,
2022,41,191009863,
2022,41,197348466,
2022,21,191009869,
2022,41,191009885,
2022,41,191009887,
2022,41,192017503,
2022,38,192017503,
2022,41,192017505,
2022,41,192017515,
2022,41,192017521,
2022,41,192017524,
2022,41,192017530,
2022,41,192017536,
2022,41,192017539,
2022,41,192017541,
2022,41,194333562,
2022,41,194333565,
2022,41,194333568,
2022,41,194333569,
2022,39,194333573,
2022,3,194333575,
2022,39,194333576,
2022,41,194333577,
2022,41,195764449,
2022,39,195764452,
2022,39,195764456,
2022,41,195764457,
2022,41,195764458,
2022,41,195764459,
2022,38,195764461,
2022,41,195764462,
2022,41,195764463,
2022,39,195764468,
2022,39,195764469,
2022,41,195764470,
2022,41,195764471,
2022,21,197348468,
2022,41,195764474,
2022,41,196491435,
2022,41,196491438,
2022,41,196491446,
2022,41,197068991,
2022,41,196491451,
2022,41,196491455,
2022,41,196491468,
2022,41,179544255,
2022,42,184126761,
2022,42,184126762,
2022,42,190600616,
2022,41,197348476,
2022,38,184126775,
2022,38,184126777,
2022,3,184126779,
2022,42,184126784,
2022,38,202005624,
2022,41,202005625,
2022,41,202005626,
2022,42,184126794,
2022,21,184126805,
2022,21,184126806,
2022,42,194329170,
2022,42,184126814,
2022,38,184126818,
2022,41,184126819,
2022,42,184126820,
2022,42,184126844,
2022,38,184126846,
2022,42,184126856,
2022,42,184126857,
2022,21,190600619,
2022,42,185435570,
2022,21,184148008,
2022,7,184148011,
2022,21,184148019,
2022,21,184148020,
2022,38,185435573,
2022,42,185435597,
2022,21,185435598,
2022,21,185435599,
2022,31,190118632,
2022,38,185435623,
2022,38,185435624,
2022,42,185441745,
2022,42,185441757,
2022,38,197348479,
2022,42,185441764,
2022,42,199597230,
2022,21,199597231,
2022,31,185441789,
2022,31,185441790,
2022,42,185441797,
2022,42,186970519,
2022,42,185441809,
2022,21,185441814,
2022,42,189281924,
2022,21,185441829,
2022,21,185441831,
2022,1,185441832,
2022,42,197069011,
2022,38,185441840,
2022,38,185441841,
2022,42,187012844,
2022,41,187012845,
2022,41,197348485,
2022,21,187012851,
2022,42,187012856,
2022,41,197348498,
2022,31,187012865,
2022,3,194329177,
2022,41,187012879,
2022,42,197069013,
2022,42,187012902,
2022,42,187012906,
2022,42,187012911,
2022,41,187012920,
2022,42,187012940,
2022,1,187012947,
2022,42,187012948,
2022,42,187012958,
2022,21,187012959,
2022,21,187012960,
2022,21,187012963,
2022,41,187012964,
2022,41,199597237,
2022,21,199597241,
2022,21,199597242,
2022,21,187012984,
2022,41,187012985,
2022,38,187013007,
2022,41,197412209,
2022,21,187013026,
2022,21,187013028,
2022,42,187013029,
2022,42,189425642,
2022,21,189425645,
2022,42,187013048,
2022,42,199597251,
2022,41,189277375,
2022,41,197412213,
2022,41,197882431,
2022,41,197437520,
2022,42,189277378,
2022,3,199597256,
2022,3,199597257,
2022,38,197437543,
2022,42,189277407,
2022,41,189277420,
2022,41,189277421,
2022,31,189277427,
2022,41,197882497,
2022,41,189277444,
2022,41,189277445,
2022,42,189277446,
2022,41,189277447,
2022,38,189277450,
2022,41,197882505,
2022,21,197882513,
2022,21,197882514,
2022,41,197882544,
2022,41,197882549,
2022,38,197882628,
2022,38,197882629,
2022,41,197882639,
2022,41,180075376,
2022,38,180075380,
2022,42,180075389,
2022,32,189277451,
2022,32,189277452,
2022,21,189277455,
2022,21,189277456,
2022,42,191791258,
2022,31,190600626,
2022,41,189281934,
2022,38,189281937,
2022,41,180075397,
2022,41,178372015,
2022,41,180075415,
2022,42,178372019,
2022,41,182648116,
2022,41,178372021,
2022,41,182648133,
2022,39,182648136,
2022,41,182648143,
2022,21,182648165,
2022,41,183920778,
2022,42,189281938,
2022,42,189281940,
2022,21,202005633,
2022,41,189281950,
2022,42,180075432,
2022,21,183920795,
2022,21,183920796,
2022,41,183920819,
2022,41,183920825,
2022,38,183920828,
2022,41,183920832,
2022,41,185631532,
2022,41,185631540,
2022,41,185631541,
2022,42,189281958,
2022,41,189281976,
2022,42,189281981,
2022,9,189281982,
2022,21,189281987,
2022,21,189281988,
2022,42,190600628,
2022,41,189281991,
2022,31,189281998,
2022,41,200975794,
2022,38,187310413,
2022,31,187310414,
2022,39,187310417,
2022,41,187310418,
2022,41,187310419,
2022,41,187310420,
2022,41,187310425,
2022,37,187310425,
2022,41,196999241,
2022,31,189281999,
2022,41,198996903,
2022,38,197069034,
2022,41,176606087,
2022,42,189282022,
2022,21,194329192,
2022,41,176890969,
2022,41,177071614,
2022,42,189282032,
2022,41,189282034,
2022,42,189425648,
2022,4,189425650,
2022,21,189425653,
2022,21,189425654,
2022,38,189425662,
2022,38,189425663,
2022,38,189425674,
2022,42,189425684,
2022,9,189425696,
2022,31,189425698,
2022,41,189425704,
2022,21,177100916,
2022,38,177235098,
2022,42,177105308,
2022,41,177105309,
2022,41,177125646,
2022,41,177803996,
2022,38,189425714,
2022,38,189425721,
2022,3,189425722,
2022,3,189425725,
2022,3,189425726,
2022,21,189425740,
2022,38,189425740,
2022,42,189425742,
2022,42,189425748,
2022,42,202155218,
2022,39,191791270,
2022,3,191791271,
2022,21,189429168,
2022,21,189429169,
2022,41,189429170,
2022,41,189429171,
2022,42,189429175,
2022,42,190118641,
2022,42,190118649,
2022,42,190118651,
2022,3,190118652,
2022,42,190118659,
2022,41,190118673,
2022,42,202005644,
2022,41,190122604,
2022,42,190122605,
2022,38,190122611,
2022,42,197069046,
2022,38,190122628,
2022,42,190122649,
2022,38,199597278,
2022,42,190122665,
2022,21,194329201,
2022,41,190122672,
2022,39,190122677,
2022,42,177811704,
2022,42,178358724,
2022,42,190122690,
2022,41,190122691,
2022,42,190122697,
2022,42,202005648,
2022,21,190122722,
2022,42,190179690,
2022,21,190179693,
2022,21,190179694,
2022,42,190179696,
2022,42,190179718,
2022,42,190179723,
2022,41,178391601,
2022,41,178659952,
2022,42,178957185,
2022,42,178957186,
2022,41,179181356,
2022,38,179325454,
2022,38,179325455,
2022,38,179325456,
2022,42,179494527,
2022,42,179958153,
2022,41,199597288,
2022,38,190179731,
2022,38,190179732,
2022,42,190179734,
2022,42,202155219,
2022,21,180059068,
2022,41,181291077,
2022,41,199597291,
2022,31,190179757,
2022,31,190179759,
2022,41,181277163,
2022,41,181277164,
2022,21,190179776,
2022,41,181277165,
2022,41,181291078,
2022,42,190179778,
2022,42,191791277,
2022,38,190179788,
2022,3,197069060,
2022,42,191791279,
2022,41,190179800,
2022,42,190179809,
2022,21,190179810,
2022,42,190179815,
2022,42,190179816,
2022,41,190179826,
2022,42,190179834,
2022,21,190179836,
2022,21,190179838,
2022,42,194329212,
2022,3,194329213,
2022,42,199597321,
2022,42,191791282,
2022,42,190623621,
2022,42,190623628,
2022,41,194329215,
2022,21,202005651,
2022,41,191791285,
2022,38,190623638,
2022,38,190623639,
2022,42,190623643,
2022,42,190623647,
2022,42,190623648,
2022,42,190623650,
2022,21,190623653,
2022,38,190623658,
2022,1,190623659,
2022,42,191791286,
2022,42,190623665,
2022,21,190623671,
2022,31,190623671,
2022,38,194329219,
2022,31,190623704,
2022,41,190623705,
2022,42,181419724,
2022,21,190623722,
2022,42,190623725,
2022,41,181426829,
2022,41,181474232,
2022,42,182652694,
2022,41,181626943,
2022,38,190623758,
2022,21,190623759,
2022,41,182652707,
2022,42,190623764,
2022,42,190623765,
2022,42,190623775,
2022,21,190623782,
2022,42,190623786,
2022,3,190623788,
2022,41,182993481,
2022,41,184289203,
2022,9,191791314,
2022,41,184289204,
2022,41,184337409,
2022,42,184108347,
2022,21,184241409,
2022,41,184241410,
2022,21,184241411,
2022,42,184241414,
2022,42,184285078,
2022,42,184625130,
2022,41,184971557,
2022,38,184971558,
2022,41,185836522,
2022,42,186165381,
2022,42,199597348,
2022,41,186281202,
2022,42,186679026,
2022,42,194329231,
2022,38,186693583,
2022,38,186693584,
2022,41,186856394,
2022,41,186909174,
2022,41,187310722,
2022,42,191794093,
2022,38,191794094,
2022,41,187866810,
2022,41,187859538,
2022,38,187859539,
2022,41,188027415,
2022,38,199597366,
2022,41,188034829,
2022,41,188034830,
2022,41,188795405,
2022,42,191794136,
2022,3,191794137,
2022,41,189313844,
2022,42,191794170,
2022,42,202005654,
2022,31,191794173,
2022,31,191794174,
2022,38,191794185,
2022,21,191794187,
2022,21,191794188,
2022,42,191794190,
2022,42,191794199,
2022,42,191794200,
2022,38,191794210,
2022,21,191794233,
2022,42,191794234,
2022,42,191794235,
2022,42,194329255,
2022,42,194329260,
2022,42,194329261,
2022,42,194329266,
2022,21,194329267,
2022,42,194329269,
2022,42,194329286,
2022,42,202005661,
2022,41,197137966,
2022,42,194329295,
2022,21,199597401,
2022,41,189422589,
2022,42,190122774,
2022,41,190245309,
2022,38,190417352,
2022,42,190728714,
2022,41,190728719,
2022,41,191265598,
2022,21,191791433,
2022,41,194332998,
2022,41,191845998,
2022,41,191845999,
2022,21,191846000,
2022,41,191880984,
2022,41,192185206,
2022,41,192409752,
2022,41,192597539,
2022,42,194333006,
2022,41,194333015,
2022,41,194333040,
2022,41,194333044,
2022,39,194333048,
2022,41,195345760,
2022,42,199597405,
2022,38,194329318,
2022,38,194329320,
2022,42,195168832,
2022,21,194329322,
2022,42,202005665,
2022,41,199597422,
2022,31,202005666,
2022,21,194329336,
2022,41,195345763,
2022,41,188010067,
2022,31,194329350,
2022,42,194329365,
2022,42,194329368,
2022,42,194329369,
2022,21,194329370,
2022,42,194329371,
2022,41,197137980,
2022,41,188010068,
2022,41,188010069,
2022,41,188010073,
2022,41,188010074,
2022,42,188422501,
2022,42,194329387,
2022,41,188809870,
2022,31,194329391,
2022,42,188809872,
2022,41,188829830,
2022,31,197137982,
2022,31,197137983,
2022,42,197137984,
2022,41,188829831,
2022,21,188816772,
2022,41,188816775,
2022,37,188816778,
2022,41,188816782,
2022,41,188827087,
2022,41,188829835,
2022,41,188829838,
2022,38,188829838,
2022,41,188982920,
2022,41,188982921,
2022,41,188982924,
2022,42,199597430,
2022,42,199597432,
2022,42,197138007,
2022,38,199597435,
2022,42,202005672,
2022,3,202005673,
2022,42,197138024,
2022,38,197138029,
2022,38,197138031,
2022,21,197138036,
2022,21,197138037,
2022,42,197138038,
2022,42,197138057,
2022,42,197138058,
2022,42,199597451,
2022,31,199597454,
2022,42,199597458,
2022,41,188999646,
2022,42,199597466,
2022,41,199597468,
2022,41,188999649,
2022,41,188999651,
2022,42,197138109,
2022,42,197138111,
2022,42,197138115,
2022,42,197138118,
2022,21,197138122,
2022,21,197138123,
2022,42,202005680,
2022,41,199603761,
2022,42,199603766,
2022,42,201347005,
2022,42,201347006,
2022,21,199603770,
2022,21,199603771,
2022,42,199603773,
2022,21,202155223,
2022,21,202155224,
2022,42,199603803,
2022,38,199603808,
2022,21,199603830,
2022,38,188999653,
2022,42,199603832,
2022,41,188999655,
2022,42,199603837,
2022,41,188999669,
2022,31,199603845,
2022,42,199603846,
2022,38,201347010,
2022,38,201347012,
2022,41,199603871,
2022,38,199603878,
2022,42,199603886,
2022,42,202155225,
2022,37,199603899,
2022,41,199603901,
2022,41,199603908,
2022,42,199603909,
2022,41,199603910,
2022,41,199603911,
2022,39,182644331,
2022,41,182644332,
2022,41,182644333,
2022,41,182644337,
2022,41,182644339,
2022,41,182644341,
2022,41,182644342,
2022,42,183461152,
2022,41,182644343,
2022,21,182644345,
2022,38,182644345,
2022,41,182698982,
2022,41,182644347,
2022,38,182800689,
2022,41,182912154,
2022,42,183382352,
2022,42,183992148,
2022,42,184129640,
2022,42,184516767,
2022,41,184822123,
2022,42,184838568,
2022,41,185293099,
2022,41,185293101,
2022,41,185836916,
2022,38,187513452,
2022,21,185567060,
2022,21,185567061,
2022,41,185659543,
2022,41,185594681,
2022,41,185871893,
2022,41,186309828,
2022,41,188830508,
2022,21,187989184,
2022,21,187989185,
2022,38,187441166,
2022,21,187441167,
2022,38,188999677,
2022,41,187390657,
2022,41,187724385,
2022,41,188013670,
2022,41,188013672,
2022,41,189000278,
2022,42,188013674,
2022,41,189197185,
2022,41,188038608,
2022,37,188423885,
2022,41,189001335,
2022,41,189060887,
2022,41,189001336,
2022,41,189001337,
2022,38,189001522,
2022,21,190682326,
2022,21,190682327,
2022,41,199463132,
2022,21,190682328,
2022,3,190682329,
2022,41,190682337,
2022,41,190682338,
2022,41,190682339,
2022,38,190682340,
2022,42,190682345,
2022,41,190733061,
2022,41,190765257,
2022,41,192017653,
2022,41,192017656,
2022,41,192017657,
2022,41,189060888,
2022,41,194333341,
2022,41,188986998,
2022,41,189060889,
2022,41,190129680,
2022,41,190408752,
2022,41,194333348,
2022,41,190453921,
2022,41,190745414,
2022,41,190707513,
2022,31,190453922,
2022,31,194333349,
2022,31,194333363,
2022,41,190453924,
2022,41,190630438,
2022,41,190630439,
2022,41,192187475,
2022,41,194333363,
2022,41,194333368,
2022,41,194319291,
2022,42,197247147,
2022,1,194333372,
2022,3,194319294,
2022,3,194319295,
2022,41,194319301,
2022,41,194319302,
2022,38,196699810,
2022,42,196699822,
2022,38,196699856,
2022,42,180253721,
2022,42,192796814,
2022,41,194319308,
2022,41,194319309,
2022,41,194319311,
2022,41,194319314,
2022,41,194319323,
2022,42,194319330,
2022,41,194744837,
2022,41,195235277,
2022,41,181271587,
2022,41,181271588,
2022,38,181366611,
2022,42,181366612,
2022,38,181366613,
2022,21,181366614,
2022,42,182644463,
2022,41,182644464,
2022,41,183666914,
2022,38,184228458,
2022,41,185202236,
2022,31,185205246,
2022,42,185202240,
2022,21,185283494,
2022,21,185283495,
2022,21,186621397,
2022,41,187101805,
2022,42,181757842,
2022,41,187631213,
2022,41,188809804,
2022,42,181757843,
2022,41,190230578,
2022,42,189277483,
2022,42,183450402,
2022,41,192493648,
2022,3,189277485,
2022,3,190701575,
2022,37,190701576,
2022,3,194319409,
2022,42,196167700,
2022,42,202431489,
2022,41,188418654,
2022,41,191352171,
2022,41,191352174,
2022,38,191845638,
2022,41,188418661,
2022,41,194319991,
2022,41,188418666,
2022,41,194319995,
2022,41,194319996,
2022,42,188418669,
2022,39,188418672,
2022,41,188418674,
2022,42,188418682,
2022,42,194320007,
2022,41,188418685,
2022,41,194320015,
2022,42,188418689,
2022,42,188418691,
2022,41,188418693,
2022,37,188418694,
2022,42,188418697,
2022,21,188418702,
2022,41,194715412,
2022,31,188418707,
2022,41,195218627,
2022,41,188418708,
2022,41,188418709,
2022,41,195452656,
2022,41,188418714,
2022,1,188418723,
2022,38,188418737,
2022,41,195154104,
2022,41,188418742,
2022,21,195157691,
2022,31,195161502,
2022,41,188418744,
2022,41,188418760,
2022,42,195157699,
2022,42,195154114,
2022,39,195154115,
2022,41,188418761,
2022,39,198419123,
2022,41,195157702,
2022,38,195154120,
2022,39,195157703,
2022,41,192085776,
2022,38,192087601,
2022,41,195154131,
2022,41,192150233,
2022,41,195154134,
2022,42,195157708,
2022,41,192150234,
2022,38,192597542,
2022,41,195157710,
2022,41,195154148,
2022,38,195154150,
2022,41,192597543,
2022,41,192781603,
2022,41,192781608,
2022,41,195154160,
2022,42,195157712,
2022,41,192790078,
2022,39,195154162,
2022,41,192790080,
2022,41,194318824,
2022,39,195154168,
2022,41,194318827,
2022,41,194318842,
2022,41,194318844,
2022,37,195446916,
2022,41,194318845,
2022,41,195446917,
2022,41,194318855,
2022,41,194318858,
2022,41,194318866,
2022,41,194318868,
2022,41,194318878,
2022,41,196176317,
2022,41,194318901,
2022,41,194318908,
2022,41,194318926,
2022,41,176162990,
2022,41,194318928,
2022,41,194318951,
2022,41,177405068,
2022,39,177534064,
2022,31,178199456,
2022,41,194322584,
2022,41,177405069,
2022,41,180128303,
2022,38,177518451,
2022,41,194318964,
2022,41,177115736,
2022,41,194318970,
2022,41,194318978,
2022,41,194318981,
2022,41,194318982,
2022,41,195110834,
2022,41,195148577,
2022,3,182981945,
2022,41,195150075,
2022,41,177325025,
2022,41,177330063,
2022,41,178230964,
2022,41,178490256,
2022,41,195150079,
2022,41,195150080,
2022,41,177325026,
2022,42,195157899,
2022,41,178230965,
2022,41,195157900,
2022,41,195158863,
2022,41,195158868,
2022,41,178243257,
2022,41,195264457,
2022,38,195279020,
2022,41,190630440,
2022,41,179101416,
2022,42,195279021,
2022,41,195279022,
2022,41,197419693,
2022,41,179101417,
2022,3,202005490,
2022,41,179494450,
2022,41,179101419,
2022,41,179101421,
2022,41,190118680,
2022,41,189155127,
2022,41,194322585,
2022,41,179641401,
2022,41,194322586,
2022,41,181282135,
2022,42,183361538,
2022,39,183892828,
2022,41,182646153,
2022,41,181653170,
2022,41,181447613,
2022,41,181459918,
2022,3,181660222,
2022,41,182646157,
2022,21,181653176,
2022,41,181660229,
2022,41,182646158,
2022,21,182981947,
2022,41,182646168,
2022,21,189185602,
2022,41,182981955,
2022,41,183705445,
2022,21,182981958,
2022,21,182981959,
2022,41,182646183,
2022,41,182646184,
2022,41,182886004,
2022,38,184232072,
2022,41,183382385,
2022,41,182981964,
2022,41,195279026,
2022,41,183152890,
2022,41,183361539,
2022,41,195279027,
2022,41,184392086,
2022,41,194322587,
2022,41,195343196,
2022,41,183705447,
2022,41,194322588,
2022,41,195333845,
2022,42,185293103,
2022,41,195343205,
2022,41,194322591,
2022,21,184044139,
2022,21,184044140,
2022,38,183967292,
2022,38,195343211,
2022,41,184365417,
2022,41,183992522,
2022,38,195343219,
2022,41,184232075,
2022,41,184365419,
2022,42,195343220,
2022,41,195352189,
2022,42,195352190,
2022,41,184232079,
2022,41,195943733,
2022,41,184417091,
2022,41,194322592,
2022,42,195452681,
2022,41,195373342,
2022,41,186908375,
2022,41,185487694,
2022,42,185487696,
2022,21,195424253,
2022,41,194322593,
2022,41,185487698,
2022,41,185283496,
2022,38,185441849,
2022,41,185487700,
2022,39,185479219,
2022,42,189155129,
2022,41,201072032,
2022,42,201072033,
2022,41,189155132,
2022,41,185441852,
2022,31,195424253,
2022,38,195424253,
2022,42,195452683,
2022,41,194322594,
2022,41,195452694,
2022,5,196709054,
2022,41,195452700,
2022,41,186139965,
2022,41,195764524,
2022,38,186139966,
2022,38,186139967,
2022,41,185895483,
2022,41,186333784,
2022,41,195764528,
2022,42,185895485,
2022,41,186139968,
2022,41,195964688,
2022,41,186139969,
2022,9,186139972,
2022,38,186880138,
2022,21,186880139,
2022,41,186684829,
2022,41,195964694,
2022,41,195964698,
2022,42,196142336,
2022,41,196142339,
2022,3,196176319,
2022,41,196176320,
2022,41,196176325,
2022,31,196491324,
2022,41,196784348,
2022,41,197348530,
2022,41,197348533,
2022,41,197412227,
2022,38,189089579,
2022,41,187220769,
2022,38,187417910,
2022,38,187016523,
2022,41,187032688,
2022,41,187279678,
2022,41,187013061,
2022,4,187441168,
2022,41,187631216,
2022,41,187417913,
2022,41,187217349,
2022,41,194322599,
2022,41,187631219,
2022,41,187717396,
2022,41,189155140,
2022,41,194322601,
2022,41,197437566,
2022,41,197456859,
2022,32,200066714,
2022,42,188007105,
2022,41,197683395,
2022,41,197683396,
2022,41,187898045,
2022,41,198311829,
2022,41,198378240,
2022,42,198659916,
2022,42,187983022,
2022,41,191791339,
2022,41,198659917,
2022,38,198659919,
2022,41,198923439,
2022,41,199743174,
2022,37,199743174,
2022,41,199743176,
2022,41,200761718,
2022,41,188373984,
2022,1,188418781,
2022,41,188418782,
2022,41,188654062,
2022,41,190717358,
2022,31,191805220,
2022,37,191805220,
2022,31,191805221,
2022,41,194319500,
2022,41,196952514,
2022,41,196952515,
2022,41,175892880,
2022,41,189099380,
2022,41,190118683,
2022,41,189111677,
2022,41,189099382,
2022,31,189155149,
2022,41,189342113,
2022,41,176043871,
2022,41,177063537,
2022,3,175965369,
2022,41,189099390,
2022,41,189342121,
2022,41,194322606,
2022,32,201072034,
2022,41,201072035,
2022,21,192171358,
2022,21,192171359,
2022,41,189823418,
2022,41,190118685,
2022,41,189823422,
2022,41,190425995,
2022,41,190118688,
2022,38,198406878,
2022,41,194322608,
2022,41,192069735,
2022,39,190449524,
2022,1,194322611,
2022,41,195902988,
2022,41,191649727,
2022,41,194322612,
2022,41,190674542,
2022,42,194322618,
2022,41,194322619,
2022,41,190674543,
2022,41,194322622,
2022,41,177063538,
2022,41,190864076,
2022,42,177079932,
2022,38,192069737,
2022,41,176771632,
2022,41,192017549,
2022,42,192279702,
2022,41,176954555,
2022,3,192059260,
2022,41,192017550,
2022,41,194322630,
2022,41,192458073,
2022,42,192409714,
2022,41,194322632,
2022,38,194322635,
2022,42,194322639,
2022,42,200620214,
2022,1,177127251,
2022,41,177079933,
2022,41,194322648,
2022,41,194322655,
2022,41,177325110,
2022,41,196983622,
2022,41,178053447,
2022,41,194322671,
2022,41,178187983,
2022,42,195154172,
2022,41,178187984,
2022,41,194322676,
2022,41,178199739,
2022,41,178053448,
2022,38,177282615,
2022,41,194322687,
2022,41,194752838,
2022,41,194756507,
2022,41,194764350,
2022,21,194322698,
2022,41,178231025,
2022,41,177325119,
2022,41,195352144,
2022,41,178231027,
2022,41,195352145,
2022,42,179186097,
2022,41,195350792,
2022,41,195424174,
2022,41,178372050,
2022,42,178022593,
2022,41,178022594,
2022,3,178288953,
2022,42,179204539,
2022,41,189089620,
2022,41,178411314,
2022,3,178358725,
2022,41,179494530,
2022,41,179378889,
2022,41,178659953,
2022,41,178880041,
2022,41,179186110,
2022,41,179494536,
2022,41,179427070,
2022,41,179427071,
2022,41,179427072,
2022,41,179325459,
2022,41,183117910,
2022,41,179641485,
2022,41,181432796,
2022,41,180121000,
2022,41,180059072,
2022,41,181277176,
2022,42,197768682,
2022,42,180883436,
2022,41,180883437,
2022,32,181442389,
2022,38,181312619,
2022,3,201072036,
2022,41,180781471,
2022,31,195764476,
2022,41,180781472,
2022,41,195987915,
2022,41,181277178,
2022,41,195764477,
2022,41,181277179,
2022,3,195881402,
2022,1,195881403,
2022,41,181459963,
2022,21,181432799,
2022,41,181419725,
2022,41,181419729,
2022,41,181523356,
2022,41,181442393,
2022,41,178780538,
2022,42,178780542,
2022,41,178780544,
2022,41,181453474,
2022,41,178780546,
2022,41,178780548,
2022,41,178780550,
2022,41,181458738,
2022,41,179186018,
2022,42,178780554,
2022,21,181736652,
2022,41,178780559,
2022,38,178780560,
2022,38,178780561,
2022,41,181432744,
2022,41,178780562,
2022,41,179186019,
2022,42,181458741,
2022,41,179186020,
2022,42,181577159,
2022,41,182644382,
2022,41,180128309,
2022,41,185631554,
2022,41,180128310,
2022,41,181432752,
2022,41,182644383,
2022,41,181432755,
2022,21,182644393,
2022,41,190959374,
2022,41,182644394,
2022,41,181653218,
2022,42,182644396,
2022,41,182644398,
2022,42,189089621,
2022,41,182644400,
2022,41,182644401,
2022,41,182644407,
2022,41,182644411,
2022,41,182644416,
2022,41,182644420,
2022,41,182644421,
2022,41,182644422,
2022,41,182644437,
2022,41,182644438,
2022,41,182644440,
2022,41,182800692,
2022,41,182857279,
2022,41,183666906,
2022,41,182932064,
2022,41,182993416,
2022,41,183117911,
2022,41,182885984,
2022,38,183117914,
2022,38,183117915,
2022,41,183361522,
2022,21,186119458,
2022,41,183209591,
2022,41,181732625,
2022,41,183117917,
2022,41,182647011,
2022,41,182647013,
2022,41,183209593,
2022,41,183410008,
2022,41,182647017,
2022,21,182647019,
2022,21,182647020,
2022,31,182647022,
2022,31,182647023,
2022,41,182647024,
2022,38,184376118,
2022,42,182647025,
2022,41,183967311,
2022,37,182932129,
2022,42,184232082,
2022,41,184232084,
2022,41,184232085,
2022,41,183705541,
2022,41,184232090,
2022,21,184232093,
2022,31,184232093,
2022,42,184232094,
2022,21,184232095,
2022,31,184232095,
2022,32,183954124,
2022,41,185783824,
2022,41,183920854,
2022,41,184228488,
2022,41,183967313,
2022,41,183732238,
2022,42,184289060,
2022,41,183954125,
2022,32,183954126,
2022,41,185783825,
2022,38,184289062,
2022,41,184365397,
2022,21,190959375,
2022,41,184353162,
2022,41,184483913,
2022,41,184365398,
2022,41,184241420,
2022,41,184285050,
2022,41,187101810,
2022,41,187101813,
2022,41,187355724,
2022,41,184244064,
2022,41,190959377,
2022,42,190959379,
2022,42,184228490,
2022,41,190959384,
2022,41,184148051,
2022,41,184289014,
2022,21,190959387,
2022,41,190959388,
2022,42,190959391,
2022,38,185631557,
2022,41,190959406,
2022,38,190959407,
2022,42,190959415,
2022,41,190959426,
2022,41,190959429,
2022,42,190959432,
2022,41,192425879,
2022,31,192425880,
2022,41,192813657,
2022,39,194323979,
2022,41,194323980,
2022,41,194323981,
2022,41,194323983,
2022,41,194323986,
2022,41,195424185,
2022,41,195424188,
2022,41,195424190,
2022,42,195424192,
2022,41,195424193,
2022,41,196822780,
2022,39,196822781,
2022,41,196822789,
2022,41,196822796,
2022,41,184244069,
2022,41,184285053,
2022,41,185167183,
2022,41,184353170,
2022,41,184376126,
2022,41,185429837,
2022,41,185631560,
2022,41,184971563,
2022,41,185167184,
2022,42,184822145,
2022,41,185429839,
2022,42,186140045,
2022,42,186140046,
2022,41,185277040,
2022,42,186140048,
2022,41,185277041,
2022,41,185713674,
2022,41,185551340,
2022,41,185551341,
2022,21,186067232,
2022,21,186067233,
2022,41,185551342,
2022,41,186140049,
2022,41,185551343,
2022,41,186140051,
2022,41,186377715,
2022,41,186140057,
2022,41,186165385,
2022,41,186621574,
2022,41,186067234,
2022,41,186041110,
2022,41,186119471,
2022,41,186041113,
2022,41,186041114,
2022,41,187355866,
2022,1,188511450,
2022,35,188906644,
2022,41,186684871,
2022,41,188906646,
2022,41,188906660,
2022,41,187337121,
2022,41,187355868,
2022,41,187217365,
2022,41,187279712,
2022,41,187337124,
2022,41,187337129,
2022,41,187352293,
2022,42,187980909,
2022,41,187355869,
2022,41,187377952,
2022,42,187715084,
2022,41,187377955,
2022,41,187980914,
2022,41,187734826,
2022,41,187734827,
2022,41,187734828,
2022,38,187980916,
2022,41,188906661,
2022,41,187734829,
2022,41,187645161,
2022,39,188906666,
2022,38,187645162,
2022,41,187866818,
2022,41,187866827,
2022,41,188511454,
2022,41,188373986,
2022,38,188373987,
2022,41,188046598,
2022,42,188879080,
2022,41,188823607,
2022,41,188743188,
2022,41,188895650,
2022,41,188800570,
2022,41,188977935,
2022,41,188906674,
2022,42,188879081,
2022,3,190230580,
2022,42,189381099,
2022,3,189089625,
2022,41,189277543,
2022,41,188906678,
2022,41,188906683,
2022,41,188906684,
2022,37,188906684,
2022,41,188906688,
2022,41,189361486,
2022,41,189823454,
2022,41,189277544,
2022,41,189456327,
2022,41,189277546,
2022,41,189425800,
2022,21,190122776,
2022,21,190230583,
2022,32,189962679,
2022,41,190674590,
2022,41,190230584,
2022,21,190446606,
2022,42,189960353,
2022,41,190041305,
2022,41,190041306,
2022,41,190041308,
2022,42,190118754,
2022,32,190179910,
2022,41,190674591,
2022,38,188906695,
2022,41,188906699,
2022,41,190245316,
2022,41,190533525,
2022,41,190561671,
2022,41,190365092,
2022,21,190600724,
2022,41,190600725,
2022,37,190771497,
2022,21,192059308,
2022,41,192059309,
2022,41,192017666,
2022,41,190771499,
2022,41,191265599,
2022,3,191265600,
2022,32,190859910,
2022,41,191265601,
2022,41,191848882,
2022,3,191846004,
2022,41,192085782,
2022,38,192196059,
2022,42,188906705,
2022,41,192150242,
2022,41,192279745,
2022,41,194319776,
2022,41,192196061,
2022,41,192279748,
2022,41,192279752,
2022,41,194319789,
2022,41,194319804,
2022,41,194319812,
2022,41,194319848,
2022,42,194319886,
2022,42,188906706,
2022,41,194319892,
2022,32,194319902,
2022,41,189313825,
2022,42,189361447,
2022,21,194319903,
2022,41,189361449,
2022,41,194319919,
2022,3,194319921,
2022,41,194319927,
2022,41,190600663,
2022,3,195943736,
2022,3,195943737,
2022,41,200066736,
2022,41,194319941,
2022,39,192493584,
2022,41,194319947,
2022,41,192493591,
2022,41,192493592,
2022,41,194319957,
2022,41,192458077,
2022,3,194326856,
2022,41,194326857,
2022,21,194319960,
2022,41,194319964,
2022,41,194319970,
2022,41,194326867,
2022,41,195110835,
2022,41,195623756,
2022,41,195623758,
2022,41,194319981,
2022,41,201348630,
2022,41,195764530,
2022,41,195110845,
2022,41,191850965,
2022,41,191850966,
2022,38,195132257,
2022,41,191850970,
2022,41,191850978,
2022,41,194756564,
2022,41,187101818,
2022,41,187225098,
2022,41,194756565,
2022,41,187220773,
2022,41,194756567,
2022,31,187220783,
2022,41,195623839,
2022,35,187220791,
2022,41,195623842,
2022,41,187220792,
2022,41,187220795,
2022,42,187220796,
2022,41,195129532,
2022,37,197437569,
2022,41,195417749,
2022,41,187352233,
2022,3,188129207,
2022,7,195417754,
2022,3,188129208,
2022,41,188129209,
2022,41,196721811,
2022,42,195764534,
2022,38,188129218,
2022,41,195878936,
2022,41,195417758,
2022,41,195764537,
2022,42,195764538,
2022,21,182647224,
2022,41,182647225,
2022,41,182647230,
2022,41,182647234,
2022,41,182647238,
2022,41,182647246,
2022,3,184353204,
2022,41,182647257,
2022,42,182647259,
2022,3,184353205,
2022,3,184353206,
2022,41,182647261,
2022,41,182647266,
2022,37,182647270,
2022,41,189155187,
2022,41,189155188,
2022,41,182647281,
2022,41,182647285,
2022,41,182647287,
2022,41,183705543,
2022,42,183705546,
2022,1,183705550,
2022,41,183705551,
2022,38,183705553,
2022,41,183705557,
2022,41,183892903,
2022,41,183892904,
2022,38,183892904,
2022,38,183892905,
2022,41,184353210,
2022,41,189277486,
2022,41,184353213,
2022,41,184376147,
2022,41,188987008,
2022,41,184474109,
2022,42,189277493,
2022,34,184942430,
2022,42,189277495,
2022,21,187741208,
2022,41,189823424,
2022,41,190118695,
2022,21,187741209,
2022,41,187741222,
2022,41,187741223,
2022,41,188007178,
2022,41,190282667,
2022,41,190282670,
2022,41,189155190,
2022,41,190282671,
2022,41,192078621,
2022,41,192078624,
2022,42,192078632,
2022,41,192078636,
2022,41,192078653,
2022,41,192078654,
2022,41,192078655,
2022,41,192078656,
2022,41,192078657,
2022,41,192078659,
2022,41,192078660,
2022,41,187121970,
2022,41,187121973,
2022,41,188987010,
2022,41,187121977,
2022,41,195235281,
2022,41,187360304,
2022,41,187505387,
2022,41,189155191,
2022,41,188423889,
2022,41,189047991,
2022,42,188817377,
2022,41,189047992,
2022,41,189298040,
2022,9,189047993,
2022,41,188124442,
2022,41,189054674,
2022,41,188655321,
2022,41,189155192,
2022,42,189155193,
2022,38,189089626,
2022,42,189155194,
2022,41,189155197,
2022,41,197233677,
2022,41,189193700,
2022,41,189241755,
2022,41,189241759,
2022,21,188987017,
2022,41,189277504,
2022,41,202431452,
2022,38,188987023,
2022,41,189161478,
2022,41,189268038,
2022,41,189277505,
2022,41,189161479,
2022,42,191872272,
2022,41,192096128,
2022,41,190041231,
2022,41,189993401,
2022,41,189768588,
2022,41,191872277,
2022,41,191872278,
2022,41,191872279,
2022,41,191872280,
2022,41,192096129,
2022,41,191872292,
2022,42,191872293,
2022,41,192201733,
2022,41,197233682,
2022,41,189277549,
2022,41,189277550,
2022,41,189277552,
2022,41,189313852,
2022,21,189313853,
2022,41,192554470,
2022,41,194327376,
2022,41,194327389,
2022,42,194327396,
2022,41,195873426,
2022,21,195873427,
2022,41,194327409,
2022,41,194327417,
2022,41,194327418,
2022,41,195873428,
2022,41,194327429,
2022,41,195235289,
2022,41,195235290,
2022,38,195873433,
2022,42,195358941,
2022,41,197962927,
2022,31,189313853,
2022,32,189313857,
2022,39,187649625,
2022,41,182649523,
2022,42,182649525,
2022,41,182649529,
2022,39,176317934,
2022,41,176704451,
2022,41,178199466,
2022,41,182649541,
2022,41,182649542,
2022,38,178371920,
2022,38,178371921,
2022,41,178371924,
2022,41,182649545,
2022,41,178371929,
2022,41,189313858,
2022,41,199175534,
2022,3,189313859,
2022,41,178199489,
2022,41,178199497,
2022,41,178199503,
2022,41,178199505,
2022,41,178199515,
2022,42,178199517,
2022,42,182649550,
2022,38,178199531,
2022,41,178371937,
2022,32,182649559,
2022,41,182649562,
2022,41,182649563,
2022,41,182649564,
2022,41,178490266,
2022,41,178780565,
2022,21,179019427,
2022,41,178858510,
2022,41,178858518,
2022,3,182649568,
2022,42,179019438,
2022,41,179019439,
2022,42,201352050,
2022,41,182649573,
2022,41,179494466,
2022,41,189313861,
2022,41,189313862,
2022,41,190714153,
2022,41,190714160,
2022,41,182649581,
2022,41,190714161,
2022,41,190773265,
2022,41,179494479,
2022,41,197233686,
2022,41,190859911,
2022,41,182649583,
2022,38,197233694,
2022,41,190859913,
2022,41,190859915,
2022,3,182649588,
2022,21,201348620,
2022,42,198508838,
2022,41,192183649,
2022,41,192183650,
2022,41,192183651,
2022,21,201348621,
2022,41,181462955,
2022,41,182649596,
2022,41,182649599,
2022,3,195358943,
2022,41,182649608,
2022,41,182649622,
2022,39,182649623,
2022,41,182649627,
2022,41,182649629,
2022,41,182649633,
2022,41,201352023,
2022,41,192186075,
2022,21,201352024,
2022,41,192186077,
2022,41,192186078,
2022,41,197233705,
2022,1,196837952,
2022,41,197233711,
2022,41,197233712,
2022,41,196837954,
2022,41,197233721,
2022,41,196837955,
2022,41,197233731,
2022,41,197233747,
2022,41,197233749,
2022,41,197233752,
2022,37,197233759,
2022,41,197233767,
2022,41,197233772,
2022,41,197233774,
2022,41,197233779,
2022,38,197233781,
2022,41,197233788,
2022,38,197233788,
2022,41,197286042,
2022,3,202992049,
2022,41,182649640,
2022,41,182649643,
2022,42,182649651,
2022,42,182649652,
2022,41,182649655,
2022,41,182649663,
2022,41,182649665,
2022,42,182649671,
2022,42,183218012,
2022,41,182649689,
2022,42,194328237,
2022,41,182649703,
2022,42,184838570,
2022,41,182649708,
2022,41,182649709,
2022,38,182649714,
2022,41,182649715,
2022,41,182656038,
2022,41,189990848,
2022,3,182656041,
2022,38,183158830,
2022,41,182938794,
2022,41,183158833,
2022,41,182905783,
2022,41,183158835,
2022,41,182905785,
2022,21,183218013,
2022,21,183218015,
2022,41,182938796,
2022,41,183218016,
2022,41,183158836,
2022,41,183073072,
2022,42,183928206,
2022,41,197286043,
2022,41,197286054,
2022,41,183218019,
2022,41,186687592,
2022,21,183687102,
2022,21,183687103,
2022,41,183711002,
2022,41,183895890,
2022,3,184047357,
2022,7,184047357,
2022,21,183984643,
2022,21,183984644,
2022,21,184280504,
2022,39,184280047,
2022,41,184302085,
2022,41,184234476,
2022,3,184342926,
2022,41,184417106,
2022,41,184342927,
2022,3,184370464,
2022,38,187989199,
2022,38,187989200,
2022,42,184516782,
2022,41,184417112,
2022,32,184838571,
2022,41,184600793,
2022,41,185198453,
2022,42,185444922,
2022,21,186110657,
2022,41,185133987,
2022,41,185133988,
2022,41,185197662,
2022,41,185490791,
2022,41,197286058,
2022,21,199175535,
2022,41,185836918,
2022,42,185517479,
2022,41,175949339,
2022,41,185836919,
2022,41,190048681,
2022,41,186110660,
2022,41,186110661,
2022,21,200536347,
2022,41,186687593,
2022,42,186299043,
2022,41,186299044,
2022,41,186687594,
2022,41,186299047,
2022,41,187989204,
2022,41,187285065,
2022,41,186909341,
2022,3,187016524,
2022,41,175949340,
2022,42,186909342,
2022,41,175949341,
2022,41,175949342,
2022,41,176542219,
2022,41,176542220,
2022,41,176575267,
2022,41,177127253,
2022,42,177127254,
2022,41,178199768,
2022,41,178391602,
2022,41,178858599,
2022,41,179378898,
2022,41,179641490,
2022,41,180128349,
2022,41,180128350,
2022,41,181453476,
2022,42,199439620,
2022,41,181489588,
2022,41,187285066,
2022,41,181517218,
2022,41,181517220,
2022,41,187225099,
2022,41,181517221,
2022,41,182982136,
2022,41,187441173,
2022,41,197491576,
2022,41,187814591,
2022,41,187814592,
2022,42,188519702,
2022,42,183990412,
2022,41,187649636,
2022,41,187649637,
2022,42,183990413,
2022,41,187724399,
2022,41,184289140,
2022,42,187989208,
2022,41,187860185,
2022,41,187860186,
2022,41,194328240,
2022,42,188038613,
2022,41,185167191,
2022,41,188129222,
2022,42,188129223,
2022,41,185429840,
2022,41,189298044,
2022,41,185429842,
2022,41,188796664,
2022,41,185429843,
2022,41,185429844,
2022,41,186309868,
2022,41,186309873,
2022,42,188817387,
2022,41,187032726,
2022,31,188910184,
2022,31,188910185,
2022,41,187032734,
2022,42,189060900,
2022,41,187032738,
2022,41,194328241,
2022,42,187032746,
2022,39,197221896,
2022,41,189432298,
2022,42,189265576,
2022,41,189371759,
2022,5,201079954,
2022,41,197902487,
2022,42,189401912,
2022,41,190438048,
2022,41,178199781,
2022,41,178490301,
2022,41,179186119,
2022,39,179186120,
2022,41,178858601,
2022,41,195333854,
2022,38,195333861,
2022,41,195333866,
2022,41,183705560,
2022,21,201264462,
2022,42,195333871,
2022,41,201264482,
2022,42,201264486,
2022,41,201264489,
2022,41,201264505,
2022,41,186698960,
2022,41,201264506,
2022,42,201264508,
2022,41,190577789,
2022,41,201264513,
2022,41,190577791,
2022,41,187983045,
2022,41,190565049,
2022,42,189396384,
2022,42,202979052,
2022,38,200822406,
2022,41,190438052,
2022,3,190453930,
2022,42,190581150,
2022,41,190581151,
2022,21,190869372,
2022,21,190869373,
2022,41,189396390,
2022,3,195343230,
2022,41,195343239,
2022,41,190869374,
2022,39,190769845,
2022,21,192790085,
2022,41,194327914,
2022,41,190769846,
2022,41,191412385,
2022,21,195964701,
2022,41,191412388,
2022,38,191659908,
2022,42,201264535,
2022,41,191872297,
2022,38,192078668,
2022,21,192078669,
2022,41,194328253,
2022,42,201264547,
2022,42,192201745,
2022,41,192201746,
2022,3,182857648,
2022,41,192187478,
2022,41,192510609,
2022,38,192510610,
2022,41,192343742,
2022,21,194328260,
2022,42,192611854,
2022,21,194328261,
2022,21,194328262,
2022,41,194328263,
2022,38,183732239,
2022,41,183738211,
2022,41,186621608,
2022,41,187220838,
2022,41,187220840,
2022,41,187220842,
2022,41,189459635,
2022,41,189459636,
2022,41,189459639,
2022,41,190728721,
2022,41,194328272,
2022,41,194328273,
2022,21,194328276,
2022,41,195352214,
2022,32,196432417,
2022,39,196432418,
2022,38,194328280,
2022,38,194328281,
2022,21,194328294,
2022,41,195352224,
2022,41,194328303,
2022,41,195352226,
2022,38,195352226,
2022,3,195352227,
2022,41,195352227,
2022,3,195352228,
2022,41,197419695,
2022,41,179496151,
2022,41,179496152,
2022,41,179496153,
2022,42,182650278,
2022,41,182650280,
2022,41,179496159,
2022,41,179496165,
2022,39,179496167,
2022,41,179496168,
2022,41,179496169,
2022,41,179496177,
2022,39,179496183,
2022,41,179496185,
2022,41,179496186,
2022,38,179496189,
2022,39,179496191,
2022,41,179496192,
2022,1,189155207,
2022,42,200627973,
2022,3,189155209,
2022,41,179496209,
2022,41,179496210,
2022,1,179496211,
2022,38,179496212,
2022,41,194328321,
2022,21,179496213,
2022,41,179496215,
2022,41,188667237,
2022,3,188667240,
2022,41,194328326,
2022,38,179496222,
2022,21,188667243,
2022,21,188667244,
2022,41,179496229,
2022,41,194328336,
2022,41,179496230,
2022,3,182901481,
2022,41,179496233,
2022,3,188667249,
2022,38,195235296,
2022,21,194328345,
2022,21,194328346,
2022,41,179496247,
2022,41,179496254,
2022,37,179496254,
2022,41,179496261,
2022,41,179496264,
2022,41,182650287,
2022,41,179496270,
2022,21,182650288,
2022,41,182650289,
2022,41,179496275,
2022,1,179496276,
2022,38,179496277,
2022,41,182982611,
2022,41,179496282,
2022,41,179496284,
2022,41,179496288,
2022,41,188667254,
2022,3,179496290,
2022,1,179496296,
2022,1,179496297,
2022,3,188667255,
2022,41,183153020,
2022,41,188667257,
2022,21,179496302,
2022,41,179496302,
2022,41,183044652,
2022,3,179496307,
2022,7,179496307,
2022,38,183967316,
2022,41,179496309,
2022,41,179496310,
2022,41,179496311,
2022,1,179496314,
2022,41,179496317,
2022,41,179496318,
2022,41,179496324,
2022,21,179496325,
2022,41,183044653,
2022,41,179496331,
2022,3,194328872,
2022,41,179496334,
2022,41,179496335,
2022,41,179496336,
2022,41,182650293,
2022,41,188667258,
2022,3,182857742,
2022,41,188667259,
2022,41,179496344,
2022,41,182650294,
2022,41,188667261,
2022,41,179496352,
2022,41,179496357,
2022,41,179496361,
2022,31,179496363,
2022,41,179496364,
2022,39,179496372,
2022,42,179496376,
2022,39,182650297,
2022,41,182901482,
2022,32,202067297,
2022,41,179641512,
2022,38,202067298,
2022,41,195116001,
2022,41,180883444,
2022,21,179641516,
2022,41,194339461,
2022,41,179641517,
2022,41,188823613,
2022,41,194742078,
2022,41,179641529,
2022,41,179641532,
2022,41,181277188,
2022,21,195175271,
2022,41,195346926,
2022,41,179641555,
2022,41,179641560,
2022,3,195171910,
2022,41,179641564,
2022,41,179641569,
2022,41,195171913,
2022,1,183705578,
2022,41,179641586,
2022,41,195284135,
2022,21,197015509,
2022,41,195346928,
2022,41,195358946,
2022,21,179641603,
2022,41,195366529,
2022,41,195366530,
2022,38,179641607,
2022,38,179641608,
2022,21,179641613,
2022,41,197138179,
2022,41,188906748,
2022,41,179641623,
2022,41,179641626,
2022,21,179641633,
2022,42,179641640,
2022,3,179641648,
2022,41,179641667,
2022,41,179641670,
2022,39,179641676,
2022,41,189429181,
2022,41,179641678,
2022,41,189429182,
2022,41,179641686,
2022,41,189429185,
2022,41,179641690,
2022,41,179641692,
2022,41,179641693,
2022,41,179641696,
2022,41,179641698,
2022,41,179641716,
2022,42,189429199,
2022,41,179641717,
2022,31,179641722,
2022,42,189429208,
2022,3,194332956,
2022,39,179641727,
2022,41,179641735,
2022,41,180128364,
2022,42,189429214,
2022,21,179641751,
2022,42,189429218,
2022,41,182650306,
2022,41,179641757,
2022,42,189429222,
2022,41,183705579,
2022,41,182650309,
2022,21,179641770,
2022,41,179994389,
2022,41,190438054,
2022,41,190707518,
2022,41,188906752,
2022,42,194332957,
2022,39,179994392,
2022,42,192184209,
2022,41,179641824,
2022,41,179641835,
2022,3,183705580,
2022,41,179641840,
2022,41,180128379,
2022,41,179641848,
2022,41,182901494,
2022,39,179641874,
2022,41,179641881,
2022,41,179641892,
2022,41,182901495,
2022,31,179641904,
2022,39,182901497,
2022,41,182901498,
2022,41,182901499,
2022,21,182650317,
2022,41,182650318,
2022,31,180128380,
2022,42,179641950,
2022,38,179641962,
2022,41,179641965,
2022,41,179641978,
2022,38,188879083,
2022,38,188879085,
2022,21,182650320,
2022,41,182650322,
2022,41,179642030,
2022,41,179642032,
2022,21,188879086,
2022,39,179642047,
2022,41,179642056,
2022,31,179642059,
2022,3,179642070,
2022,31,181366661,
2022,41,181366662,
2022,41,181366667,
2022,41,181366668,
2022,41,181366673,
2022,42,181366674,
2022,41,181366675,
2022,41,181366677,
2022,3,181366678,
2022,21,181366679,
2022,41,181366679,
2022,3,181366680,
2022,41,181366682,
2022,41,183705581,
2022,41,181366688,
2022,41,181366689,
2022,41,181366695,
2022,41,181366699,
2022,41,181366706,
2022,41,181366708,
2022,41,181366714,
2022,41,181366716,
2022,21,181366718,
2022,41,181366719,
2022,41,181366721,
2022,41,181366726,
2022,41,181653222,
2022,41,181626946,
2022,41,181653223,
2022,41,181626951,
2022,41,181626953,
2022,41,181626954,
2022,41,181626955,
2022,41,181626956,
2022,41,181626960,
2022,41,181626962,
2022,39,181626964,
2022,42,181626965,
2022,41,181626966,
2022,41,181626972,
2022,39,181626976,
2022,21,181626977,
2022,41,197769035,
2022,41,181653227,
2022,41,182932240,
2022,41,183705585,
2022,41,181626979,
2022,41,181626980,
2022,41,181626981,
2022,41,181626984,
2022,41,181626988,
2022,41,195157721,
2022,41,195157723,
2022,41,181626991,
2022,41,195157726,
2022,41,181626993,
2022,42,195157731,
2022,41,181626996,
2022,41,195157732,
2022,42,181653229,
2022,42,195157736,
2022,41,181757845,
2022,41,181757858,
2022,41,195157744,
2022,41,195157745,
2022,41,195157746,
2022,41,195157750,
2022,41,195157751,
2022,41,195157752,
2022,41,195157756,
2022,21,181757862,
2022,42,195157758,
2022,41,195157762,
2022,21,181757863,
2022,31,181757863,
2022,41,181757864,
2022,42,195157764,
2022,41,181757865,
2022,41,181757866,
2022,41,195157767,
2022,41,181757867,
2022,41,181757868,
2022,41,181757870,
2022,41,181757871,
2022,41,195157773,
2022,21,181757872,
2022,41,195157774,
2022,41,195157775,
2022,39,181757873,
2022,41,181757874,
2022,41,195157778,
2022,41,181757875,
2022,42,195157779,
2022,21,200066739,
2022,3,195157782,
2022,38,195157783,
2022,41,181757879,
2022,3,181757881,
2022,41,195161505,
2022,21,181757881,
2022,21,181757883,
2022,41,195157787,
2022,39,181757884,
2022,41,181757885,
2022,41,181757886,
2022,38,181757887,
2022,41,195157791,
2022,41,181757889,
2022,41,181757890,
2022,41,181757891,
2022,41,195154180,
2022,41,181757893,
2022,41,195157794,
2022,41,195154181,
2022,42,189054677,
2022,41,195154182,
2022,41,182932242,
2022,31,195157795,
2022,41,195157796,
2022,41,181757897,
2022,41,181757900,
2022,41,195157798,
2022,41,181757901,
2022,41,181757906,
2022,41,195157802,
2022,41,195157803,
2022,3,181757908,
2022,41,195157804,
2022,41,195157805,
2022,21,181757908,
2022,39,189089636,
2022,41,195157806,
2022,41,195157808,
2022,41,181757909,
2022,41,195157810,
2022,21,181757910,
2022,41,189089637,
2022,41,195157813,
2022,39,189089638,
2022,39,195157815,
2022,39,181757912,
2022,1,181757913,
2022,3,181757915,
2022,41,181757916,
2022,41,195157820,
2022,21,195943742,
2022,41,195157821,
2022,21,195943743,
2022,41,181757922,
2022,41,181757923,
2022,41,181757925,
2022,41,195157830,
2022,41,181757926,
2022,41,195154188,
2022,41,181757930,
2022,41,195154191,
2022,41,181757931,
2022,21,182932243,
2022,41,195157832,
2022,41,182932244,
2022,38,181757934,
2022,41,195157834,
2022,41,181757935,
2022,41,195154195,
2022,41,195154196,
2022,21,181757938,
2022,41,195157835,
2022,41,181757941,
2022,41,195154199,
2022,41,181757942,
2022,41,189089640,
2022,41,181757943,
2022,39,189089641,
2022,41,195157841,
2022,41,195161510,
2022,41,195161511,
2022,41,195161512,
2022,41,195157848,
2022,41,195157850,
2022,41,195157851,
2022,41,195157852,
2022,41,195157857,
2022,41,195157858,
2022,41,195157859,
2022,41,195157860,
2022,41,195157864,
2022,41,195157865,
2022,41,195157866,
2022,41,195157868,
2022,41,195157870,
2022,41,195157871,
2022,39,199177872,
2022,42,195235300,
2022,41,195157874,
2022,31,195235301,
2022,41,195157875,
2022,41,195157877,
2022,41,195148570,
2022,41,195175275,
2022,41,195375256,
2022,41,195284136,
2022,41,189089642,
2022,39,181757949,
2022,41,181757951,
2022,41,181757953,
2022,3,195964715,
2022,3,195964716,
2022,41,189089643,
2022,41,181757961,
2022,41,195964717,
2022,37,195964717,
2022,3,181757963,
2022,21,182650335,
2022,38,182650335,
2022,41,181757972,
2022,21,181757973,
2022,41,181757976,
2022,41,182650338,
2022,21,182650339,
2022,41,182650348,
2022,41,182650350,
2022,41,182650351,
2022,41,182650352,
2022,41,182650353,
2022,41,182650355,
2022,41,182650356,
2022,41,182650357,
2022,41,182650359,
2022,41,182650361,
2022,41,183450654,
2022,41,182650373,
2022,41,195881445,
2022,41,182650385,
2022,39,189185631,
2022,41,183732242,
2022,41,182650404,
2022,41,183705587,
2022,21,182650419,
2022,41,199888742,
2022,41,199699111,
2022,38,182650419,
2022,21,183705588,
2022,41,183705589,
2022,9,182650422,
2022,9,182650423,
2022,3,186333870,
2022,1,182857747,
2022,39,182650431,
2022,41,200066715,
2022,41,182650432,
2022,41,182650434,
2022,41,182650440,
2022,41,182650447,
2022,42,199699114,
2022,41,182650449,
2022,41,182650450,
2022,21,189185634,
2022,9,182982615,
2022,21,182650453,
2022,41,182857753,
2022,39,189185635,
2022,3,189185636,
2022,41,182650465,
2022,38,182650466,
2022,41,182650467,
2022,41,182650469,
2022,41,182655763,
2022,38,182650473,
2022,41,182655766,
2022,3,189185638,
2022,41,182655770,
2022,41,182655771,
2022,39,182650485,
2022,38,182655774,
2022,41,182650486,
2022,41,182650487,
2022,41,182650490,
2022,1,182650491,
2022,42,182650501,
2022,41,182650502,
2022,41,184484447,
2022,41,182650504,
2022,41,182650507,
2022,41,198429780,
2022,41,182650508,
2022,41,182650510,
2022,41,198429782,
2022,37,182650511,
2022,31,182650512,
2022,21,182650513,
2022,41,182650514,
2022,41,198429785,
2022,38,198429785,
2022,41,182650515,
2022,21,198429787,
2022,41,182650516,
2022,38,182650517,
2022,21,182650518,
2022,21,197995550,
2022,41,182650522,
2022,9,182650529,
2022,41,190600678,
2022,9,182650530,
2022,9,189185641,
2022,41,198429795,
2022,9,182650532,
2022,41,182650535,
2022,3,182703515,
2022,41,198429797,
2022,41,198429798,
2022,41,198429800,
2022,38,196992662,
2022,38,196992663,
2022,9,182703522,
2022,41,182764563,
2022,41,182764566,
2022,9,182764569,
2022,3,182857757,
2022,41,182857759,
2022,38,189185642,
2022,38,189185643,
2022,1,192754245,
2022,1,192754246,
2022,41,182901512,
2022,31,182901513,
2022,41,182901522,
2022,39,182901527,
2022,38,182901528,
2022,21,182901530,
2022,41,182932249,
2022,38,182932250,
2022,39,182932260,
2022,31,182932261,
2022,31,182932267,
2022,38,189234389,
2022,41,182932269,
2022,41,189193704,
2022,41,199853439,
2022,21,192754251,
2022,3,189185648,
2022,3,189185649,
2022,21,189185650,
2022,21,182932289,
2022,21,182932290,
2022,41,183153021,
2022,39,182982617,
2022,41,183153023,
2022,41,183209889,
2022,41,183209892,
2022,21,183209897,
2022,41,202479483,
2022,41,183209898,
2022,3,189193705,
2022,41,189193706,
2022,41,184337299,
2022,21,183209902,
2022,21,183209903,
2022,21,183209904,
2022,38,183209909,
2022,41,183209910,
2022,41,183738215,
2022,41,183738216,
2022,41,183738222,
2022,41,183738225,
2022,41,183153201,
2022,21,183153202,
2022,41,183738226,
2022,42,183153203,
2022,41,183738227,
2022,42,183153205,
2022,41,183738230,
2022,41,183738232,
2022,42,183153210,
2022,21,183738233,
2022,1,189425802,
2022,41,183153219,
2022,41,183738234,
2022,41,183954127,
2022,42,183153223,
2022,41,183738237,
2022,42,183153224,
2022,1,183738238,
2022,41,189282084,
2022,41,185728567,
2022,39,183153229,
2022,41,183153230,
2022,42,183153231,
2022,42,183153233,
2022,21,183118240,
2022,41,190561611,
2022,41,183118242,
2022,41,183118244,
2022,41,183153239,
2022,41,183118254,
2022,42,183898058,
2022,42,183153247,
2022,3,183153254,
2022,42,187027478,
2022,41,183153259,
2022,41,183153261,
2022,41,190561615,
2022,39,185487703,
2022,41,187337030,
2022,41,187505398,
2022,41,189361462,
2022,38,189367011,
2022,42,189823429,
2022,42,190245262,
2022,21,190678106,
2022,41,192196019,
2022,42,194333431,
2022,41,183738240,
2022,41,183738242,
2022,41,183738243,
2022,41,184484143,
2022,41,183738248,
2022,41,183892910,
2022,41,183892911,
2022,41,183892915,
2022,41,183892917,
2022,21,183892918,
2022,21,183892919,
2022,41,183892921,
2022,41,184337302,
2022,21,183898112,
2022,31,183898113,
2022,41,183898116,
2022,41,183898120,
2022,41,183898121,
2022,21,183954129,
2022,41,183898122,
2022,41,183898124,
2022,39,189282085,
2022,41,183967317,
2022,41,183954130,
2022,39,183954133,
2022,41,183954138,
2022,41,183954139,
2022,41,184337303,
2022,41,195878945,
2022,3,196974029,
2022,3,196974030,
2022,41,184337310,
2022,39,189241765,
2022,38,184337313,
2022,41,184337315,
2022,41,184337316,
2022,38,184337317,
2022,41,184337318,
2022,38,184337326,
2022,41,184337327,
2022,41,184337328,
2022,41,184337335,
2022,41,189244922,
2022,41,184484155,
2022,41,184484158,
2022,21,184484166,
2022,38,184484168,
2022,31,184484169,
2022,21,184484185,
2022,41,184484190,
2022,41,184484198,
2022,3,196992665,
2022,41,184484202,
2022,41,184484219,
2022,41,184484224,
2022,21,184484227,
2022,41,184484229,
2022,21,184484235,
2022,21,184484237,
2022,41,184484240,
2022,41,184487178,
2022,41,184484246,
2022,41,184484249,
2022,41,184484253,
2022,41,184484263,
2022,42,190773222,
2022,31,184484267,
2022,31,184484268,
2022,41,184484271,
2022,41,191265521,
2022,41,184484285,
2022,41,196938611,
2022,31,184484287,
2022,38,184484290,
2022,41,184484293,
2022,41,184484296,
2022,41,191957714,
2022,41,184484299,
2022,42,194333432,
2022,41,189241767,
2022,41,184484318,
2022,38,184484326,
2022,21,184484338,
2022,42,196938612,
2022,41,184484338,
2022,31,184484343,
2022,38,184484346,
2022,42,194333435,
2022,41,189241774,
2022,41,184942445,
2022,41,184942448,
2022,41,194333441,
2022,41,184942452,
2022,41,184942457,
2022,41,194333442,
2022,41,189241776,
2022,38,194333446,
2022,42,197437453,
2022,42,194333453,
2022,41,194333455,
2022,41,194333458,
2022,41,195132201,
2022,41,196938613,
2022,42,194715544,
2022,41,194715546,
2022,41,194752842,
2022,41,194610837,
2022,42,195452666,
2022,42,197456811,
2022,41,195424202,
2022,41,196412397,
2022,42,191824494,
2022,38,191824495,
2022,41,191824498,
2022,41,197185362,
2022,1,197185370,
2022,38,197185371,
2022,41,197185374,
2022,41,197185377,
2022,21,197185379,
2022,41,197185384,
2022,41,197185387,
2022,38,197185388,
2022,3,197185390,
2022,3,197185391,
2022,41,197185395,
2022,21,197185396,
2022,41,197185398,
2022,21,184942472,
2022,41,189277555,
2022,41,184942482,
2022,41,197185420,
2022,39,184942496,
2022,41,184942498,
2022,41,184942502,
2022,41,197193990,
2022,41,197193992,
2022,21,184942504,
2022,41,184942506,
2022,21,197193996,
2022,38,197193996,
2022,41,184942507,
2022,41,197194000,
2022,41,197194002,
2022,21,189282092,
2022,41,197221730,
2022,21,189282093,
2022,41,197221731,
2022,1,190733073,
2022,38,184942513,
2022,41,184942516,
2022,41,197221735,
2022,41,184942518,
2022,41,197221736,
2022,41,184942524,
2022,41,197221738,
2022,38,197221739,
2022,21,184942526,
2022,31,197221740,
2022,32,197221740,
2022,42,184942535,
2022,41,197221742,
2022,41,197221743,
2022,41,197221744,
2022,41,184942537,
2022,38,197221745,
2022,41,184942545,
2022,41,197221747,
2022,41,197233602,
2022,3,190733074,
2022,3,190733075,
2022,41,184942546,
2022,41,197233608,
2022,41,184942549,
2022,38,197233614,
2022,41,184942550,
2022,41,184942555,
2022,41,197233625,
2022,41,184942556,
2022,38,190733076,
2022,41,197285950,
2022,41,197285951,
2022,38,190733077,
2022,21,184942559,
2022,41,194743593,
2022,38,184942565,
2022,41,197285952,
2022,41,184942567,
2022,41,190733078,
2022,41,184942572,
2022,41,184942574,
2022,41,184942577,
2022,3,190733079,
2022,3,189342186,
2022,41,184942587,
2022,3,184942596,
2022,21,184942602,
2022,39,190733082,
2022,41,190733087,
2022,41,190733090,
2022,38,190733097,
2022,21,197285953,
2022,41,190733100,
2022,41,190733101,
2022,21,190733102,
2022,3,190733103,
2022,41,194328874,
2022,31,190733104,
2022,31,190733105,
2022,41,197285954,
2022,41,190733106,
2022,38,190733110,
2022,41,190733112,
2022,39,190733113,
2022,41,190733114,
2022,21,197285955,
2022,21,190733116,
2022,41,190733118,
2022,41,190733119,
2022,41,190733121,
2022,39,190733123,
2022,41,190733125,
2022,41,190733126,
2022,3,196974032,
2022,3,196974034,
2022,21,186140062,
2022,41,197285956,
2022,21,197285957,
2022,41,185895658,
2022,41,185895668,
2022,41,185895671,
2022,41,185895674,
2022,41,186140064,
2022,41,185895678,
2022,41,185895680,
2022,21,185895682,
2022,38,185895682,
2022,21,185895683,
2022,38,185895683,
2022,41,185895684,
2022,41,185895686,
2022,1,191027398,
2022,31,185895709,
2022,41,185895710,
2022,41,185895712,
2022,41,185895726,
2022,21,185895729,
2022,21,191027400,
2022,38,191027401,
2022,41,185895734,
2022,21,185895744,
2022,41,185895754,
2022,38,185895757,
2022,41,194328876,
2022,41,185895767,
2022,37,185895767,
2022,39,191027407,
2022,41,185895788,
2022,41,185895797,
2022,41,185895800,
2022,41,185895802,
2022,42,191027410,
2022,41,185895805,
2022,41,185895808,
2022,41,200176628,
2022,41,197285959,
2022,21,197285966,
2022,41,197285967,
2022,41,197285968,
2022,41,197285970,
2022,41,197285972,
2022,41,197285973,
2022,41,185895821,
2022,38,185895827,
2022,41,185895832,
2022,41,194328878,
2022,41,185895845,
2022,41,185895847,
2022,41,185895854,
2022,31,185895874,
2022,38,185895880,
2022,38,185895881,
2022,41,185895894,
2022,3,185895917,
2022,41,195878948,
2022,38,186067290,
2022,38,186067291,
2022,41,186067309,
2022,38,186698976,
2022,3,186698978,
2022,41,186698979,
2022,41,186698983,
2022,41,186698984,
2022,41,186698989,
2022,41,186698993,
2022,41,186698996,
2022,41,190733136,
2022,41,186699002,
2022,41,186699003,
2022,41,186699011,
2022,41,186699014,
2022,38,186699019,
2022,41,186699021,
2022,39,186699024,
2022,41,186699027,
2022,41,186699028,
2022,3,186699030,
2022,21,186699031,
2022,41,186699031,
2022,41,186699032,
2022,41,187013131,
2022,21,190733139,
2022,42,186699044,
2022,1,195881447,
2022,41,186699046,
2022,41,187013134,
2022,41,187013139,
2022,41,187013147,
2022,41,187013148,
2022,41,187013149,
2022,41,187013150,
2022,41,190733144,
2022,41,195881448,
2022,38,187013153,
2022,41,190733145,
2022,41,197285978,
2022,41,197285982,
2022,41,197285983,
2022,37,197285983,
2022,41,190733146,
2022,38,195881449,
2022,38,195881450,
2022,42,187013168,
2022,41,187013170,
2022,41,190733148,
2022,41,197285988,
2022,21,197285991,
2022,41,190733149,
2022,41,190733150,
2022,41,190733151,
2022,38,195881451,
2022,41,190733155,
2022,21,197285995,
2022,41,197285997,
2022,41,190733156,
2022,41,190733157,
2022,41,197285998,
2022,21,197286001,
2022,41,190733159,
2022,1,187337136,
2022,41,187337137,
2022,3,191012913,
2022,21,191012914,
2022,21,191012915,
2022,41,187337148,
2022,41,187337153,
2022,41,189089645,
2022,41,187337158,
2022,21,187337159,
2022,41,187645163,
2022,41,187645169,
2022,38,187645171,
2022,41,191012917,
2022,41,187645175,
2022,3,187645176,
2022,41,187645179,
2022,41,187645180,
2022,41,189089649,
2022,41,197015513,
2022,41,187741237,
2022,41,197286002,
2022,41,197286003,
2022,3,187741247,
2022,41,187741247,
2022,41,187741252,
2022,3,187741254,
2022,21,187741255,
2022,41,187741256,
2022,21,187741260,
2022,41,187741260,
2022,41,187741261,
2022,41,191012921,
2022,41,187778686,
2022,41,187898121,
2022,41,187898123,
2022,41,196168008,
2022,41,187898126,
2022,1,187898128,
2022,41,189089651,
2022,3,196992666,
2022,41,189089652,
2022,36,189089653,
2022,41,188010081,
2022,41,196176648,
2022,41,188010085,
2022,41,188010090,
2022,41,188010102,
2022,41,191012922,
2022,38,188010104,
2022,38,188010105,
2022,42,188010106,
2022,21,188010107,
2022,41,188010108,
2022,41,188010111,
2022,41,188010112,
2022,21,188010113,
2022,21,188010114,
2022,21,191012925,
2022,1,188010117,
2022,21,188010117,
2022,21,188010118,
2022,41,188010118,
2022,41,188010119,
2022,41,188010121,
2022,41,189234390,
2022,21,188418793,
2022,21,188418796,
2022,41,188418797,
2022,41,188418798,
2022,41,188418802,
2022,41,188418804,
2022,38,188418805,
2022,41,188418812,
2022,38,188662865,
2022,41,188662866,
2022,41,188418814,
2022,41,188418815,
2022,31,188418817,
2022,31,188418818,
2022,41,188418821,
2022,41,188418823,
2022,41,188418825,
2022,41,188418833,
2022,41,188418836,
2022,41,188418842,
2022,21,188662869,
2022,21,188662870,
2022,41,188662873,
2022,41,188662874,
2022,21,195943751,
2022,41,195943751,
2022,41,189234393,
2022,41,197286005,
2022,39,188662885,
2022,41,188662890,
2022,41,188662891,
2022,41,188662892,
2022,41,188662893,
2022,41,188662895,
2022,39,188662897,
2022,41,188667263,
2022,41,190959484,
2022,42,188667268,
2022,41,189234396,
2022,41,189234397,
2022,41,189234398,
2022,38,188879089,
2022,41,188879091,
2022,41,190959487,
2022,41,190959488,
2022,41,196168011,
2022,41,188879098,
2022,41,188879099,
2022,41,189234399,
2022,41,188879100,
2022,41,188879103,
2022,41,188879104,
2022,41,188879107,
2022,38,197286009,
2022,41,189234402,
2022,1,190678191,
2022,41,188879111,
2022,41,188981208,
2022,38,196168014,
2022,41,188981214,
2022,41,197286010,
2022,41,188981216,
2022,1,189234403,
2022,37,197286010,
2022,41,197286012,
2022,41,197286016,
2022,41,189234403,
2022,38,189234403,
2022,38,188981218,
2022,21,188981219,
2022,41,189234406,
2022,41,189234407,
2022,41,188981220,
2022,39,189234409,
2022,41,197286017,
2022,41,197286018,
2022,41,197286020,
2022,41,188981221,
2022,41,190959490,
2022,41,188981229,
2022,41,188981230,
2022,41,188981233,
2022,41,188981235,
2022,21,188981236,
2022,41,189054681,
2022,41,189054682,
2022,39,189054683,
2022,41,197286022,
2022,41,189054684,
2022,41,190959494,
2022,3,194328882,
2022,41,189089661,
2022,41,189089663,
2022,41,197286023,
2022,41,197286027,
2022,41,197286033,
2022,41,189089664,
2022,41,189089665,
2022,21,197286034,
2022,41,197286035,
2022,41,194323093,
2022,41,194323095,
2022,41,194323096,
2022,41,194323097,
2022,38,197233631,
2022,41,194323105,
2022,41,195623772,
2022,41,194323107,
2022,38,194323108,
2022,41,194323110,
2022,37,194323122,
2022,41,194323132,
2022,41,194323133,
2022,21,194323136,
2022,41,194323136,
2022,41,194323139,
2022,41,194323142,
2022,41,194323143,
2022,32,194323144,
2022,41,194743595,
2022,41,194743598,
2022,41,194743599,
2022,38,194743601,
2022,41,195623776,
2022,41,195623778,
2022,41,195623779,
2022,41,195623781,
2022,41,197233634,
2022,41,195623782,
2022,41,195623783,
2022,41,195764479,
2022,41,190959497,
2022,41,197233635,
2022,41,195764482,
2022,41,189089667,
2022,41,195764483,
2022,41,195764484,
2022,41,189089668,
2022,41,189089673,
2022,41,195764487,
2022,41,189089675,
2022,41,189089676,
2022,41,190959499,
2022,21,189089677,
2022,41,189234414,
2022,38,189234416,
2022,41,189089678,
2022,41,189089679,
2022,41,189234417,
2022,41,190959500,
2022,41,189234418,
2022,41,189089682,
2022,41,189195874,
2022,39,175892849,
2022,38,177518454,
2022,41,178288912,
2022,41,176575133,
2022,41,176575136,
2022,41,176575138,
2022,38,176575145,
2022,41,191824504,
2022,3,176575154,
2022,41,176704477,
2022,41,176704486,
2022,41,176954549,
2022,41,177079898,
2022,41,176704491,
2022,41,177079900,
2022,41,177115739,
2022,41,177117765,
2022,41,183666986,
2022,42,177127211,
2022,41,183666987,
2022,41,177599975,
2022,41,177400320,
2022,39,189195881,
2022,41,189195883,
2022,41,190959505,
2022,41,178053362,
2022,21,194328883,
2022,3,177646441,
2022,41,194328884,
2022,41,194328886,
2022,41,178053363,
2022,21,190959507,
2022,3,190959508,
2022,41,190959511,
2022,41,190365095,
2022,41,190365096,
2022,42,178053370,
2022,41,189367040,
2022,41,178061038,
2022,41,178230968,
2022,41,189367043,
2022,3,189367046,
2022,41,178061041,
2022,3,189367047,
2022,3,178199555,
2022,41,179101428,
2022,32,179204472,
2022,41,179101434,
2022,41,179101437,
2022,41,181459922,
2022,41,179204479,
2022,41,183382420,
2022,41,179427066,
2022,42,179494487,
2022,42,179204486,
2022,41,179204490,
2022,41,179494496,
2022,41,179613158,
2022,41,189367049,
2022,39,189367051,
2022,41,189367059,
2022,41,179994195,
2022,41,189367060,
2022,41,189367061,
2022,39,189367062,
2022,41,189367063,
2022,41,189367066,
2022,41,195764546,
2022,41,189367068,
2022,41,179994200,
2022,38,180883359,
2022,31,189768632,
2022,41,189367069,
2022,41,189367070,
2022,42,189367071,
2022,41,189367076,
2022,31,189810798,
2022,41,189810800,
2022,41,189810802,
2022,41,189810807,
2022,41,189962683,
2022,41,189810811,
2022,41,189810813,
2022,41,189810814,
2022,38,189810815,
2022,41,189810819,
2022,41,189810820,
2022,21,189810821,
2022,39,189810825,
2022,39,189810827,
2022,41,189810829,
2022,39,189810831,
2022,41,189810835,
2022,41,189810837,
2022,41,189962684,
2022,41,189962685,
2022,41,189962686,
2022,41,189962688,
2022,41,189962689,
2022,41,189962693,
2022,41,190446615,
2022,41,189962696,
2022,38,189962696,
2022,41,189962697,
2022,38,189962698,
2022,31,189962699,
2022,31,189962700,
2022,39,189962701,
2022,31,189962702,
2022,31,189962704,
2022,41,189962706,
2022,41,190365099,
2022,41,190365100,
2022,21,197015515,
2022,3,195764548,
2022,3,195964719,
2022,3,195964720,
2022,41,190365107,
2022,41,190365110,
2022,41,190365116,
2022,41,180430816,
2022,41,190365120,
2022,41,190365121,
2022,3,190365122,
2022,41,190365124,
2022,41,190365125,
2022,41,180883366,
2022,41,190365126,
2022,41,191824505,
2022,21,190403960,
2022,41,180883367,
2022,41,190044026,
2022,21,190044027,
2022,41,180883375,
2022,21,190044028,
2022,21,190044029,
2022,41,190533531,
2022,41,190044031,
2022,41,180883381,
2022,41,190864119,
2022,41,191824506,
2022,41,190044033,
2022,41,190533532,
2022,41,181315775,
2022,42,181366616,
2022,41,195964721,
2022,41,181366619,
2022,41,190044042,
2022,41,190044043,
2022,41,181366621,
2022,41,190044044,
2022,41,190859918,
2022,41,181366623,
2022,41,190864120,
2022,41,190864122,
2022,41,191824507,
2022,41,181419684,
2022,41,190533535,
2022,41,190044051,
2022,41,183666989,
2022,41,190044053,
2022,41,181447614,
2022,41,181419688,
2022,41,190533538,
2022,41,181447617,
2022,21,190533540,
2022,21,190533541,
2022,31,181442329,
2022,31,181442330,
2022,21,190533542,
2022,41,190533543,
2022,41,190533550,
2022,41,181459925,
2022,1,190533551,
2022,21,190533553,
2022,21,190533554,
2022,38,190859919,
2022,41,190533556,
2022,41,190533559,
2022,41,181477655,
2022,3,190859920,
2022,41,181517171,
2022,41,190539334,
2022,41,181517172,
2022,41,190539341,
2022,21,181517173,
2022,21,181517174,
2022,41,192425925,
2022,41,190859922,
2022,41,190539351,
2022,39,190539353,
2022,41,190539358,
2022,41,183666991,
2022,41,181530218,
2022,41,190859923,
2022,41,181584821,
2022,41,190539366,
2022,41,190539367,
2022,41,190539373,
2022,42,182647394,
2022,41,190539377,
2022,41,182647396,
2022,3,196168020,
2022,41,190728724,
2022,41,190728725,
2022,41,190728727,
2022,21,182647411,
2022,21,190728728,
2022,41,196992669,
2022,41,197882701,
2022,41,190728736,
2022,41,182647417,
2022,42,182647419,
2022,31,194328888,
2022,41,200066741,
2022,41,182647435,
2022,38,190728742,
2022,41,182647439,
2022,41,182647440,
2022,38,190728743,
2022,41,190728744,
2022,38,182647441,
2022,41,191009933,
2022,41,191009934,
2022,41,191009937,
2022,42,182647450,
2022,41,192198406,
2022,41,182647452,
2022,41,191009944,
2022,41,182647459,
2022,32,192198408,
2022,41,192017667,
2022,1,182647467,
2022,21,191009949,
2022,21,191009950,
2022,3,191009952,
2022,41,182647469,
2022,41,182647470,
2022,41,191009953,
2022,39,191012927,
2022,41,191012929,
2022,42,182647477,
2022,41,191794326,
2022,41,182647479,
2022,38,191012938,
2022,38,191012939,
2022,21,195764549,
2022,41,191012943,
2022,38,191012943,
2022,41,195764551,
2022,1,183118038,
2022,41,191794334,
2022,42,182901425,
2022,41,182901426,
2022,41,182901430,
2022,41,183118039,
2022,1,183152939,
2022,41,191794339,
2022,41,191794340,
2022,41,191794346,
2022,41,191794347,
2022,41,195764552,
2022,41,191794349,
2022,3,195764554,
2022,3,195764555,
2022,41,191794354,
2022,41,191794357,
2022,41,191794358,
2022,41,183410039,
2022,41,191794360,
2022,41,183361547,
2022,41,183361548,
2022,41,191794361,
2022,41,191794362,
2022,41,183382427,
2022,41,191794366,
2022,42,183382429,
2022,41,195964724,
2022,41,191794373,
2022,31,191794376,
2022,31,191794377,
2022,41,191794378,
2022,41,191794390,
2022,41,183732218,
2022,41,183738128,
2022,41,183738129,
2022,41,192017675,
2022,41,183738138,
2022,41,196974036,
2022,41,191794399,
2022,41,183896238,
2022,41,184075756,
2022,21,195764560,
2022,41,184075759,
2022,21,195764561,
2022,41,195964725,
2022,38,192017678,
2022,3,200066742,
2022,41,184108330,
2022,41,191848884,
2022,41,190449527,
2022,41,191848885,
2022,41,191848886,
2022,21,191848888,
2022,41,191848889,
2022,41,191848892,
2022,41,191848897,
2022,41,191848905,
2022,41,184232109,
2022,41,184289068,
2022,42,184289070,
2022,1,191848906,
2022,1,191848907,
2022,41,184289073,
2022,42,192017680,
2022,39,191848908,
2022,41,194324250,
2022,41,191848909,
2022,39,192326711,
2022,41,184289080,
2022,41,184289082,
2022,38,192087611,
2022,21,184285059,
2022,41,184289086,
2022,41,194328895,
2022,41,184289090,
2022,41,192017689,
2022,41,192017692,
2022,41,184337252,
2022,41,192017693,
2022,21,197069083,
2022,41,184337255,
2022,21,197069084,
2022,41,192087614,
2022,41,192017699,
2022,21,194328899,
2022,3,187355726,
2022,21,194328900,
2022,41,192087620,
2022,41,194328901,
2022,41,194328902,
2022,41,194328903,
2022,41,192087627,
2022,41,192087630,
2022,41,194328904,
2022,41,184483971,
2022,41,184483975,
2022,41,194328906,
2022,41,192087649,
2022,3,192150245,
2022,41,184810861,
2022,41,184832653,
2022,3,197020271,
2022,42,184832657,
2022,38,192326718,
2022,41,192198412,
2022,41,195964730,
2022,41,192198414,
2022,41,194328907,
2022,42,185126326,
2022,39,194328908,
2022,38,192198418,
2022,41,185126330,
2022,41,194328909,
2022,41,192198422,
2022,41,185126334,
2022,41,194328911,
2022,41,192198424,
2022,21,192198426,
2022,41,192198427,
2022,39,194328912,
2022,41,192198428,
2022,41,192781626,
2022,41,185202251,
2022,41,185372196,
2022,41,185429760,
2022,31,185429763,
2022,38,185429764,
2022,41,185441854,
2022,41,192781634,
2022,41,185479222,
2022,3,195764563,
2022,21,192781647,
2022,41,185487709,
2022,41,194324251,
2022,41,186067062,
2022,21,186067102,
2022,41,190426037,
2022,38,186377630,
2022,41,186333788,
2022,41,187013062,
2022,21,186377638,
2022,41,187623559,
2022,42,186377642,
2022,41,186621405,
2022,41,186621412,
2022,41,186333791,
2022,41,186333796,
2022,41,186333798,
2022,3,186621416,
2022,41,187337034,
2022,21,187337046,
2022,38,187337058,
2022,41,187352234,
2022,41,187355727,
2022,41,187355734,
2022,41,187355739,
2022,41,187623561,
2022,41,187631229,
2022,41,187631235,
2022,21,187631236,
2022,41,187638852,
2022,41,192781649,
2022,41,192781653,
2022,41,195764565,
2022,41,190426052,
2022,39,192781662,
2022,41,188034704,
2022,42,194324252,
2022,21,188034715,
2022,41,188034717,
2022,42,190426055,
2022,41,188034724,
2022,41,188667172,
2022,41,188827046,
2022,41,194324253,
2022,41,188879038,
2022,41,188887030,
2022,41,188887033,
2022,41,188887035,
2022,41,188887040,
2022,41,190426059,
2022,42,192781663,
2022,41,192781669,
2022,41,192781685,
2022,41,199856711,
2022,41,192781692,
2022,41,194328923,
2022,41,194328932,
2022,1,194328933,
2022,41,194328934,
2022,42,194328935,
2022,21,194328936,
2022,41,194328936,
2022,41,194328937,
2022,41,194328938,
2022,41,194328939,
2022,41,194328941,
2022,41,194328944,
2022,41,194328945,
2022,39,194328951,
2022,41,194328952,
2022,41,194328967,
2022,41,194328970,
2022,41,194328976,
2022,38,194328977,
2022,38,194328980,
2022,41,188895617,
2022,41,194328984,
2022,41,194328989,
2022,41,194328993,
2022,21,194328995,
2022,41,194328996,
2022,3,195964732,
2022,41,194329002,
2022,42,194329006,
2022,41,194329007,
2022,41,194329013,
2022,41,194329020,
2022,41,194329023,
2022,41,194329026,
2022,41,197138181,
2022,41,194329035,
2022,41,194329036,
2022,41,194329037,
2022,41,194329043,
2022,41,194329050,
2022,39,194329053,
2022,41,194329056,
2022,41,197020278,
2022,41,194329061,
2022,41,194329062,
2022,31,195964737,
2022,42,194329070,
2022,39,194329073,
2022,21,194329076,
2022,21,194329079,
2022,41,194329084,
2022,38,194329086,
2022,41,194329089,
2022,21,197020279,
2022,21,197020280,
2022,41,194329092,
2022,41,194329093,
2022,41,194329097,
2022,21,194329098,
2022,21,194329099,
2022,42,194329100,
2022,38,194329102,
2022,21,194329103,
2022,41,194329105,
2022,38,194329109,
2022,41,194329112,
2022,41,194329116,
2022,41,195424258,
2022,31,195424259,
2022,41,188906711,
2022,39,195424260,
2022,41,194329121,
2022,41,195424261,
2022,41,195424263,
2022,41,194329129,
2022,41,195424264,
2022,41,194329134,
2022,21,196974039,
2022,41,188981180,
2022,41,188981181,
2022,41,188981182,
2022,41,194329141,
2022,21,194329143,
2022,41,194329145,
2022,41,189089584,
2022,41,194329147,
2022,41,189089586,
2022,41,195424266,
2022,41,189099394,
2022,41,194715511,
2022,3,197882731,
2022,9,189099400,
2022,41,195424267,
2022,41,194715520,
2022,41,194715521,
2022,41,194715522,
2022,41,194715523,
2022,41,195424270,
2022,31,194715525,
2022,21,195333883,
2022,41,195333884,
2022,21,195333887,
2022,41,195333888,
2022,41,195333890,
2022,41,197683404,
2022,41,195964741,
2022,41,195333892,
2022,41,195333893,
2022,41,195343245,
2022,41,195343246,
2022,41,197020283,
2022,41,195343248,
2022,41,195343250,
2022,41,195343252,
2022,41,195352232,
2022,41,195352235,
2022,41,195352237,
2022,41,195352238,
2022,41,195623855,
2022,41,195623856,
2022,41,195623859,
2022,41,195634364,
2022,41,195634366,
2022,31,196974041,
2022,41,195634369,
2022,41,195964750,
2022,41,195634370,
2022,41,195764569,
2022,3,195764570,
2022,41,195764570,
2022,41,195764577,
2022,42,195881452,
2022,41,195764578,
2022,41,195764586,
2022,41,195764589,
2022,42,195764595,
2022,41,195764596,
2022,41,197020285,
2022,41,196822873,
2022,41,176163048,
2022,41,189241620,
2022,1,189277516,
2022,41,176872646,
2022,41,177235103,
2022,41,178053455,
2022,41,178199816,
2022,41,178288954,
2022,41,179381388,
2022,42,180121003,
2022,41,181432807,
2022,41,182654318,
2022,41,182901724,
2022,41,182932341,
2022,41,182982768,
2022,41,183210110,
2022,41,183210111,
2022,38,183842856,
2022,41,183892925,
2022,41,184822147,
2022,41,184822148,
2022,41,185143487,
2022,41,189393809,
2022,41,186041125,
2022,41,189282037,
2022,41,186621962,
2022,41,187027485,
2022,41,189361467,
2022,3,189381064,
2022,41,187217369,
2022,41,187638891,
2022,41,190122731,
2022,41,187638892,
2022,41,187866838,
2022,41,189425765,
2022,41,189425768,
2022,41,189429224,
2022,41,188418843,
2022,41,198109266,
2022,3,189429225,
2022,41,194324255,
2022,41,191880987,
2022,38,190230537,
2022,41,189054703,
2022,21,189768592,
2022,31,189393810,
2022,41,189381100,
2022,41,189393811,
2022,41,190426067,
2022,41,189429249,
2022,41,189429250,
2022,41,190041310,
2022,41,190417358,
2022,41,190043965,
2022,41,190417359,
2022,41,190600731,
2022,41,190600737,
2022,42,190179858,
2022,32,192160872,
2022,41,190248195,
2022,41,191880988,
2022,41,190446580,
2022,41,192458142,
2022,3,194324256,
2022,41,190365043,
2022,41,192458145,
2022,38,194334216,
2022,41,190449528,
2022,41,191824508,
2022,41,194334219,
2022,41,194334227,
2022,41,194334240,
2022,41,190701579,
2022,41,190959439,
2022,41,194334241,
2022,38,194752850,
2022,41,190623807,
2022,41,195264467,
2022,42,190864078,
2022,41,195452709,
2022,41,190959442,
2022,35,176043876,
2022,41,196686862,
2022,41,191824509,
2022,41,190959446,
2022,42,191009893,
2022,41,191027334,
2022,41,191027337,
2022,41,191027338,
2022,38,191053954,
2022,41,191649744,
2022,41,191824511,
2022,41,192196021,
2022,41,191845646,
2022,41,191831378,
2022,41,191831379,
2022,41,191831382,
2022,41,194324258,
2022,41,191878734,
2022,39,198109267,
2022,41,191880431,
2022,41,192160842,
2022,21,192196029,
2022,41,192198358,
2022,41,192198359,
2022,41,194324261,
2022,41,192326658,
2022,41,192279709,
2022,41,195279034,
2022,38,176167336,
2022,41,176704557,
2022,41,197412171,
2022,42,192776805,
2022,38,192776815,
2022,41,176704559,
2022,41,176872649,
2022,38,194324265,
2022,21,194324266,
2022,41,177063546,
2022,41,194324269,
2022,41,177079938,
2022,41,177115840,
2022,42,194324278,
2022,41,194324282,
2022,41,177115844,
2022,21,177115846,
2022,41,194324287,
2022,41,177115847,
2022,41,177115849,
2022,41,177115851,
2022,41,177182983,
2022,41,194324295,
2022,21,194324302,
2022,39,177235107,
2022,41,194324306,
2022,41,194324309,
2022,41,177235108,
2022,41,177255452,
2022,41,177325131,
2022,41,202923076,
2022,42,194324318,
2022,41,177400376,
2022,41,177400378,
2022,41,194324322,
2022,41,177534118,
2022,9,194324324,
2022,41,177534119,
2022,41,177599990,
2022,41,178053458,
2022,1,194324333,
2022,38,194324335,
2022,41,178053459,
2022,41,178288956,
2022,42,194324343,
2022,41,178372060,
2022,41,194324346,
2022,41,194324351,
2022,41,178780621,
2022,41,179642168,
2022,31,179544452,
2022,37,179544452,
2022,38,179544452,
2022,41,178911215,
2022,41,179019489,
2022,41,194715429,
2022,41,194324383,
2022,41,179019492,
2022,21,194715430,
2022,41,194324385,
2022,38,179019496,
2022,41,195424203,
2022,21,194324388,
2022,41,179019497,
2022,38,179378908,
2022,41,194609926,
2022,41,179378910,
2022,41,179496394,
2022,41,179642214,
2022,41,195199720,
2022,41,195199734,
2022,41,195199737,
2022,38,195199738,
2022,41,179994459,
2022,41,195218636,
2022,38,195343164,
2022,41,195218640,
2022,41,195218653,
2022,41,197020229,
2022,41,195343166,
2022,41,197020230,
2022,41,195424205,
2022,21,195424206,
2022,41,180105890,
2022,31,197221902,
2022,21,181315848,
2022,21,181315853,
2022,21,181653231,
2022,41,182764759,
2022,41,181366746,
2022,41,181366748,
2022,38,181366756,
2022,41,181432815,
2022,41,181442400,
2022,41,181442408,
2022,41,181453481,
2022,41,181453484,
2022,41,181477920,
2022,41,181477921,
2022,41,181489705,
2022,41,181489706,
2022,38,181653233,
2022,41,181653235,
2022,32,181653237,
2022,38,181653237,
2022,3,182654332,
2022,38,182654335,
2022,39,182654340,
2022,41,182654344,
2022,21,182654347,
2022,31,182654347,
2022,3,182654350,
2022,41,182654369,
2022,41,182703691,
2022,41,182703692,
2022,41,182857892,
2022,41,182857894,
2022,41,182857896,
2022,38,182982776,
2022,41,183450898,
2022,41,183667253,
2022,41,183896271,
2022,41,183898132,
2022,38,183898133,
2022,31,183898135,
2022,32,183898135,
2022,41,183898135,
2022,41,183898139,
2022,41,183954142,
2022,41,183954144,
2022,41,183954145,
2022,41,183967320,
2022,41,183967322,
2022,38,183988400,
2022,41,184126922,
2022,41,184126924,
2022,38,184126928,
2022,41,194334244,
2022,41,184392763,
2022,41,184392765,
2022,38,184232190,
2022,35,184241425,
2022,38,184244075,
2022,41,184289284,
2022,41,184289285,
2022,41,184289286,
2022,41,184289288,
2022,41,184289290,
2022,41,184304618,
2022,41,184365814,
2022,41,184474246,
2022,41,184942608,
2022,41,185673184,
2022,41,184942619,
2022,41,185441948,
2022,41,185283695,
2022,41,185283696,
2022,41,185283699,
2022,41,185441949,
2022,41,185487860,
2022,41,185631616,
2022,41,185631619,
2022,38,185631620,
2022,41,185666911,
2022,41,185666913,
2022,41,185673187,
2022,21,187508791,
2022,41,185776699,
2022,41,186119488,
2022,41,186165396,
2022,41,186684873,
2022,41,186684874,
2022,41,186684876,
2022,41,186684877,
2022,38,186684882,
2022,32,192326731,
2022,41,187220861,
2022,41,187220863,
2022,41,187220865,
2022,41,187220866,
2022,41,187355874,
2022,41,187355881,
2022,41,187377960,
2022,21,194324871,
2022,41,194324872,
2022,41,187734834,
2022,41,194324873,
2022,41,194324874,
2022,41,194324876,
2022,41,181489574,
2022,38,192776843,
2022,21,181493185,
2022,21,181517179,
2022,41,181517181,
2022,38,187734838,
2022,21,192776845,
2022,41,187866843,
2022,41,183978915,
2022,21,181517187,
2022,41,181520980,
2022,41,188034832,
2022,41,188511463,
2022,41,181528224,
2022,41,181528225,
2022,41,181528226,
2022,41,183693239,
2022,42,192776869,
2022,41,183971019,
2022,41,188514423,
2022,41,181528230,
2022,41,192776872,
2022,41,188514424,
2022,41,192776874,
2022,41,188514427,
2022,41,192776876,
2022,41,188662910,
2022,41,188749658,
2022,41,192776882,
2022,38,181653179,
2022,41,181653180,
2022,41,181653184,
2022,41,181653190,
2022,41,181660230,
2022,41,181660232,
2022,1,181660234,
2022,41,181736604,
2022,41,181736610,
2022,3,181736614,
2022,41,181736615,
2022,38,188823622,
2022,41,188823624,
2022,3,190678192,
2022,41,189459658,
2022,41,189089686,
2022,41,181736616,
2022,41,181736618,
2022,41,192776899,
2022,41,182647546,
2022,41,182647550,
2022,21,182647552,
2022,41,182647555,
2022,41,192776908,
2022,41,182647561,
2022,41,183738142,
2022,41,182647570,
2022,41,182647577,
2022,41,182647581,
2022,41,182647584,
2022,41,182647589,
2022,21,182647593,
2022,41,182647595,
2022,41,183842821,
2022,41,192776948,
2022,41,182647602,
2022,41,182647604,
2022,41,182647605,
2022,41,182647606,
2022,41,182647614,
2022,41,192776964,
2022,41,182647617,
2022,41,192776969,
2022,41,192813659,
2022,41,192069746,
2022,41,192069747,
2022,3,192069748,
2022,41,192776984,
2022,21,192069749,
2022,41,182647640,
2022,41,192776988,
2022,3,192776994,
2022,41,192776997,
2022,41,192777002,
2022,41,192777020,
2022,41,192777025,
2022,41,191012948,
2022,41,192777033,
2022,41,192777037,
2022,31,192777040,
2022,38,189099577,
2022,41,192777042,
2022,1,192777046,
2022,21,192069776,
2022,3,192777068,
2022,21,192777068,
2022,41,192777087,
2022,41,192777091,
2022,21,192777093,
2022,41,192777095,
2022,41,192777104,
2022,41,192777121,
2022,42,192777123,
2022,41,182647692,
2022,21,192777137,
2022,31,182647695,
2022,41,192777148,
2022,41,192777150,
2022,41,192777195,
2022,41,192777205,
2022,41,192777211,
2022,41,192777215,
2022,41,192777224,
2022,41,192777232,
2022,41,192777244,
2022,41,192777248,
2022,41,192777252,
2022,3,192777254,
2022,41,192777265,
2022,41,192777275,
2022,21,192777277,
2022,41,192777283,
2022,41,192777286,
2022,41,192777288,
2022,41,192777289,
2022,41,192777291,
2022,41,192777293,
2022,41,192777303,
2022,41,192777312,
2022,41,192777317,
2022,41,189185652,
2022,41,189185656,
2022,38,192777341,
2022,41,192777343,
2022,21,192777347,
2022,41,189185659,
2022,41,192777352,
2022,3,192777355,
2022,41,189313864,
2022,41,189342195,
2022,41,182944903,
2022,41,192777375,
2022,41,189342196,
2022,38,189342196,
2022,41,189342200,
2022,41,192777392,
2022,41,189342201,
2022,41,189342202,
2022,41,192777396,
2022,41,189342205,
2022,31,192777408,
2022,41,192777408,
2022,41,189361495,
2022,38,192777417,
2022,41,189361496,
2022,41,192777423,
2022,41,189393813,
2022,41,192777429,
2022,41,189393814,
2022,41,192777433,
2022,31,192777437,
2022,41,189393815,
2022,41,189456362,
2022,41,189768635,
2022,41,192777459,
2022,41,192777462,
2022,41,192777481,
2022,41,189823466,
2022,31,192777489,
2022,41,192777492,
2022,41,192777495,
2022,38,192777501,
2022,41,189960355,
2022,41,192777514,
2022,41,189960356,
2022,31,190248379,
2022,41,192813661,
2022,41,192777552,
2022,41,192777557,
2022,41,190449552,
2022,41,192777563,
2022,41,192777564,
2022,41,192777573,
2022,41,190533561,
2022,21,190533562,
2022,41,190533565,
2022,41,192777598,
2022,41,192777599,
2022,3,190565053,
2022,41,192777601,
2022,41,192777616,
2022,41,192813662,
2022,3,190565054,
2022,41,190565055,
2022,3,192777626,
2022,41,190565056,
2022,41,190565058,
2022,41,190678198,
2022,41,192777636,
2022,41,190678199,
2022,41,192777639,
2022,41,190678201,
2022,41,190678202,
2022,38,190692023,
2022,41,190678204,
2022,41,191831703,
2022,41,190692025,
2022,38,190692026,
2022,41,190717365,
2022,38,183990378,
2022,41,183450607,
2022,41,190717369,
2022,41,183450608,
2022,41,195132283,
2022,21,190859938,
2022,38,192777678,
2022,41,192777692,
2022,41,192777696,
2022,41,190864130,
2022,41,192777703,
2022,41,192777709,
2022,41,190959513,
2022,38,190989603,
2022,41,192777722,
2022,41,190989604,
2022,41,192777724,
2022,41,191352351,
2022,41,192777726,
2022,42,192777731,
2022,3,192777739,
2022,38,192777744,
2022,41,192777750,
2022,21,192777752,
2022,21,192777759,
2022,21,191824577,
2022,41,191831704,
2022,41,192777775,
2022,21,191831709,
2022,41,191878785,
2022,41,191878787,
2022,41,191878788,
2022,41,192069866,
2022,41,192069867,
2022,21,192196063,
2022,41,192196063,
2022,38,195878950,
2022,41,192279758,
2022,41,192279759,
2022,38,192279763,
2022,38,197348543,
2022,41,180339137,
2022,41,181271597,
2022,41,183988377,
2022,41,183382458,
2022,41,181293473,
2022,41,192777804,
2022,41,192777807,
2022,41,192777816,
2022,41,181366638,
2022,41,192777825,
2022,41,192754255,
2022,41,192777856,
2022,41,192777858,
2022,41,192781701,
2022,41,192777864,
2022,41,192781708,
2022,41,192777874,
2022,41,194334246,
2022,41,194334260,
2022,41,192777893,
2022,41,192777895,
2022,41,192777899,
2022,41,192777901,
2022,41,192777914,
2022,31,192777917,
2022,38,194334262,
2022,41,192777924,
2022,41,194334265,
2022,41,194334266,
2022,38,194334267,
2022,41,192777938,
2022,38,195132287,
2022,38,194334269,
2022,21,194334278,
2022,41,192777953,
2022,41,192777965,
2022,41,192777973,
2022,41,194334280,
2022,41,194334281,
2022,41,194334289,
2022,41,192777995,
2022,41,192777997,
2022,41,194334291,
2022,41,181489580,
2022,41,194334298,
2022,41,192778004,
2022,41,194334310,
2022,41,192778020,
2022,21,192778023,
2022,41,192778027,
2022,41,192778037,
2022,41,192778047,
2022,41,194334315,
2022,21,194334322,
2022,41,181736623,
2022,41,181751208,
2022,41,181757815,
2022,38,194334325,
2022,1,181757816,
2022,41,194334329,
2022,41,195110864,
2022,41,192778122,
2022,41,192778127,
2022,41,182647708,
2022,41,192778135,
2022,21,195132291,
2022,41,192778143,
2022,1,195132293,
2022,41,195132293,
2022,32,195150090,
2022,41,195199764,
2022,37,195218739,
2022,21,195279043,
2022,41,195333902,
2022,21,196412408,
2022,1,196784763,
2022,41,175852499,
2022,41,192778163,
2022,41,192778170,
2022,3,192778171,
2022,41,192778173,
2022,41,192778195,
2022,41,192778203,
2022,31,192778220,
2022,41,192778239,
2022,41,192778242,
2022,42,192778244,
2022,31,192778246,
2022,41,192778250,
2022,41,192778253,
2022,41,192778260,
2022,41,192778262,
2022,41,192778283,
2022,41,192778285,
2022,41,192778287,
2022,41,192778296,
2022,41,182647788,
2022,21,182647797,
2022,41,192778304,
2022,41,194324883,
2022,41,183967297,
2022,41,182647825,
2022,21,183842830,
2022,41,192778328,
2022,38,192778332,
2022,41,192778334,
2022,41,192778347,
2022,38,192778354,
2022,41,192778358,
2022,41,182647845,
2022,41,192778385,
2022,41,192778390,
2022,41,192778398,
2022,41,192778400,
2022,21,198422441,
2022,41,192778407,
2022,31,192778416,
2022,41,192778422,
2022,41,192778432,
2022,41,192778438,
2022,41,182703316,
2022,41,182703321,
2022,41,192778468,
2022,41,192778476,
2022,41,192778488,
2022,41,192778490,
2022,41,182982103,
2022,41,192778500,
2022,41,192778504,
2022,41,175852502,
2022,41,192778515,
2022,41,192778549,
2022,41,192778560,
2022,41,183209735,
2022,41,194324889,
2022,41,192778569,
2022,41,192778580,
2022,41,198422442,
2022,41,192778592,
2022,41,183705469,
2022,31,192778616,
2022,41,192778622,
2022,41,192778627,
2022,41,192778639,
2022,41,192778665,
2022,41,192778668,
2022,41,192778670,
2022,41,183892860,
2022,41,194324891,
2022,21,192778678,
2022,41,192778692,
2022,41,192778697,
2022,41,192778721,
2022,21,192778736,
2022,41,192778755,
2022,41,192778759,
2022,41,192778762,
2022,41,192778770,
2022,41,192778791,
2022,41,192778801,
2022,41,192778803,
2022,41,183842835,
2022,21,192778807,
2022,41,192778812,
2022,41,192778826,
2022,41,192778829,
2022,41,183152977,
2022,41,192778848,
2022,41,192778850,
2022,41,183152987,
2022,41,192778868,
2022,41,192778871,
2022,41,192778885,
2022,41,192778887,
2022,41,183152999,
2022,41,192778894,
2022,41,192813667,
2022,41,175892883,
2022,41,175903855,
2022,37,176533746,
2022,41,176533750,
2022,41,178858604,
2022,41,177067795,
2022,41,177235110,
2022,41,178858607,
2022,41,178936374,
2022,1,178053467,
2022,41,178391606,
2022,41,179101490,
2022,41,179101496,
2022,41,179101499,
2022,42,179101500,
2022,41,179994468,
2022,41,192778919,
2022,41,192778923,
2022,41,192813668,
2022,41,192778932,
2022,41,179381392,
2022,41,192778937,
2022,41,179958173,
2022,41,192778955,
2022,41,192778961,
2022,41,192778967,
2022,41,192778969,
2022,41,183157725,
2022,41,179958176,
2022,9,184044160,
2022,41,184044163,
2022,41,192778991,
2022,41,184046541,
2022,38,187032693,
2022,41,187032698,
2022,41,192779004,
2022,41,192779007,
2022,41,192779009,
2022,41,192779011,
2022,21,192779013,
2022,21,192779015,
2022,41,192779017,
2022,41,192779066,
2022,41,192779088,
2022,41,192779094,
2022,41,192779101,
2022,41,192779143,
2022,41,192779156,
2022,41,192779160,
2022,41,192779176,
2022,41,192779187,
2022,41,192779229,
2022,41,184244035,
2022,41,184285068,
2022,41,184289099,
2022,41,184289105,
2022,1,192779265,
2022,41,192779267,
2022,41,192779269,
2022,41,192779288,
2022,41,192779313,
2022,41,192779317,
2022,41,192779319,
2022,41,192779339,
2022,21,192779341,
2022,41,192779356,
2022,41,192779364,
2022,41,181453486,
2022,41,192779367,
2022,41,192779368,
2022,41,180883451,
2022,41,192779386,
2022,41,192779391,
2022,41,192779393,
2022,41,192779402,
2022,21,192779404,
2022,38,180883452,
2022,41,192779416,
2022,41,181408312,
2022,41,181291080,
2022,41,181517241,
2022,41,192779429,
2022,21,192779448,
2022,41,192779455,
2022,41,181442414,
2022,41,192779459,
2022,21,192779471,
2022,41,192779485,
2022,41,192779488,
2022,41,192779494,
2022,41,192779511,
2022,41,192779535,
2022,41,192779542,
2022,41,192779552,
2022,41,192779584,
2022,41,192779591,
2022,41,192779601,
2022,31,192779613,
2022,3,192779617,
2022,3,192779621,
2022,41,192779629,
2022,41,192779683,
2022,41,185126341,
2022,41,192779694,
2022,41,192779697,
2022,41,192779710,
2022,41,192779717,
2022,41,192779719,
2022,41,185283507,
2022,41,185283511,
2022,41,181442417,
2022,21,192779734,
2022,41,181653244,
2022,41,192779738,
2022,41,181517252,
2022,41,192779754,
2022,41,181549605,
2022,41,187121989,
2022,41,182654377,
2022,41,192779780,
2022,41,182901726,
2022,41,192779792,
2022,21,192779802,
2022,41,182654380,
2022,41,192779804,
2022,41,187121992,
2022,41,182654382,
2022,41,182654390,
2022,41,192779832,
2022,41,192779834,
2022,41,182654404,
2022,41,192779845,
2022,41,194324896,
2022,41,192779856,
2022,41,192779859,
2022,41,182654409,
2022,41,182654410,
2022,41,182912469,
2022,3,182912470,
2022,1,182932369,
2022,41,183954159,
2022,41,192779882,
2022,41,185631349,
2022,41,185631350,
2022,21,183954163,
2022,41,185631353,
2022,41,183971082,
2022,41,185631359,
2022,41,183920864,
2022,41,194334368,
2022,41,183990426,
2022,41,192779942,
2022,41,192813670,
2022,41,185673132,
2022,21,185673134,
2022,41,184072819,
2022,41,184108356,
2022,41,192779984,
2022,41,184108357,
2022,21,192779988,
2022,37,184228514,
2022,41,192779995,
2022,41,184241429,
2022,41,184285086,
2022,41,192780009,
2022,41,192780011,
2022,41,192780017,
2022,42,184625141,
2022,41,192780031,
2022,41,184822151,
2022,21,192780046,
2022,41,192780048,
2022,41,192780057,
2022,41,192780064,
2022,9,185200581,
2022,1,192780069,
2022,41,192780071,
2022,41,186139975,
2022,41,185200584,
2022,41,186139978,
2022,41,185200586,
2022,41,185673190,
2022,41,187122005,
2022,41,192780094,
2022,39,186041129,
2022,41,192780103,
2022,38,185783850,
2022,32,185895956,
2022,41,186139988,
2022,41,192780116,
2022,41,187638894,
2022,41,186041134,
2022,41,186165372,
2022,41,186679074,
2022,41,192780130,
2022,41,192780135,
2022,41,186679082,
2022,41,192780148,
2022,41,187337162,
2022,3,192780160,
2022,41,192780178,
2022,41,192780188,
2022,3,192780191,
2022,41,187337166,
2022,21,187337167,
2022,32,187898154,
2022,41,192780213,
2022,41,192780227,
2022,41,186621446,
2022,41,192780236,
2022,38,187980931,
2022,41,186621453,
2022,41,187122009,
2022,41,188007190,
2022,41,192780256,
2022,3,188046600,
2022,41,192780267,
2022,3,188046601,
2022,41,188373993,
2022,41,188823630,
2022,41,192780287,
2022,41,192780290,
2022,41,188823633,
2022,38,188977940,
2022,41,192780295,
2022,41,192780303,
2022,41,183898081,
2022,41,192780324,
2022,41,192780328,
2022,41,192780341,
2022,21,192780365,
2022,41,183954096,
2022,41,192780385,
2022,41,192780391,
2022,41,192780402,
2022,41,192780404,
2022,41,192780409,
2022,3,188809823,
2022,31,188809824,
2022,41,192780439,
2022,41,192753350,
2022,41,192753357,
2022,41,192753359,
2022,41,192753363,
2022,41,192753371,
2022,41,192753377,
2022,41,192780461,
2022,41,192753381,
2022,1,192753385,
2022,38,192753388,
2022,41,192753389,
2022,41,192753391,
2022,39,189047996,
2022,21,192753395,
2022,31,192753405,
2022,41,192753411,
2022,41,192753418,
2022,41,192753421,
2022,31,188809828,
2022,41,192753436,
2022,41,192753438,
2022,41,184228474,
2022,41,192753443,
2022,41,192753446,
2022,41,192780471,
2022,41,192780487,
2022,41,192780489,
2022,41,192780503,
2022,41,184365514,
2022,41,192780545,
2022,41,184392248,
2022,41,192780556,
2022,41,188809834,
2022,41,188809837,
2022,41,192780594,
2022,41,192780622,
2022,41,192780629,
2022,41,192780632,
2022,41,192780639,
2022,41,192780646,
2022,41,189111745,
2022,41,192780661,
2022,41,192780663,
2022,41,189393822,
2022,41,192780685,
2022,41,192780693,
2022,41,192780707,
2022,41,189425808,
2022,41,192780718,
2022,21,190122781,
2022,41,192780722,
2022,41,192780724,
2022,41,192780728,
2022,41,192780743,
2022,41,190365132,
2022,41,192780775,
2022,41,190446620,
2022,21,192780784,
2022,38,192780797,
2022,41,190600738,
2022,41,192780818,
2022,9,190692027,
2022,41,192780841,
2022,41,190714162,
2022,41,192780847,
2022,41,190864134,
2022,41,191265610,
2022,41,191791439,
2022,41,191878793,
2022,37,191878794,
2022,41,192493660,
2022,41,192493666,
2022,41,192813902,
2022,38,194334386,
2022,41,194334391,
2022,41,194334392,
2022,38,194334404,
2022,41,194334405,
2022,42,194334407,
2022,41,194334410,
2022,41,194334412,
2022,21,194334423,
2022,41,194334425,
2022,37,194334427,
2022,41,194334428,
2022,41,194334433,
2022,41,194334438,
2022,41,185631376,
2022,41,194334440,
2022,41,194334441,
2022,41,194334444,
2022,41,185631386,
2022,41,185631387,
2022,41,185631388,
2022,42,194334447,
2022,41,195150092,
2022,41,185631393,
2022,41,185631395,
2022,41,185673143,
2022,41,192780865,
2022,41,192780875,
2022,3,195199794,
2022,41,195333906,
2022,41,185871896,
2022,41,195417762,
2022,41,195417763,
2022,42,195424286,
2022,21,176163055,
2022,41,185871909,
2022,41,192780928,
2022,41,192780950,
2022,41,192780952,
2022,41,186067140,
2022,41,192781011,
2022,41,176608038,
2022,41,192781025,
2022,41,177105315,
2022,41,177330071,
2022,41,177330072,
2022,41,177658836,
2022,41,177646535,
2022,21,181277204,
2022,31,192781050,
2022,41,179381393,
2022,41,192781055,
2022,41,181293525,
2022,41,192781057,
2022,41,181277205,
2022,41,181277206,
2022,41,181293527,
2022,41,192781074,
2022,41,181310846,
2022,41,181310847,
2022,41,194324901,
2022,41,182654414,
2022,41,181442419,
2022,41,192781090,
2022,41,182654416,
2022,41,182654419,
2022,41,192781103,
2022,41,182654420,
2022,41,182699096,
2022,41,192781116,
2022,41,182699098,
2022,41,182699100,
2022,41,182699101,
2022,41,194324903,
2022,41,183410076,
2022,41,192017577,
2022,41,183410077,
2022,41,192017578,
2022,41,183450900,
2022,41,192781129,
2022,41,192017582,
2022,41,182857905,
2022,41,192781131,
2022,41,183738250,
2022,41,192781133,
2022,41,192781135,
2022,41,185372217,
2022,41,194324905,
2022,41,184075816,
2022,21,192781139,
2022,41,192781141,
2022,41,185372218,
2022,41,186377724,
2022,41,186377728,
2022,41,192781145,
2022,41,186377731,
2022,41,192017593,
2022,41,186377736,
2022,41,186377740,
2022,41,192781155,
2022,21,192781159,
2022,41,192781166,
2022,41,192781168,
2022,41,186621981,
2022,41,192781173,
2022,41,192781179,
2022,41,192781182,
2022,41,186621986,
2022,41,186621990,
2022,41,186621993,
2022,41,186621995,
2022,41,186621997,
2022,41,186621999,
2022,41,192781206,
2022,38,186622001,
2022,41,186622004,
2022,41,186622007,
2022,41,186622009,
2022,41,186622014,
2022,41,192781225,
2022,41,186622016,
2022,41,186622018,
2022,41,186622020,
2022,41,192781232,
2022,41,187352297,
2022,41,192781238,
2022,41,187801103,
2022,41,188007132,
2022,41,187866852,
2022,41,192781256,
2022,41,187866858,
2022,42,192781263,
2022,21,192781264,
2022,41,192781265,
2022,41,191352353,
2022,41,192781272,
2022,41,191794410,
2022,21,192781279,
2022,41,188823635,
2022,41,192781283,
2022,41,192781290,
2022,41,188034730,
2022,41,188034739,
2022,41,188034743,
2022,21,188823571,
2022,41,192753453,
2022,41,192753455,
2022,41,188046578,
2022,41,192753459,
2022,41,192753463,
2022,41,192753466,
2022,41,192753479,
2022,41,192753480,
2022,41,188662839,
2022,41,192753488,
2022,41,192753492,
2022,41,192753504,
2022,41,192753507,
2022,41,192753513,
2022,41,192753517,
2022,41,192753522,
2022,41,191885397,
2022,41,194324907,
2022,41,191880440,
2022,31,187220803,
2022,41,187220805,
2022,41,191880442,
2022,41,191880443,
2022,41,191880444,
2022,41,191880454,
2022,41,191880458,
2022,41,191885401,
2022,41,191880469,
2022,41,189313837,
2022,41,191352355,
2022,41,191880480,
2022,41,191848916,
2022,41,191885405,
2022,41,191824584,
2022,41,190248382,
2022,41,191794420,
2022,41,191885415,
2022,41,191880495,
2022,41,191794425,
2022,41,191885420,
2022,41,191824585,
2022,41,194334456,
2022,41,191885427,
2022,41,191885428,
2022,41,191885436,
2022,41,191885437,
2022,41,191885440,
2022,41,191885442,
2022,41,191885445,
2022,41,191885447,
2022,41,191885448,
2022,41,194334459,
2022,41,194334460,
2022,41,194334461,
2022,41,194334463,
2022,41,191885455,
2022,41,191885457,
2022,41,194334464,
2022,41,191885459,
2022,41,195333907,
2022,41,194334466,
2022,41,191885463,
2022,21,194715547,
2022,41,191885465,
2022,41,191885467,
2022,21,194756571,
2022,41,191885469,
2022,41,195264474,
2022,41,191885472,
2022,41,191885473,
2022,41,191885474,
2022,41,191885476,
2022,41,191885477,
2022,41,195218745,
2022,41,195264475,
2022,41,195522673,
2022,41,182982716,
2022,41,191885500,
2022,41,191885507,
2022,41,191885513,
2022,41,191885515,
2022,41,191885517,
2022,41,194324909,
2022,41,191885521,
2022,41,187734747,
2022,41,191885524,
2022,41,191885525,
2022,41,187734757,
2022,1,191885532,
2022,41,191885533,
2022,41,191885534,
2022,41,191885535,
2022,41,187741125,
2022,41,187741128,
2022,41,191885545,
2022,41,191885546,
2022,41,191885549,
2022,41,191885552,
2022,41,187898082,
2022,3,187898092,
2022,41,188373956,
2022,41,188373957,
2022,41,191885566,
2022,41,191885574,
2022,41,191885576,
2022,41,191885578,
2022,41,191885581,
2022,41,191885585,
2022,41,191885591,
2022,31,191885593,
2022,41,191885595,
2022,41,178053476,
2022,38,178053476,
2022,41,188034837,
2022,41,191885605,
2022,38,191885606,
2022,41,181577164,
2022,41,181419738,
2022,41,191885616,
2022,41,191885617,
2022,41,191885618,
2022,21,182982720,
2022,41,191885620,
2022,41,189342209,
2022,41,191880558,
2022,41,191880561,
2022,41,191880564,
2022,41,191880565,
2022,42,181419746,
2022,41,191880566,
2022,41,191880571,
2022,41,191880572,
2022,41,183971085,
2022,41,191880574,
2022,41,191880575,
2022,41,191880576,
2022,41,191880578,
2022,41,191880579,
2022,42,181453498,
2022,41,191880584,
2022,41,191880585,
2022,41,191880587,
2022,41,182653351,
2022,21,191880592,
2022,3,191880596,
2022,41,191880598,
2022,41,191880600,
2022,41,191880601,
2022,41,191880603,
2022,41,191880606,
2022,41,191880607,
2022,21,181577167,
2022,39,181453516,
2022,32,181453519,
2022,32,181453520,
2022,21,181577176,
2022,41,191880619,
2022,41,191880622,
2022,41,191880625,
2022,39,182653361,
2022,38,183971086,
2022,41,183971087,
2022,42,182653376,
2022,41,188827071,
2022,41,191880634,
2022,41,188827074,
2022,41,191880635,
2022,41,182653386,
2022,41,191880640,
2022,41,188887042,
2022,41,191880646,
2022,42,182653390,
2022,42,182944952,
2022,41,192017596,
2022,38,183738252,
2022,41,182653399,
2022,41,191880662,
2022,21,191880663,
2022,41,182944955,
2022,38,183738253,
2022,41,191880667,
2022,41,182653408,
2022,41,191880677,
2022,41,183738254,
2022,1,191880680,
2022,41,182653416,
2022,41,182944960,
2022,42,183383086,
2022,21,191880695,
2022,41,182982738,
2022,41,182982739,
2022,38,183732247,
2022,41,191880698,
2022,41,191880699,
2022,38,183732248,
2022,39,183732249,
2022,41,191885626,
2022,21,199597564,
2022,41,191885627,
2022,38,183842858,
2022,41,191885631,
2022,41,191880705,
2022,38,183842859,
2022,38,183988405,
2022,38,183988406,
2022,41,183988407,
2022,9,184232196,
2022,41,191880717,
2022,41,191880718,
2022,3,185895969,
2022,41,191880726,
2022,41,185202284,
2022,41,202431492,
2022,41,191880737,
2022,32,190365141,
2022,41,191880748,
2022,41,186333881,
2022,41,190041315,
2022,1,191880754,
2022,41,191880755,
2022,41,191880757,
2022,41,187355908,
2022,41,191880762,
2022,41,191880767,
2022,39,188034849,
2022,41,191880771,
2022,21,189456368,
2022,41,191880774,
2022,41,191880775,
2022,41,191880777,
2022,41,191885635,
2022,41,191885636,
2022,41,191885638,
2022,1,191885640,
2022,41,191885641,
2022,9,188647732,
2022,41,191885642,
2022,41,191885644,
2022,41,191885653,
2022,41,189342215,
2022,41,194333590,
2022,41,191880798,
2022,21,191880802,
2022,38,195110869,
2022,41,191880997,
2022,41,190365142,
2022,41,191880811,
2022,41,191880812,
2022,41,190041327,
2022,41,196822954,
2022,41,202431495,
2022,41,191880821,
2022,41,191824593,
2022,41,191880823,
2022,41,191880824,
2022,38,191878798,
2022,42,196168097,
2022,1,191880840,
2022,41,191880841,
2022,41,191880849,
2022,41,191880851,
2022,39,191824594,
2022,21,192781740,
2022,41,191885655,
2022,41,191824595,
2022,41,191885659,
2022,41,191885662,
2022,41,191885663,
2022,41,191885664,
2022,42,194333597,
2022,41,191885665,
2022,41,191885666,
2022,42,191824598,
2022,39,191824599,
2022,41,192781751,
2022,41,191885673,
2022,41,191885674,
2022,39,194333600,
2022,39,191824601,
2022,41,191885676,
2022,41,192781754,
2022,42,194333602,
2022,1,191885679,
2022,41,191885684,
2022,41,191885686,
2022,41,192160883,
2022,41,190714116,
2022,41,191885692,
2022,41,191885694,
2022,38,192160884,
2022,41,191885696,
2022,41,192160887,
2022,41,191880859,
2022,41,201004527,
2022,42,194333611,
2022,41,194333612,
2022,1,191880869,
2022,41,194333619,
2022,41,191880870,
2022,41,191880871,
2022,41,191880872,
2022,1,191880873,
2022,41,191880878,
2022,42,194333623,
2022,41,191880890,
2022,41,194333624,
2022,41,194333625,
2022,41,191880894,
2022,41,194333626,
2022,21,191880896,
2022,21,194333627,
2022,41,191880899,
2022,21,194333628,
2022,38,194333631,
2022,41,191880900,
2022,41,191880903,
2022,41,191880905,
2022,41,194333637,
2022,41,191880906,
2022,41,191880907,
2022,1,191880909,
2022,39,194333638,
2022,42,194333639,
2022,21,194333648,
2022,41,194333650,
2022,41,194333665,
2022,41,191880934,
2022,41,191880940,
2022,41,191880942,
2022,42,194333666,
2022,42,194333670,
2022,41,197549803,
2022,41,192753525,
2022,41,194333676,
2022,39,194333677,
2022,41,194333679,
2022,42,194333680,
2022,41,195110881,
2022,41,192753544,
2022,41,192753545,
2022,39,195110882,
2022,41,192753555,
2022,41,196822979,
2022,21,192753562,
2022,41,192753568,
2022,41,192753570,
2022,41,192753573,
2022,41,196822980,
2022,42,194333710,
2022,41,194333711,
2022,42,198331543,
2022,42,195623890,
2022,41,192753588,
2022,41,192753590,
2022,39,199603962,
2022,41,192753592,
2022,39,196168114,
2022,41,192753597,
2022,41,192753606,
2022,41,192753609,
2022,41,195623904,
2022,39,198983596,
2022,41,202431536,
2022,21,192753615,
2022,41,192753617,
2022,41,185728593,
2022,41,192753621,
2022,41,192753627,
2022,41,192753631,
2022,38,192753634,
2022,41,192753635,
2022,41,192753637,
2022,41,192753641,
2022,41,192753648,
2022,41,192753651,
2022,41,185871924,
2022,21,192753656,
2022,41,189089599,
2022,41,192753663,
2022,42,183892991,
2022,41,188879051,
2022,41,192753687,
2022,38,190745421,
2022,42,194744852,
2022,38,195365678,
2022,41,179994494,
2022,41,188887054,
2022,41,192813677,
2022,41,192753697,
2022,41,179994502,
2022,41,179994505,
2022,38,182644501,
2022,31,192753719,
2022,41,192753721,
2022,41,180075472,
2022,41,192753726,
2022,41,182703174,
2022,41,192753736,
2022,41,192753737,
2022,41,192753738,
2022,41,182644522,
2022,21,192753740,
2022,41,192753748,
2022,41,192753753,
2022,41,192753756,
2022,41,192753760,
2022,41,182644524,
2022,41,182644527,
2022,41,192753766,
2022,41,182644537,
2022,41,192753777,
2022,41,182703176,
2022,41,182698983,
2022,41,192753781,
2022,21,192753785,
2022,41,192753786,
2022,41,192753789,
2022,41,192753790,
2022,41,192753791,
2022,21,182698985,
2022,41,182703185,
2022,41,192753799,
2022,41,182703187,
2022,41,189960192,
2022,41,183666919,
2022,1,199743081,
2022,41,183666924,
2022,41,190041253,
2022,38,192753809,
2022,41,183666925,
2022,41,192753814,
2022,41,183666926,
2022,41,183705606,
2022,41,192753816,
2022,41,192753837,
2022,41,184832744,
2022,41,192753838,
2022,41,184832747,
2022,41,184832758,
2022,41,192753847,
2022,41,184869393,
2022,42,184869394,
2022,41,184869395,
2022,41,185167199,
2022,41,184869397,
2022,3,184942661,
2022,41,192753869,
2022,41,184942667,
2022,21,184942673,
2022,41,192753872,
2022,41,184942699,
2022,41,190248209,
2022,41,192753875,
2022,41,192753881,
2022,41,192753882,
2022,41,184942706,
2022,41,184942708,
2022,1,192753887,
2022,41,184942713,
2022,41,184971587,
2022,41,192753894,
2022,41,192753895,
2022,41,192753897,
2022,41,185126426,
2022,41,192753900,
2022,41,185126433,
2022,41,192753902,
2022,41,192753903,
2022,41,192753905,
2022,41,185126440,
2022,41,185126441,
2022,41,187434037,
2022,38,187434048,
2022,41,192753926,
2022,41,192753928,
2022,41,192753929,
2022,41,187505487,
2022,41,192753931,
2022,41,187505488,
2022,41,190565020,
2022,41,187508794,
2022,41,192753953,
2022,41,187508795,
2022,41,192753956,
2022,41,187980932,
2022,41,187631294,
2022,41,187631295,
2022,41,187631296,
2022,41,187631298,
2022,41,192753967,
2022,41,192753969,
2022,32,187638899,
2022,41,192753971,
2022,41,188027427,
2022,41,190674553,
2022,41,192753979,
2022,41,188027428,
2022,21,192753980,
2022,41,188034853,
2022,41,188034859,
2022,31,188046603,
2022,41,192753994,
2022,41,188046604,
2022,41,199743083,
2022,41,188096116,
2022,41,192753997,
2022,41,188514434,
2022,41,190365176,
2022,41,190417365,
2022,21,192754023,
2022,41,190417370,
2022,41,192754025,
2022,41,192754026,
2022,31,190417372,
2022,41,190417374,
2022,41,192754032,
2022,42,190446622,
2022,21,192754038,
2022,41,190446623,
2022,21,192754040,
2022,21,190446624,
2022,21,190533571,
2022,21,190533572,
2022,41,190449564,
2022,41,192754057,
2022,41,192754058,
2022,41,192754059,
2022,41,192754062,
2022,41,190533576,
2022,41,190533580,
2022,21,190533582,
2022,41,192754068,
2022,38,190539401,
2022,41,190539403,
2022,41,190539404,
2022,41,190539406,
2022,41,192754078,
2022,41,192754079,
2022,42,190539408,
2022,41,190539410,
2022,41,192754083,
2022,41,190539413,
2022,41,192754088,
2022,41,190539415,
2022,41,192754091,
2022,41,190539419,
2022,38,192754092,
2022,41,192754094,
2022,31,190561687,
2022,41,192754095,
2022,41,190561695,
2022,41,194320159,
2022,41,192754108,
2022,41,194320160,
2022,41,194320161,
2022,31,194320162,
2022,41,194320164,
2022,41,192754121,
2022,21,194320166,
2022,41,192754123,
2022,21,194320167,
2022,41,194320169,
2022,41,192754129,
2022,41,194320171,
2022,41,194320177,
2022,41,192754133,
2022,41,192754138,
2022,41,192754139,
2022,41,194320178,
2022,41,194320179,
2022,41,194320182,
2022,41,192754144,
2022,41,194320183,
2022,41,194320185,
2022,21,194320186,
2022,41,192754148,
2022,41,194320193,
2022,21,194320194,
2022,3,194320196,
2022,3,194320197,
2022,41,194320198,
2022,21,194320200,
2022,42,194320202,
2022,41,194320212,
2022,31,194320216,
2022,41,194320224,
2022,41,194320225,
2022,41,194320228,
2022,41,194320234,
2022,41,196784365,
2022,41,194320236,
2022,21,196176367,
2022,41,196176369,
2022,41,196784369,
2022,41,196784377,
2022,41,196809240,
2022,21,196945481,
2022,41,196992686,
2022,41,197015522,
2022,41,197015526,
2022,41,197015527,
2022,41,197015534,
2022,41,197015535,
2022,41,197020299,
2022,21,197020300,
2022,3,183117966,
2022,41,198660326,
2022,38,183117967,
2022,42,187778696,
2022,42,183117970,
2022,41,183117980,
2022,41,184304440,
2022,42,183117990,
2022,41,183117998,
2022,41,183117999,
2022,21,183118001,
2022,21,183118002,
2022,42,183118008,
2022,41,183118014,
2022,21,183118015,
2022,41,183118016,
2022,41,183118027,
2022,42,184304442,
2022,3,184304452,
2022,42,184304456,
2022,42,184304464,
2022,41,184304465,
2022,42,184304474,
2022,3,184304475,
2022,21,184304482,
2022,41,184304485,
2022,3,184304487,
2022,41,186041144,
2022,42,184337196,
2022,41,199537468,
2022,41,184337198,
2022,41,198660337,
2022,21,184337205,
2022,41,184337207,
2022,42,190959519,
2022,41,194324946,
2022,42,186041167,
2022,42,189313871,
2022,41,186041174,
2022,42,186041176,
2022,42,186041194,
2022,41,186041198,
2022,41,186041209,
2022,3,189313873,
2022,41,199537473,
2022,41,198660339,
2022,41,194324954,
2022,41,194324959,
2022,41,194324960,
2022,41,194324965,
2022,41,194324968,
2022,41,196721860,
2022,41,194324974,
2022,41,199537477,
2022,1,194324978,
2022,21,194324979,
2022,41,199537481,
2022,41,186041224,
2022,21,194324983,
2022,31,186041229,
2022,31,186041231,
2022,42,186041241,
2022,42,186041243,
2022,41,194324994,
2022,41,186041245,
2022,41,194324995,
2022,39,187778707,
2022,31,194324996,
2022,41,194324997,
2022,41,194324999,
2022,41,198660348,
2022,41,189313874,
2022,41,198660351,
2022,41,194325013,
2022,41,194325015,
2022,39,187778717,
2022,41,194325018,
2022,42,187778726,
2022,41,194325021,
2022,1,194325022,
2022,41,194325023,
2022,41,194325026,
2022,41,187778731,
2022,42,194325028,
2022,21,194325030,
2022,21,194325031,
2022,21,187778736,
2022,41,194325032,
2022,41,187778738,
2022,41,187778739,
2022,39,187778744,
2022,39,187778750,
2022,41,187778753,
2022,41,187778755,
2022,41,187778759,
2022,41,187778764,
2022,41,187778767,
2022,38,189313882,
2022,38,189313883,
2022,41,199537483,
2022,41,194325037,
2022,41,199537485,
2022,1,194325044,
2022,41,194325049,
2022,41,194325052,
2022,41,194325061,
2022,41,194325062,
2022,41,194325065,
2022,41,194325078,
2022,38,189313885,
2022,21,189313912,
2022,41,194325082,
2022,41,194325085,
2022,41,194325092,
2022,42,194325095,
2022,41,189313914,
2022,41,194325103,
2022,41,189313920,
2022,41,194325108,
2022,21,194325110,
2022,21,189313926,
2022,41,194325113,
2022,41,194325115,
2022,41,199537494,
2022,41,194325127,
2022,41,194325131,
2022,41,194325135,
2022,41,194325136,
2022,41,194325138,
2022,41,194325142,
2022,31,194325143,
2022,41,194325148,
2022,41,194325151,
2022,41,194325154,
2022,41,194325162,
2022,41,194325168,
2022,21,194325170,
2022,41,194325176,
2022,31,194325183,
2022,41,194325195,
2022,42,196721865,
2022,41,198660356,
2022,41,199537511,
2022,41,198660360,
2022,21,190959529,
2022,1,197221756,
2022,41,197221757,
2022,31,199537516,
2022,38,199537516,
2022,41,197221759,
2022,31,198660378,
2022,39,190959547,
2022,1,197221761,
2022,41,197221765,
2022,21,199537517,
2022,31,192781827,
2022,21,192781829,
2022,21,192781830,
2022,39,190959561,
2022,41,198660393,
2022,31,198660395,
2022,41,190959565,
2022,41,198660396,
2022,37,192781838,
2022,41,198660402,
2022,41,195764606,
2022,41,199537520,
2022,41,192781856,
2022,41,199537523,
2022,41,199537526,
2022,41,198660405,
2022,41,199537532,
2022,42,192781876,
2022,41,198109278,
2022,41,198109281,
2022,41,198109282,
2022,31,192781903,
2022,41,198109287,
2022,41,198109289,
2022,41,198109293,
2022,41,192781923,
2022,21,192781931,
2022,38,198109313,
2022,41,195764609,
2022,41,198109315,
2022,42,183382470,
2022,31,198109322,
2022,41,198660407,
2022,41,198660412,
2022,41,198660416,
2022,41,198660417,
2022,41,198109342,
2022,41,184044205,
2022,41,184365518,
2022,41,198109355,
2022,41,198109356,
2022,32,184365523,
2022,41,198109361,
2022,32,184365524,
2022,38,184365527,
2022,41,198109364,
2022,41,184810995,
2022,41,184810997,
2022,41,198109373,
2022,21,184811001,
2022,41,198109375,
2022,41,198109377,
2022,41,184811006,
2022,41,184942717,
2022,41,185126445,
2022,41,185567148,
2022,21,198109384,
2022,41,185631628,
2022,41,198109385,
2022,41,198109392,
2022,41,198422446,
2022,41,198422447,
2022,41,198422448,
2022,41,198422454,
2022,38,198422457,
2022,41,198422460,
2022,41,198422462,
2022,41,198422464,
2022,41,198422466,
2022,41,198422470,
2022,41,199537541,
2022,41,199537550,
2022,41,199537551,
2022,41,199175392,
2022,31,199175396,
2022,42,199175401,
2022,41,199175403,
2022,41,199175407,
2022,41,199175409,
2022,41,199175410,
2022,41,199175411,
2022,41,199175413,
2022,38,187505503,
2022,41,187505505,
2022,41,187505506,
2022,41,191878746,
2022,38,187508797,
2022,21,187647799,
2022,21,194325221,
2022,41,187647799,
2022,41,187647800,
2022,41,189241798,
2022,41,196992607,
2022,41,191957728,
2022,41,192017617,
2022,41,194325222,
2022,41,194325223,
2022,38,196992610,
2022,41,196992612,
2022,41,192813858,
2022,41,192017621,
2022,41,194325224,
2022,38,194325225,
2022,41,194325226,
2022,41,192017623,
2022,41,196992616,
2022,41,192017627,
2022,41,194325227,
2022,41,194325231,
2022,41,194325233,
2022,41,192813860,
2022,31,194325234,
2022,41,194325236,
2022,41,194325237,
2022,41,194325238,
2022,41,192069832,
2022,41,194325239,
2022,41,192069836,
2022,41,196992617,
2022,3,194325243,
2022,41,196992626,
2022,38,196992630,
2022,41,196992631,
2022,41,196992632,
2022,31,196992633,
2022,41,196992634,
2022,21,192150218,
2022,41,197185423,
2022,1,194325245,
2022,38,189241826,
2022,1,192160852,
2022,31,197185426,
2022,41,197185435,
2022,41,199743087,
2022,41,197185437,
2022,41,192425891,
2022,41,197185443,
2022,41,192597504,
2022,41,194325251,
2022,31,194325261,
2022,41,194325271,
2022,41,194325283,
2022,21,194325289,
2022,41,195132220,
2022,41,195150056,
2022,41,195158833,
2022,42,190682363,
2022,41,195218668,
2022,41,195218670,
2022,42,190682370,
2022,41,195218676,
2022,41,195218679,
2022,41,195218680,
2022,42,192597546,
2022,41,195278959,
2022,41,201010618,
2022,41,195218681,
2022,41,195218682,
2022,39,192597548,
2022,3,195634377,
2022,41,195278963,
2022,41,192597552,
2022,42,195634390,
2022,41,195333836,
2022,41,195333837,
2022,41,195333840,
2022,41,195333841,
2022,41,195343170,
2022,41,195343173,
2022,41,195352158,
2022,41,195352160,
2022,41,197185449,
2022,41,199743092,
2022,41,195522639,
2022,41,195522650,
2022,41,195522652,
2022,41,197185453,
2022,38,197185456,
2022,41,197185457,
2022,41,195764503,
2022,41,196412130,
2022,41,197185458,
2022,41,197185472,
2022,41,196176450,
2022,41,196176458,
2022,41,196176459,
2022,41,196176485,
2022,41,196412153,
2022,41,196412159,
2022,41,199743094,
2022,41,201010621,
2022,41,196938428,
2022,41,196938429,
2022,42,196420498,
2022,41,196938447,
2022,41,196938449,
2022,41,196938451,
2022,41,196938452,
2022,41,196938461,
2022,1,194325295,
2022,21,194325302,
2022,41,194325314,
2022,41,194325315,
2022,41,194325318,
2022,41,194325324,
2022,41,194325325,
2022,41,194325334,
2022,41,194325335,
2022,31,194325342,
2022,21,194325351,
2022,21,194325355,
2022,21,194325358,
2022,41,194325360,
2022,41,194325364,
2022,41,194325367,
2022,41,194325368,
2022,38,194325371,
2022,41,194325374,
2022,41,194325375,
2022,41,194325377,
2022,1,194325383,
2022,41,194325384,
2022,21,196420500,
2022,38,196420503,
2022,41,194325405,
2022,41,194325406,
2022,42,196420510,
2022,41,194325409,
2022,41,194325415,
2022,38,198389445,
2022,41,196420514,
2022,41,196420515,
2022,41,184108361,
2022,41,194325429,
2022,41,194325431,
2022,41,194325446,
2022,41,194325447,
2022,41,194325451,
2022,41,194325454,
2022,41,194325458,
2022,31,194325459,
2022,41,194325462,
2022,41,194325463,
2022,41,194325466,
2022,41,184228517,
2022,42,184126937,
2022,41,195964609,
2022,41,188829848,
2022,21,195964614,
2022,41,195964618,
2022,41,195964629,
2022,41,195964630,
2022,41,192184210,
2022,41,195964635,
2022,41,195964641,
2022,41,200106577,
2022,41,199856583,
2022,41,200106578,
2022,21,195345765,
2022,31,200106579,
2022,41,200106579,
2022,41,199856585,
2022,41,199856589,
2022,1,199856590,
2022,41,200106580,
2022,41,200106581,
2022,41,199856591,
2022,41,199856592,
2022,41,189342228,
2022,41,195964650,
2022,41,195964653,
2022,41,195964655,
2022,41,195964657,
2022,41,195964658,
2022,41,195964662,
2022,41,195964663,
2022,42,195964664,
2022,41,195964665,
2022,41,195964668,
2022,41,195279050,
2022,41,195964670,
2022,21,199856595,
2022,41,195279065,
2022,41,199856598,
2022,41,199856604,
2022,41,200106584,
2022,41,199856605,
2022,41,195279071,
2022,41,200106585,
2022,41,199856607,
2022,41,192554712,
2022,41,200106592,
2022,41,200106594,
2022,31,200106597,
2022,41,200106603,
2022,41,200106604,
2022,41,200106611,
2022,39,192554720,
2022,41,183893005,
2022,41,200106621,
2022,41,184353241,
2022,41,200106651,
2022,41,200106653,
2022,41,184353247,
2022,41,200106655,
2022,41,200106659,
2022,41,186880287,
2022,41,186880289,
2022,42,186880294,
2022,41,200106666,
2022,41,189342236,
2022,41,200106670,
2022,41,200121479,
2022,41,200121483,
2022,41,200121490,
2022,41,200106676,
2022,21,200121495,
2022,31,200106683,
2022,42,189342237,
2022,41,189342243,
2022,41,200121500,
2022,41,200121503,
2022,41,189342244,
2022,41,200121505,
2022,41,189342250,
2022,41,200121514,
2022,38,194325474,
2022,42,189342253,
2022,41,190449566,
2022,41,194325485,
2022,41,199851602,
2022,41,199533298,
2022,21,194325488,
2022,41,182794143,
2022,41,194325496,
2022,41,199422361,
2022,41,194325509,
2022,41,199533299,
2022,42,194325518,
2022,31,194325523,
2022,31,199422364,
2022,41,182794144,
2022,41,194325529,
2022,41,182794147,
2022,41,194325530,
2022,42,182794149,
2022,42,182794150,
2022,41,199533302,
2022,41,182794158,
2022,41,194325537,
2022,41,182794160,
2022,41,194325541,
2022,31,182794161,
2022,38,182794161,
2022,41,182794165,
2022,41,199422367,
2022,41,182794166,
2022,41,182794322,
2022,41,182794323,
2022,41,182794325,
2022,41,182794328,
2022,41,182794329,
2022,41,194325557,
2022,41,182879446,
2022,38,182879446,
2022,38,182879449,
2022,41,182879451,
2022,41,182879453,
2022,41,182879454,
2022,41,182879458,
2022,41,194325575,
2022,41,182879459,
2022,32,182904550,
2022,41,199533306,
2022,21,199533308,
2022,41,182904552,
2022,41,197456818,
2022,38,182904552,
2022,41,182904553,
2022,38,185126449,
2022,41,197456819,
2022,41,194325585,
2022,41,185126452,
2022,41,185126453,
2022,41,194325589,
2022,41,185126454,
2022,41,185126455,
2022,38,197145190,
2022,41,194325596,
2022,41,197233816,
2022,41,185143493,
2022,41,185143495,
2022,41,194325604,
2022,41,185202287,
2022,41,194325607,
2022,41,194325608,
2022,41,194325609,
2022,21,185202288,
2022,41,194325611,
2022,31,185202292,
2022,41,185202295,
2022,41,185202296,
2022,41,185202297,
2022,31,185441951,
2022,41,199851605,
2022,41,185441952,
2022,41,185441953,
2022,41,185441955,
2022,41,194325621,
2022,41,194325622,
2022,41,185441957,
2022,41,185441958,
2022,41,185441959,
2022,41,199568988,
2022,41,185479264,
2022,41,185487865,
2022,31,185487866,
2022,32,185487868,
2022,41,185567152,
2022,41,199422370,
2022,41,194325642,
2022,41,194325643,
2022,41,185567157,
2022,41,194325648,
2022,41,185567162,
2022,41,199533316,
2022,41,185776703,
2022,41,194325653,
2022,41,185728663,
2022,41,199533317,
2022,41,185871935,
2022,41,194325658,
2022,41,194325661,
2022,41,199568990,
2022,41,185896020,
2022,41,185896023,
2022,41,185896026,
2022,41,185920100,
2022,41,194325675,
2022,41,186067336,
2022,41,188887083,
2022,41,199851615,
2022,41,194325697,
2022,41,194325700,
2022,31,194325703,
2022,41,194325715,
2022,41,199533323,
2022,41,194325717,
2022,41,194325718,
2022,41,194325721,
2022,41,194325723,
2022,41,199533324,
2022,41,194325730,
2022,41,194325733,
2022,41,194325745,
2022,41,199568996,
2022,41,194715440,
2022,41,194715442,
2022,41,194715444,
2022,31,194715445,
2022,41,199851617,
2022,41,194756513,
2022,41,194756521,
2022,41,199569007,
2022,41,194756524,
2022,41,199851618,
2022,41,188887084,
2022,41,188887087,
2022,41,188887088,
2022,41,197769382,
2022,41,188887090,
2022,41,199743130,
2022,41,199569010,
2022,21,199851622,
2022,41,199851623,
2022,41,197769529,
2022,41,199851624,
2022,41,197962929,
2022,41,197962933,
2022,41,197962938,
2022,41,198109403,
2022,41,198109421,
2022,41,199851625,
2022,41,198331294,
2022,41,198331296,
2022,41,198331298,
2022,41,198331301,
2022,41,199569017,
2022,41,199569018,
2022,41,198419086,
2022,41,198419088,
2022,41,188895706,
2022,41,188895707,
2022,41,188895708,
2022,41,188906762,
2022,41,188906765,
2022,41,198419089,
2022,42,188906768,
2022,41,188977958,
2022,41,189089695,
2022,41,189089697,
2022,21,196182278,
2022,21,196182279,
2022,41,189089699,
2022,41,190365182,
2022,41,190403967,
2022,38,190426281,
2022,41,195881465,
2022,41,190426290,
2022,42,190426293,
2022,41,190426301,
2022,41,190446630,
2022,41,190446638,
2022,41,190446642,
2022,41,190446646,
2022,41,195971413,
2022,41,198419090,
2022,41,198419092,
2022,41,198419096,
2022,41,198419104,
2022,41,198419105,
2022,41,198419107,
2022,41,198422493,
2022,41,199569027,
2022,41,199569029,
2022,41,199743141,
2022,41,199148091,
2022,41,199148092,
2022,38,199148092,
2022,41,199175425,
2022,41,199148102,
2022,41,199148103,
2022,21,199175426,
2022,41,199148115,
2022,41,199569040,
2022,38,199148120,
2022,31,199569043,
2022,42,199306903,
2022,41,199148123,
2022,41,196152542,
2022,31,190533583,
2022,41,199175442,
2022,41,190533587,
2022,41,190767923,
2022,41,199306908,
2022,41,199175445,
2022,41,190767924,
2022,41,190767929,
2022,41,196152556,
2022,41,190859939,
2022,3,190864135,
2022,41,190864135,
2022,3,190864136,
2022,41,190864137,
2022,41,191824607,
2022,42,191824609,
2022,41,192326734,
2022,41,192326735,
2022,41,192326737,
2022,41,192326738,
2022,41,196152564,
2022,42,196152568,
2022,41,194315101,
2022,41,194315102,
2022,42,194315103,
2022,42,194756572,
2022,41,194756574,
2022,41,194756577,
2022,21,194756579,
2022,41,194756586,
2022,21,194756590,
2022,41,195971422,
2022,41,199569045,
2022,41,199175447,
2022,42,199175456,
2022,41,199175466,
2022,41,199175468,
2022,41,199175469,
2022,41,199175470,
2022,41,199306910,
2022,41,195971427,
2022,41,199306911,
2022,41,183044697,
2022,41,183044699,
2022,42,183118084,
2022,41,183118095,
2022,42,183118096,
2022,42,183118145,
2022,3,183118146,
2022,3,183118147,
2022,38,183118171,
2022,38,183118172,
2022,38,183118173,
2022,42,183153059,
2022,42,183153074,
2022,42,183153083,
2022,41,199569052,
2022,21,183153086,
2022,41,183153096,
2022,41,183153099,
2022,41,183153104,
2022,41,199306921,
2022,42,184044210,
2022,42,199306923,
2022,41,199422373,
2022,42,183153129,
2022,41,199306932,
2022,41,199569055,
2022,41,199306934,
2022,41,201590615,
2022,41,199596881,
2022,42,183382689,
2022,41,201590618,
2022,41,199596885,
2022,42,199596886,
2022,41,184044213,
2022,41,183382721,
2022,41,199596905,
2022,38,199596909,
2022,41,199596913,
2022,41,199596917,
2022,41,199596920,
2022,21,199671908,
2022,42,183382756,
2022,41,199671914,
2022,41,199671916,
2022,41,199743147,
2022,41,199671927,
2022,42,183382758,
2022,41,183382761,
2022,41,199671941,
2022,41,183382792,
2022,41,199671949,
2022,41,199671954,
2022,42,199671955,
2022,41,199671957,
2022,41,201251311,
2022,41,183382802,
2022,42,183382825,
2022,42,183382827,
2022,42,183382829,
2022,38,183382839,
2022,42,183382848,
2022,42,183382849,
2022,38,183382859,
2022,42,183382867,
2022,42,184044223,
2022,42,183382883,
2022,41,183382885,
2022,41,183382889,
2022,41,183382891,
2022,42,183382894,
2022,3,183382925,
2022,41,183382939,
2022,41,201002058,
2022,42,183382950,
2022,41,201251314,
2022,42,183382959,
2022,41,201251318,
2022,41,201251319,
2022,41,201251320,
2022,41,201251321,
2022,38,184044226,
2022,41,183382983,
2022,41,199776522,
2022,38,199776527,
2022,41,199776535,
2022,41,183383001,
2022,41,199776538,
2022,41,201251324,
2022,41,199776539,
2022,31,183383008,
2022,21,199856619,
2022,41,199856620,
2022,41,183450748,
2022,41,183450757,
2022,41,199856636,
2022,41,183450773,
2022,38,199856639,
2022,41,199856640,
2022,41,199856642,
2022,41,199856647,
2022,42,183450787,
2022,41,199925234,
2022,42,183450795,
2022,41,199925244,
2022,41,199925245,
2022,41,199925247,
2022,41,183450806,
2022,41,199955271,
2022,42,183450811,
2022,42,183450813,
2022,41,199955281,
2022,38,183450817,
2022,38,199955286,
2022,42,183450822,
2022,41,199955291,
2022,21,187741287,
2022,42,183450825,
2022,3,199955295,
2022,42,183450831,
2022,41,201330994,
2022,41,199955297,
2022,38,199955298,
2022,41,183450833,
2022,41,199955300,
2022,42,183450836,
2022,41,199955302,
2022,42,183450839,
2022,41,199955307,
2022,38,183450847,
2022,38,183450852,
2022,38,199955317,
2022,42,183450855,
2022,41,199955319,
2022,41,199955320,
2022,41,184044236,
2022,42,184044237,
2022,41,199955325,
2022,41,199955329,
2022,42,184044249,
2022,41,200042753,
2022,41,200042758,
2022,41,200042765,
2022,41,184044257,
2022,41,200042773,
2022,42,184044264,
2022,41,200042774,
2022,41,200042775,
2022,41,200042776,
2022,41,184044268,
2022,41,184044273,
2022,41,200176578,
2022,41,200176582,
2022,42,184044277,
2022,41,184044289,
2022,41,200176586,
2022,41,200176587,
2022,41,200176589,
2022,42,184072827,
2022,41,200176592,
2022,41,200176594,
2022,41,200176595,
2022,41,200176596,
2022,41,200194496,
2022,41,184072837,
2022,42,184072839,
2022,42,184072843,
2022,41,184072844,
2022,42,184072848,
2022,41,184072859,
2022,21,184072862,
2022,41,184072873,
2022,42,184072883,
2022,42,184072886,
2022,41,184072899,
2022,42,184072904,
2022,42,186207520,
2022,42,184072917,
2022,41,184072921,
2022,41,184075818,
2022,42,184075833,
2022,42,184075843,
2022,41,200194500,
2022,41,186207528,
2022,41,200194515,
2022,38,200186929,
2022,38,200186931,
2022,41,200194533,
2022,42,184392530,
2022,41,200194539,
2022,41,200194540,
2022,42,187741301,
2022,42,184392551,
2022,42,184392553,
2022,41,184392556,
2022,21,184392558,
2022,41,184392568,
2022,42,186207531,
2022,41,186207532,
2022,38,186207533,
2022,38,186207534,
2022,42,184392590,
2022,41,184392592,
2022,42,195764615,
2022,41,184392598,
2022,41,186207540,
2022,42,186207544,
2022,41,186207554,
2022,42,186207565,
2022,41,186207568,
2022,3,186207573,
2022,21,187741326,
2022,38,187741349,
2022,41,187741358,
2022,38,187741362,
2022,41,187741401,
2022,41,200194541,
2022,41,200194542,
2022,41,200194549,
2022,41,200194554,
2022,41,187801133,
2022,41,200620252,
2022,41,200620267,
2022,41,200620268,
2022,41,200620274,
2022,42,187801145,
2022,31,200042789,
2022,3,187801154,
2022,42,187801162,
2022,42,195132303,
2022,41,201331000,
2022,41,201064418,
2022,41,187801168,
2022,42,187801197,
2022,41,201251339,
2022,42,187801236,
2022,41,201064422,
2022,41,201331007,
2022,41,201331008,
2022,41,201002071,
2022,41,201064426,
2022,41,201331011,
2022,41,201251347,
2022,21,187801239,
2022,38,201331016,
2022,41,187801240,
2022,38,187801246,
2022,41,187801247,
2022,41,201251352,
2022,42,191824650,
2022,41,201331019,
2022,41,201064435,
2022,41,201331020,
2022,31,191824653,
2022,41,191824654,
2022,42,187801262,
2022,41,187801272,
2022,41,201251355,
2022,42,187801281,
2022,41,201251356,
2022,41,201331024,
2022,31,187801296,
2022,41,201331026,
2022,41,201331029,
2022,38,191824674,
2022,41,201331034,
2022,38,191824675,
2022,42,191824688,
2022,41,191824689,
2022,41,191824696,
2022,42,191824697,
2022,42,191824703,
2022,42,191824715,
2022,41,191824732,
2022,42,191824733,
2022,41,191824739,
2022,41,191824751,
2022,3,191824761,
2022,41,191824768,
2022,41,191824773,
2022,41,191824793,
2022,3,191824797,
2022,42,191824811,
2022,38,191824838,
2022,38,191824839,
2022,38,191824844,
2022,42,191824845,
2022,41,191824858,
2022,41,191824860,
2022,41,191824868,
2022,42,191824880,
2022,41,191824881,
2022,42,191824882,
2022,42,191831720,
2022,41,191831721,
2022,41,201331036,
2022,41,191831723,
2022,42,191831734,
2022,41,201506171,
2022,32,191831737,
2022,32,191831738,
2022,42,191831751,
2022,38,201331038,
2022,41,201506174,
2022,41,201373927,
2022,41,191831783,
2022,21,201331041,
2022,41,202061194,
2022,41,202150678,
2022,41,201331042,
2022,41,202159980,
2022,41,202150679,
2022,1,196398939,
2022,41,201866008,
2022,41,191831789,
2022,41,191831798,
2022,41,201373932,
2022,42,191831803,
2022,41,191831807,
2022,41,191831811,
2022,42,191831819,
2022,41,195132313,
2022,21,191831823,
2022,21,191831824,
2022,42,191831827,
2022,41,191831828,
2022,41,191831829,
2022,42,191831833,
2022,41,191831835,
2022,42,195132314,
2022,42,191831845,
2022,42,191831853,
2022,41,191831855,
2022,42,191831857,
2022,41,191831864,
2022,38,191831880,
2022,42,191831892,
2022,42,191831904,
2022,41,191846018,
2022,41,191846020,
2022,42,191846029,
2022,41,191846031,
2022,42,191846041,
2022,41,201373937,
2022,21,201331046,
2022,38,201331046,
2022,42,191846063,
2022,41,201373941,
2022,41,202150687,
2022,31,202150689,
2022,41,202150692,
2022,41,191846064,
2022,41,191846071,
2022,41,191846074,
2022,41,191846098,
2022,42,191846115,
2022,38,191846124,
2022,42,191846127,
2022,41,191846133,
2022,42,191846139,
2022,21,191846142,
2022,42,191846144,
2022,41,191846152,
2022,42,195132352,
2022,42,195132363,
2022,41,195132370,
2022,41,195132371,
2022,42,195132375,
2022,41,201373949,
2022,21,195132377,
2022,42,195132392,
2022,41,195132400,
2022,41,195132410,
2022,31,195132416,
2022,42,195132422,
2022,41,202987153,
2022,42,195132465,
2022,41,181455877,
2022,41,181455881,
2022,3,181455882,
2022,3,181455884,
2022,39,181455886,
2022,21,181455888,
2022,41,181455890,
2022,41,181455895,
2022,41,181455896,
2022,42,195132470,
2022,41,181455904,
2022,41,181455905,
2022,41,195132487,
2022,41,181455913,
2022,41,181455918,
2022,41,181528243,
2022,21,181577120,
2022,41,181577122,
2022,41,181577124,
2022,38,195132502,
2022,41,181577125,
2022,41,181577126,
2022,41,181626937,
2022,21,181626939,
2022,41,181626941,
2022,41,195132503,
2022,41,181626942,
2022,41,200066755,
2022,21,182651551,
2022,38,195132506,
2022,41,181757825,
2022,41,181757826,
2022,38,181757827,
2022,38,195132507,
2022,41,200066758,
2022,41,181757829,
2022,42,195132515,
2022,41,181757832,
2022,42,195132517,
2022,3,195132528,
2022,41,182651557,
2022,41,182651560,
2022,42,200066760,
2022,41,182651568,
2022,42,198373930,
2022,41,195132549,
2022,41,182651577,
2022,41,182651579,
2022,41,182651580,
2022,41,182651581,
2022,21,182651585,
2022,21,195132550,
2022,38,195132550,
2022,41,195764628,
2022,41,201647535,
2022,41,182651590,
2022,41,182651593,
2022,41,194331279,
2022,42,201647548,
2022,21,182651598,
2022,41,182651602,
2022,41,182651605,
2022,41,182651606,
2022,41,201647572,
2022,41,182651608,
2022,41,182651609,
2022,21,182651610,
2022,41,182651611,
2022,41,182651613,
2022,32,182651614,
2022,41,182651615,
2022,21,182651617,
2022,41,182651620,
2022,41,182651622,
2022,41,182651625,
2022,41,182651628,
2022,42,201647582,
2022,41,182651629,
2022,41,182651630,
2022,41,182651631,
2022,38,182651633,
2022,41,182651634,
2022,41,182651635,
2022,42,201647601,
2022,41,182651637,
2022,41,182651639,
2022,41,182651641,
2022,41,182651643,
2022,41,182651645,
2022,42,201647613,
2022,41,182651649,
2022,41,182651651,
2022,41,182651652,
2022,41,182651654,
2022,41,182651658,
2022,41,201647624,
2022,41,182651660,
2022,21,201647631,
2022,3,182651671,
2022,41,182651674,
2022,38,182651675,
2022,41,182651676,
2022,42,201647640,
2022,21,182651677,
2022,38,182651684,
2022,41,201647642,
2022,21,182651685,
2022,41,182651686,
2022,21,201647646,
2022,42,201647650,
2022,42,201647661,
2022,41,182651697,
2022,41,182651698,
2022,41,182651700,
2022,41,182651703,
2022,41,178199871,
2022,41,182651710,
2022,41,182651716,
2022,41,182651717,
2022,41,182651722,
2022,3,182651723,
2022,41,182651732,
2022,41,182651735,
2022,41,182651742,
2022,38,182651744,
2022,38,182651747,
2022,41,182651748,
2022,41,182651757,
2022,41,182651759,
2022,41,182651763,
2022,41,182651765,
2022,41,178199909,
2022,41,182651770,
2022,41,182651771,
2022,41,182651772,
2022,41,182651773,
2022,41,182651777,
2022,41,182651778,
2022,3,182651779,
2022,41,182647059,
2022,41,182651781,
2022,41,182651782,
2022,41,182651785,
2022,41,182651787,
2022,42,182647060,
2022,31,182647062,
2022,41,184483917,
2022,41,182651796,
2022,42,184483919,
2022,41,184483935,
2022,41,184483954,
2022,41,182699078,
2022,41,182932293,
2022,41,185169413,
2022,21,183044655,
2022,42,185169414,
2022,41,185169426,
2022,41,183044658,
2022,41,183044659,
2022,41,183044660,
2022,41,183044663,
2022,38,183073832,
2022,41,185169428,
2022,42,185169432,
2022,41,183044664,
2022,41,185433085,
2022,41,183073836,
2022,41,183209994,
2022,41,183209995,
2022,41,185433087,
2022,38,185433088,
2022,41,185433089,
2022,42,185433090,
2022,41,185433094,
2022,41,183667226,
2022,3,183450723,
2022,42,185433096,
2022,41,185433102,
2022,38,187037844,
2022,41,183896259,
2022,41,183896260,
2022,41,183898091,
2022,41,187037858,
2022,41,183898093,
2022,41,183898094,
2022,21,183898095,
2022,41,183898096,
2022,42,187037880,
2022,41,183920744,
2022,41,183920746,
2022,42,187037882,
2022,41,187037884,
2022,42,187037898,
2022,3,183992546,
2022,42,197549809,
2022,41,184241390,
2022,41,184241391,
2022,41,184241395,
2022,41,190533599,
2022,41,184241397,
2022,41,184244049,
2022,41,190533600,
2022,21,203221000,
2022,41,184625100,
2022,41,190533605,
2022,41,184625102,
2022,41,184810918,
2022,41,184810920,
2022,42,190533606,
2022,41,184810923,
2022,42,190533607,
2022,41,184810925,
2022,41,190533613,
2022,41,184810927,
2022,41,190533614,
2022,38,190533626,
2022,41,184942299,
2022,41,184942302,
2022,3,184942308,
2022,41,190533627,
2022,41,184942318,
2022,41,190533631,
2022,42,191054009,
2022,41,185126369,
2022,21,185126370,
2022,38,185126374,
2022,21,191054011,
2022,41,185126375,
2022,21,191054014,
2022,41,185126376,
2022,41,185126377,
2022,42,191054024,
2022,41,185200574,
2022,41,185202252,
2022,41,192409783,
2022,41,185202258,
2022,21,185202262,
2022,41,185202263,
2022,38,185372208,
2022,42,192409792,
2022,31,185429803,
2022,41,185429807,
2022,41,185429808,
2022,42,192409794,
2022,41,185429811,
2022,31,185429813,
2022,41,192409815,
2022,41,185429814,
2022,41,185429815,
2022,41,185487741,
2022,41,185487742,
2022,3,185487750,
2022,42,195446953,
2022,41,195446954,
2022,41,195446962,
2022,41,185441892,
2022,41,197549810,
2022,38,195446964,
2022,42,195446974,
2022,41,185441900,
2022,41,185895545,
2022,42,195447005,
2022,41,186041041,
2022,41,186041043,
2022,41,186041045,
2022,41,186041047,
2022,42,186041049,
2022,41,186041055,
2022,21,186041063,
2022,21,186119418,
2022,41,186119425,
2022,41,188027391,
2022,41,186119426,
2022,42,201004548,
2022,3,186139998,
2022,41,186119435,
2022,41,186140002,
2022,41,201004561,
2022,3,186140004,
2022,38,186207484,
2022,31,188034744,
2022,42,201004562,
2022,42,201004563,
2022,41,186678990,
2022,42,201004570,
2022,41,186678996,
2022,42,178780734,
2022,41,187311022,
2022,41,187311028,
2022,41,187311033,
2022,41,187377913,
2022,41,187388409,
2022,41,187417935,
2022,41,182654212,
2022,41,187417938,
2022,38,187417944,
2022,41,187433949,
2022,41,187433957,
2022,41,187433963,
2022,41,187638880,
2022,41,187645141,
2022,39,187741131,
2022,41,187741132,
2022,41,184126945,
2022,41,187741137,
2022,41,187741143,
2022,41,188034745,
2022,21,188096107,
2022,41,188096111,
2022,41,188096112,
2022,41,188096113,
2022,41,188796359,
2022,41,188796361,
2022,41,188796362,
2022,41,188796363,
2022,41,187631306,
2022,41,188796364,
2022,41,188796368,
2022,41,188796369,
2022,21,188129225,
2022,21,188129227,
2022,41,188129233,
2022,41,188129234,
2022,41,188129235,
2022,41,188514412,
2022,41,188796372,
2022,41,188796373,
2022,41,189266382,
2022,41,188796375,
2022,41,188796377,
2022,41,188887063,
2022,41,189001810,
2022,41,189111711,
2022,41,189155162,
2022,41,189234364,
2022,41,189842968,
2022,3,189842969,
2022,41,191012851,
2022,41,194331282,
2022,41,194331283,
2022,41,189962654,
2022,41,189962655,
2022,38,189962659,
2022,41,190989548,
2022,21,190989550,
2022,21,191848867,
2022,21,194331292,
2022,41,194331296,
2022,41,194331299,
2022,41,194331305,
2022,41,194331307,
2022,21,194331310,
2022,41,194331311,
2022,21,194331312,
2022,41,199076029,
2022,41,199076034,
2022,41,199175480,
2022,1,199175482,
2022,41,199175483,
2022,41,199175486,
2022,41,199240077,
2022,41,199240078,
2022,41,199240082,
2022,41,199240086,
2022,3,189342265,
2022,41,199306936,
2022,41,199306938,
2022,41,199306939,
2022,21,194331318,
2022,41,199476980,
2022,41,199476981,
2022,41,190714164,
2022,41,199476984,
2022,41,199743153,
2022,42,194334081,
2022,41,194334082,
2022,31,194334085,
2022,41,195447006,
2022,41,189810842,
2022,41,189810845,
2022,41,189810846,
2022,41,191054044,
2022,41,190733165,
2022,41,191080304,
2022,41,191080305,
2022,41,194317344,
2022,41,194742962,
2022,41,194742973,
2022,41,195373361,
2022,41,195373365,
2022,41,199847362,
2022,41,195373367,
2022,41,195373377,
2022,41,179672139,
2022,41,179672141,
2022,41,179672142,
2022,41,182643888,
2022,41,182643891,
2022,41,182643892,
2022,41,182643898,
2022,41,183693280,
2022,41,185487869,
2022,41,185487870,
2022,41,185487871,
2022,41,185487876,
2022,41,187013191,
2022,38,187355911,
2022,41,187355912,
2022,41,187508800,
2022,41,187510320,
2022,41,187510321,
2022,41,188667279,
2022,41,177518519,
2022,42,180883455,
2022,41,180883456,
2022,41,180883458,
2022,41,182643903,
2022,42,183893025,
2022,41,183893026,
2022,41,183893027,
2022,41,185429866,
2022,41,189277557,
2022,41,190959568,
2022,41,195943753,
2022,41,199847363,
2022,41,199776544,
2022,41,199847364,
2022,38,177518520,
2022,41,199743154,
2022,41,199476985,
2022,41,199743158,
2022,41,199476986,
2022,41,199476987,
2022,41,199476989,
2022,41,199476990,
2022,41,199175489,
2022,41,180253736,
2022,41,194331327,
2022,41,194331328,
2022,41,194331330,
2022,41,194331332,
2022,41,194331333,
2022,41,194331335,
2022,41,194331337,
2022,41,180253737,
2022,3,194331339,
2022,41,180253740,
2022,41,194331342,
2022,21,194331343,
2022,21,194331345,
2022,38,194331350,
2022,41,194331352,
2022,42,194331353,
2022,41,194331354,
2022,41,194331356,
2022,41,194331359,
2022,41,194331360,
2022,41,194331364,
2022,21,194331367,
2022,41,203200721,
2022,41,194331369,
2022,41,194331372,
2022,41,194331374,
2022,41,194610770,
2022,41,195129519,
2022,41,194744846,
2022,41,194744847,
2022,21,195522656,
2022,41,194744850,
2022,41,195129520,
2022,41,195129521,
2022,31,195129525,
2022,41,195233774,
2022,41,195233779,
2022,41,196142528,
2022,39,196487345,
2022,41,196487347,
2022,41,196487348,
2022,41,196491431,
2022,41,181736664,
2022,41,181736666,
2022,41,181736677,
2022,41,183664479,
2022,41,183664486,
2022,41,183664488,
2022,41,183664493,
2022,41,184337109,
2022,41,184337121,
2022,3,178187978,
2022,41,184337123,
2022,41,184337130,
2022,41,187778817,
2022,41,184353364,
2022,41,175892870,
2022,41,175892871,
2022,41,189313948,
2022,41,189313952,
2022,41,175996549,
2022,3,176317962,
2022,41,189313955,
2022,41,189313958,
2022,41,189313961,
2022,41,176542193,
2022,21,176608022,
2022,41,176608024,
2022,41,176665604,
2022,41,181477671,
2022,41,177182947,
2022,41,194319714,
2022,21,177182950,
2022,41,177325078,
2022,41,194319721,
2022,41,185143444,
2022,41,195157918,
2022,21,177518498,
2022,41,195158881,
2022,41,178053405,
2022,3,180339143,
2022,3,180339144,
2022,31,178053409,
2022,41,188013679,
2022,41,185143446,
2022,41,185143448,
2022,42,180883394,
2022,42,180883395,
2022,41,178490292,
2022,41,178780575,
2022,41,188013686,
2022,42,178780576,
2022,41,188013687,
2022,41,188013703,
2022,41,185143449,
2022,41,178957179,
2022,41,188013711,
2022,41,178957182,
2022,41,185143450,
2022,41,179095765,
2022,41,188013714,
2022,41,185143451,
2022,41,190692031,
2022,41,191015683,
2022,41,185143453,
2022,41,191111858,
2022,41,179378869,
2022,41,197145197,
2022,41,179544334,
2022,41,179378874,
2022,41,197233820,
2022,41,197145202,
2022,41,179534861,
2022,1,197145206,
2022,41,197145208,
2022,41,197145210,
2022,41,197233824,
2022,41,179625798,
2022,41,197233829,
2022,41,197233832,
2022,41,179994314,
2022,41,197233839,
2022,41,179994315,
2022,41,197233845,
2022,31,197233850,
2022,41,197233860,
2022,41,180128337,
2022,21,198433577,
2022,21,198433583,
2022,41,198433586,
2022,41,198433588,
2022,41,198488933,
2022,41,198488942,
2022,41,198488949,
2022,41,199555994,
2022,38,199555997,
2022,41,199555998,
2022,41,199555999,
2022,41,199556004,
2022,41,199561740,
2022,41,180383023,
2022,31,199561741,
2022,41,199561745,
2022,41,199561747,
2022,21,199561751,
2022,41,199561754,
2022,41,199561755,
2022,31,180339151,
2022,41,199790892,
2022,31,180339152,
2022,41,199790897,
2022,41,199856447,
2022,21,180883399,
2022,21,180883400,
2022,41,181293482,
2022,41,181293483,
2022,41,199856448,
2022,41,199856449,
2022,41,199856450,
2022,41,199856452,
2022,41,199856453,
2022,41,199856455,
2022,41,199856456,
2022,41,199856457,
2022,41,199948926,
2022,21,181315794,
2022,41,199948928,
2022,41,199948931,
2022,31,181653199,
2022,31,199948934,
2022,41,199948938,
2022,21,199948941,
2022,41,199972463,
2022,41,181653200,
2022,31,181442357,
2022,41,199972464,
2022,41,199972465,
2022,41,199972467,
2022,41,199972468,
2022,39,199972469,
2022,41,181453425,
2022,21,199972470,
2022,21,181453426,
2022,41,199972477,
2022,41,199972479,
2022,41,181477674,
2022,41,199976347,
2022,41,181477678,
2022,41,181477679,
2022,41,181477682,
2022,41,200158251,
2022,41,200159979,
2022,41,200159980,
2022,41,199976348,
2022,41,199976349,
2022,41,185143454,
2022,41,181736632,
2022,21,181736650,
2022,41,185143456,
2022,41,185143457,
2022,21,182654091,
2022,21,182654092,
2022,41,182654094,
2022,41,182654095,
2022,41,182654100,
2022,41,182654102,
2022,41,182654109,
2022,41,182654113,
2022,41,185143458,
2022,41,182654132,
2022,41,185143459,
2022,41,185143461,
2022,41,182654150,
2022,41,182654153,
2022,41,200158252,
2022,41,182654158,
2022,41,200159982,
2022,41,182654161,
2022,31,199976350,
2022,41,199976350,
2022,41,200531219,
2022,41,200531226,
2022,38,184228479,
2022,41,182764754,
2022,41,200620324,
2022,41,200620328,
2022,41,182857875,
2022,41,200627952,
2022,3,182993492,
2022,41,182857882,
2022,41,182912460,
2022,41,182993494,
2022,3,182993496,
2022,41,183153274,
2022,41,183361603,
2022,41,183410074,
2022,41,183693263,
2022,21,183705488,
2022,41,183705489,
2022,41,183705490,
2022,41,185143464,
2022,42,183954103,
2022,42,183954105,
2022,41,185143466,
2022,41,184126899,
2022,41,184148039,
2022,9,184228483,
2022,41,184228484,
2022,21,184241399,
2022,41,185143467,
2022,41,184365806,
2022,41,184810939,
2022,41,185143468,
2022,41,185167179,
2022,41,185283537,
2022,21,185283538,
2022,21,201279345,
2022,41,201590680,
2022,41,201590681,
2022,42,187623571,
2022,41,202658747,
2022,41,202660934,
2022,41,185871931,
2022,21,202660937,
2022,38,202660937,
2022,41,202660938,
2022,41,202985215,
2022,41,202985219,
2022,41,202985223,
2022,41,203213029,
2022,42,185567097,
2022,41,185631403,
2022,41,185631405,
2022,41,185631407,
2022,41,185631408,
2022,41,186165377,
2022,21,185895572,
2022,21,185895573,
2022,3,189768607,
2022,42,186377682,
2022,41,187505440,
2022,41,186856367,
2022,41,187352268,
2022,41,203213040,
2022,1,188511436,
2022,41,187352270,
2022,41,187352273,
2022,41,187355812,
2022,41,180339179,
2022,21,190230557,
2022,41,187377917,
2022,41,187388416,
2022,3,187631251,
2022,3,187631252,
2022,41,187631255,
2022,41,187715056,
2022,41,187715059,
2022,41,188007148,
2022,41,188800564,
2022,41,188823588,
2022,3,188823594,
2022,41,188879056,
2022,41,188895637,
2022,41,180339187,
2022,42,182644482,
2022,41,182644494,
2022,42,183954176,
2022,41,185283715,
2022,42,190426345,
2022,41,190426354,
2022,41,190426375,
2022,42,196176336,
2022,41,196176340,
2022,41,194320036,
2022,41,188895638,
2022,41,188895640,
2022,41,194320052,
2022,41,188895642,
2022,41,181459970,
2022,3,189185616,
2022,3,189185618,
2022,41,189277517,
2022,21,189277525,
2022,21,189277527,
2022,3,189277528,
2022,41,194333937,
2022,32,197006580,
2022,41,189823450,
2022,41,190118739,
2022,41,190118741,
2022,41,190118742,
2022,41,190623832,
2022,41,190230559,
2022,41,190230561,
2022,38,190365070,
2022,38,190403922,
2022,38,182857414,
2022,21,190403923,
2022,41,184126949,
2022,21,190403924,
2022,1,190403929,
2022,21,184082025,
2022,41,184241445,
2022,41,190674568,
2022,41,191805230,
2022,31,190674570,
2022,42,191824887,
2022,41,190692000,
2022,41,185896032,
2022,41,190692002,
2022,42,185896038,
2022,41,191805233,
2022,3,190714136,
2022,3,195373299,
2022,41,191805234,
2022,41,190714137,
2022,41,192554739,
2022,9,190714139,
2022,41,190771466,
2022,41,190771471,
2022,41,194322339,
2022,41,194322342,
2022,41,190864105,
2022,41,194322346,
2022,41,190959463,
2022,41,194322350,
2022,41,191027369,
2022,38,191027370,
2022,41,194322354,
2022,41,191265558,
2022,3,191265559,
2022,41,190577795,
2022,41,191649765,
2022,21,191649766,
2022,41,191791419,
2022,42,191133598,
2022,41,192554526,
2022,21,191133601,
2022,41,191791421,
2022,41,191824564,
2022,38,191878750,
2022,41,191127036,
2022,41,191133602,
2022,42,191881009,
2022,41,191878755,
2022,38,192409818,
2022,21,192059276,
2022,21,192059277,
2022,41,194322357,
2022,41,194322362,
2022,41,192085765,
2022,41,194322365,
2022,41,194322371,
2022,41,195158884,
2022,41,192198374,
2022,42,195158887,
2022,42,192326670,
2022,41,195158888,
2022,41,192409724,
2022,41,195158889,
2022,41,179186132,
2022,21,192409730,
2022,21,192409731,
2022,41,192409733,
2022,21,192458092,
2022,41,192458097,
2022,41,194333949,
2022,9,194333962,
2022,21,194333964,
2022,41,179186133,
2022,41,179186140,
2022,41,181366796,
2022,41,194333980,
2022,41,181366801,
2022,38,194333984,
2022,38,194333985,
2022,21,194333987,
2022,9,181366812,
2022,41,194333995,
2022,9,181366813,
2022,41,183214526,
2022,41,194334002,
2022,31,194334006,
2022,31,194334007,
2022,41,183214546,
2022,41,184232198,
2022,41,184232212,
2022,3,195110793,
2022,41,194756529,
2022,21,194334037,
2022,41,184232215,
2022,41,185728678,
2022,3,194334047,
2022,41,194334050,
2022,41,194334055,
2022,41,194334057,
2022,41,194334063,
2022,41,185728679,
2022,41,185728683,
2022,41,194334066,
2022,41,185728685,
2022,41,185728688,
2022,42,187122073,
2022,41,195370718,
2022,38,195157892,
2022,41,187122074,
2022,41,187434076,
2022,41,195350803,
2022,41,195373301,
2022,3,187741410,
2022,41,187741410,
2022,41,188879118,
2022,41,188879123,
2022,21,188879128,
2022,41,188879129,
2022,41,188879136,
2022,41,188879141,
2022,41,189342266,
2022,41,190565064,
2022,41,190565077,
2022,41,190623849,
2022,41,190678206,
2022,41,190859905,
2022,41,190678207,
2022,41,191265562,
2022,41,190678212,
2022,41,191265563,
2022,3,192554746,
2022,41,191655081,
2022,3,191655084,
2022,41,191881022,
2022,21,191655085,
2022,41,191658996,
2022,41,191881026,
2022,32,191848869,
2022,41,192196043,
2022,21,192409835,
2022,38,192409737,
2022,41,192409738,
2022,21,192493670,
2022,41,192425937,
2022,38,192493608,
2022,41,192493609,
2022,41,192493610,
2022,41,192425940,
2022,41,194323896,
2022,41,194323907,
2022,41,192554534,
2022,41,194323910,
2022,3,194323928,
2022,41,192754189,
2022,41,192781539,
2022,42,194323929,
2022,41,194323949,
2022,41,192813875,
2022,41,194337803,
2022,41,194323952,
2022,41,195764645,
2022,41,194337819,
2022,37,194337829,
2022,32,195764646,
2022,41,182647527,
2022,41,194337836,
2022,41,194337848,
2022,41,194337851,
2022,41,194337854,
2022,41,194337863,
2022,41,194337868,
2022,41,194337871,
2022,41,194337904,
2022,41,194337911,
2022,41,194337929,
2022,41,194337930,
2022,41,194337935,
2022,41,194337938,
2022,41,194337943,
2022,41,185783854,
2022,41,194337948,
2022,42,197769845,
2022,41,194337952,
2022,41,185783855,
2022,41,194337956,
2022,41,185783857,
2022,21,194337958,
2022,41,185783864,
2022,39,194337962,
2022,41,194337964,
2022,41,183954192,
2022,38,185783866,
2022,41,194337977,
2022,41,189768640,
2022,41,194337979,
2022,41,194337984,
2022,41,194337985,
2022,9,194337988,
2022,41,187756770,
2022,41,194337993,
2022,41,191012956,
2022,38,190533640,
2022,41,194337999,
2022,41,194338000,
2022,41,194338001,
2022,42,194338002,
2022,21,194338004,
2022,32,189001338,
2022,38,194324800,
2022,41,194338018,
2022,41,194324802,
2022,3,192196065,
2022,41,194338024,
2022,41,192781960,
2022,41,192813905,
2022,41,195881466,
2022,41,194338031,
2022,41,194324806,
2022,41,200818657,
2022,41,198983432,
2022,41,194743602,
2022,41,194338041,
2022,41,178199937,
2022,42,178780757,
2022,41,195370723,
2022,42,195370726,
2022,21,182647902,
2022,41,195373308,
2022,41,182647906,
2022,42,184244077,
2022,42,188010125,
2022,41,188010130,
2022,41,188010133,
2022,42,188034861,
2022,41,194325790,
2022,41,195129536,
2022,41,177279211,
2022,41,177279216,
2022,41,177279220,
2022,41,179550562,
2022,41,179550563,
2022,41,179550568,
2022,41,181653264,
2022,41,181653269,
2022,41,181653271,
2022,41,181653272,
2022,41,182800729,
2022,42,182800735,
2022,41,182857597,
2022,41,182857600,
2022,41,184241449,
2022,41,184241455,
2022,41,184244080,
2022,41,184244081,
2022,41,185799462,
2022,42,185799464,
2022,41,185834790,
2022,41,185834792,
2022,42,187715092,
2022,41,187715103,
2022,41,187717461,
2022,41,189185668,
2022,42,190628280,
2022,41,190628282,
2022,42,190630446,
2022,42,192597569,
2022,21,192604721,
2022,41,194326329,
2022,41,194326332,
2022,41,195466611,
2022,41,195466614,
2022,41,195466615,
2022,42,180121024,
2022,41,180121026,
2022,41,180121027,
2022,3,182886024,
2022,42,184244089,
2022,41,184244093,
2022,41,185896051,
2022,41,185896081,
2022,41,187638919,
2022,41,182859781,
2022,41,191791452,
2022,21,182859786,
2022,41,182859797,
2022,41,191791462,
2022,41,194327130,
2022,41,194327142,
2022,41,194327151,
2022,32,195764679,
2022,42,182649209,
2022,42,187715107,
2022,41,189361499,
2022,41,189361508,
2022,41,192326741,
2022,41,184600053,
2022,41,182859825,
2022,41,184600054,
2022,41,184600055,
2022,41,184600059,
2022,41,184600060,
2022,41,182859840,
2022,41,187440284,
2022,41,182859845,
2022,41,191386955,
2022,41,182859847,
2022,41,182859858,
2022,21,182859868,
2022,41,182859872,
2022,41,194328227,
2022,41,182859883,
2022,42,195333910,
2022,41,182859887,
2022,38,182859890,
2022,21,182859896,
2022,41,182859897,
2022,31,182859906,
2022,41,182859914,
2022,37,182859927,
2022,21,182859931,
2022,41,182859935,
2022,41,182859938,
2022,41,182859944,
2022,41,195466624,
2022,41,182859952,
2022,41,195466631,
2022,41,195466632,
2022,42,195466634,
2022,42,182859977,
2022,41,195466636,
2022,41,182859987,
2022,42,195638954,
2022,41,195522676,
2022,41,182860016,
2022,41,182860019,
2022,42,195522680,
2022,41,182860027,
2022,42,183960291,
2022,41,182860032,
2022,42,182860047,
2022,41,182860049,
2022,41,182860059,
2022,42,185631415,
2022,41,182860064,
2022,41,182860068,
2022,41,182860070,
2022,39,186669731,
2022,41,189432299,
2022,41,182860093,
2022,41,182860095,
2022,21,182860098,
2022,41,182860100,
2022,41,178372062,
2022,42,182860101,
2022,41,182860108,
2022,31,182860114,
2022,41,182860120,
2022,41,182860124,
2022,41,182860126,
2022,31,182860127,
2022,9,183153320,
2022,1,184337463,
2022,42,182860145,
2022,21,182860146,
2022,41,182860173,
2022,41,182860174,
2022,41,182860176,
2022,41,182860187,
2022,41,182860189,
2022,21,182860192,
2022,41,178372063,
2022,41,182860194,
2022,41,178372066,
2022,41,182860196,
2022,41,182860206,
2022,41,178372067,
2022,21,178372072,
2022,42,182860212,
2022,21,183990437,
2022,41,177079944,
2022,41,183153321,
2022,41,182860228,
2022,41,182860236,
2022,41,183990440,
2022,41,183990441,
2022,41,179186145,
2022,41,178780761,
2022,41,182860257,
2022,41,183153325,
2022,41,178858615,
2022,41,178858617,
2022,41,179186146,
2022,41,182860275,
2022,31,178372073,
2022,41,183153326,
2022,41,183153327,
2022,42,182860281,
2022,41,178858626,
2022,41,178391611,
2022,21,182860300,
2022,41,178210849,
2022,41,184232226,
2022,42,184232227,
2022,41,178231054,
2022,38,178391612,
2022,41,178322939,
2022,41,182860324,
2022,41,184232234,
2022,41,183153330,
2022,41,181453527,
2022,41,182860330,
2022,41,183153331,
2022,41,180075474,
2022,41,178391615,
2022,41,179204550,
2022,21,184075873,
2022,41,183153333,
2022,41,179196565,
2022,41,179196566,
2022,41,184075882,
2022,41,184337465,
2022,41,181453528,
2022,41,180075475,
2022,41,180128391,
2022,41,183705505,
2022,41,183705506,
2022,41,183705507,
2022,41,180383105,
2022,41,183705509,
2022,41,183732230,
2022,41,180383109,
2022,41,186970522,
2022,31,183920750,
2022,21,183954114,
2022,41,183954116,
2022,31,183954117,
2022,21,183988394,
2022,41,183990396,
2022,41,183990401,
2022,41,184148042,
2022,41,184148044,
2022,41,184168713,
2022,41,184168719,
2022,1,184168721,
2022,41,184168723,
2022,41,184289322,
2022,41,184289325,
2022,21,184289331,
2022,41,184289332,
2022,21,184289333,
2022,41,184337467,
2022,21,184337470,
2022,41,184337471,
2022,41,184337472,
2022,21,184353382,
2022,41,184353382,
2022,21,184365885,
2022,41,184832716,
2022,41,184942339,
2022,21,184369319,
2022,21,184942346,
2022,41,180128392,
2022,41,180128393,
2022,41,182649847,
2022,21,184942370,
2022,41,184942379,
2022,41,185167180,
2022,41,184369320,
2022,41,182649848,
2022,41,185126400,
2022,41,184369322,
2022,39,185126402,
2022,42,184369327,
2022,31,185126404,
2022,3,185167181,
2022,31,180883459,
2022,41,180883460,
2022,41,180883461,
2022,41,185429817,
2022,41,182649849,
2022,31,180883462,
2022,41,185429819,
2022,41,184233501,
2022,21,188373965,
2022,31,185429823,
2022,41,185429824,
2022,41,185429826,
2022,41,184233504,
2022,3,185429831,
2022,41,184232239,
2022,41,185429832,
2022,41,181432823,
2022,9,185429833,
2022,31,185429833,
2022,41,184232240,
2022,41,184232242,
2022,32,182649851,
2022,41,185567111,
2022,41,185567112,
2022,38,184232244,
2022,41,185567113,
2022,41,185567114,
2022,41,184232247,
2022,41,185567117,
2022,41,185567118,
2022,38,182649855,
2022,41,185567120,
2022,41,187027479,
2022,41,182649856,
2022,41,184484122,
2022,21,185783836,
2022,41,182649858,
2022,41,185895575,
2022,41,182649859,
2022,41,182649861,
2022,41,181767377,
2022,38,185895584,
2022,41,185895586,
2022,41,185895590,
2022,41,182649866,
2022,41,185895592,
2022,41,182649872,
2022,41,185895600,
2022,41,185895603,
2022,41,185895607,
2022,41,185895609,
2022,41,182649875,
2022,1,186970523,
2022,41,190179881,
2022,41,184337292,
2022,41,182649876,
2022,41,184337294,
2022,41,186333837,
2022,41,184337295,
2022,41,184365578,
2022,41,186333840,
2022,41,182649878,
2022,41,184365583,
2022,41,186333847,
2022,41,186333849,
2022,41,182649884,
2022,21,186970524,
2022,41,188034748,
2022,41,184365588,
2022,41,186377686,
2022,41,186377687,
2022,41,184365590,
2022,41,182649885,
2022,41,186377694,
2022,41,182649886,
2022,41,183991514,
2022,41,182649888,
2022,41,183842869,
2022,42,187013071,
2022,41,187013072,
2022,41,187013074,
2022,41,183842870,
2022,38,187013075,
2022,41,182886036,
2022,41,187013076,
2022,42,187013077,
2022,41,187013080,
2022,41,183209872,
2022,41,187013082,
2022,41,187013084,
2022,41,187013087,
2022,38,187013090,
2022,41,183209873,
2022,41,183209874,
2022,41,183209875,
2022,41,187101826,
2022,41,183209876,
2022,41,187101827,
2022,41,183209878,
2022,41,183209880,
2022,1,187217355,
2022,41,183738257,
2022,41,187337076,
2022,42,187337077,
2022,41,183893037,
2022,41,187337084,
2022,41,187337085,
2022,41,187352275,
2022,41,183842875,
2022,41,183738259,
2022,41,183893039,
2022,41,187417950,
2022,41,183738260,
2022,41,183893043,
2022,41,188034752,
2022,42,183971104,
2022,41,188034759,
2022,41,183967329,
2022,42,184126953,
2022,41,188034768,
2022,41,188034769,
2022,41,188034778,
2022,42,184126955,
2022,31,188034780,
2022,41,185728696,
2022,41,184126957,
2022,41,184233506,
2022,41,184126960,
2022,42,184228528,
2022,41,184289150,
2022,41,186699051,
2022,31,188034791,
2022,41,184392442,
2022,41,184392444,
2022,41,188034797,
2022,41,184392446,
2022,41,188034798,
2022,42,184289155,
2022,41,188034800,
2022,41,184392449,
2022,41,188034801,
2022,31,188034802,
2022,31,184289157,
2022,41,184392460,
2022,41,184484129,
2022,41,188373970,
2022,41,184484130,
2022,41,188373975,
2022,41,184832775,
2022,41,184832784,
2022,41,188647712,
2022,41,189277535,
2022,41,184869404,
2022,41,185202300,
2022,21,188749642,
2022,41,188749643,
2022,41,185202303,
2022,41,185202304,
2022,41,185631630,
2022,41,185631636,
2022,41,185631640,
2022,41,185631641,
2022,41,185631647,
2022,41,185631651,
2022,21,185631653,
2022,41,185631654,
2022,21,185631657,
2022,41,185728703,
2022,41,185871937,
2022,41,185896094,
2022,41,186067378,
2022,41,186067391,
2022,41,187417963,
2022,41,186067395,
2022,41,186165404,
2022,41,189047978,
2022,41,189054634,
2022,21,189054637,
2022,31,189054637,
2022,41,189054641,
2022,41,189054644,
2022,41,189054660,
2022,41,186165406,
2022,41,187417965,
2022,41,186333910,
2022,41,188007199,
2022,41,188007202,
2022,41,188007211,
2022,41,188007216,
2022,41,188007218,
2022,41,188007221,
2022,41,190233450,
2022,41,187801323,
2022,41,187434099,
2022,41,187417967,
2022,41,189459661,
2022,41,187898168,
2022,31,187638927,
2022,41,187801333,
2022,41,187638928,
2022,41,187734848,
2022,41,190692032,
2022,41,187898171,
2022,41,188823642,
2022,41,188749663,
2022,41,189089612,
2022,31,189111719,
2022,41,188823644,
2022,41,189193694,
2022,41,189282040,
2022,21,189282043,
2022,41,189282051,
2022,41,188046608,
2022,41,188046609,
2022,41,188647738,
2022,41,188373995,
2022,41,188373996,
2022,41,188647741,
2022,41,188749665,
2022,38,189185675,
2022,41,189185676,
2022,41,188827091,
2022,41,188823646,
2022,41,188981243,
2022,41,189185679,
2022,41,189054707,
2022,41,190179921,
2022,41,190179923,
2022,41,189342267,
2022,41,190233454,
2022,41,189459662,
2022,41,189456374,
2022,41,189425816,
2022,41,189425817,
2022,41,189425819,
2022,41,189425820,
2022,3,189459664,
2022,3,189459666,
2022,41,189459668,
2022,41,189962710,
2022,41,190179931,
2022,42,189282053,
2022,21,189282054,
2022,41,190233458,
2022,41,189282056,
2022,41,189282059,
2022,31,189361483,
2022,41,190623866,
2022,41,189381089,
2022,41,190623869,
2022,41,189456277,
2022,41,190417376,
2022,41,189456296,
2022,41,189456300,
2022,41,190623873,
2022,41,190692034,
2022,42,189456310,
2022,41,189456313,
2022,41,191352362,
2022,41,189459618,
2022,41,191352370,
2022,21,191265613,
2022,41,192059282,
2022,41,191265615,
2022,41,190044005,
2022,41,190044006,
2022,41,190044007,
2022,41,190044008,
2022,21,190044009,
2022,41,194328483,
2022,31,194328485,
2022,41,190230565,
2022,41,191791464,
2022,41,191957762,
2022,41,190233440,
2022,41,192160895,
2022,41,192069875,
2022,41,190365079,
2022,42,190403936,
2022,21,190403937,
2022,41,192059314,
2022,21,192150273,
2022,41,192160899,
2022,41,190561648,
2022,38,192160900,
2022,31,196176619,
2022,31,190600714,
2022,41,192425942,
2022,41,190600716,
2022,41,192196066,
2022,41,192196067,
2022,41,192425944,
2022,41,190674573,
2022,41,192493672,
2022,41,194328490,
2022,41,194328491,
2022,41,190692010,
2022,31,194328492,
2022,41,194328494,
2022,41,194328495,
2022,21,196412266,
2022,41,190728707,
2022,41,194328498,
2022,42,190959465,
2022,41,194328504,
2022,41,190959466,
2022,41,190959468,
2022,41,194328505,
2022,41,194328506,
2022,39,194328508,
2022,31,190959475,
2022,41,194328510,
2022,41,194328512,
2022,41,194328513,
2022,32,194328514,
2022,41,194328515,
2022,41,194328516,
2022,41,196412270,
2022,41,191265580,
2022,41,194328517,
2022,35,191265581,
2022,41,195218749,
2022,41,191265583,
2022,41,191265584,
2022,41,191649774,
2022,41,196412282,
2022,38,191824568,
2022,41,191845977,
2022,41,194328518,
2022,21,192059284,
2022,41,196412285,
2022,41,195964761,
2022,41,196412290,
2022,41,192059289,
2022,41,192059290,
2022,41,192059291,
2022,41,196412294,
2022,21,192059296,
2022,41,192085766,
2022,41,196412297,
2022,41,195218755,
2022,41,195964762,
2022,21,192198381,
2022,41,192326675,
2022,41,195964763,
2022,31,197456898,
2022,41,192458102,
2022,41,192458104,
2022,41,197456898,
2022,41,197456899,
2022,41,187032747,
2022,41,192754191,
2022,41,192754194,
2022,41,192754195,
2022,41,192754198,
2022,41,192754200,
2022,41,194338070,
2022,41,194338076,
2022,41,194338078,
2022,41,194338080,
2022,41,194338084,
2022,41,194338088,
2022,41,194338089,
2022,41,194338090,
2022,41,194338092,
2022,41,194338093,
2022,41,194338094,
2022,41,194338105,
2022,41,194338122,
2022,21,194338123,
2022,41,194338124,
2022,31,194338125,
2022,41,194338132,
2022,41,194338138,
2022,41,194338139,
2022,31,194338143,
2022,42,194338145,
2022,41,194338149,
2022,41,194338150,
2022,31,194338151,
2022,41,194338152,
2022,41,194338156,
2022,41,194338165,
2022,41,194338167,
2022,41,194338176,
2022,9,194752845,
2022,1,195110796,
2022,41,194338181,
2022,41,194610916,
2022,41,194610950,
2022,41,194715558,
2022,41,195278985,
2022,41,195278986,
2022,41,195278987,
2022,41,195278988,
2022,38,195282846,
2022,21,195282848,
2022,41,195282857,
2022,41,195373313,
2022,41,195373315,
2022,42,181456285,
2022,21,187013099,
2022,21,187013103,
2022,41,188749650,
2022,21,189267290,
2022,41,189342147,
2022,32,189810756,
2022,3,190403944,
2022,41,190773228,
2022,42,192615497,
2022,21,194319350,
2022,31,194319385,
2022,42,194319386,
2022,21,195158845,
2022,3,195370736,
2022,41,196491330,
2022,42,192160912,
2022,41,187032748,
2022,42,187032749,
2022,41,187032752,
2022,41,187337173,
2022,41,188749668,
2022,38,187013230,
2022,41,189456379,
2022,41,187013235,
2022,41,189459669,
2022,38,189459669,
2022,32,192069877,
2022,3,190179949,
2022,3,190179950,
2022,38,190449571,
2022,42,190449573,
2022,3,190449580,
2022,38,190533646,
2022,41,188514435,
2022,42,190533647,
2022,41,190533648,
2022,38,190539422,
2022,41,190539423,
2022,21,190539424,
2022,21,190539425,
2022,39,190561702,
2022,41,191054045,
2022,41,190674598,
2022,42,190179962,
2022,41,190674600,
2022,41,190717373,
2022,42,191831920,
2022,41,190989605,
2022,41,190989608,
2022,42,200042883,
2022,41,191009959,
2022,41,187032755,
2022,41,191649803,
2022,41,187032757,
2022,42,191824893,
2022,41,187032762,
2022,42,187032769,
2022,41,187032776,
2022,41,191824896,
2022,3,187032778,
2022,41,187032781,
2022,41,191831909,
2022,41,187032783,
2022,41,187032786,
2022,41,191831913,
2022,41,187032795,
2022,42,191831917,
2022,41,187032797,
2022,41,191881029,
2022,41,187032803,
2022,41,192059318,
2022,41,187032804,
2022,41,195424302,
2022,41,192059320,
2022,42,192069893,
2022,41,187032812,
2022,41,187032813,
2022,42,192069895,
2022,41,187032816,
2022,42,187032817,
2022,42,192069896,
2022,42,192069898,
2022,41,192085800,
2022,41,192085802,
2022,39,192085803,
2022,41,192085806,
2022,41,192085807,
2022,41,187032834,
2022,31,192085809,
2022,42,187032835,
2022,38,199955428,
2022,41,187032837,
2022,21,187032839,
2022,21,192085815,
2022,41,192087722,
2022,41,187122083,
2022,41,187122084,
2022,41,192087730,
2022,41,188418861,
2022,41,188418862,
2022,41,192160904,
2022,38,188418865,
2022,42,188418867,
2022,41,192160907,
2022,41,192160908,
2022,41,192196071,
2022,41,192198447,
2022,41,192279780,
2022,41,192326749,
2022,41,192326750,
2022,41,192425947,
2022,41,192458170,
2022,41,192493675,
2022,41,194328715,
2022,41,194328716,
2022,41,194328723,
2022,41,194328735,
2022,41,194328746,
2022,41,194328753,
2022,41,194328758,
2022,41,194328767,
2022,41,194328771,
2022,41,188906769,
2022,41,194328773,
2022,41,188906772,
2022,41,188906774,
2022,41,194328780,
2022,42,194328781,
2022,41,194328782,
2022,41,194328783,
2022,41,194328791,
2022,41,194328794,
2022,41,194328798,
2022,41,195343298,
2022,41,195343299,
2022,41,195343300,
2022,41,195452722,
2022,41,197138210,
2022,41,197185520,
2022,38,197185520,
2022,41,197185526,
2022,42,197214006,
2022,41,197456901,
2022,3,194332114,
2022,41,176606692,
2022,41,176606694,
2022,41,176082596,
2022,42,176082600,
2022,41,176547569,
2022,42,177759908,
2022,41,188906775,
2022,42,188906777,
2022,42,189810852,
2022,41,190041342,
2022,41,190041355,
2022,41,190417384,
2022,42,190417385,
2022,41,190701659,
2022,42,190717376,
2022,42,190717378,
2022,21,190717380,
2022,42,190717382,
2022,42,191655097,
2022,42,191655100,
2022,21,191655101,
2022,21,191655102,
2022,41,191655103,
2022,41,191655110,
2022,42,191655111,
2022,21,192279791,
2022,41,181458355,
2022,42,194332116,
2022,41,194316764,
2022,41,177759911,
2022,41,194316770,
2022,41,194316773,
2022,42,194316774,
2022,41,194316777,
2022,42,189268062,
2022,38,194316779,
2022,41,192279802,
2022,42,178215571,
2022,42,194316786,
2022,38,194316790,
2022,41,194316791,
2022,41,194316792,
2022,41,194316795,
2022,41,194316796,
2022,41,194316797,
2022,41,194316800,
2022,42,194316803,
2022,38,194316804,
2022,38,194316805,
2022,41,177668769,
2022,21,194316810,
2022,41,194316813,
2022,38,181387880,
2022,41,195110898,
2022,41,195110899,
2022,41,177817344,
2022,42,177817346,
2022,41,178294926,
2022,41,195424308,
2022,41,195424309,
2022,41,195424310,
2022,41,195964785,
2022,42,179559722,
2022,41,195424312,
2022,42,178294927,
2022,42,178504683,
2022,41,195964789,
2022,41,195964790,
2022,41,195964791,
2022,41,195964793,
2022,41,195964794,
2022,3,197020327,
2022,41,197020328,
2022,41,178938296,
2022,21,197020333,
2022,42,194332124,
2022,3,185126495,
2022,42,185126496,
2022,41,179590260,
2022,32,179590267,
2022,41,179590272,
2022,21,179590275,
2022,41,181736711,
2022,41,179590278,
2022,42,179590282,
2022,41,179590284,
2022,41,179590285,
2022,41,179590287,
2022,37,179590296,
2022,41,179590298,
2022,41,179590303,
2022,41,179590304,
2022,41,179590312,
2022,41,179590313,
2022,41,179590315,
2022,21,179590317,
2022,3,179590322,
2022,41,180253758,
2022,41,180253761,
2022,41,180253762,
2022,41,180253765,
2022,41,180253770,
2022,41,180108660,
2022,39,194332125,
2022,41,180483249,
2022,41,180253774,
2022,41,180253784,
2022,41,184811013,
2022,41,180253789,
2022,41,181433053,
2022,41,180253791,
2022,41,181387885,
2022,42,181408152,
2022,41,181433054,
2022,41,181464698,
2022,42,182652202,
2022,41,181606219,
2022,41,180253797,
2022,41,180253798,
2022,41,180253799,
2022,41,181736714,
2022,41,180253807,
2022,41,182652207,
2022,41,187778830,
2022,41,182652212,
2022,41,182652219,
2022,42,182652232,
2022,41,182652238,
2022,21,184818504,
2022,21,184818505,
2022,38,188104125,
2022,38,182764634,
2022,38,183741321,
2022,41,183732262,
2022,41,182794636,
2022,39,182794636,
2022,41,182794638,
2022,41,182795516,
2022,41,183732264,
2022,41,183210047,
2022,41,183073839,
2022,3,187814602,
2022,42,183461174,
2022,41,184172635,
2022,41,183732267,
2022,41,183908497,
2022,41,183992152,
2022,41,184044308,
2022,37,184044309,
2022,38,184086555,
2022,38,184086556,
2022,41,184129643,
2022,41,180253808,
2022,41,181315920,
2022,38,184129644,
2022,41,184370465,
2022,41,184600797,
2022,41,185133991,
2022,42,185169934,
2022,41,187778832,
2022,41,189848029,
2022,41,185490796,
2022,41,185490797,
2022,39,185594684,
2022,42,185835902,
2022,38,180253813,
2022,41,185839031,
2022,41,181736715,
2022,31,185928528,
2022,31,185928529,
2022,41,185928533,
2022,42,187801336,
2022,41,194332133,
2022,41,187801337,
2022,41,186909344,
2022,42,187225101,
2022,41,194332135,
2022,42,195116005,
2022,38,187340125,
2022,21,194332137,
2022,21,194332138,
2022,41,187390663,
2022,41,187724410,
2022,41,180253818,
2022,41,194332143,
2022,41,194332144,
2022,41,187989227,
2022,41,188038616,
2022,41,188423891,
2022,41,194332147,
2022,41,189060909,
2022,41,194332149,
2022,41,189249833,
2022,41,189464281,
2022,41,189456385,
2022,42,195452725,
2022,41,189432302,
2022,41,189815506,
2022,41,189815507,
2022,41,189815509,
2022,21,181315922,
2022,42,180253825,
2022,41,181315924,
2022,41,189848036,
2022,41,181315928,
2022,41,190245319,
2022,41,181315937,
2022,41,181315944,
2022,41,181315946,
2022,41,181315947,
2022,38,194335106,
2022,41,190048688,
2022,41,181736716,
2022,42,190573710,
2022,39,181315958,
2022,41,181315959,
2022,41,181736717,
2022,41,181315961,
2022,41,181315972,
2022,41,181315977,
2022,41,181315980,
2022,41,181453547,
2022,42,190683276,
2022,41,181453552,
2022,41,181453559,
2022,41,181453563,
2022,41,190766381,
2022,41,181453569,
2022,41,181453570,
2022,41,181453572,
2022,41,181453575,
2022,41,181453577,
2022,21,181453578,
2022,32,181453582,
2022,41,181453583,
2022,41,190766383,
2022,41,181453584,
2022,41,181453585,
2022,41,190766384,
2022,41,181453586,
2022,41,181453598,
2022,41,181453606,
2022,42,181453607,
2022,41,181453608,
2022,41,181453611,
2022,41,181453612,
2022,38,181736721,
2022,21,181736722,
2022,21,181736723,
2022,41,181453622,
2022,41,181453624,
2022,41,191649807,
2022,1,194332159,
2022,41,181736726,
2022,42,194720280,
2022,21,196432426,
2022,21,196432427,
2022,42,192343746,
2022,41,192201749,
2022,41,192201751,
2022,41,194332165,
2022,41,192441960,
2022,41,192613271,
2022,41,194332170,
2022,42,194332174,
2022,31,194332187,
2022,41,195452726,
2022,41,194332201,
2022,42,196432431,
2022,42,196432432,
2022,41,201647808,
2022,38,194332218,
2022,42,196194675,
2022,41,194332224,
2022,39,194332236,
2022,41,194332241,
2022,41,194715534,
2022,39,195375258,
2022,41,194332262,
2022,41,181736727,
2022,41,194332273,
2022,41,194742081,
2022,42,195136760,
2022,38,195447008,
2022,41,195161516,
2022,41,195171916,
2022,42,195171917,
2022,41,195284139,
2022,38,196972841,
2022,41,182653175,
2022,42,185198463,
2022,38,181736729,
2022,41,181736733,
2022,41,181736734,
2022,41,181736736,
2022,41,181736739,
2022,41,187858655,
2022,21,195365679,
2022,41,181736742,
2022,42,181736743,
2022,41,184044349,
2022,41,190285327,
2022,41,181736744,
2022,41,182654902,
2022,3,181736752,
2022,41,181736760,
2022,41,185896105,
2022,41,181736768,
2022,41,194333300,
2022,41,181736780,
2022,41,181736783,
2022,41,182654904,
2022,41,182654905,
2022,3,195365685,
2022,41,182654912,
2022,41,182654914,
2022,41,182654916,
2022,21,182654922,
2022,42,195365690,
2022,41,182654927,
2022,41,175911483,
2022,41,182654929,
2022,32,182654933,
2022,32,182703762,
2022,41,184044351,
2022,41,182654941,
2022,41,182654947,
2022,41,182654948,
2022,3,182703765,
2022,41,182654952,
2022,41,182654953,
2022,38,182654954,
2022,41,182654959,
2022,41,182654960,
2022,38,182654962,
2022,41,182654966,
2022,41,182654969,
2022,41,175911484,
2022,41,176542238,
2022,41,182654975,
2022,38,182654977,
2022,32,176704616,
2022,41,182654980,
2022,38,182654981,
2022,41,182703769,
2022,41,182654985,
2022,37,176708493,
2022,41,182654987,
2022,41,177079945,
2022,42,182654992,
2022,41,182654993,
2022,41,177079946,
2022,41,177115910,
2022,41,182655000,
2022,38,182655001,
2022,41,177235128,
2022,41,182655002,
2022,3,177255463,
2022,41,182901765,
2022,42,177400417,
2022,42,178372076,
2022,41,182703786,
2022,41,182703794,
2022,41,182703796,
2022,41,182703799,
2022,41,182703801,
2022,38,178858702,
2022,41,182703802,
2022,41,182703803,
2022,41,182703807,
2022,41,182703810,
2022,41,182703813,
2022,21,179378914,
2022,41,182703814,
2022,42,189111754,
2022,3,182901770,
2022,41,182703822,
2022,41,179378917,
2022,41,182703827,
2022,38,182703828,
2022,41,202829497,
2022,41,182703831,
2022,41,182703832,
2022,41,182703834,
2022,41,181293528,
2022,41,182703845,
2022,41,181312623,
2022,41,181315895,
2022,41,181458742,
2022,41,182703854,
2022,41,182703857,
2022,41,182703860,
2022,41,182703872,
2022,41,182703875,
2022,41,181528267,
2022,41,182703877,
2022,42,182703880,
2022,42,182703883,
2022,41,182703884,
2022,41,182703889,
2022,41,181732640,
2022,41,182703892,
2022,41,182703893,
2022,42,182703897,
2022,41,182703899,
2022,41,182653206,
2022,41,182703901,
2022,41,182703905,
2022,41,182653209,
2022,41,182653234,
2022,41,182703914,
2022,41,182703919,
2022,41,182703933,
2022,41,182653237,
2022,3,183450933,
2022,41,182712101,
2022,41,182901780,
2022,41,182901614,
2022,38,183383085,
2022,41,183450892,
2022,31,184044310,
2022,41,183954193,
2022,41,183992556,
2022,41,184044311,
2022,41,184108374,
2022,41,184108378,
2022,41,184148058,
2022,31,184148059,
2022,41,184148059,
2022,41,184285080,
2022,38,184285080,
2022,41,184392709,
2022,41,184811017,
2022,41,184832806,
2022,41,185202316,
2022,41,185871941,
2022,41,189185681,
2022,41,188374000,
2022,42,188374002,
2022,41,188374003,
2022,41,188418858,
2022,38,188418858,
2022,41,188809875,
2022,41,188809880,
2022,41,189048026,
2022,41,189089704,
2022,41,189111753,
2022,41,189367078,
2022,41,189381104,
2022,41,190041332,
2022,41,190179957,
2022,41,190179958,
2022,41,190403972,
2022,41,190533650,
2022,41,190600747,
2022,41,191009961,
2022,41,191649808,
2022,41,192279788,
2022,41,192813906,
2022,41,192813907,
2022,41,194333379,
2022,41,194333384,
2022,41,194333392,
2022,41,195264478,
2022,41,195264480,
2022,41,195264483,
2022,41,195343303,
2022,31,182901790,
2022,31,182901791,
2022,31,195424300,
2022,41,182901792,
2022,41,182901796,
2022,41,182901800,
2022,42,182945036,
2022,41,182945037,
2022,41,195424300,
2022,41,195447011,
2022,41,182945038,
2022,41,182945040,
2022,41,179205925,
2022,41,182945044,
2022,41,182945045,
2022,42,182945048,
2022,41,182945052,
2022,41,182945058,
2022,41,184392775,
2022,41,182945069,
2022,42,182945076,
2022,41,183450943,
2022,41,183450955,
2022,41,183450958,
2022,41,183450959,
2022,38,183450967,
2022,41,183450975,
2022,41,183450976,
2022,41,183450977,
2022,41,183450978,
2022,41,184392779,
2022,41,183450986,
2022,41,182653266,
2022,41,183450989,
2022,41,183450995,
2022,41,184044361,
2022,41,184044366,
2022,41,182653280,
2022,21,184044372,
2022,38,184044372,
2022,3,184044375,
2022,41,184044379,
2022,3,184044381,
2022,41,183944690,
2022,41,184044387,
2022,38,184044389,
2022,41,191352417,
2022,41,184044395,
2022,21,184044396,
2022,41,184044404,
2022,41,184044405,
2022,38,184044408,
2022,38,184044416,
2022,41,184044417,
2022,41,184044418,
2022,41,184044420,
2022,41,184044426,
2022,41,184044432,
2022,41,184044433,
2022,41,184044435,
2022,21,184044437,
2022,41,184044439,
2022,38,184044440,
2022,41,184044441,
2022,41,184044445,
2022,41,184044447,
2022,41,184044325,
2022,41,184044327,
2022,41,191352466,
2022,41,184044329,
2022,41,184044330,
2022,41,184044333,
2022,41,184044334,
2022,41,184044335,
2022,41,184044337,
2022,41,184044340,
2022,38,184392784,
2022,41,194333459,
2022,41,184046551,
2022,21,184232272,
2022,41,184046552,
2022,41,184232276,
2022,41,184232279,
2022,41,184232281,
2022,41,184232282,
2022,41,184392795,
2022,41,184232290,
2022,41,194333460,
2022,41,194333472,
2022,42,184232294,
2022,41,184232295,
2022,41,184232296,
2022,41,184232299,
2022,41,184392796,
2022,41,178231058,
2022,41,184232304,
2022,31,184232305,
2022,38,184232310,
2022,41,184392800,
2022,41,184232316,
2022,38,184232317,
2022,41,184232322,
2022,41,184232323,
2022,41,184232324,
2022,3,184392812,
2022,41,184392825,
2022,41,184392829,
2022,41,186699068,
2022,38,184392837,
2022,31,184392838,
2022,41,184392847,
2022,41,184392855,
2022,41,184392872,
2022,41,184392874,
2022,41,184392881,
2022,41,184392898,
2022,41,186699071,
2022,41,178231060,
2022,41,180556904,
2022,41,180556914,
2022,41,187638935,
2022,9,185126524,
2022,41,184392931,
2022,41,184392935,
2022,41,184392937,
2022,41,185126528,
2022,41,180556915,
2022,41,180556918,
2022,41,180556920,
2022,41,185126536,
2022,41,182655623,
2022,41,185126540,
2022,41,185126543,
2022,41,185126545,
2022,41,182655627,
2022,41,185126549,
2022,41,182655632,
2022,41,185126552,
2022,41,185126554,
2022,41,185126555,
2022,41,183741331,
2022,41,185126559,
2022,41,185126564,
2022,41,185126567,
2022,41,183741345,
2022,41,185126569,
2022,41,185126578,
2022,41,185126579,
2022,42,183741346,
2022,41,185126583,
2022,41,187440288,
2022,3,185126585,
2022,41,185126586,
2022,41,185896126,
2022,41,187440291,
2022,42,187440296,
2022,31,185126599,
2022,41,189060390,
2022,41,185126602,
2022,41,185896131,
2022,42,185896136,
2022,41,185896159,
2022,41,185896166,
2022,41,185896170,
2022,41,185896179,
2022,41,185896199,
2022,41,185896202,
2022,41,185896204,
2022,41,186699075,
2022,41,185896220,
2022,41,185896227,
2022,41,185896238,
2022,1,188007242,
2022,41,185896244,
2022,41,185896254,
2022,3,186699078,
2022,41,185896284,
2022,31,185896285,
2022,41,185896294,
2022,41,185896303,
2022,41,185896307,
2022,41,185896334,
2022,41,186699083,
2022,41,185896344,
2022,41,185896350,
2022,41,185896357,
2022,38,185896359,
2022,41,185896361,
2022,41,185896372,
2022,9,185896374,
2022,41,186699084,
2022,41,185896401,
2022,41,185896402,
2022,38,185896421,
2022,41,189060392,
2022,41,189060393,
2022,41,186699097,
2022,41,186699105,
2022,41,186699107,
2022,41,186699108,
2022,39,186699112,
2022,3,186699115,
2022,3,186699116,
2022,41,186699119,
2022,41,186699124,
2022,41,186699125,
2022,31,186699129,
2022,41,186699130,
2022,31,186699131,
2022,42,186699133,
2022,41,187638941,
2022,41,186699148,
2022,42,186699149,
2022,42,186699150,
2022,41,186699151,
2022,41,186699155,
2022,42,186699158,
2022,41,186699160,
2022,42,186699163,
2022,38,186699170,
2022,38,186699171,
2022,41,186699174,
2022,41,186699181,
2022,41,189060396,
2022,38,186699222,
2022,38,186699223,
2022,41,189060397,
2022,41,190567284,
2022,41,190567288,
2022,41,190567293,
2022,21,186699240,
2022,41,186699241,
2022,41,190567299,
2022,41,187220878,
2022,38,188007243,
2022,41,191386971,
2022,41,186699254,
2022,41,186699256,
2022,41,191386973,
2022,41,194338411,
2022,41,186699268,
2022,21,194338412,
2022,41,194338420,
2022,41,186699276,
2022,41,194338423,
2022,41,194338424,
2022,41,187220883,
2022,42,195428172,
2022,41,186699285,
2022,41,186699291,
2022,41,187220893,
2022,41,187220894,
2022,41,187220895,
2022,39,187220898,
2022,41,192441984,
2022,41,198373973,
2022,41,187220907,
2022,41,187220909,
2022,32,187220912,
2022,41,187220919,
2022,41,187220933,
2022,41,187220934,
2022,41,187220935,
2022,38,187220937,
2022,41,187220940,
2022,41,187220942,
2022,41,187220943,
2022,41,187638950,
2022,41,187220949,
2022,41,188007253,
2022,41,187638952,
2022,41,187638954,
2022,38,187638956,
2022,41,187638961,
2022,42,187638963,
2022,41,187638976,
2022,41,188007261,
2022,41,187638978,
2022,41,187638979,
2022,41,187638983,
2022,41,188007263,
2022,41,187638988,
2022,41,187638993,
2022,41,187639019,
2022,38,187639023,
2022,41,187639024,
2022,41,188007274,
2022,38,187639031,
2022,38,187639032,
2022,41,187639042,
2022,38,187639043,
2022,41,187639045,
2022,41,187639049,
2022,38,188007282,
2022,41,188906785,
2022,41,187639057,
2022,41,187639058,
2022,41,187639059,
2022,41,188007301,
2022,41,188007302,
2022,41,188007313,
2022,41,188007319,
2022,41,188007322,
2022,41,188007323,
2022,41,188007327,
2022,41,188007336,
2022,41,188007340,
2022,42,188007347,
2022,41,188007354,
2022,41,188007358,
2022,41,188007364,
2022,41,189361512,
2022,3,188007366,
2022,41,188007371,
2022,42,190539426,
2022,41,188007379,
2022,41,188007385,
2022,41,188007388,
2022,38,188007392,
2022,41,188662939,
2022,41,188662955,
2022,38,188662959,
2022,41,188662963,
2022,42,188662966,
2022,41,190230596,
2022,41,188662972,
2022,41,188662973,
2022,41,188662975,
2022,38,188662984,
2022,41,188662989,
2022,41,188662997,
2022,38,188662999,
2022,41,188663004,
2022,41,188663007,
2022,41,194319561,
2022,31,178215603,
2022,41,179534881,
2022,3,192186094,
2022,3,192198518,
2022,41,182938760,
2022,42,192335759,
2022,41,183687114,
2022,21,184082033,
2022,41,184108439,
2022,3,184280368,
2022,7,185283899,
2022,42,185713735,
2022,42,192200842,
2022,41,192186095,
2022,3,187756787,
2022,9,188829852,
2022,42,192200843,
2022,38,192181598,
2022,41,192196382,
2022,41,188906798,
2022,41,188906799,
2022,42,189464306,
2022,41,190407656,
2022,38,190408778,
2022,39,192198526,
2022,41,190722115,
2022,41,188906801,
2022,42,190777987,
2022,41,188906808,
2022,41,188906809,
2022,41,192458725,
2022,38,192434173,
2022,41,194319571,
2022,41,194319573,
2022,42,190678179,
2022,41,192554677,
2022,41,188906812,
2022,41,189361519,
2022,42,194333081,
2022,42,184353308,
2022,42,184353309,
2022,42,195623811,
2022,42,184353349,
2022,42,184365711,
2022,42,184365746,
2022,42,184365766,
2022,42,181758135,
2022,41,188906817,
2022,41,188906820,
2022,41,188906821,
2022,41,189111764,
2022,41,188906834,
2022,39,181758140,
2022,38,181758143,
2022,41,189111770,
2022,42,181758151,
2022,3,181517426,
2022,3,181758172,
2022,41,189361526,
2022,3,190714173,
2022,3,190714174,
2022,3,190714175,
2022,41,189111794,
2022,3,181758197,
2022,41,189111799,
2022,41,189111806,
2022,41,189111809,
2022,3,181758200,
2022,41,181758208,
2022,41,189111818,
2022,41,189111820,
2022,41,189111821,
2022,42,181758210,
2022,42,189361537,
2022,41,182654516,
2022,41,189361541,
2022,41,182654518,
2022,41,182654520,
2022,42,182654524,
2022,42,190230597,
2022,42,182654526,
2022,41,189361550,
2022,41,189361551,
2022,42,182654535,
2022,41,189823471,
2022,41,189361552,
2022,1,182654544,
2022,41,189361562,
2022,41,189361569,
2022,3,182654555,
2022,41,182654555,
2022,41,189361578,
2022,38,182654555,
2022,32,182654570,
2022,41,190539429,
2022,21,189361585,
2022,41,189361586,
2022,32,182654572,
2022,42,182654573,
2022,41,189361592,
2022,3,182654575,
2022,3,182654576,
2022,42,182654590,
2022,41,189823480,
2022,41,189823485,
2022,41,189823488,
2022,42,182654593,
2022,41,189823490,
2022,3,182654601,
2022,41,189823492,
2022,41,189823493,
2022,41,189823494,
2022,3,182654602,
2022,3,182654607,
2022,38,189823500,
2022,42,181758216,
2022,42,181758218,
2022,42,181758232,
2022,41,179496526,
2022,32,181517427,
2022,42,181758269,
2022,42,181758276,
2022,1,197020427,
2022,42,181758300,
2022,42,181758302,
2022,42,181758305,
2022,42,181758309,
2022,42,181758316,
2022,3,181758320,
2022,31,181758334,
2022,42,181758336,
2022,42,181758338,
2022,1,197348676,
2022,41,189823501,
2022,41,189823508,
2022,41,189823513,
2022,41,189823517,
2022,3,189823518,
2022,41,190714176,
2022,41,189823537,
2022,41,189823540,
2022,41,190230606,
2022,41,189823544,
2022,41,190230616,
2022,41,199976354,
2022,41,190230633,
2022,41,190230635,
2022,38,190230635,
2022,41,190230636,
2022,41,190230637,
2022,41,190230640,
2022,41,190230643,
2022,41,190230644,
2022,41,190230648,
2022,41,190230649,
2022,41,190230651,
2022,41,190230653,
2022,41,190230654,
2022,31,190230655,
2022,41,190230661,
2022,41,190230662,
2022,41,190230668,
2022,41,190230674,
2022,41,190539439,
2022,41,190539440,
2022,41,190539444,
2022,42,181758342,
2022,41,181758343,
2022,41,181489807,
2022,41,190539454,
2022,38,190714177,
2022,41,190674604,
2022,42,182654617,
2022,41,190714178,
2022,41,190714179,
2022,42,181758349,
2022,41,190674606,
2022,1,181758356,
2022,41,192085824,
2022,41,190674607,
2022,41,190539461,
2022,41,190539464,
2022,42,181758361,
2022,41,190539466,
2022,9,181758373,
2022,41,190714180,
2022,41,190539475,
2022,21,181758375,
2022,21,181758376,
2022,3,181758379,
2022,32,181758386,
2022,41,190674609,
2022,42,190674612,
2022,41,190674614,
2022,41,190714181,
2022,21,181758391,
2022,21,190714183,
2022,42,190714184,
2022,21,181758392,
2022,41,190714188,
2022,21,181758394,
2022,42,181758409,
2022,41,190674615,
2022,21,181758410,
2022,3,181758421,
2022,42,181758426,
2022,41,181758429,
2022,41,190714218,
2022,41,191009977,
2022,41,181758452,
2022,41,190714221,
2022,41,190714227,
2022,41,181758461,
2022,41,190714234,
2022,42,191009983,
2022,41,191009984,
2022,38,181758462,
2022,41,181758494,
2022,41,191009989,
2022,41,192458184,
2022,41,191009991,
2022,41,191009992,
2022,42,191009994,
2022,41,191009996,
2022,42,191009998,
2022,41,191009999,
2022,41,191010001,
2022,41,191010004,
2022,42,181758496,
2022,41,191010006,
2022,38,181758497,
2022,41,191010007,
2022,1,181758503,
2022,42,181758504,
2022,1,181758508,
2022,41,191010020,
2022,41,181758517,
2022,42,181758526,
2022,41,191010034,
2022,41,191010036,
2022,41,191824914,
2022,38,181758541,
2022,41,181758545,
2022,41,191824917,
2022,41,191824918,
2022,31,181758548,
2022,42,181758551,
2022,42,181758557,
2022,41,191824924,
2022,41,191824927,
2022,42,181758561,
2022,3,181758571,
2022,41,191824936,
2022,41,191824939,
2022,42,181758573,
2022,41,191824942,
2022,42,181758574,
2022,42,181758576,
2022,42,181751263,
2022,42,181758579,
2022,41,191824955,
2022,42,181758581,
2022,42,191824957,
2022,42,181758582,
2022,42,181758590,
2022,41,192085837,
2022,42,181758596,
2022,41,191824967,
2022,41,191824968,
2022,3,181758598,
2022,41,191824972,
2022,3,181758599,
2022,3,181758611,
2022,41,192085839,
2022,41,192085844,
2022,41,192085845,
2022,21,181758615,
2022,41,192085853,
2022,42,181758639,
2022,41,192085856,
2022,41,192458193,
2022,41,192085863,
2022,41,192085864,
2022,32,194335121,
2022,41,192458194,
2022,41,192458195,
2022,41,192085866,
2022,41,200531232,
2022,41,192458196,
2022,3,181758642,
2022,41,192085871,
2022,41,192085872,
2022,21,181758649,
2022,41,192458197,
2022,38,192085874,
2022,41,192085878,
2022,38,181758653,
2022,41,192458200,
2022,38,181758659,
2022,21,192085886,
2022,41,192458201,
2022,3,182654625,
2022,41,192085889,
2022,3,182654627,
2022,41,192458205,
2022,1,182654628,
2022,41,192085895,
2022,3,182654630,
2022,3,192458207,
2022,37,192458209,
2022,42,182654634,
2022,41,192458211,
2022,41,182654635,
2022,41,192458215,
2022,42,182654636,
2022,41,192458216,
2022,9,182654650,
2022,41,192458218,
2022,41,192458219,
2022,41,192458221,
2022,38,192458222,
2022,42,183450906,
2022,39,182654652,
2022,42,182654658,
2022,41,192458240,
2022,3,182654661,
2022,41,192458241,
2022,41,192458242,
2022,42,182654666,
2022,41,192458246,
2022,41,192458247,
2022,41,192458251,
2022,42,182654671,
2022,41,192458254,
2022,41,182654672,
2022,41,192458258,
2022,3,182654675,
2022,41,192458259,
2022,41,192458260,
2022,3,182654676,
2022,41,192458263,
2022,41,182654678,
2022,41,192458265,
2022,41,182654681,
2022,42,183693342,
2022,42,182654689,
2022,3,182654693,
2022,3,182654697,
2022,42,183693348,
2022,42,183693349,
2022,41,192458299,
2022,41,192458300,
2022,42,182654702,
2022,41,182654707,
2022,21,194335133,
2022,42,182654709,
2022,3,183705704,
2022,38,194335145,
2022,42,182654716,
2022,41,194335148,
2022,41,194335149,
2022,42,182654717,
2022,42,183705705,
2022,41,194335151,
2022,41,194335152,
2022,3,182654721,
2022,42,182654724,
2022,41,194335159,
2022,41,183705707,
2022,41,194335161,
2022,21,183705709,
2022,41,194335167,
2022,21,183705710,
2022,3,182654735,
2022,41,194335177,
2022,42,182654747,
2022,41,194335181,
2022,42,182654748,
2022,42,182654750,
2022,41,194335195,
2022,41,182654753,
2022,41,194335198,
2022,41,182654759,
2022,41,182654762,
2022,9,182654763,
2022,3,182654765,
2022,42,194335214,
2022,41,194335215,
2022,3,182654766,
2022,3,183738326,
2022,41,194335219,
2022,41,194335220,
2022,42,182654772,
2022,41,182654776,
2022,41,194335229,
2022,41,194335230,
2022,41,194335235,
2022,42,183738328,
2022,41,194335236,
2022,41,182654788,
2022,41,194335242,
2022,21,194335245,
2022,41,194335250,
2022,38,182654790,
2022,38,183842926,
2022,21,182654792,
2022,42,183893113,
2022,41,194335266,
2022,42,183893114,
2022,38,194335267,
2022,42,183893119,
2022,42,182654797,
2022,41,194335281,
2022,41,194335282,
2022,3,183893120,
2022,41,194335283,
2022,42,183893121,
2022,41,194335284,
2022,3,182654802,
2022,41,194335287,
2022,41,194335298,
2022,42,182654804,
2022,41,194335299,
2022,42,183896345,
2022,41,194335301,
2022,41,194335303,
2022,41,194335305,
2022,41,194335306,
2022,41,194335308,
2022,38,194335309,
2022,41,182654806,
2022,42,183896350,
2022,41,183450911,
2022,41,194335317,
2022,41,194335318,
2022,41,194335328,
2022,42,183450912,
2022,41,183899449,
2022,41,183450916,
2022,41,194335335,
2022,31,183450917,
2022,41,183899451,
2022,41,194335338,
2022,3,183899454,
2022,41,194335341,
2022,41,194335342,
2022,21,183899460,
2022,21,194335344,
2022,21,194335346,
2022,38,194335349,
2022,21,183899461,
2022,42,183899462,
2022,41,183899467,
2022,41,194335353,
2022,41,183899468,
2022,41,183899469,
2022,41,194335360,
2022,42,183899470,
2022,42,183899475,
2022,38,194335363,
2022,41,194335366,
2022,42,183899477,
2022,42,183899483,
2022,42,183899484,
2022,38,183917398,
2022,42,194335380,
2022,41,183917399,
2022,42,183917400,
2022,32,183917402,
2022,9,183917405,
2022,42,183917407,
2022,39,183920895,
2022,42,194335394,
2022,41,194335398,
2022,42,183920896,
2022,41,183920901,
2022,41,194335402,
2022,41,194335403,
2022,3,183920902,
2022,41,195148594,
2022,38,183920905,
2022,41,195158899,
2022,42,194335407,
2022,41,194335408,
2022,3,183920909,
2022,41,194335411,
2022,21,194335412,
2022,1,183920911,
2022,21,194335415,
2022,21,194335416,
2022,41,194335419,
2022,38,183954319,
2022,41,194335422,
2022,39,183954340,
2022,41,194335431,
2022,41,194335437,
2022,41,183954345,
2022,41,195148596,
2022,41,194335442,
2022,42,183954346,
2022,41,194335444,
2022,3,183954363,
2022,41,194335454,
2022,41,183967381,
2022,21,194335462,
2022,42,183967385,
2022,41,194335467,
2022,41,194335468,
2022,3,183967390,
2022,41,194335472,
2022,3,183967392,
2022,41,194335475,
2022,7,183971228,
2022,42,183971230,
2022,41,194335483,
2022,3,183971232,
2022,42,190248499,
2022,41,194335489,
2022,41,190248502,
2022,41,196176943,
2022,42,190248508,
2022,41,194335500,
2022,41,194335502,
2022,31,190248516,
2022,41,196176944,
2022,3,194335505,
2022,21,195452736,
2022,32,197138284,
2022,41,194335512,
2022,42,190248531,
2022,38,194335519,
2022,41,190248534,
2022,38,194335521,
2022,41,195148603,
2022,42,190248538,
2022,41,194335524,
2022,41,194335525,
2022,42,190248539,
2022,41,190248540,
2022,31,190248544,
2022,41,195148606,
2022,38,190248545,
2022,38,190561721,
2022,41,195148612,
2022,41,195148618,
2022,41,195148622,
2022,41,195148624,
2022,42,190561723,
2022,41,196176947,
2022,41,195148627,
2022,32,190561727,
2022,4,190561736,
2022,39,195148639,
2022,41,195148640,
2022,41,190561741,
2022,41,190565192,
2022,41,195148650,
2022,3,190565194,
2022,41,195148655,
2022,3,190565199,
2022,41,195148662,
2022,41,195158903,
2022,42,195148667,
2022,38,190565204,
2022,42,195148668,
2022,41,195148669,
2022,42,190565205,
2022,41,190565206,
2022,38,190565211,
2022,41,195158904,
2022,42,190565216,
2022,41,195148683,
2022,42,190565221,
2022,41,195148686,
2022,42,190565237,
2022,41,195148690,
2022,41,195148694,
2022,41,195452755,
2022,42,190565241,
2022,38,190565242,
2022,41,195452760,
2022,42,190565243,
2022,38,190728803,
2022,41,196176950,
2022,41,196176953,
2022,3,190728807,
2022,41,195452770,
2022,41,195452771,
2022,37,190728812,
2022,38,195452775,
2022,41,195452776,
2022,41,195452777,
2022,38,190728817,
2022,41,196176954,
2022,41,195452779,
2022,41,195452780,
2022,42,190728819,
2022,41,195452781,
2022,38,190728822,
2022,21,195452785,
2022,38,190728823,
2022,38,190728824,
2022,38,190728826,
2022,41,190728827,
2022,41,195452790,
2022,41,190728829,
2022,3,190728834,
2022,41,190728836,
2022,42,190728843,
2022,41,196176959,
2022,21,195452803,
2022,41,195452804,
2022,42,190728848,
2022,41,195452807,
2022,42,190728849,
2022,38,190728850,
2022,41,195452811,
2022,41,196176963,
2022,41,195452813,
2022,41,196177055,
2022,38,196809413,
2022,41,200531244,
2022,3,190179966,
2022,38,184369310,
2022,41,184369311,
2022,37,186669743,
2022,38,190544270,
2022,37,199766957,
2022,3,190728862,
2022,32,190728866,
2022,3,190728868,
2022,3,190728869,
2022,3,190728870,
2022,42,190733200,
2022,31,190733203,
2022,21,194324739,
2022,41,178372081,
2022,41,178372082,
2022,41,178372084,
2022,41,178372087,
2022,41,178372088,
2022,21,179500810,
2022,41,179500811,
2022,41,178372091,
2022,41,179500812,
2022,41,179500813,
2022,41,179500814,
2022,41,178372094,
2022,41,180914330,
2022,41,180883466,
2022,41,180914338,
2022,41,180883469,
2022,41,181456409,
2022,21,181458360,
2022,41,182647498,
2022,41,182647500,
2022,41,182647507,
2022,41,182647515,
2022,41,182647521,
2022,41,182647522,
2022,41,183907286,
2022,41,185202318,
2022,41,185516549,
2022,41,185516750,
2022,41,185516753,
2022,41,187032844,
2022,42,187032849,
2022,3,190733204,
2022,32,190733210,
2022,21,187434114,
2022,42,194334643,
2022,42,194334644,
2022,41,198433606,
2022,42,194334657,
2022,21,189459676,
2022,42,194334658,
2022,41,189823549,
2022,41,189823550,
2022,41,194334662,
2022,38,194334666,
2022,32,194334667,
2022,41,194334671,
2022,41,187128295,
2022,42,194334673,
2022,41,187128303,
2022,42,194334676,
2022,38,194334678,
2022,42,194334680,
2022,38,194334681,
2022,41,187128319,
2022,42,194334682,
2022,41,187128321,
2022,42,194334684,
2022,42,194334685,
2022,42,187217370,
2022,3,194334686,
2022,41,187217371,
2022,42,194334687,
2022,3,194334691,
2022,41,187217377,
2022,3,194334695,
2022,41,189823559,
2022,3,194334697,
2022,41,189823560,
2022,42,194334700,
2022,41,189988579,
2022,3,194334702,
2022,42,194334704,
2022,1,197020429,
2022,41,189988584,
2022,41,189988587,
2022,1,197020430,
2022,41,190561705,
2022,41,190561706,
2022,41,190565078,
2022,41,190565080,
2022,41,190565088,
2022,41,190565091,
2022,41,190580392,
2022,41,190580394,
2022,41,190580395,
2022,41,190580396,
2022,41,190766017,
2022,41,190766018,
2022,21,190767933,
2022,41,191655128,
2022,36,191655129,
2022,41,191655130,
2022,41,192059325,
2022,41,192059332,
2022,41,192059334,
2022,41,192059341,
2022,42,192059345,
2022,41,192059348,
2022,31,192059350,
2022,41,192059353,
2022,41,192069899,
2022,41,192069900,
2022,41,192069902,
2022,41,192069906,
2022,41,192069907,
2022,21,192069910,
2022,41,192614829,
2022,41,192069917,
2022,42,192069918,
2022,41,192069922,
2022,41,192069924,
2022,41,192160922,
2022,41,192160925,
2022,41,192181595,
2022,41,192614831,
2022,41,192614835,
2022,42,194324745,
2022,41,194324746,
2022,41,194324752,
2022,41,194324754,
2022,41,194324755,
2022,41,194324756,
2022,41,194324757,
2022,41,194324759,
2022,41,194324763,
2022,41,194324764,
2022,41,194324775,
2022,41,194324776,
2022,41,194324781,
2022,41,194324782,
2022,41,194324785,
2022,41,194324788,
2022,41,194324789,
2022,41,194324793,
2022,41,194610148,
2022,41,194715434,
2022,41,195174107,
2022,41,195174109,
2022,41,195174114,
2022,38,195174116,
2022,41,195174120,
2022,41,195174121,
2022,42,195174122,
2022,42,195811234,
2022,41,195811237,
2022,41,195811242,
2022,41,196459914,
2022,41,196459917,
2022,41,196459922,
2022,41,196459924,
2022,42,180075497,
2022,41,180075505,
2022,41,180075507,
2022,41,180075511,
2022,21,180075519,
2022,42,182647925,
2022,38,185479281,
2022,3,180075542,
2022,41,180075548,
2022,31,180075562,
2022,41,180075578,
2022,41,180075580,
2022,41,180075583,
2022,31,180339205,
2022,21,182647926,
2022,41,180339252,
2022,41,180339254,
2022,41,180339260,
2022,41,180339261,
2022,41,180339268,
2022,3,180339287,
2022,42,180339290,
2022,41,182647937,
2022,38,182647947,
2022,42,182647950,
2022,42,182647958,
2022,41,182647961,
2022,42,182647966,
2022,41,182647972,
2022,42,182647973,
2022,42,182647977,
2022,42,188977967,
2022,42,188977968,
2022,41,199148164,
2022,41,182993447,
2022,41,182993449,
2022,38,182993451,
2022,42,182993453,
2022,41,182993456,
2022,41,182993459,
2022,42,183044604,
2022,41,185479285,
2022,42,185479286,
2022,41,183044619,
2022,41,183044622,
2022,41,185479290,
2022,41,185479292,
2022,41,185479293,
2022,42,185479300,
2022,38,185479306,
2022,41,185479307,
2022,42,185479308,
2022,41,185479314,
2022,41,185479316,
2022,41,185479317,
2022,32,185479318,
2022,3,192160929,
2022,41,185479338,
2022,7,188977971,
2022,7,188977972,
2022,42,185479352,
2022,21,188977977,
2022,42,188977981,
2022,42,188977986,
2022,41,188977987,
2022,3,188977990,
2022,42,199148169,
2022,5,188977995,
2022,41,188977996,
2022,41,188977997,
2022,42,196167817,
2022,41,188978001,
2022,41,199148170,
2022,41,188978004,
2022,41,188978005,
2022,42,188978009,
2022,41,188978010,
2022,41,188978022,
2022,41,188978031,
2022,38,196167819,
2022,41,188978050,
2022,38,188978051,
2022,41,188978052,
2022,41,192160931,
2022,41,188978057,
2022,31,188978060,
2022,3,192160933,
2022,41,188978081,
2022,41,188978084,
2022,41,188978086,
2022,42,188978089,
2022,41,188978090,
2022,41,188978099,
2022,41,188978101,
2022,41,188978103,
2022,42,188978111,
2022,41,188978116,
2022,42,192160936,
2022,42,192160944,
2022,41,192160948,
2022,41,192160963,
2022,38,192160969,
2022,41,192160970,
2022,41,192160971,
2022,41,192160982,
2022,42,192160984,
2022,42,192160988,
2022,31,192160989,
2022,31,192160991,
2022,42,199148173,
2022,41,192161000,
2022,42,192161002,
2022,41,192161010,
2022,42,199148175,
2022,41,192458302,
2022,42,192458305,
2022,41,202076692,
2022,38,192458322,
2022,41,192458323,
2022,42,192458330,
2022,41,196167825,
2022,42,192458339,
2022,41,192458348,
2022,41,192458349,
2022,42,192458350,
2022,31,192458351,
2022,42,192458354,
2022,41,192458362,
2022,41,196167842,
2022,42,199148180,
2022,41,196167872,
2022,42,196167874,
2022,38,196167878,
2022,42,196167892,
2022,41,196167900,
2022,41,196167903,
2022,41,196167905,
2022,41,196167914,
2022,32,196167919,
2022,41,196167931,
2022,32,196167950,
2022,42,202076695,
2022,42,196167960,
2022,41,196167962,
2022,41,196167964,
2022,41,196398947,
2022,38,196398957,
2022,31,196398958,
2022,21,196398964,
2022,38,196398965,
2022,42,196398970,
2022,41,199148183,
2022,42,196398975,
2022,41,199148185,
2022,42,196398986,
2022,42,196398997,
2022,41,199148186,
2022,41,196399000,
2022,41,196399014,
2022,42,196399016,
2022,41,199148192,
2022,41,199148193,
2022,38,199148194,
2022,42,199148204,
2022,42,199148205,
2022,42,199148207,
2022,42,199148213,
2022,42,199148225,
2022,42,199148227,
2022,42,199148230,
2022,41,199148234,
2022,42,199148235,
2022,41,178199975,
2022,37,178199980,
2022,21,178199995,
2022,42,178200001,
2022,41,179994546,
2022,42,182647986,
2022,21,179994584,
2022,41,179994585,
2022,41,182647988,
2022,42,182647989,
2022,38,182647991,
2022,3,182647995,
2022,42,182857581,
2022,42,182857584,
2022,42,184241470,
2022,41,194325801,
2022,41,184241474,
2022,41,184241476,
2022,42,186684889,
2022,42,186684890,
2022,42,186684891,
2022,41,186684892,
2022,42,186684895,
2022,41,187639068,
2022,21,187639069,
2022,41,187639072,
2022,42,189429252,
2022,42,187639078,
2022,42,189429256,
2022,42,189429261,
2022,42,189429264,
2022,38,190600756,
2022,41,192279807,
2022,41,192279810,
2022,41,192279811,
2022,42,194325802,
2022,42,192279814,
2022,21,192279817,
2022,21,192279818,
2022,41,195417777,
2022,41,184244098,
2022,41,181459990,
2022,41,183667058,
2022,41,186333913,
2022,41,194325813,
2022,41,179994611,
2022,21,183667059,
2022,21,183667060,
2022,41,194325817,
2022,3,187013243,
2022,41,179642432,
2022,41,179642450,
2022,41,180883486,
2022,41,179994634,
2022,41,180883488,
2022,41,179994687,
2022,41,179994700,
2022,41,179994712,
2022,41,180883493,
2022,42,180883499,
2022,41,180883500,
2022,42,180883502,
2022,41,180883506,
2022,41,180883513,
2022,41,180883514,
2022,38,181419787,
2022,38,187898178,
2022,38,187898179,
2022,38,181419790,
2022,38,181419791,
2022,41,181419799,
2022,41,181419805,
2022,41,181459999,
2022,41,181419815,
2022,38,181419822,
2022,41,181419823,
2022,41,183667061,
2022,41,181419825,
2022,38,181419826,
2022,41,181419830,
2022,41,181419832,
2022,41,181419842,
2022,41,181460003,
2022,41,181460006,
2022,42,181460007,
2022,41,181460020,
2022,41,181460022,
2022,38,181460023,
2022,41,181477932,
2022,41,181477933,
2022,38,181477933,
2022,41,181577206,
2022,21,181577209,
2022,41,181577210,
2022,42,181577215,
2022,41,181653281,
2022,41,181577222,
2022,42,181577223,
2022,41,181653282,
2022,31,181653284,
2022,41,182648005,
2022,41,181653288,
2022,41,181653291,
2022,41,182648011,
2022,41,182648017,
2022,41,182648018,
2022,42,182648019,
2022,41,182648020,
2022,39,182648028,
2022,21,182764212,
2022,21,182764213,
2022,41,182648035,
2022,41,182648036,
2022,41,182648042,
2022,41,182648044,
2022,41,183959543,
2022,41,183959544,
2022,41,182648049,
2022,41,183959545,
2022,41,182648053,
2022,31,182648055,
2022,41,182648056,
2022,41,182648059,
2022,21,182648061,
2022,41,183667062,
2022,41,182648066,
2022,41,182648072,
2022,41,182764223,
2022,41,182648083,
2022,21,182648086,
2022,38,182648087,
2022,41,182648091,
2022,41,182648092,
2022,38,182648094,
2022,38,182648095,
2022,41,182648097,
2022,41,182648098,
2022,41,182764227,
2022,38,182764227,
2022,38,182764234,
2022,41,182764236,
2022,41,182764237,
2022,41,182764240,
2022,38,182764244,
2022,41,182764247,
2022,41,182764248,
2022,41,182764249,
2022,41,182764251,
2022,41,182764255,
2022,42,182764259,
2022,41,182764264,
2022,41,182764271,
2022,42,182764285,
2022,41,182764287,
2022,38,182764288,
2022,41,182764291,
2022,41,182764292,
2022,38,182764295,
2022,41,182764296,
2022,41,182764301,
2022,41,187631317,
2022,41,182764307,
2022,41,182764312,
2022,41,182764321,
2022,21,183667069,
2022,41,183667070,
2022,41,183667071,
2022,41,183667073,
2022,41,183667074,
2022,41,183667076,
2022,41,183667084,
2022,41,183667086,
2022,41,183667089,
2022,41,183667109,
2022,39,183667113,
2022,41,183667114,
2022,41,183667115,
2022,41,183667119,
2022,3,184244099,
2022,41,184244100,
2022,41,183667123,
2022,38,183667127,
2022,38,183667128,
2022,41,183667132,
2022,41,183667141,
2022,41,183667144,
2022,41,183667145,
2022,41,183667146,
2022,41,183667152,
2022,41,183667157,
2022,41,183705615,
2022,42,183705619,
2022,3,183705620,
2022,38,183705621,
2022,38,183705622,
2022,41,183705626,
2022,41,183705628,
2022,41,183959552,
2022,41,183705633,
2022,41,183959561,
2022,41,183959562,
2022,41,184244103,
2022,41,183959581,
2022,41,183959590,
2022,41,183959592,
2022,41,183959598,
2022,41,184244112,
2022,41,183959600,
2022,41,183959601,
2022,39,183959605,
2022,38,184244115,
2022,38,184244117,
2022,41,184244119,
2022,41,184244120,
2022,41,184244123,
2022,42,184244128,
2022,21,184244132,
2022,41,184244134,
2022,41,190565093,
2022,42,184244148,
2022,41,184244149,
2022,41,184244152,
2022,41,184244153,
2022,3,184244158,
2022,41,184244159,
2022,41,184244166,
2022,41,184244172,
2022,38,185197559,
2022,41,184244179,
2022,41,184244181,
2022,41,184289123,
2022,41,184289127,
2022,41,184289128,
2022,21,184811038,
2022,41,184296540,
2022,41,184296542,
2022,38,184811058,
2022,38,184811059,
2022,41,184811061,
2022,41,184811068,
2022,41,184811071,
2022,41,184811076,
2022,41,184811077,
2022,42,184811079,
2022,41,184811085,
2022,41,184811091,
2022,41,184811094,
2022,21,185197565,
2022,41,184811103,
2022,38,185197566,
2022,38,185197567,
2022,41,185838468,
2022,38,185197568,
2022,41,184811115,
2022,41,194325818,
2022,41,185197574,
2022,41,185197584,
2022,41,185197587,
2022,38,185197597,
2022,41,185838473,
2022,41,185197599,
2022,41,185197600,
2022,1,185838479,
2022,21,185197603,
2022,38,185197604,
2022,42,185838483,
2022,41,185838484,
2022,38,185197608,
2022,21,185838487,
2022,21,185838488,
2022,21,185838489,
2022,41,185838492,
2022,41,185838493,
2022,41,185838495,
2022,21,185838507,
2022,41,185838512,
2022,41,185838524,
2022,38,185838532,
2022,38,185838533,
2022,3,185838539,
2022,41,186333923,
2022,42,185838540,
2022,41,185838544,
2022,41,194325821,
2022,41,185838552,
2022,41,185838554,
2022,41,187279732,
2022,41,185838569,
2022,38,185838570,
2022,42,185838571,
2022,41,185838575,
2022,21,186333927,
2022,21,186333928,
2022,41,186333929,
2022,41,186333932,
2022,21,186333937,
2022,41,186333939,
2022,42,186333941,
2022,41,186856429,
2022,38,201331056,
2022,41,186333957,
2022,41,186333961,
2022,42,186333968,
2022,41,186333981,
2022,41,186333984,
2022,41,186333998,
2022,41,186334004,
2022,38,194325822,
2022,31,187013248,
2022,41,186856435,
2022,1,186856439,
2022,41,186334047,
2022,21,186856447,
2022,39,186334060,
2022,41,186856450,
2022,41,189060400,
2022,41,187631323,
2022,31,187631324,
2022,31,187631325,
2022,41,186856547,
2022,38,186856553,
2022,41,187013256,
2022,41,187013260,
2022,41,191027456,
2022,41,187013266,
2022,38,187279737,
2022,41,187279739,
2022,41,187279752,
2022,41,187279757,
2022,38,187279758,
2022,41,187339114,
2022,41,187631334,
2022,41,187339118,
2022,1,199861630,
2022,41,187339141,
2022,41,187631346,
2022,41,187339142,
2022,41,187631352,
2022,41,187898185,
2022,41,188418885,
2022,41,188816791,
2022,38,187631364,
2022,41,187631370,
2022,41,187631371,
2022,42,187631376,
2022,41,187631378,
2022,41,187631380,
2022,31,187631383,
2022,31,187631384,
2022,41,187631386,
2022,41,187898194,
2022,21,187631389,
2022,41,187631392,
2022,41,187631416,
2022,41,187631417,
2022,41,187631421,
2022,41,187898203,
2022,31,187898214,
2022,21,187898215,
2022,21,187898216,
2022,31,190041357,
2022,38,190041358,
2022,41,188418889,
2022,41,187898234,
2022,41,187898241,
2022,41,188418895,
2022,41,187898247,
2022,41,187898248,
2022,41,188418909,
2022,41,188418910,
2022,41,188418912,
2022,41,190565096,
2022,41,188816792,
2022,41,188816793,
2022,41,188418925,
2022,41,188418926,
2022,41,188418928,
2022,41,188816794,
2022,41,188816795,
2022,41,199772238,
2022,41,188418933,
2022,41,188816802,
2022,41,188816820,
2022,41,188816824,
2022,21,188816832,
2022,41,188816839,
2022,41,188816841,
2022,38,188816842,
2022,41,189393837,
2022,42,189060412,
2022,3,189393841,
2022,41,189060425,
2022,42,189393843,
2022,41,189060440,
2022,41,189060444,
2022,41,189393844,
2022,41,189060447,
2022,41,189393845,
2022,41,189060449,
2022,41,189060451,
2022,41,189425826,
2022,41,189060453,
2022,41,189060456,
2022,41,189393846,
2022,41,189425827,
2022,41,189393855,
2022,21,190600774,
2022,41,190245324,
2022,41,189393862,
2022,41,196412172,
2022,41,189393875,
2022,41,189393876,
2022,41,189393877,
2022,42,189393878,
2022,41,189393880,
2022,41,196983667,
2022,41,189393881,
2022,41,189393882,
2022,41,189393884,
2022,41,189393885,
2022,41,194325828,
2022,31,189425830,
2022,41,189393901,
2022,41,189393908,
2022,41,189393914,
2022,41,190600775,
2022,41,190041362,
2022,21,190041364,
2022,38,189425839,
2022,41,189425840,
2022,41,189425843,
2022,21,189425844,
2022,38,190565101,
2022,41,189425853,
2022,41,190041399,
2022,41,190041404,
2022,41,194715461,
2022,41,190565110,
2022,38,190041414,
2022,38,190041415,
2022,41,190600778,
2022,41,192161012,
2022,21,190041443,
2022,41,190041450,
2022,41,190041477,
2022,41,190245329,
2022,38,190245330,
2022,21,190245331,
2022,38,190245333,
2022,41,194325832,
2022,41,190245340,
2022,41,192597581,
2022,38,190245342,
2022,31,190245343,
2022,41,194325836,
2022,41,190600782,
2022,41,190245354,
2022,42,190245357,
2022,41,190565116,
2022,41,191878805,
2022,41,190565120,
2022,41,190565122,
2022,41,194325837,
2022,41,190565123,
2022,21,192597582,
2022,41,190565125,
2022,41,190600784,
2022,41,192597584,
2022,41,190600785,
2022,21,190565134,
2022,21,190565135,
2022,41,191265617,
2022,41,190565139,
2022,38,191027467,
2022,38,191027468,
2022,41,191027469,
2022,41,190600789,
2022,41,190600795,
2022,21,190600797,
2022,21,190600798,
2022,41,190600816,
2022,41,191265618,
2022,41,191027477,
2022,21,191027480,
2022,21,191027481,
2022,41,190600828,
2022,41,191027486,
2022,3,191027487,
2022,41,191027489,
2022,41,194325839,
2022,41,191027493,
2022,41,191878806,
2022,41,191027516,
2022,41,192597585,
2022,41,191265621,
2022,38,191027519,
2022,31,191027534,
2022,41,191027537,
2022,42,191027550,
2022,41,198665864,
2022,41,191265636,
2022,42,191878816,
2022,41,191265640,
2022,41,191265642,
2022,41,192161016,
2022,32,196945526,
2022,41,191878831,
2022,41,192597589,
2022,41,194325846,
2022,38,191878860,
2022,21,191878861,
2022,41,191878864,
2022,41,191878866,
2022,41,192161021,
2022,41,192196077,
2022,41,191878873,
2022,41,192161031,
2022,39,192597591,
2022,41,192597595,
2022,21,194325848,
2022,38,194325848,
2022,38,192161042,
2022,42,192161047,
2022,41,201331059,
2022,41,192196079,
2022,41,192196086,
2022,41,192196087,
2022,41,192196088,
2022,41,192597601,
2022,41,194325851,
2022,41,192597607,
2022,41,192597619,
2022,41,192597623,
2022,42,194325856,
2022,41,194325858,
2022,41,192781985,
2022,41,194325860,
2022,41,192781990,
2022,41,194325861,
2022,41,192781996,
2022,31,192781998,
2022,31,192782000,
2022,41,194325862,
2022,41,192782012,
2022,21,192782014,
2022,41,194325875,
2022,41,194325881,
2022,32,195370761,
2022,41,195370762,
2022,41,194325887,
2022,41,194325891,
2022,42,194325892,
2022,41,194325895,
2022,41,194325898,
2022,21,194325900,
2022,41,194325901,
2022,41,194325909,
2022,38,194325914,
2022,41,194325919,
2022,38,194325920,
2022,42,194325925,
2022,41,194325928,
2022,41,194325933,
2022,38,194325945,
2022,31,194325949,
2022,41,194325957,
2022,41,194325958,
2022,41,194325960,
2022,41,194325965,
2022,41,194325966,
2022,41,198665865,
2022,41,194325973,
2022,41,194325978,
2022,41,194325988,
2022,41,194326006,
2022,31,194326009,
2022,38,194326010,
2022,41,194326012,
2022,41,194326015,
2022,41,200176667,
2022,41,200176668,
2022,41,194326021,
2022,41,194326025,
2022,42,194326034,
2022,42,194326038,
2022,31,194326040,
2022,31,194326041,
2022,41,194326044,
2022,41,194326055,
2022,41,194326057,
2022,41,194326058,
2022,41,194326059,
2022,41,194326060,
2022,21,194326061,
2022,41,194326062,
2022,41,194326071,
2022,42,194326073,
2022,42,194326080,
2022,21,194326082,
2022,21,194756594,
2022,21,194756595,
2022,41,194326111,
2022,41,194326112,
2022,41,194326114,
2022,41,194326116,
2022,41,194326119,
2022,41,194326122,
2022,41,194715476,
2022,41,194715480,
2022,41,194756596,
2022,42,194715486,
2022,21,194715487,
2022,41,195370766,
2022,41,194756598,
2022,31,194715495,
2022,31,194715496,
2022,42,194715503,
2022,41,194715507,
2022,38,194756607,
2022,38,194756608,
2022,41,195370775,
2022,41,195370802,
2022,41,195878972,
2022,41,195370809,
2022,38,195370813,
2022,41,195370815,
2022,38,195370818,
2022,21,195370829,
2022,31,195370834,
2022,41,196952530,
2022,41,196952531,
2022,41,187898257,
2022,42,187898259,
2022,42,187980936,
2022,41,187980938,
2022,41,187980939,
2022,41,187898269,
2022,41,187980941,
2022,41,182648750,
2022,9,187980942,
2022,9,187980943,
2022,41,187980946,
2022,3,187983073,
2022,3,187983074,
2022,41,184392285,
2022,41,187983079,
2022,42,187983082,
2022,41,182648751,
2022,38,188374005,
2022,42,194326588,
2022,41,187027494,
2022,42,184392293,
2022,38,183898154,
2022,42,183898167,
2022,41,183898168,
2022,21,183898169,
2022,41,187866884,
2022,41,183898171,
2022,39,183898176,
2022,41,183898184,
2022,42,184392304,
2022,42,187866893,
2022,41,184392312,
2022,42,184392315,
2022,42,184392322,
2022,42,184392328,
2022,42,184392330,
2022,42,184392333,
2022,42,187866902,
2022,38,187866906,
2022,41,187032860,
2022,41,187866909,
2022,38,187032862,
2022,42,188034874,
2022,41,188034877,
2022,31,187032875,
2022,31,187032876,
2022,41,188034878,
2022,42,187032878,
2022,42,187032891,
2022,41,188034891,
2022,42,188034893,
2022,42,188034902,
2022,42,189048048,
2022,38,188034908,
2022,41,188034910,
2022,41,188034913,
2022,41,188034921,
2022,41,190248394,
2022,42,189048085,
2022,41,189048089,
2022,42,190248404,
2022,41,190248406,
2022,41,190248407,
2022,38,192458392,
2022,41,190248411,
2022,42,190248421,
2022,41,190248422,
2022,41,190248423,
2022,41,190248425,
2022,41,190248426,
2022,42,190248427,
2022,38,190248429,
2022,41,190248431,
2022,41,190248434,
2022,41,190248435,
2022,42,190248437,
2022,42,202057138,
2022,38,190248443,
2022,38,190248445,
2022,41,192458428,
2022,41,192458438,
2022,41,192458441,
2022,41,194326593,
2022,38,194326595,
2022,42,195881528,
2022,42,194326609,
2022,42,195881531,
2022,41,194326630,
2022,42,195881533,
2022,38,195881543,
2022,38,195881544,
2022,42,195881551,
2022,42,195881558,
2022,38,195881561,
2022,42,195881566,
2022,41,195881573,
2022,42,195881575,
2022,41,195881581,
2022,42,202057142,
2022,41,202957208,
2022,42,202057149,
2022,42,202057161,
2022,42,202057167,
2022,42,202057168,
2022,41,202057180,
2022,41,187388447,
2022,41,189282102,
2022,41,190122786,
2022,41,190179969,
2022,41,194326879,
2022,41,195881582,
2022,9,181277223,
2022,39,181277224,
2022,42,182648977,
2022,41,181433060,
2022,42,182648978,
2022,41,181433061,
2022,41,181433063,
2022,41,181277245,
2022,41,181433064,
2022,42,182648980,
2022,42,182648983,
2022,21,181277257,
2022,41,181277258,
2022,21,181277265,
2022,32,181277272,
2022,41,181277275,
2022,41,181277280,
2022,38,181433066,
2022,38,181277292,
2022,41,182648987,
2022,38,184168741,
2022,42,181433077,
2022,42,181277308,
2022,41,181277309,
2022,42,182648991,
2022,42,189089708,
2022,42,182648997,
2022,1,182649000,
2022,38,184168744,
2022,42,182649008,
2022,42,181433084,
2022,42,181433085,
2022,42,181433088,
2022,42,189089710,
2022,38,182649027,
2022,41,182649030,
2022,41,184168746,
2022,41,182649036,
2022,32,187032901,
2022,32,187032902,
2022,42,182649046,
2022,42,182649055,
2022,41,182649070,
2022,34,182649076,
2022,21,187032904,
2022,21,187032905,
2022,7,191957765,
2022,7,191957766,
2022,21,185202323,
2022,41,184168755,
2022,41,185202326,
2022,42,182649092,
2022,41,184168789,
2022,42,184168796,
2022,38,184168798,
2022,3,185202332,
2022,41,185202337,
2022,41,187032910,
2022,42,185202342,
2022,41,185202344,
2022,42,185202346,
2022,42,185202361,
2022,38,185202372,
2022,38,185202373,
2022,41,185202376,
2022,21,187032927,
2022,41,187032928,
2022,42,187032929,
2022,38,187032930,
2022,41,185202388,
2022,21,187032937,
2022,42,187032947,
2022,38,199597034,
2022,38,199597035,
2022,1,189089720,
2022,41,187032969,
2022,42,191957769,
2022,41,187032977,
2022,38,187032981,
2022,41,187032990,
2022,42,187032996,
2022,31,187033007,
2022,41,189089733,
2022,42,187033012,
2022,38,187033015,
2022,38,189089742,
2022,21,189089750,
2022,41,189089751,
2022,41,189089753,
2022,3,189089756,
2022,39,189089758,
2022,42,189089761,
2022,42,189089762,
2022,42,189089775,
2022,41,189089788,
2022,41,189089798,
2022,38,190122805,
2022,41,189089808,
2022,42,189089812,
2022,3,194327206,
2022,41,189089819,
2022,42,190122816,
2022,41,190122820,
2022,42,191957776,
2022,41,191957779,
2022,41,190122835,
2022,42,190122836,
2022,41,191957780,
2022,42,191957781,
2022,38,191957792,
2022,41,191957796,
2022,31,196721926,
2022,21,191957798,
2022,42,194327210,
2022,41,191957799,
2022,41,191957801,
2022,42,191957828,
2022,38,191957830,
2022,41,196721928,
2022,41,194327228,
2022,42,194327235,
2022,42,194327236,
2022,21,194327237,
2022,42,194327243,
2022,41,194327257,
2022,41,194327266,
2022,42,194327276,
2022,41,196721931,
2022,41,194327289,
2022,41,194327290,
2022,41,194327293,
2022,42,194327295,
2022,42,196721933,
2022,38,194327311,
2022,41,194327312,
2022,38,194327314,
2022,42,196721935,
2022,41,196721936,
2022,41,194327328,
2022,41,196721948,
2022,41,196721949,
2022,41,196721963,
2022,3,196721971,
2022,42,196721977,
2022,21,196721982,
2022,21,196721984,
2022,3,199597067,
2022,41,199597071,
2022,41,182651913,
2022,41,182651914,
2022,41,182651915,
2022,41,182651918,
2022,41,182651919,
2022,41,182651922,
2022,41,182651925,
2022,41,182651936,
2022,41,182857810,
2022,41,183738261,
2022,41,183898191,
2022,3,183898192,
2022,41,184168818,
2022,41,185673211,
2022,41,185673212,
2022,41,186684896,
2022,41,186880350,
2022,41,186880352,
2022,41,188010144,
2022,41,188010145,
2022,41,189048097,
2022,38,191649810,
2022,41,194331599,
2022,41,194331600,
2022,41,194331601,
2022,41,194331602,
2022,38,179590334,
2022,42,179590335,
2022,9,197549822,
2022,9,197549823,
2022,42,184971599,
2022,42,188879147,
2022,42,189155213,
2022,42,189155214,
2022,38,190714239,
2022,42,190446654,
2022,41,194331608,
2022,41,195417784,
2022,41,200711836,
2022,42,200711840,
2022,41,200761783,
2022,37,200761786,
2022,41,177235131,
2022,41,177079950,
2022,42,180253834,
2022,41,180253844,
2022,42,180253851,
2022,38,181653303,
2022,41,182652676,
2022,42,182652677,
2022,42,183992558,
2022,42,185487883,
2022,41,184832840,
2022,41,186119538,
2022,41,186119541,
2022,42,186119548,
2022,42,187801348,
2022,42,186119555,
2022,42,187033032,
2022,41,187033033,
2022,42,187033045,
2022,21,187801349,
2022,41,187801350,
2022,42,187801351,
2022,42,187801357,
2022,41,187980964,
2022,41,188827095,
2022,42,188418950,
2022,42,188827098,
2022,42,188827099,
2022,42,188978124,
2022,42,190122849,
2022,41,189282108,
2022,42,190122854,
2022,42,190600831,
2022,38,192161054,
2022,42,192161055,
2022,41,192161056,
2022,41,200106730,
2022,41,194332965,
2022,41,194332966,
2022,42,194332969,
2022,41,194332972,
2022,41,194332975,
2022,41,195352242,
2022,41,195352243,
2022,42,194332982,
2022,42,194332983,
2022,41,194332986,
2022,21,195352248,
2022,42,202035413,
2022,42,195764686,
2022,41,177115911,
2022,41,178200018,
2022,41,181606221,
2022,41,180105897,
2022,21,181606224,
2022,41,181606229,
2022,41,181606232,
2022,41,182654021,
2022,41,181606240,
2022,41,181606243,
2022,41,181606245,
2022,41,181606246,
2022,38,181606247,
2022,41,182879489,
2022,41,182795256,
2022,41,182879495,
2022,31,182879501,
2022,41,182879502,
2022,3,182879503,
2022,2,182879506,
2022,41,182879514,
2022,41,182654031,
2022,41,182654035,
2022,41,182654037,
2022,41,202778633,
2022,41,182654039,
2022,41,182654046,
2022,41,182654049,
2022,41,184600124,
2022,41,183705639,
2022,41,184600127,
2022,41,183920874,
2022,41,184600129,
2022,31,187337199,
2022,31,187337200,
2022,41,184600132,
2022,41,184600139,
2022,21,184836243,
2022,21,184600144,
2022,21,184600145,
2022,41,185634975,
2022,41,184600150,
2022,41,187337203,
2022,42,184600152,
2022,31,185836527,
2022,31,185836528,
2022,21,184600614,
2022,41,184836246,
2022,41,184600618,
2022,41,184836249,
2022,41,185836531,
2022,21,185634982,
2022,41,187337208,
2022,41,186622031,
2022,21,195150100,
2022,41,185836534,
2022,41,185836537,
2022,38,185634991,
2022,41,185634994,
2022,41,185836541,
2022,41,186622040,
2022,21,185836544,
2022,41,185836545,
2022,21,186622044,
2022,41,185836550,
2022,41,192813912,
2022,41,187337213,
2022,41,187337215,
2022,21,187337217,
2022,41,186622061,
2022,38,188809882,
2022,41,187337219,
2022,41,188809883,
2022,41,188809885,
2022,41,187645208,
2022,31,187337220,
2022,31,187337221,
2022,41,192813913,
2022,41,188809889,
2022,41,188809890,
2022,41,188809891,
2022,41,187645209,
2022,41,188809893,
2022,41,189295109,
2022,41,188809894,
2022,41,188809896,
2022,41,194333908,
2022,21,188809898,
2022,21,188809899,
2022,41,188809901,
2022,41,188809902,
2022,41,194333910,
2022,41,188809907,
2022,41,189295114,
2022,41,188809916,
2022,41,188809918,
2022,41,189295116,
2022,41,189295120,
2022,41,188809927,
2022,41,194333911,
2022,41,194333912,
2022,41,189295121,
2022,41,188809930,
2022,41,189295122,
2022,41,189295124,
2022,41,192813915,
2022,21,190365192,
2022,41,190365195,
2022,21,189295132,
2022,41,190365196,
2022,41,191873139,
2022,41,190365199,
2022,41,189295137,
2022,41,190365201,
2022,41,190365203,
2022,41,190365204,
2022,41,190365209,
2022,41,192185209,
2022,41,191873142,
2022,41,194333914,
2022,41,191873145,
2022,41,190580402,
2022,41,190580403,
2022,41,191873147,
2022,21,191873148,
2022,21,191873149,
2022,41,192813916,
2022,41,191873160,
2022,41,194333916,
2022,21,192186086,
2022,41,192186088,
2022,41,192813924,
2022,41,194333919,
2022,41,203229211,
2022,41,194743603,
2022,41,194333922,
2022,41,194333923,
2022,41,194333928,
2022,41,195864505,
2022,41,194743607,
2022,41,194743608,
2022,41,194743611,
2022,31,195864512,
2022,41,195218758,
2022,41,195864514,
2022,41,178960543,
2022,42,178960544,
2022,41,194741173,
2022,21,192069930,
2022,41,190771500,
2022,41,190771502,
2022,42,195522689,
2022,39,195522690,
2022,41,182654206,
2022,38,192434172,
2022,41,194334071,
2022,41,194334072,
2022,41,182654427,
2022,39,182654433,
2022,41,177255465,
2022,38,177518522,
2022,41,177518525,
2022,41,179103307,
2022,41,179103308,
2022,41,179500818,
2022,41,179642524,
2022,41,180024479,
2022,3,180024491,
2022,41,180253857,
2022,41,180253858,
2022,41,180383150,
2022,41,180383152,
2022,41,181316002,
2022,41,182654496,
2022,41,182654501,
2022,41,183667258,
2022,41,183898193,
2022,41,183898198,
2022,41,183920887,
2022,41,183990447,
2022,41,184044454,
2022,41,185372244,
2022,41,185429879,
2022,41,185441973,
2022,41,185728724,
2022,41,187122091,
2022,41,187122092,
2022,41,187122093,
2022,38,190179970,
2022,41,188895713,
2022,41,187279779,
2022,41,187801371,
2022,41,188749673,
2022,38,188749675,
2022,41,188823652,
2022,41,188823653,
2022,41,188823654,
2022,41,189099644,
2022,41,189241856,
2022,41,189241858,
2022,41,189393923,
2022,41,189429272,
2022,41,189768641,
2022,41,189962719,
2022,41,192059359,
2022,41,190733172,
2022,41,191012969,
2022,41,191012971,
2022,41,191824976,
2022,41,192087743,
2022,41,192087755,
2022,41,192782027,
2022,41,194334565,
2022,41,194334567,
2022,41,194334585,
2022,41,194334592,
2022,41,194334599,
2022,41,194334601,
2022,41,194334608,
2022,41,197683460,
2022,41,197995558,
2022,3,197995559,
2022,41,197995562,
2022,41,175996806,
2022,41,175996807,
2022,41,175996808,
2022,41,175996809,
2022,3,176163093,
2022,41,176163094,
2022,41,176163096,
2022,3,176608058,
2022,21,176608059,
2022,41,176607262,
2022,41,176665611,
2022,41,176771653,
2022,41,177115920,
2022,41,177127279,
2022,41,177127280,
2022,41,177127282,
2022,41,177325149,
2022,41,178053480,
2022,41,181316009,
2022,41,178053481,
2022,41,178053482,
2022,41,178053483,
2022,41,178053484,
2022,41,178053485,
2022,41,178219907,
2022,41,178219908,
2022,41,178219909,
2022,41,178289004,
2022,41,178372096,
2022,21,178957191,
2022,21,178957192,
2022,41,178976157,
2022,41,179590345,
2022,41,179590346,
2022,41,179958203,
2022,41,180075584,
2022,41,180781480,
2022,41,181312624,
2022,41,181312626,
2022,41,181419849,
2022,41,181419850,
2022,41,181419851,
2022,41,181426840,
2022,41,181451738,
2022,41,181489714,
2022,41,181483422,
2022,41,181483423,
2022,41,181483424,
2022,41,181483426,
2022,41,181653321,
2022,41,181653322,
2022,41,181751224,
2022,38,182643626,
2022,41,182643627,
2022,21,182643631,
2022,41,182643636,
2022,41,182912149,
2022,41,182981679,
2022,41,183117893,
2022,41,183361520,
2022,41,183693288,
2022,41,183693290,
2022,41,183693291,
2022,41,183954196,
2022,41,183954198,
2022,41,183954199,
2022,41,183954200,
2022,41,183988408,
2022,9,184087654,
2022,41,184087655,
2022,41,184126971,
2022,41,184126972,
2022,41,184126973,
2022,41,184148061,
2022,21,185896473,
2022,41,184285043,
2022,41,184285045,
2022,21,185871945,
2022,41,184811117,
2022,41,184811118,
2022,41,184832855,
2022,3,184832856,
2022,41,184869410,
2022,21,185277050,
2022,21,185277051,
2022,41,185429887,
2022,21,185666949,
2022,21,185666950,
2022,41,185896475,
2022,41,186067414,
2022,41,186334067,
2022,41,186309883,
2022,41,186309884,
2022,41,186622085,
2022,41,187337239,
2022,41,187337240,
2022,21,187337246,
2022,41,187337249,
2022,41,187337251,
2022,41,187337252,
2022,41,187337253,
2022,41,187352306,
2022,41,187377987,
2022,41,187623694,
2022,41,187623698,
2022,41,187623701,
2022,41,187639085,
2022,41,188423894,
2022,41,188809948,
2022,41,189089824,
2022,41,188800579,
2022,41,188800580,
2022,21,189155221,
2022,41,189155223,
2022,41,188879151,
2022,41,189054709,
2022,41,189266393,
2022,41,190771506,
2022,38,189425857,
2022,41,189456390,
2022,41,189456391,
2022,41,189768642,
2022,41,189823563,
2022,41,189823564,
2022,41,189843016,
2022,41,192279828,
2022,41,190041626,
2022,41,190365240,
2022,41,190365241,
2022,41,190365242,
2022,41,190417393,
2022,41,190600843,
2022,41,190600847,
2022,41,190771512,
2022,41,190771513,
2022,41,190959572,
2022,41,190959573,
2022,41,191265646,
2022,41,191265647,
2022,41,191649817,
2022,41,191649818,
2022,41,191824979,
2022,38,191957834,
2022,41,191957837,
2022,41,192198464,
2022,41,192196096,
2022,41,192458481,
2022,41,192754266,
2022,41,192813929,
2022,41,192813930,
2022,6,196621787,
2022,41,194316695,
2022,21,194316698,
2022,41,194316699,
2022,41,194316703,
2022,41,194316705,
2022,41,194316706,
2022,41,198419152,
2022,41,194316709,
2022,41,194316713,
2022,41,194316714,
2022,41,194316715,
2022,41,194316717,
2022,41,194316720,
2022,41,195370838,
2022,21,195370839,
2022,41,194316722,
2022,41,202987012,
2022,41,195132607,
2022,41,195132608,
2022,41,195373383,
2022,41,195373384,
2022,41,195373385,
2022,41,195373387,
2022,41,195373392,
2022,41,195373394,
2022,41,195110923,
2022,41,195110924,
2022,41,195110928,
2022,21,195110929,
2022,41,195110930,
2022,41,195110931,
2022,41,195110932,
2022,41,195110933,
2022,41,195110940,
2022,41,195110942,
2022,41,195110943,
2022,41,192201753,
2022,41,192201754,
2022,41,178200061,
2022,41,178200072,
2022,41,178659955,
2022,41,178831004,
2022,41,186089596,
2022,41,182643871,
2022,42,182643878,
2022,41,182643886,
2022,41,182643887,
2022,38,183047625,
2022,41,183117899,
2022,41,183710227,
2022,38,183710228,
2022,41,183710230,
2022,41,183842876,
2022,41,183944708,
2022,42,184241482,
2022,41,185434129,
2022,41,186089602,
2022,41,201590714,
2022,41,187505515,
2022,41,189001662,
2022,41,189001663,
2022,42,190600853,
2022,42,192077913,
2022,42,192096147,
2022,3,194317291,
2022,3,194317292,
2022,5,195365302,
2022,41,195365303,
2022,41,177063714,
2022,41,176872663,
2022,41,177518527,
2022,41,177518528,
2022,42,178313344,
2022,42,178372099,
2022,41,180383202,
2022,41,181458743,
2022,41,182647039,
2022,42,182647047,
2022,41,182647052,
2022,41,182647053,
2022,41,183990456,
2022,1,184811121,
2022,41,184474106,
2022,41,185441978,
2022,41,184942730,
2022,41,185200595,
2022,41,185429888,
2022,41,187741417,
2022,42,185871946,
2022,41,186309885,
2022,41,187352307,
2022,42,188827122,
2022,39,189361596,
2022,21,190403974,
2022,42,190446661,
2022,41,191878875,
2022,41,192196097,
2022,41,194323996,
2022,41,194324002,
2022,42,195764689,
2022,41,178957199,
2022,42,183967332,
2022,41,190449595,
2022,41,190437062,
2022,41,191012973,
2022,41,194331393,
2022,38,199780786,
2022,42,195350808,
2022,41,195352252,
2022,41,199780791,
2022,41,195373397,
2022,38,176167337,
2022,41,178053488,
2022,41,176167338,
2022,38,176167339,
2022,41,176167340,
2022,31,176167341,
2022,38,176167342,
2022,41,176318138,
2022,41,176318146,
2022,41,176542244,
2022,41,176542247,
2022,41,176542249,
2022,38,176542251,
2022,38,178061079,
2022,41,176704636,
2022,41,176704640,
2022,41,176708497,
2022,41,176872670,
2022,38,176872672,
2022,41,177063715,
2022,41,177063716,
2022,41,177063717,
2022,41,177079954,
2022,3,177079957,
2022,38,177079959,
2022,38,177079960,
2022,31,177079961,
2022,41,177115921,
2022,21,177115927,
2022,41,177115928,
2022,38,177115929,
2022,38,177115936,
2022,38,179625807,
2022,38,177115943,
2022,41,177127284,
2022,3,177127288,
2022,41,177127289,
2022,38,177129587,
2022,41,177182996,
2022,41,177182997,
2022,41,177183001,
2022,38,177079962,
2022,21,177183012,
2022,39,179625808,
2022,41,177187138,
2022,41,177235139,
2022,31,177235140,
2022,41,177235144,
2022,31,177235146,
2022,41,177255468,
2022,37,179625811,
2022,31,177255473,
2022,38,177325157,
2022,37,179625812,
2022,38,177325166,
2022,41,177325173,
2022,41,177330076,
2022,41,177400521,
2022,37,177400523,
2022,3,177518529,
2022,41,177518530,
2022,21,177520823,
2022,41,177534159,
2022,41,177534162,
2022,39,177552775,
2022,38,177552776,
2022,21,178053496,
2022,21,177646539,
2022,41,177646542,
2022,42,177646543,
2022,38,177646545,
2022,38,177646547,
2022,42,177646551,
2022,42,177646555,
2022,39,177646556,
2022,41,177646558,
2022,41,177713168,
2022,39,180075590,
2022,39,180075591,
2022,41,178210852,
2022,21,178210853,
2022,41,178210859,
2022,41,178210860,
2022,41,178210861,
2022,42,178231067,
2022,41,178231068,
2022,41,178231071,
2022,41,178231074,
2022,41,180128398,
2022,41,178372105,
2022,42,178372106,
2022,38,178022598,
2022,41,178372111,
2022,41,178372112,
2022,41,178372132,
2022,41,178372135,
2022,41,178372136,
2022,41,178372147,
2022,39,178780820,
2022,42,178490339,
2022,38,178780821,
2022,41,178780829,
2022,41,178780833,
2022,41,178858708,
2022,31,180128399,
2022,38,178780834,
2022,41,178858717,
2022,38,178877280,
2022,41,178911273,
2022,21,179019516,
2022,31,180128400,
2022,21,179019518,
2022,41,179019519,
2022,41,179019520,
2022,37,180128401,
2022,41,179019526,
2022,41,179101523,
2022,41,179101524,
2022,41,179544478,
2022,41,179101529,
2022,41,179103314,
2022,41,179181361,
2022,41,179186156,
2022,21,179186157,
2022,38,179186162,
2022,38,178780837,
2022,41,179186164,
2022,38,179186167,
2022,41,179196568,
2022,41,179196570,
2022,38,179204555,
2022,41,179204556,
2022,41,179378933,
2022,41,179378934,
2022,41,179378936,
2022,41,179381395,
2022,41,179496410,
2022,41,179496411,
2022,41,179544479,
2022,41,179544480,
2022,41,179544481,
2022,37,179544483,
2022,41,179544493,
2022,41,179544496,
2022,41,179544500,
2022,3,179544503,
2022,38,179544504,
2022,38,179550569,
2022,37,179590353,
2022,41,179590354,
2022,41,179590361,
2022,39,179642578,
2022,41,179642595,
2022,41,179672155,
2022,41,179994734,
2022,41,179994738,
2022,41,179994740,
2022,41,179994745,
2022,41,179994750,
2022,41,179994754,
2022,41,179994777,
2022,41,181277324,
2022,41,181293537,
2022,3,182652264,
2022,38,181293543,
2022,41,181293546,
2022,21,181293559,
2022,41,181293562,
2022,41,181310855,
2022,31,181366828,
2022,41,181366837,
2022,41,181366838,
2022,41,181419859,
2022,41,181419862,
2022,41,182652265,
2022,31,181419869,
2022,21,181433090,
2022,38,181433092,
2022,21,181433098,
2022,41,181433099,
2022,41,181433100,
2022,41,181438872,
2022,21,181438873,
2022,41,181438874,
2022,37,181442435,
2022,41,181442437,
2022,41,181442439,
2022,41,181442440,
2022,3,182652266,
2022,41,181453629,
2022,3,181453630,
2022,41,181453636,
2022,21,181453637,
2022,31,181453639,
2022,41,181458744,
2022,41,181460031,
2022,41,181477946,
2022,41,181477956,
2022,41,181477957,
2022,41,181477958,
2022,41,181481184,
2022,3,181481187,
2022,41,181489724,
2022,42,181493264,
2022,41,181517269,
2022,41,181520999,
2022,42,181528270,
2022,31,181528271,
2022,3,181528272,
2022,31,181528274,
2022,21,181528275,
2022,41,181528281,
2022,31,181577240,
2022,3,181584834,
2022,39,181653324,
2022,21,181653325,
2022,39,181653326,
2022,41,181653327,
2022,41,181653328,
2022,38,181653336,
2022,3,181653337,
2022,21,181653338,
2022,39,181653339,
2022,41,181653340,
2022,33,181660282,
2022,41,181660283,
2022,41,181736795,
2022,41,181736799,
2022,41,181736802,
2022,41,182652267,
2022,31,182652271,
2022,3,181477967,
2022,41,182652272,
2022,31,182652282,
2022,41,182652284,
2022,41,182652285,
2022,41,182652289,
2022,41,182652291,
2022,41,182652292,
2022,41,182652294,
2022,3,181476549,
2022,31,182652299,
2022,41,182652301,
2022,41,182652302,
2022,37,182652305,
2022,38,182652307,
2022,41,182652309,
2022,41,182652310,
2022,41,182652311,
2022,21,182652312,
2022,38,182652313,
2022,41,182652315,
2022,41,182652317,
2022,39,182652320,
2022,41,182652322,
2022,41,182652327,
2022,42,182652335,
2022,41,182652336,
2022,3,182652345,
2022,21,182652352,
2022,37,182652353,
2022,42,181653341,
2022,42,181653342,
2022,41,182652354,
2022,41,182652357,
2022,39,182652359,
2022,41,182652360,
2022,41,182652361,
2022,21,182652362,
2022,21,191831936,
2022,41,182652365,
2022,3,182652366,
2022,38,182652372,
2022,42,182652374,
2022,41,182652380,
2022,37,182652381,
2022,41,182652382,
2022,31,182652387,
2022,41,182652390,
2022,39,182652395,
2022,38,182652400,
2022,39,182652407,
2022,39,182652409,
2022,41,182652410,
2022,41,182652414,
2022,41,182652415,
2022,39,182652416,
2022,41,182652423,
2022,3,182652425,
2022,41,182652430,
2022,41,182652431,
2022,41,182652433,
2022,41,182652439,
2022,41,182652443,
2022,41,182652444,
2022,37,182652446,
2022,41,182652448,
2022,41,182652453,
2022,21,182652454,
2022,41,182652456,
2022,41,182652459,
2022,39,182652461,
2022,39,182652462,
2022,37,182699084,
2022,38,182699086,
2022,37,182703663,
2022,41,182857826,
2022,41,182703668,
2022,38,182703671,
2022,41,182764636,
2022,41,182857828,
2022,38,182857832,
2022,39,182857835,
2022,39,182879484,
2022,41,182886051,
2022,41,182901588,
2022,41,182901591,
2022,39,182901592,
2022,41,182901600,
2022,38,182901609,
2022,3,182993473,
2022,38,183153151,
2022,38,182912454,
2022,41,182932322,
2022,37,182932323,
2022,39,182932325,
2022,39,182932328,
2022,39,182932330,
2022,41,182982644,
2022,38,182982656,
2022,41,182982664,
2022,41,182982671,
2022,38,182982676,
2022,32,182982684,
2022,38,182993478,
2022,37,183118193,
2022,41,183118194,
2022,41,183118196,
2022,41,183118197,
2022,21,183118199,
2022,41,183210049,
2022,41,183210054,
2022,41,183210060,
2022,21,183210061,
2022,41,183210065,
2022,41,183210066,
2022,41,183383044,
2022,41,183383051,
2022,31,183383055,
2022,41,183383056,
2022,41,183383057,
2022,3,183967333,
2022,41,183954204,
2022,41,183954206,
2022,41,183954207,
2022,3,183954208,
2022,37,183954211,
2022,42,183954216,
2022,41,183954217,
2022,41,183967334,
2022,41,183971115,
2022,41,183971116,
2022,41,183971117,
2022,41,183971120,
2022,41,183988412,
2022,41,183988414,
2022,41,183990457,
2022,41,183990458,
2022,41,183990459,
2022,38,188879153,
2022,41,184075884,
2022,38,183990461,
2022,37,184072943,
2022,21,184075885,
2022,21,184075893,
2022,38,184075903,
2022,3,184126974,
2022,38,184126975,
2022,37,184126981,
2022,41,184126991,
2022,41,184148062,
2022,41,184148063,
2022,33,184168825,
2022,41,184168826,
2022,41,184168828,
2022,41,184228542,
2022,41,184228544,
2022,41,184232327,
2022,41,184241485,
2022,41,184304569,
2022,38,184244199,
2022,42,184244206,
2022,41,184244208,
2022,41,184304570,
2022,37,184304572,
2022,41,184304573,
2022,41,184304576,
2022,41,184304577,
2022,38,184304578,
2022,21,184304582,
2022,38,184337374,
2022,41,184337376,
2022,31,184337380,
2022,41,184811122,
2022,41,184337382,
2022,41,184337388,
2022,41,184337390,
2022,41,184337396,
2022,31,184337397,
2022,38,184353282,
2022,31,184353286,
2022,37,184365663,
2022,41,184365664,
2022,42,184365670,
2022,41,184365672,
2022,41,184365674,
2022,21,184365675,
2022,37,184365676,
2022,41,184376198,
2022,41,184392675,
2022,31,184392677,
2022,38,184392686,
2022,41,184392688,
2022,31,184392689,
2022,41,184392692,
2022,41,184474228,
2022,3,184474229,
2022,41,184474232,
2022,3,184484375,
2022,39,184484383,
2022,39,184484389,
2022,3,184484399,
2022,42,184484403,
2022,41,184484406,
2022,21,184484409,
2022,41,184484412,
2022,41,184625159,
2022,21,184625163,
2022,41,184625167,
2022,41,184625169,
2022,41,184811123,
2022,41,184811124,
2022,41,184811127,
2022,37,184811128,
2022,41,184811129,
2022,41,190179980,
2022,41,184942732,
2022,41,184942740,
2022,41,185126612,
2022,41,185126613,
2022,39,185126616,
2022,3,185126617,
2022,42,185126621,
2022,41,185143501,
2022,41,185167204,
2022,31,185277052,
2022,21,185277054,
2022,41,185372249,
2022,21,185372250,
2022,38,186679098,
2022,38,185429891,
2022,41,185429895,
2022,38,185429897,
2022,41,185429898,
2022,21,185551351,
2022,41,185551354,
2022,41,185567167,
2022,42,185567168,
2022,41,185567169,
2022,21,186679100,
2022,38,185567171,
2022,21,185567172,
2022,38,185567174,
2022,31,185567179,
2022,41,185567180,
2022,41,185567181,
2022,41,185631693,
2022,38,185631697,
2022,31,185631698,
2022,41,185631699,
2022,37,185631701,
2022,38,185631710,
2022,3,185666955,
2022,41,185673220,
2022,21,185728740,
2022,38,185776724,
2022,41,185783872,
2022,41,185871948,
2022,41,185871949,
2022,41,185871952,
2022,21,185871955,
2022,39,185896485,
2022,41,185896489,
2022,42,185896491,
2022,41,185896496,
2022,41,186041282,
2022,41,186067421,
2022,38,186119581,
2022,41,186067431,
2022,37,186119586,
2022,42,186140081,
2022,37,186165410,
2022,21,186165411,
2022,41,186165412,
2022,41,186207605,
2022,38,186207606,
2022,37,186207608,
2022,42,186207609,
2022,38,186207610,
2022,37,192458484,
2022,41,186309891,
2022,37,186334071,
2022,37,186334072,
2022,42,186334077,
2022,41,186334082,
2022,41,186334084,
2022,41,186334086,
2022,38,186622089,
2022,38,186622098,
2022,41,186679102,
2022,38,186693606,
2022,38,186693607,
2022,38,186693608,
2022,41,186693610,
2022,41,186699305,
2022,41,188879154,
2022,38,186699306,
2022,41,186880358,
2022,38,187027509,
2022,38,187027511,
2022,21,187027512,
2022,41,187033059,
2022,37,187033064,
2022,41,187101846,
2022,42,187101854,
2022,37,187101855,
2022,3,185871958,
2022,41,187122096,
2022,21,187122097,
2022,41,187122101,
2022,39,187217390,
2022,41,187220961,
2022,41,187220967,
2022,41,187220970,
2022,41,187220972,
2022,41,187220975,
2022,21,187279783,
2022,3,187355918,
2022,3,187337259,
2022,39,187337260,
2022,37,187337264,
2022,41,187337271,
2022,41,187337272,
2022,41,187337274,
2022,41,187337276,
2022,21,187337278,
2022,41,187352313,
2022,41,187352317,
2022,41,187352318,
2022,42,187352319,
2022,42,187355922,
2022,3,187355924,
2022,41,187355926,
2022,41,187388459,
2022,41,188879156,
2022,3,187417981,
2022,41,187417982,
2022,41,187417983,
2022,39,187434127,
2022,41,187866933,
2022,41,187866935,
2022,39,187866937,
2022,38,187866938,
2022,41,188879157,
2022,41,187898287,
2022,41,187898290,
2022,41,187898291,
2022,31,187898297,
2022,41,187898308,
2022,39,187980974,
2022,41,187980976,
2022,38,187980978,
2022,41,187980979,
2022,41,187980980,
2022,41,187980982,
2022,3,198109649,
2022,3,188879158,
2022,41,187983105,
2022,41,187983106,
2022,41,188007409,
2022,42,188007410,
2022,42,188007411,
2022,21,188007412,
2022,38,188007417,
2022,3,188879159,
2022,41,188007419,
2022,42,188007420,
2022,41,188010147,
2022,42,188010152,
2022,41,188027442,
2022,41,188027462,
2022,42,188027465,
2022,41,188800583,
2022,41,188800586,
2022,21,188800596,
2022,3,188800599,
2022,3,188809956,
2022,41,188809957,
2022,41,188823660,
2022,38,188895718,
2022,41,188823666,
2022,37,188823671,
2022,41,188823672,
2022,41,188823678,
2022,41,188827132,
2022,21,188895719,
2022,41,188895720,
2022,41,188895721,
2022,3,188895723,
2022,41,188906860,
2022,41,188906868,
2022,38,189089830,
2022,41,189089831,
2022,21,189089832,
2022,41,189089836,
2022,3,189099649,
2022,41,189099652,
2022,31,189099661,
2022,41,189099666,
2022,41,189099669,
2022,41,189099674,
2022,31,189111828,
2022,41,189111829,
2022,41,189111830,
2022,33,189111831,
2022,38,189155231,
2022,41,189155232,
2022,39,189185683,
2022,21,189193714,
2022,41,189193718,
2022,41,189193719,
2022,41,189193720,
2022,41,189193721,
2022,41,189193728,
2022,41,189234446,
2022,38,189241861,
2022,21,189241871,
2022,41,189277584,
2022,3,189277586,
2022,3,189277588,
2022,32,189277589,
2022,42,189277590,
2022,41,189282114,
2022,37,189282115,
2022,38,189282116,
2022,42,189282117,
2022,41,189313970,
2022,41,189313972,
2022,41,189313975,
2022,41,189367086,
2022,9,190179989,
2022,31,189342297,
2022,3,189342301,
2022,38,189342302,
2022,41,189361603,
2022,41,189367087,
2022,21,189456404,
2022,31,189456406,
2022,37,189459678,
2022,38,189459679,
2022,38,189768648,
2022,41,189768650,
2022,41,189768651,
2022,41,189768652,
2022,37,189810862,
2022,37,189810864,
2022,3,191831937,
2022,41,189823571,
2022,41,189823573,
2022,41,189823574,
2022,3,189843023,
2022,3,189843024,
2022,42,189843026,
2022,38,189962721,
2022,21,189962722,
2022,41,189962729,
2022,41,190179990,
2022,41,190041651,
2022,41,190041666,
2022,39,190041675,
2022,41,190044070,
2022,39,190044073,
2022,41,190044074,
2022,41,189111832,
2022,38,190044081,
2022,41,190044082,
2022,41,190044084,
2022,41,190044086,
2022,41,190118770,
2022,37,190118772,
2022,42,190118773,
2022,21,190118779,
2022,41,190122860,
2022,41,190122861,
2022,41,190122867,
2022,41,190230680,
2022,41,190230683,
2022,41,190230684,
2022,38,190230685,
2022,37,190233464,
2022,41,190248457,
2022,41,190248458,
2022,31,190365244,
2022,38,190365245,
2022,41,190365251,
2022,41,190403976,
2022,41,191824981,
2022,41,191824982,
2022,38,190403980,
2022,41,190403982,
2022,38,190446663,
2022,41,190446664,
2022,41,190446666,
2022,21,190446667,
2022,41,190446668,
2022,41,191824983,
2022,39,195447014,
2022,41,190449607,
2022,41,190533654,
2022,38,190539486,
2022,41,190539490,
2022,38,190565169,
2022,41,190623887,
2022,39,190623894,
2022,41,190674617,
2022,3,190674620,
2022,38,190678222,
2022,3,190674622,
2022,41,190674623,
2022,41,190678226,
2022,37,190728753,
2022,33,190733178,
2022,42,190728756,
2022,21,190733181,
2022,41,190859948,
2022,41,190859950,
2022,41,190859951,
2022,39,190864181,
2022,41,190959576,
2022,39,190959578,
2022,3,190989621,
2022,31,190989623,
2022,37,191010061,
2022,21,191010064,
2022,41,191010066,
2022,41,191012978,
2022,21,191012980,
2022,21,191012981,
2022,41,191791470,
2022,41,191012983,
2022,3,191012984,
2022,41,191054047,
2022,39,191054052,
2022,41,191054058,
2022,3,191054061,
2022,41,191054062,
2022,41,191054065,
2022,39,191054067,
2022,37,191054073,
2022,41,191054074,
2022,37,191054076,
2022,38,191054082,
2022,41,191265651,
2022,42,191265662,
2022,41,191265663,
2022,41,191265665,
2022,41,191265669,
2022,41,191265670,
2022,41,191265674,
2022,41,191824985,
2022,41,191265675,
2022,41,191352519,
2022,3,191352521,
2022,41,191352525,
2022,41,191352541,
2022,41,191352550,
2022,21,191352554,
2022,3,191831938,
2022,38,191794434,
2022,38,191824986,
2022,21,191791476,
2022,41,191791477,
2022,38,191791478,
2022,3,191791479,
2022,38,191791480,
2022,41,191791481,
2022,41,191791484,
2022,21,191791487,
2022,21,191791488,
2022,41,191794435,
2022,41,191794447,
2022,41,191794449,
2022,41,191805241,
2022,41,191805246,
2022,21,191824996,
2022,41,191824997,
2022,41,191825002,
2022,38,191825005,
2022,41,191848927,
2022,41,191848928,
2022,41,191848929,
2022,41,191848930,
2022,38,191848931,
2022,41,191878880,
2022,41,191878881,
2022,41,191881031,
2022,41,191881035,
2022,38,191881038,
2022,41,191957844,
2022,41,191957847,
2022,21,192017719,
2022,41,192059366,
2022,41,192059368,
2022,38,192059372,
2022,41,192059373,
2022,3,190859962,
2022,21,192059374,
2022,21,192069940,
2022,41,192069942,
2022,21,190959589,
2022,41,192085900,
2022,41,192069946,
2022,41,192085908,
2022,38,192087762,
2022,37,192087765,
2022,38,192087768,
2022,21,192150282,
2022,41,192150284,
2022,41,192150287,
2022,41,192150288,
2022,38,192150289,
2022,38,192150291,
2022,41,192161072,
2022,41,192196099,
2022,41,192196102,
2022,41,192196105,
2022,21,192196107,
2022,38,194332286,
2022,3,192409852,
2022,41,192409856,
2022,41,192425957,
2022,38,192458492,
2022,41,192458504,
2022,41,192458510,
2022,38,192554767,
2022,41,192554785,
2022,38,192597634,
2022,38,192554793,
2022,38,194332287,
2022,41,192597636,
2022,41,192597637,
2022,41,192597639,
2022,41,192754273,
2022,41,192754279,
2022,38,192754280,
2022,41,194332300,
2022,41,194332301,
2022,41,194332304,
2022,41,194332305,
2022,41,194332309,
2022,41,194332310,
2022,38,194332311,
2022,42,194332312,
2022,41,194332314,
2022,41,194332322,
2022,37,194332327,
2022,41,194332331,
2022,3,194332338,
2022,41,194332342,
2022,41,194332348,
2022,41,194332353,
2022,3,194332354,
2022,3,197683464,
2022,3,194332357,
2022,41,194332358,
2022,41,194332363,
2022,37,194332364,
2022,41,194332366,
2022,38,194332368,
2022,31,194332372,
2022,38,194332377,
2022,41,194332378,
2022,41,194332380,
2022,21,194332391,
2022,21,194332395,
2022,41,194332396,
2022,41,194332401,
2022,38,194332414,
2022,41,194332420,
2022,9,194752854,
2022,41,194332427,
2022,41,194332428,
2022,21,194332433,
2022,41,194332437,
2022,41,194332441,
2022,41,194332442,
2022,41,194332444,
2022,38,194332445,
2022,41,194332450,
2022,41,194332455,
2022,37,194332460,
2022,37,194332463,
2022,42,194332464,
2022,38,194332465,
2022,41,194332467,
2022,38,194332468,
2022,41,194332470,
2022,41,194332473,
2022,21,194332475,
2022,42,194332483,
2022,41,194756617,
2022,41,194332491,
2022,41,194332494,
2022,41,194332498,
2022,3,194332500,
2022,42,194332502,
2022,21,194332505,
2022,41,194332508,
2022,3,194332509,
2022,42,194332514,
2022,41,194332515,
2022,41,194332516,
2022,37,194332518,
2022,41,194332521,
2022,3,194332523,
2022,41,194332524,
2022,41,194332526,
2022,41,194332532,
2022,36,194332538,
2022,41,194332540,
2022,41,194332542,
2022,42,194332547,
2022,41,194332555,
2022,41,194332556,
2022,41,194332558,
2022,38,194332563,
2022,41,194332564,
2022,41,194332565,
2022,41,194332572,
2022,41,194332573,
2022,38,194332576,
2022,41,194332580,
2022,21,194332584,
2022,21,194332588,
2022,41,194332589,
2022,41,194332594,
2022,41,194332596,
2022,21,194332597,
2022,41,194332600,
2022,41,194332605,
2022,41,194332609,
2022,42,194332613,
2022,37,194332615,
2022,38,194332622,
2022,41,194332623,
2022,41,194332624,
2022,41,194332625,
2022,41,194332628,
2022,41,194332636,
2022,42,194332646,
2022,41,194332647,
2022,38,195623913,
2022,21,194332673,
2022,41,194752857,
2022,21,194756619,
2022,7,194756634,
2022,41,196722032,
2022,38,195132609,
2022,41,195150102,
2022,41,195150104,
2022,41,195150106,
2022,41,195199810,
2022,31,195218765,
2022,41,195218766,
2022,41,195218769,
2022,41,195264489,
2022,41,195264494,
2022,42,195264497,
2022,31,195279090,
2022,42,195279093,
2022,38,195279094,
2022,41,195279096,
2022,41,195333917,
2022,41,195333919,
2022,37,195343327,
2022,41,195343329,
2022,41,195343331,
2022,38,195343333,
2022,41,195343334,
2022,41,195343335,
2022,41,195343338,
2022,41,195350809,
2022,41,195350810,
2022,38,195424314,
2022,31,195424318,
2022,38,195424319,
2022,41,195424323,
2022,41,195424325,
2022,41,195424327,
2022,41,195447017,
2022,41,195452839,
2022,38,195452843,
2022,41,196412379,
2022,41,195452845,
2022,37,195522697,
2022,41,195623921,
2022,41,196412380,
2022,3,195279100,
2022,3,196412382,
2022,41,195878999,
2022,41,195879000,
2022,21,195881583,
2022,38,195881590,
2022,37,195881593,
2022,38,195881594,
2022,21,195881595,
2022,41,195943773,
2022,41,195964808,
2022,41,196412383,
2022,41,196412384,
2022,41,195964809,
2022,41,195964810,
2022,41,195964811,
2022,33,195964814,
2022,37,195964815,
2022,37,196074018,
2022,41,196074024,
2022,37,196074027,
2022,41,196142542,
2022,41,196168053,
2022,38,197348636,
2022,41,196168060,
2022,41,196176908,
2022,3,196412385,
2022,41,196412387,
2022,38,196412391,
2022,41,177405104,
2022,41,177520828,
2022,41,177534163,
2022,32,177552777,
2022,41,177552778,
2022,41,177552780,
2022,41,178053497,
2022,41,178053498,
2022,41,178053505,
2022,21,178490340,
2022,21,178490341,
2022,41,181419873,
2022,41,181419874,
2022,41,181419877,
2022,41,181419878,
2022,41,181422140,
2022,41,181438882,
2022,41,187898317,
2022,41,188007422,
2022,41,188010157,
2022,41,188027469,
2022,41,192059375,
2022,42,192069948,
2022,41,192150294,
2022,41,192150295,
2022,41,192150299,
2022,41,195764696,
2022,41,195764697,
2022,41,195764698,
2022,41,196822928,
2022,41,196822929,
2022,41,196938608,
2022,41,196945846,
2022,41,196992720,
2022,41,196992721,
2022,41,197031909,
2022,31,197031910,
2022,31,197138234,
2022,41,197138235,
2022,41,197138236,
2022,41,199569154,
2022,41,199569156,
2022,41,199569157,
2022,41,199569159,
2022,41,199597535,
2022,31,199603946,
2022,41,199608776,
2022,41,199733922,
2022,41,199733926,
2022,41,199733929,
2022,41,199743228,
2022,41,199743229,
2022,42,200159997,
2022,41,200159999,
2022,3,200160000,
2022,38,200818671,
2022,41,200886342,
2022,41,180024498,
2022,41,180075599,
2022,41,180075601,
2022,41,180383229,
2022,41,180383236,
2022,41,192017723,
2022,41,194333262,
2022,41,178289006,
2022,41,178289008,
2022,42,179101533,
2022,41,181277334,
2022,41,181530266,
2022,42,182655222,
2022,41,183893047,
2022,41,184244210,
2022,38,184244212,
2022,38,185143503,
2022,41,185143505,
2022,41,185372255,
2022,41,187101856,
2022,41,187101858,
2022,41,188663014,
2022,38,189155234,
2022,41,189155235,
2022,41,189155236,
2022,38,189193738,
2022,41,190122881,
2022,41,190449609,
2022,21,190122883,
2022,41,190449610,
2022,41,190728757,
2022,41,191848933,
2022,41,191957854,
2022,41,194337251,
2022,41,194337259,
2022,41,194337262,
2022,41,195623927,
2022,41,199439637,
2022,41,178294928,
2022,42,175914772,
2022,42,176709539,
2022,21,176709540,
2022,21,176709541,
2022,39,181460050,
2022,31,179933811,
2022,41,176709546,
2022,42,176709547,
2022,41,177235155,
2022,41,177068829,
2022,41,177188876,
2022,41,177235156,
2022,41,177118989,
2022,41,177400543,
2022,42,177102493,
2022,21,178200094,
2022,41,177522333,
2022,41,199439638,
2022,41,179104714,
2022,37,178326018,
2022,41,179019530,
2022,41,182655325,
2022,38,189298101,
2022,41,177553970,
2022,41,178237080,
2022,41,178215596,
2022,41,178215597,
2022,41,180075615,
2022,41,178397337,
2022,41,178237088,
2022,39,178237090,
2022,39,178237091,
2022,41,182655331,
2022,41,178294940,
2022,42,178326022,
2022,41,178354285,
2022,41,178397343,
2022,41,182655337,
2022,41,178504695,
2022,41,178809306,
2022,41,178878711,
2022,41,178938311,
2022,42,194337423,
2022,41,182655342,
2022,41,182938820,
2022,41,179238632,
2022,41,179383069,
2022,42,194337425,
2022,41,179383072,
2022,41,179559733,
2022,21,180949188,
2022,41,181286943,
2022,42,180180500,
2022,41,180180502,
2022,41,181286947,
2022,41,180573853,
2022,41,180573856,
2022,41,181387890,
2022,41,181482939,
2022,41,181494687,
2022,41,181494688,
2022,41,181522657,
2022,41,182655370,
2022,41,182655371,
2022,41,182912500,
2022,38,181449886,
2022,41,184129665,
2022,41,182982857,
2022,41,182655395,
2022,41,181475504,
2022,41,182655397,
2022,38,182982859,
2022,41,181522664,
2022,21,191001100,
2022,21,191001101,
2022,41,182655410,
2022,38,181664378,
2022,41,182982862,
2022,41,182655412,
2022,38,181664380,
2022,41,181664381,
2022,41,181664385,
2022,38,182655430,
2022,38,182655431,
2022,42,182655443,
2022,3,183895893,
2022,3,183895894,
2022,37,182764783,
2022,42,189197205,
2022,41,182655460,
2022,41,182655468,
2022,41,182655480,
2022,41,182655487,
2022,41,182780579,
2022,41,183218030,
2022,41,182655508,
2022,41,182655510,
2022,41,197919409,
2022,41,182655517,
2022,41,182655519,
2022,41,182656060,
2022,21,182655527,
2022,41,182655531,
2022,21,187388465,
2022,21,187388466,
2022,41,182655540,
2022,42,183461183,
2022,41,182655543,
2022,41,182656061,
2022,41,182795523,
2022,41,182880621,
2022,41,182708815,
2022,42,182938831,
2022,41,182794642,
2022,41,182988537,
2022,41,183928229,
2022,41,182905804,
2022,41,183387720,
2022,41,183669666,
2022,42,183073842,
2022,41,187128905,
2022,42,183461190,
2022,37,185713696,
2022,41,187724411,
2022,21,194337454,
2022,41,189350256,
2022,41,197247161,
2022,41,183992571,
2022,31,194337456,
2022,31,194337457,
2022,39,184129666,
2022,41,184129667,
2022,21,184129668,
2022,21,184129669,
2022,41,183944711,
2022,21,184082750,
2022,35,187360313,
2022,35,187360314,
2022,41,184342933,
2022,41,184280513,
2022,41,184088483,
2022,41,188677918,
2022,41,184474257,
2022,31,184353380,
2022,31,184353381,
2022,41,196958636,
2022,3,184417122,
2022,7,195987934,
2022,7,195987935,
2022,41,184255967,
2022,42,187505520,
2022,41,195987936,
2022,21,184342939,
2022,41,185206034,
2022,21,188890939,
2022,21,194337461,
2022,21,194337462,
2022,41,184417127,
2022,41,185896503,
2022,41,184600798,
2022,42,195429622,
2022,41,184838593,
2022,41,190544275,
2022,41,188013721,
2022,41,185198467,
2022,41,185169947,
2022,41,185198469,
2022,41,185198472,
2022,21,185659579,
2022,42,185444944,
2022,3,188910205,
2022,41,191412397,
2022,41,185820662,
2022,41,187041251,
2022,41,185551365,
2022,41,185517487,
2022,42,185835904,
2022,42,190044088,
2022,32,194337466,
2022,32,194337468,
2022,42,187360318,
2022,41,186237608,
2022,41,186237609,
2022,41,199439642,
2022,41,185928551,
2022,42,185839039,
2022,35,185896506,
2022,41,186299054,
2022,42,189464292,
2022,41,189971968,
2022,41,189000937,
2022,21,186704482,
2022,41,187016537,
2022,42,194337473,
2022,32,187635436,
2022,41,187635437,
2022,41,187417985,
2022,42,187340142,
2022,21,187340143,
2022,41,188104127,
2022,41,187311049,
2022,38,187513464,
2022,42,194337477,
2022,42,187360329,
2022,42,190544277,
2022,42,187858930,
2022,41,190248459,
2022,21,187898325,
2022,41,187635443,
2022,41,188519718,
2022,42,188817399,
2022,41,187913067,
2022,41,187763822,
2022,41,187989246,
2022,41,189197212,
2022,31,189197214,
2022,41,188038619,
2022,42,191111902,
2022,38,189367089,
2022,41,188038621,
2022,41,188129239,
2022,3,189815515,
2022,41,188511494,
2022,41,188129245,
2022,41,188655343,
2022,41,189000938,
2022,41,188677930,
2022,42,189161501,
2022,41,189265577,
2022,41,189371769,
2022,41,200994826,
2022,41,189371770,
2022,41,190048694,
2022,21,199972492,
2022,38,189197218,
2022,41,189060916,
2022,41,189060919,
2022,41,189298165,
2022,32,192161074,
2022,21,192161075,
2022,42,191859107,
2022,41,190248461,
2022,39,195116008,
2022,37,194337496,
2022,42,197919411,
2022,41,189971977,
2022,41,189371777,
2022,21,189990859,
2022,39,197206440,
2022,41,189962736,
2022,41,194337512,
2022,21,189990861,
2022,41,189815518,
2022,42,200829813,
2022,41,194337516,
2022,41,190408774,
2022,41,190745432,
2022,31,194337521,
2022,31,194337523,
2022,41,190129705,
2022,41,190453951,
2022,41,192441966,
2022,41,190544297,
2022,42,190581156,
2022,41,191015697,
2022,41,191001111,
2022,41,190869382,
2022,41,191835944,
2022,41,191001114,
2022,41,192161076,
2022,41,192161077,
2022,38,194337538,
2022,31,194337539,
2022,41,194337540,
2022,41,191807247,
2022,41,192150308,
2022,41,192796836,
2022,41,191111916,
2022,41,191134999,
2022,41,191130203,
2022,41,191835949,
2022,41,194337546,
2022,41,192343766,
2022,38,194337548,
2022,21,191859120,
2022,42,192096158,
2022,42,192021725,
2022,41,191872307,
2022,42,191875256,
2022,41,194337557,
2022,41,194337561,
2022,41,197066796,
2022,31,196159429,
2022,42,192343780,
2022,42,197006592,
2022,3,194337572,
2022,41,194337577,
2022,21,194337596,
2022,42,194337597,
2022,41,194337598,
2022,41,194337599,
2022,41,194337602,
2022,41,194337605,
2022,38,196823048,
2022,38,196823049,
2022,42,194337610,
2022,41,194337619,
2022,39,199972493,
2022,21,194337626,
2022,41,194337629,
2022,41,196938668,
2022,21,194337633,
2022,41,194337638,
2022,39,197293609,
2022,41,194337646,
2022,42,194337647,
2022,42,194337667,
2022,21,194337671,
2022,21,194337672,
2022,42,194337676,
2022,41,194337681,
2022,31,194337682,
2022,41,194337686,
2022,41,194337691,
2022,41,194337697,
2022,21,195136770,
2022,21,195136771,
2022,41,194337713,
2022,42,196938669,
2022,38,194337734,
2022,21,194337735,
2022,41,194337751,
2022,41,194337753,
2022,41,194337756,
2022,42,194756635,
2022,41,194337763,
2022,41,194337774,
2022,41,198358585,
2022,41,194337777,
2022,42,197006593,
2022,41,194337783,
2022,41,197716520,
2022,42,199880950,
2022,32,199582748,
2022,41,194720294,
2022,41,194742084,
2022,42,195284155,
2022,41,195429629,
2022,41,195429631,
2022,31,200562981,
2022,31,200562982,
2022,42,199699147,
2022,9,198129437,
2022,42,195764699,
2022,21,195764701,
2022,42,196159434,
2022,41,177534168,
2022,38,177534169,
2022,41,178022600,
2022,41,177534170,
2022,41,178022601,
2022,41,179994790,
2022,41,180121037,
2022,21,180121042,
2022,41,179544512,
2022,41,179994807,
2022,41,179544514,
2022,41,182655578,
2022,41,181627012,
2022,41,182932390,
2022,41,182655579,
2022,41,181767384,
2022,41,182655581,
2022,21,182945126,
2022,41,182886093,
2022,41,182932391,
2022,41,182932392,
2022,3,182901829,
2022,41,182932393,
2022,41,184241490,
2022,41,184241492,
2022,41,184241493,
2022,41,184241498,
2022,41,186377776,
2022,41,186207614,
2022,41,186377785,
2022,41,186377794,
2022,41,186970542,
2022,41,186970543,
2022,42,187013280,
2022,41,187639087,
2022,42,187631428,
2022,41,187645224,
2022,41,187631429,
2022,42,187631431,
2022,41,187645225,
2022,38,187645226,
2022,41,189342307,
2022,41,189282127,
2022,41,189342309,
2022,41,189342310,
2022,41,190733183,
2022,41,191010071,
2022,41,191010072,
2022,41,191010073,
2022,41,191010074,
2022,41,190773272,
2022,41,194338048,
2022,41,194338050,
2022,41,194338055,
2022,41,194338059,
2022,41,195370856,
2022,38,195373398,
2022,41,195373400,
2022,41,196144148,
2022,41,196621981,
2022,41,196621982,
2022,41,196621983,
2022,42,176606426,
2022,41,176606432,
2022,41,177518550,
2022,41,177599993,
2022,41,179239154,
2022,41,179590367,
2022,41,181530271,
2022,37,181530272,
2022,3,181426842,
2022,37,181530278,
2022,42,182655781,
2022,42,182655782,
2022,41,182880638,
2022,41,182880639,
2022,42,186908717,
2022,41,183387726,
2022,41,184128388,
2022,41,184128390,
2022,41,186154242,
2022,41,186377821,
2022,41,186377841,
2022,41,186377853,
2022,41,186377868,
2022,41,186377904,
2022,41,186110676,
2022,41,186908722,
2022,41,186909177,
2022,41,187128912,
2022,41,187217397,
2022,38,188007426,
2022,41,188007427,
2022,41,188007428,
2022,41,188007431,
2022,41,189246269,
2022,41,189246270,
2022,41,189246274,
2022,41,189246275,
2022,41,189991939,
2022,41,189991940,
2022,41,191805247,
2022,41,191805254,
2022,41,194338593,
2022,41,194338594,
2022,41,194338595,
2022,41,194338602,
2022,38,194611015,
2022,41,195282869,
2022,41,195282873,
2022,41,195282876,
2022,41,185871959,
2022,41,188663016,
2022,41,194321571,
2022,38,197015553,
2022,41,197437608,
2022,41,183907301,
2022,41,202651832,
2022,21,202655023,
2022,41,183907403,
2022,41,183907404,
2022,41,183907405,
2022,38,183907408,
2022,41,183907415,
2022,41,183907416,
2022,41,183907419,
2022,41,183907420,
2022,38,183907421,
2022,41,183907424,
2022,3,183907426,
2022,41,183907427,
2022,41,183907432,
2022,38,183907433,
2022,41,183907434,
2022,21,183907436,
2022,41,183907449,
2022,41,183907450,
2022,41,183907451,
2022,41,183907453,
2022,41,183907457,
2022,41,183907462,
2022,41,183907470,
2022,41,183907473,
2022,41,183907474,
2022,41,183907476,
2022,41,183907480,
2022,41,183907485,
2022,41,183907487,
2022,41,183907490,
2022,41,183907492,
2022,5,183907505,
2022,41,183907514,
2022,38,183907515,
2022,41,183907517,
2022,38,183907527,
2022,41,183907528,
2022,41,183907534,
2022,41,183907537,
2022,41,183907541,
2022,41,183907546,
2022,38,183907549,
2022,41,183907557,
2022,41,183907558,
2022,41,183907560,
2022,41,183907561,
2022,41,183907569,
2022,38,183907570,
2022,38,183907571,
2022,32,183907572,
2022,41,183907573,
2022,41,183907574,
2022,41,183907583,
2022,41,183907586,
2022,41,183907587,
2022,41,183907590,
2022,41,183907594,
2022,41,183907595,
2022,41,183907597,
2022,21,183907599,
2022,41,183907602,
2022,41,183907603,
2022,41,183907604,
2022,41,183907605,
2022,41,183907606,
2022,38,183907608,
2022,3,187417988,
2022,41,183907616,
2022,41,183907617,
2022,41,183907618,
2022,41,183907619,
2022,41,183907626,
2022,41,183907633,
2022,41,183907636,
2022,41,183954230,
2022,41,184232329,
2022,38,184127002,
2022,41,184127009,
2022,41,184127014,
2022,41,184289202,
2022,41,184869415,
2022,3,184822159,
2022,41,184822162,
2022,41,184832858,
2022,41,185372258,
2022,41,184869418,
2022,41,185441986,
2022,41,185441987,
2022,21,185783876,
2022,41,185631737,
2022,41,186281208,
2022,41,185783880,
2022,41,185783882,
2022,38,185783883,
2022,41,186622117,
2022,41,186281209,
2022,31,186165418,
2022,41,186165420,
2022,41,186165423,
2022,41,186622118,
2022,41,186622120,
2022,3,187310426,
2022,41,186684900,
2022,41,186880360,
2022,41,187013282,
2022,21,187013283,
2022,41,187033071,
2022,41,187033072,
2022,41,187310428,
2022,41,187417989,
2022,41,187352330,
2022,41,187337281,
2022,41,200609239,
2022,41,189282133,
2022,41,188096128,
2022,41,188046616,
2022,41,188096132,
2022,21,188096134,
2022,41,188046618,
2022,3,188046622,
2022,41,189768653,
2022,41,189282140,
2022,41,189313985,
2022,41,189313987,
2022,41,189282153,
2022,41,189342314,
2022,41,189342316,
2022,41,189342317,
2022,41,189282158,
2022,41,189342318,
2022,41,189342319,
2022,41,189282172,
2022,41,189282178,
2022,41,190041714,
2022,41,190230690,
2022,41,190365261,
2022,41,190365265,
2022,41,190417397,
2022,41,190417398,
2022,41,200609242,
2022,41,190674629,
2022,41,190714246,
2022,41,190728759,
2022,41,190859969,
2022,41,190859970,
2022,41,190859971,
2022,21,191825009,
2022,41,191825012,
2022,41,191825013,
2022,38,191957858,
2022,21,197138239,
2022,41,191957860,
2022,41,192150310,
2022,41,192458561,
2022,41,192754284,
2022,41,192754285,
2022,41,194332895,
2022,41,194332898,
2022,41,194332899,
2022,41,194332900,
2022,41,194332901,
2022,41,194332903,
2022,41,194332905,
2022,41,194332908,
2022,41,194332914,
2022,41,194332916,
2022,41,194332918,
2022,41,194332923,
2022,41,194332925,
2022,41,194332926,
2022,41,194332927,
2022,41,194332934,
2022,41,194332948,
2022,41,195114687,
2022,41,195114688,
2022,41,195114689,
2022,41,195114692,
2022,41,195114702,
2022,1,200620374,
2022,41,195173306,
2022,41,195173312,
2022,41,197138240,
2022,41,197138241,
2022,3,195173318,
2022,3,195174125,
2022,41,195452852,
2022,41,195452853,
2022,41,195764705,
2022,41,195764706,
2022,41,195764707,
2022,41,195764708,
2022,41,195764709,
2022,41,195881597,
2022,41,195881601,
2022,41,195881603,
2022,41,197138243,
2022,41,184337403,
2022,41,184337405,
2022,41,184392700,
2022,41,187013287,
2022,38,187013288,
2022,3,184410342,
2022,31,184474233,
2022,41,184474234,
2022,31,184474235,
2022,41,184474236,
2022,9,184484418,
2022,3,184474238,
2022,41,184484420,
2022,41,184625179,
2022,3,184811142,
2022,41,184811142,
2022,41,184625182,
2022,1,184625191,
2022,3,184811143,
2022,3,184811147,
2022,21,184811148,
2022,21,184811151,
2022,41,184811154,
2022,41,184811162,
2022,41,184811164,
2022,41,184811165,
2022,41,184817414,
2022,3,184832862,
2022,41,184832882,
2022,41,184832884,
2022,41,184832885,
2022,1,184832889,
2022,41,184832896,
2022,41,184869419,
2022,41,184836255,
2022,3,184942752,
2022,41,184942754,
2022,3,184942758,
2022,41,201866161,
2022,41,184942768,
2022,41,184942770,
2022,41,199172536,
2022,31,184971608,
2022,41,184971613,
2022,41,184971614,
2022,41,184971615,
2022,41,187013294,
2022,31,187013296,
2022,41,187013296,
2022,41,187013297,
2022,41,187013298,
2022,41,187217401,
2022,41,187220976,
2022,41,187220977,
2022,41,187220982,
2022,41,187220983,
2022,41,188823680,
2022,41,188823684,
2022,38,188823686,
2022,41,188827138,
2022,41,188827140,
2022,41,188827144,
2022,41,188827145,
2022,3,188827146,
2022,38,188827149,
2022,3,188827150,
2022,21,188827151,
2022,41,188827151,
2022,21,188827152,
2022,21,195890329,
2022,41,188827156,
2022,3,188827159,
2022,41,188827161,
2022,41,195890332,
2022,38,190561707,
2022,38,190565173,
2022,41,190565174,
2022,41,195890334,
2022,41,190623897,
2022,41,190628287,
2022,41,190628289,
2022,41,190628299,
2022,41,190628301,
2022,41,192161078,
2022,41,192161079,
2022,41,192161080,
2022,41,192161081,
2022,41,192161082,
2022,31,192182762,
2022,41,192182762,
2022,41,192182763,
2022,41,192182764,
2022,41,192182766,
2022,41,192182767,
2022,41,192182771,
2022,41,194332811,
2022,41,197697830,
2022,41,194332814,
2022,41,194332817,
2022,3,194332821,
2022,41,195890338,
2022,41,194332824,
2022,41,194332825,
2022,41,194332826,
2022,41,194332827,
2022,38,195890339,
2022,41,195890340,
2022,41,201866162,
2022,41,195890342,
2022,41,195890343,
2022,41,195890344,
2022,41,195890354,
2022,41,195890357,
2022,41,195890358,
2022,38,195890360,
2022,41,195890361,
2022,41,195890369,
2022,3,195890370,
2022,42,197697834,
2022,3,183907698,
2022,41,183907699,
2022,41,183907701,
2022,3,183907706,
2022,3,183907710,
2022,41,183907713,
2022,3,183907714,
2022,41,183907715,
2022,31,183907716,
2022,41,183907718,
2022,41,183907719,
2022,41,183907721,
2022,41,183907722,
2022,41,183907724,
2022,41,183907725,
2022,41,183907727,
2022,31,183907728,
2022,41,183907729,
2022,41,183907730,
2022,41,183907734,
2022,3,183907737,
2022,41,183907740,
2022,41,183907742,
2022,41,183907745,
2022,41,183907746,
2022,3,183907747,
2022,3,183907748,
2022,41,183907749,
2022,41,183907751,
2022,31,183907755,
2022,31,183907757,
2022,21,183907758,
2022,41,183907760,
2022,41,183907761,
2022,3,183907764,
2022,3,183907765,
2022,41,183907766,
2022,41,183907767,
2022,41,183907769,
2022,41,183907782,
2022,41,183907783,
2022,41,183907784,
2022,41,183907785,
2022,37,183907789,
2022,3,184127016,
2022,41,184127019,
2022,41,184168831,
2022,41,184168832,
2022,3,184168836,
2022,41,184232330,
2022,3,184232331,
2022,41,184232332,
2022,3,184241504,
2022,41,184244213,
2022,3,184244215,
2022,3,185487890,
2022,21,185487891,
2022,3,185487892,
2022,41,185487894,
2022,41,185871960,
2022,21,186693615,
2022,21,186693616,
2022,41,186693617,
2022,41,186693619,
2022,3,186699332,
2022,41,187033074,
2022,41,187033075,
2022,3,187220984,
2022,41,187220985,
2022,3,187220986,
2022,3,187220987,
2022,3,187220988,
2022,41,187220990,
2022,41,187220993,
2022,3,187220994,
2022,3,187220996,
2022,41,187220997,
2022,41,187221000,
2022,3,188007436,
2022,3,195132613,
2022,3,188010164,
2022,41,188010173,
2022,41,188511500,
2022,3,189342324,
2022,41,189361617,
2022,41,189361618,
2022,3,189361619,
2022,3,189361625,
2022,3,189393925,
2022,3,191831947,
2022,21,192279831,
2022,41,194333770,
2022,41,194333771,
2022,3,194333773,
2022,3,194333775,
2022,41,194333776,
2022,41,194333777,
2022,41,194333778,
2022,3,194333780,
2022,41,194333782,
2022,41,194333783,
2022,41,194333786,
2022,41,194333788,
2022,3,194333789,
2022,3,194333792,
2022,41,194333800,
2022,3,194333802,
2022,1,194333804,
2022,41,194333806,
2022,31,194333807,
2022,1,194333808,
2022,21,195132615,
2022,31,201004710,
2022,41,194333821,
2022,3,194333828,
2022,3,194333833,
2022,39,194333836,
2022,3,194333842,
2022,1,194333843,
2022,41,194333852,
2022,41,195080974,
2022,41,195080976,
2022,41,195110960,
2022,3,195132616,
2022,3,195150112,
2022,41,195158911,
2022,3,195333929,
2022,41,195333930,
2022,3,196689275,
2022,41,196822989,
2022,21,196689277,
2022,41,196938616,
2022,3,196938617,
2022,1,196938618,
2022,3,196945856,
2022,41,196945857,
2022,41,196945859,
2022,3,197437612,
2022,3,197437613,
2022,3,197221931,
2022,42,198923716,
2022,41,198923719,
2022,41,183907817,
2022,41,183907820,
2022,41,183907823,
2022,41,183907827,
2022,41,183907831,
2022,41,183907832,
2022,41,183907835,
2022,41,183907838,
2022,42,183907842,
2022,41,183907844,
2022,41,183907846,
2022,41,183907857,
2022,41,183907859,
2022,41,183907860,
2022,41,183907878,
2022,41,183907879,
2022,41,183907897,
2022,21,183907899,
2022,21,183907900,
2022,32,202150624,
2022,3,183907908,
2022,41,183907912,
2022,41,184087266,
2022,3,184087268,
2022,1,186165424,
2022,41,186165425,
2022,41,187279789,
2022,41,187281353,
2022,41,187281354,
2022,41,187309531,
2022,21,188422503,
2022,41,189105624,
2022,41,189369535,
2022,42,191834702,
2022,41,194764364,
2022,3,195429642,
2022,1,196992728,
2022,38,183907923,
2022,41,183907925,
2022,41,183907926,
2022,41,183907930,
2022,41,183907931,
2022,41,183907934,
2022,41,183907935,
2022,38,183907938,
2022,41,183907939,
2022,41,183907940,
2022,41,183907944,
2022,41,183907945,
2022,41,183907948,
2022,41,183907949,
2022,41,184337579,
2022,41,186334105,
2022,41,186334106,
2022,41,187013301,
2022,41,188823688,
2022,31,188823689,
2022,21,199148257,
2022,41,199148258,
2022,9,190701679,
2022,41,190701680,
2022,41,192182772,
2022,41,192813935,
2022,41,194338623,
2022,41,194338629,
2022,41,196412444,
2022,41,196412445,
2022,38,176704669,
2022,41,177139546,
2022,41,178831006,
2022,41,181451743,
2022,41,181528291,
2022,41,182643772,
2022,41,183450352,
2022,41,190628305,
2022,41,192196117,
2022,41,195174129,
2022,41,182643783,
2022,41,183954232,
2022,42,186067440,
2022,42,186067444,
2022,42,188879160,
2022,41,192458568,
2022,38,194317138,
2022,41,194317145,
2022,41,195132618,
2022,41,176704670,
2022,41,176704673,
2022,41,177518574,
2022,41,177115977,
2022,39,177115977,
2022,41,177325206,
2022,41,177115978,
2022,39,177115978,
2022,41,177115984,
2022,41,177325211,
2022,41,177325212,
2022,41,178053515,
2022,41,187355928,
2022,41,178659957,
2022,21,178659959,
2022,21,178659960,
2022,41,187355929,
2022,38,180339311,
2022,41,180383255,
2022,1,177518582,
2022,41,182932132,
2022,41,181408318,
2022,41,181426843,
2022,41,181433109,
2022,38,181483430,
2022,41,181477969,
2022,41,181477970,
2022,39,181483431,
2022,38,181517282,
2022,41,181523363,
2022,41,181767392,
2022,38,182932145,
2022,41,182647305,
2022,41,182647311,
2022,21,185713698,
2022,41,182800718,
2022,21,182982060,
2022,41,183209691,
2022,41,183209695,
2022,9,187355933,
2022,41,183988417,
2022,41,183988418,
2022,41,183988420,
2022,41,184087660,
2022,41,184108392,
2022,41,184087661,
2022,41,184087662,
2022,41,187645227,
2022,41,184289065,
2022,41,184289066,
2022,41,184289067,
2022,42,186684904,
2022,41,185673228,
2022,41,185441989,
2022,41,185479356,
2022,41,185479357,
2022,41,185631747,
2022,41,185631750,
2022,1,194324024,
2022,41,185871964,
2022,41,186334111,
2022,41,186693623,
2022,41,187505531,
2022,42,187027521,
2022,32,188034939,
2022,32,188034940,
2022,39,187378036,
2022,41,187639098,
2022,41,187639099,
2022,41,187639101,
2022,21,187866954,
2022,21,187866955,
2022,41,187866957,
2022,41,188027472,
2022,38,188046631,
2022,41,188647749,
2022,41,188647751,
2022,41,188895737,
2022,38,189054712,
2022,41,189054713,
2022,41,189266397,
2022,39,189266398,
2022,41,190623904,
2022,1,190623905,
2022,41,189456411,
2022,41,189456412,
2022,41,189823577,
2022,41,190041737,
2022,38,190623911,
2022,41,190446684,
2022,41,190446685,
2022,41,190365274,
2022,41,190403986,
2022,41,190365275,
2022,41,190365277,
2022,41,190365278,
2022,41,190417400,
2022,3,190417401,
2022,41,190446687,
2022,41,190561709,
2022,41,194324027,
2022,31,190600859,
2022,38,190600862,
2022,41,190692039,
2022,41,194324028,
2022,41,191878891,
2022,41,191794451,
2022,41,191794452,
2022,41,191794455,
2022,41,194324031,
2022,38,191957868,
2022,41,192754287,
2022,41,194324046,
2022,41,192754291,
2022,41,192754292,
2022,41,194324057,
2022,41,194324059,
2022,41,194324061,
2022,41,194324069,
2022,1,194324070,
2022,41,194324071,
2022,41,194324080,
2022,41,194752865,
2022,41,194609888,
2022,41,194752870,
2022,42,195424336,
2022,39,195424337,
2022,41,195424339,
2022,41,195424343,
2022,41,195424345,
2022,39,177648101,
2022,41,177648106,
2022,41,177648113,
2022,38,177648113,
2022,41,177648123,
2022,41,177648128,
2022,3,178022604,
2022,41,177648147,
2022,41,177648160,
2022,41,177648162,
2022,41,177648175,
2022,41,177648178,
2022,41,177648185,
2022,41,177648188,
2022,41,177648190,
2022,3,177648203,
2022,41,178022609,
2022,41,178022610,
2022,41,178022611,
2022,41,178289012,
2022,41,178053516,
2022,41,178219913,
2022,41,178372165,
2022,41,178372166,
2022,41,178372167,
2022,41,179095768,
2022,41,179095769,
2022,41,179101542,
2022,41,179186170,
2022,41,179186172,
2022,41,179544529,
2022,41,179590370,
2022,41,179590377,
2022,41,179642641,
2022,41,180383267,
2022,41,180383285,
2022,41,180781485,
2022,39,181291086,
2022,41,181294013,
2022,41,181316014,
2022,41,181316017,
2022,41,181419892,
2022,1,181426844,
2022,41,181426845,
2022,41,181433113,
2022,41,181453641,
2022,41,181453642,
2022,41,181453644,
2022,38,181476565,
2022,41,181476571,
2022,41,181476572,
2022,41,181513405,
2022,41,181577245,
2022,41,181627015,
2022,41,181653348,
2022,41,181653349,
2022,41,181736816,
2022,38,181736816,
2022,41,182651808,
2022,41,182651809,
2022,41,182912449,
2022,41,182651814,
2022,41,182912450,
2022,32,182651817,
2022,41,182651817,
2022,41,182651822,
2022,41,182651832,
2022,41,182651834,
2022,41,182651836,
2022,41,182651841,
2022,39,182651842,
2022,41,182901536,
2022,41,182901537,
2022,39,182901539,
2022,38,182901541,
2022,41,182982619,
2022,41,182993469,
2022,41,182993471,
2022,41,183153031,
2022,41,183153034,
2022,41,183153035,
2022,41,183410056,
2022,41,183450724,
2022,41,183705655,
2022,41,183705656,
2022,41,183842881,
2022,41,183705657,
2022,32,183893049,
2022,41,183893051,
2022,41,184244217,
2022,38,183954240,
2022,41,183971126,
2022,41,183971128,
2022,41,183988422,
2022,41,184148070,
2022,21,184168838,
2022,21,184168839,
2022,41,184168840,
2022,41,184168841,
2022,38,184228550,
2022,41,184232335,
2022,41,184232337,
2022,41,184241509,
2022,41,184244219,
2022,41,184244220,
2022,41,203221035,
2022,41,184289175,
2022,41,184392502,
2022,41,184392504,
2022,41,184474224,
2022,41,184625202,
2022,41,184822167,
2022,41,184971618,
2022,41,184971619,
2022,1,185283741,
2022,41,185283743,
2022,41,185479358,
2022,41,185479360,
2022,41,185487898,
2022,38,185567186,
2022,38,185567187,
2022,41,185567188,
2022,41,185713700,
2022,38,185713701,
2022,41,185776733,
2022,3,186041304,
2022,41,186140092,
2022,41,186622133,
2022,41,186622137,
2022,41,186679110,
2022,41,186693625,
2022,39,186693626,
2022,41,187734862,
2022,41,187033077,
2022,41,187033078,
2022,38,187734863,
2022,41,187033082,
2022,41,187101860,
2022,41,187101862,
2022,41,187337289,
2022,21,187337291,
2022,41,187337292,
2022,3,187378046,
2022,5,187378046,
2022,41,187505542,
2022,41,187639103,
2022,41,187639104,
2022,41,187639106,
2022,3,187645237,
2022,42,187645243,
2022,41,187734868,
2022,39,187980998,
2022,42,187980999,
2022,38,187981000,
2022,41,188027475,
2022,41,188046632,
2022,41,188418957,
2022,38,188418958,
2022,41,200975967,
2022,42,188511505,
2022,41,188827170,
2022,41,189048112,
2022,41,189048113,
2022,41,189111836,
2022,41,189111842,
2022,41,189185688,
2022,41,189193742,
2022,41,189282183,
2022,41,189282187,
2022,41,189960370,
2022,42,190674633,
2022,41,189960376,
2022,41,190180014,
2022,41,190365285,
2022,41,190365286,
2022,41,190365288,
2022,41,190403988,
2022,41,190561710,
2022,41,191649824,
2022,41,190600872,
2022,41,190600873,
2022,41,190717385,
2022,42,190717387,
2022,41,190717388,
2022,41,190717389,
2022,41,194331417,
2022,41,191010079,
2022,41,190864187,
2022,41,191010080,
2022,41,191010087,
2022,42,191027572,
2022,41,191265685,
2022,21,192458576,
2022,41,191265689,
2022,3,191825019,
2022,41,191825020,
2022,41,191957870,
2022,41,191957871,
2022,41,192059381,
2022,41,192458581,
2022,41,192196126,
2022,41,199569133,
2022,41,192409859,
2022,41,192458584,
2022,41,192409864,
2022,21,194331420,
2022,41,194331424,
2022,41,194331425,
2022,41,194331427,
2022,38,194331431,
2022,41,194331436,
2022,41,194331442,
2022,41,194331445,
2022,41,194331454,
2022,41,194331466,
2022,38,194331473,
2022,41,194331474,
2022,38,194331475,
2022,41,194331476,
2022,41,194331482,
2022,41,194331484,
2022,41,194331487,
2022,41,194331489,
2022,41,194331491,
2022,41,194331492,
2022,41,194331493,
2022,41,194331497,
2022,38,194331497,
2022,41,195447043,
2022,41,194331501,
2022,41,195447044,
2022,41,194756642,
2022,41,194756643,
2022,41,194756644,
2022,41,195132619,
2022,38,195132622,
2022,41,195150113,
2022,41,195150114,
2022,41,195417811,
2022,41,195417812,
2022,41,195417813,
2022,21,195417815,
2022,41,195417816,
2022,21,181294021,
2022,21,181294022,
2022,41,181489727,
2022,41,182945116,
2022,1,184600358,
2022,41,194337274,
2022,31,194337277,
2022,31,194337279,
2022,41,194337280,
2022,41,194337281,
2022,42,194337282,
2022,41,176705040,
2022,41,176705050,
2022,38,176771657,
2022,41,178297141,
2022,41,179019552,
2022,41,181422154,
2022,41,181477975,
2022,41,181517288,
2022,41,181736817,
2022,41,183210160,
2022,41,183954246,
2022,42,183954258,
2022,41,183954259,
2022,38,183992575,
2022,41,185283744,
2022,41,185551370,
2022,41,187337302,
2022,41,187623714,
2022,41,188010179,
2022,41,189234461,
2022,41,190417407,
2022,41,191265698,
2022,41,192017742,
2022,32,192069953,
2022,41,194337331,
2022,41,194337343,
2022,41,194337346,
2022,3,196168504,
2022,39,176163104,
2022,41,194315260,
2022,41,194315262,
2022,21,194315265,
2022,41,194315268,
2022,41,182993406,
2022,41,183971130,
2022,41,187352342,
2022,42,188647754,
2022,41,190122886,
2022,41,192150328,
2022,41,194315277,
2022,41,195452855,
2022,32,196992730,
2022,41,176872680,
2022,41,176954671,
2022,42,182944886,
2022,21,184108396,
2022,21,184108398,
2022,41,185728744,
2022,42,185200600,
2022,3,185728746,
2022,41,189768658,
2022,41,190446692,
2022,41,191878899,
2022,41,197177114,
2022,41,198419167,
2022,21,198419168,
2022,37,198419168,
2022,3,198419170,
2022,41,199561823,
2022,41,181758008,
2022,41,185429908,
2022,41,185429909,
2022,41,197214026,
2022,41,197214027,
2022,41,197214029,
2022,41,197214030,
2022,41,197221933,
2022,41,197221935,
2022,39,197221937,
2022,41,197221941,
2022,41,197221942,
2022,41,197221943,
2022,41,176044025,
2022,41,177115996,
2022,42,179325464,
2022,41,177552790,
2022,41,179101546,
2022,41,179994868,
2022,41,180253867,
2022,41,180253869,
2022,41,180253870,
2022,41,181441112,
2022,41,181441115,
2022,41,181441116,
2022,41,181476574,
2022,41,181476576,
2022,41,182647003,
2022,41,182647007,
2022,41,182647008,
2022,41,182857529,
2022,41,182857530,
2022,41,183693300,
2022,41,183693302,
2022,41,184625219,
2022,42,185372261,
2022,41,185666968,
2022,41,185666970,
2022,41,185666972,
2022,41,186378536,
2022,41,186378618,
2022,41,186622143,
2022,41,186622145,
2022,41,187417996,
2022,41,188034943,
2022,41,188034944,
2022,42,188823693,
2022,41,188823695,
2022,41,188823697,
2022,41,189459681,
2022,41,189241877,
2022,41,189314003,
2022,41,190561712,
2022,41,190561713,
2022,41,194323961,
2022,41,194752882,
2022,41,194756646,
2022,41,195964822,
2022,41,195964825,
2022,41,196686562,
2022,41,180883555,
2022,41,180059080,
2022,41,180883561,
2022,41,180914340,
2022,41,180914342,
2022,41,181277341,
2022,41,181277342,
2022,41,182647486,
2022,41,182647487,
2022,41,182647488,
2022,41,182647489,
2022,41,182647490,
2022,38,182647493,
2022,41,182647495,
2022,21,184289091,
2022,41,184289092,
2022,9,184289093,
2022,38,184127022,
2022,41,184625226,
2022,41,184625228,
2022,41,185429913,
2022,41,186622148,
2022,41,188514447,
2022,31,188514448,
2022,41,188514449,
2022,41,188743196,
2022,41,188514450,
2022,41,188663019,
2022,42,188663020,
2022,41,188667301,
2022,41,188667303,
2022,41,188667304,
2022,41,188743197,
2022,41,190041806,
2022,42,188743198,
2022,42,191881044,
2022,38,191881046,
2022,41,191881047,
2022,41,191881050,
2022,41,191881051,
2022,41,192597644,
2022,41,192782038,
2022,41,192782042,
2022,41,194752883,
2022,41,195218777,
2022,41,195218778,
2022,41,194752885,
2022,41,195150117,
2022,41,195218780,
2022,41,196945523,
2022,41,197138247,
2022,41,197138248,
2022,41,179544723,
2022,41,179544743,
2022,41,179544745,
2022,41,179544751,
2022,41,179544756,
2022,41,179544759,
2022,41,179544760,
2022,41,179544761,
2022,41,179544763,
2022,41,179544764,
2022,41,179544765,
2022,41,179544766,
2022,41,179544771,
2022,38,179544775,
2022,41,179544776,
2022,41,179590385,
2022,41,179590386,
2022,41,181277343,
2022,41,181316022,
2022,7,181460065,
2022,41,181477979,
2022,41,181477983,
2022,41,181517294,
2022,41,182651531,
2022,41,182651532,
2022,41,182651535,
2022,41,182651536,
2022,41,182651537,
2022,41,182651538,
2022,41,182651539,
2022,41,182651540,
2022,41,182699071,
2022,41,183705660,
2022,41,184044458,
2022,21,184822174,
2022,21,185429914,
2022,41,185429916,
2022,41,185429917,
2022,21,185429919,
2022,41,185631764,
2022,41,185631765,
2022,41,185631766,
2022,41,185896513,
2022,41,186067463,
2022,41,186679114,
2022,41,187631438,
2022,41,187639111,
2022,41,187898344,
2022,41,188007446,
2022,41,188007447,
2022,41,188007448,
2022,41,188007449,
2022,41,188418964,
2022,41,188809961,
2022,41,188823702,
2022,41,189823578,
2022,34,189823580,
2022,31,190678234,
2022,41,190692041,
2022,21,190692044,
2022,41,190864192,
2022,41,190864193,
2022,42,191649825,
2022,41,191878902,
2022,41,191878903,
2022,41,192782048,
2022,21,194331235,
2022,41,195424362,
2022,39,177255480,
2022,41,177255488,
2022,3,179186175,
2022,32,179196571,
2022,41,181433114,
2022,42,181433123,
2022,41,181433124,
2022,41,181433126,
2022,41,181433128,
2022,41,181433129,
2022,41,181528294,
2022,41,183967338,
2022,41,183967343,
2022,41,184244223,
2022,39,185429928,
2022,41,185429933,
2022,42,185896515,
2022,1,187221006,
2022,42,187221010,
2022,21,196822996,
2022,41,189342333,
2022,42,189347496,
2022,21,189423344,
2022,32,189429286,
2022,41,189429287,
2022,41,190044091,
2022,41,190600874,
2022,41,192017743,
2022,41,194334470,
2022,41,195218782,
2022,42,195233792,
2022,41,195452858,
2022,41,195452861,
2022,41,183842883,
2022,41,195343346,
2022,41,188007450,
2022,41,194334639,
2022,41,194334640,
2022,42,195129547,
2022,41,195129548,
2022,41,195129549,
2022,21,195129551,
2022,21,195129552,
2022,21,195129554,
2022,41,176044027,
2022,38,177532762,
2022,41,176771658,
2022,42,176705062,
2022,41,176705064,
2022,41,176665612,
2022,41,176665613,
2022,41,181523367,
2022,42,177534172,
2022,42,177534174,
2022,41,177532765,
2022,41,178219915,
2022,41,178391616,
2022,38,182655016,
2022,41,184353378,
2022,41,194335800,
2022,42,186856610,
2022,42,189960377,
2022,42,189960378,
2022,42,190533666,
2022,42,190533667,
2022,42,190533668,
2022,42,189456414,
2022,41,190692046,
2022,41,194335801,
2022,41,194335803,
2022,41,192059384,
2022,41,194335805,
2022,41,194335806,
2022,41,194335807,
2022,42,194335809,
2022,41,194335810,
2022,41,194335811,
2022,41,195264504,
2022,41,196074092,
2022,41,196074093,
2022,41,199307056,
2022,41,183072907,
2022,42,184170499,
2022,41,194316999,
2022,42,184170507,
2022,41,184170515,
2022,41,184170516,
2022,41,184170519,
2022,38,187633906,
2022,41,187633910,
2022,41,187633911,
2022,42,187633912,
2022,41,187633916,
2022,41,187633926,
2022,41,187633931,
2022,41,190122888,
2022,42,190127539,
2022,41,190771530,
2022,38,190771530,
2022,41,190771532,
2022,38,190773274,
2022,21,199307064,
2022,41,192611346,
2022,41,194317003,
2022,38,194317003,
2022,41,194317010,
2022,21,194317011,
2022,21,194317012,
2022,42,194317016,
2022,41,196491291,
2022,32,196491296,
2022,42,198117477,
2022,41,199307074,
2022,42,199925042,
2022,21,182644182,
2022,21,182644183,
2022,41,182644184,
2022,41,181493286,
2022,41,182644186,
2022,41,182644187,
2022,41,182644188,
2022,41,191825025,
2022,38,182644200,
2022,41,182644204,
2022,41,182644208,
2022,3,182644210,
2022,41,182644216,
2022,3,182644221,
2022,41,182944853,
2022,41,182644224,
2022,42,182644228,
2022,3,182644237,
2022,41,183209581,
2022,41,183450367,
2022,41,183117903,
2022,42,183450387,
2022,42,183450394,
2022,41,199076200,
2022,41,183954264,
2022,41,184365385,
2022,41,199603608,
2022,41,199603610,
2022,41,185728752,
2022,41,187623729,
2022,41,187734872,
2022,9,199603612,
2022,41,187981004,
2022,41,187981007,
2022,41,189099692,
2022,41,189099715,
2022,41,189111857,
2022,41,189282189,
2022,41,190449614,
2022,41,190674635,
2022,41,190449617,
2022,41,190714260,
2022,1,191881056,
2022,41,191957881,
2022,41,192150330,
2022,41,199955141,
2022,41,194319209,
2022,41,194319240,
2022,41,194319263,
2022,41,194319266,
2022,41,196411897,
2022,42,190417428,
2022,41,190417431,
2022,41,190417446,
2022,41,190417452,
2022,41,190417463,
2022,41,190417469,
2022,3,190417473,
2022,4,190417483,
2022,42,190417488,
2022,42,190417492,
2022,41,190417503,
2022,41,190417549,
2022,41,190417551,
2022,41,190417608,
2022,41,190417613,
2022,41,190417633,
2022,41,190417638,
2022,3,190417645,
2022,3,190417646,
2022,41,190417647,
2022,41,190417649,
2022,41,190417696,
2022,41,190417711,
2022,38,190417716,
2022,41,190417730,
2022,41,190417731,
2022,41,190417769,
2022,9,190417779,
2022,3,190417812,
2022,42,190417821,
2022,3,190417823,
2022,41,190417831,
2022,41,190859974,
2022,3,190859976,
2022,38,191010088,
2022,38,191878910,
2022,41,194319510,
2022,42,194319531,
2022,41,194319533,
2022,41,194319541,
2022,41,194319547,
2022,41,195522706,
2022,41,194752890,
2022,32,195150118,
2022,42,175965376,
2022,41,175965378,
2022,3,180883563,
2022,3,176214606,
2022,3,176214607,
2022,41,175996863,
2022,41,176011087,
2022,21,176011093,
2022,21,176011097,
2022,41,176011101,
2022,41,176076957,
2022,41,181653356,
2022,41,176150200,
2022,21,176150201,
2022,41,176150205,
2022,41,176150209,
2022,42,176150210,
2022,21,176150212,
2022,41,176163119,
2022,41,176163123,
2022,41,176214609,
2022,37,176214620,
2022,41,176872684,
2022,21,176872685,
2022,41,176283396,
2022,41,176283407,
2022,41,176283411,
2022,41,176300779,
2022,41,176300785,
2022,41,176300788,
2022,41,176300791,
2022,21,176318159,
2022,21,176318160,
2022,41,176318162,
2022,41,177115999,
2022,41,176318164,
2022,42,180781486,
2022,41,176318169,
2022,3,176318173,
2022,41,176318174,
2022,3,176318177,
2022,31,176318179,
2022,41,176318181,
2022,41,176872688,
2022,41,176318183,
2022,41,179378946,
2022,38,176318189,
2022,41,176533758,
2022,41,176533759,
2022,41,176533761,
2022,41,176872689,
2022,41,182644977,
2022,41,176533773,
2022,41,176608080,
2022,38,176608083,
2022,41,176608085,
2022,42,176608086,
2022,41,176608088,
2022,41,176705066,
2022,41,176705076,
2022,41,180883564,
2022,41,176771676,
2022,41,176771678,
2022,7,181277348,
2022,37,176872706,
2022,3,176872707,
2022,41,176872717,
2022,3,176872718,
2022,41,176954681,
2022,41,176954684,
2022,41,176954685,
2022,41,176954691,
2022,41,177063766,
2022,41,177063767,
2022,41,177063768,
2022,41,177063770,
2022,41,177063778,
2022,41,177067832,
2022,21,181442451,
2022,31,177116003,
2022,42,177105326,
2022,41,177105335,
2022,41,177116013,
2022,41,177116020,
2022,41,178780852,
2022,41,177116022,
2022,41,177116042,
2022,3,177116044,
2022,3,177116045,
2022,41,177116047,
2022,41,177117774,
2022,41,177117777,
2022,39,177125651,
2022,41,177125654,
2022,3,177125656,
2022,41,177125658,
2022,3,177125660,
2022,41,177127307,
2022,41,177127312,
2022,42,177127313,
2022,21,177127314,
2022,38,177129590,
2022,41,177139550,
2022,41,177139560,
2022,41,177139561,
2022,3,180075632,
2022,41,177183018,
2022,42,180883565,
2022,41,177183023,
2022,3,180883566,
2022,41,177183027,
2022,41,177183029,
2022,38,177183030,
2022,41,181732645,
2022,41,187378047,
2022,41,177235180,
2022,21,177235192,
2022,41,177235194,
2022,21,177282623,
2022,41,178797798,
2022,41,177282624,
2022,41,177325226,
2022,41,177325232,
2022,21,177325235,
2022,3,177330091,
2022,3,177330099,
2022,41,177380978,
2022,42,177380979,
2022,41,177400565,
2022,41,177400567,
2022,41,177400575,
2022,39,177400576,
2022,39,177405110,
2022,41,177518591,
2022,41,177518592,
2022,41,177518597,
2022,41,177520837,
2022,41,177520838,
2022,21,177532771,
2022,41,177532772,
2022,41,189314011,
2022,41,177534185,
2022,21,177534188,
2022,3,177552792,
2022,41,178358735,
2022,42,178372181,
2022,41,178372185,
2022,39,178372195,
2022,41,178372197,
2022,41,178372198,
2022,42,178372199,
2022,41,178391624,
2022,42,178391625,
2022,3,178411348,
2022,41,178490361,
2022,41,178490362,
2022,38,178490376,
2022,38,178659961,
2022,21,180024506,
2022,38,180024507,
2022,21,179186186,
2022,42,178831011,
2022,41,178831012,
2022,42,178858740,
2022,41,178858749,
2022,3,178858751,
2022,41,178858752,
2022,41,178858754,
2022,3,178858759,
2022,41,178858763,
2022,41,178858766,
2022,41,178858768,
2022,41,178877319,
2022,41,178955990,
2022,41,178955992,
2022,41,178957220,
2022,41,178957221,
2022,38,178957222,
2022,41,178957228,
2022,41,178957235,
2022,41,178957240,
2022,41,178957242,
2022,41,178957247,
2022,41,178957252,
2022,41,178960545,
2022,21,178976158,
2022,41,178976163,
2022,41,180024510,
2022,41,178976173,
2022,41,178976175,
2022,41,179022093,
2022,41,179022096,
2022,41,179023398,
2022,3,181294026,
2022,41,179101547,
2022,41,179101554,
2022,21,179095787,
2022,41,179101557,
2022,41,179101558,
2022,39,179101561,
2022,42,179101565,
2022,41,179101569,
2022,42,179101578,
2022,41,179101580,
2022,41,179101592,
2022,21,181442452,
2022,41,179101599,
2022,41,181294027,
2022,41,179103322,
2022,41,179103325,
2022,41,179103326,
2022,38,179101606,
2022,41,179103328,
2022,21,181442453,
2022,41,179181366,
2022,41,179181373,
2022,38,179181377,
2022,41,179500821,
2022,41,179186189,
2022,38,181442454,
2022,3,181316031,
2022,41,179186194,
2022,38,179186196,
2022,42,179325472,
2022,3,179325474,
2022,41,179378957,
2022,41,179378958,
2022,41,179325479,
2022,42,179325480,
2022,41,179325489,
2022,41,179378963,
2022,21,179378965,
2022,41,179378968,
2022,41,179378969,
2022,41,179378973,
2022,41,179378975,
2022,41,181442456,
2022,41,179378980,
2022,41,179378981,
2022,41,179378985,
2022,41,179378992,
2022,3,203200486,
2022,41,179378997,
2022,3,179379000,
2022,41,179379009,
2022,41,179379017,
2022,41,179379025,
2022,21,179381397,
2022,41,179427079,
2022,21,179427090,
2022,21,179427091,
2022,42,179427093,
2022,41,180253897,
2022,41,179496425,
2022,41,179496426,
2022,41,179496428,
2022,41,179496429,
2022,41,180105952,
2022,41,179427103,
2022,3,179427106,
2022,41,179496441,
2022,38,181442460,
2022,41,179496446,
2022,41,179496448,
2022,42,179496449,
2022,3,186679119,
2022,3,186679120,
2022,41,179496452,
2022,41,181736826,
2022,3,180883569,
2022,3,180883570,
2022,41,179496465,
2022,41,179496467,
2022,41,179496472,
2022,41,179496473,
2022,41,179496476,
2022,41,179496477,
2022,41,179496478,
2022,21,179496480,
2022,41,179500823,
2022,41,179500826,
2022,41,179500827,
2022,3,179500828,
2022,38,182644981,
2022,41,179500830,
2022,41,179500832,
2022,21,181736827,
2022,21,181736828,
2022,42,179590414,
2022,42,179590418,
2022,41,179590427,
2022,3,179590433,
2022,41,179590434,
2022,3,181476579,
2022,41,179958232,
2022,3,179958245,
2022,41,179958254,
2022,41,179958255,
2022,42,179958263,
2022,41,179994929,
2022,41,179994943,
2022,3,181433141,
2022,39,179994966,
2022,41,179994985,
2022,41,179994990,
2022,39,179994998,
2022,41,179995000,
2022,21,179995028,
2022,41,179995030,
2022,3,181294029,
2022,41,179995035,
2022,41,179995043,
2022,38,179995052,
2022,41,179995057,
2022,41,179995061,
2022,39,179995066,
2022,41,179995081,
2022,41,179995116,
2022,41,180059088,
2022,41,180059090,
2022,41,180059091,
2022,42,180075643,
2022,41,180059092,
2022,41,180059093,
2022,3,180059101,
2022,3,180059102,
2022,41,180128415,
2022,21,182644985,
2022,21,182644986,
2022,41,180781488,
2022,41,180781489,
2022,41,180781494,
2022,41,180781497,
2022,41,180781498,
2022,21,180781499,
2022,42,180883573,
2022,41,180883577,
2022,42,181271621,
2022,41,181277350,
2022,41,190600886,
2022,3,181277355,
2022,41,181277358,
2022,41,181291100,
2022,41,183899415,
2022,41,181291103,
2022,41,181294039,
2022,41,181294043,
2022,21,181294044,
2022,42,181294045,
2022,41,181408324,
2022,41,181291111,
2022,41,181294052,
2022,3,181294060,
2022,41,181312630,
2022,41,181294062,
2022,41,181294066,
2022,21,181312636,
2022,41,181316039,
2022,21,181408326,
2022,41,181408333,
2022,38,181419905,
2022,42,181408339,
2022,41,181408341,
2022,42,181408344,
2022,41,181408352,
2022,41,181408354,
2022,38,181408356,
2022,41,181408357,
2022,41,181419912,
2022,41,181419913,
2022,41,185429946,
2022,41,181419918,
2022,41,181419926,
2022,41,181419927,
2022,41,181419928,
2022,41,181426849,
2022,21,181426851,
2022,41,181426852,
2022,41,181426855,
2022,41,181426860,
2022,38,181453652,
2022,21,181433146,
2022,41,181433147,
2022,21,181433148,
2022,42,181433152,
2022,41,182644990,
2022,41,184832911,
2022,3,181426872,
2022,21,181442473,
2022,41,181442476,
2022,41,181442479,
2022,41,181441122,
2022,41,181442481,
2022,38,181453653,
2022,41,181441124,
2022,21,181451749,
2022,41,181453655,
2022,41,181453657,
2022,41,181453658,
2022,41,181453659,
2022,41,181477987,
2022,41,181477988,
2022,41,181477993,
2022,21,181477997,
2022,41,181476581,
2022,37,181476584,
2022,41,181476586,
2022,41,181478000,
2022,21,181478002,
2022,41,181478006,
2022,41,181478009,
2022,42,181478010,
2022,42,181478013,
2022,41,194320609,
2022,41,181483439,
2022,41,181483440,
2022,21,181481198,
2022,21,181481199,
2022,3,181478029,
2022,38,181478030,
2022,41,181483444,
2022,41,181483445,
2022,41,182644992,
2022,21,181489738,
2022,41,181489742,
2022,41,181483452,
2022,42,181483454,
2022,41,181493292,
2022,41,181513406,
2022,3,202174082,
2022,21,182644994,
2022,3,181528309,
2022,21,181528310,
2022,41,181528314,
2022,41,181528316,
2022,41,181528320,
2022,21,181528321,
2022,41,181528324,
2022,39,181627019,
2022,41,181528330,
2022,41,181627021,
2022,3,181627023,
2022,41,181653368,
2022,42,187734883,
2022,41,181653375,
2022,39,181653377,
2022,41,181660285,
2022,41,181660286,
2022,41,181736834,
2022,41,181732658,
2022,41,181732659,
2022,41,181732663,
2022,41,181736837,
2022,38,181736840,
2022,41,181736843,
2022,21,182645000,
2022,39,181736846,
2022,41,181736847,
2022,41,183361523,
2022,41,181758015,
2022,41,181758016,
2022,41,182645001,
2022,41,181758030,
2022,41,181758031,
2022,41,181758035,
2022,42,187734884,
2022,41,181758040,
2022,41,181751233,
2022,41,181767397,
2022,21,182901101,
2022,41,181767402,
2022,41,182645005,
2022,38,182645011,
2022,42,187734885,
2022,41,181767404,
2022,41,181767406,
2022,41,181758044,
2022,41,182645018,
2022,41,182645019,
2022,21,182645021,
2022,41,182645034,
2022,41,182645035,
2022,41,182645036,
2022,41,182645037,
2022,39,182645043,
2022,41,182645050,
2022,41,182645051,
2022,41,182645053,
2022,21,182901103,
2022,41,182645058,
2022,41,182645067,
2022,41,182645068,
2022,41,182645074,
2022,41,182645076,
2022,41,182645079,
2022,42,187734886,
2022,41,182645091,
2022,41,182645093,
2022,41,182645095,
2022,41,182645097,
2022,41,182645106,
2022,38,182645107,
2022,21,182645109,
2022,41,182645110,
2022,41,182645111,
2022,21,182645124,
2022,41,182645131,
2022,41,182645132,
2022,41,182645133,
2022,41,182645135,
2022,41,182645138,
2022,3,182645150,
2022,31,182645155,
2022,41,182645156,
2022,41,182645164,
2022,38,182645176,
2022,41,182645178,
2022,41,182645180,
2022,41,182645183,
2022,3,182645185,
2022,42,182645189,
2022,41,182645191,
2022,3,182645198,
2022,39,182645211,
2022,39,182645212,
2022,41,182645217,
2022,31,182645220,
2022,3,182645231,
2022,41,182645234,
2022,39,182645235,
2022,41,182645236,
2022,38,182645237,
2022,41,182645243,
2022,5,182645248,
2022,41,182645255,
2022,3,203200487,
2022,41,182645257,
2022,41,184869427,
2022,41,182645270,
2022,3,182645273,
2022,41,183705661,
2022,41,182645292,
2022,41,182645297,
2022,41,182645299,
2022,3,182645306,
2022,41,182645309,
2022,38,182645311,
2022,41,182645318,
2022,41,182645336,
2022,41,182645348,
2022,41,182645349,
2022,41,182645351,
2022,41,182645360,
2022,42,182645361,
2022,41,182645364,
2022,41,182645366,
2022,3,189342339,
2022,41,182645368,
2022,41,182645371,
2022,3,182645372,
2022,3,182645377,
2022,41,182645379,
2022,41,182645380,
2022,38,182645381,
2022,21,182645382,
2022,41,182645383,
2022,41,182645384,
2022,41,182645389,
2022,41,182645390,
2022,41,186693629,
2022,41,182645396,
2022,3,182645398,
2022,3,182645399,
2022,41,182645401,
2022,3,182645412,
2022,41,182645414,
2022,41,182645416,
2022,41,182698993,
2022,41,182698998,
2022,41,188800634,
2022,41,182703190,
2022,3,182703200,
2022,42,187734887,
2022,41,182699014,
2022,3,182703204,
2022,38,182857310,
2022,41,182800700,
2022,38,182800708,
2022,21,182800709,
2022,41,182885987,
2022,21,182857330,
2022,41,182857342,
2022,41,182857345,
2022,41,182885990,
2022,3,182885991,
2022,41,182885992,
2022,41,182885993,
2022,41,182885995,
2022,41,182901113,
2022,41,182901116,
2022,41,182886000,
2022,21,182886001,
2022,41,182901118,
2022,3,187734889,
2022,41,182901125,
2022,41,182901127,
2022,41,182932073,
2022,41,182932074,
2022,41,183152872,
2022,41,184232338,
2022,3,202174085,
2022,3,182912366,
2022,41,182932080,
2022,3,182932082,
2022,41,182944863,
2022,41,182932087,
2022,41,182932089,
2022,41,182932091,
2022,21,182932093,
2022,21,182944866,
2022,41,182944867,
2022,21,182944868,
2022,41,182944878,
2022,3,187645244,
2022,41,182981787,
2022,41,182981793,
2022,21,190717393,
2022,3,183117935,
2022,3,203200488,
2022,38,183117946,
2022,38,183117947,
2022,41,183152874,
2022,41,195148702,
2022,41,183152881,
2022,41,183209611,
2022,41,183209612,
2022,41,183209615,
2022,41,183209620,
2022,41,183209622,
2022,41,183209625,
2022,41,184869428,
2022,21,183209635,
2022,41,183209639,
2022,41,183209642,
2022,41,183209646,
2022,41,183693306,
2022,41,183382354,
2022,38,183361533,
2022,42,183209651,
2022,41,183382359,
2022,41,183382363,
2022,41,183382376,
2022,41,187734891,
2022,41,183410018,
2022,41,184832913,
2022,41,183450410,
2022,21,183450415,
2022,41,183450417,
2022,41,183693310,
2022,42,187734893,
2022,41,183693319,
2022,21,183693322,
2022,42,187734894,
2022,42,187734897,
2022,21,183705662,
2022,41,183705666,
2022,41,183705671,
2022,41,183705675,
2022,41,183693333,
2022,41,183732275,
2022,21,183732276,
2022,3,183738281,
2022,3,183705676,
2022,38,183705677,
2022,41,184376127,
2022,41,187217409,
2022,41,183738292,
2022,41,183738294,
2022,21,184228556,
2022,41,183842892,
2022,41,184127029,
2022,39,183842897,
2022,41,183893064,
2022,41,185673231,
2022,6,183896285,
2022,41,192059387,
2022,41,183896290,
2022,41,183896291,
2022,41,183896292,
2022,41,183896302,
2022,41,183896304,
2022,41,183954277,
2022,41,183954279,
2022,41,202727405,
2022,41,183954298,
2022,21,183954301,
2022,21,183954307,
2022,21,184832916,
2022,3,183967355,
2022,3,183967356,
2022,41,183967362,
2022,41,183967363,
2022,41,183971139,
2022,41,183971144,
2022,41,183971148,
2022,41,184232340,
2022,21,183988429,
2022,41,183988430,
2022,41,183988436,
2022,41,183988437,
2022,41,183988438,
2022,38,183988443,
2022,41,183990464,
2022,41,183990470,
2022,41,183990482,
2022,41,183990485,
2022,38,183988444,
2022,41,183992583,
2022,41,183992584,
2022,41,183992587,
2022,41,183990491,
2022,41,183990496,
2022,41,183990498,
2022,42,183992591,
2022,41,187378048,
2022,41,184108408,
2022,41,184108412,
2022,38,183992595,
2022,41,183992596,
2022,41,184087669,
2022,41,184087674,
2022,41,184087675,
2022,37,184087991,
2022,41,184087993,
2022,38,184108414,
2022,21,184108416,
2022,42,187734898,
2022,41,184108420,
2022,41,184127031,
2022,41,184127034,
2022,41,184127042,
2022,3,189456419,
2022,41,184127046,
2022,3,189823586,
2022,3,184127048,
2022,3,189823587,
2022,3,189823588,
2022,41,184148079,
2022,21,184148081,
2022,41,184148082,
2022,3,184148085,
2022,41,184148086,
2022,3,184148090,
2022,21,185429947,
2022,21,184148097,
2022,39,184148098,
2022,41,184148108,
2022,41,184148111,
2022,41,184228558,
2022,3,203200489,
2022,41,184228565,
2022,38,184228571,
2022,41,184228572,
2022,41,184232342,
2022,41,184304424,
2022,32,184353172,
2022,38,184304425,
2022,41,184304427,
2022,3,184304428,
2022,41,184337135,
2022,41,184337140,
2022,41,184337149,
2022,21,184337153,
2022,41,184304432,
2022,41,184304434,
2022,41,186309905,
2022,41,184304436,
2022,41,184337154,
2022,3,184337155,
2022,41,184337159,
2022,41,184337166,
2022,41,184337167,
2022,41,184337168,
2022,41,184337173,
2022,41,184337179,
2022,21,186309906,
2022,41,184353175,
2022,41,184353192,
2022,3,184365402,
2022,41,184376139,
2022,42,186309907,
2022,41,184376142,
2022,41,184392060,
2022,41,184625249,
2022,41,184625252,
2022,41,184625258,
2022,41,184625262,
2022,41,184625266,
2022,41,184625301,
2022,41,184625303,
2022,21,184625310,
2022,41,184811177,
2022,41,184811178,
2022,41,185200606,
2022,41,184811183,
2022,21,186309908,
2022,42,187734902,
2022,21,184625320,
2022,38,184811197,
2022,38,184811198,
2022,37,184811200,
2022,41,184822185,
2022,41,184832942,
2022,3,184822187,
2022,41,184822191,
2022,41,184822192,
2022,41,184822193,
2022,41,184869431,
2022,41,184869433,
2022,41,184869434,
2022,41,184869435,
2022,41,184869437,
2022,41,184869440,
2022,38,184869451,
2022,38,184869452,
2022,21,184625321,
2022,41,186119598,
2022,41,184869457,
2022,41,184942782,
2022,32,184942799,
2022,41,184942809,
2022,41,184942830,
2022,41,184971629,
2022,41,184942834,
2022,3,185713713,
2022,21,186309911,
2022,41,185126626,
2022,41,184971668,
2022,41,184971669,
2022,41,185200610,
2022,41,185200611,
2022,3,185200615,
2022,41,187013307,
2022,41,185200625,
2022,41,185200631,
2022,42,185200633,
2022,41,185200637,
2022,38,185200639,
2022,21,185435880,
2022,21,185283759,
2022,41,185372270,
2022,41,185372275,
2022,41,185372277,
2022,41,185372279,
2022,41,185372283,
2022,41,185372287,
2022,41,185372288,
2022,41,185372289,
2022,41,185372290,
2022,41,185202415,
2022,41,185202421,
2022,3,189099735,
2022,41,185372291,
2022,41,185372293,
2022,21,185372295,
2022,41,185429952,
2022,42,185429959,
2022,41,185429960,
2022,41,185372301,
2022,41,185372302,
2022,41,185277062,
2022,41,185277063,
2022,42,187734903,
2022,41,185429964,
2022,41,185429968,
2022,41,185429970,
2022,21,186309912,
2022,41,185429986,
2022,41,188800635,
2022,3,185430000,
2022,41,185673235,
2022,41,185430003,
2022,42,185430004,
2022,39,185435882,
2022,42,185435884,
2022,21,186309913,
2022,41,185435889,
2022,41,185435890,
2022,41,185435895,
2022,41,185435897,
2022,41,185435898,
2022,41,185435901,
2022,21,185673236,
2022,41,185551400,
2022,42,185551403,
2022,41,185551406,
2022,41,185631785,
2022,41,185631790,
2022,41,185631791,
2022,41,185631792,
2022,41,185631801,
2022,41,194320613,
2022,41,185631807,
2022,41,185631809,
2022,41,188800636,
2022,41,185631817,
2022,41,185631819,
2022,41,185631821,
2022,41,185673237,
2022,41,185631826,
2022,41,185666985,
2022,41,185631834,
2022,41,185631836,
2022,41,185631840,
2022,41,185631843,
2022,41,185666990,
2022,41,185666993,
2022,42,185666995,
2022,38,202174086,
2022,41,186119600,
2022,38,185667012,
2022,41,185667013,
2022,41,185667018,
2022,3,185667024,
2022,3,185667025,
2022,41,185667037,
2022,21,185667039,
2022,41,185667040,
2022,41,185667046,
2022,41,185667050,
2022,41,185667052,
2022,41,185667059,
2022,41,185667063,
2022,41,185673244,
2022,41,185673246,
2022,3,185673247,
2022,41,185673250,
2022,3,185713719,
2022,41,185713720,
2022,41,185713721,
2022,41,185728753,
2022,3,185728756,
2022,41,185728760,
2022,41,185837894,
2022,21,186041340,
2022,3,185837902,
2022,3,185838602,
2022,41,185838603,
2022,41,185838606,
2022,38,185838610,
2022,41,185838614,
2022,21,185871975,
2022,41,185871976,
2022,41,185871985,
2022,41,185871994,
2022,41,185871997,
2022,31,185871998,
2022,21,185872000,
2022,41,185872002,
2022,3,185896525,
2022,41,185896526,
2022,41,185896529,
2022,41,185896530,
2022,21,185896532,
2022,41,185896533,
2022,41,185872004,
2022,41,185896542,
2022,41,185896543,
2022,41,185896550,
2022,41,186041343,
2022,41,186041344,
2022,41,186041348,
2022,3,186119602,
2022,41,203200490,
2022,41,186067475,
2022,41,186041349,
2022,41,186067493,
2022,41,186041357,
2022,38,186119612,
2022,38,190989636,
2022,41,190180027,
2022,39,186119630,
2022,41,186309918,
2022,3,186309921,
2022,41,186309926,
2022,41,186309936,
2022,3,187734905,
2022,41,186309953,
2022,41,186309956,
2022,41,186334125,
2022,3,188809962,
2022,41,186334140,
2022,41,186334146,
2022,21,191831949,
2022,38,186379231,
2022,41,203200491,
2022,41,203200492,
2022,21,190230700,
2022,41,186379670,
2022,42,187734909,
2022,42,187734910,
2022,21,186380142,
2022,41,186380971,
2022,41,186381118,
2022,41,186622154,
2022,41,186622156,
2022,21,186622159,
2022,21,186622160,
2022,3,186622162,
2022,41,186622170,
2022,38,186679121,
2022,3,186679122,
2022,21,186679124,
2022,41,186679132,
2022,41,186679138,
2022,21,186679156,
2022,41,186679158,
2022,41,186684922,
2022,41,186684924,
2022,41,186684926,
2022,41,186684931,
2022,41,186684934,
2022,41,186684939,
2022,41,186684940,
2022,41,195964837,
2022,21,186693635,
2022,42,186693636,
2022,41,190533672,
2022,41,186693643,
2022,41,186693650,
2022,41,186693652,
2022,41,186970550,
2022,3,186970552,
2022,41,186970556,
2022,42,187734913,
2022,38,186970561,
2022,42,186970570,
2022,21,186970573,
2022,41,186970576,
2022,3,187013325,
2022,41,187013326,
2022,41,187013327,
2022,21,187027531,
2022,41,187027534,
2022,38,187352343,
2022,41,187027550,
2022,41,187027551,
2022,41,187027559,
2022,21,187027560,
2022,41,187027561,
2022,41,187027566,
2022,41,187027567,
2022,39,187027571,
2022,38,187027573,
2022,38,187027578,
2022,31,187027579,
2022,41,187027582,
2022,21,187027583,
2022,41,187101867,
2022,41,187101868,
2022,42,187101874,
2022,41,187101875,
2022,41,191010092,
2022,41,187033100,
2022,41,187101882,
2022,21,187101888,
2022,41,187122108,
2022,42,187122109,
2022,41,187122112,
2022,39,187217415,
2022,41,187217418,
2022,41,187217419,
2022,41,187217420,
2022,42,187734918,
2022,38,187217427,
2022,3,187217428,
2022,41,187221016,
2022,31,187337313,
2022,41,187352346,
2022,41,187352347,
2022,41,192059389,
2022,38,187352351,
2022,21,187352352,
2022,41,187352361,
2022,41,187352372,
2022,41,187355936,
2022,41,187355938,
2022,41,187355939,
2022,41,187355940,
2022,41,187355941,
2022,31,187355948,
2022,41,187355957,
2022,41,187355963,
2022,21,187378050,
2022,41,187378052,
2022,41,187378055,
2022,41,187378068,
2022,38,187378076,
2022,21,187378079,
2022,42,187378103,
2022,21,187378104,
2022,41,187378117,
2022,41,187388472,
2022,41,187388473,
2022,38,187623740,
2022,41,187434166,
2022,38,187734923,
2022,41,187434170,
2022,41,187623745,
2022,41,187623754,
2022,41,187623776,
2022,41,187623788,
2022,41,187623791,
2022,41,187623797,
2022,41,187623813,
2022,21,187631449,
2022,41,187631450,
2022,41,187631452,
2022,41,187631456,
2022,32,187623823,
2022,41,187623828,
2022,38,187623831,
2022,41,187639117,
2022,41,187639120,
2022,41,187639124,
2022,41,187639134,
2022,41,187645248,
2022,41,187645255,
2022,41,187645260,
2022,21,189111860,
2022,41,187715124,
2022,41,187715132,
2022,41,187715134,
2022,41,187715135,
2022,21,187715137,
2022,41,187715139,
2022,41,187715145,
2022,41,187715148,
2022,39,187715154,
2022,41,187715157,
2022,41,188511507,
2022,41,187717487,
2022,3,187717489,
2022,3,187717493,
2022,41,187734927,
2022,41,187734936,
2022,41,187734938,
2022,41,187866990,
2022,3,187867000,
2022,41,187867004,
2022,3,187867007,
2022,41,187867010,
2022,21,187898354,
2022,41,187898355,
2022,21,187898360,
2022,41,187981013,
2022,41,187981016,
2022,41,189425874,
2022,41,187981025,
2022,3,187983120,
2022,41,187983123,
2022,31,188007459,
2022,41,188007461,
2022,41,188010181,
2022,41,188010185,
2022,41,188010187,
2022,41,188010188,
2022,41,188010195,
2022,41,188010202,
2022,3,188010205,
2022,41,188027482,
2022,41,188027491,
2022,41,191649830,
2022,41,188034952,
2022,41,188034953,
2022,41,188034959,
2022,21,188034962,
2022,41,188034976,
2022,41,188034979,
2022,41,188511509,
2022,41,188514458,
2022,41,188514459,
2022,41,188514460,
2022,3,188514461,
2022,41,188514478,
2022,41,188514483,
2022,41,188514484,
2022,41,188514485,
2022,41,188514486,
2022,3,203200493,
2022,3,188514490,
2022,41,188514491,
2022,41,188514492,
2022,41,188647758,
2022,21,189367091,
2022,41,188647767,
2022,41,188647768,
2022,41,188647772,
2022,41,188647773,
2022,21,192754298,
2022,41,188647776,
2022,31,188647780,
2022,41,188647787,
2022,31,188647789,
2022,21,188647793,
2022,41,188649949,
2022,31,188649957,
2022,41,188649959,
2022,41,188649965,
2022,41,188649968,
2022,41,188649969,
2022,41,188649970,
2022,41,188649971,
2022,41,188649975,
2022,41,188649983,
2022,41,188649986,
2022,41,188667309,
2022,41,188667313,
2022,41,188800647,
2022,38,188800648,
2022,3,188796678,
2022,3,188800656,
2022,21,188800657,
2022,41,188809973,
2022,41,188800667,
2022,41,188809975,
2022,41,188823711,
2022,41,188823716,
2022,41,190771533,
2022,41,188823722,
2022,41,188809989,
2022,41,188823723,
2022,41,188823724,
2022,41,188827181,
2022,41,188823731,
2022,41,188823732,
2022,41,188823734,
2022,41,188823735,
2022,3,188823736,
2022,41,188823737,
2022,42,188823738,
2022,41,188827186,
2022,41,188827189,
2022,41,188827190,
2022,41,188827193,
2022,41,189768663,
2022,41,188827216,
2022,41,188827217,
2022,41,188827218,
2022,3,188879174,
2022,9,188879178,
2022,41,188887111,
2022,41,188879189,
2022,41,188879190,
2022,41,188895812,
2022,41,188895838,
2022,38,188895847,
2022,38,189048123,
2022,41,189048125,
2022,21,189048130,
2022,41,189048139,
2022,41,189048145,
2022,5,189342340,
2022,41,189054717,
2022,41,189054721,
2022,41,190180032,
2022,41,189054728,
2022,21,189054733,
2022,41,189054734,
2022,38,190044094,
2022,41,189054738,
2022,42,189054739,
2022,41,189054742,
2022,41,189054743,
2022,41,189054745,
2022,3,189054747,
2022,41,189054748,
2022,21,189054749,
2022,41,189054750,
2022,41,189089848,
2022,41,189089849,
2022,41,189089850,
2022,41,189089851,
2022,39,189089858,
2022,3,189089860,
2022,3,189089861,
2022,42,189089862,
2022,21,189099740,
2022,41,189099766,
2022,41,189099792,
2022,41,189099797,
2022,41,189099804,
2022,41,189155237,
2022,41,189155253,
2022,41,189155256,
2022,3,189155257,
2022,31,189185702,
2022,41,189185707,
2022,41,189266407,
2022,41,195218786,
2022,41,189266412,
2022,41,189266416,
2022,41,189267319,
2022,41,189267322,
2022,41,189282199,
2022,41,189282204,
2022,41,189282205,
2022,41,190180036,
2022,41,189282210,
2022,41,189314013,
2022,41,189282228,
2022,41,189314017,
2022,41,189314020,
2022,41,189314023,
2022,41,189314026,
2022,3,189314029,
2022,41,189314030,
2022,41,189342341,
2022,21,189342343,
2022,41,189342345,
2022,41,189342348,
2022,41,189342365,
2022,41,194320623,
2022,7,189342367,
2022,41,189361638,
2022,21,189361641,
2022,41,189361647,
2022,41,189361651,
2022,41,189361657,
2022,41,189361659,
2022,41,189361663,
2022,41,189361664,
2022,41,195199823,
2022,41,189361671,
2022,21,189367096,
2022,41,189425877,
2022,41,189425881,
2022,3,189425882,
2022,41,189425891,
2022,41,189425899,
2022,42,189425906,
2022,41,189425910,
2022,41,189425919,
2022,41,189429292,
2022,41,189429294,
2022,41,189429306,
2022,41,189429307,
2022,21,189456421,
2022,31,189459682,
2022,41,189456422,
2022,41,189456425,
2022,3,189456434,
2022,41,189456437,
2022,3,189456438,
2022,41,189456440,
2022,21,189456441,
2022,41,189456451,
2022,41,189456452,
2022,42,189456456,
2022,41,189456458,
2022,41,189768665,
2022,38,189768666,
2022,42,189768678,
2022,41,189768685,
2022,41,189768687,
2022,41,189768690,
2022,41,189768691,
2022,38,189768695,
2022,41,189843028,
2022,41,189843030,
2022,41,189823594,
2022,3,189823596,
2022,21,189823600,
2022,41,189823601,
2022,41,189823609,
2022,21,190041892,
2022,41,190041902,
2022,41,190041906,
2022,41,190041913,
2022,3,190365307,
2022,41,190041953,
2022,41,190041958,
2022,41,190044095,
2022,41,190041968,
2022,41,190041973,
2022,41,190041981,
2022,3,190044096,
2022,41,190044106,
2022,41,190118785,
2022,41,190044107,
2022,41,190044110,
2022,41,190044112,
2022,41,190118790,
2022,31,190118792,
2022,41,190118801,
2022,41,190118802,
2022,41,190118804,
2022,41,190118809,
2022,42,190118818,
2022,41,190118819,
2022,41,190122895,
2022,41,190122899,
2022,21,190122902,
2022,41,190180041,
2022,42,190180054,
2022,39,190180056,
2022,41,190180057,
2022,41,190180059,
2022,41,190180061,
2022,41,190449618,
2022,41,190230704,
2022,41,190230713,
2022,41,190230717,
2022,41,190230719,
2022,41,190230720,
2022,21,190365310,
2022,41,190365318,
2022,41,190365319,
2022,41,190365332,
2022,41,190365338,
2022,41,190449619,
2022,41,190403995,
2022,41,190403997,
2022,42,190404001,
2022,42,190404005,
2022,3,190404012,
2022,41,190417838,
2022,41,190417840,
2022,21,190417841,
2022,41,190417842,
2022,41,190417843,
2022,41,190417845,
2022,3,190417848,
2022,41,190417851,
2022,41,190417855,
2022,41,190417856,
2022,41,190417859,
2022,41,190426403,
2022,3,190426407,
2022,41,190426408,
2022,41,190426411,
2022,38,190426422,
2022,41,190417861,
2022,21,190446710,
2022,41,190446715,
2022,41,190449623,
2022,42,190449629,
2022,41,190446721,
2022,31,190446725,
2022,3,190446726,
2022,21,190449635,
2022,41,190449644,
2022,41,190533673,
2022,41,190533674,
2022,21,190533675,
2022,41,190533677,
2022,41,190539497,
2022,41,190539500,
2022,31,190533682,
2022,41,190533685,
2022,41,190533686,
2022,42,190533689,
2022,41,194320626,
2022,41,190600925,
2022,41,190623929,
2022,41,190623931,
2022,41,190623932,
2022,41,190623933,
2022,3,190674640,
2022,42,190674646,
2022,38,190674647,
2022,41,190623935,
2022,38,190623940,
2022,41,190623942,
2022,41,190674660,
2022,41,190674661,
2022,41,190674663,
2022,38,190674665,
2022,41,195623930,
2022,41,190674674,
2022,31,190674677,
2022,41,190678235,
2022,41,190678241,
2022,41,190678242,
2022,41,199463207,
2022,41,190678252,
2022,41,190692059,
2022,21,190692062,
2022,41,190692063,
2022,41,190692064,
2022,41,194320628,
2022,41,191010093,
2022,41,190692068,
2022,41,190714271,
2022,41,190717394,
2022,42,190771539,
2022,21,190771541,
2022,41,190773282,
2022,41,190773284,
2022,41,190773285,
2022,41,190773290,
2022,41,190859982,
2022,41,190859983,
2022,41,190859986,
2022,41,190859987,
2022,41,190859991,
2022,41,190860010,
2022,3,190864195,
2022,41,190864199,
2022,42,190864200,
2022,31,190860013,
2022,41,190860014,
2022,41,190860016,
2022,3,190860017,
2022,32,190959596,
2022,41,190864203,
2022,41,190864206,
2022,3,190864215,
2022,41,190864216,
2022,21,190864219,
2022,21,190864220,
2022,41,190864221,
2022,41,190864223,
2022,41,190959597,
2022,41,190959598,
2022,41,190864230,
2022,37,191655136,
2022,42,190864235,
2022,31,190864236,
2022,41,190959600,
2022,41,190959605,
2022,41,190959608,
2022,41,192085921,
2022,41,190959621,
2022,31,190959622,
2022,41,190989648,
2022,21,190989651,
2022,41,190989654,
2022,41,191012993,
2022,41,191010107,
2022,41,191010108,
2022,41,191265705,
2022,41,191265709,
2022,21,191265710,
2022,42,191265718,
2022,41,191265722,
2022,41,191265726,
2022,41,191265727,
2022,41,191265731,
2022,41,191265735,
2022,41,191265736,
2022,3,191265738,
2022,41,191265739,
2022,42,191265740,
2022,41,191352582,
2022,41,191352589,
2022,41,191352606,
2022,41,191655138,
2022,41,191655140,
2022,41,191655143,
2022,41,191655145,
2022,41,191655148,
2022,41,191655150,
2022,41,191649846,
2022,3,191649849,
2022,42,191649852,
2022,31,191655154,
2022,41,191655157,
2022,41,191791497,
2022,41,192493689,
2022,41,191791504,
2022,41,191791508,
2022,41,191791510,
2022,41,191791511,
2022,3,191791513,
2022,41,191791517,
2022,38,191791525,
2022,41,191791530,
2022,41,191791531,
2022,41,194320639,
2022,42,194320640,
2022,3,203293320,
2022,41,191831950,
2022,41,191831960,
2022,41,191831961,
2022,41,191878912,
2022,41,191878920,
2022,21,194320645,
2022,41,194320646,
2022,21,191878940,
2022,41,191881071,
2022,41,191881073,
2022,41,192458588,
2022,41,191881075,
2022,31,191881076,
2022,41,191881078,
2022,41,191881079,
2022,41,191957886,
2022,41,191957887,
2022,41,191957899,
2022,41,195150125,
2022,41,192085922,
2022,41,191957905,
2022,41,191957908,
2022,41,191957910,
2022,41,192017756,
2022,38,192017757,
2022,41,192017761,
2022,41,192017762,
2022,41,192017764,
2022,41,192017766,
2022,41,192017775,
2022,41,192017781,
2022,41,192017782,
2022,21,192017785,
2022,38,192059395,
2022,21,192059403,
2022,41,192059404,
2022,41,192059407,
2022,41,192059409,
2022,41,192059411,
2022,41,192059416,
2022,41,192069955,
2022,38,192069959,
2022,38,192069969,
2022,41,192069970,
2022,3,192069972,
2022,21,192069973,
2022,3,192069976,
2022,41,192069978,
2022,41,192085931,
2022,41,192085932,
2022,38,192085934,
2022,41,192085938,
2022,41,192198471,
2022,41,192198473,
2022,3,192279838,
2022,41,192279840,
2022,3,192279842,
2022,41,192458598,
2022,21,192279845,
2022,41,192458600,
2022,3,192279850,
2022,41,192279854,
2022,41,192279857,
2022,41,192326774,
2022,41,192326776,
2022,3,192326780,
2022,41,194320654,
2022,41,192458613,
2022,41,192279861,
2022,21,192279862,
2022,41,192279864,
2022,41,192279867,
2022,41,192326787,
2022,41,192326789,
2022,31,192458624,
2022,31,192425980,
2022,38,192409875,
2022,38,192409877,
2022,41,192409878,
2022,21,192458644,
2022,41,192493690,
2022,41,192458671,
2022,41,192458680,
2022,42,192458694,
2022,41,192458700,
2022,41,192493715,
2022,31,192493718,
2022,41,192493720,
2022,21,192493732,
2022,41,192754302,
2022,41,192754303,
2022,38,192754312,
2022,21,192754318,
2022,41,195964838,
2022,41,192782065,
2022,41,192782076,
2022,42,192782078,
2022,3,194320660,
2022,41,192813942,
2022,41,192813945,
2022,3,192813946,
2022,21,192813947,
2022,41,194320661,
2022,41,192813952,
2022,41,194320666,
2022,41,192813955,
2022,41,192813960,
2022,41,192813963,
2022,41,192813965,
2022,38,192782089,
2022,41,194320675,
2022,41,194320678,
2022,41,194320679,
2022,41,194320680,
2022,41,194320681,
2022,41,194320682,
2022,41,194320684,
2022,41,194320695,
2022,41,194320704,
2022,41,194320715,
2022,41,194320716,
2022,41,194320719,
2022,41,194320720,
2022,21,194320722,
2022,41,194320733,
2022,21,195218788,
2022,41,194320737,
2022,21,194320747,
2022,32,194320762,
2022,41,194320766,
2022,41,194320772,
2022,41,194320773,
2022,41,194320779,
2022,41,194320788,
2022,3,194320789,
2022,41,194320791,
2022,41,194320792,
2022,3,194320793,
2022,41,194320794,
2022,41,194320796,
2022,41,194320797,
2022,41,194320807,
2022,41,194320808,
2022,38,194320820,
2022,38,194320822,
2022,41,194320823,
2022,38,194320824,
2022,38,194320827,
2022,41,194320835,
2022,41,194320838,
2022,41,194320839,
2022,41,194320841,
2022,41,194320842,
2022,41,194320843,
2022,21,194320845,
2022,3,194320846,
2022,41,194320851,
2022,41,194320852,
2022,41,194320856,
2022,41,194320857,
2022,41,194320876,
2022,41,194320878,
2022,41,194320880,
2022,41,194320885,
2022,41,195150132,
2022,38,194320893,
2022,41,194320898,
2022,41,194320899,
2022,41,194320908,
2022,41,194320912,
2022,41,194320917,
2022,31,194320918,
2022,21,194320919,
2022,41,195150133,
2022,21,194320935,
2022,21,199023789,
2022,41,194320939,
2022,3,194320941,
2022,41,194320944,
2022,41,194320947,
2022,41,194320949,
2022,38,194320951,
2022,31,194320952,
2022,41,194320955,
2022,31,194320956,
2022,41,194320960,
2022,41,194320962,
2022,21,194320973,
2022,41,194320974,
2022,41,194320979,
2022,31,194320982,
2022,41,194320984,
2022,41,194320986,
2022,41,194320987,
2022,41,194320995,
2022,41,194321015,
2022,41,194321018,
2022,3,195199824,
2022,41,194321029,
2022,21,194321031,
2022,38,194321036,
2022,41,194321039,
2022,41,194321044,
2022,41,195150137,
2022,41,194321047,
2022,41,194321054,
2022,41,194321055,
2022,21,194321056,
2022,41,194321062,
2022,41,194321063,
2022,41,194321064,
2022,38,194321067,
2022,41,194321069,
2022,41,194321070,
2022,41,194321071,
2022,41,194321072,
2022,41,194321073,
2022,41,194321074,
2022,41,194321078,
2022,3,194321096,
2022,41,194321098,
2022,41,194321102,
2022,41,194321116,
2022,41,194321122,
2022,41,194321126,
2022,41,195150142,
2022,41,194321131,
2022,41,194321134,
2022,21,194321135,
2022,41,194321139,
2022,38,194321144,
2022,3,194321147,
2022,41,194321161,
2022,21,194321169,
2022,41,197456923,
2022,41,194321179,
2022,38,194321188,
2022,41,194321190,
2022,41,194321193,
2022,41,194321205,
2022,41,194321213,
2022,21,194321214,
2022,41,194321219,
2022,41,194321220,
2022,41,194321221,
2022,41,194321222,
2022,41,194321227,
2022,41,202005448,
2022,41,194321234,
2022,41,194321245,
2022,41,194321257,
2022,3,194321258,
2022,41,194321260,
2022,41,194321271,
2022,41,194321276,
2022,41,194321279,
2022,41,194321283,
2022,41,194321298,
2022,41,194321299,
2022,41,194321300,
2022,41,194321310,
2022,41,194321317,
2022,41,194321318,
2022,41,194321319,
2022,41,194321320,
2022,21,194321321,
2022,41,194321324,
2022,41,194321327,
2022,41,194321329,
2022,41,194321339,
2022,41,194321343,
2022,31,194321349,
2022,41,194321352,
2022,41,194321360,
2022,41,194321370,
2022,21,194321377,
2022,41,194321381,
2022,41,194321384,
2022,41,202987043,
2022,41,194321395,
2022,3,194321396,
2022,41,194321397,
2022,41,194321398,
2022,41,194321403,
2022,41,194321407,
2022,41,194321408,
2022,41,194321411,
2022,41,194321412,
2022,41,194321416,
2022,41,194321422,
2022,21,195424364,
2022,41,194321428,
2022,3,195218789,
2022,41,194321431,
2022,41,194321434,
2022,3,194321436,
2022,31,194321437,
2022,41,194321438,
2022,41,194321444,
2022,41,194321452,
2022,41,194321460,
2022,3,194321462,
2022,41,194321464,
2022,21,194321465,
2022,41,195264508,
2022,41,194321471,
2022,41,194321479,
2022,41,194321484,
2022,21,194321485,
2022,41,194321487,
2022,41,194321492,
2022,41,194321498,
2022,41,194321499,
2022,21,194321509,
2022,41,194321510,
2022,41,194321517,
2022,21,194321549,
2022,41,194321551,
2022,41,194321554,
2022,41,194321558,
2022,3,194321560,
2022,41,194752893,
2022,41,195879021,
2022,41,194752898,
2022,41,194752901,
2022,41,194752908,
2022,41,194752911,
2022,41,194752912,
2022,32,194752913,
2022,41,194752931,
2022,21,194756650,
2022,41,194756653,
2022,3,194756654,
2022,41,195080986,
2022,21,195080989,
2022,41,195080994,
2022,41,194756656,
2022,41,194756658,
2022,41,195110966,
2022,41,195110967,
2022,41,195110971,
2022,41,195110973,
2022,41,195110975,
2022,41,195110977,
2022,41,195110983,
2022,41,195110986,
2022,41,195081000,
2022,41,195129579,
2022,41,195129581,
2022,41,195129589,
2022,31,195129590,
2022,42,200761810,
2022,41,199925071,
2022,41,195148709,
2022,41,195148710,
2022,21,195148711,
2022,41,195174140,
2022,41,195174143,
2022,41,195199825,
2022,21,195199826,
2022,41,195199832,
2022,41,195199882,
2022,41,195218796,
2022,41,195218798,
2022,41,195218799,
2022,41,195218801,
2022,41,195218804,
2022,41,195218806,
2022,41,195218811,
2022,41,195264511,
2022,41,195264515,
2022,41,195264517,
2022,41,195264518,
2022,21,195279171,
2022,41,195279172,
2022,32,195279177,
2022,41,195943832,
2022,41,195279193,
2022,3,195333936,
2022,41,195333937,
2022,38,195333940,
2022,41,195333951,
2022,21,195333952,
2022,41,195417824,
2022,21,195417827,
2022,21,195417828,
2022,21,195417829,
2022,41,195417835,
2022,21,195424365,
2022,41,195424370,
2022,31,195879023,
2022,3,195447057,
2022,41,195452866,
2022,41,199853330,
2022,21,195452867,
2022,41,195452868,
2022,41,195452869,
2022,42,196784399,
2022,42,196784416,
2022,42,196784426,
2022,42,196784428,
2022,3,176708507,
2022,41,182901413,
2022,41,177127328,
2022,41,177129591,
2022,41,177129594,
2022,41,177330101,
2022,41,176708508,
2022,38,177405114,
2022,3,178200146,
2022,41,178200184,
2022,41,177116050,
2022,41,178210874,
2022,3,178219918,
2022,3,178219919,
2022,41,177116052,
2022,41,178231089,
2022,3,178235145,
2022,3,178243276,
2022,21,178501380,
2022,41,181433164,
2022,3,181433178,
2022,41,181438884,
2022,41,181438890,
2022,3,181453661,
2022,3,179101608,
2022,3,179101609,
2022,41,178780862,
2022,41,181442485,
2022,41,181442491,
2022,21,178780863,
2022,41,181451764,
2022,41,178780864,
2022,41,181451768,
2022,37,181451769,
2022,41,181451781,
2022,41,181453683,
2022,21,179101610,
2022,41,181453708,
2022,3,181453709,
2022,3,181453710,
2022,41,181456413,
2022,21,181456414,
2022,41,181456416,
2022,41,181456417,
2022,3,195081001,
2022,41,181736873,
2022,41,181736877,
2022,41,181745150,
2022,41,181745153,
2022,41,181751235,
2022,41,181758047,
2022,41,181762368,
2022,41,181767410,
2022,41,182647325,
2022,41,181478040,
2022,41,181478042,
2022,41,182647345,
2022,41,182647349,
2022,41,181517310,
2022,41,181653394,
2022,41,182647360,
2022,41,183893076,
2022,41,182647363,
2022,41,183899421,
2022,38,183978932,
2022,3,184044476,
2022,3,182647369,
2022,41,182647370,
2022,41,184044478,
2022,41,184087683,
2022,41,183152927,
2022,3,183152929,
2022,3,183152930,
2022,41,183152931,
2022,41,183152932,
2022,41,184088002,
2022,41,183152933,
2022,3,184088007,
2022,41,184088016,
2022,41,184088019,
2022,41,183209702,
2022,41,185372304,
2022,21,185430012,
2022,41,184241519,
2022,41,185430017,
2022,41,185430031,
2022,41,183967368,
2022,9,184168844,
2022,41,188895907,
2022,41,184168845,
2022,41,185441996,
2022,41,185441997,
2022,41,185442003,
2022,41,184241521,
2022,41,185442006,
2022,3,184241522,
2022,41,184168846,
2022,3,185551410,
2022,41,184244234,
2022,41,187101896,
2022,41,186970582,
2022,41,187101897,
2022,41,187122114,
2022,41,184625326,
2022,41,186699347,
2022,41,186699349,
2022,41,187221019,
2022,41,187221025,
2022,41,186684943,
2022,41,187221026,
2022,41,186684944,
2022,41,189367103,
2022,41,186684945,
2022,3,186684946,
2022,21,188879198,
2022,41,189099814,
2022,41,189099837,
2022,41,189099842,
2022,41,189099858,
2022,41,189099862,
2022,41,189155261,
2022,32,189155266,
2022,41,188027502,
2022,41,188027503,
2022,3,188034981,
2022,41,189459689,
2022,41,188027509,
2022,41,189459690,
2022,41,188027511,
2022,41,189459697,
2022,41,189810876,
2022,38,189823616,
2022,38,189823617,
2022,41,189823621,
2022,21,189843038,
2022,41,194324102,
2022,41,190118825,
2022,41,190122908,
2022,41,190122914,
2022,41,190122920,
2022,41,189048157,
2022,3,190180066,
2022,41,189048158,
2022,41,199596868,
2022,41,191012997,
2022,41,191831967,
2022,41,191831971,
2022,41,191881084,
2022,41,192069982,
2022,3,190230727,
2022,41,190446730,
2022,41,192087798,
2022,41,194324110,
2022,41,194324113,
2022,9,190864241,
2022,21,192196141,
2022,41,194324130,
2022,41,194324134,
2022,32,196176418,
2022,1,194324137,
2022,41,194324144,
2022,41,194324146,
2022,41,194324151,
2022,41,192326798,
2022,41,194324162,
2022,1,194324163,
2022,41,194324165,
2022,21,194324168,
2022,21,194324169,
2022,38,194324178,
2022,41,194324199,
2022,41,194324207,
2022,41,194752934,
2022,41,194752941,
2022,41,194756667,
2022,3,194756672,
2022,41,194324225,
2022,41,194324227,
2022,41,194324229,
2022,41,194324230,
2022,41,195081002,
2022,41,195081010,
2022,3,196491396,
2022,41,196491397,
2022,41,194324239,
2022,41,196491400,
2022,41,196491407,
2022,41,196621865,
2022,41,196621866,
2022,41,196686701,
2022,41,194324247,
2022,41,196721841,
2022,41,196809275,
2022,41,196809276,
2022,41,196822809,
2022,21,196487334,
2022,41,196822816,
2022,41,196487337,
2022,38,178313361,
2022,42,182647887,
2022,41,187734947,
2022,41,187505558,
2022,41,187734953,
2022,41,191133609,
2022,3,191133611,
2022,41,191133612,
2022,41,201040671,
2022,3,201348624,
2022,41,201348625,
2022,41,201352033,
2022,41,201352042,
2022,41,201590729,
2022,41,201590730,
2022,41,201598051,
2022,3,183907957,
2022,31,186119637,
2022,41,186684959,
2022,42,188649991,
2022,21,188649994,
2022,3,194328805,
2022,42,195110991,
2022,42,197221958,
2022,41,175996864,
2022,41,176163133,
2022,21,176318229,
2022,41,176570348,
2022,41,176708509,
2022,41,177063780,
2022,41,177079983,
2022,42,177400595,
2022,41,177400598,
2022,21,177552802,
2022,41,178053527,
2022,42,178289026,
2022,41,178313362,
2022,41,178372202,
2022,41,178780866,
2022,42,179544814,
2022,41,179186207,
2022,41,179613170,
2022,38,179496489,
2022,41,179379032,
2022,41,179496490,
2022,41,180024512,
2022,41,180128425,
2022,38,180253939,
2022,41,180883578,
2022,31,181316045,
2022,41,181453711,
2022,41,181460068,
2022,21,181478043,
2022,41,181528332,
2022,41,181577249,
2022,42,181653397,
2022,42,187434197,
2022,41,182652722,
2022,41,182652726,
2022,41,182652728,
2022,41,182652740,
2022,38,182652741,
2022,41,182652742,
2022,41,182857856,
2022,38,182982701,
2022,38,183118209,
2022,21,183153154,
2022,42,183210070,
2022,41,183210071,
2022,41,183383064,
2022,41,183450891,
2022,41,183954313,
2022,42,183954314,
2022,38,183971159,
2022,41,184075911,
2022,38,184127050,
2022,41,184244236,
2022,38,184337410,
2022,41,184365788,
2022,41,184337411,
2022,41,184811202,
2022,41,184811206,
2022,41,198109670,
2022,1,185202440,
2022,42,185631847,
2022,21,185783892,
2022,42,185783893,
2022,41,194333108,
2022,41,186622178,
2022,42,186334153,
2022,41,187122129,
2022,41,187027592,
2022,41,187027594,
2022,41,187337335,
2022,41,187355973,
2022,41,187378119,
2022,41,187434202,
2022,41,187715158,
2022,41,187898398,
2022,42,187717496,
2022,42,187734957,
2022,41,187801376,
2022,41,188027518,
2022,41,188418966,
2022,41,188374023,
2022,41,188418969,
2022,37,188418970,
2022,41,189048159,
2022,41,189314036,
2022,38,189277636,
2022,41,189282237,
2022,41,190180081,
2022,41,189810881,
2022,41,189810883,
2022,41,189810884,
2022,42,190180082,
2022,41,194333109,
2022,41,190044119,
2022,41,190044120,
2022,21,190044121,
2022,41,190044122,
2022,41,190044125,
2022,38,190600934,
2022,41,190565179,
2022,41,190701685,
2022,41,190728766,
2022,38,190959625,
2022,41,191027577,
2022,41,191013001,
2022,21,191352625,
2022,37,191791539,
2022,41,191831975,
2022,41,191878945,
2022,41,191878946,
2022,41,192198482,
2022,3,192198485,
2022,41,194333114,
2022,32,194333115,
2022,1,194333126,
2022,1,194333127,
2022,1,194333129,
2022,1,194333130,
2022,41,194333132,
2022,41,194333143,
2022,41,194333148,
2022,41,194333153,
2022,41,194715538,
2022,41,194715539,
2022,41,194715540,
2022,41,194756683,
2022,41,194756688,
2022,41,195157938,
2022,38,195279194,
2022,41,195279195,
2022,3,195279196,
2022,41,195279197,
2022,41,196945848,
2022,1,198109672,
2022,41,195279199,
2022,41,179101615,
2022,38,179022199,
2022,41,179022201,
2022,41,179101619,
2022,41,179101625,
2022,41,181453714,
2022,41,181442506,
2022,41,181453718,
2022,41,181442512,
2022,41,181453724,
2022,41,181453725,
2022,41,181442519,
2022,38,181453726,
2022,3,182653249,
2022,41,182699089,
2022,41,182699090,
2022,41,182901625,
2022,42,183210102,
2022,41,184127057,
2022,41,184337424,
2022,41,184822200,
2022,41,184869460,
2022,41,184869461,
2022,41,185776743,
2022,41,185776749,
2022,41,185896554,
2022,5,188749680,
2022,41,188749682,
2022,41,188896035,
2022,41,188896057,
2022,41,189843051,
2022,41,191649854,
2022,41,191957915,
2022,41,192279885,
2022,41,192326805,
2022,41,194333418,
2022,41,194333422,
2022,41,194333424,
2022,41,195424381,
2022,41,182653918,
2022,41,182653922,
2022,41,182653927,
2022,41,182653931,
2022,41,182653932,
2022,41,182653936,
2022,41,182653945,
2022,41,182653951,
2022,41,182653992,
2022,21,182654007,
2022,21,182654008,
2022,41,182654009,
2022,41,182654010,
2022,31,182654011,
2022,41,182932339,
2022,41,182932340,
2022,31,182944967,
2022,39,182982742,
2022,41,182982748,
2022,41,182982750,
2022,41,182982752,
2022,41,182982764,
2022,41,184304616,
2022,41,184337446,
2022,41,184353363,
2022,41,184365801,
2022,21,184365802,
2022,41,185126641,
2022,31,186334154,
2022,41,186334155,
2022,41,186679173,
2022,41,186684967,
2022,41,187337342,
2022,41,187337343,
2022,41,187337345,
2022,41,187352384,
2022,41,187352386,
2022,41,187378122,
2022,41,188663045,
2022,41,188879200,
2022,41,188906879,
2022,41,188906881,
2022,41,189185715,
2022,41,189185722,
2022,41,189193763,
2022,38,189282238,
2022,41,190118827,
2022,41,190180086,
2022,41,190180088,
2022,41,190600943,
2022,41,190600950,
2022,41,190600952,
2022,41,191013003,
2022,21,194333855,
2022,41,194333856,
2022,41,194333857,
2022,41,194333859,
2022,41,194333879,
2022,41,194333881,
2022,3,194333897,
2022,41,194333899,
2022,41,198940574,
2022,41,198940582,
2022,41,198940586,
2022,41,199603982,
2022,41,175907468,
2022,41,176542332,
2022,41,177325262,
2022,38,178053529,
2022,41,179379037,
2022,21,181277382,
2022,38,181294068,
2022,37,181294069,
2022,41,181453727,
2022,41,181460073,
2022,21,181517311,
2022,41,181736884,
2022,41,181517313,
2022,21,182654449,
2022,41,181736885,
2022,3,181758060,
2022,41,182654450,
2022,41,182654452,
2022,41,182654462,
2022,41,182654465,
2022,41,182654466,
2022,41,182654479,
2022,41,182654481,
2022,3,199772381,
2022,41,182654484,
2022,41,183153281,
2022,41,198959277,
2022,41,184168855,
2022,42,184232351,
2022,41,184869462,
2022,41,184811208,
2022,41,185631853,
2022,41,185673266,
2022,41,185673270,
2022,42,186140112,
2022,41,187013330,
2022,42,187013333,
2022,21,187033124,
2022,41,187033126,
2022,21,187631458,
2022,38,188007470,
2022,41,187741424,
2022,41,187778860,
2022,39,188418976,
2022,41,190122925,
2022,42,188823742,
2022,42,189155270,
2022,41,189282244,
2022,41,189768699,
2022,41,190245386,
2022,41,190245390,
2022,42,190692074,
2022,41,191878953,
2022,41,192085959,
2022,37,192085959,
2022,41,194334516,
2022,38,194334523,
2022,41,199772382,
2022,41,195132633,
2022,37,195132633,
2022,3,195522717,
2022,3,199949093,
2022,42,188827242,
2022,41,188827254,
2022,41,188827282,
2022,41,188827283,
2022,37,192493734,
2022,41,188827290,
2022,41,188879207,
2022,38,188879209,
2022,41,188879230,
2022,3,188879232,
2022,41,188879235,
2022,41,188879248,
2022,41,188879250,
2022,41,188879253,
2022,41,188879257,
2022,37,192493735,
2022,41,188879278,
2022,41,188879286,
2022,3,188879287,
2022,41,188887132,
2022,41,189048186,
2022,41,189048195,
2022,41,189048196,
2022,41,189048209,
2022,41,189048216,
2022,41,189048217,
2022,41,189048237,
2022,3,189048238,
2022,41,189048245,
2022,41,189054763,
2022,41,189054764,
2022,41,189099882,
2022,41,189099888,
2022,41,189099914,
2022,41,189099937,
2022,41,189099941,
2022,42,189099948,
2022,41,189100096,
2022,41,189100106,
2022,41,189100119,
2022,7,189100122,
2022,41,189100125,
2022,41,189193774,
2022,41,189193775,
2022,41,189193785,
2022,41,189193791,
2022,42,189193797,
2022,41,189193805,
2022,41,189193807,
2022,41,189193808,
2022,41,189193809,
2022,41,196177078,
2022,3,189193820,
2022,31,189193821,
2022,32,189193822,
2022,3,189193824,
2022,41,189193825,
2022,31,189193832,
2022,41,189193833,
2022,41,189193835,
2022,41,189193844,
2022,41,189193847,
2022,41,189193853,
2022,41,189193854,
2022,41,189193857,
2022,41,189193861,
2022,41,189193862,
2022,41,189193865,
2022,41,189282249,
2022,41,189282250,
2022,41,200531455,
2022,42,189282265,
2022,21,189282270,
2022,42,189282298,
2022,41,203200831,
2022,41,189282308,
2022,41,189282339,
2022,41,189282356,
2022,41,189282359,
2022,41,189282371,
2022,41,189282385,
2022,41,189314049,
2022,41,189314051,
2022,41,189314057,
2022,41,189314064,
2022,31,189367115,
2022,3,189367117,
2022,41,189429323,
2022,3,189459712,
2022,31,189810895,
2022,41,189843060,
2022,41,189843068,
2022,41,190122939,
2022,41,190180091,
2022,21,190426447,
2022,41,190233485,
2022,41,190233490,
2022,41,190404015,
2022,41,190426461,
2022,41,190449656,
2022,41,190449660,
2022,42,190539508,
2022,41,190539511,
2022,42,191791547,
2022,41,191794467,
2022,41,191831989,
2022,41,192087808,
2022,38,192409894,
2022,42,192425991,
2022,42,192425993,
2022,37,194335528,
2022,42,192813967,
2022,3,194335537,
2022,42,194335539,
2022,41,194335543,
2022,41,194335553,
2022,41,194335558,
2022,37,194335560,
2022,3,194335561,
2022,41,194335569,
2022,41,194335571,
2022,3,194335575,
2022,3,194335590,
2022,37,194335591,
2022,21,194335594,
2022,41,194335605,
2022,41,194335609,
2022,41,194335615,
2022,41,194335619,
2022,41,194335625,
2022,41,194335626,
2022,3,194335629,
2022,3,194335631,
2022,41,194335649,
2022,41,194335655,
2022,41,194335668,
2022,21,194335681,
2022,41,194335695,
2022,41,194335697,
2022,41,194335698,
2022,41,194335712,
2022,41,194335718,
2022,41,194335722,
2022,37,194335725,
2022,41,194335730,
2022,3,194335736,
2022,41,194335740,
2022,41,194335741,
2022,41,194756690,
2022,21,194756695,
2022,41,194756698,
2022,41,195111018,
2022,21,195111026,
2022,41,195132644,
2022,41,195132650,
2022,41,195132651,
2022,41,195132652,
2022,21,195132653,
2022,41,195132670,
2022,41,195333959,
2022,41,195343359,
2022,41,195350816,
2022,41,195350817,
2022,21,195352269,
2022,41,195352278,
2022,41,195424395,
2022,41,195424396,
2022,41,195452873,
2022,39,195881669,
2022,41,195881671,
2022,41,195881675,
2022,41,195881678,
2022,21,195881684,
2022,21,195964879,
2022,41,195964880,
2022,41,195964882,
2022,37,196823006,
2022,37,196144125,
2022,3,196144128,
2022,21,196177079,
2022,41,196177089,
2022,41,196177090,
2022,41,196177092,
2022,41,196689408,
2022,41,196784789,
2022,41,196823031,
2022,41,175949437,
2022,41,175949440,
2022,41,177129595,
2022,41,177518619,
2022,42,180075650,
2022,41,180075673,
2022,41,180075679,
2022,41,180128431,
2022,38,180128434,
2022,41,181758063,
2022,9,183361614,
2022,41,181736893,
2022,9,182655602,
2022,9,182655603,
2022,41,182655604,
2022,41,182655608,
2022,42,182655615,
2022,41,182655617,
2022,38,182886107,
2022,41,183920888,
2022,41,183920891,
2022,41,183990501,
2022,41,185667069,
2022,41,185277078,
2022,3,185283778,
2022,42,185673280,
2022,41,186067514,
2022,38,186067528,
2022,41,186622204,
2022,38,187378133,
2022,41,187981040,
2022,41,187983127,
2022,41,190678260,
2022,41,189768723,
2022,41,190122949,
2022,41,190180114,
2022,41,190122951,
2022,41,190180115,
2022,41,190180116,
2022,41,191791549,
2022,38,191881100,
2022,41,192059430,
2022,41,192326814,
2022,38,192425996,
2022,41,194338392,
2022,41,194338394,
2022,41,195881691,
2022,3,177100180,
2022,41,186067536,
2022,41,183693334,
2022,41,198022858,
2022,41,194325762,
2022,41,177235199,
2022,41,177235200,
2022,41,177235201,
2022,41,177235202,
2022,41,177235205,
2022,3,177235206,
2022,41,177235210,
2022,3,177235211,
2022,41,177235212,
2022,41,177235213,
2022,38,177235214,
2022,3,177235215,
2022,3,177235216,
2022,41,177235217,
2022,3,177235222,
2022,3,177235223,
2022,41,177235224,
2022,41,177183093,
2022,41,177235226,
2022,41,177235227,
2022,41,177235228,
2022,41,177235229,
2022,41,177235230,
2022,41,177235231,
2022,21,177235232,
2022,21,177235233,
2022,41,177235234,
2022,41,177235236,
2022,3,177235237,
2022,41,184168875,
2022,41,177235253,
2022,41,177235255,
2022,41,177235257,
2022,41,177235265,
2022,3,183209914,
2022,3,177235269,
2022,41,177235271,
2022,41,177235275,
2022,41,177235277,
2022,41,177235280,
2022,41,177235282,
2022,3,177235283,
2022,3,177235286,
2022,41,177255494,
2022,3,177255502,
2022,3,177255503,
2022,3,177255504,
2022,32,177255505,
2022,41,177255506,
2022,41,177255507,
2022,41,177255508,
2022,41,177255509,
2022,41,177255511,
2022,21,185631870,
2022,21,177255514,
2022,21,177255515,
2022,41,177255517,
2022,41,177255518,
2022,41,177255519,
2022,41,177255524,
2022,3,177255525,
2022,3,177255527,
2022,3,177255528,
2022,3,177255529,
2022,3,177255530,
2022,3,177255531,
2022,3,177255532,
2022,3,177325283,
2022,41,177325290,
2022,41,177325292,
2022,21,177325293,
2022,41,177325294,
2022,41,177325295,
2022,41,177325298,
2022,41,182650562,
2022,41,177325302,
2022,41,177325303,
2022,41,177325306,
2022,31,177325310,
2022,41,177325315,
2022,41,177325316,
2022,21,177325321,
2022,41,177325322,
2022,41,177325324,
2022,41,177325327,
2022,41,177325328,
2022,31,177325330,
2022,41,177325334,
2022,3,177325336,
2022,3,177325340,
2022,3,177325345,
2022,3,177325346,
2022,3,177325360,
2022,41,177325361,
2022,41,177325363,
2022,41,177325365,
2022,41,177532785,
2022,41,177518624,
2022,41,177518625,
2022,41,177518626,
2022,3,177518628,
2022,41,177532786,
2022,41,177532787,
2022,41,177532788,
2022,41,177532789,
2022,3,177518632,
2022,21,187378140,
2022,41,177518635,
2022,41,177518636,
2022,38,185631871,
2022,41,177518638,
2022,3,177518641,
2022,41,177532790,
2022,41,177518643,
2022,41,177518645,
2022,41,177518646,
2022,41,177518647,
2022,41,177532791,
2022,41,177532792,
2022,41,177532793,
2022,3,177518653,
2022,3,177518654,
2022,41,177518658,
2022,31,177518660,
2022,41,177518662,
2022,21,177518664,
2022,41,177518666,
2022,41,177518667,
2022,3,177518675,
2022,41,177532794,
2022,41,177532795,
2022,41,177532796,
2022,41,177532797,
2022,3,177532798,
2022,3,177534222,
2022,3,177534223,
2022,41,177534226,
2022,41,177534229,
2022,41,177534239,
2022,41,177534242,
2022,21,177534245,
2022,41,177534248,
2022,41,177534251,
2022,3,177534253,
2022,3,177534256,
2022,41,177534262,
2022,3,177534264,
2022,41,182650563,
2022,41,177600001,
2022,38,177648277,
2022,31,177648285,
2022,41,177648286,
2022,41,177648290,
2022,3,177648292,
2022,3,177648293,
2022,41,177648295,
2022,41,177648296,
2022,41,177648305,
2022,41,177648309,
2022,41,177648310,
2022,3,177648312,
2022,41,177648313,
2022,41,177648315,
2022,41,177648316,
2022,41,178053532,
2022,21,184168876,
2022,41,184168877,
2022,41,178053538,
2022,41,190533713,
2022,41,178053540,
2022,41,178053543,
2022,41,178053545,
2022,41,178053564,
2022,31,178053580,
2022,31,178053581,
2022,41,178053587,
2022,41,178053588,
2022,21,178053590,
2022,41,178200214,
2022,3,178187995,
2022,3,178187996,
2022,41,178200217,
2022,41,178200220,
2022,3,178200228,
2022,41,178200244,
2022,38,178200250,
2022,41,178200255,
2022,41,178200267,
2022,31,178200297,
2022,36,178200298,
2022,41,178200301,
2022,3,178200305,
2022,41,178200307,
2022,41,178200310,
2022,3,178200344,
2022,3,178231111,
2022,3,178231112,
2022,3,178231113,
2022,39,178231114,
2022,41,178231115,
2022,41,178231116,
2022,41,178219926,
2022,41,178231117,
2022,41,178231118,
2022,41,178231119,
2022,41,178231120,
2022,3,178231121,
2022,41,178231122,
2022,21,178231123,
2022,21,178231124,
2022,38,178231125,
2022,38,178231145,
2022,41,178231148,
2022,41,178231149,
2022,3,182650564,
2022,41,178231153,
2022,41,178231155,
2022,41,178289052,
2022,41,178289055,
2022,3,178289057,
2022,3,178289058,
2022,3,178289059,
2022,32,178289061,
2022,41,178289062,
2022,41,178289064,
2022,41,178289065,
2022,41,178289066,
2022,21,178289067,
2022,41,178289068,
2022,41,178289069,
2022,41,178289070,
2022,41,190533714,
2022,41,178289078,
2022,41,178289079,
2022,41,178289080,
2022,38,178289081,
2022,21,178289083,
2022,21,178289084,
2022,41,178289085,
2022,3,178289087,
2022,3,178289089,
2022,3,178289094,
2022,41,178289096,
2022,21,178289100,
2022,21,178289101,
2022,41,178289103,
2022,41,178289108,
2022,41,190533715,
2022,41,178289110,
2022,3,178289116,
2022,3,178289131,
2022,41,178289141,
2022,3,178289147,
2022,41,178372235,
2022,41,178372238,
2022,41,178372240,
2022,32,178372245,
2022,32,178372246,
2022,3,178372248,
2022,41,178372250,
2022,41,178372254,
2022,41,178372256,
2022,41,178372268,
2022,41,178372270,
2022,41,178372271,
2022,21,178372273,
2022,41,178372276,
2022,38,178372277,
2022,41,178372279,
2022,41,178372284,
2022,21,178372292,
2022,21,178372293,
2022,3,178372298,
2022,41,178372301,
2022,41,178372306,
2022,41,178372309,
2022,41,178490421,
2022,41,178490422,
2022,41,178490423,
2022,41,178490424,
2022,3,178490426,
2022,3,178490427,
2022,3,178490428,
2022,41,178490429,
2022,41,178490432,
2022,41,178490434,
2022,41,178490435,
2022,41,178490438,
2022,41,178490439,
2022,41,178490444,
2022,41,178490445,
2022,41,178490446,
2022,41,178490447,
2022,41,178490448,
2022,3,178490449,
2022,21,178490463,
2022,41,178490466,
2022,41,178490468,
2022,31,178490471,
2022,31,178490472,
2022,41,178490473,
2022,41,178490474,
2022,31,178490475,
2022,31,178490476,
2022,41,178490477,
2022,41,178490478,
2022,41,178490484,
2022,41,178490489,
2022,41,178490490,
2022,41,178490493,
2022,41,178490494,
2022,41,184168878,
2022,41,178490499,
2022,21,178490500,
2022,41,178490502,
2022,41,178490503,
2022,41,178490505,
2022,31,178490509,
2022,41,178490517,
2022,41,178490520,
2022,41,178780900,
2022,41,178780901,
2022,3,178780903,
2022,3,178780904,
2022,3,178780905,
2022,41,184168879,
2022,41,178780920,
2022,41,178780922,
2022,41,178780926,
2022,41,181291119,
2022,41,178780929,
2022,41,178780930,
2022,41,178780942,
2022,41,178780943,
2022,31,178780945,
2022,3,178780951,
2022,41,178780955,
2022,3,178780958,
2022,41,178780964,
2022,41,178780967,
2022,41,178780971,
2022,41,178780974,
2022,41,178780979,
2022,41,178780981,
2022,41,178858796,
2022,41,178780989,
2022,41,178780992,
2022,41,178858800,
2022,41,178858809,
2022,41,178858811,
2022,41,178858812,
2022,3,178858817,
2022,41,178858821,
2022,41,178858823,
2022,41,178858825,
2022,41,178858826,
2022,41,178858828,
2022,41,178858829,
2022,41,178858831,
2022,41,178858833,
2022,41,178911308,
2022,41,178911309,
2022,41,178911357,
2022,41,178957312,
2022,31,178957313,
2022,31,178957314,
2022,41,179022134,
2022,41,179022135,
2022,41,179022136,
2022,21,179022137,
2022,41,179022141,
2022,41,179022142,
2022,3,179022144,
2022,41,179022161,
2022,41,179022162,
2022,41,179022165,
2022,41,179022167,
2022,41,179022171,
2022,41,179022172,
2022,41,179022176,
2022,41,179022178,
2022,3,179022179,
2022,21,179022182,
2022,21,179022185,
2022,21,179022187,
2022,41,179022189,
2022,41,179022194,
2022,41,179022195,
2022,3,179022196,
2022,3,179022197,
2022,21,179101683,
2022,3,179101684,
2022,3,179101685,
2022,3,179101686,
2022,41,179101688,
2022,38,179101689,
2022,3,179101690,
2022,31,179101692,
2022,31,179101693,
2022,41,179101695,
2022,41,179101696,
2022,3,184168880,
2022,3,179101700,
2022,3,179101701,
2022,3,179101706,
2022,41,179101707,
2022,41,179101708,
2022,41,179101710,
2022,41,179101712,
2022,41,179186211,
2022,38,179186212,
2022,32,179186213,
2022,32,179186214,
2022,41,179186216,
2022,41,184168881,
2022,41,190533716,
2022,41,179186219,
2022,32,179186220,
2022,3,179186222,
2022,3,179186225,
2022,3,179186226,
2022,41,179186227,
2022,41,179186230,
2022,41,179186231,
2022,21,179186252,
2022,21,179186253,
2022,41,179186254,
2022,41,179186256,
2022,41,179186259,
2022,41,179186269,
2022,41,179186271,
2022,41,179186278,
2022,41,179186280,
2022,41,179186281,
2022,41,185631872,
2022,41,179186289,
2022,41,179186291,
2022,41,179186294,
2022,41,179379041,
2022,21,182650568,
2022,41,179379046,
2022,41,179379047,
2022,41,179379048,
2022,41,179379049,
2022,41,179325499,
2022,41,179325500,
2022,41,179379055,
2022,41,179590437,
2022,41,179379056,
2022,41,179379057,
2022,41,179379060,
2022,3,179379062,
2022,3,179379063,
2022,21,179379065,
2022,41,179379067,
2022,41,179379068,
2022,41,179379069,
2022,41,179379080,
2022,3,179625819,
2022,41,179625830,
2022,38,179625834,
2022,41,179625835,
2022,41,179625836,
2022,41,179625837,
2022,41,179625838,
2022,41,179625839,
2022,41,179625840,
2022,3,179625842,
2022,41,179625843,
2022,3,179995297,
2022,41,179995301,
2022,41,179995307,
2022,3,179995319,
2022,3,179995347,
2022,3,179995384,
2022,3,179995399,
2022,3,179995400,
2022,3,179995408,
2022,21,179995423,
2022,21,179995424,
2022,3,179995478,
2022,3,185631880,
2022,41,179995501,
2022,41,179995515,
2022,41,179995538,
2022,41,179995542,
2022,3,179995548,
2022,3,180075686,
2022,41,180075688,
2022,41,180075690,
2022,41,180075691,
2022,41,180075692,
2022,41,180075693,
2022,41,180059115,
2022,41,180059116,
2022,41,180059117,
2022,3,184168883,
2022,41,180075703,
2022,41,180075704,
2022,41,180075706,
2022,41,180059118,
2022,41,180059119,
2022,41,180075707,
2022,41,197883246,
2022,41,180059120,
2022,41,180075708,
2022,3,180075709,
2022,3,180075710,
2022,3,180075711,
2022,41,180075712,
2022,41,180075713,
2022,41,180075715,
2022,41,180075719,
2022,41,180075721,
2022,41,180075722,
2022,41,180075723,
2022,41,180075724,
2022,41,180075725,
2022,41,180075726,
2022,3,180075727,
2022,41,180075728,
2022,41,180075729,
2022,41,180075732,
2022,41,180075733,
2022,41,180075735,
2022,41,180075736,
2022,41,180075738,
2022,41,180075739,
2022,41,180075740,
2022,41,180075741,
2022,41,180075742,
2022,41,180075743,
2022,41,180075744,
2022,41,180075745,
2022,41,180075746,
2022,41,180075747,
2022,41,180075749,
2022,41,180075750,
2022,41,180075751,
2022,41,180075752,
2022,41,180075753,
2022,3,180075754,
2022,3,180075755,
2022,3,180075757,
2022,3,180075759,
2022,41,180075761,
2022,41,180075763,
2022,41,180075765,
2022,41,180075768,
2022,41,180075772,
2022,41,180075774,
2022,31,180075775,
2022,21,180075776,
2022,21,180075777,
2022,3,180253959,
2022,31,180253962,
2022,41,180253968,
2022,41,180253973,
2022,41,180253974,
2022,41,180253980,
2022,41,180253990,
2022,41,180253992,
2022,41,180253994,
2022,41,180253995,
2022,41,180253997,
2022,41,180253998,
2022,38,180253999,
2022,38,180254001,
2022,41,180254002,
2022,3,180254005,
2022,3,180254006,
2022,41,180254010,
2022,3,180254011,
2022,41,180254012,
2022,41,180254013,
2022,3,185631881,
2022,3,180254016,
2022,41,180254017,
2022,41,180254018,
2022,41,180254021,
2022,41,180254022,
2022,41,180254023,
2022,41,184168884,
2022,21,180254029,
2022,21,180254030,
2022,41,180254031,
2022,41,180254032,
2022,41,180254035,
2022,3,180254037,
2022,21,180254041,
2022,41,180254043,
2022,41,180254044,
2022,41,180254046,
2022,41,180254047,
2022,41,180254048,
2022,41,180254070,
2022,41,181271626,
2022,41,181271627,
2022,21,184168885,
2022,41,181271631,
2022,21,181271632,
2022,41,181271633,
2022,41,181271635,
2022,3,181271638,
2022,3,181271639,
2022,41,181271641,
2022,41,181271642,
2022,41,181271643,
2022,41,181271644,
2022,41,181271645,
2022,3,181291123,
2022,41,181294082,
2022,41,181294085,
2022,41,181294086,
2022,41,181294090,
2022,3,181294091,
2022,41,181294092,
2022,41,181294093,
2022,41,181294095,
2022,41,181294096,
2022,41,181294102,
2022,41,181294108,
2022,41,181316048,
2022,41,181316050,
2022,41,181316051,
2022,41,181316052,
2022,41,181316054,
2022,41,181316055,
2022,41,197883252,
2022,3,181316058,
2022,3,181316059,
2022,41,181316067,
2022,3,181316069,
2022,41,181316071,
2022,41,181316072,
2022,41,181316074,
2022,41,181316076,
2022,3,187378145,
2022,3,181316078,
2022,41,181316085,
2022,41,181316086,
2022,41,190533717,
2022,41,181316103,
2022,41,181316105,
2022,41,181316112,
2022,3,181316116,
2022,41,181316117,
2022,21,181316119,
2022,21,181316122,
2022,41,181316123,
2022,41,181316124,
2022,41,181316128,
2022,41,181316129,
2022,41,181316131,
2022,41,181316133,
2022,41,181316134,
2022,41,181316144,
2022,41,181316146,
2022,41,181316148,
2022,3,181316154,
2022,41,181316155,
2022,41,181316159,
2022,41,181316160,
2022,41,181316162,
2022,3,181419934,
2022,3,195522718,
2022,3,181419936,
2022,21,181419937,
2022,3,181419942,
2022,3,184168887,
2022,41,181419944,
2022,41,181419945,
2022,41,181419946,
2022,41,181419947,
2022,41,181419948,
2022,41,181419949,
2022,41,181419950,
2022,41,181419952,
2022,41,181419953,
2022,41,181419954,
2022,41,181419958,
2022,3,181419959,
2022,41,181419960,
2022,31,181419961,
2022,31,181419962,
2022,21,181419963,
2022,21,181419964,
2022,41,181419965,
2022,41,181419966,
2022,32,181419970,
2022,32,181419971,
2022,3,181419972,
2022,41,181419973,
2022,41,181419974,
2022,41,181419975,
2022,3,181419976,
2022,41,181419979,
2022,41,181419980,
2022,3,181419981,
2022,3,181419982,
2022,3,181419983,
2022,41,181419984,
2022,41,181419985,
2022,41,190533718,
2022,41,181419987,
2022,41,181419990,
2022,41,181419991,
2022,41,181419998,
2022,3,181420000,
2022,3,181420001,
2022,3,181420002,
2022,3,181420003,
2022,3,181420004,
2022,41,181433194,
2022,41,181433195,
2022,31,181433196,
2022,31,181433197,
2022,41,181433198,
2022,41,181433199,
2022,3,181433200,
2022,3,181433201,
2022,21,181433204,
2022,21,181433205,
2022,41,181433206,
2022,41,181433208,
2022,41,181433210,
2022,41,181433211,
2022,41,181433215,
2022,41,181433216,
2022,41,181433217,
2022,41,181433218,
2022,41,181433219,
2022,41,181441135,
2022,3,181442533,
2022,41,181442542,
2022,31,181442543,
2022,41,181442545,
2022,21,181442548,
2022,21,181442549,
2022,41,181442550,
2022,41,181442551,
2022,41,181442555,
2022,41,181478050,
2022,41,181478052,
2022,41,181478054,
2022,3,181478055,
2022,41,181478058,
2022,41,181478059,
2022,3,181478061,
2022,3,181478062,
2022,3,181478063,
2022,41,181478064,
2022,21,181478065,
2022,21,181478066,
2022,41,181478068,
2022,21,181478070,
2022,41,181478071,
2022,41,181478072,
2022,41,181478077,
2022,41,181478083,
2022,41,181478084,
2022,21,181478087,
2022,31,181478088,
2022,41,181478089,
2022,3,181476590,
2022,3,181476591,
2022,38,181476592,
2022,38,181476593,
2022,41,181476594,
2022,41,181478097,
2022,41,181478098,
2022,3,181478100,
2022,3,181478101,
2022,41,181478102,
2022,41,181478105,
2022,41,181478106,
2022,3,181478107,
2022,41,181478108,
2022,21,181478111,
2022,41,181478112,
2022,41,181478119,
2022,3,181478120,
2022,3,181478122,
2022,41,181478129,
2022,41,181478132,
2022,41,181489783,
2022,41,181489786,
2022,41,181489789,
2022,41,181489790,
2022,41,181489791,
2022,41,181489793,
2022,41,181489796,
2022,41,181517324,
2022,41,181517326,
2022,41,181517328,
2022,41,181517329,
2022,3,181517330,
2022,41,181517331,
2022,41,181517333,
2022,41,181517335,
2022,3,181517346,
2022,32,181517355,
2022,32,181517358,
2022,21,181517360,
2022,21,181517365,
2022,41,181517370,
2022,41,181517375,
2022,41,181517397,
2022,41,181517400,
2022,41,181517401,
2022,41,181517403,
2022,41,181517405,
2022,31,181517408,
2022,3,181517411,
2022,3,181517413,
2022,3,181517415,
2022,3,181517416,
2022,21,181517417,
2022,21,181517419,
2022,41,181517420,
2022,41,181517421,
2022,41,181517423,
2022,41,181528333,
2022,41,181528335,
2022,41,181528340,
2022,21,181528341,
2022,21,181528342,
2022,41,181528343,
2022,3,181528344,
2022,3,181528345,
2022,41,181528348,
2022,41,181528349,
2022,41,181528350,
2022,41,181528351,
2022,3,181528352,
2022,41,181653404,
2022,21,181653405,
2022,21,181653406,
2022,41,181653407,
2022,41,181653408,
2022,41,181653409,
2022,3,190533719,
2022,21,181653412,
2022,31,181653414,
2022,41,181653416,
2022,3,181653421,
2022,41,181653423,
2022,3,181653427,
2022,21,181653429,
2022,21,181653430,
2022,3,181653440,
2022,3,181653441,
2022,3,185631882,
2022,3,181653445,
2022,3,181653446,
2022,41,181653448,
2022,41,181653451,
2022,41,181653453,
2022,3,190533720,
2022,41,181653458,
2022,41,181653459,
2022,41,181653460,
2022,21,181653461,
2022,21,181653462,
2022,41,181653466,
2022,3,181653467,
2022,41,181653469,
2022,41,181653470,
2022,31,181653472,
2022,21,181736900,
2022,41,181736912,
2022,41,181736914,
2022,38,181736915,
2022,41,181736919,
2022,41,181736923,
2022,3,181736924,
2022,3,181736926,
2022,3,181736927,
2022,41,181736932,
2022,3,181736951,
2022,3,181736952,
2022,41,181736959,
2022,41,181736962,
2022,41,181736967,
2022,41,181736973,
2022,41,181736982,
2022,41,181736983,
2022,3,181736990,
2022,3,181736996,
2022,41,181751245,
2022,41,181751246,
2022,3,181758071,
2022,32,181758072,
2022,3,181758077,
2022,3,181758078,
2022,3,195522720,
2022,41,181758082,
2022,41,181758084,
2022,41,181758085,
2022,32,181758088,
2022,3,181758089,
2022,3,181758094,
2022,41,181758096,
2022,41,181758099,
2022,41,181758100,
2022,41,181758101,
2022,3,181758106,
2022,3,181758109,
2022,41,181758113,
2022,41,181758120,
2022,41,181758121,
2022,41,181758123,
2022,41,182650588,
2022,41,182650589,
2022,41,182650592,
2022,3,182650593,
2022,31,182650599,
2022,41,182650600,
2022,31,182650601,
2022,31,182650602,
2022,41,182650603,
2022,41,182650604,
2022,41,182650605,
2022,41,182650606,
2022,41,182650608,
2022,3,182650609,
2022,41,182650620,
2022,41,182650622,
2022,21,185631884,
2022,41,182650625,
2022,41,182650626,
2022,41,182650628,
2022,41,182650630,
2022,41,182650632,
2022,41,182650635,
2022,21,182650639,
2022,21,182650640,
2022,41,182650641,
2022,41,182650643,
2022,3,182650645,
2022,3,182650646,
2022,3,182650652,
2022,3,182650653,
2022,41,182650655,
2022,41,182650656,
2022,41,182650658,
2022,41,182650659,
2022,41,182650661,
2022,21,182699051,
2022,41,182650664,
2022,3,182650685,
2022,41,182650687,
2022,41,182650688,
2022,21,182650689,
2022,21,182650690,
2022,31,182650691,
2022,31,182650696,
2022,41,182650698,
2022,41,182650699,
2022,41,182650701,
2022,41,182650702,
2022,41,182650705,
2022,3,182650706,
2022,3,182650707,
2022,3,182650710,
2022,41,182650713,
2022,41,182650714,
2022,35,182650715,
2022,41,182650717,
2022,41,182650718,
2022,41,182650719,
2022,41,182650724,
2022,41,182650729,
2022,3,182650735,
2022,31,182650736,
2022,31,182650738,
2022,41,182650739,
2022,41,182650740,
2022,41,182650742,
2022,41,182650743,
2022,41,182650745,
2022,3,182650746,
2022,3,182650748,
2022,3,182650751,
2022,41,182650752,
2022,41,182650753,
2022,41,182650755,
2022,3,182650757,
2022,41,182650779,
2022,31,182650780,
2022,41,182650784,
2022,21,182650787,
2022,41,182650791,
2022,21,182650793,
2022,41,182650795,
2022,3,182650808,
2022,3,182650809,
2022,3,182650812,
2022,3,182650813,
2022,21,182650816,
2022,21,182650817,
2022,41,182650821,
2022,41,182650825,
2022,3,182650827,
2022,41,182650837,
2022,41,182650842,
2022,41,182650848,
2022,41,182650853,
2022,32,182650863,
2022,38,182650864,
2022,41,182650867,
2022,41,182650870,
2022,41,182650873,
2022,41,182650884,
2022,41,182650885,
2022,41,182650887,
2022,41,182650888,
2022,41,182650889,
2022,3,182650893,
2022,3,182650895,
2022,41,182650897,
2022,41,182650899,
2022,3,182650908,
2022,3,182650909,
2022,3,182650911,
2022,3,182650912,
2022,41,182650914,
2022,41,182650931,
2022,41,182650932,
2022,32,182650933,
2022,41,182650934,
2022,41,182650936,
2022,41,182650937,
2022,41,182650938,
2022,41,182650939,
2022,41,182650940,
2022,41,182650941,
2022,41,182650942,
2022,31,182650944,
2022,31,182650945,
2022,41,182650946,
2022,41,182650948,
2022,3,182650957,
2022,3,182650958,
2022,41,182650959,
2022,41,182650960,
2022,41,182650961,
2022,41,182650962,
2022,31,182650963,
2022,41,182650964,
2022,41,182650965,
2022,41,182650966,
2022,41,182650967,
2022,41,182650968,
2022,41,182650970,
2022,41,182650971,
2022,41,182650973,
2022,41,182650974,
2022,41,182650975,
2022,41,182650976,
2022,41,182650977,
2022,41,182650978,
2022,41,182650979,
2022,41,182650980,
2022,3,187378148,
2022,41,182650982,
2022,41,182650983,
2022,41,182650984,
2022,3,182650985,
2022,41,182650986,
2022,41,182650987,
2022,41,182650994,
2022,41,182650995,
2022,41,182650996,
2022,41,182650997,
2022,41,182650998,
2022,21,182650999,
2022,41,182651000,
2022,41,182651002,
2022,41,182651003,
2022,41,182651004,
2022,3,182651021,
2022,3,182651022,
2022,3,182651030,
2022,3,182651031,
2022,3,182651032,
2022,3,182651033,
2022,3,182651035,
2022,41,182651036,
2022,41,182651037,
2022,41,182651038,
2022,41,182651039,
2022,41,182651040,
2022,41,182651042,
2022,41,182651044,
2022,41,182651045,
2022,41,182651048,
2022,41,182651049,
2022,41,190533721,
2022,41,182651051,
2022,41,182651052,
2022,41,182651053,
2022,41,182651057,
2022,41,182651058,
2022,3,182651068,
2022,21,182651069,
2022,21,182651070,
2022,21,182651072,
2022,41,182651073,
2022,41,182651074,
2022,3,182651075,
2022,3,182651076,
2022,41,182651077,
2022,41,182651078,
2022,41,182651079,
2022,41,182651080,
2022,32,182651081,
2022,32,182651084,
2022,41,182651086,
2022,41,182651097,
2022,41,182651098,
2022,41,182651100,
2022,41,182651101,
2022,41,182651103,
2022,41,182651104,
2022,3,182651110,
2022,41,182651126,
2022,41,182651127,
2022,41,185631885,
2022,41,182651129,
2022,41,182651130,
2022,41,190533722,
2022,41,182651133,
2022,41,182651142,
2022,41,182651144,
2022,41,182651146,
2022,41,182651157,
2022,3,182651162,
2022,41,182651170,
2022,41,182651171,
2022,31,182651173,
2022,41,182651177,
2022,41,182651191,
2022,41,182651193,
2022,41,182651196,
2022,41,182651197,
2022,41,182651198,
2022,31,182651200,
2022,41,182651206,
2022,41,182651208,
2022,41,182651210,
2022,41,182651212,
2022,41,182651215,
2022,41,182651218,
2022,41,182651227,
2022,41,182651228,
2022,3,182651229,
2022,3,182651283,
2022,3,182651289,
2022,41,182651291,
2022,3,182651304,
2022,3,182651305,
2022,41,182651306,
2022,41,182651307,
2022,41,182651308,
2022,3,182651309,
2022,21,182651310,
2022,21,182651312,
2022,41,182651314,
2022,41,182651321,
2022,3,182651329,
2022,41,201866094,
2022,41,182651337,
2022,41,182651338,
2022,31,190533723,
2022,41,182651340,
2022,41,182651341,
2022,41,182651342,
2022,41,182651343,
2022,41,182651344,
2022,41,182651346,
2022,41,182651347,
2022,41,182651348,
2022,41,182651349,
2022,41,182651350,
2022,41,182651351,
2022,21,182651352,
2022,41,182651353,
2022,41,182651354,
2022,41,182651356,
2022,41,182651357,
2022,41,182651358,
2022,41,182651359,
2022,41,182651360,
2022,41,182651361,
2022,41,182651362,
2022,41,182651363,
2022,41,182651374,
2022,3,182651375,
2022,21,182651376,
2022,21,182651378,
2022,3,182651393,
2022,41,182651439,
2022,41,182651440,
2022,41,182651441,
2022,41,182651442,
2022,41,182651443,
2022,3,182651444,
2022,3,182651445,
2022,3,182651446,
2022,3,182651449,
2022,3,182651451,
2022,3,182651454,
2022,3,182651457,
2022,3,182699057,
2022,21,182651459,
2022,21,182651460,
2022,3,182651464,
2022,3,182651465,
2022,38,182651469,
2022,41,182651470,
2022,41,182651473,
2022,41,182651476,
2022,41,182651477,
2022,41,182651478,
2022,38,182651479,
2022,38,182651480,
2022,41,182651481,
2022,21,182651482,
2022,21,182651483,
2022,41,182651484,
2022,31,182651486,
2022,31,182651487,
2022,41,182651521,
2022,21,182651522,
2022,21,182651523,
2022,41,182651524,
2022,41,182651525,
2022,41,182651526,
2022,41,182651527,
2022,41,182651528,
2022,21,182651529,
2022,3,182651530,
2022,3,182699058,
2022,31,182699059,
2022,21,195522721,
2022,3,182699061,
2022,3,182699062,
2022,3,182703529,
2022,41,182703551,
2022,41,182703557,
2022,41,187378150,
2022,41,182703569,
2022,41,182703570,
2022,41,182703581,
2022,41,182703585,
2022,41,182703586,
2022,41,182764571,
2022,41,182764573,
2022,41,182764577,
2022,41,182764578,
2022,3,182764579,
2022,3,182764581,
2022,3,182764584,
2022,3,182764586,
2022,3,182764590,
2022,3,182764595,
2022,41,182764596,
2022,41,182764598,
2022,41,182764600,
2022,41,182764601,
2022,41,182764605,
2022,41,182764606,
2022,41,182764610,
2022,41,182764611,
2022,41,183209922,
2022,3,183209923,
2022,41,183209939,
2022,41,183209950,
2022,41,183209951,
2022,41,183209953,
2022,41,183209960,
2022,41,183209963,
2022,41,183209965,
2022,21,183209967,
2022,21,183209968,
2022,41,183209969,
2022,3,183209970,
2022,41,183209978,
2022,41,183209979,
2022,41,183209980,
2022,41,183209981,
2022,41,183209984,
2022,41,183450668,
2022,41,183450670,
2022,41,183450671,
2022,41,183450673,
2022,41,183450674,
2022,41,183450675,
2022,3,183450676,
2022,3,183450677,
2022,21,183450678,
2022,21,183450679,
2022,41,197995608,
2022,41,183450681,
2022,41,183450682,
2022,41,183450684,
2022,41,183450685,
2022,41,183450686,
2022,3,183450693,
2022,3,183450694,
2022,41,183450695,
2022,3,183450696,
2022,3,183450697,
2022,21,183450698,
2022,41,183450700,
2022,41,183450701,
2022,41,183450702,
2022,31,183450704,
2022,31,195522722,
2022,41,183450707,
2022,3,183450708,
2022,3,183450709,
2022,3,183450710,
2022,41,183450711,
2022,41,183450712,
2022,41,183450713,
2022,3,183450714,
2022,41,183450718,
2022,41,183450719,
2022,31,183971173,
2022,31,183971174,
2022,31,183971177,
2022,31,183971178,
2022,41,183971179,
2022,41,183971180,
2022,41,183971181,
2022,41,183971182,
2022,41,183971183,
2022,41,183971184,
2022,41,183896318,
2022,41,183896319,
2022,41,183896321,
2022,41,183896322,
2022,41,183896331,
2022,41,183896332,
2022,41,183896334,
2022,41,183899440,
2022,41,183899443,
2022,41,183899444,
2022,21,183971189,
2022,21,183971190,
2022,32,183971192,
2022,3,183971194,
2022,3,183971195,
2022,3,183971196,
2022,3,183971197,
2022,41,183971214,
2022,41,183971215,
2022,41,183971220,
2022,41,183971223,
2022,41,183990504,
2022,41,183990505,
2022,41,183990506,
2022,41,183990507,
2022,41,183990508,
2022,41,183990509,
2022,41,183990510,
2022,41,183990511,
2022,41,183990512,
2022,41,183990513,
2022,41,183990514,
2022,41,183990515,
2022,41,183990516,
2022,41,183990517,
2022,41,183990518,
2022,41,183990520,
2022,41,183990521,
2022,41,183990524,
2022,41,183990526,
2022,41,183990528,
2022,41,183990531,
2022,41,183990532,
2022,3,183990533,
2022,3,183990534,
2022,41,183990535,
2022,31,183990539,
2022,41,183990540,
2022,41,183990541,
2022,31,183990543,
2022,41,183990544,
2022,41,183990547,
2022,3,183990549,
2022,41,183990554,
2022,41,183990557,
2022,32,183990560,
2022,32,183990562,
2022,41,183990564,
2022,41,183990565,
2022,41,183990566,
2022,41,184044488,
2022,41,184044495,
2022,41,184044496,
2022,41,184044497,
2022,41,184044498,
2022,41,184044499,
2022,41,184044500,
2022,41,184044501,
2022,41,184044502,
2022,41,184044503,
2022,3,184044504,
2022,3,184044506,
2022,41,184044507,
2022,41,184044508,
2022,41,184044512,
2022,3,184044513,
2022,41,184148115,
2022,41,184044514,
2022,41,184044515,
2022,41,184044516,
2022,41,184044517,
2022,31,184044518,
2022,41,184044519,
2022,41,184044520,
2022,41,184044521,
2022,41,184044522,
2022,41,184044523,
2022,41,184044525,
2022,41,184044526,
2022,41,184044527,
2022,41,184044528,
2022,41,184044529,
2022,41,184044530,
2022,41,184044531,
2022,41,184044532,
2022,3,184075922,
2022,41,184075923,
2022,41,184075924,
2022,21,184075927,
2022,3,184075928,
2022,3,184075929,
2022,3,184075930,
2022,41,184075931,
2022,41,184075932,
2022,41,184075933,
2022,21,184075935,
2022,21,184075936,
2022,3,184075937,
2022,3,184075938,
2022,41,184075939,
2022,41,184075942,
2022,41,184075943,
2022,3,184075945,
2022,41,184075946,
2022,41,184075952,
2022,32,184075954,
2022,41,184075957,
2022,3,184075960,
2022,41,184075963,
2022,41,184075964,
2022,41,184075965,
2022,41,184075967,
2022,41,184228592,
2022,3,184168889,
2022,3,184244239,
2022,41,184244241,
2022,3,184168891,
2022,3,184244242,
2022,3,184244243,
2022,3,184244244,
2022,3,184244245,
2022,3,184244246,
2022,3,184244247,
2022,21,184168892,
2022,21,184168893,
2022,21,184244248,
2022,21,184244249,
2022,21,184244250,
2022,21,184244251,
2022,21,184244252,
2022,41,184168894,
2022,41,184168895,
2022,41,184168896,
2022,41,184168897,
2022,41,184168898,
2022,41,184168899,
2022,41,184168900,
2022,41,184168901,
2022,41,190539512,
2022,41,184228595,
2022,3,184228596,
2022,41,184228597,
2022,41,184228598,
2022,3,184228599,
2022,41,184228600,
2022,41,184228601,
2022,21,184228602,
2022,41,184228603,
2022,41,184228604,
2022,41,184228605,
2022,41,184228606,
2022,31,190539513,
2022,31,184228608,
2022,41,184228609,
2022,41,184228610,
2022,41,184228611,
2022,41,184228612,
2022,41,184228613,
2022,41,184228614,
2022,41,184228615,
2022,41,184244253,
2022,41,184244254,
2022,41,184244255,
2022,41,184244256,
2022,41,184244257,
2022,41,184244258,
2022,41,184127077,
2022,41,184127078,
2022,41,184108429,
2022,41,184108430,
2022,41,184108431,
2022,41,184108432,
2022,41,184108433,
2022,41,184108434,
2022,41,184108435,
2022,41,184108436,
2022,41,184108437,
2022,41,184108438,
2022,41,184127079,
2022,41,184127080,
2022,41,184148134,
2022,41,184228616,
2022,41,184148142,
2022,41,184148143,
2022,41,184148144,
2022,41,184148145,
2022,41,184148146,
2022,41,184148147,
2022,41,184148148,
2022,3,184228620,
2022,31,184228625,
2022,31,184228626,
2022,21,184228627,
2022,41,184228629,
2022,3,184228630,
2022,3,184228631,
2022,3,184228632,
2022,3,184228633,
2022,41,184228634,
2022,3,184228635,
2022,21,184228636,
2022,3,184228637,
2022,41,184244259,
2022,38,184244260,
2022,38,184244261,
2022,38,184244262,
2022,38,184244263,
2022,41,184244264,
2022,41,184244265,
2022,41,184811209,
2022,41,184811211,
2022,41,184811212,
2022,3,184811214,
2022,3,184811218,
2022,41,184811219,
2022,41,184811220,
2022,41,184811223,
2022,41,184811225,
2022,3,187378153,
2022,41,184376182,
2022,41,184376183,
2022,41,184376185,
2022,41,184376186,
2022,41,184376187,
2022,41,184376189,
2022,41,184376190,
2022,41,184392463,
2022,41,184392465,
2022,41,184392467,
2022,41,184392470,
2022,41,184392472,
2022,41,184392473,
2022,41,184392475,
2022,41,184392477,
2022,41,184392478,
2022,41,184392480,
2022,41,184392482,
2022,41,184392483,
2022,41,184392485,
2022,41,184392489,
2022,41,184392490,
2022,41,184811229,
2022,41,184811230,
2022,41,184811231,
2022,41,184811232,
2022,41,184811233,
2022,41,184811236,
2022,41,184811238,
2022,41,184811242,
2022,41,184811244,
2022,31,184811249,
2022,41,184811251,
2022,31,184811254,
2022,31,184811256,
2022,41,185202442,
2022,3,184822207,
2022,41,185126660,
2022,3,185126661,
2022,3,185126663,
2022,3,185126666,
2022,3,185126668,
2022,41,184869516,
2022,41,184869518,
2022,41,184869519,
2022,41,184869520,
2022,41,184869523,
2022,41,184869524,
2022,41,184869525,
2022,41,184869527,
2022,41,184869529,
2022,41,184869530,
2022,41,184869532,
2022,41,184869533,
2022,41,184869534,
2022,41,184869537,
2022,41,184869538,
2022,41,184869540,
2022,41,184869541,
2022,41,184869543,
2022,41,184869544,
2022,41,184869546,
2022,41,184869548,
2022,41,184869550,
2022,41,184869552,
2022,41,184869553,
2022,41,184869556,
2022,41,184869559,
2022,41,184869561,
2022,41,184869563,
2022,41,184869565,
2022,41,184869567,
2022,41,184869569,
2022,41,184869570,
2022,41,184869572,
2022,41,184869574,
2022,41,184869576,
2022,41,184869578,
2022,41,184869580,
2022,41,184869581,
2022,41,184869583,
2022,3,184971679,
2022,3,184971680,
2022,21,184971681,
2022,21,184971682,
2022,41,185202445,
2022,41,185126671,
2022,41,185202447,
2022,41,185202448,
2022,41,185202449,
2022,41,185202450,
2022,21,185202451,
2022,21,185202452,
2022,41,185126673,
2022,41,185126674,
2022,41,185126676,
2022,3,190533725,
2022,41,185126679,
2022,41,185126680,
2022,41,185126681,
2022,41,185126682,
2022,41,185126683,
2022,41,185126684,
2022,41,185126689,
2022,41,185126691,
2022,41,185126692,
2022,41,185126693,
2022,3,185126695,
2022,3,185126696,
2022,3,185126697,
2022,3,185126698,
2022,3,185126700,
2022,41,185126702,
2022,21,185202453,
2022,21,185202454,
2022,41,185202455,
2022,41,185202456,
2022,41,185202458,
2022,32,185126709,
2022,32,185126710,
2022,41,185126711,
2022,41,185126712,
2022,3,185202459,
2022,41,185126723,
2022,41,185126728,
2022,41,185126730,
2022,41,185126733,
2022,3,185126750,
2022,3,185126751,
2022,3,185126756,
2022,41,185202460,
2022,41,185202461,
2022,41,185202462,
2022,41,185202463,
2022,41,185202465,
2022,41,185202466,
2022,41,185202467,
2022,41,185202468,
2022,41,185202469,
2022,41,185202471,
2022,41,185202472,
2022,41,185202473,
2022,21,185202474,
2022,21,185202475,
2022,21,185202476,
2022,21,185202477,
2022,41,185202478,
2022,41,185202479,
2022,41,185202481,
2022,41,185202482,
2022,41,185202483,
2022,41,185202484,
2022,41,185202485,
2022,41,185202486,
2022,41,185202488,
2022,41,185202489,
2022,41,185202491,
2022,41,185202493,
2022,41,185202494,
2022,41,185202495,
2022,41,185202496,
2022,41,185202500,
2022,41,185202501,
2022,32,185202503,
2022,41,185202504,
2022,32,185200644,
2022,41,185202505,
2022,41,185202508,
2022,3,185202512,
2022,3,185202513,
2022,38,185202514,
2022,41,185202515,
2022,41,185202516,
2022,41,185202517,
2022,41,185202519,
2022,41,185202520,
2022,3,185202522,
2022,3,185202523,
2022,3,185202524,
2022,3,185202526,
2022,3,185202527,
2022,3,185202530,
2022,3,185202531,
2022,3,185202534,
2022,3,185202537,
2022,3,185202538,
2022,21,185202543,
2022,21,185202546,
2022,41,185202548,
2022,41,185202549,
2022,41,185372318,
2022,41,185372319,
2022,41,185372320,
2022,41,185372321,
2022,41,185372322,
2022,41,185372323,
2022,21,185283779,
2022,21,185283781,
2022,41,185372324,
2022,41,185372325,
2022,41,185372326,
2022,41,185283782,
2022,41,185283783,
2022,3,185283784,
2022,3,185283785,
2022,41,185283788,
2022,41,185283790,
2022,41,185277081,
2022,31,185283792,
2022,32,185283793,
2022,41,185283794,
2022,41,185283796,
2022,41,185283797,
2022,32,185283800,
2022,41,185283802,
2022,41,185283804,
2022,41,185283809,
2022,41,185283813,
2022,41,185283814,
2022,41,185283817,
2022,41,185283827,
2022,41,185283834,
2022,41,185283835,
2022,3,185283840,
2022,3,185283841,
2022,3,185283842,
2022,3,185283844,
2022,41,198075941,
2022,3,185283848,
2022,3,185283852,
2022,3,185283857,
2022,3,185283858,
2022,3,185283861,
2022,38,185283862,
2022,41,185283867,
2022,41,185283868,
2022,21,185283870,
2022,21,185283875,
2022,41,185283876,
2022,41,185283878,
2022,41,185283879,
2022,21,185283886,
2022,21,185283888,
2022,41,185283889,
2022,3,195522723,
2022,38,185372329,
2022,38,185372330,
2022,41,185372331,
2022,41,185372333,
2022,41,185372335,
2022,41,185372336,
2022,41,185372337,
2022,3,185372338,
2022,41,185372339,
2022,41,185372340,
2022,41,185372341,
2022,41,185372342,
2022,3,185372343,
2022,3,185372344,
2022,41,185372351,
2022,41,185372352,
2022,3,185430066,
2022,41,185430067,
2022,3,185430069,
2022,3,185442009,
2022,41,185442010,
2022,21,185442011,
2022,21,185442012,
2022,21,185442013,
2022,21,185442014,
2022,21,185442015,
2022,21,185442016,
2022,21,185442017,
2022,21,185442018,
2022,21,185442019,
2022,21,185442020,
2022,3,185442024,
2022,3,185442025,
2022,3,185442026,
2022,3,185442027,
2022,3,185442028,
2022,3,185435914,
2022,3,185442031,
2022,3,185442033,
2022,3,185442034,
2022,3,185442035,
2022,3,185442038,
2022,3,185442039,
2022,3,190533727,
2022,41,185442046,
2022,3,185442047,
2022,3,185442048,
2022,3,185442049,
2022,3,185442050,
2022,3,185442051,
2022,41,185567213,
2022,41,185567215,
2022,3,185567216,
2022,21,185567217,
2022,21,185567218,
2022,41,185631910,
2022,41,185631914,
2022,3,185631923,
2022,3,185631926,
2022,3,185631932,
2022,3,185631935,
2022,3,185631936,
2022,41,185631937,
2022,3,185631940,
2022,3,185631941,
2022,3,185631948,
2022,3,185631951,
2022,3,185631952,
2022,3,185631954,
2022,3,185631959,
2022,3,185631961,
2022,3,185631964,
2022,3,185631967,
2022,3,185631972,
2022,3,185631975,
2022,3,185631976,
2022,3,185631977,
2022,3,185631979,
2022,3,185631980,
2022,3,185631984,
2022,3,185631985,
2022,3,185631986,
2022,3,185631990,
2022,3,185631992,
2022,3,185631994,
2022,3,185631996,
2022,3,185631998,
2022,3,185632002,
2022,41,185728778,
2022,41,185728779,
2022,41,185728780,
2022,41,185728781,
2022,41,185728782,
2022,41,185728783,
2022,41,185728784,
2022,31,185728785,
2022,31,185728786,
2022,41,185728787,
2022,41,185728788,
2022,41,185728789,
2022,38,185728790,
2022,32,185728796,
2022,32,185728797,
2022,32,185728809,
2022,32,185728810,
2022,41,185728813,
2022,41,186699363,
2022,41,187505567,
2022,41,187505569,
2022,41,187505570,
2022,3,185896649,
2022,41,185896676,
2022,3,197883259,
2022,41,186067563,
2022,3,186067565,
2022,41,186067567,
2022,41,186067569,
2022,3,186067571,
2022,41,186067573,
2022,21,186067574,
2022,41,186041370,
2022,3,186067578,
2022,3,186067579,
2022,41,186067581,
2022,41,186067582,
2022,41,186067584,
2022,41,186067587,
2022,41,186067589,
2022,41,186067591,
2022,32,186067593,
2022,41,186067599,
2022,21,186067603,
2022,41,186067606,
2022,41,186067608,
2022,41,186067611,
2022,41,186067614,
2022,31,186067619,
2022,41,186067624,
2022,41,186067625,
2022,41,186067628,
2022,41,186067634,
2022,3,186067635,
2022,41,187378161,
2022,41,186067647,
2022,41,186067655,
2022,41,186067664,
2022,41,186067666,
2022,41,186067668,
2022,41,186067673,
2022,41,186067677,
2022,41,186067686,
2022,41,186067689,
2022,41,186165428,
2022,41,186165429,
2022,41,186165430,
2022,41,186165431,
2022,41,186165432,
2022,41,186165433,
2022,41,186165434,
2022,32,186165435,
2022,41,186165436,
2022,41,186165437,
2022,41,186165438,
2022,21,186165440,
2022,21,186165441,
2022,41,186165442,
2022,41,186165443,
2022,41,186165444,
2022,41,186165445,
2022,41,186165446,
2022,21,186165447,
2022,21,186165448,
2022,41,186140118,
2022,41,186140119,
2022,41,186165449,
2022,41,186140120,
2022,41,186140121,
2022,31,186165451,
2022,41,197883266,
2022,41,186140122,
2022,41,186165453,
2022,41,186140123,
2022,41,186140124,
2022,41,186140125,
2022,41,186140126,
2022,41,186165454,
2022,41,186140127,
2022,41,186140128,
2022,21,186165455,
2022,21,186165456,
2022,41,186140129,
2022,41,186165459,
2022,41,186140130,
2022,41,186140131,
2022,41,186165460,
2022,21,186165461,
2022,41,186165462,
2022,41,186165463,
2022,41,186165464,
2022,41,186165465,
2022,41,186165466,
2022,41,186165467,
2022,41,186165471,
2022,41,186165472,
2022,3,186165473,
2022,3,195522724,
2022,41,186165476,
2022,41,186165477,
2022,41,186165478,
2022,41,186165479,
2022,3,186165480,
2022,3,186165481,
2022,21,186165482,
2022,41,186165483,
2022,41,186165484,
2022,3,186165485,
2022,41,186165486,
2022,41,186334165,
2022,41,186334166,
2022,41,186334168,
2022,41,186334169,
2022,41,186298641,
2022,41,186334172,
2022,41,186298642,
2022,41,186298643,
2022,41,186334173,
2022,3,186309964,
2022,3,186309965,
2022,41,186334174,
2022,3,186334176,
2022,3,186334177,
2022,3,186309967,
2022,41,186334179,
2022,3,186334180,
2022,3,186334181,
2022,41,197774510,
2022,21,197774557,
2022,41,186334185,
2022,31,186334186,
2022,31,186334187,
2022,41,186334188,
2022,41,186334189,
2022,41,186334192,
2022,41,186334193,
2022,41,186334194,
2022,41,186334195,
2022,41,186334196,
2022,38,186334197,
2022,41,186334198,
2022,41,186334199,
2022,41,186334200,
2022,41,186334201,
2022,41,186334202,
2022,41,186334203,
2022,41,186334204,
2022,31,186334205,
2022,31,186334206,
2022,31,186334207,
2022,41,186334208,
2022,41,186334211,
2022,41,186334212,
2022,3,186334213,
2022,21,197774629,
2022,41,186334215,
2022,41,186334216,
2022,41,186334217,
2022,41,186334218,
2022,41,186334220,
2022,3,186334221,
2022,3,186334222,
2022,41,186334223,
2022,41,186334227,
2022,41,198076092,
2022,41,186334229,
2022,21,186334230,
2022,21,186334231,
2022,41,186622208,
2022,41,186622210,
2022,41,186622212,
2022,41,186622294,
2022,41,186622298,
2022,41,186684972,
2022,41,186684973,
2022,41,186684974,
2022,41,186684975,
2022,41,186684976,
2022,41,186684977,
2022,41,186684978,
2022,41,186684979,
2022,41,186684980,
2022,41,186684981,
2022,41,186684982,
2022,41,186684983,
2022,41,186684984,
2022,41,186684985,
2022,3,186684986,
2022,3,195522725,
2022,3,195522728,
2022,3,186699373,
2022,3,186699374,
2022,3,186693663,
2022,3,186699376,
2022,3,186699377,
2022,32,186699380,
2022,3,186699381,
2022,3,186699382,
2022,3,186699383,
2022,3,186699384,
2022,3,187122134,
2022,3,186699385,
2022,3,186699386,
2022,3,186699388,
2022,3,186699390,
2022,3,186699391,
2022,3,186699392,
2022,3,186699393,
2022,3,186699396,
2022,3,186699397,
2022,3,186699398,
2022,3,186699399,
2022,3,186699400,
2022,3,186699401,
2022,3,186699412,
2022,3,186699417,
2022,3,186699420,
2022,3,186699424,
2022,3,186699427,
2022,3,186699428,
2022,21,186699429,
2022,41,186699432,
2022,41,186699433,
2022,3,186699437,
2022,3,186699438,
2022,3,186699439,
2022,3,186699443,
2022,3,186699445,
2022,3,186699447,
2022,3,186699448,
2022,3,186699450,
2022,3,186699453,
2022,3,186699454,
2022,3,186699455,
2022,3,187013335,
2022,3,187013336,
2022,3,187013337,
2022,3,187013338,
2022,3,187013339,
2022,3,187013340,
2022,3,187013342,
2022,3,187013343,
2022,3,187013344,
2022,3,187013345,
2022,3,187013346,
2022,3,197774705,
2022,3,187013348,
2022,3,187013349,
2022,21,187013350,
2022,21,187013351,
2022,3,187013352,
2022,3,197883270,
2022,3,195522729,
2022,3,187013355,
2022,3,187013358,
2022,3,187013361,
2022,3,187013362,
2022,3,187013366,
2022,3,187013367,
2022,3,187013369,
2022,3,187013371,
2022,3,187013373,
2022,3,187013374,
2022,3,187013375,
2022,41,187033129,
2022,31,187033130,
2022,41,187033131,
2022,41,187033133,
2022,31,187033134,
2022,31,187033135,
2022,41,187033136,
2022,41,187033138,
2022,41,187033140,
2022,41,187033143,
2022,31,187033145,
2022,41,187033146,
2022,41,187033147,
2022,41,187033148,
2022,41,187033149,
2022,41,187033150,
2022,41,187033152,
2022,41,187033153,
2022,41,187033154,
2022,41,187033156,
2022,41,187033157,
2022,41,187033158,
2022,41,187033159,
2022,41,187033161,
2022,41,187033162,
2022,41,187033163,
2022,41,187033166,
2022,21,187033167,
2022,41,187033170,
2022,41,187033171,
2022,41,187033172,
2022,41,187033173,
2022,41,187033174,
2022,41,187033175,
2022,41,187033177,
2022,21,187033178,
2022,21,187033179,
2022,31,187033180,
2022,31,187033181,
2022,41,187033182,
2022,41,187033183,
2022,31,187033185,
2022,41,187033186,
2022,41,187033188,
2022,41,187033190,
2022,41,187033191,
2022,41,187033193,
2022,41,187033194,
2022,41,187033196,
2022,41,187033197,
2022,41,187122135,
2022,41,187122136,
2022,41,187122137,
2022,41,187122138,
2022,41,187122139,
2022,41,187122140,
2022,41,187122142,
2022,41,187122143,
2022,31,187122145,
2022,31,187122146,
2022,41,187122147,
2022,41,187122148,
2022,41,187122149,
2022,41,187122150,
2022,31,187122153,
2022,31,187122154,
2022,41,187122155,
2022,21,190539514,
2022,41,187122158,
2022,41,187122160,
2022,41,187122161,
2022,31,187122162,
2022,41,187122163,
2022,41,187122164,
2022,21,187122165,
2022,21,187122166,
2022,41,187122167,
2022,41,187122168,
2022,41,187122169,
2022,41,187122170,
2022,41,187122171,
2022,41,187122172,
2022,41,187122173,
2022,41,187122174,
2022,41,187122175,
2022,41,187122176,
2022,21,187122177,
2022,21,187122178,
2022,31,187221044,
2022,31,187221045,
2022,41,187221047,
2022,31,187221049,
2022,31,187221050,
2022,41,187221051,
2022,41,187221052,
2022,41,187221053,
2022,21,187221054,
2022,21,187221055,
2022,41,187221056,
2022,3,187221057,
2022,3,187221058,
2022,3,187221059,
2022,41,187221060,
2022,41,187221061,
2022,41,187221062,
2022,41,187221065,
2022,41,187221068,
2022,41,187221071,
2022,41,187221073,
2022,41,197883274,
2022,41,187221078,
2022,41,187221079,
2022,41,187352388,
2022,38,187352389,
2022,41,187352392,
2022,41,187352393,
2022,41,187352396,
2022,41,187352397,
2022,41,187352400,
2022,41,187352401,
2022,41,187352403,
2022,41,187352404,
2022,41,187352405,
2022,41,187352406,
2022,41,187352407,
2022,41,187352408,
2022,41,187352409,
2022,41,187352410,
2022,21,187352412,
2022,21,187352413,
2022,41,187352414,
2022,41,187352417,
2022,41,187352418,
2022,41,187352419,
2022,21,187352420,
2022,21,187352421,
2022,41,187352422,
2022,41,187352423,
2022,41,187352424,
2022,41,187352426,
2022,41,187352427,
2022,41,187352429,
2022,41,187352431,
2022,41,187352433,
2022,41,187352435,
2022,41,187352436,
2022,41,187352437,
2022,41,187352438,
2022,41,187352439,
2022,41,187352441,
2022,41,187352442,
2022,41,187352443,
2022,41,187352444,
2022,41,187352445,
2022,41,187352446,
2022,41,187352448,
2022,41,187352449,
2022,41,187352450,
2022,41,187352451,
2022,3,187352457,
2022,3,187352459,
2022,41,187352460,
2022,41,187352461,
2022,41,187352462,
2022,41,187352463,
2022,41,187352464,
2022,41,187352466,
2022,41,187352467,
2022,21,187352469,
2022,21,187352473,
2022,41,187352474,
2022,41,187352476,
2022,21,187352477,
2022,21,187352478,
2022,41,187352479,
2022,41,187352480,
2022,41,187352481,
2022,41,187352482,
2022,21,187352483,
2022,21,187352484,
2022,41,187352485,
2022,31,187352486,
2022,31,187352487,
2022,41,187352488,
2022,41,187352489,
2022,41,197883279,
2022,41,187352492,
2022,41,187352493,
2022,41,187352497,
2022,41,187352500,
2022,41,187352501,
2022,41,187352502,
2022,41,187352503,
2022,21,187352504,
2022,21,187352505,
2022,41,198076192,
2022,21,187352509,
2022,41,187434232,
2022,41,187434237,
2022,3,187434240,
2022,3,187434241,
2022,41,187434248,
2022,41,187434249,
2022,41,187434254,
2022,41,187434259,
2022,41,187434260,
2022,41,187434273,
2022,41,187434276,
2022,41,187434278,
2022,41,187434285,
2022,41,187434288,
2022,3,187434290,
2022,3,187434291,
2022,3,187434292,
2022,3,187434293,
2022,3,187434294,
2022,41,187434296,
2022,41,187434298,
2022,41,187434300,
2022,41,187434301,
2022,41,187434303,
2022,41,187434304,
2022,3,187434309,
2022,38,187434311,
2022,41,187434312,
2022,38,187434313,
2022,41,187434315,
2022,41,187434317,
2022,41,187434318,
2022,21,187434320,
2022,41,187434321,
2022,41,187434323,
2022,3,187434325,
2022,41,187434327,
2022,21,187434338,
2022,21,187434339,
2022,41,187434343,
2022,41,187434345,
2022,21,187434346,
2022,21,187434347,
2022,41,187434349,
2022,41,187434351,
2022,21,187434361,
2022,21,187434362,
2022,41,187434368,
2022,41,187434370,
2022,41,187434372,
2022,41,187434373,
2022,41,187434375,
2022,41,187434380,
2022,41,187434385,
2022,41,187434388,
2022,41,187434390,
2022,3,187434392,
2022,41,187434395,
2022,41,187434397,
2022,41,187434398,
2022,21,187434400,
2022,41,187434401,
2022,41,187434403,
2022,41,187434405,
2022,41,187434407,
2022,21,187434408,
2022,41,187434410,
2022,41,190533732,
2022,41,187434413,
2022,41,187434415,
2022,41,187434416,
2022,41,187434418,
2022,3,187434420,
2022,41,187434421,
2022,41,187434424,
2022,41,187434428,
2022,41,187434429,
2022,41,187434431,
2022,41,187434432,
2022,41,187434434,
2022,41,187434436,
2022,41,187434438,
2022,41,187434439,
2022,41,187434441,
2022,41,187434442,
2022,41,187434444,
2022,41,187434446,
2022,41,187505657,
2022,41,187505658,
2022,41,187505661,
2022,41,187505662,
2022,41,187505665,
2022,41,187505667,
2022,41,187505669,
2022,41,187505670,
2022,41,197883283,
2022,41,187505674,
2022,41,187505676,
2022,41,187505679,
2022,41,187505681,
2022,41,187505685,
2022,41,187505687,
2022,41,187505690,
2022,41,187505692,
2022,41,187505694,
2022,41,187505696,
2022,41,187505698,
2022,41,187505699,
2022,41,187505701,
2022,41,187505704,
2022,21,190533733,
2022,41,188046639,
2022,41,188046640,
2022,41,188046641,
2022,41,188879305,
2022,41,198312178,
2022,41,188879306,
2022,21,188879307,
2022,21,188879308,
2022,38,188879309,
2022,41,188879310,
2022,41,188046645,
2022,41,188046646,
2022,41,188879311,
2022,41,188879312,
2022,41,188879313,
2022,41,188823745,
2022,41,197883286,
2022,41,188879315,
2022,41,188879317,
2022,3,188046647,
2022,3,188046648,
2022,3,188046649,
2022,3,188046650,
2022,3,188046651,
2022,41,188879318,
2022,38,188879319,
2022,41,188879320,
2022,38,188879321,
2022,38,188879322,
2022,31,188879325,
2022,31,188879326,
2022,41,188823746,
2022,41,188046652,
2022,41,188879328,
2022,31,188879329,
2022,3,188823747,
2022,3,188823748,
2022,3,188823749,
2022,3,188823750,
2022,41,188046654,
2022,41,188046655,
2022,3,188046656,
2022,3,188046657,
2022,21,188046659,
2022,21,188046660,
2022,41,188879330,
2022,31,188879331,
2022,41,188046661,
2022,41,188046662,
2022,41,188046663,
2022,41,188879332,
2022,41,188879333,
2022,31,201866095,
2022,41,188879336,
2022,41,188879337,
2022,41,188046665,
2022,41,188046666,
2022,41,188046668,
2022,41,188879338,
2022,41,188046670,
2022,31,188046671,
2022,41,188046672,
2022,41,188879339,
2022,41,188879340,
2022,3,188046675,
2022,3,188046676,
2022,41,188046677,
2022,41,188879341,
2022,41,197962983,
2022,41,188879343,
2022,41,188879344,
2022,41,188879345,
2022,41,188879346,
2022,41,188879347,
2022,3,188823759,
2022,41,188879348,
2022,38,188823760,
2022,38,188823761,
2022,41,188823762,
2022,3,188823763,
2022,21,188046678,
2022,21,188046679,
2022,41,188879349,
2022,41,188879350,
2022,41,188879352,
2022,38,188879353,
2022,41,188879354,
2022,41,188879355,
2022,3,188823764,
2022,21,188046682,
2022,21,188046683,
2022,41,188046684,
2022,21,188879356,
2022,21,188879357,
2022,21,188879358,
2022,21,188879359,
2022,41,188879360,
2022,41,188046685,
2022,41,188046686,
2022,31,188046687,
2022,41,188879364,
2022,21,188879365,
2022,41,188879366,
2022,21,188879367,
2022,21,188879368,
2022,41,188879369,
2022,41,188879370,
2022,3,188046691,
2022,3,188046693,
2022,41,188879371,
2022,41,188879372,
2022,21,188879373,
2022,41,188879374,
2022,41,188879375,
2022,41,188046694,
2022,41,191054108,
2022,38,188046695,
2022,38,188046696,
2022,41,188046697,
2022,41,188879376,
2022,41,188879377,
2022,41,188879378,
2022,41,188879379,
2022,41,188879380,
2022,41,188879381,
2022,41,188879382,
2022,41,188879383,
2022,41,188879384,
2022,31,188046701,
2022,31,188046702,
2022,41,188046703,
2022,41,188046704,
2022,3,188046705,
2022,41,188046706,
2022,41,188046708,
2022,41,188046709,
2022,41,188046711,
2022,38,188879386,
2022,38,188879387,
2022,41,188823771,
2022,21,188823772,
2022,41,188046712,
2022,41,188046713,
2022,41,188046714,
2022,41,188879388,
2022,41,188879389,
2022,41,188879390,
2022,41,188046715,
2022,3,188046717,
2022,41,188046719,
2022,31,188046720,
2022,31,188046721,
2022,41,188046722,
2022,41,188046723,
2022,41,188046724,
2022,41,188046725,
2022,41,188046727,
2022,41,188046728,
2022,41,188046729,
2022,41,188046730,
2022,41,188046731,
2022,41,188046732,
2022,41,188879391,
2022,41,188879393,
2022,41,188046735,
2022,3,188046736,
2022,3,188046737,
2022,32,188046738,
2022,41,188046739,
2022,41,188046741,
2022,41,188879394,
2022,41,188823780,
2022,41,188823781,
2022,41,188879395,
2022,41,188879398,
2022,41,188046742,
2022,21,188046743,
2022,41,188046744,
2022,3,188046745,
2022,3,188046746,
2022,41,188046747,
2022,41,188046748,
2022,41,188046750,
2022,31,188046751,
2022,31,188046752,
2022,31,188046753,
2022,41,188046754,
2022,41,188879399,
2022,41,188823785,
2022,32,188046755,
2022,32,188046756,
2022,41,188823786,
2022,31,188823787,
2022,41,188823788,
2022,41,188879402,
2022,41,188879403,
2022,41,188046757,
2022,3,188046758,
2022,41,188046759,
2022,41,188046760,
2022,41,188046761,
2022,41,188823790,
2022,41,188879405,
2022,3,188046766,
2022,32,188046767,
2022,41,188046768,
2022,41,188046769,
2022,41,188046771,
2022,41,188046772,
2022,41,188046774,
2022,41,188879409,
2022,41,188879410,
2022,41,188879412,
2022,41,188879414,
2022,41,188879415,
2022,41,188879417,
2022,21,197883297,
2022,32,188046777,
2022,41,188046778,
2022,3,188046779,
2022,3,188046780,
2022,3,188046781,
2022,3,188046782,
2022,3,188046783,
2022,41,188046784,
2022,41,188046785,
2022,21,198076301,
2022,41,188046787,
2022,21,188046788,
2022,41,188046789,
2022,41,188823796,
2022,41,188823797,
2022,31,188823798,
2022,41,188879420,
2022,41,188879421,
2022,3,188046795,
2022,3,188046796,
2022,3,188046797,
2022,41,188046798,
2022,41,188046799,
2022,41,188046800,
2022,41,188046801,
2022,41,188823802,
2022,41,188879422,
2022,41,188879423,
2022,41,188046804,
2022,3,188823808,
2022,41,188823809,
2022,41,188823810,
2022,41,188879424,
2022,41,188879425,
2022,41,188879426,
2022,41,188879427,
2022,41,188879428,
2022,41,188879430,
2022,41,188046810,
2022,41,188046811,
2022,3,188046812,
2022,3,188823811,
2022,3,188823812,
2022,41,188046813,
2022,41,188046814,
2022,41,188046815,
2022,41,188046816,
2022,41,188046817,
2022,41,188046818,
2022,41,188823816,
2022,41,188823817,
2022,38,188879433,
2022,41,188046820,
2022,41,188046821,
2022,32,188823822,
2022,3,188823823,
2022,41,188823824,
2022,31,188879434,
2022,31,188879435,
2022,41,188879436,
2022,41,188879437,
2022,41,199853453,
2022,41,197962985,
2022,41,188046826,
2022,21,188046827,
2022,3,188046828,
2022,21,188046829,
2022,21,188823826,
2022,21,188046830,
2022,41,188046831,
2022,32,188046832,
2022,41,188046833,
2022,41,188879440,
2022,41,188879441,
2022,41,188879442,
2022,21,188823828,
2022,41,188879443,
2022,41,188879444,
2022,41,188879445,
2022,41,188879446,
2022,41,199853454,
2022,41,188046835,
2022,41,188046836,
2022,21,188046837,
2022,21,188046838,
2022,21,188046839,
2022,21,188046840,
2022,41,188046841,
2022,3,188046842,
2022,21,188046843,
2022,21,188046844,
2022,41,188046846,
2022,41,188046847,
2022,31,188823829,
2022,41,188879447,
2022,41,188879448,
2022,31,188879450,
2022,41,188879451,
2022,3,188823830,
2022,3,188046851,
2022,41,188046852,
2022,41,188046854,
2022,31,188046855,
2022,31,188046856,
2022,41,188046857,
2022,41,188823835,
2022,38,188823836,
2022,41,188879453,
2022,41,188879454,
2022,41,188879455,
2022,41,188879456,
2022,41,188879457,
2022,3,188046860,
2022,41,188046861,
2022,41,188046862,
2022,41,188046863,
2022,41,188046865,
2022,41,188046866,
2022,41,188046867,
2022,41,188046869,
2022,41,188823844,
2022,41,188823845,
2022,41,188823846,
2022,31,188823847,
2022,41,188823848,
2022,41,188823849,
2022,41,188823850,
2022,41,188823851,
2022,41,188823852,
2022,41,188823853,
2022,41,188823854,
2022,41,188879458,
2022,41,188879462,
2022,41,192615500,
2022,3,188879464,
2022,41,188879465,
2022,41,188879467,
2022,41,188879468,
2022,41,188046878,
2022,41,188046879,
2022,3,188046880,
2022,3,188046881,
2022,3,188046883,
2022,3,188046885,
2022,21,188046886,
2022,21,188046887,
2022,41,188046889,
2022,41,188046890,
2022,41,188046891,
2022,21,188046892,
2022,41,188046893,
2022,41,188046894,
2022,31,188046895,
2022,31,188046896,
2022,41,188046900,
2022,3,188046901,
2022,31,188046902,
2022,31,188046903,
2022,41,188046904,
2022,41,188046906,
2022,32,188046907,
2022,32,188046908,
2022,41,188046909,
2022,3,188046912,
2022,3,188046913,
2022,21,203221070,
2022,41,188046915,
2022,41,188514512,
2022,41,188514513,
2022,41,188514514,
2022,41,188514515,
2022,41,188514516,
2022,41,188514517,
2022,41,188647808,
2022,41,188647809,
2022,41,188647810,
2022,41,188647811,
2022,41,188647812,
2022,41,188647813,
2022,41,188647814,
2022,41,188647815,
2022,41,188647816,
2022,41,188647817,
2022,41,188647818,
2022,41,188650021,
2022,41,188650022,
2022,41,188650023,
2022,41,188650024,
2022,41,188650025,
2022,41,188650026,
2022,41,188650027,
2022,41,188650028,
2022,41,188650029,
2022,41,188650030,
2022,41,188650031,
2022,41,188650032,
2022,41,188650033,
2022,41,188650035,
2022,41,188650036,
2022,41,188650037,
2022,41,188650038,
2022,41,188650039,
2022,41,188650040,
2022,41,188650041,
2022,41,188650042,
2022,41,188650043,
2022,41,188650044,
2022,41,188650045,
2022,41,188650046,
2022,41,188650047,
2022,41,188650048,
2022,41,188743210,
2022,41,188743212,
2022,41,188743214,
2022,41,188743215,
2022,41,188743216,
2022,41,188743217,
2022,41,188743218,
2022,41,188743219,
2022,41,190533734,
2022,41,190533737,
2022,41,190245391,
2022,3,189393930,
2022,3,189393931,
2022,41,189393932,
2022,41,189393933,
2022,41,189393934,
2022,41,189393935,
2022,41,189393936,
2022,41,189393937,
2022,3,189393938,
2022,21,189962751,
2022,41,189962752,
2022,38,198419198,
2022,3,190533741,
2022,3,190533742,
2022,21,190533743,
2022,21,190533744,
2022,41,190533745,
2022,38,190533746,
2022,41,190533747,
2022,31,190533748,
2022,41,190533749,
2022,41,190533750,
2022,41,190533751,
2022,41,190533752,
2022,21,190533753,
2022,32,198312201,
2022,32,198312204,
2022,41,190245393,
2022,41,190245394,
2022,41,190245395,
2022,3,189393940,
2022,3,189393941,
2022,41,189393942,
2022,41,189393943,
2022,21,189393944,
2022,21,189393945,
2022,41,189393946,
2022,41,189393947,
2022,41,189393948,
2022,41,190533759,
2022,41,190533760,
2022,21,190533761,
2022,41,190533763,
2022,21,190533764,
2022,3,189393949,
2022,41,190245396,
2022,3,189393952,
2022,3,189393953,
2022,3,189393956,
2022,3,189393957,
2022,21,189393959,
2022,41,189393960,
2022,41,189393961,
2022,21,190533769,
2022,21,190533770,
2022,41,190533771,
2022,41,190533772,
2022,3,189393962,
2022,3,189393963,
2022,3,189393965,
2022,3,189393966,
2022,3,189393967,
2022,3,189393968,
2022,3,189393969,
2022,3,189393970,
2022,3,189393971,
2022,3,195522730,
2022,3,189393973,
2022,3,195522731,
2022,3,189393977,
2022,3,189393978,
2022,3,192615502,
2022,3,189393980,
2022,21,189393981,
2022,21,189393982,
2022,21,189393983,
2022,41,189393985,
2022,21,195522732,
2022,21,189393987,
2022,21,189393988,
2022,21,189393989,
2022,21,189393990,
2022,21,189393991,
2022,21,189393992,
2022,21,195522733,
2022,21,189393995,
2022,3,189393996,
2022,41,192150334,
2022,3,190533774,
2022,3,190533775,
2022,38,190533776,
2022,31,190533777,
2022,41,190533777,
2022,41,190533779,
2022,41,190533781,
2022,41,190533782,
2022,41,190533783,
2022,41,190533784,
2022,41,190245397,
2022,41,190245398,
2022,3,189393997,
2022,3,189393998,
2022,3,189393999,
2022,3,189394000,
2022,41,189394003,
2022,41,189394004,
2022,21,189394005,
2022,21,189394006,
2022,21,189394008,
2022,21,189394009,
2022,41,189394011,
2022,41,189394012,
2022,41,189394013,
2022,41,189394014,
2022,21,189394015,
2022,21,189394017,
2022,41,189394019,
2022,41,190533794,
2022,41,190533795,
2022,41,190533796,
2022,41,190533797,
2022,41,190533798,
2022,41,190533799,
2022,41,190245399,
2022,3,189394021,
2022,3,189394024,
2022,21,189394026,
2022,21,189394028,
2022,21,189394029,
2022,21,189394030,
2022,41,189394031,
2022,41,189394032,
2022,3,189394033,
2022,41,190533803,
2022,41,190533804,
2022,32,190533805,
2022,32,190533806,
2022,3,190533810,
2022,41,190533811,
2022,41,190533812,
2022,41,190533813,
2022,41,190533814,
2022,3,189394035,
2022,3,189394036,
2022,3,189394037,
2022,3,189394040,
2022,3,189394042,
2022,3,195522736,
2022,3,189394044,
2022,3,189394046,
2022,41,198312210,
2022,41,189962795,
2022,41,203221071,
2022,41,190245401,
2022,41,190533816,
2022,3,189394049,
2022,3,189394050,
2022,41,189394052,
2022,21,189394054,
2022,21,189394055,
2022,41,190533817,
2022,21,190533818,
2022,21,190533819,
2022,21,190533820,
2022,21,190533821,
2022,41,190533823,
2022,41,190533824,
2022,41,190533826,
2022,41,190533827,
2022,41,190245403,
2022,41,190245404,
2022,3,190245405,
2022,21,190245406,
2022,21,190245407,
2022,21,190245408,
2022,21,190245409,
2022,21,190245410,
2022,21,190245411,
2022,41,190245412,
2022,41,190245414,
2022,3,190533830,
2022,3,190533831,
2022,31,190533832,
2022,41,190533833,
2022,3,190533836,
2022,41,198312214,
2022,41,190533837,
2022,41,190533839,
2022,3,190245415,
2022,41,190245417,
2022,41,190245418,
2022,21,190245419,
2022,21,190245420,
2022,41,190533841,
2022,3,190245421,
2022,31,190533843,
2022,41,190533844,
2022,41,190533845,
2022,41,190533846,
2022,41,190533847,
2022,41,190245422,
2022,41,190245423,
2022,41,190245424,
2022,41,190245426,
2022,31,190245427,
2022,41,190180118,
2022,41,190180119,
2022,41,190180120,
2022,38,190180121,
2022,38,190180122,
2022,41,190180123,
2022,21,190180124,
2022,21,190180125,
2022,3,190533851,
2022,41,190533852,
2022,41,190533853,
2022,21,190533854,
2022,41,190533855,
2022,41,190533856,
2022,41,190533857,
2022,41,190245429,
2022,41,190180126,
2022,41,190533862,
2022,41,190533863,
2022,41,190533865,
2022,3,190533866,
2022,41,190533867,
2022,41,190533868,
2022,31,190533869,
2022,31,190533870,
2022,3,190533871,
2022,41,190533872,
2022,41,190533873,
2022,41,190533874,
2022,41,190533876,
2022,41,190533877,
2022,41,190533878,
2022,41,190533879,
2022,41,190533880,
2022,41,190533881,
2022,31,190533882,
2022,41,190533883,
2022,41,190533884,
2022,32,190533885,
2022,41,190533886,
2022,41,190533887,
2022,41,190533888,
2022,41,190245435,
2022,41,190245436,
2022,41,190245437,
2022,3,190245438,
2022,3,190245441,
2022,3,190245442,
2022,41,190180127,
2022,41,190180129,
2022,3,190180130,
2022,3,190180131,
2022,41,190180132,
2022,41,190180133,
2022,41,190180134,
2022,21,190180135,
2022,21,190180136,
2022,41,190180137,
2022,41,190180138,
2022,41,190180139,
2022,41,190180140,
2022,3,199853455,
2022,21,190533893,
2022,41,190533894,
2022,41,190533896,
2022,21,190533897,
2022,21,190533898,
2022,41,190533899,
2022,41,190245445,
2022,3,190245447,
2022,41,190533901,
2022,41,190533902,
2022,41,190533903,
2022,41,190533904,
2022,41,190533905,
2022,41,190533906,
2022,41,190533907,
2022,41,190533908,
2022,41,190533910,
2022,3,190245455,
2022,41,190180142,
2022,41,190180143,
2022,21,190180144,
2022,21,190180145,
2022,41,198419201,
2022,41,190533927,
2022,41,190533930,
2022,41,190533932,
2022,3,190533933,
2022,3,190533934,
2022,3,190533935,
2022,3,190533936,
2022,41,190533938,
2022,21,190533939,
2022,21,190533940,
2022,41,190533941,
2022,41,190533942,
2022,41,190533943,
2022,21,190533944,
2022,21,190533945,
2022,41,190533946,
2022,41,190533947,
2022,32,190533948,
2022,3,190533949,
2022,21,190533950,
2022,41,190533951,
2022,35,190533952,
2022,41,190533953,
2022,21,190533954,
2022,3,190533956,
2022,31,190533958,
2022,31,190533959,
2022,41,190533960,
2022,41,190533961,
2022,41,190533962,
2022,41,190533963,
2022,41,190245457,
2022,41,190180150,
2022,41,190180151,
2022,21,190180152,
2022,21,190180153,
2022,41,190180154,
2022,41,190180155,
2022,41,190180156,
2022,41,190180158,
2022,41,190533964,
2022,3,197883309,
2022,41,190533966,
2022,41,190533967,
2022,41,190533968,
2022,3,190245460,
2022,3,190245461,
2022,41,198312217,
2022,41,190180159,
2022,41,190180160,
2022,41,190180161,
2022,41,190230745,
2022,41,190533970,
2022,41,190230746,
2022,41,190533971,
2022,41,190230747,
2022,41,190533973,
2022,41,190230748,
2022,41,190533974,
2022,21,190533975,
2022,41,190230749,
2022,41,190230750,
2022,41,190230751,
2022,41,190230752,
2022,41,190230753,
2022,41,190245466,
2022,41,190230754,
2022,41,190245467,
2022,41,190230755,
2022,41,190245468,
2022,3,190245470,
2022,41,190230756,
2022,3,190245471,
2022,41,190245472,
2022,41,190245473,
2022,41,190245474,
2022,41,190230757,
2022,41,190230758,
2022,41,190245475,
2022,41,190230759,
2022,41,190533976,
2022,41,190230760,
2022,41,190533977,
2022,21,197883311,
2022,41,190533979,
2022,41,190230761,
2022,41,190230762,
2022,41,190230763,
2022,41,190230764,
2022,41,190230765,
2022,41,190230766,
2022,41,190245479,
2022,3,190245481,
2022,3,190245482,
2022,41,190230767,
2022,3,190245484,
2022,41,190245485,
2022,41,190230768,
2022,41,190245486,
2022,41,190230769,
2022,41,190245487,
2022,41,190245489,
2022,21,190533982,
2022,21,190533983,
2022,41,190533984,
2022,41,190245494,
2022,41,190533985,
2022,21,197883313,
2022,41,190533987,
2022,41,190533988,
2022,41,190533989,
2022,41,190533990,
2022,41,190533991,
2022,3,190449661,
2022,3,190449662,
2022,41,190245508,
2022,41,190245510,
2022,41,190245511,
2022,41,190245512,
2022,41,190248463,
2022,41,190245513,
2022,41,190245514,
2022,41,190245515,
2022,41,190245516,
2022,41,190245517,
2022,41,190248464,
2022,41,190245518,
2022,41,190248465,
2022,41,190248466,
2022,41,190248467,
2022,41,190248468,
2022,41,190248469,
2022,41,190248470,
2022,41,190248471,
2022,41,190248472,
2022,41,190248473,
2022,41,190248474,
2022,41,190248475,
2022,41,190248476,
2022,41,190248477,
2022,41,190248478,
2022,41,190248481,
2022,41,190248482,
2022,41,190248483,
2022,41,190248484,
2022,41,192615506,
2022,41,190248486,
2022,41,190248487,
2022,41,190248488,
2022,41,190248489,
2022,41,190248490,
2022,41,190248491,
2022,41,190248492,
2022,41,190248493,
2022,41,190248494,
2022,41,190278736,
2022,41,190533992,
2022,41,190533993,
2022,39,190533994,
2022,41,190533995,
2022,41,190533996,
2022,31,190533997,
2022,31,190533998,
2022,41,190533999,
2022,41,190534000,
2022,41,190534001,
2022,41,190534002,
2022,41,190534003,
2022,41,190534004,
2022,38,190534005,
2022,41,190534006,
2022,41,190534007,
2022,41,190534008,
2022,41,190534009,
2022,41,197962986,
2022,41,190534012,
2022,41,190534013,
2022,41,190534014,
2022,41,190534015,
2022,41,190534016,
2022,41,190534022,
2022,41,190534023,
2022,41,190534024,
2022,41,190534025,
2022,41,190534026,
2022,41,190534027,
2022,3,190449664,
2022,3,190449665,
2022,3,190449666,
2022,3,190449667,
2022,3,190449670,
2022,41,190449671,
2022,41,190449673,
2022,31,190449674,
2022,41,190449675,
2022,41,190449678,
2022,41,190449679,
2022,41,190449682,
2022,41,190449683,
2022,41,190449684,
2022,41,190449685,
2022,41,190449686,
2022,41,190449687,
2022,41,190449688,
2022,41,190449689,
2022,41,190449690,
2022,41,190449691,
2022,41,190449692,
2022,41,190449693,
2022,41,190449695,
2022,41,190449696,
2022,41,190534031,
2022,41,190534035,
2022,41,190449697,
2022,41,190534036,
2022,41,190534037,
2022,41,190534038,
2022,41,190534039,
2022,3,190449698,
2022,3,190449699,
2022,3,190449700,
2022,3,190449702,
2022,3,190449704,
2022,3,190449705,
2022,21,190449706,
2022,41,190534040,
2022,41,190534041,
2022,41,190534042,
2022,41,190534043,
2022,41,190534044,
2022,41,190449709,
2022,41,190449710,
2022,41,203221072,
2022,41,190449713,
2022,41,190534045,
2022,41,190534047,
2022,41,198312220,
2022,41,190449714,
2022,41,190449715,
2022,41,190449716,
2022,41,190534048,
2022,41,190534049,
2022,41,190534050,
2022,41,190534052,
2022,41,190449718,
2022,41,190449719,
2022,41,190449720,
2022,41,190534053,
2022,41,190534054,
2022,41,190534055,
2022,41,190534056,
2022,41,190534057,
2022,41,190534058,
2022,41,190534059,
2022,41,190534060,
2022,3,190449721,
2022,3,190449723,
2022,41,190449724,
2022,3,198312223,
2022,3,190449725,
2022,21,190449726,
2022,21,190449727,
2022,21,190449728,
2022,21,190449729,
2022,41,190449730,
2022,41,190449732,
2022,3,190426496,
2022,41,190426506,
2022,3,190446733,
2022,3,190446734,
2022,41,190446735,
2022,41,190446736,
2022,41,190446737,
2022,31,190446738,
2022,31,190446739,
2022,41,190446740,
2022,41,190446743,
2022,31,190446745,
2022,31,190446746,
2022,21,190446747,
2022,21,190446748,
2022,41,190534062,
2022,41,190446753,
2022,21,190446755,
2022,21,190446757,
2022,41,190446759,
2022,3,190446764,
2022,3,190446765,
2022,3,190446771,
2022,3,190446772,
2022,3,190446775,
2022,3,190446776,
2022,3,190446781,
2022,41,190446784,
2022,41,190449739,
2022,3,190449740,
2022,3,190449744,
2022,3,190449747,
2022,3,192150336,
2022,3,192150337,
2022,31,192150338,
2022,31,192196142,
2022,41,192150341,
2022,21,190534064,
2022,3,190534091,
2022,3,190534094,
2022,3,190534095,
2022,3,190539517,
2022,3,190561718,
2022,41,192150342,
2022,41,192150343,
2022,3,192150345,
2022,41,192150348,
2022,3,192150355,
2022,41,192150381,
2022,41,192150382,
2022,41,192196153,
2022,32,192150384,
2022,32,192150385,
2022,3,192150386,
2022,3,192150387,
2022,3,192196155,
2022,3,192196156,
2022,3,192196161,
2022,3,192196162,
2022,41,191054128,
2022,41,191054130,
2022,41,191054131,
2022,21,197883321,
2022,3,192150389,
2022,3,192150391,
2022,3,192150392,
2022,3,192150393,
2022,3,192150394,
2022,3,192150395,
2022,21,192150396,
2022,41,192150397,
2022,41,192150399,
2022,3,192150400,
2022,3,192150401,
2022,3,192150402,
2022,21,192150403,
2022,21,192150404,
2022,41,192150405,
2022,3,192150406,
2022,41,192150407,
2022,3,192150408,
2022,41,192150409,
2022,3,192150410,
2022,41,192150411,
2022,3,192150412,
2022,41,192150413,
2022,21,198109603,
2022,3,192150416,
2022,41,192150417,
2022,41,192150418,
2022,41,192150419,
2022,41,192150420,
2022,21,191054135,
2022,41,191054136,
2022,41,191054139,
2022,41,191054141,
2022,41,192150421,
2022,41,192150422,
2022,41,192150423,
2022,41,192150424,
2022,41,192150428,
2022,41,192150429,
2022,35,192150430,
2022,41,192150431,
2022,41,192150432,
2022,41,192150433,
2022,41,192150434,
2022,3,192150436,
2022,38,192150437,
2022,41,192150438,
2022,41,192150439,
2022,41,192150440,
2022,31,192150441,
2022,31,192150442,
2022,41,192150443,
2022,3,192150444,
2022,3,192150445,
2022,41,192196165,
2022,41,192150446,
2022,41,192150447,
2022,41,192150448,
2022,41,192150449,
2022,41,192150450,
2022,31,192150451,
2022,31,192150452,
2022,31,192150453,
2022,41,192150454,
2022,41,192150455,
2022,39,192150456,
2022,41,198109604,
2022,41,192150458,
2022,41,192150459,
2022,41,192150460,
2022,41,192150461,
2022,41,192150462,
2022,41,192150463,
2022,41,192150464,
2022,41,192150465,
2022,41,192150466,
2022,41,192150467,
2022,41,192150468,
2022,41,192150469,
2022,41,192150470,
2022,41,192150471,
2022,41,192150472,
2022,41,192150474,
2022,41,191054142,
2022,41,192150475,
2022,31,192150476,
2022,31,192150477,
2022,21,192150478,
2022,21,192150479,
2022,21,192150480,
2022,41,192196166,
2022,21,192196167,
2022,32,192813974,
2022,41,192813975,
2022,41,191054167,
2022,41,191054170,
2022,32,191054171,
2022,32,191054172,
2022,21,191054174,
2022,21,191054175,
2022,41,191054176,
2022,41,191054177,
2022,41,191054179,
2022,41,191054180,
2022,31,191054182,
2022,31,191054183,
2022,31,191054184,
2022,21,191054187,
2022,21,191054188,
2022,41,191054190,
2022,41,191054191,
2022,41,191054193,
2022,21,191054194,
2022,41,191054196,
2022,41,191054197,
2022,41,191054199,
2022,41,191054200,
2022,38,191054202,
2022,41,191054203,
2022,41,191054205,
2022,41,191054206,
2022,41,191054207,
2022,41,191054209,
2022,41,191054211,
2022,41,192150481,
2022,41,191054212,
2022,3,191054214,
2022,3,191054217,
2022,21,191054218,
2022,21,191054219,
2022,41,192196169,
2022,41,192196170,
2022,41,192196171,
2022,41,191054222,
2022,21,191054223,
2022,3,191054232,
2022,3,191054233,
2022,41,191054235,
2022,41,191054236,
2022,3,191054238,
2022,3,191054239,
2022,3,191054240,
2022,3,195522737,
2022,3,191054243,
2022,3,191054245,
2022,3,191054246,
2022,3,191054248,
2022,3,191054249,
2022,3,191054251,
2022,41,191054252,
2022,31,191054255,
2022,31,191054256,
2022,41,191054259,
2022,3,191054262,
2022,3,191054263,
2022,21,191054265,
2022,41,191054266,
2022,41,191054267,
2022,41,191054269,
2022,41,191054272,
2022,41,191054273,
2022,41,191054275,
2022,3,191054276,
2022,41,192150482,
2022,41,192150483,
2022,41,192150484,
2022,41,192150485,
2022,41,192150486,
2022,41,192150487,
2022,41,192196172,
2022,3,192196173,
2022,3,192196175,
2022,41,192196176,
2022,3,192196177,
2022,41,192150488,
2022,41,192196178,
2022,3,192196180,
2022,41,192196181,
2022,3,192196183,
2022,3,192196184,
2022,41,192196186,
2022,41,192196187,
2022,41,192196189,
2022,41,192196190,
2022,41,192196191,
2022,41,192196192,
2022,41,192196194,
2022,41,192196197,
2022,3,192196198,
2022,3,192196200,
2022,3,192196202,
2022,41,192196203,
2022,3,192196204,
2022,3,192196205,
2022,3,192196206,
2022,3,192196207,
2022,3,192196209,
2022,3,192196210,
2022,3,192196211,
2022,3,198312300,
2022,21,192196213,
2022,21,192196214,
2022,41,192196215,
2022,41,192196217,
2022,41,192196218,
2022,41,192196219,
2022,41,197883328,
2022,41,192196222,
2022,41,192196223,
2022,41,191791574,
2022,41,192196224,
2022,41,191791575,
2022,41,192196225,
2022,41,192196226,
2022,21,192196231,
2022,21,192196232,
2022,41,192196233,
2022,31,197962987,
2022,3,197883332,
2022,21,192196236,
2022,41,192196237,
2022,3,192196238,
2022,41,191831999,
2022,41,191846190,
2022,41,191846191,
2022,41,191848948,
2022,41,191848949,
2022,41,191848950,
2022,41,191848951,
2022,41,191848952,
2022,41,191848953,
2022,41,191848954,
2022,41,191848955,
2022,41,191848956,
2022,41,191848957,
2022,41,191848958,
2022,41,191848959,
2022,41,191848960,
2022,41,191848961,
2022,41,191848962,
2022,41,191848963,
2022,41,191848964,
2022,41,191848965,
2022,41,191848966,
2022,41,191848967,
2022,41,191848968,
2022,41,191848969,
2022,41,191870226,
2022,41,191850994,
2022,41,191850995,
2022,41,191850996,
2022,41,191850997,
2022,41,191850998,
2022,41,191850999,
2022,41,191851000,
2022,41,191851001,
2022,41,191851002,
2022,41,191851003,
2022,41,191870228,
2022,41,191870229,
2022,41,191870230,
2022,3,192196241,
2022,3,192196243,
2022,41,192196246,
2022,41,192196247,
2022,41,192196248,
2022,41,192196249,
2022,41,192196250,
2022,41,192196251,
2022,41,192196252,
2022,41,192196253,
2022,41,192196254,
2022,41,192196256,
2022,41,192196257,
2022,21,195522738,
2022,41,192196258,
2022,32,192196259,
2022,32,192196260,
2022,3,192196261,
2022,21,192196262,
2022,21,192196263,
2022,21,192196264,
2022,21,192196265,
2022,21,192196266,
2022,3,198312307,
2022,3,198312308,
2022,41,192196270,
2022,41,192196271,
2022,3,192196272,
2022,41,192196273,
2022,3,197883337,
2022,3,192196275,
2022,3,197775232,
2022,3,192196277,
2022,41,192196278,
2022,41,192196279,
2022,41,192196281,
2022,41,192196283,
2022,41,192196284,
2022,41,192196286,
2022,41,192196287,
2022,41,192196289,
2022,41,192196290,
2022,41,192196291,
2022,41,192196293,
2022,41,192196294,
2022,41,192196295,
2022,41,192196314,
2022,41,192196315,
2022,41,192196316,
2022,41,192196317,
2022,41,192196318,
2022,41,192196319,
2022,41,192196320,
2022,41,192196321,
2022,41,192196322,
2022,41,192196323,
2022,3,192196324,
2022,41,192196326,
2022,41,192196327,
2022,41,192196328,
2022,41,192196330,
2022,41,192196332,
2022,41,192196334,
2022,41,192196335,
2022,41,192196336,
2022,41,192196338,
2022,41,192196340,
2022,21,192196341,
2022,32,192196342,
2022,41,192196343,
2022,38,192196344,
2022,38,192196345,
2022,41,192196346,
2022,41,192196347,
2022,41,192196348,
2022,41,192196349,
2022,38,192196350,
2022,41,192196351,
2022,41,192196353,
2022,41,192196354,
2022,41,192196355,
2022,41,192196356,
2022,21,192196357,
2022,21,192196358,
2022,41,192196359,
2022,41,192196360,
2022,41,192196361,
2022,41,192196363,
2022,41,197883342,
2022,41,192196366,
2022,41,192196368,
2022,41,192196370,
2022,41,192196371,
2022,21,192196373,
2022,41,192196374,
2022,41,192196375,
2022,41,192196377,
2022,41,192198487,
2022,41,192198489,
2022,3,192198490,
2022,3,192198491,
2022,3,192493749,
2022,3,192198494,
2022,3,192198495,
2022,41,192198498,
2022,21,192198499,
2022,41,192198500,
2022,41,192198503,
2022,3,192198504,
2022,21,192198505,
2022,21,192198506,
2022,41,192198507,
2022,41,192198508,
2022,41,192198509,
2022,41,192493754,
2022,41,192198510,
2022,3,192198511,
2022,3,192198513,
2022,3,192198515,
2022,21,194329451,
2022,41,199853457,
2022,3,192198516,
2022,3,192493760,
2022,41,192493761,
2022,41,192493762,
2022,41,192493764,
2022,41,192493765,
2022,41,192493767,
2022,41,192554820,
2022,41,192493775,
2022,41,192554824,
2022,41,192554826,
2022,41,192554829,
2022,3,192493780,
2022,3,192493782,
2022,41,192493786,
2022,41,192493787,
2022,41,192493789,
2022,41,192554839,
2022,21,192554840,
2022,38,192554842,
2022,41,192554844,
2022,41,192554847,
2022,3,192493791,
2022,3,192493792,
2022,41,192493794,
2022,41,192493795,
2022,41,192493797,
2022,41,192493798,
2022,41,192493800,
2022,41,192493802,
2022,41,192554849,
2022,41,192554851,
2022,41,192554853,
2022,41,192554855,
2022,41,192554860,
2022,41,192554864,
2022,41,192554866,
2022,41,192554869,
2022,3,192493805,
2022,3,192493806,
2022,41,192493808,
2022,41,192493809,
2022,41,192554872,
2022,41,192493814,
2022,41,192493815,
2022,3,192493816,
2022,41,192493817,
2022,41,192493818,
2022,41,192554879,
2022,41,192554884,
2022,41,192554886,
2022,31,192554889,
2022,31,192554891,
2022,41,192554895,
2022,41,192493820,
2022,41,192493821,
2022,41,192493822,
2022,21,192493823,
2022,21,192493826,
2022,41,192493827,
2022,41,192493828,
2022,41,192554897,
2022,41,192554902,
2022,21,192554908,
2022,31,192554910,
2022,41,192554913,
2022,41,192554917,
2022,41,192554918,
2022,41,192554921,
2022,41,192493834,
2022,41,192493835,
2022,3,192493837,
2022,3,192493838,
2022,3,192493839,
2022,41,192493840,
2022,31,192493843,
2022,31,192493844,
2022,41,192493845,
2022,41,192554926,
2022,41,192554928,
2022,41,192554929,
2022,41,192554930,
2022,41,192554931,
2022,41,192554935,
2022,41,192554936,
2022,3,192493847,
2022,3,192493848,
2022,3,192493849,
2022,3,192493851,
2022,41,192493854,
2022,41,192493855,
2022,41,192493856,
2022,41,192493857,
2022,41,192493858,
2022,41,192493861,
2022,41,192493863,
2022,41,192493865,
2022,41,192554938,
2022,41,192554939,
2022,41,199853458,
2022,41,192554943,
2022,41,192554944,
2022,41,192493870,
2022,41,192493871,
2022,41,192493873,
2022,41,192493874,
2022,41,192554945,
2022,41,192554947,
2022,41,192554948,
2022,41,192554950,
2022,41,192493875,
2022,41,192493876,
2022,41,192493877,
2022,41,192493878,
2022,41,192554956,
2022,41,192554960,
2022,41,192554963,
2022,41,192554967,
2022,41,192554969,
2022,41,192493886,
2022,3,197775329,
2022,3,192493889,
2022,3,192493891,
2022,3,192493893,
2022,41,192493895,
2022,41,192493902,
2022,21,192493904,
2022,21,192493907,
2022,3,194329452,
2022,3,194329453,
2022,3,194329454,
2022,3,194329455,
2022,41,192554971,
2022,41,192554973,
2022,41,192554975,
2022,41,192554978,
2022,41,192554980,
2022,41,192554982,
2022,3,192554984,
2022,3,192554985,
2022,41,192554987,
2022,21,192554989,
2022,21,192554990,
2022,41,192554992,
2022,41,192554994,
2022,41,192554996,
2022,21,192555000,
2022,21,192555002,
2022,41,192555004,
2022,3,194329457,
2022,41,194329461,
2022,41,203221073,
2022,41,194329463,
2022,41,192782090,
2022,31,192614841,
2022,31,192614842,
2022,21,192614843,
2022,21,192614844,
2022,41,192614845,
2022,41,192614846,
2022,41,192614847,
2022,41,192614848,
2022,31,192614849,
2022,31,192614850,
2022,41,192614855,
2022,3,192614856,
2022,3,192614857,
2022,3,192615508,
2022,3,192615509,
2022,21,192615510,
2022,21,192615511,
2022,21,192615512,
2022,21,192615513,
2022,21,192615514,
2022,21,192615515,
2022,3,192615516,
2022,3,192615517,
2022,41,192615518,
2022,3,192615519,
2022,3,192615520,
2022,41,197883346,
2022,41,192615524,
2022,3,192615526,
2022,41,192782110,
2022,38,194329466,
2022,3,194329470,
2022,3,194329472,
2022,3,194329474,
2022,32,194329475,
2022,31,194329477,
2022,31,194329478,
2022,3,192782113,
2022,3,192782114,
2022,41,192782115,
2022,41,192782116,
2022,41,192782117,
2022,21,192782118,
2022,41,192782119,
2022,41,192782121,
2022,38,192782122,
2022,41,192782123,
2022,31,192782124,
2022,3,192782127,
2022,41,192782128,
2022,41,192782129,
2022,41,192782130,
2022,41,192782133,
2022,21,194329485,
2022,21,194329486,
2022,41,192782134,
2022,41,192782135,
2022,41,194329487,
2022,3,194329488,
2022,41,192782136,
2022,3,192782137,
2022,41,192782139,
2022,3,192782140,
2022,3,192782141,
2022,3,194329490,
2022,41,192782142,
2022,21,194329491,
2022,41,192813976,
2022,21,194329492,
2022,41,194329493,
2022,21,194329494,
2022,21,194329495,
2022,21,194329496,
2022,21,194329497,
2022,41,194329498,
2022,41,194329499,
2022,31,195964888,
2022,3,198433621,
2022,41,194329501,
2022,41,192813985,
2022,21,197962990,
2022,31,192813988,
2022,31,192813989,
2022,41,194329504,
2022,21,194329505,
2022,21,194329506,
2022,41,194329507,
2022,41,194329508,
2022,41,194329509,
2022,21,194329512,
2022,21,194329513,
2022,41,194329514,
2022,41,194329516,
2022,3,194329517,
2022,41,194329518,
2022,41,194329519,
2022,41,192813998,
2022,41,194329520,
2022,31,194329521,
2022,31,194329522,
2022,41,194329523,
2022,21,194329524,
2022,21,194329525,
2022,41,194329526,
2022,31,194329531,
2022,41,194329533,
2022,41,194329536,
2022,3,194329538,
2022,21,194329540,
2022,21,194329542,
2022,41,194329544,
2022,41,194329546,
2022,41,194329548,
2022,41,194329549,
2022,41,194329550,
2022,41,194329551,
2022,41,194329552,
2022,38,194329553,
2022,3,194329554,
2022,41,194329555,
2022,3,194329558,
2022,3,194329559,
2022,3,194329561,
2022,3,194329562,
2022,41,194329563,
2022,41,194329564,
2022,41,194329565,
2022,3,194329579,
2022,3,194329582,
2022,3,194329584,
2022,3,194329587,
2022,41,194329588,
2022,41,194329602,
2022,41,194329603,
2022,21,194329604,
2022,21,194329606,
2022,38,194329610,
2022,38,194329611,
2022,3,194329613,
2022,41,194329616,
2022,41,194329617,
2022,41,194329624,
2022,41,194329629,
2022,3,194329630,
2022,3,194329631,
2022,3,194329633,
2022,41,194329636,
2022,41,194329638,
2022,41,194329641,
2022,41,194329642,
2022,31,194329645,
2022,41,194329651,
2022,41,194329652,
2022,41,194329653,
2022,41,194329658,
2022,41,194329662,
2022,3,194329663,
2022,41,194329665,
2022,41,194329672,
2022,41,194329673,
2022,41,194329674,
2022,41,194329675,
2022,3,194329677,
2022,3,194329678,
2022,3,194329679,
2022,41,194329680,
2022,41,194329681,
2022,41,194329683,
2022,41,194329684,
2022,3,194329685,
2022,3,194329686,
2022,41,194329687,
2022,41,194329688,
2022,21,194329690,
2022,21,194329691,
2022,41,194329693,
2022,41,194329703,
2022,21,194329705,
2022,21,194329706,
2022,41,194329707,
2022,41,194329708,
2022,41,194329709,
2022,41,194329711,
2022,31,194329712,
2022,41,198109607,
2022,41,194329762,
2022,41,194329763,
2022,41,194329764,
2022,41,194329765,
2022,41,194329778,
2022,21,194329779,
2022,41,194329780,
2022,41,194329782,
2022,41,194329787,
2022,41,194329788,
2022,3,194329791,
2022,3,194329798,
2022,21,194329799,
2022,21,194329800,
2022,3,194329803,
2022,41,194329806,
2022,41,194329807,
2022,41,194329808,
2022,41,194329809,
2022,41,194329810,
2022,41,194329811,
2022,41,194329812,
2022,3,194329813,
2022,41,194329814,
2022,41,194329816,
2022,41,194329819,
2022,41,194329824,
2022,41,194329826,
2022,41,194329837,
2022,41,194329838,
2022,3,194329839,
2022,41,194329840,
2022,3,194329841,
2022,41,194329844,
2022,41,194329845,
2022,41,194329846,
2022,41,197962991,
2022,41,194329849,
2022,41,194329851,
2022,41,194329852,
2022,31,194329855,
2022,41,194329864,
2022,41,194329865,
2022,3,194329866,
2022,3,194329868,
2022,3,194329869,
2022,38,194329870,
2022,3,194329871,
2022,41,194329873,
2022,41,194329875,
2022,3,194329877,
2022,41,194329880,
2022,41,194329881,
2022,41,194329882,
2022,41,194329885,
2022,41,194329890,
2022,41,194329894,
2022,3,194329895,
2022,3,194329896,
2022,41,194329897,
2022,21,194329898,
2022,21,194329899,
2022,38,194329900,
2022,38,194329901,
2022,41,197962992,
2022,41,194329903,
2022,41,194329907,
2022,41,194329913,
2022,41,194329916,
2022,3,194329920,
2022,3,194329921,
2022,41,194329922,
2022,41,194329923,
2022,41,194329924,
2022,41,194329925,
2022,41,194329926,
2022,41,194329927,
2022,41,194329929,
2022,41,194329932,
2022,41,194329935,
2022,3,194329936,
2022,3,194329937,
2022,41,194329938,
2022,41,194329939,
2022,41,194329941,
2022,41,194329942,
2022,41,194329947,
2022,41,194329949,
2022,41,194329960,
2022,41,194329961,
2022,41,194329962,
2022,41,194329963,
2022,41,194329964,
2022,21,194329965,
2022,21,194329966,
2022,21,194329967,
2022,41,194329969,
2022,41,194329970,
2022,41,194329972,
2022,41,194329973,
2022,41,194329974,
2022,31,194329975,
2022,3,194329976,
2022,41,194329977,
2022,41,194329978,
2022,21,194329979,
2022,32,198312332,
2022,3,194329989,
2022,3,194329990,
2022,21,194329991,
2022,21,194329992,
2022,41,194329993,
2022,21,194329994,
2022,21,194329995,
2022,41,194329996,
2022,41,194329997,
2022,41,194329998,
2022,31,194330001,
2022,41,194330002,
2022,41,194330003,
2022,41,194330004,
2022,3,194330008,
2022,3,194330009,
2022,3,194330011,
2022,3,194330012,
2022,41,194330013,
2022,41,194330014,
2022,41,194330015,
2022,41,194330016,
2022,41,194330029,
2022,41,194330030,
2022,31,194330031,
2022,31,194330032,
2022,41,195424398,
2022,41,194330033,
2022,41,194330034,
2022,41,194330035,
2022,41,194330036,
2022,3,194330037,
2022,3,194330038,
2022,3,194330039,
2022,41,194330040,
2022,41,194330044,
2022,41,194330045,
2022,21,194330046,
2022,41,194330047,
2022,41,194330048,
2022,41,194330049,
2022,41,194330051,
2022,41,194330053,
2022,3,194330055,
2022,3,194330057,
2022,41,194330058,
2022,41,194330060,
2022,41,194330064,
2022,3,194330065,
2022,3,194330066,
2022,41,194330068,
2022,41,194330070,
2022,41,194330072,
2022,41,194330073,
2022,41,194330076,
2022,41,194330077,
2022,41,194330078,
2022,41,194330079,
2022,41,194330083,
2022,41,194330084,
2022,41,194330089,
2022,41,194330090,
2022,3,194330091,
2022,3,194330092,
2022,3,194330093,
2022,21,194330094,
2022,41,194330095,
2022,41,194330096,
2022,41,194330097,
2022,41,194330098,
2022,3,194330100,
2022,41,194330101,
2022,41,194330102,
2022,41,194330103,
2022,41,194330104,
2022,41,194330107,
2022,3,194330109,
2022,3,194330111,
2022,3,194330113,
2022,3,194330114,
2022,21,194330115,
2022,41,194330118,
2022,41,194330123,
2022,41,201866098,
2022,41,194330134,
2022,3,194330143,
2022,41,194330144,
2022,41,194330145,
2022,41,194330146,
2022,41,194330149,
2022,41,194330163,
2022,41,194330165,
2022,41,194330166,
2022,41,194330168,
2022,41,194330169,
2022,41,194330170,
2022,3,194330172,
2022,41,194330175,
2022,3,194330177,
2022,3,194330179,
2022,41,194330180,
2022,41,194330188,
2022,41,194330189,
2022,41,194330190,
2022,41,194330192,
2022,21,194330193,
2022,41,194330197,
2022,41,194330198,
2022,41,194330205,
2022,41,194330206,
2022,41,194330208,
2022,41,194330210,
2022,3,194330213,
2022,3,194330215,
2022,41,194330218,
2022,41,194330219,
2022,41,194330220,
2022,41,194330221,
2022,41,194330222,
2022,41,194330225,
2022,41,194330227,
2022,3,194330230,
2022,41,194330231,
2022,3,194330234,
2022,3,194330235,
2022,3,194330236,
2022,3,194330237,
2022,3,194330238,
2022,41,194330240,
2022,41,194330241,
2022,41,194330242,
2022,41,194330246,
2022,21,194330248,
2022,21,194330250,
2022,41,194330252,
2022,3,194330254,
2022,3,194330255,
2022,38,194330256,
2022,38,194330257,
2022,41,194330258,
2022,41,194330259,
2022,41,194330260,
2022,3,194330263,
2022,3,194330264,
2022,21,194330265,
2022,21,194330266,
2022,21,194330267,
2022,21,194330268,
2022,41,194330269,
2022,21,194330270,
2022,21,194330272,
2022,3,194330274,
2022,3,194330275,
2022,41,194330283,
2022,41,194330285,
2022,3,194330291,
2022,3,194330292,
2022,3,194330293,
2022,3,194330294,
2022,3,199853459,
2022,3,194330298,
2022,3,194330299,
2022,3,194330300,
2022,3,194330302,
2022,3,194330303,
2022,3,194330305,
2022,3,194330306,
2022,41,194330307,
2022,3,194330308,
2022,3,194330309,
2022,21,194330310,
2022,21,194330311,
2022,21,194330313,
2022,21,194330314,
2022,21,194330315,
2022,21,194330316,
2022,21,194330317,
2022,21,194330318,
2022,21,194330319,
2022,41,198109609,
2022,3,194330321,
2022,3,194330322,
2022,3,194330323,
2022,3,194330325,
2022,3,194330326,
2022,3,197962994,
2022,3,194330329,
2022,3,194330332,
2022,41,194330334,
2022,41,194330335,
2022,41,194330337,
2022,41,194330357,
2022,41,194330361,
2022,21,194330370,
2022,21,194330371,
2022,3,194330372,
2022,41,194330373,
2022,41,194330374,
2022,41,199853460,
2022,41,194330377,
2022,41,194330378,
2022,3,194330379,
2022,3,194330384,
2022,3,194330387,
2022,3,194330388,
2022,41,194330389,
2022,41,194330390,
2022,41,194330391,
2022,41,194330392,
2022,41,194330397,
2022,3,194330399,
2022,41,194330403,
2022,41,199853461,
2022,38,194330406,
2022,38,194330407,
2022,41,194330412,
2022,41,194330413,
2022,41,194330414,
2022,3,194330415,
2022,41,194330425,
2022,41,194330428,
2022,3,194330430,
2022,41,194330436,
2022,41,194330442,
2022,41,194330444,
2022,3,194330446,
2022,3,194330449,
2022,3,194330451,
2022,31,194330465,
2022,31,194330466,
2022,3,194330471,
2022,41,194330472,
2022,41,194330475,
2022,41,194330482,
2022,41,194330485,
2022,3,194330487,
2022,3,194330493,
2022,3,194330499,
2022,41,194330500,
2022,41,194330502,
2022,41,194330503,
2022,41,194330510,
2022,3,194330512,
2022,3,194330513,
2022,3,194330514,
2022,3,194330528,
2022,3,194330529,
2022,41,194330530,
2022,41,194330534,
2022,41,194330540,
2022,41,194330541,
2022,41,194330543,
2022,41,194330557,
2022,41,194330558,
2022,3,194330560,
2022,3,194330562,
2022,41,194330570,
2022,3,194330574,
2022,3,194330576,
2022,3,194330577,
2022,41,194330578,
2022,41,194330579,
2022,3,194330580,
2022,3,194330581,
2022,3,194330582,
2022,3,194330583,
2022,41,194330584,
2022,41,195343360,
2022,3,194330618,
2022,41,194330620,
2022,41,194330622,
2022,41,194330654,
2022,41,194330655,
2022,41,194330656,
2022,41,194330659,
2022,31,194330661,
2022,31,194330662,
2022,41,198312381,
2022,21,194330664,
2022,3,197962996,
2022,41,194330666,
2022,41,194330667,
2022,41,194330668,
2022,41,197962997,
2022,3,194330670,
2022,3,194330671,
2022,41,194330672,
2022,3,194330673,
2022,3,194330674,
2022,3,194330675,
2022,3,194330677,
2022,3,194330678,
2022,41,194330679,
2022,3,194330680,
2022,3,194330681,
2022,3,194330682,
2022,21,194330684,
2022,41,194330685,
2022,3,194330687,
2022,3,194330688,
2022,21,194330689,
2022,41,194330690,
2022,41,194330691,
2022,41,194330693,
2022,41,194330701,
2022,41,194330702,
2022,41,194330703,
2022,41,194330704,
2022,41,194330705,
2022,41,194330706,
2022,41,194330707,
2022,41,194330719,
2022,32,194330722,
2022,41,194330723,
2022,41,194330724,
2022,41,194330725,
2022,41,194330727,
2022,3,194330729,
2022,3,194330730,
2022,3,194330731,
2022,41,194330733,
2022,41,194330735,
2022,41,194330740,
2022,38,194330742,
2022,41,194330743,
2022,3,194330744,
2022,41,194330745,
2022,21,194330753,
2022,21,194330754,
2022,41,194330755,
2022,41,194330756,
2022,41,194330757,
2022,41,194330758,
2022,41,194330759,
2022,41,194330760,
2022,41,194330761,
2022,41,194330762,
2022,41,194330763,
2022,41,194330764,
2022,41,194330765,
2022,41,194330766,
2022,41,194330767,
2022,41,194330768,
2022,41,194330769,
2022,41,194330770,
2022,41,194330771,
2022,41,194330772,
2022,3,194330773,
2022,41,194330774,
2022,41,194330775,
2022,41,194330776,
2022,41,194330793,
2022,41,194330794,
2022,41,194330795,
2022,41,194330796,
2022,41,194330798,
2022,41,194330801,
2022,41,194330804,
2022,41,194330806,
2022,41,194330807,
2022,41,194330809,
2022,41,194330811,
2022,3,194330814,
2022,3,194330816,
2022,3,194330818,
2022,3,194330822,
2022,3,194330825,
2022,3,194330827,
2022,3,194330828,
2022,3,194330829,
2022,3,194330831,
2022,3,194330835,
2022,32,194330839,
2022,32,194330840,
2022,41,194330845,
2022,3,194330848,
2022,3,194330849,
2022,41,194330850,
2022,3,198109611,
2022,41,194330852,
2022,3,194330853,
2022,32,194330856,
2022,3,194330857,
2022,3,194330858,
2022,41,194330860,
2022,3,194330862,
2022,3,194330863,
2022,3,194330864,
2022,3,194330866,
2022,41,194330893,
2022,41,194330894,
2022,41,194330895,
2022,41,194330896,
2022,41,194330924,
2022,41,194330926,
2022,41,194330927,
2022,41,194330929,
2022,41,194330930,
2022,41,194330931,
2022,41,194330933,
2022,41,194330934,
2022,41,194330935,
2022,41,194330936,
2022,31,194330937,
2022,41,194330938,
2022,41,194330939,
2022,41,194330940,
2022,41,194330941,
2022,41,194330942,
2022,41,194330943,
2022,41,194330944,
2022,41,199853462,
2022,41,194330946,
2022,41,194330947,
2022,41,194330948,
2022,41,194330950,
2022,41,194330951,
2022,41,194330952,
2022,41,194330953,
2022,41,194330954,
2022,41,194330955,
2022,41,194330956,
2022,41,194330957,
2022,41,194330958,
2022,41,194330959,
2022,41,194330960,
2022,21,194330961,
2022,21,194330962,
2022,41,194330963,
2022,41,194330964,
2022,41,194330965,
2022,41,195343361,
2022,41,194330966,
2022,41,194330968,
2022,41,194330969,
2022,41,194330970,
2022,41,194330971,
2022,41,194330972,
2022,41,194330973,
2022,41,194330974,
2022,41,194330976,
2022,41,194330977,
2022,41,194330979,
2022,32,194330980,
2022,32,194330981,
2022,41,194330982,
2022,41,194330983,
2022,41,194330984,
2022,41,194330985,
2022,41,195333960,
2022,41,194330987,
2022,41,194330990,
2022,21,201866099,
2022,41,199853463,
2022,41,194330993,
2022,41,194330998,
2022,41,194330999,
2022,41,194331004,
2022,41,194331007,
2022,41,194331009,
2022,41,194331011,
2022,41,194331016,
2022,41,194331018,
2022,41,194331019,
2022,3,194331020,
2022,3,194331023,
2022,41,194331027,
2022,41,194331029,
2022,41,194331032,
2022,41,194331035,
2022,21,194331036,
2022,41,194331037,
2022,21,194331046,
2022,21,194331047,
2022,41,194331048,
2022,41,194331050,
2022,31,194331051,
2022,31,194331052,
2022,41,194331053,
2022,41,194331058,
2022,41,194331060,
2022,41,194331062,
2022,41,194331063,
2022,41,194331064,
2022,41,194331069,
2022,41,194331072,
2022,3,194331075,
2022,3,194331076,
2022,21,194331080,
2022,21,194331081,
2022,41,194331082,
2022,41,194331084,
2022,41,194331086,
2022,38,194331088,
2022,41,194331090,
2022,41,194331091,
2022,41,194331093,
2022,41,194331094,
2022,41,194331096,
2022,41,194331097,
2022,41,194331099,
2022,41,194331101,
2022,41,194331102,
2022,41,194331103,
2022,41,194331104,
2022,41,194331117,
2022,41,194331124,
2022,41,194331125,
2022,3,194331128,
2022,3,194331129,
2022,21,194331130,
2022,41,194331134,
2022,41,194331135,
2022,41,194331141,
2022,38,194331143,
2022,38,194331144,
2022,41,194331146,
2022,41,194331152,
2022,41,194331153,
2022,41,194331154,
2022,41,194331155,
2022,31,194331156,
2022,41,194331158,
2022,41,194331159,
2022,41,194331160,
2022,41,194331161,
2022,41,194331162,
2022,41,194331163,
2022,41,194331164,
2022,3,194331165,
2022,3,194331166,
2022,3,194331167,
2022,41,194331169,
2022,41,194331170,
2022,41,194331171,
2022,31,194331172,
2022,31,194331173,
2022,41,194331174,
2022,41,194331175,
2022,41,194331176,
2022,41,194331177,
2022,41,194331178,
2022,41,194331179,
2022,41,194331180,
2022,41,194331181,
2022,41,194331183,
2022,38,194331184,
2022,21,194331185,
2022,41,194331186,
2022,41,194331187,
2022,41,194331188,
2022,41,194331189,
2022,41,194331190,
2022,41,194331191,
2022,41,194331194,
2022,41,194331195,
2022,41,194331196,
2022,41,194331197,
2022,41,194331198,
2022,41,194331199,
2022,41,194331200,
2022,41,194331201,
2022,41,194331202,
2022,41,194331203,
2022,41,194331204,
2022,41,194331206,
2022,41,194331207,
2022,41,194331208,
2022,41,194331209,
2022,41,194331210,
2022,41,194331211,
2022,41,194331212,
2022,41,194331213,
2022,41,194331214,
2022,41,194331215,
2022,3,194331216,
2022,41,194331217,
2022,3,194331218,
2022,41,194331219,
2022,41,194331220,
2022,41,194331221,
2022,41,194331222,
2022,41,194756704,
2022,41,194756705,
2022,41,194756706,
2022,41,194756707,
2022,41,194756708,
2022,41,194756709,
2022,41,194756710,
2022,41,194756711,
2022,41,194756712,
2022,41,194756713,
2022,41,194756715,
2022,41,194756716,
2022,41,194756717,
2022,41,194756718,
2022,41,194756719,
2022,41,194756720,
2022,41,194756722,
2022,41,194756723,
2022,41,194756725,
2022,41,194756726,
2022,41,194756727,
2022,41,194756728,
2022,41,194756729,
2022,41,194756730,
2022,41,194756731,
2022,41,194756732,
2022,41,194756733,
2022,41,194756734,
2022,41,194756735,
2022,41,194756736,
2022,41,194756737,
2022,41,194756738,
2022,41,194756739,
2022,41,194756740,
2022,31,194756741,
2022,31,194756742,
2022,41,194756743,
2022,41,194756744,
2022,41,194756745,
2022,41,194756747,
2022,3,201866100,
2022,3,201866101,
2022,3,194756750,
2022,3,194756751,
2022,41,194756752,
2022,21,194756753,
2022,3,194756754,
2022,3,194756755,
2022,3,194756756,
2022,41,194756757,
2022,41,194756758,
2022,21,194756759,
2022,21,194756760,
2022,21,194756761,
2022,21,194756762,
2022,21,194756763,
2022,21,194756764,
2022,3,194756765,
2022,3,194756766,
2022,41,195081020,
2022,21,195081021,
2022,41,195081022,
2022,31,195081023,
2022,41,195081026,
2022,41,198422641,
2022,41,195132678,
2022,41,195132679,
2022,3,195132680,
2022,32,195132682,
2022,41,195132684,
2022,41,195132686,
2022,41,195132689,
2022,41,195132692,
2022,31,195132694,
2022,41,195132703,
2022,41,195132709,
2022,3,195132710,
2022,41,195132711,
2022,3,195132712,
2022,3,195132715,
2022,3,195132717,
2022,41,195132718,
2022,41,195132720,
2022,41,195132725,
2022,41,195132726,
2022,41,197995609,
2022,41,198422642,
2022,3,195132728,
2022,3,195132729,
2022,3,195964889,
2022,3,195964890,
2022,3,195132733,
2022,3,195132734,
2022,41,195132735,
2022,3,195132736,
2022,21,195132737,
2022,3,195132738,
2022,21,195132739,
2022,21,195132740,
2022,21,195132741,
2022,21,195132742,
2022,21,195132743,
2022,21,195132744,
2022,21,195132745,
2022,41,195132746,
2022,3,195132748,
2022,3,195132749,
2022,3,195132750,
2022,3,195132751,
2022,3,195132752,
2022,3,195132753,
2022,3,195132754,
2022,3,195132756,
2022,3,195132757,
2022,3,195132758,
2022,3,198422643,
2022,3,198422644,
2022,3,195132760,
2022,41,195132762,
2022,41,195132763,
2022,41,195132764,
2022,41,195132765,
2022,41,195132766,
2022,41,198422646,
2022,41,195132767,
2022,41,195132768,
2022,21,195132769,
2022,41,195158941,
2022,38,195158943,
2022,38,195158944,
2022,31,195158945,
2022,31,195158946,
2022,41,195158947,
2022,41,195158950,
2022,21,197962998,
2022,41,195158952,
2022,41,195158956,
2022,32,195158958,
2022,32,195158959,
2022,3,195158960,
2022,3,195158962,
2022,3,195158963,
2022,3,195158964,
2022,41,195158965,
2022,41,195158966,
2022,41,195158967,
2022,41,195158968,
2022,41,195158969,
2022,41,195158970,
2022,41,195158971,
2022,41,195158972,
2022,41,195158980,
2022,41,195158981,
2022,41,195158982,
2022,3,195158983,
2022,3,195158984,
2022,3,195158986,
2022,3,195158987,
2022,3,195158989,
2022,41,196399051,
2022,3,195279207,
2022,3,195279208,
2022,41,195279209,
2022,41,195279210,
2022,3,195279211,
2022,41,195279212,
2022,41,195279213,
2022,3,195279214,
2022,3,195279215,
2022,41,195279216,
2022,3,201866103,
2022,41,195279218,
2022,41,195279219,
2022,41,197962999,
2022,3,195279222,
2022,3,195279223,
2022,3,195279224,
2022,3,195279225,
2022,21,195279226,
2022,41,195279230,
2022,38,195279231,
2022,41,195279232,
2022,41,195279233,
2022,3,195279234,
2022,21,198312450,
2022,21,198312451,
2022,41,195279235,
2022,41,198312455,
2022,41,195279236,
2022,41,195279237,
2022,41,195279238,
2022,41,195279239,
2022,41,195279240,
2022,38,195279241,
2022,3,195279242,
2022,3,195279243,
2022,3,195279244,
2022,3,195279245,
2022,41,195279246,
2022,41,195279247,
2022,41,195279248,
2022,41,195279249,
2022,1,195279250,
2022,41,195279251,
2022,41,195279252,
2022,31,195279253,
2022,41,195279254,
2022,32,195279255,
2022,41,195279256,
2022,41,195279257,
2022,41,195279258,
2022,41,195279259,
2022,41,195279260,
2022,38,195279261,
2022,31,195279262,
2022,41,195279263,
2022,41,195279264,
2022,41,195279265,
2022,41,195279266,
2022,41,195279267,
2022,41,195279268,
2022,41,195279269,
2022,41,195279270,
2022,41,195279271,
2022,41,195279272,
2022,41,195279273,
2022,41,195279274,
2022,41,195279275,
2022,21,195279276,
2022,41,195279277,
2022,3,195279278,
2022,41,195279279,
2022,41,195279280,
2022,41,195279281,
2022,41,195279282,
2022,41,195279283,
2022,41,195452895,
2022,41,195279287,
2022,21,195343384,
2022,3,195343386,
2022,3,195343387,
2022,41,195343388,
2022,41,195343389,
2022,41,195343390,
2022,41,195343391,
2022,41,195343392,
2022,41,195343393,
2022,41,195343394,
2022,41,195343395,
2022,41,195343397,
2022,41,195343398,
2022,41,195343399,
2022,41,195343400,
2022,41,195343401,
2022,41,195343402,
2022,41,195343403,
2022,41,195343404,
2022,41,195343405,
2022,41,195343410,
2022,41,195343411,
2022,3,198312461,
2022,3,198312462,
2022,3,195343416,
2022,3,195343418,
2022,3,195343419,
2022,41,195343422,
2022,3,195343423,
2022,3,195343424,
2022,3,195343425,
2022,3,195343427,
2022,3,195343429,
2022,3,195343430,
2022,3,195343431,
2022,3,195343432,
2022,3,195343434,
2022,3,195343435,
2022,3,195343436,
2022,3,195343437,
2022,3,195343438,
2022,32,195343439,
2022,32,195343441,
2022,3,195343442,
2022,3,195343443,
2022,3,195343444,
2022,41,195343445,
2022,3,195343446,
2022,41,195343448,
2022,41,195343449,
2022,41,195343450,
2022,41,195343452,
2022,41,195417851,
2022,41,195343453,
2022,41,195350818,
2022,41,195350819,
2022,41,195350820,
2022,41,195350821,
2022,41,195350822,
2022,41,195350823,
2022,41,195350824,
2022,41,195350825,
2022,41,195350826,
2022,41,195350827,
2022,41,195350828,
2022,41,195350829,
2022,41,195352287,
2022,41,195352288,
2022,41,195352289,
2022,41,195352290,
2022,41,195424399,
2022,41,195522745,
2022,41,195522746,
2022,41,195522747,
2022,41,195522748,
2022,21,195424400,
2022,41,195424401,
2022,41,195424402,
2022,41,195424403,
2022,41,195424407,
2022,41,195452897,
2022,41,195452898,
2022,41,195452899,
2022,41,195452901,
2022,41,199853466,
2022,41,195452903,
2022,31,195452906,
2022,32,195452907,
2022,41,195452908,
2022,41,195452909,
2022,41,195522749,
2022,41,195452910,
2022,31,195522750,
2022,41,195452912,
2022,41,195522751,
2022,41,195522752,
2022,41,195452913,
2022,41,195522753,
2022,31,195452915,
2022,41,195452916,
2022,41,195522755,
2022,41,195522756,
2022,41,195522757,
2022,41,195452918,
2022,41,195452919,
2022,41,195452921,
2022,41,195522758,
2022,41,195522759,
2022,31,195522760,
2022,41,195522761,
2022,41,195522762,
2022,41,195522763,
2022,41,195452922,
2022,41,195452923,
2022,41,195452924,
2022,41,195452925,
2022,41,195452926,
2022,41,195452927,
2022,41,195452928,
2022,41,201866105,
2022,41,195452930,
2022,41,195417852,
2022,41,195452932,
2022,21,195452934,
2022,41,195417853,
2022,21,195452935,
2022,41,195522764,
2022,41,195522765,
2022,41,195424408,
2022,41,195522766,
2022,41,195522768,
2022,41,195522769,
2022,41,195522770,
2022,41,195522771,
2022,41,195424409,
2022,41,195424410,
2022,41,195522772,
2022,32,195522773,
2022,32,195522774,
2022,41,195424411,
2022,21,195522776,
2022,41,195424412,
2022,21,195522777,
2022,3,195522779,
2022,3,195522780,
2022,41,195522781,
2022,41,195522782,
2022,41,195424413,
2022,38,195522783,
2022,38,195522784,
2022,41,195522786,
2022,41,195424414,
2022,41,195522787,
2022,41,195424415,
2022,41,195424416,
2022,41,195424417,
2022,41,195424418,
2022,41,195424419,
2022,41,195452938,
2022,3,195452941,
2022,41,199853467,
2022,41,195452943,
2022,41,195452945,
2022,32,195452946,
2022,31,195452947,
2022,31,195452948,
2022,41,195452949,
2022,41,195452950,
2022,41,195452951,
2022,21,195452952,
2022,41,195522788,
2022,41,195522789,
2022,41,195522790,
2022,41,195522791,
2022,41,195522794,
2022,41,195452953,
2022,41,195522795,
2022,41,195522798,
2022,21,195522802,
2022,21,195522806,
2022,21,195522807,
2022,3,195522809,
2022,31,195522811,
2022,31,195522812,
2022,3,195522814,
2022,3,195522815,
2022,41,195522816,
2022,41,195522817,
2022,3,195522818,
2022,3,195522820,
2022,21,195764730,
2022,21,195764731,
2022,41,196176734,
2022,41,196176738,
2022,41,196176742,
2022,41,199853468,
2022,41,196176750,
2022,35,196176753,
2022,3,199853469,
2022,31,196176758,
2022,31,196176762,
2022,41,196176766,
2022,41,196176770,
2022,41,196176775,
2022,21,199853471,
2022,41,196176787,
2022,41,196176789,
2022,41,196176791,
2022,21,196176794,
2022,41,196176797,
2022,41,196176801,
2022,41,196176805,
2022,41,196176812,
2022,41,195764732,
2022,41,195764733,
2022,41,195764734,
2022,41,195764735,
2022,41,195764736,
2022,41,195764737,
2022,38,195764738,
2022,38,195764739,
2022,41,195764740,
2022,41,195764741,
2022,41,195764742,
2022,41,195764743,
2022,41,195764745,
2022,21,195764746,
2022,21,195764747,
2022,41,195764749,
2022,41,195764750,
2022,21,195764752,
2022,21,195764753,
2022,41,195764755,
2022,41,195764756,
2022,3,195764757,
2022,3,195764758,
2022,21,195764759,
2022,41,195764760,
2022,41,195764761,
2022,41,195764763,
2022,41,195764764,
2022,41,195764765,
2022,3,195764766,
2022,3,195764767,
2022,3,195764769,
2022,3,195764771,
2022,41,196176815,
2022,41,196176819,
2022,41,196176820,
2022,41,196176829,
2022,41,196176842,
2022,41,196176844,
2022,41,196176846,
2022,41,196176847,
2022,41,196176848,
2022,41,196176849,
2022,41,196176850,
2022,41,196176851,
2022,41,196176852,
2022,41,196176853,
2022,41,196176854,
2022,41,196176855,
2022,31,195964895,
2022,41,196399081,
2022,41,196399082,
2022,3,196399085,
2022,41,196399087,
2022,3,196399088,
2022,3,196399090,
2022,3,198422648,
2022,3,198422649,
2022,3,196399130,
2022,3,196399131,
2022,41,196176864,
2022,41,196176867,
2022,41,196176868,
2022,41,196176869,
2022,32,196399141,
2022,32,196399142,
2022,41,196412348,
2022,41,196412357,
2022,41,196412361,
2022,3,196784573,
2022,3,196784574,
2022,3,196784575,
2022,41,196784576,
2022,41,196784578,
2022,3,196784579,
2022,41,196784580,
2022,3,196784581,
2022,3,196784583,
2022,41,196784585,
2022,41,196784586,
2022,3,196784587,
2022,3,196784589,
2022,41,201866106,
2022,3,196784593,
2022,41,196784594,
2022,3,196784599,
2022,3,196784600,
2022,41,196784602,
2022,3,196784603,
2022,41,196784605,
2022,3,196784606,
2022,41,196784608,
2022,3,196784609,
2022,41,196784611,
2022,3,196784612,
2022,41,196784613,
2022,41,196784616,
2022,21,196784617,
2022,21,196784618,
2022,41,196784620,
2022,3,196784621,
2022,39,196784622,
2022,41,196784624,
2022,41,196784626,
2022,41,196784627,
2022,41,196784629,
2022,41,196784630,
2022,31,196784631,
2022,41,196784634,
2022,41,196784635,
2022,41,196784637,
2022,21,196784638,
2022,21,196784639,
2022,41,196784641,
2022,3,196784642,
2022,41,196784644,
2022,41,196784645,
2022,41,196784646,
2022,38,196784648,
2022,32,196784649,
2022,32,196784650,
2022,41,196784651,
2022,41,196784652,
2022,41,196784654,
2022,21,196784655,
2022,41,196784657,
2022,41,196784658,
2022,41,196784660,
2022,41,196784661,
2022,31,196784663,
2022,41,196784664,
2022,41,196784668,
2022,31,196784669,
2022,41,196784671,
2022,41,196784672,
2022,41,196784674,
2022,41,196784675,
2022,31,196784676,
2022,41,196784678,
2022,41,196784679,
2022,41,196784683,
2022,31,196784689,
2022,31,196784690,
2022,41,196784692,
2022,41,196784693,
2022,41,196784694,
2022,41,196784695,
2022,41,196784696,
2022,41,196784697,
2022,21,196784698,
2022,41,196784699,
2022,21,196784701,
2022,32,197412413,
2022,21,197177185,
2022,21,197177186,
2022,41,197177191,
2022,41,197177192,
2022,41,197177193,
2022,41,197177194,
2022,41,197177195,
2022,21,198109614,
2022,41,197177197,
2022,41,197177199,
2022,41,197177200,
2022,41,197177201,
2022,41,197177202,
2022,41,197177204,
2022,41,197177205,
2022,41,197177206,
2022,41,197177207,
2022,41,197177208,
2022,31,197177210,
2022,31,197177211,
2022,41,197177212,
2022,41,197177213,
2022,41,197177214,
2022,41,197177215,
2022,41,197177216,
2022,39,197177217,
2022,3,198422651,
2022,3,197412415,
2022,3,198422652,
2022,21,197412416,
2022,21,197412417,
2022,21,197412419,
2022,21,197412420,
2022,21,197412421,
2022,21,197412422,
2022,21,197412423,
2022,21,197412424,
2022,3,197177219,
2022,3,199853472,
2022,3,197177221,
2022,3,197177222,
2022,3,197412425,
2022,41,197177224,
2022,41,197177225,
2022,41,197177226,
2022,41,197177227,
2022,41,197177228,
2022,31,197177229,
2022,41,197177231,
2022,31,197177232,
2022,41,197177233,
2022,41,197177234,
2022,41,197177235,
2022,21,197177236,
2022,41,197177237,
2022,41,197177238,
2022,41,197177240,
2022,41,197177243,
2022,41,197177244,
2022,41,197177245,
2022,41,197177247,
2022,41,197177248,
2022,41,197177249,
2022,41,197177250,
2022,41,197177251,
2022,41,197177252,
2022,41,197177253,
2022,41,197177254,
2022,41,197177255,
2022,41,197177256,
2022,3,197177257,
2022,3,197177258,
2022,3,197549882,
2022,3,197549884,
2022,3,197456996,
2022,3,197456997,
2022,3,197412430,
2022,3,197412431,
2022,41,196992801,
2022,3,197412432,
2022,3,197412433,
2022,41,197412434,
2022,41,197412436,
2022,41,197457000,
2022,41,197457001,
2022,41,197457003,
2022,41,197457005,
2022,41,197457006,
2022,41,197457007,
2022,41,197457008,
2022,21,199853473,
2022,41,197457010,
2022,41,197457011,
2022,41,197457012,
2022,41,197457015,
2022,41,197457016,
2022,41,197457017,
2022,41,197457018,
2022,41,197457019,
2022,41,197457020,
2022,41,197457022,
2022,41,197457023,
2022,41,197457024,
2022,41,197457026,
2022,41,197457027,
2022,41,197457029,
2022,41,197457030,
2022,21,197457031,
2022,21,197457032,
2022,41,197177260,
2022,41,199853474,
2022,41,197177262,
2022,41,197177263,
2022,41,197177264,
2022,41,197177266,
2022,41,197020421,
2022,41,197020422,
2022,41,197177267,
2022,41,197020423,
2022,3,197457035,
2022,41,197020424,
2022,41,197020425,
2022,41,197020426,
2022,3,197457037,
2022,3,197457038,
2022,3,197457041,
2022,3,197457045,
2022,21,197177271,
2022,38,197177272,
2022,41,197177273,
2022,41,197177274,
2022,41,197177277,
2022,41,197177279,
2022,41,197177280,
2022,41,197177281,
2022,41,197177282,
2022,41,197177283,
2022,41,197177284,
2022,21,197177286,
2022,41,197177290,
2022,41,197177292,
2022,3,197177294,
2022,3,197177296,
2022,41,197177297,
2022,3,197177299,
2022,3,197457046,
2022,3,197412438,
2022,3,197412439,
2022,3,197412440,
2022,3,197412441,
2022,3,197412443,
2022,3,197412444,
2022,3,197412446,
2022,3,198422653,
2022,41,197177303,
2022,3,197457048,
2022,3,197457049,
2022,3,197457051,
2022,3,197457053,
2022,3,197457054,
2022,3,197457055,
2022,3,197457056,
2022,3,197457058,
2022,3,197412454,
2022,3,197412455,
2022,3,197412457,
2022,41,197412458,
2022,31,197412461,
2022,21,197457059,
2022,21,197457060,
2022,41,197457063,
2022,41,197457064,
2022,41,197457065,
2022,41,197457066,
2022,41,197457067,
2022,41,197457068,
2022,41,197457071,
2022,41,197457072,
2022,41,197457074,
2022,41,197457076,
2022,41,197457078,
2022,21,197457079,
2022,41,197457080,
2022,41,197412463,
2022,41,197412464,
2022,41,197412466,
2022,41,197457081,
2022,41,197412468,
2022,41,197457083,
2022,41,197457084,
2022,31,197457085,
2022,41,201866108,
2022,41,197412470,
2022,41,197412472,
2022,41,197457086,
2022,41,197457087,
2022,41,197457088,
2022,3,197457090,
2022,41,197457091,
2022,38,197457093,
2022,41,197457094,
2022,32,197457095,
2022,41,197457096,
2022,41,197457098,
2022,41,197457099,
2022,41,197457100,
2022,41,197457101,
2022,41,197457102,
2022,41,197457103,
2022,41,197457104,
2022,41,197457106,
2022,41,197457107,
2022,41,197457108,
2022,41,197457110,
2022,41,197457112,
2022,21,197457114,
2022,3,197457115,
2022,41,197457117,
2022,41,197457119,
2022,41,197457122,
2022,41,197457125,
2022,31,197457126,
2022,31,197457127,
2022,41,197457128,
2022,41,197457129,
2022,41,197549888,
2022,41,197549890,
2022,41,197549894,
2022,41,197549896,
2022,41,197549898,
2022,41,197549901,
2022,41,197549903,
2022,41,197549904,
2022,41,197549907,
2022,21,197549912,
2022,21,197549916,
2022,41,197549917,
2022,41,197549920,
2022,31,197549922,
2022,41,197549933,
2022,41,197549934,
2022,41,197549935,
2022,41,197549938,
2022,41,197549940,
2022,41,197549941,
2022,41,197549942,
2022,41,197549943,
2022,41,197549945,
2022,41,197549947,
2022,41,197549950,
2022,41,197549951,
2022,21,197549952,
2022,41,197549953,
2022,41,197549954,
2022,41,197549956,
2022,41,197549957,
2022,41,197549962,
2022,41,197549964,
2022,41,197549965,
2022,41,197683504,
2022,41,197683505,
2022,41,197683506,
2022,41,197775387,
2022,41,197775486,
2022,41,197775609,
2022,41,197775668,
2022,21,197775780,
2022,21,197775831,
2022,41,197775878,
2022,31,197775915,
2022,31,197775948,
2022,41,197776014,
2022,41,197776040,
2022,41,197776071,
2022,41,197776123,
2022,41,197776146,
2022,41,197776165,
2022,41,197776184,
2022,41,197776223,
2022,41,197776257,
2022,41,197776297,
2022,41,197776324,
2022,41,197776362,
2022,41,197776404,
2022,41,197776441,
2022,41,197776479,
2022,3,197776521,
2022,3,197776562,
2022,41,197776605,
2022,41,197776660,
2022,41,197776745,
2022,21,197776818,
2022,21,197776884,
2022,41,197776942,
2022,41,197777037,
2022,3,197777097,
2022,41,197777164,
2022,3,197777221,
2022,3,197777273,
2022,41,197777363,
2022,3,197777418,
2022,41,197777558,
2022,41,197777582,
2022,41,197777654,
2022,41,197777693,
2022,3,197777738,
2022,38,197777849,
2022,3,197883400,
2022,3,197883404,
2022,3,197883405,
2022,3,197883411,
2022,3,197963007,
2022,41,197963009,
2022,41,197963014,
2022,3,197963016,
2022,41,197995610,
2022,41,197963018,
2022,41,197995611,
2022,41,197995612,
2022,41,198076475,
2022,41,198109615,
2022,41,198109616,
2022,41,198109617,
2022,41,198109618,
2022,41,198109619,
2022,41,198109620,
2022,41,198109622,
2022,41,198109623,
2022,41,198109624,
2022,41,198109625,
2022,41,198109626,
2022,41,198109627,
2022,41,198109628,
2022,41,198109629,
2022,41,198109630,
2022,41,198109631,
2022,41,198109632,
2022,41,198109634,
2022,41,198109635,
2022,41,198109636,
2022,41,198312527,
2022,41,198312529,
2022,41,198337777,
2022,41,198337778,
2022,41,198373878,
2022,41,198373879,
2022,41,198373880,
2022,41,198373881,
2022,41,198373882,
2022,41,198373883,
2022,41,198419202,
2022,3,198419203,
2022,41,198422666,
2022,41,199853476,
2022,41,199175592,
2022,41,199772397,
2022,41,199772398,
2022,41,199772399,
2022,41,199772400,
2022,41,199772401,
2022,41,199772402,
2022,41,199772403,
2022,41,199772404,
2022,41,199772405,
2022,41,199772406,
2022,41,199776754,
2022,41,199776764,
2022,41,199776765,
2022,41,199776766,
2022,41,199776767,
2022,41,199776768,
2022,41,199776769,
2022,41,199853708,
2022,41,199853709,
2022,41,199949033,
2022,41,199949034,
2022,41,199949035,
2022,41,199955431,
2022,41,199955432,
2022,41,199955433,
2022,41,199955434,
2022,41,199955435,
2022,41,200609315,
2022,41,200609316,
2022,41,200609317,
2022,41,200620418,
2022,41,200620422,
2022,41,200620423,
2022,41,200620424,
2022,41,200620425,
2022,41,200620426,
2022,41,200620427,
2022,41,200620428,
2022,41,201004761,
2022,41,201004762,
2022,41,201251490,
2022,41,201251491,
2022,41,201251492,
2022,41,201590744,
2022,3,201866118,
2022,3,201866119,
2022,3,201866121,
2022,41,202651871,
2022,41,203221095,
2022,41,203229305,
2022,41,203229311,
2022,41,203229312,
2022,41,203229314,
2022,41,203229315,
2022,42,196142578,
2022,38,196142580,
2022,21,196142582,
2022,41,196142585,
2022,38,196142585,
2022,38,196142587,
2022,3,196142591,
2022,21,196142593,
2022,31,196142594,
2022,42,196142595,
2022,42,196142596,
2022,42,196142597,
2022,9,196142601,
2022,38,196142605,
2022,31,196142617,
2022,31,196142618,
2022,21,196142622,
2022,21,196142629,
2022,31,196142638,
2022,38,196142642,
2022,42,196142643,
2022,21,196142652,
2022,42,196142656,
2022,38,196142658,
2022,38,196142661,
2022,38,196142665,
2022,31,196142672,
2022,31,196142673,
2022,31,196142677,
2022,42,196142694,
2022,21,196142704,
2022,38,196142704,
2022,38,196142708,
2022,3,196142713,
2022,21,196142714,
2022,41,196142724,
2022,41,196142725,
2022,42,196142733,
2022,21,196142737,
2022,21,196142738,
2022,38,196142756,
2022,42,196142766,
2022,41,196142767,
2022,41,196142769,
2022,41,196142774,
2022,3,196142776,
2022,32,201506229,
2022,38,196142787,
2022,31,196142791,
2022,31,196142797,
2022,31,196142807,
2022,1,196142812,
2022,38,196142813,
2022,1,196142818,
2022,41,196142820,
2022,42,196142822,
2022,42,196142823,
2022,38,201506231,
2022,42,196142827,
2022,42,196142837,
2022,21,196142842,
2022,38,196142842,
2022,21,196142843,
2022,38,196142843,
2022,42,196142850,
2022,3,196142851,
2022,41,196142853,
2022,42,196142856,
2022,42,196142861,
2022,42,196142864,
2022,3,196142867,
2022,41,196142878,
2022,38,196142879,
2022,21,196142881,
2022,21,196142890,
2022,3,196142901,
2022,42,196142903,
2022,21,196142906,
2022,21,196142907,
2022,38,196142914,
2022,41,196142917,
2022,21,196142920,
2022,38,196142922,
2022,31,196142925,
2022,41,196142931,
2022,42,196142952,
2022,42,196142953,
2022,38,196142954,
2022,38,196142955,
2022,42,196142957,
2022,21,196142958,
2022,31,196142960,
2022,38,196142968,
2022,41,196142970,
2022,41,196142975,
2022,3,196142976,
2022,42,196142978,
2022,38,196142979,
2022,42,196142982,
2022,42,196142985,
2022,42,196142986,
2022,3,196142992,
2022,42,196142996,
2022,41,196142997,
2022,38,196142999,
2022,42,196143005,
2022,41,196143009,
2022,38,196143020,
2022,38,196143025,
2022,9,196143031,
2022,42,196143033,
2022,42,196143039,
2022,38,196143040,
2022,39,196143042,
2022,32,196143057,
2022,41,196143062,
2022,38,196143066,
2022,21,196143067,
2022,42,196143074,
2022,42,196143076,
2022,38,196143084,
2022,38,196143088,
2022,38,196143089,
2022,38,196143110,
2022,4,196143120,
2022,38,196143122,
2022,3,196143133,
2022,42,196143146,
2022,21,196143148,
2022,21,196143155,
2022,3,196143164,
2022,42,196143165,
2022,31,196143172,
2022,21,196143189,
2022,31,196143191,
2022,31,196143192,
2022,21,196143200,
2022,38,196143206,
2022,38,196143214,
2022,38,196143218,
2022,42,201506236,
2022,3,196143223,
2022,31,196143227,
2022,42,201506237,
2022,3,196143232,
2022,31,196143232,
2022,21,196143233,
2022,42,196143235,
2022,38,196143237,
2022,31,196143240,
2022,41,196143247,
2022,9,196143256,
2022,41,196143270,
2022,38,196143272,
2022,38,196143273,
2022,42,196143274,
2022,38,196143282,
2022,38,196143289,
2022,38,196143290,
2022,3,196143291,
2022,38,196143295,
2022,41,196143296,
2022,42,196143321,
2022,38,196143338,
2022,42,196143342,
2022,41,196143344,
2022,38,196143353,
2022,42,196143354,
2022,21,196143358,
2022,9,196143369,
2022,42,196143370,
2022,42,196143382,
2022,41,196143391,
2022,39,196143392,
2022,42,196143406,
2022,31,196143416,
2022,38,196143421,
2022,38,196143426,
2022,38,196143427,
2022,38,196143431,
2022,42,196143436,
2022,21,196143442,
2022,21,196143443,
2022,41,201506240,
2022,3,196143454,
2022,21,196143466,
2022,21,196143467,
2022,21,196143470,
2022,31,196143470,
2022,21,196143471,
2022,42,196143480,
2022,38,196143483,
2022,42,196143487,
2022,39,196143489,
2022,42,196143490,
2022,38,196143493,
2022,3,196143503,
2022,42,196143511,
2022,21,196143517,
2022,31,201506250,
2022,31,196143541,
2022,38,196143545,
2022,9,196143547,
2022,31,196143551,
2022,21,196143553,
2022,41,196143554,
2022,41,196143555,
2022,41,196143561,
2022,21,196143575,
2022,38,196143582,
2022,3,196143590,
2022,41,196143591,
2022,42,196143605,
2022,42,196143617,
2022,42,196143619,
2022,42,196143620,
2022,42,196143621,
2022,31,196143623,
2022,42,196143624,
2022,9,196143629,
2022,31,196143632,
2022,21,196143637,
2022,31,196143637,
2022,31,196143639,
2022,3,196143642,
2022,31,196143649,
2022,1,196143652,
2022,42,196143654,
2022,42,196143656,
2022,38,196143662,
2022,38,196143665,
2022,39,196143669,
2022,39,196143680,
2022,31,196143681,
2022,38,196143686,
2022,42,196143693,
2022,38,196143695,
2022,42,196143702,
2022,42,196143704,
2022,32,196143706,
2022,31,196143714,
2022,38,196143719,
2022,41,196143721,
2022,38,196143722,
2022,38,196143725,
2022,3,196143729,
2022,31,196143730,
2022,38,196143731,
2022,38,196143732,
2022,38,196143740,
2022,32,201506261,
2022,41,196143746,
2022,3,196143748,
2022,3,196143749,
2022,5,196143757,
2022,21,196143760,
2022,31,196143776,
2022,21,196143781,
2022,38,196143782,
2022,42,196143791,
2022,1,196143796,
2022,42,196143798,
2022,41,201506268,
2022,31,196143829,
2022,38,196143831,
2022,42,196143836,
2022,31,196143839,
2022,38,196143840,
2022,31,196143844,
2022,31,196143847,
2022,38,196143848,
2022,38,196143849,
2022,31,196143851,
2022,31,196143862,
2022,42,196143878,
2022,31,196143883,
2022,1,196143886,
2022,41,196143893,
2022,3,201506275,
2022,42,196143900,
2022,1,196143907,
2022,39,196143914,
2022,38,196143919,
2022,3,196143920,
2022,38,196143932,
2022,38,196143949,
2022,31,196143953,
2022,38,196143962,
2022,38,196143966,
2022,21,196143974,
2022,21,196143976,
2022,38,196143977,
2022,42,196143982,
2022,38,196143983,
2022,42,196143988,
2022,41,201506295,
2022,38,196144003,
2022,3,196144016,
2022,21,196144020,
2022,41,196144021,
2022,42,196144023,
2022,31,196144028,
2022,38,196144029,
2022,21,196144031,
2022,41,196144033,
2022,42,201506307,
2022,3,196144035,
2022,31,196144038,
2022,42,196144041,
2022,31,196144042,
2022,38,196144046,
2022,42,201506318,
2022,41,196144054,
2022,38,196144060,
2022,42,196144061,
2022,42,196144073,
2022,42,201506360,
