data_year,groupb_arrestee_id,weapon_code,weapon_id
2022,44480798,01,51
2022,44480799,01,51
2022,44480800,01,51
2022,44488116,01,51
2022,44488118,01,51
2022,44488115,01,51
2022,44488114,01,51
2022,44488117,01,51
2022,44517796,01,51
2022,44517795,01,51
2022,44518453,01,51
2022,44520628,01,51
2022,44520629,01,51
2022,44551237,01,51
2022,44551238,01,51
2022,44551239,01,51
2022,44558316,01,51
2022,44558318,01,51
2022,44558314,01,51
2022,44558315,01,51
2022,44574406,01,51
2022,44574407,01,51
2022,44600940,01,51
2022,44600941,01,51
2022,44605691,01,51
2022,44605692,01,51
2022,44645303,01,51
2022,44645625,01,51
2022,44661177,01,51
2022,44661178,01,51
2022,44661179,01,51
2022,44673163,01,51
2022,44674414,01,51
2022,44677188,01,51
2022,44677189,01,51
2022,44677190,01,51
2022,44677530,01,51
2022,44688048,01,51
2022,44824498,01,51
2022,44829061,01,51
2022,44719027,01,51
2022,44719026,01,51
2022,44719028,01,51
2022,44824497,01,51
2022,44824501,01,51
2022,44824496,01,51
2022,44824499,01,51
2022,44851710,01,51
2022,44851781,01,51
2022,44950093,01,51
2022,44950094,01,51
2022,44950095,01,51
2022,44950096,01,51
2022,44950097,01,51
2022,44961219,01,51
2022,46347768,01,51
2022,46347769,01,51
2022,44961220,01,51
2022,44961221,01,51
2022,44961222,01,51
2022,44961223,01,51
2022,44961224,01,51
2022,44961225,01,51
2022,44961804,01,51
2022,44961805,01,51
2022,44969920,01,51
2022,44970663,01,51
2022,44970664,01,51
2022,44970665,01,51
2022,44970666,01,51
2022,44977537,01,51
2022,44977538,01,51
2022,44977539,01,51
2022,44977536,01,51
2022,45032874,01,51
2022,46633872,01,51
2022,46912639,01,51
2022,46912640,01,51
2022,45034799,01,51
2022,45034800,01,51
2022,45048068,01,51
2022,45048071,01,51
2022,45048069,01,51
2022,45048070,01,51
2022,45190528,01,51
2022,47454576,01,51
2022,47454577,01,51
2022,47454578,01,51
2022,45190529,01,51
2022,45190530,01,51
2022,45266517,01,51
2022,47713224,01,51
2022,47713225,01,51
2022,47454585,01,51
2022,47454584,01,51
2022,47454586,01,51
2022,47454581,01,51
2022,47454583,01,51
2022,45269578,01,51
2022,47454580,01,51
2022,47454582,01,51
2022,47454579,01,51
2022,45269580,01,51
2022,45269581,01,51
2022,45269579,01,51
2022,47454587,01,51
2022,47454589,01,51
2022,47454588,01,51
2022,47454592,01,51
2022,47454594,01,51
2022,47454591,01,51
2022,47454590,01,51
2022,47454593,01,51
2022,47454596,01,51
2022,47454598,01,51
2022,47454599,01,51
2022,47454595,01,51
2022,47454597,01,51
2022,47454601,01,51
2022,47454600,01,51
2022,45271798,01,51
2022,45271800,01,51
2022,47893275,01,51
2022,45271799,01,51
2022,45272261,01,51
2022,47893272,01,51
2022,47893274,01,51
2022,47893273,01,51
2022,47893276,01,51
2022,47893277,01,51
2022,46520463,01,51
2022,46520465,01,51
2022,46520457,01,51
2022,46520458,01,51
2022,46520459,01,51
2022,46520460,01,51
2022,46520461,01,51
2022,46520462,01,51
2022,46520464,01,51
2022,46520466,01,51
2022,46520467,01,51
2022,45272263,01,51
2022,45272260,01,51
2022,45272262,01,51
2022,45272259,01,51
2022,45306153,01,51
2022,45306152,01,51
2022,45290629,01,51
2022,45290628,01,51
2022,45290630,01,51
2022,45310689,01,51
2022,45310684,01,51
2022,45310688,01,51
2022,45310685,01,51
2022,45310686,01,51
2022,45310687,01,51
2022,45306434,01,51
2022,45314079,01,51
2022,45312623,01,51
2022,45312624,01,51
2022,45314080,01,51
2022,46520468,01,51
2022,45298929,01,51
2022,45299734,01,51
2022,45301505,01,51
2022,45312320,01,51
2022,45304008,01,51
2022,45304007,01,51
2022,46520470,01,51
2022,45305117,01,51
2022,45320734,01,51
2022,45320736,01,51
2022,45320735,01,51
2022,45320733,01,51
2022,45330949,01,51
2022,45342844,01,51
2022,45034798,01,51
2022,45036349,01,51
2022,45036350,01,51
2022,45036348,01,51
2022,45048072,01,51
2022,45048073,01,51
2022,45056242,01,51
2022,45081655,01,51
2022,45081654,01,51
2022,45095727,01,51
2022,46520472,01,51
2022,46520469,01,51
2022,46520471,01,51
2022,46520473,01,51
2022,46520474,01,51
2022,46520475,01,51
2022,46930182,01,51
2022,46930184,01,51
2022,46930180,01,51
2022,46930181,01,51
2022,46930183,01,51
2022,46923269,01,51
2022,46923267,01,51
2022,46923270,01,51
2022,46923273,01,51
2022,46923266,01,51
2022,46923271,01,51
2022,46923272,01,51
2022,46923274,01,51
2022,46923268,01,51
2022,47077132,01,51
2022,47077133,01,51
2022,47077135,01,51
2022,47077134,01,51
2022,47077136,01,51
2022,47077139,01,51
2022,47077137,01,51
2022,47077138,01,51
2022,47948679,01,51
2022,47948681,01,51
2022,47948682,01,51
2022,47948680,01,51
2022,47633001,01,51
2022,45105208,01,51
2022,45105209,01,51
2022,45105210,01,51
2022,45105814,01,51
2022,45105815,01,51
2022,45105816,01,51
2022,47805846,01,51
2022,47805844,01,51
2022,47805845,01,51
2022,45120945,01,51
2022,45120946,01,51
2022,45347902,01,51
2022,47805847,01,51
2022,45330947,01,51
2022,45801684,01,51
2022,45330948,01,51
2022,46171846,01,51
2022,46171848,01,51
2022,47454685,01,51
2022,47454691,01,51
2022,47454688,01,51
2022,47454684,01,51
2022,47454689,01,51
2022,47454690,01,51
2022,47454692,01,51
2022,47454686,01,51
2022,47454687,01,51
2022,47454694,01,51
2022,47454693,01,51
2022,47713227,01,51
2022,47713229,01,51
2022,47713230,01,51
2022,47713228,01,51
2022,47713226,01,51
2022,45342845,01,51
2022,45342846,01,51
2022,45345473,01,51
2022,45346336,01,51
2022,45346337,01,51
2022,45526228,01,51
2022,45499115,01,51
2022,45499116,01,51
2022,45499117,01,51
2022,45499118,01,51
2022,45499119,01,51
2022,45499581,01,51
2022,45526226,01,51
2022,45516765,01,51
2022,45500529,01,51
2022,45500530,01,51
2022,45490615,01,51
2022,45490616,01,51
2022,45490621,01,51
2022,45490625,01,51
2022,45490627,01,51
2022,45490628,01,51
2022,45490631,01,51
2022,45490634,01,51
2022,45490636,01,51
2022,45490617,01,51
2022,45490619,01,51
2022,45490622,01,51
2022,45490630,01,51
2022,45490632,01,51
2022,45490614,01,51
2022,45490618,01,51
2022,45490620,01,51
2022,45490623,01,51
2022,45490624,01,51
2022,45490626,01,51
2022,45490629,01,51
2022,45490633,01,51
2022,45490635,01,51
2022,45561157,01,51
2022,45590428,01,51
2022,45628454,01,51
2022,45535120,01,51
2022,45675462,01,51
2022,45670824,01,51
2022,45561160,01,51
2022,45561164,01,51
2022,45561159,01,51
2022,45561161,01,51
2022,45561162,01,51
2022,45561167,01,51
2022,45561168,01,51
2022,45561158,01,51
2022,47454786,01,51
2022,47454781,01,51
2022,47454782,01,51
2022,47454785,01,51
2022,47454780,01,51
2022,47454783,01,51
2022,47454784,01,51
2022,47454787,01,51
2022,47454788,01,51
2022,47454789,01,51
2022,47454790,01,51
2022,47454793,01,51
2022,47454798,01,51
2022,47454792,01,51
2022,47454795,01,51
2022,47454791,01,51
2022,47454794,01,51
2022,47454796,01,51
2022,47454799,01,51
2022,47454797,01,51
2022,45561163,01,51
2022,45561165,01,51
2022,45561166,01,51
2022,45579606,01,51
2022,47799843,01,51
2022,47799844,01,51
2022,47799845,01,51
2022,47799847,01,51
2022,47799846,01,51
2022,47799849,01,51
2022,47799851,01,51
2022,47799852,01,51
2022,47799853,01,51
2022,47799848,01,51
2022,47799850,01,51
2022,47799854,01,51
2022,45579605,01,51
2022,45590429,01,51
2022,45590430,01,51
2022,45750239,01,51
2022,45754820,01,51
2022,45754821,01,51
2022,45763156,01,51
2022,45710591,01,51
2022,45716862,01,51
2022,45778715,01,51
2022,45741248,01,51
2022,45762634,01,51
2022,45762635,01,51
2022,45799639,01,51
2022,45799640,01,51
2022,45799641,01,51
2022,45764689,01,51
2022,45764693,01,51
2022,45765154,01,51
2022,45773156,01,51
2022,46349917,01,51
2022,46349916,01,51
2022,46349918,01,51
2022,46517054,01,51
2022,46517055,01,51
2022,46517056,01,51
2022,46517057,01,51
2022,46517058,01,51
2022,46517059,01,51
2022,46517060,01,51
2022,46517061,01,51
2022,46517062,01,51
2022,46517063,01,51
2022,46517064,01,51
2022,46517065,01,51
2022,46517066,01,51
2022,46517067,01,51
2022,46517068,01,51
2022,46517069,01,51
2022,46517070,01,51
2022,46517071,01,51
2022,46517072,01,51
2022,46517073,01,51
2022,46517074,01,51
2022,46517075,01,51
2022,46517076,01,51
2022,46349923,01,51
2022,46349926,01,51
2022,45773154,01,51
2022,45773155,01,51
2022,45773157,01,51
2022,45773158,01,51
2022,45773159,01,51
2022,45782546,01,51
2022,45782547,01,51
2022,45782548,01,51
2022,45847008,01,51
2022,46349924,01,51
2022,45847006,01,51
2022,45847007,01,51
2022,45932607,01,51
2022,45932606,01,51
2022,45932805,01,51
2022,45853450,01,51
2022,45967044,01,51
2022,45946144,01,51
2022,45954742,01,51
2022,45954744,01,51
2022,45954743,01,51
2022,46080219,01,51
2022,46080218,01,51
2022,46001873,01,51
2022,46001875,01,51
2022,46001874,01,51
2022,46010505,01,51
2022,46018687,01,51
2022,46040026,01,51
2022,46232958,01,51
2022,46245431,01,51
2022,46225378,01,51
2022,46225380,01,51
2022,46225379,01,51
2022,46225381,01,51
2022,46232449,01,51
2022,46232452,01,51
2022,46232450,01,51
2022,46232451,01,51
2022,47894836,01,51
2022,47894835,01,51
2022,47894837,01,51
2022,47894838,01,51
2022,47880316,01,51
2022,47880317,01,51
2022,47880320,01,51
2022,47880322,01,51
2022,47880326,01,51
2022,47880315,01,51
2022,47880318,01,51
2022,47880323,01,51
2022,47880325,01,51
2022,47880327,01,51
2022,47880319,01,51
2022,47880321,01,51
2022,47880324,01,51
2022,47889237,01,51
2022,47889238,01,51
2022,47889236,01,51
2022,47889240,01,51
2022,47889239,01,51
2022,47920506,01,51
2022,47894804,01,51
2022,46349941,01,51
2022,46349919,01,51
2022,46349920,01,51
2022,46349922,01,51
2022,46349925,01,51
2022,46349927,01,51
2022,46349929,01,51
2022,46349931,01,51
2022,46349932,01,51
2022,46349934,01,51
2022,46349935,01,51
2022,46349937,01,51
2022,46349939,01,51
2022,46349921,01,51
2022,46349930,01,51
2022,46349933,01,51
2022,46349936,01,51
2022,46349938,01,51
2022,46349942,01,51
2022,46349940,01,51
2022,46488349,01,51
2022,46488350,01,51
2022,46488351,01,51
2022,46488352,01,51
2022,46488353,01,51
2022,46488354,01,51
2022,46488355,01,51
2022,46488356,01,51
2022,46488357,01,51
2022,46488358,01,51
2022,46488359,01,51
2022,46488360,01,51
2022,46488361,01,51
2022,46488362,01,51
2022,46488363,01,51
2022,46488364,01,51
2022,47894806,01,51
2022,47894839,01,51
2022,47894840,01,51
2022,47894802,01,51
2022,47894803,01,51
2022,47894805,01,51
2022,47894841,01,51
2022,47894843,01,51
2022,47894845,01,51
2022,47894842,01,51
2022,47894844,01,51
2022,47889257,01,51
2022,47889243,01,51
2022,46641570,01,51
2022,46641579,01,51
2022,47020987,01,51
2022,47020992,01,51
2022,46641583,01,51
2022,46641569,01,51
2022,46641571,01,51
2022,46641572,01,51
2022,46641573,01,51
2022,46641575,01,51
2022,46641576,01,51
2022,46641577,01,51
2022,46641578,01,51
2022,46641580,01,51
2022,46641581,01,51
2022,46641582,01,51
2022,47020991,01,51
2022,47020993,01,51
2022,47020999,01,51
2022,47020988,01,51
2022,47020990,01,51
2022,47020994,01,51
2022,47020996,01,51
2022,47020998,01,51
2022,47889244,01,51
2022,47889253,01,51
2022,47889258,01,51
2022,47889259,01,51
2022,47889260,01,51
2022,47889245,01,51
2022,47889252,01,51
2022,47889241,01,51
2022,47889247,01,51
2022,47889248,01,51
2022,47889250,01,51
2022,47889255,01,51
2022,47889249,01,51
2022,47889251,01,51
2022,47889254,01,51
2022,47889261,01,51
2022,47889242,01,51
2022,47889246,01,51
2022,47889256,01,51
2022,47893238,01,51
2022,47893246,01,51
2022,47893252,01,51
2022,47893257,01,51
2022,47893239,01,51
2022,47893243,01,51
2022,47893249,01,51
2022,47893240,01,51
2022,47893241,01,51
2022,47893244,01,51
2022,47893245,01,51
2022,47893247,01,51
2022,47893248,01,51
2022,47918389,01,51
2022,47020989,01,51
2022,47020995,01,51
2022,47020997,01,51
2022,47021000,01,51
2022,47455036,01,51
2022,47455049,01,51
2022,47455056,01,51
2022,47455057,01,51
2022,47455038,01,51
2022,47455051,01,51
2022,47455043,01,51
2022,47455039,01,51
2022,47455041,01,51
2022,47455046,01,51
2022,47455048,01,51
2022,47455053,01,51
2022,47455045,01,51
2022,47455054,01,51
2022,47455062,01,51
2022,47455059,01,51
2022,47455064,01,51
2022,47455061,01,51
2022,47799861,01,51
2022,47799863,01,51
2022,47799864,01,51
2022,47799865,01,51
2022,47799867,01,51
2022,47799862,01,51
2022,47799866,01,51
2022,47799868,01,51
2022,47799856,01,51
2022,47799857,01,51
2022,47799859,01,51
2022,47799855,01,51
2022,47799858,01,51
2022,47799860,01,51
2022,47894807,01,51
2022,47894808,01,51
2022,47894809,01,51
2022,47894811,01,51
2022,47894814,01,51
2022,47894816,01,51
2022,47894821,01,51
2022,47894823,01,51
2022,47894810,01,51
2022,47894815,01,51
2022,47894817,01,51
2022,47894819,01,51
2022,47894822,01,51
2022,47894824,01,51
2022,47894830,01,51
2022,47894833,01,51
2022,47894812,01,51
2022,47894813,01,51
2022,47894818,01,51
2022,47894820,01,51
2022,47894825,01,51
2022,47894826,01,51
2022,47894831,01,51
2022,47894834,01,51
2022,47894827,01,51
2022,47894828,01,51
2022,47894829,01,51
2022,47894832,01,51
2022,47894846,01,51
2022,47893250,01,51
2022,47893266,01,51
2022,47893267,01,51
2022,47893269,01,51
2022,47893251,01,51
2022,47893253,01,51
2022,47893254,01,51
2022,47893258,01,51
2022,47893260,01,51
2022,47893263,01,51
2022,47893268,01,51
2022,47893255,01,51
2022,47893256,01,51
2022,47893259,01,51
2022,47893261,01,51
2022,47893262,01,51
2022,47893264,01,51
2022,47893265,01,51
2022,47893270,01,51
2022,47910323,01,51
2022,47920504,01,51
2022,47920503,01,51
2022,47779316,01,51
2022,46347524,01,51
2022,47910292,01,51
2022,47910301,01,51
2022,47910303,01,51
2022,47910305,01,51
2022,47910311,01,51
2022,47910313,01,51
2022,47910316,01,51
2022,47910295,01,51
2022,47910299,01,51
2022,47910304,01,51
2022,47910306,01,51
2022,47910308,01,51
2022,47910309,01,51
2022,47910312,01,51
2022,47910314,01,51
2022,47910317,01,51
2022,47910318,01,51
2022,47910293,01,51
2022,47910294,01,51
2022,47910296,01,51
2022,47910297,01,51
2022,47910298,01,51
2022,47910300,01,51
2022,47910302,01,51
2022,47910307,01,51
2022,47910310,01,51
2022,47910315,01,51
2022,47910319,01,51
2022,47910322,01,51
2022,47920502,01,51
2022,47910324,01,51
2022,47910325,01,51
2022,47910329,01,51
2022,47910330,01,51
2022,47910338,01,51
2022,47910340,01,51
2022,47910343,01,51
2022,47910320,01,51
2022,47910326,01,51
2022,47910327,01,51
2022,47910333,01,51
2022,47910335,01,51
2022,47910337,01,51
2022,47910339,01,51
2022,47910341,01,51
2022,47910342,01,51
2022,47910321,01,51
2022,47910328,01,51
2022,47910331,01,51
2022,47910332,01,51
2022,47910334,01,51
2022,47910336,01,51
2022,47910344,01,51
2022,47911316,01,51
2022,47911322,01,51
2022,47911315,01,51
2022,47911314,01,51
2022,47911317,01,51
2022,47911319,01,51
2022,47911318,01,51
2022,47911320,01,51
2022,47911321,01,51
2022,47639886,01,51
2022,46347525,01,51
2022,46347526,01,51
2022,46347527,01,51
2022,46347528,01,51
2022,46347529,01,51
2022,46347530,01,51
2022,47639890,01,51
2022,47639887,01,51
2022,47639889,01,51
2022,47639884,01,51
2022,47911323,01,51
2022,47911324,01,51
2022,47911325,01,51
2022,47911331,01,51
2022,47911334,01,51
2022,47911326,01,51
2022,47911328,01,51
2022,47911330,01,51
2022,47911333,01,51
2022,47911342,01,51
2022,47911327,01,51
2022,47911329,01,51
2022,47911332,01,51
2022,47911343,01,51
2022,47911345,01,51
2022,47911347,01,51
2022,47911335,01,51
2022,47911340,01,51
2022,47911336,01,51
2022,47911338,01,51
2022,47911337,01,51
2022,47911339,01,51
2022,47911341,01,51
2022,47911344,01,51
2022,47911346,01,51
2022,44907756,01,51
2022,44907757,01,51
2022,44907758,01,51
2022,44907759,01,51
2022,44917562,01,51
2022,44917563,01,51
2022,46347771,01,51
2022,44922766,01,51
2022,45293619,01,51
2022,46347772,01,51
2022,45293620,01,51
2022,44922769,01,51
2022,44922768,01,51
2022,44922765,01,51
2022,44922767,01,51
2022,44937949,01,51
2022,44937950,01,51
2022,44950098,01,51
2022,44977540,01,51
2022,45045154,01,51
2022,45045155,01,51
2022,45295940,01,51
2022,46355752,01,51
2022,46347770,16,52
2022,46347773,01,51
2022,46347774,01,51
2022,46347775,01,51
2022,46347776,01,51
2022,45330950,01,51
2022,45332092,01,51
2022,45332094,01,51
2022,45345474,01,51
2022,45346339,01,51
2022,45346340,01,51
2022,45346341,01,51
2022,45490583,01,51
2022,45490585,01,51
2022,45490582,01,51
2022,45490586,01,51
2022,45490587,01,51
2022,45490584,01,51
2022,45695389,01,51
2022,45695388,01,51
2022,45048075,01,51
2022,45096894,01,51
2022,45490588,01,51
2022,45490589,01,51
2022,45490591,01,51
2022,45490590,01,51
2022,45490592,01,51
2022,45490593,01,51
2022,45561155,01,51
2022,45561156,01,51
2022,45574089,01,51
2022,45574088,01,51
2022,45574090,01,51
2022,45632535,01,51
2022,45639695,01,51
2022,45695390,01,51
2022,45710592,01,51
2022,45714027,01,51
2022,46347781,01,51
2022,45715897,01,51
2022,45771408,01,51
2022,45771409,01,51
2022,45773152,01,51
2022,45773153,01,51
2022,47143742,01,51
2022,47454384,01,51
2022,47454385,01,51
2022,47454386,01,51
2022,47132686,01,51
2022,47454387,01,51
2022,47454388,01,51
2022,47454389,01,51
2022,47454390,01,51
2022,47454391,01,51
2022,47454392,01,51
2022,47158304,01,51
2022,46347784,01,51
2022,46347777,01,51
2022,46347778,01,51
2022,46347779,01,51
2022,46347780,01,51
2022,46347782,01,51
2022,46347783,01,51
2022,46347785,01,51
2022,46347786,01,51
2022,46347787,01,51
2022,47454393,01,51
2022,47454394,01,51
2022,47454395,01,51
2022,47454396,01,51
2022,47454397,01,51
2022,47454398,01,51
2022,47454399,01,51
2022,47454400,01,51
2022,47454401,01,51
2022,48334337,01,51
2022,48334336,01,51
2022,47454402,01,51
2022,47454403,01,51
2022,47714815,01,51
2022,47454404,01,51
2022,47454405,01,51
2022,47575236,01,51
2022,47585766,01,51
2022,47585932,01,51
2022,47633570,01,51
2022,47633571,01,51
2022,45273110,01,51
2022,46347790,01,51
2022,46347788,01,51
2022,46347789,01,51
2022,46347796,01,51
2022,45313872,01,51
2022,45332692,01,51
2022,45675985,01,51
2022,44484470,01,51
2022,44551240,01,51
2022,44551241,01,51
2022,44642782,01,51
2022,44645627,01,51
2022,46347798,01,51
2022,46347791,01,51
2022,46347792,01,51
2022,46347793,01,51
2022,46347794,01,51
2022,46347795,01,51
2022,46347797,01,51
2022,44646686,01,51
2022,44646687,01,51
2022,46347799,01,51
2022,44675169,01,51
2022,46347801,01,51
2022,44688666,01,51
2022,45965747,01,51
2022,44830298,01,51
2022,44841478,01,51
2022,44975156,01,51
2022,45028353,01,51
2022,45079479,01,51
2022,46347804,01,51
2022,46347800,01,51
2022,46347802,01,51
2022,46347803,01,51
2022,46347805,01,51
2022,46347806,01,51
2022,46349943,01,51
2022,46269485,01,51
2022,47454427,01,51
2022,45776631,01,51
2022,44725196,01,51
2022,44830299,01,51
2022,44914317,01,51
2022,44937756,01,51
2022,44937757,01,51
2022,44962362,01,51
2022,44962361,01,51
2022,44975157,01,51
2022,44975159,01,51
2022,45010247,01,51
2022,45010248,01,51
2022,45010249,01,51
2022,45213576,01,51
2022,45271683,01,51
2022,45293590,01,51
2022,45308837,01,51
2022,45308838,01,51
2022,45309970,01,51
2022,45315611,01,51
2022,45325774,01,51
2022,45490606,01,51
2022,45490607,01,51
2022,45490608,01,51
2022,45028354,01,51
2022,45105215,01,51
2022,45111520,01,51
2022,46229987,01,51
2022,46311242,01,51
2022,46355745,01,51
2022,46355753,01,51
2022,46355754,01,51
2022,46355755,01,51
2022,46355756,01,51
2022,46355757,01,51
2022,45325775,01,51
2022,46355758,01,51
2022,46355759,01,51
2022,46355760,01,51
2022,45325776,01,51
2022,45345054,01,51
2022,45345053,01,51
2022,45490611,01,51
2022,45490609,01,51
2022,45490610,01,51
2022,45490612,01,51
2022,45493010,01,51
2022,45530669,01,51
2022,46473363,01,51
2022,49003428,01,51
2022,46636793,01,51
2022,46636794,01,51
2022,46636795,01,51
2022,46636796,01,51
2022,46636798,01,51
2022,46636800,01,51
2022,46636797,01,51
2022,46636799,01,51
2022,46636801,01,51
2022,46866464,01,51
2022,46866465,01,51
2022,46866467,01,51
2022,45516082,01,51
2022,45667391,01,51
2022,45672172,01,51
2022,45580310,01,51
2022,45580311,01,51
2022,45580312,01,51
2022,45676595,01,51
2022,45701984,01,51
2022,45703630,01,51
2022,46866466,01,51
2022,46866468,01,51
2022,46866469,01,51
2022,45769769,01,51
2022,45769770,01,51
2022,45769771,01,51
2022,45716779,01,51
2022,45716780,01,51
2022,45777746,01,51
2022,46866470,01,51
2022,46866471,01,51
2022,46866472,01,51
2022,46866474,01,51
2022,46866473,01,51
2022,45818512,01,51
2022,45846132,01,51
2022,45933135,01,51
2022,45933136,01,51
2022,46232959,01,51
2022,46173542,01,51
2022,46276935,01,51
2022,47118148,01,51
2022,47766708,01,51
2022,47766711,01,51
2022,47766712,01,51
2022,47766710,01,51
2022,47766709,01,51
2022,47766713,01,51
2022,47454428,01,51
2022,47950113,01,51
2022,46861469,01,51
2022,45763661,01,51
2022,45772099,01,51
2022,45772100,01,51
2022,45984024,01,51
2022,45984025,01,51
2022,45984026,01,51
2022,45846134,01,51
2022,45846133,01,51
2022,45846135,01,51
2022,45932237,01,51
2022,45933137,01,51
2022,45849109,01,51
2022,45867410,01,51
2022,45996238,01,51
2022,46007197,01,51
2022,46086711,01,51
2022,46033004,01,51
2022,46033260,01,51
2022,46173543,01,51
2022,46277392,01,51
2022,47766715,01,51
2022,47766714,01,51
2022,47454429,01,51
2022,47455215,01,51
2022,48283575,01,51
2022,47455217,01,51
2022,47455218,01,51
2022,47455220,01,51
2022,47455216,01,51
2022,47455219,01,51
2022,47455221,01,51
2022,47713236,01,51
2022,47713232,01,51
2022,47713235,01,51
2022,47713231,01,51
2022,47713233,01,51
2022,47713234,01,51
2022,47713237,01,51
2022,47713239,01,51
2022,47713241,01,51
2022,47713238,01,51
2022,47713240,01,51
2022,47713243,01,51
2022,47713242,01,51
2022,48778448,01,51
2022,48778447,01,51
2022,49003429,01,51
2022,46843167,01,51
2022,46214013,01,51
2022,46233601,01,51
2022,46233602,01,51
2022,46246150,01,51
2022,46274132,01,51
2022,46277393,01,51
2022,46282162,01,51
2022,46282163,01,51
2022,46311243,01,51
2022,46311244,01,51
2022,46311245,01,51
2022,46348531,01,51
2022,46353697,01,51
2022,46353698,01,51
2022,46392770,01,51
2022,46396570,01,51
2022,46472628,01,51
2022,46521824,01,51
2022,46537455,01,51
2022,46720374,01,51
2022,46735572,01,51
2022,47454430,01,51
2022,47454432,01,51
2022,47667443,01,51
2022,47667444,01,51
2022,46858663,01,51
2022,46875748,01,51
2022,46864643,01,51
2022,46864644,01,51
2022,46367335,01,51
2022,46367336,01,51
2022,46367337,01,51
2022,46379287,01,51
2022,46396571,01,51
2022,46396574,01,51
2022,46396573,01,51
2022,46473364,01,51
2022,46521825,01,51
2022,46537456,01,51
2022,46537457,01,51
2022,46569779,01,51
2022,46578191,01,51
2022,46581798,01,51
2022,45310701,01,51
2022,45310703,01,51
2022,45310704,01,51
2022,45310700,01,51
2022,45310702,01,51
2022,45312632,01,51
2022,45312635,01,51
2022,45312634,01,51
2022,45312631,01,51
2022,45312633,01,51
2022,46603241,01,51
2022,46617089,01,51
2022,46617370,01,51
2022,46649428,01,51
2022,46696120,01,51
2022,46698081,01,51
2022,46720376,01,51
2022,46720377,01,51
2022,46752741,01,51
2022,47766719,01,51
2022,47766720,01,51
2022,47766716,01,51
2022,47766718,01,51
2022,47766717,01,51
2022,45490985,01,51
2022,45490992,01,51
2022,45490993,01,51
2022,45490989,01,51
2022,45490991,01,51
2022,45490983,01,51
2022,45490987,01,51
2022,45490984,01,51
2022,45490986,01,51
2022,45490988,01,51
2022,47455285,01,51
2022,45639704,01,51
2022,45639702,01,51
2022,45639703,01,51
2022,45639705,01,51
2022,45848054,01,51
2022,45848063,01,51
2022,45848067,01,51
2022,45848057,01,51
2022,45848061,01,51
2022,45848065,01,51
2022,45848069,01,51
2022,45848052,01,51
2022,45848056,01,51
2022,45848059,01,51
2022,46156931,01,51
2022,46156924,01,51
2022,46156933,01,51
2022,46156936,01,51
2022,46156925,01,51
2022,46156926,01,51
2022,46156928,01,51
2022,46156932,01,51
2022,46156934,01,51
2022,46156927,01,51
2022,46156929,01,51
2022,46156930,01,51
2022,46156935,01,51
2022,47455288,01,51
2022,47455289,01,51
2022,47455290,01,51
2022,47455292,01,51
2022,47455294,01,51
2022,47455295,01,51
2022,47455296,01,51
2022,47455298,01,51
2022,47455291,01,51
2022,47455286,01,51
2022,47455287,01,51
2022,47455293,01,51
2022,47455297,01,51
2022,47454431,01,51
2022,47454433,01,51
2022,47454434,01,51
2022,47454435,01,51
2022,47454436,01,51
2022,46772281,01,51
2022,46647712,01,51
2022,46772282,01,51
2022,46772283,01,51
2022,46772284,01,51
2022,46836010,01,51
2022,46843169,01,51
2022,46843168,01,51
2022,46647716,01,51
2022,46647704,01,51
2022,46647705,01,51
2022,46647706,01,51
2022,46851501,01,51
2022,46647707,01,51
2022,46647708,01,51
2022,46647713,01,51
2022,46647714,01,51
2022,46647715,01,51
2022,46647717,01,51
2022,46859285,01,51
2022,46859288,01,51
2022,46859286,01,51
2022,46859287,01,51
2022,46860396,01,51
2022,46876960,01,51
2022,46930442,01,51
2022,46629110,01,51
2022,46632347,01,51
2022,46632345,01,51
2022,46642239,01,51
2022,46702473,01,51
2022,46859289,01,51
2022,46859291,01,51
2022,46724239,01,51
2022,46724240,01,51
2022,46752742,01,51
2022,46752743,01,51
2022,46752744,01,51
2022,47766721,01,51
2022,47766722,01,51
2022,47766723,01,51
2022,47454437,01,51
2022,49003430,01,51
2022,46859290,01,51
2022,47455299,01,51
2022,46867172,01,51
2022,46867173,01,51
2022,47455303,01,51
2022,46875749,01,51
2022,46894933,01,51
2022,46930443,01,51
2022,47000091,01,51
2022,47018935,01,51
2022,47455307,01,51
2022,47455302,01,51
2022,47455309,01,51
2022,47455310,01,51
2022,47455300,01,51
2022,47455284,01,51
2022,47455301,01,51
2022,47455308,01,51
2022,47455311,01,51
2022,47455304,01,51
2022,47455305,01,51
2022,47455306,01,51
2022,47455312,01,51
2022,47455315,01,51
2022,47455316,01,51
2022,47455318,01,51
2022,47455319,01,51
2022,47455313,01,51
2022,47455314,01,51
2022,47455317,01,51
2022,47835078,01,51
2022,47835079,01,51
2022,47835082,01,51
2022,47835081,01,51
2022,47835077,01,51
2022,47835080,01,51
2022,47835086,01,51
2022,47835083,01,51
2022,47835085,01,51
2022,47835087,01,51
2022,47835084,01,51
2022,47020972,01,51
2022,47114282,01,51
2022,47028864,01,51
2022,47088442,01,51
2022,47090294,01,51
2022,47766724,01,51
2022,47766725,01,51
2022,47766726,01,51
2022,47766727,01,51
2022,47454438,01,51
2022,47454439,01,51
2022,47454440,01,51
2022,47454441,01,51
2022,47454443,01,51
2022,47454444,01,51
2022,47454445,01,51
2022,47454446,01,51
2022,47454447,01,51
2022,47454448,01,51
2022,47454449,01,51
2022,47454450,01,51
2022,47454451,01,51
2022,47454452,01,51
2022,49003431,01,51
2022,47158305,01,51
2022,45492950,01,51
2022,45543303,01,51
2022,45543302,01,51
2022,45543304,01,51
2022,45776701,01,51
2022,46083814,01,51
2022,46355763,01,51
2022,46355764,01,51
2022,46355765,01,51
2022,46355766,01,51
2022,46355767,01,51
2022,46624644,01,51
2022,46624645,01,51
2022,46624646,01,51
2022,46624647,01,51
2022,46624648,01,51
2022,46624649,01,51
2022,46624650,01,51
2022,46624652,01,51
2022,46624653,01,51
2022,46869045,01,51
2022,46869047,01,51
2022,46869051,01,51
2022,46869044,01,51
2022,47178004,01,51
2022,47178003,01,51
2022,47454454,01,51
2022,46869046,01,51
2022,47454455,01,51
2022,47454460,01,51
2022,47454456,01,51
2022,47454458,01,51
2022,47454459,01,51
2022,47454457,01,51
2022,47454461,01,51
2022,47454466,01,51
2022,47454468,01,51
2022,47454469,01,51
2022,47454473,01,51
2022,47454479,01,51
2022,47454489,01,51
2022,47454462,01,51
2022,47454463,01,51
2022,47454465,01,51
2022,47454470,01,51
2022,47454471,01,51
2022,47454472,01,51
2022,47454474,01,51
2022,47454480,01,51
2022,47454482,01,51
2022,47454483,01,51
2022,47454464,01,51
2022,47454467,01,51
2022,47454477,01,51
2022,47454481,01,51
2022,49003432,01,51
2022,46869048,01,51
2022,46869049,01,51
2022,49003433,01,51
2022,49003434,01,51
2022,49003435,01,51
2022,49003436,01,51
2022,47766729,01,51
2022,47766728,01,51
2022,47454485,01,51
2022,47454492,01,51
2022,47454487,01,51
2022,47454491,01,51
2022,47457312,01,51
2022,47804275,01,51
2022,47507964,01,51
2022,47507967,01,51
2022,47510228,01,51
2022,46869050,01,51
2022,47629945,01,51
2022,47629946,01,51
2022,47629947,01,51
2022,47629948,01,51
2022,47629949,01,51
2022,47629950,01,51
2022,48240227,01,51
2022,48240228,01,51
2022,48240229,01,51
2022,48240230,01,51
2022,48240232,01,51
2022,48240233,01,51
2022,48240234,01,51
2022,48240235,01,51
2022,48240236,01,51
2022,48240237,01,51
2022,48240238,01,51
2022,48257811,01,51
2022,48257812,01,51
2022,48257813,01,51
2022,49003437,01,51
2022,49003438,01,51
2022,49003439,01,51
2022,49003440,01,51
2022,49003441,01,51
2022,49003442,01,51
2022,49003443,01,51
2022,47667459,01,51
2022,46869052,01,51
2022,46869053,01,51
2022,47216285,01,51
2022,47678255,01,51
2022,47216286,01,51
2022,47216287,01,51
2022,47678254,01,51
2022,47216282,01,51
2022,47874210,01,51
2022,47216284,01,51
2022,47216283,01,51
2022,47880332,01,51
2022,47457107,01,51
2022,47457106,01,51
2022,47880333,01,51
2022,47457110,01,51
2022,47889266,01,51
2022,47457108,01,51
2022,47457109,01,51
2022,47894847,01,51
2022,47713247,01,51
2022,47889267,01,51
2022,47713251,01,51
2022,47910348,01,51
2022,47713248,01,51
2022,47713249,01,51
2022,47713250,01,51
2022,48075604,01,51
2022,47942473,01,51
2022,47978200,01,51
2022,48062514,01,51
2022,48085703,01,51
2022,48062515,01,51
2022,48062517,01,51
2022,48062516,01,51
2022,48062518,01,51
2022,48071164,01,51
2022,48062519,01,51
2022,48090998,01,51
2022,48148362,01,51
2022,48170909,01,51
2022,48170908,01,51
2022,48180381,01,51
2022,48180380,01,51
2022,48180382,01,51
2022,47455913,01,51
2022,47455914,01,51
2022,45026916,01,51
2022,47455915,01,51
2022,46001879,01,51
2022,47578442,01,51
2022,47578441,01,51
2022,47578443,01,51
2022,45026918,01,51
2022,45026917,01,51
2022,45306436,01,51
2022,45298930,01,51
2022,47455222,01,51
2022,45490941,01,51
2022,45490944,01,51
2022,45490942,01,51
2022,45490943,01,51
2022,45535122,01,51
2022,45590436,01,51
2022,45590437,01,51
2022,45714490,01,51
2022,47455223,01,51
2022,47455224,01,51
2022,45801685,01,51
2022,45947239,01,51
2022,45947240,01,51
2022,45980715,01,51
2022,46001880,01,51
2022,46094961,01,51
2022,47455225,01,51
2022,46232960,01,51
2022,46281093,01,51
2022,46332564,01,51
2022,46430036,01,51
2022,47455226,01,51
2022,46765363,01,51
2022,47455917,01,51
2022,47455919,01,51
2022,47455916,01,51
2022,47455920,01,51
2022,46528976,01,51
2022,46611972,01,51
2022,47835075,01,51
2022,46765364,01,51
2022,47455918,01,51
2022,48137341,01,51
2022,48137342,01,51
2022,48137343,01,51
2022,48137344,01,51
2022,48137345,01,51
2022,46331004,01,51
2022,46331005,01,51
2022,46331006,01,51
2022,46723737,01,51
2022,46842686,01,51
2022,46842684,01,51
2022,46842685,01,51
2022,46765365,01,51
2022,47456000,01,51
2022,46765366,01,51
2022,47456001,01,51
2022,47456003,01,51
2022,47456005,01,51
2022,47456002,01,51
2022,47456004,01,51
2022,47456006,01,51
2022,46812919,01,51
2022,46859282,01,51
2022,46619708,01,51
2022,46648365,01,51
2022,47455227,01,51
2022,47713221,01,51
2022,47713222,01,51
2022,46923265,01,51
2022,46999230,01,51
2022,47456007,01,51
2022,47456008,01,51
2022,47456009,01,51
2022,47077131,01,51
2022,47455228,01,51
2022,47713223,01,51
2022,47455229,01,51
2022,47583953,01,51
2022,47583954,01,51
2022,47593400,01,51
2022,47630288,01,51
2022,44497894,01,51
2022,44518741,01,51
2022,44644493,01,51
2022,45965748,01,51
2022,44700457,01,51
2022,44830300,01,51
2022,44851059,01,51
2022,45268849,01,51
2022,45273111,01,51
2022,45561535,01,51
2022,45561536,01,51
2022,45592059,01,51
2022,45789116,01,51
2022,44754531,01,51
2022,44857472,01,51
2022,45028355,01,51
2022,45036075,01,51
2022,45102532,01,51
2022,45164831,01,51
2022,45311489,01,51
2022,45311486,01,51
2022,45311487,01,51
2022,45345056,01,51
2022,45345055,01,51
2022,45804697,01,51
2022,45490945,01,51
2022,45628793,01,51
2022,45542508,01,51
2022,45580314,01,51
2022,45667202,01,51
2022,45542509,01,51
2022,45667203,01,51
2022,45667204,01,51
2022,45709489,01,51
2022,45715274,01,51
2022,45772102,01,51
2022,45984027,01,51
2022,45932239,17,53
2022,46697167,01,51
2022,46697168,01,51
2022,48150900,01,51
2022,45789117,01,51
2022,45777747,01,51
2022,45981193,01,51
2022,45981194,01,51
2022,45849112,01,51
2022,45849111,01,51
2022,48905949,01,51
2022,46007198,01,51
2022,48905950,01,51
2022,46033261,01,51
2022,46044560,01,51
2022,46160152,01,51
2022,48905952,01,51
2022,48905951,01,51
2022,45040762,01,51
2022,45040763,01,51
2022,45040764,01,51
2022,45040765,01,51
2022,45040766,01,51
2022,45040767,01,51
2022,45271503,01,51
2022,45499605,01,51
2022,45499606,01,51
2022,45499603,01,51
2022,45499604,01,51
2022,45628477,01,51
2022,48676395,01,51
2022,46160148,01,51
2022,47118150,01,51
2022,46100131,01,51
2022,46230440,01,51
2022,46282164,01,51
2022,46330998,01,51
2022,46348532,01,51
2022,46367338,01,51
2022,46379288,01,51
2022,46379289,01,51
2022,47088445,01,51
2022,46473365,01,51
2022,46521826,01,51
2022,46537458,01,51
2022,48403354,01,51
2022,48676394,01,51
2022,48676396,01,51
2022,45799654,01,51
2022,45799648,01,51
2022,45799649,01,51
2022,45799652,01,51
2022,45799653,01,51
2022,45799650,01,51
2022,45799651,01,51
2022,46129325,01,51
2022,46129326,01,51
2022,46129327,01,51
2022,46129324,01,51
2022,46355769,01,51
2022,46355770,01,51
2022,46355771,01,51
2022,46355772,01,51
2022,46355773,01,51
2022,46893150,17,53
2022,46630840,01,51
2022,46630841,01,51
2022,46630842,01,51
2022,46893152,01,51
2022,46893153,01,51
2022,46893148,01,51
2022,46893149,01,51
2022,46893151,01,51
2022,47456016,01,51
2022,47456019,01,51
2022,47456021,01,51
2022,47456022,01,51
2022,47456023,01,51
2022,47456024,01,51
2022,46967758,01,51
2022,46379291,01,51
2022,46518302,01,51
2022,46518303,01,51
2022,46521827,01,51
2022,46532965,01,51
2022,46548621,01,51
2022,47455231,01,51
2022,47456014,01,51
2022,47456015,01,51
2022,47456017,01,51
2022,47456020,01,51
2022,47456025,01,51
2022,47456028,01,51
2022,47456027,01,51
2022,47456029,01,51
2022,47456018,01,51
2022,47456026,01,51
2022,47713258,01,51
2022,47713259,01,51
2022,47713253,01,51
2022,47713255,01,51
2022,47713254,01,51
2022,47713256,01,51
2022,44969922,01,51
2022,44969923,01,51
2022,44969924,01,51
2022,44969925,01,51
2022,45320740,01,51
2022,45320741,01,51
2022,45320742,01,51
2022,45320743,01,51
2022,45320739,01,51
2022,45320744,01,51
2022,48788237,01,51
2022,45491475,01,51
2022,45763167,01,51
2022,45763168,01,51
2022,46867174,01,51
2022,46872231,01,51
2022,46872232,01,51
2022,46836012,01,51
2022,46842773,01,51
2022,46876963,01,51
2022,46921571,01,51
2022,46919477,01,51
2022,46284422,01,51
2022,46015321,01,51
2022,46015322,01,51
2022,46015323,01,51
2022,46015324,01,51
2022,46284423,01,51
2022,46284424,01,51
2022,46284425,01,51
2022,46284427,01,51
2022,46284428,01,51
2022,46330106,01,51
2022,46330107,01,51
2022,46330108,01,51
2022,46398419,01,51
2022,46398420,01,51
2022,46398421,01,51
2022,46734414,01,51
2022,46734413,01,51
2022,46734415,01,51
2022,47017666,01,51
2022,46640367,01,51
2022,46702475,01,51
2022,46752746,01,51
2022,46752745,01,51
2022,46752747,01,51
2022,47953043,01,51
2022,47000093,01,51
2022,47028508,01,51
2022,47028866,01,51
2022,47219252,01,51
2022,47017665,01,51
2022,47044770,01,51
2022,47077140,01,51
2022,47456030,01,51
2022,47456032,01,51
2022,47456034,01,51
2022,47456031,01,51
2022,47456033,01,51
2022,47456035,01,51
2022,47158306,01,51
2022,47583621,01,51
2022,47583622,01,51
2022,47583623,01,51
2022,47583624,01,51
2022,47630309,01,51
2022,47713260,01,51
2022,47713261,01,51
2022,47713262,01,51
2022,47910356,01,51
2022,47910360,01,51
2022,47910355,01,51
2022,47910359,01,51
2022,47910361,01,51
2022,47910357,01,51
2022,47910358,01,51
2022,47835093,01,51
2022,47763815,01,51
2022,47455232,01,51
2022,47455234,01,51
2022,47455235,01,51
2022,47455233,01,51
2022,47178011,01,51
2022,47192624,01,51
2022,48342579,01,51
2022,45491584,01,51
2022,45491583,01,51
2022,45947242,01,51
2022,46171853,01,51
2022,46171854,01,51
2022,46349949,01,51
2022,46349948,01,51
2022,46349947,01,51
2022,46631607,01,51
2022,46631608,01,51
2022,46894046,01,51
2022,47157304,01,51
2022,47157305,01,51
2022,47455238,01,51
2022,47157306,01,51
2022,47455240,01,51
2022,47456173,01,51
2022,47455244,01,51
2022,47456175,01,51
2022,47455247,01,51
2022,47455237,01,51
2022,47455241,01,51
2022,47455243,01,51
2022,47455245,01,51
2022,47455236,01,51
2022,47455242,01,51
2022,47455248,01,51
2022,47457314,01,51
2022,47641828,01,51
2022,47680028,01,51
2022,48585003,01,51
2022,48589981,01,51
2022,47456174,01,51
2022,47766081,01,51
2022,47766082,01,51
2022,48902863,01,51
2022,47803062,01,51
2022,47455251,01,51
2022,47808120,01,51
2022,47509518,01,51
2022,47582749,01,51
2022,47583172,01,51
2022,47585934,01,51
2022,48782733,01,51
2022,48782734,01,51
2022,47604939,01,51
2022,47604940,01,51
2022,47604941,01,51
2022,47878009,01,51
2022,47641829,01,51
2022,47930057,01,51
2022,47948677,01,51
2022,47680029,01,51
2022,47680031,01,51
2022,48078565,01,51
2022,48078566,01,51
2022,48917220,01,51
2022,48782731,01,51
2022,48782732,01,51
2022,48782736,01,51
2022,48782735,01,51
2022,47978218,01,51
2022,47978217,01,51
2022,47978219,01,51
2022,47985940,01,51
2022,47985934,01,51
2022,47985935,01,51
2022,47985936,01,51
2022,47985937,01,51
2022,47985938,01,51
2022,47985941,01,51
2022,47985942,01,51
2022,47985943,01,51
2022,48996657,01,51
2022,44497895,01,51
2022,44518745,01,51
2022,47985944,01,51
2022,44582476,01,51
2022,44582477,01,51
2022,44646692,01,51
2022,44646693,01,51
2022,44646694,01,51
2022,44677731,01,51
2022,44769815,01,51
2022,44803451,01,51
2022,44830303,01,51
2022,44830305,01,51
2022,44846633,01,51
2022,44857475,01,51
2022,44857476,01,51
2022,44875548,01,51
2022,44914319,01,51
2022,46013970,01,51
2022,45010250,01,51
2022,45043034,01,51
2022,48035430,01,51
2022,48035425,01,51
2022,48231784,01,51
2022,48231785,01,51
2022,48231786,01,51
2022,48231787,01,51
2022,48231788,01,51
2022,48231789,01,51
2022,48231790,01,51
2022,48231791,01,51
2022,48231792,01,51
2022,48231793,01,51
2022,48356772,01,51
2022,48356773,01,51
2022,48356774,01,51
2022,48356775,01,51
2022,48356776,01,51
2022,48356777,01,51
2022,46270030,01,51
2022,49003637,01,51
2022,48391591,01,51
2022,48391592,01,51
2022,48391593,01,51
2022,48391594,01,51
2022,45268853,01,51
2022,45308653,01,51
2022,45332693,01,51
2022,44841480,01,51
2022,44857480,01,51
2022,44937758,01,51
2022,44938358,01,51
2022,44950789,01,51
2022,44962363,01,51
2022,44979325,01,51
2022,44981283,01,51
2022,44981285,01,51
2022,44981531,01,51
2022,45010251,01,51
2022,45010255,01,51
2022,45092877,01,51
2022,45092878,01,51
2022,45092879,01,51
2022,48585219,01,51
2022,48585218,01,51
2022,45213579,01,51
2022,48391595,01,51
2022,48391596,01,51
2022,48391597,01,51
2022,45271687,01,51
2022,45271686,01,51
2022,45273112,01,51
2022,45541810,01,51
2022,45541809,01,51
2022,45541811,01,51
2022,45510044,01,51
2022,45510045,01,51
2022,45510043,01,51
2022,45736748,01,51
2022,45736754,01,51
2022,45736759,01,51
2022,45736749,01,51
2022,45736751,01,51
2022,45736753,01,51
2022,45736755,01,51
2022,45736757,01,51
2022,45736750,01,51
2022,45736752,01,51
2022,45736756,01,51
2022,45736758,01,51
2022,45736761,01,51
2022,45736762,01,51
2022,45736760,01,51
2022,45736763,01,51
2022,45947244,01,51
2022,45947245,01,51
2022,45947243,01,51
2022,46349956,01,51
2022,46349953,01,51
2022,46349952,01,51
2022,46349954,01,51
2022,46349955,01,51
2022,46863728,01,51
2022,46863730,01,51
2022,46863729,01,51
2022,46863727,01,51
2022,47087929,01,51
2022,47087935,01,51
2022,47087937,01,51
2022,47087930,01,51
2022,47087932,01,51
2022,47087936,01,51
2022,47087931,01,51
2022,47087933,01,51
2022,47087934,01,51
2022,47087938,01,51
2022,45296823,01,51
2022,45311492,01,51
2022,45308840,01,51
2022,45309972,01,51
2022,47456202,01,51
2022,47456204,01,51
2022,47456203,01,51
2022,47456200,01,51
2022,47456201,01,51
2022,47578785,01,51
2022,47578786,01,51
2022,47578787,01,51
2022,47578788,01,51
2022,47578789,01,51
2022,47578790,01,51
2022,47578791,01,51
2022,47578792,01,51
2022,47578793,01,51
2022,47911380,01,51
2022,47911379,01,51
2022,45309973,01,51
2022,45309974,01,51
2022,45303877,01,51
2022,45303878,01,51
2022,45347345,01,51
2022,45347346,01,51
2022,45315612,01,51
2022,45321651,01,51
2022,45491062,01,51
2022,45491063,01,51
2022,45491060,01,51
2022,45628794,01,51
2022,45058413,01,51
2022,46431161,01,51
2022,45499999,01,51
2022,45513822,01,51
2022,45491064,01,51
2022,45491066,01,51
2022,45491070,01,51
2022,45493012,01,51
2022,45535868,01,51
2022,48563641,01,51
2022,48563642,01,51
2022,45540303,01,51
2022,45566185,01,51
2022,45676596,01,51
2022,45676598,01,51
2022,45701986,01,51
2022,45701987,01,51
2022,45701985,01,51
2022,45766755,01,51
2022,46013972,01,51
2022,48585220,01,51
2022,48585222,01,51
2022,48585221,01,51
2022,45542511,01,51
2022,45592062,01,51
2022,45592063,01,51
2022,45665112,01,51
2022,45701989,01,51
2022,45701988,01,51
2022,45766756,01,51
2022,45712211,01,51
2022,45769702,01,51
2022,45772103,01,51
2022,45772109,01,51
2022,45737068,01,51
2022,45737679,01,51
2022,45747346,01,51
2022,45846140,01,51
2022,45846139,01,51
2022,45867411,01,51
2022,46013974,01,51
2022,46013975,01,51
2022,46013973,01,51
2022,46013977,01,51
2022,45789118,01,51
2022,45846141,01,51
2022,45867413,01,51
2022,46013981,01,51
2022,46013978,01,51
2022,46013979,01,51
2022,46100132,01,51
2022,46100133,01,51
2022,46030753,01,51
2022,48563643,01,51
2022,48563644,01,51
2022,48563645,01,51
2022,47455399,01,51
2022,47511198,01,51
2022,48226722,01,51
2022,48934859,01,51
2022,47456366,01,51
2022,46743189,01,51
2022,46743190,01,51
2022,46743191,01,51
2022,46743192,01,51
2022,46752056,01,51
2022,46752057,12,3
2022,46752058,01,51
2022,46752059,01,51
2022,46752060,01,51
2022,46752061,01,51
2022,46752054,01,51
2022,46752062,01,51
2022,46752055,01,51
2022,46752063,01,51
2022,46752064,01,51
2022,46752065,01,51
2022,46752066,01,51
2022,46752069,01,51
2022,46752067,01,51
2022,46752068,01,51
2022,46894047,01,51
2022,46894048,01,51
2022,47456386,01,51
2022,47456387,01,51
2022,47456388,01,51
2022,47456389,01,51
2022,47678269,01,51
2022,47678270,01,51
2022,46631610,01,51
2022,46631611,01,51
2022,46631612,01,51
2022,46631613,01,51
2022,46631614,01,51
2022,46631615,01,51
2022,46631616,01,51
2022,46631617,01,51
2022,46631618,01,51
2022,46631619,01,51
2022,46631620,01,51
2022,46631621,01,51
2022,46631622,01,51
2022,46631623,01,51
2022,46631624,01,51
2022,46631631,01,51
2022,46631625,01,51
2022,46631626,01,51
2022,46631627,01,51
2022,46631628,01,51
2022,46631629,01,51
2022,46631630,01,51
2022,46631632,01,51
2022,46631633,01,51
2022,46631634,01,51
2022,46631635,01,51
2022,46631636,01,51
2022,46631637,01,51
2022,46631638,01,51
2022,46631639,01,51
2022,46631640,01,51
2022,46631641,01,51
2022,46631642,01,51
2022,46631643,01,51
2022,46631644,01,51
2022,46631645,01,51
2022,46631646,01,51
2022,46631650,01,51
2022,46631652,01,51
2022,46631647,01,51
2022,46631648,01,51
2022,46631649,01,51
2022,46631651,01,51
2022,46631653,01,51
2022,46631654,01,51
2022,46631655,01,51
2022,46631658,01,51
2022,46631660,01,51
2022,46631661,01,51
2022,46631664,01,51
2022,46631665,01,51
2022,46631668,01,51
2022,46631672,01,51
2022,46631673,01,51
2022,46631674,01,51
2022,46631656,01,51
2022,46631657,01,51
2022,46631659,01,51
2022,46631662,01,51
2022,46631663,01,51
2022,46631666,01,51
2022,46631669,01,51
2022,46631671,01,51
2022,46631678,01,51
2022,46631667,01,51
2022,46631670,01,51
2022,46631677,01,51
2022,46631682,01,51
2022,46631686,01,51
2022,46631691,01,51
2022,46631675,01,51
2022,46631680,01,51
2022,46631683,01,51
2022,46631685,01,51
2022,46631688,01,51
2022,46631690,01,51
2022,46631692,01,51
2022,46631676,01,51
2022,46631679,01,51
2022,46631681,01,51
2022,46631684,01,51
2022,46631687,01,51
2022,46631689,01,51
2022,46631751,12A,4
2022,46631693,01,51
2022,46631695,01,51
2022,46631694,01,51
2022,46631696,01,51
2022,46631702,01,51
2022,46631703,01,51
2022,46631706,01,51
2022,46631709,01,51
2022,46631711,01,51
2022,46631713,01,51
2022,46631714,01,51
2022,46631718,01,51
2022,46631720,01,51
2022,46631722,01,51
2022,46631697,01,51
2022,46631698,01,51
2022,46631699,01,51
2022,46631701,01,51
2022,46631704,01,51
2022,46631707,01,51
2022,46631710,01,51
2022,46631715,01,51
2022,46631717,01,51
2022,46631723,01,51
2022,46631700,01,51
2022,46631705,01,51
2022,46631708,01,51
2022,46631712,01,51
2022,46631716,01,51
2022,46631719,01,51
2022,46631721,01,51
2022,46631752,01,51
2022,46631753,01,51
2022,46631748,01,51
2022,46631749,01,51
2022,46631750,01,51
2022,46631756,01,51
2022,46631754,01,51
2022,46631724,01,51
2022,46631728,01,51
2022,46631730,01,51
2022,46631733,01,51
2022,46631736,01,51
2022,46631739,01,51
2022,46631740,01,51
2022,46631742,01,51
2022,46631744,01,51
2022,46631745,01,51
2022,46631725,01,51
2022,46631731,01,51
2022,46631734,01,51
2022,46631735,01,51
2022,46631737,01,51
2022,46631747,01,51
2022,46631726,01,51
2022,46631727,01,51
2022,46631729,01,51
2022,46631732,01,51
2022,46631738,01,51
2022,46631741,01,51
2022,46631743,01,51
2022,46631746,01,51
2022,46631755,01,51
2022,46631760,01,51
2022,46631766,01,51
2022,46631769,01,51
2022,46631772,01,51
2022,46631774,01,51
2022,46631778,01,51
2022,46631779,01,51
2022,46631780,01,51
2022,46631782,01,51
2022,46631785,01,51
2022,46631787,01,51
2022,46631758,01,51
2022,46631759,01,51
2022,46631761,01,51
2022,46631764,01,51
2022,46631765,01,51
2022,46631768,01,51
2022,46631771,01,51
2022,46631775,01,51
2022,46631776,01,51
2022,46631784,01,51
2022,46631757,01,51
2022,46631762,01,51
2022,46631763,01,51
2022,46631767,01,51
2022,46631770,01,51
2022,46631773,01,51
2022,46631777,01,51
2022,46631781,01,51
2022,46631783,01,51
2022,46631786,01,51
2022,46998496,01,51
2022,46998498,01,51
2022,46998495,01,51
2022,46998497,01,51
2022,46627878,01,51
2022,46627904,01,51
2022,46627905,01,51
2022,46627915,01,51
2022,46627916,01,51
2022,46627917,01,51
2022,46627934,01,51
2022,46627937,01,51
2022,46627940,01,51
2022,46627879,01,51
2022,46627880,01,51
2022,46627881,01,51
2022,49003638,01,51
2022,46627882,01,51
2022,46627883,01,51
2022,46627884,01,51
2022,46627885,01,51
2022,46627886,01,51
2022,46160163,01,51
2022,46627887,01,51
2022,46627888,01,51
2022,46246153,01,51
2022,46309475,01,51
2022,46311089,01,51
2022,46333453,01,51
2022,46362218,01,51
2022,46379293,01,51
2022,46627889,01,51
2022,46627890,01,51
2022,46627891,01,51
2022,46627892,01,51
2022,46627893,01,51
2022,46627894,01,51
2022,46433300,01,51
2022,46539473,01,51
2022,46569584,01,51
2022,47922865,01,51
2022,49003639,01,51
2022,46627895,01,51
2022,46627896,01,51
2022,46627897,01,51
2022,46627898,01,51
2022,46627899,01,51
2022,46627900,01,51
2022,46627901,01,51
2022,46627902,01,51
2022,46627907,01,51
2022,46627908,01,51
2022,46627909,01,51
2022,46627910,01,51
2022,46627911,01,51
2022,46627912,01,51
2022,46627914,01,51
2022,46627918,01,51
2022,46627919,01,51
2022,46627920,01,51
2022,46763836,01,51
2022,46809724,01,51
2022,46367342,01,51
2022,46392771,01,51
2022,47090296,01,51
2022,46627923,01,51
2022,46489896,01,51
2022,46530309,01,51
2022,46627925,01,51
2022,46539476,01,51
2022,46627926,01,51
2022,46627927,01,51
2022,46627928,01,51
2022,46539477,01,51
2022,46627929,01,51
2022,46550674,01,51
2022,46627930,01,51
2022,46627935,01,51
2022,46568053,01,51
2022,46627938,15,9
2022,46627941,01,51
2022,46569586,01,51
2022,46627903,01,51
2022,46588951,01,51
2022,46627906,01,51
2022,46627913,01,51
2022,46598742,01,51
2022,46627922,01,51
2022,46627924,01,51
2022,46627931,01,51
2022,46627932,01,51
2022,46598743,01,51
2022,46616723,01,51
2022,46617372,01,51
2022,46697169,01,51
2022,46722089,01,51
2022,46722088,01,51
2022,46722090,01,51
2022,46752748,01,51
2022,47457315,01,51
2022,47579269,01,51
2022,48145130,01,51
2022,46809725,01,51
2022,46851504,01,51
2022,46851503,01,51
2022,47000094,01,51
2022,46967762,01,51
2022,47018936,01,51
2022,47018941,01,51
2022,47018937,01,51
2022,46627933,01,51
2022,46627936,01,51
2022,46627939,01,51
2022,47027058,01,51
2022,47118152,01,51
2022,47158307,01,51
2022,46640138,01,51
2022,46642240,01,51
2022,46868405,01,51
2022,46697172,01,51
2022,46697173,01,51
2022,46723576,01,51
2022,46752750,01,51
2022,47455400,01,51
2022,46872233,01,51
2022,46868392,01,51
2022,46875750,01,51
2022,46919479,01,51
2022,46967763,01,51
2022,47018940,01,51
2022,47023409,01,51
2022,47110289,01,51
2022,47110290,01,51
2022,47027059,01,51
2022,47028867,01,51
2022,47030555,01,51
2022,47030554,01,51
2022,47030556,01,51
2022,47118155,01,51
2022,47118154,01,51
2022,47219254,01,51
2022,47219256,01,51
2022,47219257,01,51
2022,47219255,01,51
2022,47158308,01,51
2022,47191984,01,51
2022,47191985,01,51
2022,47455401,01,51
2022,48235748,01,51
2022,47979939,01,51
2022,47219258,01,51
2022,47714818,01,51
2022,47455404,01,51
2022,47455409,01,51
2022,47455411,01,51
2022,47455402,01,51
2022,47455405,01,51
2022,47455406,01,51
2022,47455416,01,51
2022,47455418,01,51
2022,47455408,01,51
2022,46868393,01,51
2022,47455415,01,51
2022,47511199,01,51
2022,47837187,01,51
2022,47579271,01,51
2022,47878015,01,51
2022,48235750,01,51
2022,48235749,01,51
2022,49003640,01,51
2022,46868394,01,51
2022,48067609,01,51
2022,48342582,01,51
2022,47782500,01,51
2022,47840066,01,51
2022,47803064,01,51
2022,46868395,01,51
2022,47803065,01,51
2022,47455420,01,51
2022,47455421,01,51
2022,47455423,01,51
2022,47511201,01,51
2022,47511202,01,51
2022,47511204,01,51
2022,47511205,01,51
2022,47575237,01,51
2022,47837188,01,51
2022,47583174,01,51
2022,47584368,01,51
2022,47584369,01,51
2022,47595090,01,51
2022,47604943,01,51
2022,47632867,01,51
2022,47649575,01,51
2022,46868399,01,51
2022,48532859,01,51
2022,48585226,01,51
2022,48585223,01,51
2022,48585224,01,51
2022,48585225,01,51
2022,48788781,01,51
2022,48788782,01,51
2022,49003641,01,51
2022,49003643,01,51
2022,49003642,01,51
2022,45491106,01,51
2022,46868396,01,51
2022,46868397,01,51
2022,46868398,01,51
2022,46868400,01,51
2022,46868402,01,51
2022,45491107,01,51
2022,44725003,01,51
2022,44856925,01,51
2022,45042338,01,51
2022,46868401,01,51
2022,45211635,01,51
2022,45296430,01,51
2022,46868403,01,51
2022,46868404,01,51
2022,45771411,01,51
2022,44841173,01,51
2022,46868431,01,51
2022,46868406,01,51
2022,46868407,01,51
2022,46868410,01,51
2022,46868408,01,51
2022,46868409,01,51
2022,46868411,01,51
2022,46868413,01,51
2022,46868414,01,51
2022,46868421,01,51
2022,46868425,01,51
2022,46868429,01,51
2022,46868412,01,51
2022,46868416,01,51
2022,46868415,01,51
2022,46868417,01,51
2022,46868419,01,51
2022,46868427,01,51
2022,46868418,01,51
2022,46868420,01,51
2022,46868422,01,51
2022,46868423,01,51
2022,46868424,01,51
2022,46868426,01,51
2022,46868430,01,51
2022,44856926,01,51
2022,44926779,01,51
2022,44926780,01,51
2022,44971498,01,51
2022,45009851,01,51
2022,46868428,01,51
2022,46868432,01,51
2022,46868433,01,51
2022,46868434,01,51
2022,46868435,01,51
2022,47216290,01,51
2022,47216289,01,51
2022,47216291,01,51
2022,47216309,01,51
2022,47216311,01,51
2022,47216312,01,51
2022,47216314,01,51
2022,47216315,01,51
2022,47216292,01,51
2022,47216302,01,51
2022,47216320,01,51
2022,47216326,01,51
2022,47216333,01,51
2022,47216337,01,51
2022,47216295,01,51
2022,47216297,01,51
2022,47216324,01,51
2022,47216335,01,51
2022,47216299,01,51
2022,47216301,01,51
2022,47216322,01,51
2022,47216296,01,51
2022,47216300,01,51
2022,47216323,01,51
2022,47216331,01,51
2022,47216336,01,51
2022,47216294,01,51
2022,47216298,01,51
2022,47216306,01,51
2022,47216319,01,51
2022,47216321,01,51
2022,47216339,01,51
2022,47216293,01,51
2022,47216303,01,51
2022,47216304,01,51
2022,47216308,01,51
2022,47216310,01,51
2022,47216313,01,51
2022,47216318,01,51
2022,47216325,01,51
2022,47216327,01,51
2022,47216328,01,51
2022,47216329,01,51
2022,47216330,01,51
2022,47216332,01,51
2022,47216334,01,51
2022,47216305,01,51
2022,47216307,01,51
2022,47216316,01,51
2022,47216338,01,51
2022,45091706,01,51
2022,47456453,01,51
2022,47456457,01,51
2022,47456461,01,51
2022,47456454,01,51
2022,47456458,01,51
2022,47456459,01,51
2022,47456462,01,51
2022,47456464,01,51
2022,47456466,01,51
2022,45091707,01,51
2022,45126880,01,51
2022,45126881,01,51
2022,47455489,01,51
2022,45272762,01,51
2022,45296431,01,51
2022,45309139,01,51
2022,45309656,01,51
2022,45309659,01,51
2022,45309657,01,51
2022,45330952,01,51
2022,45330951,01,51
2022,45332099,01,51
2022,45499590,01,51
2022,45491117,01,51
2022,45491108,01,51
2022,45491110,01,51
2022,45491109,01,51
2022,45579611,01,51
2022,45526308,01,51
2022,45526305,01,51
2022,45526306,01,51
2022,45491112,01,51
2022,45491116,01,51
2022,45491113,01,51
2022,45491114,01,51
2022,45491111,01,51
2022,45491115,01,51
2022,45670825,01,51
2022,47456452,01,51
2022,47456455,01,51
2022,47456456,01,51
2022,47456460,01,51
2022,47456463,01,51
2022,47456465,01,51
2022,47456467,01,51
2022,47713263,01,51
2022,47713267,01,51
2022,47713269,01,51
2022,47713273,01,51
2022,47713275,01,51
2022,47713276,01,51
2022,47713278,01,51
2022,47713279,01,51
2022,47713281,01,51
2022,47713288,01,51
2022,47713290,01,51
2022,47713293,01,51
2022,47713295,01,51
2022,47713297,01,51
2022,47713264,01,51
2022,47713265,01,51
2022,47713266,01,51
2022,47713268,01,51
2022,47713270,01,51
2022,47713271,01,51
2022,47713272,01,51
2022,47713274,01,51
2022,47713277,01,51
2022,47713280,01,51
2022,47713282,01,51
2022,47713283,01,51
2022,47713284,01,51
2022,47713285,01,51
2022,47713286,01,51
2022,47713287,01,51
2022,47713289,01,51
2022,47713291,01,51
2022,47713292,01,51
2022,47713294,01,51
2022,47713296,01,51
2022,47713298,01,51
2022,46630845,01,51
2022,46533571,01,51
2022,46533572,01,51
2022,46533573,01,51
2022,46533574,01,51
2022,46533575,01,51
2022,46533576,01,51
2022,46533577,01,51
2022,47018667,01,51
2022,47018669,01,51
2022,47018671,01,51
2022,47018668,01,51
2022,47018670,01,51
2022,47018672,01,51
2022,47018673,01,51
2022,47018676,01,51
2022,47018677,01,51
2022,47018666,01,51
2022,47018674,01,51
2022,47018675,01,51
2022,47160080,01,51
2022,47160082,01,51
2022,47160084,01,51
2022,47160079,01,51
2022,47160078,01,51
2022,47160081,01,51
2022,47160083,01,51
2022,47018678,01,51
2022,47018687,01,51
2022,47018695,01,51
2022,45670826,16,52
2022,47018681,01,51
2022,47018682,01,51
2022,45541794,01,51
2022,47018685,01,51
2022,47018686,01,51
2022,45579610,01,51
2022,47018688,01,51
2022,45710593,01,51
2022,47018689,01,51
2022,47018691,01,51
2022,45730710,01,51
2022,47018679,01,51
2022,47018680,01,51
2022,47018683,01,51
2022,45670828,01,51
2022,47018684,01,51
2022,47018690,01,51
2022,47018692,01,51
2022,47018693,01,51
2022,47018694,01,51
2022,45670827,01,51
2022,45763157,01,51
2022,45730711,01,51
2022,45730713,01,51
2022,45730712,01,51
2022,45737970,01,51
2022,45737971,01,51
2022,45784618,14,7
2022,45784621,01,51
2022,45784620,01,51
2022,45844830,01,51
2022,45921638,01,51
2022,45921640,01,51
2022,46033148,01,51
2022,46033149,01,51
2022,46401175,01,51
2022,45932806,01,51
2022,45967045,01,51
2022,45921639,01,51
2022,46124596,01,51
2022,45993467,01,51
2022,46018688,01,51
2022,46018689,01,51
2022,46033150,01,51
2022,46033151,01,51
2022,46033152,01,51
2022,46175183,01,51
2022,46175182,01,51
2022,46229988,01,51
2022,46401176,01,51
2022,46472629,01,51
2022,46175184,01,51
2022,46259737,01,51
2022,46276938,01,51
2022,46276939,01,51
2022,46292593,01,51
2022,46292592,01,51
2022,46292594,01,51
2022,46292590,01,51
2022,46292591,01,51
2022,46351038,01,51
2022,46351037,01,51
2022,46373529,01,51
2022,46401177,01,51
2022,46472630,01,51
2022,46472631,01,51
2022,46472633,01,51
2022,46472634,01,51
2022,46579281,01,51
2022,46617253,01,51
2022,47582750,01,51
2022,47629003,01,51
2022,47022377,01,51
2022,46520456,01,51
2022,46536285,01,51
2022,47173497,01,51
2022,46602824,01,51
2022,46602821,01,51
2022,46602822,01,51
2022,46602823,01,51
2022,46617255,16,52
2022,47456525,01,51
2022,47456526,01,51
2022,47456527,01,51
2022,47639900,01,51
2022,47639901,01,51
2022,47639898,01,51
2022,47639899,01,51
2022,47639896,01,51
2022,47639897,01,51
2022,46631605,01,51
2022,47216273,01,51
2022,46763328,01,51
2022,46809017,01,51
2022,46866459,01,51
2022,46921152,01,51
2022,46956356,01,51
2022,46956358,01,51
2022,46617256,01,51
2022,47765375,01,51
2022,47765377,01,51
2022,47765379,01,51
2022,46631606,01,51
2022,46701622,01,51
2022,46734834,01,51
2022,46734835,01,51
2022,47455491,01,51
2022,47455490,01,51
2022,48144215,01,51
2022,48692412,01,51
2022,46850091,01,51
2022,46876389,01,51
2022,46876390,01,51
2022,46956359,01,51
2022,46956360,01,51
2022,47022378,01,51
2022,47089620,01,51
2022,47089622,01,51
2022,47089621,01,51
2022,47173499,01,51
2022,47173500,01,51
2022,47173503,01,51
2022,47216274,01,51
2022,47216276,01,51
2022,47455494,01,51
2022,47455493,01,51
2022,47455497,01,51
2022,47455492,01,51
2022,47678257,01,51
2022,48062525,01,51
2022,47455496,01,51
2022,47455498,01,51
2022,47805861,01,51
2022,47950120,01,51
2022,48261911,01,51
2022,47765371,01,51
2022,47765373,01,51
2022,48062521,01,51
2022,48062520,01,51
2022,47805865,01,51
2022,47805863,01,51
2022,47805864,01,51
2022,47805862,01,51
2022,47840571,01,51
2022,47765372,01,51
2022,47765374,01,51
2022,47765376,01,51
2022,47765378,01,51
2022,47765380,01,51
2022,47629005,01,51
2022,47633307,01,51
2022,47950121,01,51
2022,47920512,01,51
2022,47920510,01,51
2022,47678259,01,51
2022,47678258,01,51
2022,47678260,01,51
2022,48416765,01,51
2022,48326977,01,51
2022,45058416,01,51
2022,45491914,01,51
2022,45590521,01,51
2022,45965257,01,51
2022,45965258,01,51
2022,46396156,01,51
2022,46396157,01,51
2022,46396158,01,51
2022,46396159,01,51
2022,46396160,01,51
2022,46396161,01,51
2022,46396162,01,51
2022,46396163,01,51
2022,46396164,01,51
2022,46396165,01,51
2022,46698092,01,51
2022,46698093,01,51
2022,46698094,01,51
2022,46698095,01,51
2022,46698096,01,51
2022,46698097,01,51
2022,46698098,01,51
2022,46698099,01,51
2022,46912642,01,51
2022,46912648,01,51
2022,46912652,01,51
2022,46912643,01,51
2022,46912644,01,51
2022,46912646,01,51
2022,46912647,01,51
2022,46912649,01,51
2022,46912651,01,51
2022,46912641,01,51
2022,46912650,01,51
2022,47160085,01,51
2022,47160086,01,51
2022,47160090,01,51
2022,47160087,01,51
2022,47160088,01,51
2022,47160089,01,51
2022,47456528,01,51
2022,47456529,01,51
2022,47456530,01,51
2022,47456531,01,51
2022,47880355,01,51
2022,47880357,01,51
2022,47880360,01,51
2022,47880358,01,51
2022,47880359,01,51
2022,47880356,01,51
2022,47880361,01,51
2022,45058418,01,51
2022,45058415,01,51
2022,45058417,01,51
2022,45058421,01,51
2022,45058419,01,51
2022,46309478,01,51
2022,46611332,01,51
2022,46618957,01,51
2022,47456214,01,51
2022,45268855,01,51
2022,45299820,01,51
2022,45058424,01,51
2022,45058428,01,51
2022,45058422,01,51
2022,45058423,01,51
2022,45058427,16,52
2022,45058429,01,51
2022,46379295,01,51
2022,48062526,01,51
2022,47456216,01,51
2022,45164833,01,51
2022,46618958,01,51
2022,46956368,01,51
2022,45271688,01,51
2022,45290851,17,53
2022,45296825,01,51
2022,45321652,01,51
2022,45491589,01,51
2022,45151542,01,51
2022,47456217,01,51
2022,45491590,01,51
2022,45491593,01,51
2022,45491592,01,51
2022,45491594,01,51
2022,45628796,01,51
2022,46126058,01,51
2022,47456219,01,51
2022,47456218,01,51
2022,45542513,01,51
2022,45772114,01,51
2022,45772113,01,51
2022,45747347,01,51
2022,45747348,01,51
2022,46489897,01,51
2022,47456220,01,51
2022,45981196,01,51
2022,45933141,01,51
2022,45928275,01,51
2022,45928276,01,51
2022,46033005,01,51
2022,46309479,01,51
2022,47456221,01,51
2022,46100134,01,51
2022,46295617,01,51
2022,46433301,01,51
2022,46473369,01,51
2022,46537464,01,51
2022,46616724,01,51
2022,46698082,01,51
2022,46722092,01,51
2022,47456222,01,51
2022,48062527,01,51
2022,46617091,01,51
2022,46622813,01,51
2022,46632350,01,51
2022,46722093,01,51
2022,47456224,01,51
2022,47456223,01,51
2022,46875177,01,51
2022,46956369,01,51
2022,46812920,01,51
2022,46876964,01,51
2022,47023410,16,52
2022,47028509,01,51
2022,46834658,01,51
2022,46834660,01,51
2022,46834657,01,51
2022,46834659,01,51
2022,46956372,01,51
2022,46956371,01,51
2022,46956370,01,51
2022,46999242,01,51
2022,46999241,01,51
2022,47219259,01,51
2022,47457085,01,51
2022,47457080,01,51
2022,47457081,01,51
2022,47457084,01,51
2022,47457082,01,51
2022,47457083,01,51
2022,47574324,01,51
2022,47574325,01,51
2022,47574326,01,51
2022,47574327,01,51
2022,47574328,01,51
2022,47779318,01,51
2022,47779320,01,51
2022,47779322,01,51
2022,47779323,01,51
2022,47779325,01,51
2022,47779319,01,51
2022,47779321,01,51
2022,47779324,01,51
2022,48062528,01,51
2022,47456227,01,51
2022,47456228,01,51
2022,47456225,01,51
2022,47456226,01,51
2022,47456229,01,51
2022,47456230,01,51
2022,47579272,01,51
2022,47632628,01,51
2022,47632629,01,51
2022,47632630,01,51
2022,47633572,01,51
2022,47649576,01,51
2022,47714586,01,51
2022,44962182,01,51
2022,44969926,01,51
2022,44969927,01,51
2022,44969928,01,51
2022,44969929,01,51
2022,44969930,01,51
2022,44969931,01,51
2022,44969932,01,51
2022,44969933,01,51
2022,44969934,01,51
2022,44969935,01,51
2022,44969936,01,51
2022,44969937,01,51
2022,44969938,01,51
2022,44969939,01,51
2022,44969940,01,51
2022,44969941,01,51
2022,44969942,01,51
2022,44969943,01,51
2022,44969944,01,51
2022,44969945,01,51
2022,44969946,01,51
2022,44969947,01,51
2022,44969948,01,51
2022,44969949,01,51
2022,44969950,01,51
2022,44969951,01,51
2022,44969952,01,51
2022,44969953,01,51
2022,44969954,01,51
2022,44969955,01,51
2022,44969956,01,51
2022,44969957,01,51
2022,44969958,01,51
2022,44969959,01,51
2022,44969960,01,51
2022,44969961,01,51
2022,44969962,01,51
2022,44969963,01,51
2022,44969964,01,51
2022,44969965,01,51
2022,47714585,01,51
2022,44969966,01,51
2022,44969967,01,51
2022,44969968,01,51
2022,44969969,01,51
2022,44969970,01,51
2022,44969971,01,51
2022,44969972,01,51
2022,44969973,01,51
2022,44969974,01,51
2022,44969975,01,51
2022,44969976,01,51
2022,44969977,01,51
2022,44969978,01,51
2022,44969979,01,51
2022,44969980,01,51
2022,44969981,01,51
2022,44969982,01,51
2022,44969983,01,51
2022,44969984,01,51
2022,44969985,01,51
2022,44969986,01,51
2022,44969987,01,51
2022,44969988,01,51
2022,44969991,01,51
2022,44969993,01,51
2022,44969994,01,51
2022,44969996,01,51
2022,44969989,01,51
2022,44969998,01,51
2022,44969999,01,51
2022,44969990,01,51
2022,44969992,01,51
2022,44969995,01,51
2022,44969997,01,51
2022,44970000,01,51
2022,45304825,01,51
2022,45304833,01,51
2022,45304835,01,51
2022,45304836,01,51
2022,45304838,01,51
2022,45304846,01,51
2022,45304849,01,51
2022,45304850,01,51
2022,45304823,01,51
2022,45304824,01,51
2022,45304826,01,51
2022,45304828,01,51
2022,45304827,01,51
2022,45304829,01,51
2022,45304831,01,51
2022,45304834,01,51
2022,45304837,01,51
2022,45304841,01,51
2022,45304842,01,51
2022,45304845,01,51
2022,45304848,01,51
2022,45304853,01,51
2022,45304854,01,51
2022,45304857,01,51
2022,45304860,01,51
2022,45304861,01,51
2022,45304864,01,51
2022,45304866,01,51
2022,45304871,01,51
2022,45304876,01,51
2022,45304878,01,51
2022,45304880,01,51
2022,45304887,01,51
2022,47714587,01,51
2022,47714588,01,51
2022,47714589,01,51
2022,47714590,01,51
2022,47714592,01,51
2022,47714593,01,51
2022,47714594,01,51
2022,47714591,01,51
2022,48326982,01,51
2022,47725268,01,51
2022,47725269,01,51
2022,47758891,01,51
2022,45304830,01,51
2022,45304832,01,51
2022,45304839,01,51
2022,45304840,01,51
2022,45304843,01,51
2022,45304844,01,51
2022,45304847,01,51
2022,45304852,01,51
2022,45304855,01,51
2022,45304858,01,51
2022,45304865,01,51
2022,45304868,01,51
2022,45304851,01,51
2022,45304856,01,51
2022,45304859,01,51
2022,45304862,01,51
2022,45304863,01,51
2022,45304867,01,51
2022,45304869,01,51
2022,45304872,01,51
2022,45304873,01,51
2022,45304875,01,51
2022,45304870,01,51
2022,45304874,01,51
2022,45304877,01,51
2022,45304881,01,51
2022,45304884,01,51
2022,45304886,01,51
2022,45304888,01,51
2022,45304879,01,51
2022,45304882,01,51
2022,45304883,01,51
2022,45304885,01,51
2022,45304889,01,51
2022,45304890,01,51
2022,45304891,01,51
2022,45304896,01,51
2022,45304892,01,51
2022,45304894,01,51
2022,45304900,01,51
2022,45304893,01,51
2022,45304895,01,51
2022,45304897,01,51
2022,45304898,01,51
2022,45304899,01,51
2022,45305118,01,51
2022,45305122,01,51
2022,45305119,01,51
2022,47758893,01,51
2022,47758889,01,51
2022,45305121,01,51
2022,45305123,01,51
2022,45305125,01,51
2022,45305120,01,51
2022,45305124,01,51
2022,45305126,01,51
2022,45305129,01,51
2022,45305130,01,51
2022,45305127,01,51
2022,45305132,01,51
2022,45305134,01,51
2022,45305128,01,51
2022,45305131,01,51
2022,45305133,01,51
2022,47758887,01,51
2022,45490689,01,51
2022,45490692,01,51
2022,45490693,01,51
2022,45490686,01,51
2022,45490687,01,51
2022,45490688,01,51
2022,45490690,01,51
2022,45490691,01,51
2022,45490695,01,51
2022,45490699,01,51
2022,45490737,01,51
2022,45490741,01,51
2022,45490744,01,51
2022,45490745,01,51
2022,45490748,01,51
2022,45490685,01,51
2022,45490694,01,51
2022,45490696,01,51
2022,45490697,01,51
2022,45490746,01,51
2022,45490747,01,51
2022,45490749,01,51
2022,45490751,01,51
2022,45490710,01,51
2022,45490711,01,51
2022,45490718,01,51
2022,45490719,01,51
2022,45490721,01,51
2022,45490723,01,51
2022,45490725,01,51
2022,45490726,01,51
2022,45490728,01,51
2022,45490730,01,51
2022,45490734,01,51
2022,45490735,01,51
2022,45490736,01,51
2022,45490700,01,51
2022,45490703,01,51
2022,45490704,01,51
2022,45490705,01,51
2022,45490706,01,51
2022,45490708,01,51
2022,45490712,01,51
2022,45490716,01,51
2022,45490720,01,51
2022,45490724,01,51
2022,45490727,01,51
2022,45490729,01,51
2022,45490731,01,51
2022,45490732,01,51
2022,45490754,01,51
2022,45490767,01,51
2022,45490768,01,51
2022,45490771,01,51
2022,45490775,01,51
2022,45490776,01,51
2022,45490777,01,51
2022,45490780,01,51
2022,45490701,01,51
2022,45490702,01,51
2022,45490707,01,51
2022,45490709,01,51
2022,45490713,01,51
2022,45490714,01,51
2022,45490715,01,51
2022,45490717,01,51
2022,45490722,01,51
2022,45490733,01,51
2022,45490752,01,51
2022,45490769,01,51
2022,45490773,01,51
2022,45490774,01,51
2022,45490779,01,51
2022,45490781,01,51
2022,45490783,01,51
2022,45490698,01,51
2022,45490738,01,51
2022,45490739,01,51
2022,45490740,01,51
2022,45490742,01,51
2022,45490743,01,51
2022,45490750,01,51
2022,45490753,01,51
2022,45490755,01,51
2022,45490756,01,51
2022,45490766,01,51
2022,45490770,01,51
2022,45490772,01,51
2022,45490778,01,51
2022,45490782,01,51
2022,45490757,01,51
2022,45490758,01,51
2022,45490762,01,51
2022,45490763,01,51
2022,45490764,01,51
2022,45490785,01,51
2022,45490791,01,51
2022,45490792,01,51
2022,45490759,01,51
2022,45490760,01,51
2022,45490786,01,51
2022,45490789,01,51
2022,45490793,01,51
2022,45490794,01,51
2022,45490761,01,51
2022,45490765,01,51
2022,45490784,01,51
2022,45490787,01,51
2022,45490788,01,51
2022,45490790,01,51
2022,47758895,01,51
2022,45736427,01,51
2022,45736431,01,51
2022,45736433,01,51
2022,47763602,01,51
2022,45736440,01,51
2022,45736443,01,51
2022,47763604,01,51
2022,45736447,01,51
2022,47763603,01,51
2022,45736449,01,51
2022,45736459,01,51
2022,47763605,01,51
2022,45736465,01,51
2022,47763606,01,51
2022,45736467,01,51
2022,45736470,01,51
2022,47765325,01,51
2022,45736476,01,51
2022,47714595,01,51
2022,45736428,01,51
2022,45736429,01,51
2022,45736430,01,51
2022,45736434,01,51
2022,45736435,01,51
2022,47714596,01,51
2022,45736437,01,51
2022,47714597,01,51
2022,45736438,01,51
2022,48326983,01,51
2022,45736441,01,51
2022,45736444,01,51
2022,47725238,01,51
2022,45736448,01,51
2022,45736452,01,51
2022,45736453,01,51
2022,45736432,01,51
2022,45736436,01,51
2022,47765326,01,51
2022,45736439,01,51
2022,47765327,01,51
2022,45736442,01,51
2022,45736445,01,51
2022,47765330,01,51
2022,45736446,01,51
2022,47765328,01,51
2022,45736450,01,51
2022,47765329,01,51
2022,45736451,01,51
2022,45736454,01,51
2022,47714598,01,51
2022,45736455,01,51
2022,47714599,01,51
2022,45736458,01,51
2022,45736460,01,51
2022,47714600,01,51
2022,45736456,01,51
2022,47714601,01,51
2022,45736457,01,51
2022,47714602,01,51
2022,45736462,01,51
2022,47714603,01,51
2022,45736464,01,51
2022,47714604,01,51
2022,45736468,01,51
2022,47714605,01,51
2022,45736473,01,51
2022,47714606,01,51
2022,45736475,01,51
2022,45736478,01,51
2022,47714607,01,51
2022,45736482,01,51
2022,48326986,01,51
2022,45736484,01,51
2022,48376164,01,51
2022,45736486,01,51
2022,45736488,01,51
2022,45736461,01,51
2022,45736463,01,51
2022,48376165,01,51
2022,45736466,01,51
2022,45736469,01,51
2022,47714608,01,51
2022,45736471,01,51
2022,47714609,01,51
2022,45736472,01,51
2022,45736474,01,51
2022,47714610,01,51
2022,45736477,01,51
2022,47714611,01,51
2022,45736479,01,51
2022,47714612,01,51
2022,45736483,01,51
2022,47714613,01,51
2022,45736487,01,51
2022,47714614,01,51
2022,45736492,01,51
2022,47714615,01,51
2022,45736493,01,51
2022,47714616,01,51
2022,45736480,01,51
2022,47714622,01,51
2022,45736481,01,51
2022,45736485,01,51
2022,45736490,01,51
2022,45736491,01,51
2022,47714623,01,51
2022,45736494,01,51
2022,47714617,01,51
2022,45736497,01,51
2022,47714618,01,51
2022,45736500,01,51
2022,47714619,01,51
2022,45736489,01,51
2022,47714620,01,51
2022,45736495,01,51
2022,47714621,01,51
2022,45736496,01,51
2022,45736498,01,51
2022,47714624,01,51
2022,45736501,01,51
2022,48326984,01,51
2022,47725240,01,51
2022,45736499,01,51
2022,47725239,01,51
2022,45965269,01,51
2022,45965274,01,51
2022,47725241,01,51
2022,45965275,01,51
2022,47725243,01,51
2022,45965277,01,51
2022,47725242,01,51
2022,45965288,01,51
2022,45965296,01,51
2022,47725244,01,51
2022,45965263,01,51
2022,47714625,01,51
2022,45965264,01,51
2022,47714626,01,51
2022,45965265,01,51
2022,47714627,01,51
2022,45965266,01,51
2022,45965267,01,51
2022,47714628,01,51
2022,45965272,01,51
2022,47714629,01,51
2022,45965276,01,51
2022,47714630,01,51
2022,45965279,01,51
2022,48335582,01,51
2022,45965281,01,51
2022,45965282,01,51
2022,45965285,01,51
2022,45965287,01,51
2022,45965292,01,51
2022,48335583,01,51
2022,45965294,01,51
2022,47725246,01,51
2022,45965297,01,51
2022,45965298,01,51
2022,47725245,01,51
2022,45965301,01,51
2022,47725249,17,53
2022,45965302,01,51
2022,47725251,01,51
2022,45965260,01,51
2022,45965268,01,51
2022,47725248,01,51
2022,45965270,01,51
2022,47725250,01,51
2022,45965271,01,51
2022,48326985,01,51
2022,45965273,01,51
2022,45965278,01,51
2022,48335585,01,51
2022,45965280,01,51
2022,45965283,01,51
2022,45965284,01,51
2022,48335584,01,51
2022,45965286,01,51
2022,45965289,01,51
2022,47725256,01,51
2022,45965290,01,51
2022,47725257,01,51
2022,45965291,01,51
2022,47725253,01,51
2022,45965293,01,51
2022,45965295,01,51
2022,47725254,01,51
2022,45965299,01,51
2022,47725252,01,51
2022,45965300,01,51
2022,47725255,01,51
2022,45965303,01,51
2022,45965306,01,51
2022,47725258,01,51
2022,45965311,01,51
2022,45965315,01,51
2022,45965316,01,51
2022,47725261,01,51
2022,45965319,01,51
2022,47725263,01,51
2022,45965259,01,51
2022,47725259,01,51
2022,45965261,01,51
2022,45965262,01,51
2022,47725265,01,51
2022,45965327,01,51
2022,47725266,01,51
2022,45965328,01,51
2022,47725260,01,51
2022,45965330,01,51
2022,45965334,01,51
2022,47725264,01,51
2022,45965335,01,51
2022,47725262,01,51
2022,45965331,01,51
2022,47725267,01,51
2022,45965333,01,51
2022,47801733,01,51
2022,45965336,01,51
2022,45965329,01,51
2022,45965332,01,51
2022,45965304,01,51
2022,45965308,01,51
2022,45965310,01,51
2022,45965312,01,51
2022,45965314,01,51
2022,45965317,01,51
2022,45965320,01,51
2022,45965323,01,51
2022,45965326,01,51
2022,45965305,01,51
2022,45965307,01,51
2022,45965309,01,51
2022,45965313,01,51
2022,45965318,01,51
2022,45965321,01,51
2022,45965322,01,51
2022,45965324,01,51
2022,45965325,01,51
2022,46280505,01,51
2022,46280507,01,51
2022,46280508,01,51
2022,46280509,01,51
2022,46280510,01,51
2022,46280511,01,51
2022,46280512,01,51
2022,46280513,01,51
2022,46280514,01,51
2022,46280515,01,51
2022,46280516,01,51
2022,46280517,01,51
2022,46280518,01,51
2022,46280519,01,51
2022,46280520,01,51
2022,46280521,01,51
2022,46280522,01,51
2022,46280523,01,51
2022,46280524,01,51
2022,46280525,01,51
2022,46280526,01,51
2022,46280527,01,51
2022,46280528,01,51
2022,46280529,01,51
2022,46280530,01,51
2022,46280531,01,51
2022,46280532,01,51
2022,46280533,01,51
2022,46280534,01,51
2022,46280535,01,51
2022,46280536,01,51
2022,46280537,01,51
2022,46280538,01,51
2022,46280539,01,51
2022,46280540,01,51
2022,46280544,01,51
2022,46280545,01,51
2022,46280547,01,51
2022,46280552,01,51
2022,46280556,01,51
2022,46280558,01,51
2022,46280559,01,51
2022,46280561,01,51
2022,46280563,01,51
2022,46280567,01,51
2022,46280573,01,51
2022,46280576,01,51
2022,46280579,01,51
2022,46280582,01,51
2022,46280584,01,51
2022,46280541,01,51
2022,46280543,01,51
2022,46280546,01,51
2022,46280548,01,51
2022,46280550,01,51
2022,46280553,01,51
2022,46280554,01,51
2022,46280568,01,51
2022,46280572,01,51
2022,46280581,01,51
2022,46280583,01,51
2022,46280585,01,51
2022,46280587,01,51
2022,46280589,01,51
2022,46280542,01,51
2022,46280549,01,51
2022,46280555,01,51
2022,46280557,01,51
2022,46280560,01,51
2022,46280562,01,51
2022,46280564,01,51
2022,46280565,01,51
2022,46280566,01,51
2022,46280569,01,51
2022,46280570,01,51
2022,46280571,01,51
2022,46280574,01,51
2022,46280575,01,51
2022,46280577,01,51
2022,46280578,01,51
2022,46280580,01,51
2022,46280586,01,51
2022,46280588,01,51
2022,46280590,01,51
2022,47801734,01,51
2022,47801732,01,51
2022,47801735,01,51
2022,46548054,01,51
2022,46548055,01,51
2022,46548056,01,51
2022,46548057,01,51
2022,46548058,01,51
2022,46548059,01,51
2022,46548060,01,51
2022,46548061,01,51
2022,46548062,01,51
2022,46548063,01,51
2022,46548064,01,51
2022,46548065,01,51
2022,46548066,01,51
2022,46548067,01,51
2022,46548068,01,51
2022,46548069,01,51
2022,46548070,01,51
2022,46548071,01,51
2022,46548072,01,51
2022,46548073,01,51
2022,46548074,01,51
2022,46548075,01,51
2022,46548076,01,51
2022,46548077,01,51
2022,47801731,01,51
2022,46548078,01,51
2022,46548082,01,51
2022,46548084,01,51
2022,46548087,01,51
2022,44557111,01,51
2022,46548089,01,51
2022,46548092,01,51
2022,46548093,01,51
2022,46548122,01,51
2022,46548123,01,51
2022,46548124,01,51
2022,44677191,01,51
2022,44751418,01,51
2022,44890814,01,51
2022,44890815,01,51
2022,44977541,01,51
2022,45040759,01,51
2022,45266518,01,51
2022,45312626,01,51
2022,45312625,01,51
2022,45315027,01,51
2022,45315026,01,51
2022,45318408,01,51
2022,45318407,01,51
2022,45492890,01,51
2022,45536921,01,51
2022,46548128,01,51
2022,46548131,01,51
2022,46548132,01,51
2022,46548137,01,51
2022,46548139,01,51
2022,46548140,01,51
2022,46548144,01,51
2022,46548079,01,51
2022,46548080,01,51
2022,46548083,01,51
2022,46548086,01,51
2022,46548088,01,51
2022,46548094,01,51
2022,46548125,01,51
2022,46548127,01,51
2022,46548130,01,51
2022,46548133,01,51
2022,46548081,01,51
2022,46548085,01,51
2022,46548090,01,51
2022,46548091,01,51
2022,46548095,01,51
2022,46548126,01,51
2022,46548129,01,51
2022,46548134,01,51
2022,46548135,01,51
2022,46548141,01,51
2022,46548096,01,51
2022,46548105,01,51
2022,46548106,01,51
2022,46548109,01,51
2022,46548111,01,51
2022,46548114,01,51
2022,46548117,01,51
2022,46548119,01,51
2022,46548097,01,51
2022,46548098,01,51
2022,46548100,01,51
2022,46548101,01,51
2022,46548103,01,51
2022,46548107,01,51
2022,46548112,01,51
2022,46548113,01,51
2022,46548115,01,51
2022,46548116,01,51
2022,46548121,01,51
2022,46548099,01,51
2022,46548102,01,51
2022,46548104,01,51
2022,45536922,01,51
2022,45540881,01,51
2022,45540882,01,51
2022,45541824,01,51
2022,45561222,01,51
2022,45574141,01,51
2022,45668449,01,51
2022,46548108,01,51
2022,46548110,01,51
2022,46548118,01,51
2022,46548120,01,51
2022,46548136,01,51
2022,46548138,01,51
2022,46548142,01,51
2022,46548143,01,51
2022,46811528,01,51
2022,46811531,01,51
2022,46811530,01,51
2022,45750240,01,51
2022,45710595,01,51
2022,45710596,01,51
2022,45778733,01,51
2022,45737884,01,51
2022,45737885,01,51
2022,45737972,01,51
2022,47582524,01,51
2022,46156881,01,51
2022,46811534,01,51
2022,46811529,01,51
2022,46811532,01,51
2022,46811536,01,51
2022,46811480,01,51
2022,46811482,01,51
2022,46811489,01,51
2022,46811490,01,51
2022,46156882,01,51
2022,46173060,01,51
2022,46175195,01,51
2022,47456824,01,51
2022,46811478,01,51
2022,46811479,01,51
2022,46811481,01,51
2022,46811484,01,51
2022,46811486,01,51
2022,46811491,01,51
2022,46811493,01,51
2022,46175200,01,51
2022,46175197,01,51
2022,46175199,01,51
2022,47578772,01,51
2022,47582520,01,51
2022,47582521,01,51
2022,47582522,01,51
2022,47582523,01,51
2022,47582525,01,51
2022,47582752,01,51
2022,47582526,01,51
2022,47582527,01,51
2022,47582528,01,51
2022,47582529,01,51
2022,47582530,01,51
2022,47582532,01,51
2022,47582753,01,51
2022,47582531,01,51
2022,47582533,01,51
2022,47582534,01,51
2022,47582754,01,51
2022,47582755,01,51
2022,47578773,01,51
2022,47578774,01,51
2022,47578779,01,51
2022,47582756,01,51
2022,47582757,01,51
2022,47582758,01,51
2022,47582759,01,51
2022,47582760,01,51
2022,47582761,01,51
2022,47578775,01,51
2022,47578776,01,51
2022,47578777,01,51
2022,47578778,01,51
2022,47578780,01,51
2022,47582762,01,51
2022,47632997,01,51
2022,48091069,01,51
2022,46811483,01,51
2022,46811485,01,51
2022,46811487,01,51
2022,46811488,01,51
2022,46811492,01,51
2022,46811494,01,51
2022,46811495,01,51
2022,46811496,01,51
2022,46811502,01,51
2022,46811497,01,51
2022,45490601,01,51
2022,46811498,01,51
2022,46811499,01,51
2022,46811500,01,51
2022,46811505,01,51
2022,46811501,01,51
2022,46811503,01,51
2022,46811504,01,51
2022,46811510,01,51
2022,46811512,01,51
2022,46811506,01,51
2022,46811507,01,51
2022,46811509,01,51
2022,46811508,01,51
2022,46811511,01,51
2022,46811514,01,51
2022,46811516,01,51
2022,46811515,01,51
2022,46811517,01,51
2022,46811518,01,51
2022,46811519,01,51
2022,46811520,01,51
2022,46811525,01,51
2022,46811527,01,51
2022,46811521,01,51
2022,46811522,01,51
2022,46811523,01,51
2022,46811524,01,51
2022,46811526,01,51
2022,46811533,01,51
2022,46811539,01,51
2022,46811541,01,51
2022,46811547,01,51
2022,46811535,01,51
2022,46811537,01,51
2022,46811540,01,51
2022,46811542,01,51
2022,46811544,01,51
2022,46811546,01,51
2022,46811550,01,51
2022,46811538,01,51
2022,46811543,01,51
2022,46811545,01,51
2022,46811548,01,51
2022,46811555,01,51
2022,46811549,01,51
2022,46811551,01,51
2022,46811552,01,51
2022,46811561,01,51
2022,46811553,01,51
2022,46811554,01,51
2022,46811557,01,51
2022,46811559,01,51
2022,46811556,01,51
2022,46811558,01,51
2022,46811563,01,51
2022,46811566,01,51
2022,46811568,01,51
2022,46811570,01,51
2022,46811572,01,51
2022,46811573,01,51
2022,46811560,01,51
2022,46811562,01,51
2022,46811564,01,51
2022,46811575,01,51
2022,46811577,01,51
2022,46811565,01,51
2022,46811567,01,51
2022,46811569,01,51
2022,46811571,01,51
2022,46811574,01,51
2022,46811576,01,51
2022,46811578,01,51
2022,46811579,01,51
2022,46811580,01,51
2022,46811583,01,51
2022,46811581,01,51
2022,46811584,01,51
2022,46811582,01,51
2022,46811585,01,51
2022,46811586,01,51
2022,47021001,01,51
2022,47021004,01,51
2022,47021009,01,51
2022,47021011,01,51
2022,47021012,01,51
2022,47021013,01,51
2022,47021015,01,51
2022,47021018,01,51
2022,47021020,01,51
2022,47021002,01,51
2022,47021005,01,51
2022,47021008,01,51
2022,47021014,01,51
2022,47021016,01,51
2022,47021019,01,51
2022,47021021,01,51
2022,47021026,01,51
2022,47021003,01,51
2022,47021006,01,51
2022,47021007,01,51
2022,47021010,01,51
2022,47021017,01,51
2022,47021022,01,51
2022,47021025,01,51
2022,47021023,01,51
2022,47021024,01,51
2022,47021027,01,51
2022,45490602,01,51
2022,45490603,01,51
2022,45490605,01,51
2022,45490604,01,51
2022,45540851,01,51
2022,46291068,01,51
2022,47021028,01,51
2022,47021029,01,51
2022,46864230,01,51
2022,47454406,01,51
2022,47454407,01,51
2022,47583052,01,51
2022,47021030,01,51
2022,47021040,01,51
2022,47021043,01,51
2022,47021045,01,51
2022,47021054,01,51
2022,47021057,01,51
2022,47021061,01,51
2022,47021064,01,51
2022,47021067,01,51
2022,47583053,01,51
2022,46640314,01,51
2022,47021031,01,51
2022,47021033,01,51
2022,47021035,01,51
2022,47021041,01,51
2022,47021044,01,51
2022,46307864,01,51
2022,46307865,01,51
2022,46307866,01,51
2022,46307868,01,51
2022,46307867,01,51
2022,46569768,01,51
2022,46894934,01,51
2022,46894935,01,51
2022,46894936,01,51
2022,47454571,01,51
2022,47454570,01,51
2022,47454573,01,51
2022,47454572,01,51
2022,47632836,01,51
2022,47021032,01,51
2022,47021034,01,51
2022,47021036,01,51
2022,47021037,01,51
2022,47021038,01,51
2022,47021039,01,51
2022,47021042,01,51
2022,47021047,01,51
2022,47021050,01,51
2022,47021052,01,51
2022,47021056,01,51
2022,47021058,01,51
2022,47021060,01,51
2022,47021062,01,51
2022,47021065,01,51
2022,47021066,01,51
2022,47021070,01,51
2022,47021072,01,51
2022,47021076,01,51
2022,47021079,01,51
2022,47021046,01,51
2022,47021048,01,51
2022,47021049,01,51
2022,47021051,01,51
2022,47021053,01,51
2022,47021055,01,51
2022,47021059,01,51
2022,47021063,01,51
2022,47021068,01,51
2022,47021071,01,51
2022,47021073,01,51
2022,47021074,01,51
2022,47021069,01,51
2022,47021075,01,51
2022,47021077,01,51
2022,47021078,01,51
2022,47021080,01,51
2022,47454695,01,51
2022,47454698,01,51
2022,47454711,01,51
2022,47454715,01,51
2022,47454718,01,51
2022,47454728,01,51
2022,47454732,01,51
2022,47454733,01,51
2022,47454734,01,51
2022,47454737,01,51
2022,47454740,01,51
2022,47454742,01,51
2022,47454754,01,51
2022,47454757,01,51
2022,47454768,01,51
2022,47454774,01,51
2022,47454701,01,51
2022,47454703,01,51
2022,47454705,01,51
2022,47454708,01,51
2022,47454716,01,51
2022,47454717,01,51
2022,47454719,01,51
2022,47454720,01,51
2022,47454724,01,51
2022,47454731,01,51
2022,47454736,01,51
2022,47454741,01,51
2022,47454752,01,51
2022,47454761,01,51
2022,47454765,01,51
2022,47454772,01,51
2022,47454697,01,51
2022,47454702,01,51
2022,47454707,01,51
2022,47454710,01,51
2022,47454712,01,51
2022,47454713,01,51
2022,47454714,01,51
2022,47454723,01,51
2022,47454739,01,51
2022,47454746,01,51
2022,47454749,01,51
2022,47454760,01,51
2022,47454775,01,51
2022,47454699,01,51
2022,47454704,01,51
2022,47454722,01,51
2022,47454727,01,51
2022,47454730,01,51
2022,47454743,01,51
2022,47454755,01,51
2022,47454758,01,51
2022,47454759,01,51
2022,47454763,01,51
2022,47454766,01,51
2022,47454706,01,51
2022,47454729,01,51
2022,47454745,01,51
2022,47454750,01,51
2022,47454753,01,51
2022,47454756,01,51
2022,47454767,01,51
2022,47454770,01,51
2022,47454771,01,51
2022,47454696,01,51
2022,47454700,01,51
2022,47454709,01,51
2022,47454721,01,51
2022,47454725,01,51
2022,47454726,01,51
2022,47454735,01,51
2022,47454738,01,51
2022,47454744,01,51
2022,47454747,01,51
2022,47454748,01,51
2022,47454751,01,51
2022,47454762,01,51
2022,47454764,01,51
2022,47454769,01,51
2022,47454773,01,51
2022,47582539,01,51
2022,47582540,01,51
2022,47582541,01,51
2022,47582542,01,51
2022,47582543,01,51
2022,47582544,01,51
2022,47582545,01,51
2022,47582546,01,51
2022,47582547,01,51
2022,47582548,01,51
2022,47582549,01,51
2022,47582550,01,51
2022,47582551,01,51
2022,47582552,01,51
2022,47582553,01,51
2022,47582554,01,51
2022,47582555,01,51
2022,47582556,01,51
2022,47582557,01,51
2022,47582558,01,51
2022,47582559,01,51
2022,47582560,01,51
2022,47582561,01,51
2022,47582562,01,51
2022,47582563,01,51
2022,47582564,01,51
2022,47582565,01,51
2022,47582566,01,51
2022,47582567,01,51
2022,47582568,01,51
2022,47582569,01,51
2022,47582570,01,51
2022,47582571,01,51
2022,47582572,01,51
2022,47582573,01,51
2022,47582574,01,51
2022,47582575,01,51
2022,47582576,01,51
2022,47582577,01,51
2022,47582578,01,51
2022,47582579,01,51
2022,47582580,01,51
2022,47582581,01,51
2022,47582582,01,51
2022,47582583,01,51
2022,47582584,01,51
2022,47582585,01,51
2022,47582586,01,51
2022,47582587,01,51
2022,47582588,01,51
2022,47582592,01,51
2022,47582595,01,51
2022,47582597,01,51
2022,47582589,01,51
2022,47582591,01,51
2022,47582593,01,51
2022,47582590,01,51
2022,47582594,01,51
2022,47582596,01,51
2022,47632837,01,51
2022,47632838,01,51
2022,44931066,01,51
2022,44931067,01,51
2022,46850092,01,51
2022,47923885,01,51
2022,47923887,01,51
2022,47923893,01,51
2022,47923886,01,51
2022,47923889,01,51
2022,47923890,01,51
2022,47923891,01,51
2022,47923892,01,51
2022,47923899,01,51
2022,47923901,01,51
2022,47923902,01,51
2022,47923905,01,51
2022,47923911,01,51
2022,47923916,01,51
2022,47923918,01,51
2022,47923923,01,51
2022,47923927,01,51
2022,47766733,01,51
2022,47894848,01,51
2022,47923883,01,51
2022,47923888,01,51
2022,47911356,01,51
2022,47923894,01,51
2022,47923895,01,51
2022,47923897,01,51
2022,47923898,01,51
2022,44467902,01,51
2022,47923903,01,51
2022,47923904,01,51
2022,47923906,01,51
2022,47923896,01,51
2022,47923900,01,51
2022,47923908,01,51
2022,47923909,01,51
2022,47923914,01,51
2022,47923915,01,51
2022,47923924,01,51
2022,47923925,01,51
2022,47923930,01,51
2022,47923936,01,51
2022,47923940,01,51
2022,47923907,01,51
2022,47923910,01,51
2022,47923912,01,51
2022,47923913,01,51
2022,47923917,01,51
2022,47923919,01,51
2022,47923920,01,51
2022,47923921,01,51
2022,47923922,01,51
2022,47923926,01,51
2022,47923928,01,51
2022,47923929,01,51
2022,47923931,01,51
2022,47923935,01,51
2022,47923937,01,51
2022,47923939,01,51
2022,47923932,01,51
2022,47923933,01,51
2022,47923934,01,51
2022,47923938,01,51
2022,47924259,01,51
2022,47924261,01,51
2022,47924263,01,51
2022,47924265,01,51
2022,47924267,01,51
2022,47924270,01,51
2022,47924257,01,51
2022,47924260,01,51
2022,47924262,01,51
2022,47924264,01,51
2022,47924258,01,51
2022,47924266,01,51
2022,47924268,01,51
2022,47924269,01,51
2022,44769258,01,51
2022,44769259,01,51
2022,44769260,01,51
2022,45075130,01,51
2022,45075128,01,51
2022,45075129,01,51
2022,45075131,01,51
2022,45075127,01,51
2022,45325584,01,51
2022,45325585,01,51
2022,45848098,01,51
2022,45848096,01,51
2022,46109979,01,51
2022,46373543,01,51
2022,46373544,01,51
2022,46373542,01,51
2022,46373545,01,51
2022,46800480,01,51
2022,46800482,01,51
2022,46800481,01,51
2022,44937951,01,51
2022,45048078,01,51
2022,45048076,01,51
2022,45048077,01,51
2022,45279190,01,51
2022,46800479,01,51
2022,46809729,01,51
2022,46893155,01,51
2022,45312627,01,51
2022,45499120,01,51
2022,45526234,01,51
2022,45512140,01,51
2022,45490844,01,51
2022,45714491,01,51
2022,47758920,01,51
2022,45714492,01,51
2022,47758922,01,51
2022,46083811,01,51
2022,47758924,01,51
2022,47646392,01,51
2022,46175203,01,51
2022,47646393,01,51
2022,47678261,01,51
2022,47647276,01,51
2022,45105823,01,51
2022,45105824,01,51
2022,45105825,01,51
2022,47454898,01,51
2022,44563780,01,51
2022,47840943,01,51
2022,47840944,01,51
2022,47840947,01,51
2022,47840949,01,51
2022,45040760,01,51
2022,45343802,01,51
2022,45516771,01,51
2022,45539484,01,51
2022,45710597,01,51
2022,45770620,01,51
2022,45933019,01,51
2022,45933018,01,51
2022,46518139,01,51
2022,46534228,01,51
2022,46547055,01,51
2022,47455083,01,51
2022,47455084,01,51
2022,44826542,01,51
2022,44826540,01,51
2022,44826541,01,51
2022,45747126,01,51
2022,45747132,01,51
2022,47840945,01,51
2022,47840946,01,51
2022,44854283,01,51
2022,44854284,01,51
2022,44922771,01,51
2022,45209051,01,51
2022,45272266,01,51
2022,45765155,01,51
2022,45765156,01,51
2022,45747127,01,51
2022,45747133,01,51
2022,47840948,01,51
2022,47916754,01,51
2022,47916753,01,51
2022,48257818,01,51
2022,48257819,01,51
2022,48257820,01,51
2022,48257821,01,51
2022,48257822,01,51
2022,48257823,01,51
2022,48257824,01,51
2022,48257825,01,51
2022,48257826,01,51
2022,46390765,01,51
2022,46390766,01,51
2022,47117383,01,51
2022,45765157,01,51
2022,45765916,01,51
2022,45818417,01,51
2022,44841174,01,51
2022,44841175,01,51
2022,44841176,01,51
2022,45818481,01,51
2022,44841177,01,51
2022,44841178,01,51
2022,45818482,01,51
2022,44841179,01,51
2022,44841180,01,51
2022,48372452,01,51
2022,44841181,01,51
2022,44841182,01,51
2022,44841183,01,51
2022,44841184,01,51
2022,44961809,01,51
2022,45045157,01,51
2022,45045158,01,51
2022,45045159,01,51
2022,45045160,01,51
2022,45045161,01,51
2022,45045162,01,51
2022,45045163,01,51
2022,45045164,01,51
2022,45164576,01,51
2022,45164577,01,51
2022,45310705,01,51
2022,45310709,01,51
2022,45310710,01,51
2022,48372457,01,51
2022,48372454,01,51
2022,48372456,01,51
2022,48372453,01,51
2022,48372455,01,51
2022,48372459,01,51
2022,48372458,01,51
2022,48372460,01,51
2022,48372461,01,51
2022,48372462,01,51
2022,45310706,01,51
2022,45310707,01,51
2022,45310708,01,51
2022,45310711,01,51
2022,45332103,01,51
2022,45530562,01,51
2022,45530564,01,51
2022,45530670,01,51
2022,45530671,01,51
2022,45530563,01,51
2022,45530672,01,51
2022,45530560,01,51
2022,45530561,01,51
2022,45530673,01,51
2022,45530674,01,51
2022,46086345,01,51
2022,46086348,01,51
2022,46086344,01,51
2022,46086346,01,51
2022,46086347,01,51
2022,46086713,01,51
2022,46086714,01,51
2022,46086716,01,51
2022,46086715,01,51
2022,48484743,01,51
2022,46086717,01,51
2022,46086719,01,51
2022,46086726,01,51
2022,46086718,01,51
2022,46086720,01,51
2022,46086723,01,51
2022,46086724,01,51
2022,46086721,01,51
2022,46086722,01,51
2022,46086725,01,51
2022,46281097,01,51
2022,46281098,01,51
2022,46281099,01,51
2022,46347807,01,51
2022,46632086,01,51
2022,46632092,01,51
2022,46632083,01,51
2022,46632085,01,51
2022,46632088,01,51
2022,46632090,01,51
2022,46632093,01,51
2022,46632077,01,51
2022,46632078,01,51
2022,46632079,01,51
2022,46632080,01,51
2022,46632081,01,51
2022,46632082,01,51
2022,46632084,01,51
2022,46632087,01,51
2022,46632089,01,51
2022,46632091,01,51
2022,48372464,01,51
2022,46820176,01,51
2022,48372463,01,51
2022,48372467,01,51
2022,48372465,01,51
2022,48372466,01,51
2022,48372469,01,51
2022,48372470,01,51
2022,48372468,01,51
2022,48372472,01,51
2022,48372474,01,51
2022,48372471,01,51
2022,48372473,01,51
2022,48372475,01,51
2022,45490923,01,51
2022,46820175,01,51
2022,46820180,01,51
2022,46820177,01,51
2022,46820179,01,51
2022,46820178,01,51
2022,46820181,01,51
2022,46820182,01,51
2022,46820183,01,51
2022,46846029,01,51
2022,47113979,01,51
2022,47029450,01,51
2022,47029451,01,51
2022,47029453,01,51
2022,47029452,01,51
2022,47454506,01,51
2022,47454508,01,51
2022,47454503,01,51
2022,47454504,01,51
2022,47454505,01,51
2022,47454507,01,51
2022,47454509,01,51
2022,47667463,01,51
2022,47667462,01,51
2022,47667465,01,51
2022,47667464,01,51
2022,45490925,01,51
2022,45490924,01,51
2022,45490929,01,51
2022,45490926,01,51
2022,45490927,01,51
2022,45490930,01,51
2022,45490933,01,51
2022,45490931,01,51
2022,45490932,01,51
2022,45490934,01,51
2022,45490935,01,51
2022,45490936,01,51
2022,45490937,01,51
2022,45490938,01,51
2022,45490939,01,51
2022,45664686,01,51
2022,45664687,01,51
2022,45664685,01,51
2022,45763159,01,51
2022,45664688,01,51
2022,45664689,01,51
2022,46067187,01,51
2022,48570331,01,51
2022,45272269,01,51
2022,44517803,01,51
2022,44517805,01,51
2022,44517802,01,51
2022,44517804,01,51
2022,44698828,01,51
2022,44698829,01,51
2022,44698830,01,51
2022,44699325,01,51
2022,44699326,01,51
2022,44950482,01,51
2022,44950483,01,51
2022,44950484,01,51
2022,48570332,01,51
2022,44950485,01,51
2022,44950486,01,51
2022,44977542,01,51
2022,44977543,01,51
2022,45209067,01,51
2022,45209065,01,51
2022,45209068,01,51
2022,45209066,01,51
2022,47633540,01,51
2022,44796396,01,51
2022,45209069,01,51
2022,45295945,01,51
2022,45295946,01,51
2022,45330954,01,51
2022,45332102,01,51
2022,45931969,01,51
2022,46517052,01,51
2022,46517387,01,51
2022,46742677,01,51
2022,46742679,01,51
2022,46742680,01,51
2022,46742678,01,51
2022,47455282,01,51
2022,47455283,01,51
2022,47510231,01,51
2022,45490975,01,51
2022,45490979,01,51
2022,45490974,01,51
2022,45490977,01,51
2022,45490981,01,51
2022,45490976,01,51
2022,45490978,01,51
2022,45490980,01,51
2022,45566127,01,51
2022,45295943,01,51
2022,45295944,01,51
2022,45303670,01,51
2022,45490982,01,51
2022,45640670,01,51
2022,45566128,01,51
2022,45580304,01,51
2022,45591595,01,51
2022,48154844,01,51
2022,48154845,01,51
2022,45848641,01,51
2022,45848642,01,51
2022,45848643,01,51
2022,45866691,01,51
2022,45867267,01,51
2022,45867268,01,51
2022,45867269,01,51
2022,45994718,01,51
2022,46011444,01,51
2022,46026850,01,51
2022,46026849,01,51
2022,46026848,01,51
2022,46032834,01,51
2022,46032835,01,51
2022,45315029,01,51
2022,45346355,01,51
2022,45346354,01,51
2022,45490663,01,51
2022,45490660,01,51
2022,45490662,01,51
2022,45490661,01,51
2022,45490668,01,51
2022,45490669,01,51
2022,45490667,01,51
2022,45490665,01,51
2022,45490666,01,51
2022,45710604,01,51
2022,45710603,01,51
2022,45763169,01,51
2022,45763171,01,51
2022,45763170,01,51
2022,45763172,01,51
2022,45967054,01,51
2022,45967053,01,51
2022,45967052,01,51
2022,46916238,01,51
2022,46916240,01,51
2022,46916243,01,51
2022,46032836,01,51
2022,46916241,01,51
2022,46040028,01,51
2022,46086343,01,51
2022,46086342,01,51
2022,46094962,01,51
2022,46094967,01,51
2022,46094964,01,51
2022,46043407,01,51
2022,46043410,01,51
2022,46043409,01,51
2022,46209453,01,51
2022,46209456,01,51
2022,46209457,01,51
2022,46209452,01,51
2022,46209454,01,51
2022,46209455,01,51
2022,46245977,01,51
2022,46245976,01,51
2022,46245978,01,51
2022,46230244,01,51
2022,46209458,01,51
2022,46213959,01,51
2022,46213960,01,51
2022,46213962,01,51
2022,46213961,01,51
2022,47891781,01,51
2022,46916239,01,51
2022,46916242,01,51
2022,46916244,01,51
2022,47454527,01,51
2022,47454528,01,51
2022,48224932,01,51
2022,48224933,01,51
2022,48226234,01,51
2022,48226235,01,51
2022,48226236,01,51
2022,48226238,01,51
2022,48226237,01,51
2022,48226239,01,51
2022,48226240,01,51
2022,48226241,01,51
2022,47025759,01,51
2022,47025761,01,51
2022,47025762,01,51
2022,47025760,01,51
2022,47025763,01,51
2022,47025764,01,51
2022,48228133,01,51
2022,48228135,01,51
2022,48228134,01,51
2022,48228136,01,51
2022,47454531,01,51
2022,47454532,01,51
2022,47454529,01,51
2022,47454530,01,51
2022,47454536,01,51
2022,47454539,01,51
2022,47454541,01,51
2022,47454543,01,51
2022,47454535,01,51
2022,47454542,01,51
2022,47454540,01,51
2022,47454537,01,51
2022,47454545,01,51
2022,47454546,01,51
2022,47454548,01,51
2022,47454550,01,51
2022,47454533,01,51
2022,47454534,01,51
2022,47454538,01,51
2022,47454547,01,51
2022,47454544,01,51
2022,47454549,01,51
2022,47454554,01,51
2022,47454551,01,51
2022,47454552,01,51
2022,47454553,01,51
2022,47714634,01,51
2022,47714633,01,51
2022,47714637,01,51
2022,47714635,01,51
2022,47714636,01,51
2022,45947246,01,51
2022,46175211,01,51
2022,46175210,01,51
2022,46528977,01,51
2022,46528978,01,51
2022,46528979,01,51
2022,46528980,01,51
2022,46528981,01,51
2022,46528982,01,51
2022,47891788,01,51
2022,47891784,01,51
2022,47891782,01,51
2022,46763333,01,51
2022,46763335,01,51
2022,47891786,01,51
2022,47891780,01,51
2022,47891787,01,51
2022,47891779,01,51
2022,46763334,01,51
2022,46763336,01,51
2022,47077141,01,51
2022,47077145,01,51
2022,47077142,01,51
2022,47077143,01,51
2022,47077144,01,51
2022,47077146,01,51
2022,47454555,01,51
2022,47978221,01,51
2022,47978222,01,51
2022,47978223,01,51
2022,48346074,01,51
2022,48346073,01,51
2022,47891783,01,51
2022,47891785,01,51
2022,47891789,01,51
2022,48327918,01,51
2022,48346075,01,51
2022,47891790,01,51
2022,48131358,01,51
2022,48131360,01,51
2022,45312638,01,51
2022,45312636,01,51
2022,45312637,01,51
2022,45741254,01,51
2022,45741253,01,51
2022,45741255,01,51
2022,45741256,01,51
2022,45741257,01,51
2022,45741258,01,51
2022,45741260,01,51
2022,45741259,01,51
2022,46018695,01,51
2022,46018693,01,51
2022,46018694,01,51
2022,46347808,01,51
2022,46347809,01,51
2022,46547058,01,51
2022,46547059,01,51
2022,46547060,01,51
2022,47891792,01,51
2022,47891798,01,51
2022,47891794,01,51
2022,47891791,01,51
2022,47891795,01,51
2022,47891796,01,51
2022,47891797,01,51
2022,47891793,01,51
2022,47891801,01,51
2022,47891800,01,51
2022,47891803,01,51
2022,47891799,01,51
2022,47891802,01,51
2022,47896511,01,51
2022,47896494,01,51
2022,47896500,01,51
2022,46763337,01,51
2022,46763338,01,51
2022,47077148,01,51
2022,47077147,01,51
2022,47077149,01,51
2022,47454681,01,51
2022,47454682,01,51
2022,47454683,01,51
2022,48240247,01,51
2022,48989768,01,51
2022,47574330,01,51
2022,47574331,01,51
2022,47574332,01,51
2022,47574333,01,51
2022,47896504,01,51
2022,47896495,01,51
2022,47896497,01,51
2022,47896499,01,51
2022,47896505,01,51
2022,47896496,01,51
2022,47896501,01,51
2022,47896498,01,51
2022,47896502,01,51
2022,47896503,01,51
2022,48327919,01,51
2022,47896513,01,51
2022,47896512,01,51
2022,47896508,01,51
2022,47896507,01,51
2022,47896510,01,51
2022,47896506,01,51
2022,47896509,01,51
2022,48327920,01,51
2022,47896514,01,51
2022,47896515,01,51
2022,47896516,01,51
2022,47891804,01,51
2022,47891806,01,51
2022,47891805,01,51
2022,45490972,17,53
2022,45765158,01,51
2022,45279193,01,51
2022,47862397,01,51
2022,47862398,01,51
2022,47862399,01,51
2022,45279192,01,51
2022,45279191,01,51
2022,45305136,01,51
2022,45305135,01,51
2022,45309140,01,51
2022,45309667,01,51
2022,45309668,01,51
2022,45309665,01,51
2022,45309671,01,51
2022,45330956,01,51
2022,45330955,01,51
2022,45330958,01,51
2022,45330960,01,51
2022,45330962,01,51
2022,45330959,01,51
2022,45330961,01,51
2022,45347117,01,51
2022,45491017,01,51
2022,45491019,01,51
2022,45491020,01,51
2022,45491022,01,51
2022,45491024,01,51
2022,45491023,01,51
2022,45491025,01,51
2022,45491018,01,51
2022,45491021,01,51
2022,45491026,01,51
2022,45491027,01,51
2022,45491029,01,51
2022,45526267,01,51
2022,45491041,01,51
2022,45491036,01,51
2022,45491030,01,51
2022,45536909,01,51
2022,45670829,01,51
2022,45754822,01,51
2022,45536874,01,51
2022,45536875,01,51
2022,45536881,01,51
2022,45536884,01,51
2022,45754823,01,51
2022,45764700,01,51
2022,45764698,01,51
2022,45764697,01,51
2022,45765159,01,51
2022,45710598,01,51
2022,45710599,01,51
2022,45714493,01,51
2022,45716403,01,51
2022,45736426,01,51
2022,45746790,01,51
2022,45746791,01,51
2022,45967046,01,51
2022,45993468,01,51
2022,46010544,01,51
2022,46083812,01,51
2022,46232961,01,51
2022,46259739,01,51
2022,47894853,01,51
2022,47894856,01,51
2022,47894857,01,51
2022,47894855,01,51
2022,47894852,01,51
2022,47894854,01,51
2022,47894859,01,51
2022,47894858,01,51
2022,47911359,01,51
2022,48062530,01,51
2022,48062529,01,51
2022,47954976,01,51
2022,47954978,01,51
2022,47954977,01,51
2022,47954979,01,51
2022,48062532,01,51
2022,48062531,01,51
2022,48062533,01,51
2022,48062534,01,51
2022,48062536,01,51
2022,48062538,01,51
2022,48062535,01,51
2022,48062537,01,51
2022,48131369,01,51
2022,48131370,01,51
2022,48131371,01,51
2022,44688051,01,51
2022,45536866,01,51
2022,45536868,01,51
2022,45536870,01,51
2022,45536871,01,51
2022,45536873,01,51
2022,45536878,01,51
2022,45536867,01,51
2022,45536869,01,51
2022,45536872,01,51
2022,45536876,01,51
2022,45536877,01,51
2022,45536879,01,51
2022,45536885,01,51
2022,44688052,01,51
2022,45536889,01,51
2022,45536892,01,51
2022,44688053,01,51
2022,45536893,01,51
2022,44875246,01,51
2022,45536894,01,51
2022,45536882,01,51
2022,45536886,01,51
2022,45536887,01,51
2022,45536880,01,51
2022,45536883,01,51
2022,45536890,01,51
2022,45536891,01,51
2022,45536888,01,51
2022,45539480,01,51
2022,45539478,01,51
2022,45539483,01,51
2022,45539482,01,51
2022,45539476,01,51
2022,45539475,01,51
2022,45539474,01,51
2022,45539477,01,51
2022,45539481,01,51
2022,44950105,01,51
2022,45009855,01,51
2022,45009856,01,51
2022,45040761,01,51
2022,45330963,01,51
2022,45539479,01,51
2022,45499133,01,51
2022,45536897,01,51
2022,45526268,01,51
2022,45536900,01,51
2022,45536901,01,51
2022,45526269,01,51
2022,45536896,01,51
2022,45536899,01,51
2022,45536902,01,51
2022,45536903,01,51
2022,45668451,01,51
2022,45536905,01,51
2022,45668450,01,51
2022,45536895,01,51
2022,45536898,01,51
2022,45536904,01,51
2022,45536906,01,51
2022,45536907,01,51
2022,45664680,01,51
2022,45746792,01,51
2022,45773162,01,51
2022,45773165,01,51
2022,45773167,01,51
2022,45773163,01,51
2022,45773169,01,51
2022,45773170,01,51
2022,45773164,01,51
2022,45773166,01,51
2022,45773168,01,51
2022,46032938,01,51
2022,46032939,01,51
2022,46032940,01,51
2022,46032945,01,51
2022,46032946,01,51
2022,46032948,01,51
2022,46032941,01,51
2022,46032943,01,51
2022,46032942,01,51
2022,46032944,01,51
2022,46032947,01,51
2022,46517390,01,51
2022,46517392,01,51
2022,46517394,01,51
2022,46517395,01,51
2022,46517389,01,51
2022,46517391,01,51
2022,46517393,01,51
2022,46517396,01,51
2022,46520110,01,51
2022,45701236,01,51
2022,45710600,01,51
2022,45714494,01,51
2022,45714495,01,51
2022,46043411,01,51
2022,46276940,01,51
2022,46602825,01,51
2022,46765368,01,51
2022,46601464,01,51
2022,46601465,01,51
2022,46601466,01,51
2022,46601467,01,51
2022,46601468,01,51
2022,46641556,01,51
2022,46601471,01,51
2022,46601469,01,51
2022,46698083,01,51
2022,46601470,01,51
2022,46701624,01,51
2022,46723443,01,51
2022,46863735,01,51
2022,46876089,01,51
2022,46863736,01,51
2022,46863731,01,51
2022,46863738,01,51
2022,47116970,01,51
2022,46863732,01,51
2022,46863733,01,51
2022,47222370,01,51
2022,46863734,01,51
2022,46863737,01,51
2022,47455345,01,51
2022,47155606,01,51
2022,47455346,01,51
2022,47155607,01,51
2022,47509519,01,51
2022,47454849,01,51
2022,47454853,01,51
2022,47570328,01,51
2022,47454854,01,51
2022,47632998,01,51
2022,47454851,01,51
2022,47454856,01,51
2022,44753151,01,51
2022,47454848,01,51
2022,44753150,01,51
2022,45056246,01,51
2022,45346348,01,51
2022,45346349,01,51
2022,45346347,01,51
2022,45346350,01,51
2022,45346346,01,51
2022,45346351,01,51
2022,45346345,01,51
2022,45491072,01,51
2022,45491073,01,51
2022,45491074,01,51
2022,45670834,01,51
2022,45670832,01,51
2022,45670835,01,51
2022,45670831,01,51
2022,45670833,01,51
2022,46001890,01,51
2022,46001891,01,51
2022,48375180,01,51
2022,47678271,01,51
2022,47678272,01,51
2022,46001892,01,51
2022,46001893,01,51
2022,46245432,01,51
2022,46245434,01,51
2022,46245439,01,51
2022,46245433,01,51
2022,46245436,01,51
2022,46245438,01,51
2022,46245435,01,51
2022,46245437,01,51
2022,48228155,01,51
2022,48228153,01,51
2022,48228150,01,51
2022,48228151,01,51
2022,48228152,01,51
2022,48228154,01,51
2022,48935633,01,51
2022,48944353,01,51
2022,44662322,01,51
2022,44662325,01,51
2022,44662328,01,51
2022,44662329,01,51
2022,44662332,01,51
2022,44662335,01,51
2022,44662336,01,51
2022,44662339,01,51
2022,44662340,01,51
2022,44662297,01,51
2022,44662302,01,51
2022,44662308,01,51
2022,44662313,01,51
2022,44662319,01,51
2022,44662321,01,51
2022,44662324,01,51
2022,44662326,01,51
2022,44662333,01,51
2022,44662338,01,51
2022,44662341,01,51
2022,44662299,01,51
2022,44662300,01,51
2022,44662304,01,51
2022,44662306,01,51
2022,44662309,01,51
2022,44662311,01,51
2022,44662312,01,51
2022,44662315,01,51
2022,44662316,01,51
2022,44662320,01,51
2022,44662298,01,51
2022,44662301,01,51
2022,44662303,01,51
2022,44662305,01,51
2022,44662307,01,51
2022,44662310,01,51
2022,44662314,01,51
2022,44662317,01,51
2022,44662318,01,51
2022,44662323,01,51
2022,44662327,01,51
2022,44662330,01,51
2022,44662331,01,51
2022,44662334,01,51
2022,44662337,01,51
2022,44662770,01,51
2022,44662771,01,51
2022,44662772,01,51
2022,44662773,01,51
2022,44662774,01,51
2022,44662775,01,51
2022,44673170,01,51
2022,44673171,01,51
2022,44698832,01,51
2022,44719034,01,51
2022,44719035,01,51
2022,44719033,01,51
2022,44719452,01,51
2022,44719451,01,51
2022,44725004,01,51
2022,44829064,01,51
2022,44829065,01,51
2022,44829066,01,51
2022,44854296,01,51
2022,44801474,01,51
2022,44801475,01,51
2022,44824632,01,51
2022,44824631,01,51
2022,44824633,01,51
2022,44854297,01,51
2022,44854298,01,51
2022,44854299,01,51
2022,44854300,01,51
2022,44854301,01,51
2022,44854302,01,51
2022,44854303,01,51
2022,44856929,01,51
2022,44856930,01,51
2022,44856931,01,51
2022,44856932,01,51
2022,44856934,01,51
2022,44856935,01,51
2022,44856933,01,51
2022,44856936,01,51
2022,44856937,01,51
2022,44926781,01,51
2022,44926782,01,51
2022,44926783,01,51
2022,44950487,01,51
2022,44950488,01,51
2022,44950489,01,51
2022,44950490,01,51
2022,44950491,01,51
2022,44950492,01,51
2022,44950493,01,51
2022,44950494,01,51
2022,44950495,01,51
2022,44962183,01,51
2022,44962184,01,51
2022,44970677,01,51
2022,48944779,01,51
2022,48995413,01,51
2022,45008530,01,51
2022,45026921,01,51
2022,45086827,01,51
2022,45086825,01,51
2022,45086823,01,51
2022,47960529,01,51
2022,45209070,01,51
2022,45267472,01,51
2022,45269582,01,51
2022,45310715,01,51
2022,45310713,01,51
2022,45310714,01,51
2022,45310712,01,51
2022,45310716,01,51
2022,45311363,01,51
2022,47978908,01,51
2022,48231773,01,51
2022,48231770,01,51
2022,47807112,01,51
2022,48231771,01,51
2022,48231772,01,51
2022,47978910,01,51
2022,44469722,01,51
2022,45298936,01,51
2022,45298935,01,51
2022,45301510,01,51
2022,45315031,01,51
2022,45315030,01,51
2022,45330968,01,51
2022,45491093,01,51
2022,44600945,01,51
2022,44600946,01,51
2022,45086829,01,51
2022,45091717,01,51
2022,45096917,01,51
2022,44633149,01,51
2022,45102129,01,51
2022,45120951,01,51
2022,45120950,01,51
2022,45332106,01,51
2022,45332105,01,51
2022,45332107,01,51
2022,45343805,01,51
2022,45526283,01,51
2022,45526281,01,51
2022,45526284,01,51
2022,45526287,01,51
2022,45526285,01,51
2022,45526286,01,51
2022,45491084,01,51
2022,45491085,01,51
2022,45491091,01,51
2022,45491095,01,51
2022,45491087,01,51
2022,45491089,01,51
2022,45491083,01,51
2022,45491086,01,51
2022,45491088,01,51
2022,45491090,01,51
2022,45491092,01,51
2022,45491094,01,51
2022,44673169,01,51
2022,44844980,01,51
2022,44907760,01,51
2022,44961807,01,51
2022,45091714,01,51
2022,45209061,01,51
2022,45267471,01,51
2022,45267470,01,51
2022,45533076,01,51
2022,45535143,01,51
2022,45535141,01,51
2022,45540060,01,51
2022,45541790,01,51
2022,45541791,01,51
2022,45590443,01,51
2022,45701242,01,51
2022,45710605,01,51
2022,45714028,01,51
2022,45714029,01,51
2022,45714505,01,51
2022,45714504,01,51
2022,45714503,01,51
2022,45716406,01,51
2022,45730714,01,51
2022,45731072,01,51
2022,45731073,01,51
2022,45731071,01,51
2022,45746794,01,51
2022,45746793,01,51
2022,45746796,01,51
2022,45746795,01,51
2022,45747134,01,51
2022,45848113,01,51
2022,45848114,01,51
2022,45270003,01,51
2022,45965337,01,51
2022,45965338,01,51
2022,45932809,01,51
2022,45295942,01,51
2022,45295941,01,51
2022,45309141,01,51
2022,45315448,01,51
2022,45320737,01,51
2022,45120949,01,51
2022,45140345,01,51
2022,45140348,01,51
2022,45140349,01,51
2022,48144220,01,51
2022,45330964,01,51
2022,45932808,01,51
2022,45346352,12,3
2022,45967406,01,51
2022,45500531,01,51
2022,45967407,01,51
2022,45510029,01,51
2022,45946152,01,51
2022,45491097,01,51
2022,45946153,01,51
2022,45491099,01,51
2022,45491096,01,51
2022,45866696,01,51
2022,45491098,01,51
2022,45954746,01,51
2022,45491100,01,51
2022,46071266,01,51
2022,45491101,01,51
2022,45491103,01,51
2022,46124601,01,51
2022,46124602,01,51
2022,45491104,01,51
2022,46124600,01,51
2022,45491102,01,51
2022,45993472,01,51
2022,45526297,01,51
2022,46001908,01,51
2022,46001907,01,51
2022,45705378,01,51
2022,45763160,01,51
2022,45763161,01,51
2022,45710601,16,52
2022,45710602,01,51
2022,45714498,01,51
2022,45714496,01,51
2022,45714497,17,53
2022,45716404,01,51
2022,45716405,01,51
2022,45736746,01,51
2022,45736745,01,51
2022,48144219,01,51
2022,45784616,01,51
2022,45844832,01,51
2022,45844834,01,51
2022,46009246,01,51
2022,46009245,01,51
2022,46010565,01,51
2022,46010563,01,51
2022,46015325,01,51
2022,46018696,01,51
2022,46019436,01,51
2022,46019435,01,51
2022,46156937,01,51
2022,45965252,01,51
2022,45965255,01,51
2022,45965253,01,51
2022,45965254,01,51
2022,45966285,01,51
2022,45966287,01,51
2022,45966286,01,51
2022,45848040,01,51
2022,45848036,01,51
2022,45848037,01,51
2022,45848039,01,51
2022,45848038,01,51
2022,45866695,01,51
2022,46233047,01,51
2022,46245445,01,51
2022,46175218,01,51
2022,46175219,01,51
2022,46175217,01,51
2022,46175987,01,51
2022,46225383,01,51
2022,45866694,16,52
2022,45866693,01,51
2022,46001899,01,51
2022,46009243,01,51
2022,46018690,01,51
2022,46026852,01,51
2022,48692418,16,52
2022,46026851,01,51
2022,46026853,01,51
2022,46245442,01,51
2022,46245441,01,51
2022,46245440,01,51
2022,46259086,01,51
2022,46259094,01,51
2022,46347810,01,51
2022,46259741,01,51
2022,46347811,01,51
2022,46349958,01,51
2022,46259740,01,51
2022,46349957,01,51
2022,46269486,01,51
2022,46351042,01,51
2022,46395486,01,51
2022,46396171,01,51
2022,46398422,01,51
2022,46398424,01,51
2022,46398423,01,51
2022,46472635,01,51
2022,46472636,01,51
2022,46472637,01,51
2022,46517399,01,51
2022,46517397,01,51
2022,46536298,01,51
2022,46536296,01,51
2022,46536297,01,51
2022,46548145,01,51
2022,46548146,01,51
2022,46548147,01,51
2022,46648369,01,51
2022,46698100,01,51
2022,46698101,01,51
2022,46742682,01,51
2022,46742681,01,51
2022,46742683,01,51
2022,46281095,01,51
2022,46281096,01,51
2022,46286194,01,51
2022,46332566,01,51
2022,46360550,01,51
2022,46373532,01,51
2022,46517053,01,51
2022,48692419,01,51
2022,46396154,01,51
2022,46401179,01,51
2022,46488346,01,51
2022,46488347,01,51
2022,46488827,01,51
2022,46520109,01,51
2022,46536291,01,51
2022,46536288,01,51
2022,46536289,01,51
2022,46538521,01,51
2022,46550115,01,51
2022,46578193,01,51
2022,46579286,01,51
2022,46579284,01,51
2022,46579285,01,51
2022,48403956,01,51
2022,46763329,17,53
2022,46820172,11,1
2022,46763339,01,51
2022,46763340,01,51
2022,46820173,01,51
2022,46839694,01,51
2022,46763341,01,51
2022,46846018,16,52
2022,46846019,01,51
2022,46846020,01,51
2022,46850093,01,51
2022,46611331,01,51
2022,46720818,01,51
2022,46752029,01,51
2022,48416766,01,51
2022,46868389,01,51
2022,46868390,11,1
2022,46763342,01,51
2022,46812922,01,51
2022,46834662,01,51
2022,46834661,01,51
2022,46858665,01,51
2022,46866461,01,51
2022,46916229,01,51
2022,46920492,16,52
2022,46920493,01,51
2022,46998490,01,51
2022,46998489,01,51
2022,46835353,01,51
2022,46850098,01,51
2022,46850097,01,51
2022,46850096,01,51
2022,46863739,01,51
2022,46894049,01,51
2022,46998500,01,51
2022,46998499,01,51
2022,46999243,01,51
2022,46999244,01,51
2022,47029783,01,51
2022,47077150,01,51
2022,47085279,01,51
2022,47085281,01,51
2022,47085280,01,51
2022,47455430,01,51
2022,47455436,01,51
2022,47455437,01,51
2022,47455435,01,51
2022,47455429,01,51
2022,47455431,01,51
2022,47455432,01,51
2022,47455433,01,51
2022,47455434,01,51
2022,47455440,01,51
2022,47455442,01,51
2022,47455441,01,51
2022,47455439,01,51
2022,47455443,01,51
2022,47455444,01,51
2022,47455445,01,51
2022,47455438,01,51
2022,47510238,01,51
2022,47510239,01,51
2022,47510240,01,51
2022,47510241,01,51
2022,47574335,01,51
2022,47578794,01,51
2022,47578795,01,51
2022,47578796,01,51
2022,47578797,01,51
2022,47578798,01,51
2022,47766083,01,51
2022,47766084,01,51
2022,47799873,01,51
2022,47799874,01,51
2022,47799875,01,51
2022,47799876,01,51
2022,47894864,01,51
2022,47894860,01,51
2022,47894861,01,51
2022,47894865,01,51
2022,47894862,01,51
2022,47894863,01,51
2022,47923941,01,51
2022,47647277,01,51
2022,47647278,01,51
2022,47647279,01,51
2022,45267473,01,51
2022,45268213,01,51
2022,45305327,01,51
2022,45305329,01,51
2022,45321435,01,51
2022,45321434,01,51
2022,45332109,01,51
2022,45332110,01,51
2022,45491105,01,51
2022,45676286,01,51
2022,45676287,01,51
2022,45676288,01,51
2022,45777269,01,51
2022,45777270,01,51
2022,45736764,01,51
2022,45848644,01,51
2022,46071267,01,51
2022,46124603,01,51
2022,46126027,01,51
2022,46086349,01,51
2022,48484744,01,51
2022,46396172,01,51
2022,46581730,01,51
2022,46641914,01,51
2022,46641915,01,51
2022,46641916,01,51
2022,47020973,01,51
2022,46641917,01,51
2022,46648370,01,51
2022,47132687,01,51
2022,46850099,01,51
2022,47132689,01,51
2022,46921156,01,51
2022,47132688,01,51
2022,47029784,01,51
2022,47029778,01,51
2022,47029785,01,51
2022,47029779,01,51
2022,47077151,01,51
2022,47089623,01,51
2022,47455483,01,51
2022,47157302,01,51
2022,47455484,01,51
2022,47455481,01,51
2022,47455482,01,51
2022,47455485,01,51
2022,47181350,01,51
2022,47455486,01,51
2022,47213668,01,51
2022,47582765,01,51
2022,47604221,01,51
2022,47213670,01,51
2022,47213669,01,51
2022,47766738,01,51
2022,47455464,01,51
2022,47950126,01,51
2022,47455469,01,51
2022,47455446,01,51
2022,47942477,01,51
2022,47455453,01,51
2022,47942478,01,51
2022,47455457,01,51
2022,47455461,01,51
2022,47455447,11,1
2022,47455449,01,51
2022,47455451,01,51
2022,47455458,01,51
2022,45535148,01,51
2022,45535147,01,51
2022,47455456,01,51
2022,45535150,01,51
2022,47455462,01,51
2022,45535151,01,51
2022,47455465,01,51
2022,45535149,01,51
2022,47455468,01,51
2022,47455463,01,51
2022,47455466,01,51
2022,47455467,01,51
2022,47455450,01,51
2022,45762640,01,51
2022,46043416,01,51
2022,47455459,01,51
2022,46043415,01,51
2022,47455454,01,51
2022,47455448,01,51
2022,47455452,01,51
2022,47455460,01,51
2022,46616965,01,51
2022,47455470,01,51
2022,46616966,01,51
2022,47455472,01,51
2022,47455474,01,51
2022,47455471,01,51
2022,47157775,01,51
2022,47455473,01,51
2022,47504465,01,51
2022,47157774,01,51
2022,47504464,01,51
2022,47455488,01,51
2022,47578781,01,51
2022,47455487,01,51
2022,47578782,01,51
2022,47578783,01,51
2022,47633316,01,51
2022,47678262,01,51
2022,45701237,01,51
2022,44890816,01,51
2022,44890817,01,51
2022,44890818,01,51
2022,44890819,01,51
2022,44890820,01,51
2022,44890821,01,51
2022,47025315,01,51
2022,44890822,01,51
2022,44890823,01,51
2022,44890824,01,51
2022,44890825,01,51
2022,44890826,01,51
2022,44890827,01,51
2022,44890828,01,51
2022,44890829,01,51
2022,47455553,01,51
2022,44890830,01,51
2022,44890831,01,51
2022,44890832,01,51
2022,46347767,01,51
2022,44890833,01,51
2022,45714506,01,51
2022,45714508,01,51
2022,45714509,01,51
2022,45714510,01,51
2022,45714511,01,51
2022,45714515,01,51
2022,45714516,01,51
2022,45714507,01,51
2022,45714514,01,51
2022,45714512,01,51
2022,45714513,01,51
2022,45714517,01,51
2022,45714518,01,51
2022,45714519,01,51
2022,45714520,01,51
2022,45715099,01,51
2022,45715100,01,51
2022,45715098,01,51
2022,48131378,01,51
2022,45715096,01,51
2022,45715097,01,51
2022,45715101,01,51
2022,45715102,01,51
2022,45715106,01,51
2022,45715110,01,51
2022,45715109,01,51
2022,45715111,01,51
2022,45715105,01,51
2022,45715108,01,51
2022,45715103,01,51
2022,45715104,01,51
2022,45715107,01,51
2022,45980718,01,51
2022,45980720,01,51
2022,45980717,01,51
2022,45980719,01,51
2022,45980722,01,51
2022,45980716,01,51
2022,45980721,01,51
2022,45980723,01,51
2022,45980724,01,51
2022,46173064,01,51
2022,46173066,01,51
2022,46173071,01,51
2022,46173072,01,51
2022,46173065,01,51
2022,46173068,01,51
2022,46173069,01,51
2022,46173070,01,51
2022,46173073,01,51
2022,46173062,01,51
2022,46173063,01,51
2022,46173067,01,51
2022,46517403,01,51
2022,46517404,01,51
2022,46517405,01,51
2022,46517406,01,51
2022,46517409,01,51
2022,46517400,01,51
2022,46517407,01,51
2022,46517408,01,51
2022,46820534,01,51
2022,46820530,01,51
2022,46820533,01,51
2022,46820532,01,51
2022,48131379,01,51
2022,48131380,01,51
2022,48131377,01,51
2022,44854290,01,51
2022,44854291,01,51
2022,44854292,01,51
2022,44854293,01,51
2022,44854294,01,51
2022,44854295,01,51
2022,45296433,01,51
2022,45491303,01,51
2022,45491304,01,51
2022,45491307,01,51
2022,45491305,01,51
2022,45491308,01,51
2022,45628473,01,51
2022,45628475,01,51
2022,45628474,01,51
2022,45628476,01,51
2022,45628472,01,51
2022,45628471,01,51
2022,45628469,01,51
2022,45628470,01,51
2022,45946147,01,51
2022,45946148,01,51
2022,45946149,01,51
2022,45946146,01,51
2022,45946150,01,51
2022,46043414,01,51
2022,46043413,01,51
2022,46043412,01,51
2022,46401180,01,51
2022,46401181,01,51
2022,46721088,01,51
2022,46721089,01,51
2022,46721090,01,51
2022,46916234,01,51
2022,46916232,01,51
2022,46916233,01,51
2022,46916231,01,51
2022,47455852,01,51
2022,47455855,01,51
2022,47455854,01,51
2022,47455853,01,51
2022,47455856,01,51
2022,47455857,01,51
2022,47455858,01,51
2022,46820535,01,51
2022,47805879,01,51
2022,46820537,01,51
2022,47805880,01,51
2022,47805881,01,51
2022,46820536,01,51
2022,46820531,01,51
2022,46876395,01,51
2022,46876397,01,51
2022,46876399,01,51
2022,46876401,01,51
2022,46876396,01,51
2022,46876398,01,51
2022,46876402,01,51
2022,47805882,01,51
2022,47805878,01,51
2022,47832047,01,51
2022,46876400,01,51
2022,46876403,01,51
2022,47455478,01,51
2022,47455480,01,51
2022,47455476,01,51
2022,47455479,01,51
2022,47455477,01,51
2022,47578799,01,51
2022,47578800,01,51
2022,47578801,01,51
2022,47578802,01,51
2022,47578803,01,51
2022,47578804,01,51
2022,47578805,01,51
2022,47578806,01,51
2022,47578807,01,51
2022,47578808,01,51
2022,47578809,01,51
2022,47578810,01,51
2022,47578811,01,51
2022,47578812,01,51
2022,47578813,01,51
2022,46866462,01,51
2022,46998492,01,51
2022,46998494,01,51
2022,46998491,01,51
2022,47948687,01,51
2022,47948686,01,51
2022,47948683,01,51
2022,47948684,01,51
2022,47948685,01,51
2022,47455889,01,51
2022,47455890,01,51
2022,47455892,01,51
2022,47455894,01,51
2022,47455891,01,51
2022,47455893,01,51
2022,47630295,01,51
2022,47630296,01,51
2022,47630297,01,51
2022,47630298,01,51
2022,47630299,01,51
2022,47630300,01,51
2022,47630301,01,51
2022,44950106,01,51
2022,45086791,01,51
2022,45330966,01,51
2022,45539512,01,51
2022,45780309,01,51
2022,46071260,01,51
2022,46083813,01,51
2022,46067188,01,51
2022,46367957,01,51
2022,46367956,01,51
2022,46641558,01,51
2022,46641557,01,51
2022,46648366,01,51
2022,46648367,01,51
2022,46648368,01,51
2022,46921154,01,51
2022,46921155,01,51
2022,47455896,01,51
2022,47455898,01,51
2022,47455895,01,51
2022,47455899,01,51
2022,47455900,01,51
2022,47455897,01,51
2022,47455901,01,51
2022,47489900,01,51
2022,47489905,01,51
2022,44470652,01,51
2022,46701628,01,51
2022,46701629,01,51
2022,46720820,01,51
2022,46720821,01,51
2022,46720823,01,51
2022,46720822,01,51
2022,46720824,01,51
2022,46720825,01,51
2022,46720826,01,51
2022,46720828,01,51
2022,46720830,01,51
2022,46720827,01,51
2022,46720829,01,51
2022,46720836,01,51
2022,46720831,01,51
2022,46720832,01,51
2022,46720833,01,51
2022,46720834,01,51
2022,46720835,01,51
2022,46720838,01,51
2022,46720837,01,51
2022,46720839,01,51
2022,44474940,01,51
2022,44474941,01,51
2022,44523990,01,51
2022,44552450,01,51
2022,44581556,01,51
2022,46771348,01,51
2022,44643898,01,51
2022,44662296,01,51
2022,44688054,01,51
2022,44961808,01,51
2022,45312629,01,51
2022,45309143,01,51
2022,45309142,01,51
2022,45491451,01,51
2022,45048086,01,51
2022,45086793,01,51
2022,45096897,01,51
2022,45096898,01,51
2022,46999233,01,51
2022,46999234,01,51
2022,46999235,01,51
2022,46999231,01,51
2022,46999236,01,51
2022,48800810,01,51
2022,46771394,01,51
2022,47840110,01,51
2022,47840141,01,51
2022,47840142,01,51
2022,47840143,01,51
2022,45311368,01,51
2022,45315060,01,51
2022,45315059,01,51
2022,45491385,01,51
2022,45491386,01,51
2022,45491387,01,51
2022,45491389,01,51
2022,45491388,01,51
2022,45526344,01,51
2022,45491396,01,51
2022,45491391,01,51
2022,45491393,01,51
2022,45491395,01,51
2022,45491390,01,51
2022,45491392,01,51
2022,45491394,01,51
2022,45590459,01,51
2022,45590463,01,51
2022,45590464,01,51
2022,45590466,01,51
2022,45590465,01,51
2022,45590468,01,51
2022,45590469,01,51
2022,45590467,01,51
2022,45773173,01,51
2022,45776663,01,51
2022,45776662,01,51
2022,45784628,01,51
2022,45784627,01,51
2022,45993473,01,51
2022,45993474,01,51
2022,46001912,01,51
2022,46001916,01,51
2022,46001914,01,51
2022,46001917,01,51
2022,47570332,01,51
2022,47950129,01,51
2022,47950130,01,51
2022,46018697,01,51
2022,46280591,01,51
2022,46280592,01,51
2022,46284433,01,51
2022,46284435,01,51
2022,46286195,01,51
2022,46520476,01,51
2022,46520477,01,51
2022,46520481,01,51
2022,46520478,01,51
2022,46520479,01,51
2022,46520480,01,51
2022,46520482,01,51
2022,46809026,01,51
2022,46811587,01,51
2022,46811588,01,51
2022,46834664,01,51
2022,46834663,01,51
2022,46834665,01,51
2022,46834666,01,51
2022,46834669,01,51
2022,46834667,01,51
2022,47022380,12,3
2022,47025317,01,51
2022,47025316,01,51
2022,47017176,01,51
2022,47017177,01,51
2022,47017179,01,51
2022,47017178,01,51
2022,47017180,01,51
2022,46834668,01,51
2022,47017652,01,51
2022,46859292,01,51
2022,46866475,01,51
2022,46866476,01,51
2022,47017657,01,51
2022,47021081,01,51
2022,47017653,01,51
2022,46631788,01,51
2022,47017655,01,51
2022,46631793,01,51
2022,47017656,01,51
2022,46631795,01,51
2022,47017654,01,51
2022,46631797,01,51
2022,47020974,01,51
2022,46631789,01,51
2022,46631791,01,51
2022,47020975,01,51
2022,46631796,01,51
2022,46631798,01,51
2022,47020976,01,51
2022,46631790,01,51
2022,47020977,01,51
2022,46631792,01,51
2022,46631794,01,51
2022,47022382,01,51
2022,46701631,01,51
2022,46701632,01,51
2022,47022381,01,51
2022,46701633,01,51
2022,46701634,01,51
2022,47022384,01,51
2022,47022383,01,51
2022,47025319,01,51
2022,46018698,01,51
2022,47022391,01,51
2022,47025320,01,51
2022,47022392,01,51
2022,47025324,01,51
2022,47132697,01,51
2022,47025322,01,51
2022,47132698,01,51
2022,47025323,01,51
2022,47132699,01,51
2022,47025318,01,51
2022,47132701,01,51
2022,47132700,01,51
2022,47025321,01,51
2022,47455868,01,51
2022,47455870,01,51
2022,47455872,01,51
2022,47455863,01,51
2022,47455864,01,51
2022,47455865,01,51
2022,47455866,01,51
2022,47455867,01,51
2022,47455860,01,51
2022,47455862,01,51
2022,47455869,01,51
2022,47455871,01,51
2022,47455873,01,51
2022,47455875,01,51
2022,47455874,01,51
2022,47455876,01,51
2022,47455886,01,51
2022,47455880,01,51
2022,47455879,01,51
2022,47455881,01,51
2022,47455882,01,51
2022,47455885,01,51
2022,47874733,01,51
2022,47641144,01,51
2022,47923943,01,51
2022,47924271,01,51
2022,47924272,01,51
2022,47950131,01,51
2022,47950132,01,51
2022,47920517,01,51
2022,47920518,01,51
2022,46800484,01,51
2022,46809024,01,51
2022,46809022,01,51
2022,46809023,01,51
2022,46809025,01,51
2022,46630846,01,51
2022,47108867,01,51
2022,47025757,01,51
2022,47025758,01,51
2022,47029448,01,51
2022,47030356,01,51
2022,47030358,01,51
2022,47030355,01,51
2022,47030357,01,51
2022,47030359,01,51
2022,47455923,01,51
2022,47213672,01,51
2022,47213673,01,51
2022,47455921,01,51
2022,47455922,01,51
2022,47455924,01,51
2022,47455925,01,51
2022,47455926,01,51
2022,47510232,01,51
2022,47510233,01,51
2022,47510234,01,51
2022,45628481,01,51
2022,46640666,01,51
2022,46640667,01,51
2022,46640668,01,51
2022,46698102,01,51
2022,46734416,01,51
2022,46734417,01,51
2022,45590473,01,51
2022,45628482,01,51
2022,45628480,01,51
2022,45628483,01,51
2022,45628479,01,51
2022,45590474,01,51
2022,45639714,01,51
2022,45664395,01,51
2022,45664713,01,51
2022,45668452,01,51
2022,46850100,01,51
2022,46876095,01,51
2022,45670838,01,51
2022,45670836,01,51
2022,45670837,01,51
2022,45670839,01,51
2022,47912614,01,51
2022,46865759,01,51
2022,46947770,01,51
2022,47951444,01,51
2022,47951440,01,51
2022,47951441,01,51
2022,47951443,01,51
2022,47951442,01,51
2022,47951430,01,51
2022,47951431,01,51
2022,47951432,01,51
2022,47951434,01,51
2022,47951433,01,51
2022,47951435,01,51
2022,47951436,01,51
2022,47951438,01,51
2022,47951445,01,51
2022,47951437,01,51
2022,48261001,01,51
2022,47912612,01,51
2022,47951439,01,51
2022,48261002,01,51
2022,47912613,01,51
2022,45213580,01,51
2022,46947769,01,51
2022,47021082,01,51
2022,47022393,01,51
2022,47029454,01,51
2022,47029455,01,51
2022,47029456,01,51
2022,47116971,01,51
2022,47044771,01,51
2022,47089413,01,51
2022,47089414,01,51
2022,47160092,01,51
2022,47160091,01,51
2022,47455861,01,51
2022,47455878,01,51
2022,47455877,01,51
2022,47455884,01,51
2022,47455887,01,51
2022,47455883,01,51
2022,45308551,01,51
2022,45308726,01,51
2022,45347347,01,51
2022,45818418,01,51
2022,45308727,01,51
2022,45308778,01,51
2022,45308780,01,51
2022,45308781,01,51
2022,45308782,01,51
2022,45308783,01,51
2022,45308784,01,51
2022,45308786,01,51
2022,45308779,01,51
2022,45308785,01,51
2022,45313582,01,51
2022,45313585,01,51
2022,45313580,01,51
2022,45313590,01,51
2022,45313583,01,51
2022,45313587,01,51
2022,45313591,01,51
2022,45314086,01,51
2022,45314090,01,51
2022,45314085,01,51
2022,45314087,01,51
2022,45314081,01,51
2022,45314082,01,51
2022,45314083,01,51
2022,45314084,01,51
2022,45314088,01,51
2022,45314089,01,51
2022,45314091,01,51
2022,45314092,01,51
2022,45315063,01,51
2022,45315064,01,51
2022,45315065,01,51
2022,45315077,01,51
2022,45315062,01,51
2022,45315069,01,51
2022,45315070,01,51
2022,45315074,01,51
2022,45315075,01,51
2022,45315072,01,51
2022,45315073,01,51
2022,45315066,01,51
2022,45315067,01,51
2022,45315068,01,51
2022,45315078,01,51
2022,45315071,01,51
2022,45330969,01,51
2022,45343806,01,51
2022,45499135,01,51
2022,45499600,01,51
2022,45499593,01,51
2022,45499594,01,51
2022,45499596,01,51
2022,45499597,01,51
2022,45499595,01,51
2022,45499598,01,51
2022,45499599,01,51
2022,45499601,01,51
2022,45499602,01,51
2022,45499899,01,51
2022,45491456,01,51
2022,45491458,01,51
2022,45491455,01,51
2022,45491457,01,51
2022,45491459,01,51
2022,45535600,01,51
2022,45535605,01,51
2022,45535599,01,51
2022,45535601,01,51
2022,45535598,01,51
2022,45535604,01,51
2022,45535602,01,51
2022,45535603,01,51
2022,45566173,01,51
2022,45566174,01,51
2022,45676289,01,51
2022,45676290,01,51
2022,45676291,01,51
2022,45676292,01,51
2022,45676293,01,51
2022,45676295,01,51
2022,45676299,01,51
2022,45676294,01,51
2022,45676296,01,51
2022,45676297,01,51
2022,45676300,01,51
2022,45676298,01,51
2022,45709220,01,51
2022,45709221,01,51
2022,45709223,01,51
2022,45709222,01,51
2022,45769665,01,51
2022,45715898,01,51
2022,45715899,01,51
2022,45746797,01,51
2022,45746799,01,51
2022,45746798,01,51
2022,46616725,01,51
2022,44719449,01,51
2022,44719450,01,51
2022,44719445,01,51
2022,44719448,01,51
2022,44719446,01,51
2022,45701239,01,51
2022,45701238,01,51
2022,45702347,01,51
2022,45702348,01,51
2022,46613757,01,51
2022,46632076,01,51
2022,46603132,01,51
2022,46603133,01,51
2022,46603134,01,51
2022,46603135,01,51
2022,46613752,01,51
2022,46613753,01,51
2022,46613754,01,51
2022,46613755,01,51
2022,46613756,01,51
2022,46632073,01,51
2022,46632075,01,51
2022,46632074,01,51
2022,46698084,01,51
2022,46698085,01,51
2022,46752031,01,51
2022,46752033,01,51
2022,46752030,01,51
2022,46752032,01,51
2022,46752035,01,51
2022,46752036,01,51
2022,46752037,01,51
2022,46752038,01,51
2022,46752039,01,51
2022,46752040,01,51
2022,46752041,01,51
2022,46752042,01,51
2022,46752043,01,51
2022,46752044,01,51
2022,46752045,01,51
2022,46752046,01,51
2022,46752496,01,51
2022,46763586,01,51
2022,46763330,01,51
2022,45787954,01,51
2022,45787959,01,51
2022,45787953,01,51
2022,45787958,01,51
2022,45787949,01,51
2022,45787956,01,51
2022,45787951,01,51
2022,45844835,01,51
2022,46157715,01,51
2022,46157714,01,51
2022,46210389,01,51
2022,46210388,01,51
2022,46210384,01,51
2022,46210385,01,51
2022,46210386,01,51
2022,46210387,01,51
2022,46245446,01,51
2022,46245447,01,51
2022,46245451,01,51
2022,46245448,01,51
2022,46245449,01,51
2022,46245450,01,51
2022,46213813,01,51
2022,46213814,01,51
2022,46213816,01,51
2022,46213812,01,51
2022,46213815,01,51
2022,46213817,01,51
2022,46347531,01,51
2022,46347532,01,51
2022,46347533,01,51
2022,46347534,01,51
2022,46347536,01,51
2022,46347537,01,51
2022,46347535,01,51
2022,47455933,01,51
2022,47455934,01,51
2022,46538991,01,51
2022,46538993,01,51
2022,46538997,01,51
2022,46539000,01,51
2022,46538995,01,51
2022,46538996,01,51
2022,46538998,01,51
2022,46538992,01,51
2022,46538994,01,51
2022,46538999,01,51
2022,46601472,01,51
2022,46601479,01,51
2022,46763331,01,51
2022,46601473,01,51
2022,46601474,01,51
2022,46601475,01,51
2022,46601478,01,51
2022,46839695,01,51
2022,46601483,01,51
2022,46601476,01,51
2022,46601477,01,51
2022,46601480,01,51
2022,46601482,01,51
2022,46601481,01,51
2022,46633873,01,51
2022,46846034,01,51
2022,46846031,01,51
2022,46846032,01,51
2022,46850104,01,51
2022,46850103,01,51
2022,46850102,01,51
2022,46858666,01,51
2022,46752497,01,51
2022,46752498,01,51
2022,46752499,01,51
2022,46840768,01,51
2022,46840770,01,51
2022,46840772,01,51
2022,46840777,01,51
2022,46840775,01,51
2022,46876090,01,51
2022,46876092,01,51
2022,46876091,01,51
2022,46876392,01,51
2022,46876391,01,51
2022,46876394,01,51
2022,46850101,01,51
2022,46876393,01,51
2022,47456171,01,51
2022,47456170,01,51
2022,47632999,01,51
2022,47633310,01,51
2022,47633311,01,51
2022,47633312,01,51
2022,46233001,01,51
2022,46232999,01,51
2022,46233002,01,51
2022,46233000,01,51
2022,46233003,01,51
2022,46233004,01,51
2022,46233005,01,51
2022,46233006,01,51
2022,46233007,01,51
2022,46233008,01,51
2022,47017182,01,51
2022,46850105,01,51
2022,46850107,01,51
2022,46850106,01,51
2022,46850108,01,51
2022,47017659,01,51
2022,47017662,01,51
2022,46743193,01,51
2022,46743194,01,51
2022,47017660,01,51
2022,46743195,01,51
2022,47017661,01,51
2022,46743196,01,51
2022,47017658,01,51
2022,46743197,01,51
2022,47017663,01,51
2022,46743198,01,51
2022,46743199,01,51
2022,47017664,01,51
2022,46743200,01,51
2022,46743201,01,51
2022,47020979,01,51
2022,46743202,01,51
2022,46743203,01,51
2022,46743204,01,51
2022,46743205,01,51
2022,46743206,01,51
2022,47020980,01,51
2022,47455936,01,51
2022,47455937,01,51
2022,47455941,01,51
2022,47455946,01,51
2022,47455951,01,51
2022,47455952,01,51
2022,47455943,01,51
2022,47455945,01,51
2022,47455947,01,51
2022,47455949,01,51
2022,47455954,01,51
2022,47455935,01,51
2022,47455938,01,51
2022,47455939,01,51
2022,47455940,01,51
2022,47455942,01,51
2022,47455944,01,51
2022,47455948,01,51
2022,47455950,01,51
2022,47455953,01,51
2022,47455955,01,51
2022,47455956,01,51
2022,47455959,01,51
2022,47455975,01,51
2022,47455978,01,51
2022,47455979,01,51
2022,47455980,01,51
2022,47455958,01,51
2022,47455961,01,51
2022,47455962,01,51
2022,47455966,01,51
2022,47455967,01,51
2022,47455968,01,51
2022,47455970,01,51
2022,47455973,01,51
2022,47455976,01,51
2022,47455977,01,51
2022,47455981,01,51
2022,47455957,01,51
2022,47455960,01,51
2022,47455963,01,51
2022,47455964,01,51
2022,47455965,01,51
2022,47455969,01,51
2022,47455971,01,51
2022,47455972,01,51
2022,47455974,01,51
2022,47455982,01,51
2022,47020981,01,51
2022,47020982,01,51
2022,47020983,01,51
2022,47020984,01,51
2022,47020985,01,51
2022,47022385,01,51
2022,47022386,01,51
2022,47022390,01,51
2022,47022387,01,51
2022,47022388,01,51
2022,47022389,01,51
2022,46858668,01,51
2022,46858667,01,51
2022,46999238,01,51
2022,46999237,01,51
2022,46999240,01,51
2022,46999239,01,51
2022,46956361,01,51
2022,47017183,01,51
2022,47017185,01,51
2022,47017184,01,51
2022,47025325,01,51
2022,47025326,01,51
2022,47025327,01,51
2022,47025328,01,51
2022,47044768,01,51
2022,47044769,01,51
2022,47108868,01,51
2022,47173514,01,51
2022,47456334,01,51
2022,47456333,01,51
2022,47456336,01,51
2022,47456335,01,51
2022,47456337,01,51
2022,47456339,01,51
2022,47456338,01,51
2022,47510235,01,51
2022,47510236,01,51
2022,47894886,01,51
2022,47894885,01,51
2022,47880341,01,51
2022,47880340,01,51
2022,47862419,01,51
2022,47862420,01,51
2022,47889313,01,51
2022,47889312,01,51
2022,47910364,01,51
2022,47910363,01,51
2022,44751419,01,51
2022,47649006,01,51
2022,47648999,01,51
2022,47649000,01,51
2022,47649001,01,51
2022,47649002,01,51
2022,47649003,01,51
2022,47649004,01,51
2022,46331857,01,51
2022,46331858,01,51
2022,46331859,01,51
2022,46331860,01,51
2022,46331861,01,51
2022,46331862,01,51
2022,46331863,01,51
2022,46331864,01,51
2022,46331865,01,51
2022,46331866,01,51
2022,46331867,01,51
2022,46331868,01,51
2022,46331869,01,51
2022,46331870,01,51
2022,46331871,01,51
2022,46618959,01,51
2022,46618962,01,51
2022,46618963,01,51
2022,46618965,01,51
2022,46618966,01,51
2022,46618960,01,51
2022,46618964,01,51
2022,46618967,01,51
2022,44962180,01,51
2022,44962181,01,51
2022,45048088,01,51
2022,45515792,01,51
2022,45932807,01,51
2022,46032989,01,51
2022,46618961,01,51
2022,46866479,01,51
2022,46866477,01,51
2022,46866478,01,51
2022,46866480,01,51
2022,46032990,01,51
2022,47216342,01,51
2022,47216343,01,51
2022,47216341,01,51
2022,47216345,01,51
2022,47216344,01,51
2022,48484745,01,51
2022,47456039,01,51
2022,47456040,01,51
2022,47456041,01,51
2022,47456046,01,51
2022,47456048,01,51
2022,47456036,01,51
2022,47456038,01,51
2022,47456042,01,51
2022,47456043,01,51
2022,47456044,01,51
2022,47456045,01,51
2022,47456037,01,51
2022,47456047,01,51
2022,47713304,01,51
2022,47713299,01,51
2022,47713300,01,51
2022,47713301,01,51
2022,47713302,01,51
2022,47713303,01,51
2022,47713305,01,51
2022,47713306,01,51
2022,44801480,01,51
2022,44801476,01,51
2022,44801479,01,51
2022,44801477,01,51
2022,44801478,01,51
2022,44801481,01,51
2022,45086878,01,51
2022,45086880,01,51
2022,45086882,01,51
2022,45320745,01,51
2022,45320747,01,51
2022,45320748,01,51
2022,45320749,01,51
2022,45320746,01,51
2022,45526395,01,51
2022,45526393,01,51
2022,45526382,01,51
2022,45526380,01,51
2022,45526384,01,51
2022,45526388,01,51
2022,46311218,01,51
2022,45526392,01,51
2022,45526386,01,51
2022,45526381,01,51
2022,45526387,01,51
2022,46603136,01,51
2022,45526390,01,51
2022,46603137,01,51
2022,45763175,01,51
2022,46835822,01,51
2022,45763177,01,51
2022,45763178,01,51
2022,45763180,01,51
2022,46876093,01,51
2022,45763181,01,51
2022,45763173,01,51
2022,45763174,01,51
2022,46876094,01,51
2022,45763176,01,51
2022,46930380,01,51
2022,45763179,01,51
2022,46752047,01,51
2022,46930381,01,51
2022,47028837,01,51
2022,47216278,01,51
2022,47216277,01,51
2022,47216280,01,51
2022,47456381,01,51
2022,47456382,01,51
2022,45512144,01,51
2022,45750241,01,51
2022,45750242,01,51
2022,45754824,16,52
2022,46156888,01,51
2022,46156890,01,51
2022,47978918,01,51
2022,48257301,01,51
2022,48340483,01,51
2022,45313562,01,51
2022,45491785,01,51
2022,45750243,01,51
2022,46277246,01,51
2022,47181351,01,51
2022,47456385,01,51
2022,44751420,01,51
2022,46024967,01,51
2022,46024961,01,51
2022,46024964,01,51
2022,46024970,01,51
2022,46024965,01,51
2022,46024969,01,51
2022,46024966,01,51
2022,46024962,01,51
2022,46024971,01,51
2022,46395487,01,51
2022,46395488,01,51
2022,46395489,01,51
2022,46395490,01,51
2022,46395491,01,51
2022,46395492,01,51
2022,46395493,01,51
2022,46395494,01,51
2022,46395495,01,51
2022,46395496,01,51
2022,46395497,01,51
2022,46611333,01,51
2022,46611334,01,51
2022,46611335,01,51
2022,46611336,01,51
2022,46611337,01,51
2022,46846044,01,51
2022,46846045,01,51
2022,46846050,01,51
2022,46846053,01,51
2022,46846059,01,51
2022,46846055,01,51
2022,46846060,01,51
2022,46846048,01,51
2022,46846049,01,51
2022,46846056,01,51
2022,46846052,01,51
2022,46846046,01,51
2022,46846058,01,51
2022,47143927,01,51
2022,47143928,01,51
2022,47143925,01,51
2022,47143929,01,51
2022,47143924,01,51
2022,47143926,01,51
2022,47143930,01,51
2022,47143931,01,51
2022,47456206,01,51
2022,47456205,01,51
2022,47456207,01,51
2022,47456209,01,51
2022,47456208,01,51
2022,47456210,01,51
2022,47639905,01,51
2022,47639906,01,51
2022,47639908,01,51
2022,47639909,01,51
2022,47639907,01,51
2022,44830006,01,51
2022,44830007,01,51
2022,44830008,01,51
2022,44830009,01,51
2022,44830010,01,51
2022,44844981,01,51
2022,44844982,01,51
2022,44846514,01,51
2022,44978000,01,51
2022,44978001,01,51
2022,44978002,01,51
2022,44978003,01,51
2022,44978004,01,51
2022,45042339,01,51
2022,45042340,01,51
2022,45042342,01,51
2022,44751421,01,51
2022,45491851,01,51
2022,45491858,01,51
2022,44802476,01,51
2022,45491853,01,51
2022,45491856,01,51
2022,45491859,01,51
2022,45491860,01,51
2022,45491862,01,51
2022,44856928,01,51
2022,45491852,01,51
2022,45209062,01,51
2022,45491854,01,51
2022,45491855,01,51
2022,45491857,01,51
2022,45209063,01,51
2022,45491861,01,51
2022,45042341,01,51
2022,45703302,01,51
2022,45703303,01,51
2022,45703299,01,51
2022,45703301,01,51
2022,45703300,01,51
2022,45965648,01,51
2022,45965652,01,51
2022,45965656,01,51
2022,45965649,01,51
2022,45965651,01,51
2022,45965653,01,51
2022,45965654,01,51
2022,45965650,01,51
2022,45965655,01,51
2022,46173462,01,51
2022,46173465,01,51
2022,46173468,01,51
2022,46173463,01,51
2022,46173464,01,51
2022,46173466,01,51
2022,46173467,01,51
2022,46379134,01,51
2022,46379136,01,51
2022,46379135,01,51
2022,46379137,01,51
2022,46811592,01,51
2022,46811594,01,51
2022,46811598,01,51
2022,46811590,01,51
2022,46811591,01,51
2022,46811593,01,51
2022,46811595,01,51
2022,46811597,01,51
2022,46811596,01,51
2022,47143932,01,51
2022,47132702,01,51
2022,47117385,01,51
2022,47117387,01,51
2022,47117384,01,51
2022,47117386,01,51
2022,47510243,01,51
2022,47510244,01,51
2022,47510245,01,51
2022,47511059,01,51
2022,47511060,01,51
2022,47511061,01,51
2022,47511062,01,51
2022,47511063,01,51
2022,47511064,01,51
2022,47511065,01,51
2022,47511066,01,51
2022,47511067,01,51
2022,47633318,01,51
2022,47633319,01,51
2022,47633320,01,51
2022,47633321,01,51
2022,47633322,01,51
2022,47633323,01,51
2022,47633324,01,51
2022,47633325,01,51
2022,47633326,01,51
2022,47633327,01,51
2022,47633328,01,51
2022,47646394,01,51
2022,47646395,01,51
2022,47646396,01,51
2022,47910365,01,51
2022,45343803,01,51
2022,45086797,01,51
2022,45091715,01,51
2022,45343804,01,51
2022,45491796,01,51
2022,45491797,01,51
2022,45535175,01,51
2022,45579618,01,51
2022,45579619,01,51
2022,46245444,01,51
2022,46239808,01,51
2022,48137351,01,51
2022,48137352,01,51
2022,48153587,01,51
2022,45491927,01,51
2022,45491931,01,51
2022,45491934,01,51
2022,45491936,01,51
2022,45491939,01,51
2022,45491940,01,51
2022,45491943,01,51
2022,45491928,01,51
2022,45491929,01,51
2022,45491932,01,51
2022,45491935,01,51
2022,45491937,01,51
2022,45491941,01,51
2022,45491942,01,51
2022,48153588,01,51
2022,48154846,01,51
2022,45491930,01,51
2022,45491933,01,51
2022,45491938,01,51
2022,45491944,01,51
2022,45491945,01,51
2022,45526435,01,51
2022,45526439,01,51
2022,45526436,01,51
2022,45526443,01,51
2022,45526437,01,51
2022,45526441,01,51
2022,45526438,01,51
2022,45526440,01,51
2022,45491947,01,51
2022,45491946,01,51
2022,45491948,01,51
2022,45535182,01,51
2022,45535180,01,51
2022,45535181,01,51
2022,45754830,01,51
2022,45754829,01,51
2022,45716407,01,51
2022,45716409,01,51
2022,45716408,01,51
2022,45716410,01,51
2022,45776687,01,51
2022,45776692,01,51
2022,48154847,01,51
2022,48154848,01,51
2022,48154849,01,51
2022,48154850,01,51
2022,48154851,01,51
2022,48155149,01,51
2022,45776685,01,51
2022,48155150,01,51
2022,48155151,01,51
2022,45776686,01,51
2022,45776688,01,51
2022,45776691,01,51
2022,48155152,01,51
2022,45510066,01,51
2022,45776689,01,51
2022,45776690,01,51
2022,45776693,01,51
2022,45965339,01,51
2022,46124604,01,51
2022,46347538,01,51
2022,46347812,01,51
2022,46347813,01,51
2022,46347814,01,51
2022,46347815,01,51
2022,46347816,01,51
2022,46398426,01,51
2022,46398425,01,51
2022,46430037,01,51
2022,46587840,01,51
2022,46587841,01,51
2022,46587843,01,51
2022,46587844,01,51
2022,46587845,01,51
2022,46587846,01,51
2022,46611979,01,51
2022,46611978,01,51
2022,46630847,01,51
2022,46630848,01,51
2022,46630849,01,51
2022,46630850,01,51
2022,46640669,01,51
2022,46640670,01,51
2022,48484746,01,51
2022,46840805,01,51
2022,46840808,01,51
2022,46850110,01,51
2022,46850109,01,51
2022,46859297,01,51
2022,46859293,01,51
2022,46859294,01,51
2022,45510073,01,51
2022,45510065,01,51
2022,45510072,01,51
2022,45510068,01,51
2022,45510069,01,51
2022,45510070,01,51
2022,45510071,01,51
2022,45510075,01,51
2022,45510078,01,51
2022,45510087,01,51
2022,45510076,01,51
2022,45510080,01,51
2022,45510074,01,51
2022,45510079,01,51
2022,45510088,01,51
2022,45510085,01,51
2022,45510082,01,51
2022,45510083,01,51
2022,45510086,01,51
2022,45510084,01,51
2022,45510089,01,51
2022,45510095,01,51
2022,45510090,01,51
2022,45510091,01,51
2022,45510094,01,51
2022,45510092,01,51
2022,45510093,01,51
2022,45754825,01,51
2022,45754827,01,51
2022,45754826,01,51
2022,45773177,01,51
2022,45773180,01,51
2022,45773178,01,51
2022,45773181,01,51
2022,45773182,01,51
2022,45773176,01,51
2022,45773179,01,51
2022,46024951,01,51
2022,46024945,01,51
2022,46024941,01,51
2022,46024950,01,51
2022,46024952,01,51
2022,46024942,01,51
2022,46024943,01,51
2022,46024944,01,51
2022,46024946,01,51
2022,46024949,01,51
2022,46024947,01,51
2022,46390762,01,51
2022,46390763,01,51
2022,46390764,01,51
2022,46641560,01,51
2022,46641561,01,51
2022,46641564,01,51
2022,46641566,01,51
2022,46641559,01,51
2022,46641563,01,51
2022,46641565,01,51
2022,46641568,01,51
2022,46641567,01,51
2022,46919116,01,51
2022,46919112,01,51
2022,46919113,01,51
2022,46919114,01,51
2022,46919115,01,51
2022,46919117,01,51
2022,46641562,01,51
2022,47189837,01,51
2022,47189838,01,51
2022,47456512,01,51
2022,47456514,01,51
2022,47456513,01,51
2022,47456515,01,51
2022,47678265,01,51
2022,47678268,01,51
2022,47678266,01,51
2022,47678267,01,51
2022,45765160,01,51
2022,45771436,01,51
2022,45771437,01,51
2022,45491905,01,51
2022,45491907,01,51
2022,45491908,01,51
2022,45491906,01,51
2022,45491909,01,51
2022,45510096,01,51
2022,45491911,01,51
2022,45491910,01,51
2022,45491912,01,51
2022,45590520,01,51
2022,45965256,01,51
2022,45966288,01,51
2022,45848041,01,51
2022,46071261,01,51
2022,46116426,01,51
2022,46859295,01,51
2022,44719031,01,51
2022,44719032,01,51
2022,45034435,01,51
2022,45034437,01,51
2022,45034441,01,51
2022,45034442,01,51
2022,45034443,01,51
2022,45034436,01,51
2022,45034438,01,51
2022,45034439,01,51
2022,45034440,01,51
2022,45330967,01,51
2022,45628503,01,51
2022,45628505,01,51
2022,45628504,01,51
2022,45750244,01,51
2022,45750245,01,51
2022,46071262,01,51
2022,46071263,01,51
2022,46331851,01,51
2022,46331852,01,51
2022,46611974,01,51
2022,46611975,01,51
2022,46611973,01,51
2022,46846025,01,51
2022,46846023,01,51
2022,46846024,01,51
2022,46846026,01,51
2022,46858669,01,51
2022,47173532,01,51
2022,47173535,01,51
2022,47173536,01,51
2022,47173538,01,51
2022,47173530,01,51
2022,47173533,01,51
2022,47456520,01,51
2022,47456516,01,51
2022,47456518,01,51
2022,47456517,01,51
2022,47456519,01,51
2022,47646384,01,51
2022,47646385,01,51
2022,46859296,01,51
2022,47646386,01,51
2022,47646387,01,51
2022,47646388,01,51
2022,47646389,01,51
2022,46921158,01,51
2022,47646390,01,51
2022,46647643,01,51
2022,46921157,01,51
2022,46921159,01,51
2022,46956374,01,51
2022,47155608,01,51
2022,47155609,01,51
2022,46647652,01,51
2022,47157307,01,51
2022,46647654,01,51
2022,47456550,01,51
2022,46647658,01,51
2022,46647644,14,7
2022,46647653,01,51
2022,47160093,01,51
2022,46647655,01,51
2022,47213675,01,51
2022,46647657,01,51
2022,47456556,01,51
2022,46647642,01,51
2022,47456557,01,51
2022,47456551,01,51
2022,46647645,01,51
2022,47456553,01,51
2022,46647656,01,51
2022,47456555,01,51
2022,46647660,01,51
2022,47456549,01,51
2022,47456552,01,51
2022,46647662,01,51
2022,47456554,01,51
2022,47456558,01,51
2022,46647659,01,51
2022,46647661,01,51
2022,47456559,01,51
2022,46647665,01,51
2022,47456560,01,51
2022,46647667,01,51
2022,47920519,01,51
2022,46647666,01,51
2022,47678273,01,51
2022,47678276,01,51
2022,46647668,01,51
2022,47678274,01,51
2022,46647669,01,51
2022,47678275,01,51
2022,46647670,01,51
2022,46647671,01,51
2022,46647672,01,51
2022,46647673,01,51
2022,46647674,01,51
2022,46647646,01,51
2022,46647649,01,51
2022,46647647,01,51
2022,46647648,01,51
2022,46647650,01,51
2022,46647651,01,51
2022,46647663,01,51
2022,46647664,01,51
2022,46647675,01,51
2022,46647676,01,51
2022,46647677,01,51
2022,46647678,01,51
2022,46647679,01,51
2022,46647680,01,51
2022,46647681,01,51
2022,46647682,01,51
2022,46647683,01,51
2022,46647684,01,51
2022,46647685,01,51
2022,46647686,14,7
2022,46647687,01,51
2022,46647688,01,51
2022,46647689,01,51
2022,46647690,01,51
2022,46647691,01,51
2022,46647692,01,51
2022,46647693,01,51
2022,46647694,01,51
2022,46647695,01,51
2022,47630302,01,51
2022,47630303,01,51
2022,47630304,01,51
2022,47630305,01,51
2022,47630306,01,51
2022,47630307,01,51
2022,47630308,01,51
2022,45034444,01,51
2022,45035251,01,51
2022,45035252,01,51
2022,45298932,01,51
2022,45298933,01,51
2022,45491915,01,51
2022,45035253,01,51
2022,45096899,01,51
2022,45533152,01,51
2022,45533150,01,51
2022,45533153,01,51
2022,45535179,01,51
2022,45702349,01,51
2022,45702350,01,51
2022,46071265,01,51
2022,46071264,01,51
2022,46040032,01,51
2022,46259087,01,51
2022,46259088,01,51
2022,45492085,01,51
2022,45499661,01,51
2022,45499660,01,51
2022,45492086,01,51
2022,45492087,01,51
2022,45540868,01,51
2022,45540871,01,51
2022,45540866,01,51
2022,45540869,01,51
2022,45540867,01,51
2022,45540870,01,51
2022,45771438,01,51
2022,46129331,01,51
2022,46129329,01,51
2022,46373591,01,51
2022,46624655,01,51
2022,46861473,01,51
2022,46861475,01,51
2022,46861476,01,51
2022,46861474,01,51
2022,46861477,01,51
2022,47456620,01,51
2022,47456621,01,51
2022,47456626,01,51
2022,47456622,01,51
2022,47456623,01,51
2022,46259089,01,51
2022,47586453,01,51
2022,47586205,01,51
2022,47586206,01,51
2022,47586207,01,51
2022,47586208,01,51
2022,47586209,01,51
2022,47586210,01,51
2022,47586211,01,51
2022,47586455,01,51
2022,47586454,01,51
2022,47586456,01,51
2022,47586457,01,51
2022,47586458,01,51
2022,47586459,01,51
2022,47586460,01,51
2022,47586462,01,51
2022,47586461,01,51
2022,47586464,01,51
2022,47586463,01,51
2022,47633000,01,51
2022,46233036,01,51
2022,47456624,01,51
2022,47456625,01,51
2022,47766089,01,51
2022,47766088,01,51
2022,44970678,01,51
2022,45009857,01,51
2022,46233037,01,51
2022,46233038,01,51
2022,46233041,01,51
2022,46233039,01,51
2022,46233040,01,51
2022,46233042,01,51
2022,46233044,01,51
2022,46233045,01,51
2022,46233043,01,51
2022,46233046,01,51
2022,46292596,01,51
2022,46330105,01,51
2022,46734412,01,51
2022,46930235,01,51
2022,47020986,01,51
2022,47456576,01,51
2022,47456575,01,51
2022,47456577,01,51
2022,47629953,17,53
2022,44676922,01,51
2022,45111531,01,51
2022,44829991,01,51
2022,45111535,01,51
2022,45045156,01,51
2022,45665114,01,51
2022,45922124,01,51
2022,46284412,01,51
2022,45111533,01,51
2022,46330442,01,51
2022,46547057,01,51
2022,46841120,01,51
2022,46841121,01,51
2022,46633871,01,51
2022,46863725,01,51
2022,47456578,01,51
2022,47921037,01,51
2022,45111530,01,51
2022,45111537,01,51
2022,45111534,01,51
2022,45111536,01,51
2022,45111540,01,51
2022,45111542,01,51
2022,45325340,01,51
2022,45325343,01,51
2022,45325342,01,51
2022,45325348,01,51
2022,45325349,01,51
2022,45325354,01,51
2022,45325341,01,51
2022,45325346,01,51
2022,45325347,01,51
2022,45325350,01,51
2022,45325352,01,51
2022,45325344,01,51
2022,45325345,01,51
2022,45325351,01,51
2022,45325353,01,51
2022,45492848,01,51
2022,45492852,01,51
2022,45492856,01,51
2022,45492861,01,51
2022,45492849,01,51
2022,45492853,01,51
2022,45492854,01,51
2022,45492858,01,51
2022,45492860,01,51
2022,45492862,01,51
2022,45492850,01,51
2022,45492851,01,51
2022,45492855,01,51
2022,45492857,01,51
2022,45492859,01,51
2022,45590532,01,51
2022,45590533,01,51
2022,45590531,01,51
2022,45590534,01,51
2022,45590529,01,51
2022,45590530,01,51
2022,45590535,01,51
2022,45771441,01,51
2022,45771445,01,51
2022,45771442,01,51
2022,45771443,01,51
2022,45771446,01,51
2022,45771440,01,51
2022,45771444,01,51
2022,45771447,01,51
2022,47921038,01,51
2022,46094999,01,51
2022,47921036,01,51
2022,46094994,01,51
2022,47921039,01,51
2022,46095005,01,51
2022,46095001,01,51
2022,46094992,01,51
2022,48340495,01,51
2022,46094995,01,51
2022,46095003,01,51
2022,46094997,01,51
2022,48340496,01,51
2022,48341443,01,51
2022,46367343,01,51
2022,46367344,01,51
2022,46367345,01,51
2022,46367346,01,51
2022,46367347,01,51
2022,46367348,01,51
2022,46367349,01,51
2022,46614480,01,51
2022,46614479,01,51
2022,46614481,01,51
2022,46628793,01,51
2022,46858671,01,51
2022,46858673,01,51
2022,46858677,01,51
2022,46858674,01,51
2022,46858676,01,51
2022,46858680,01,51
2022,46858682,01,51
2022,46858684,01,51
2022,46858672,01,51
2022,46858675,01,51
2022,47921040,01,51
2022,46858678,01,51
2022,46858681,01,51
2022,46858683,01,51
2022,47921042,01,51
2022,46858679,01,51
2022,47921041,01,51
2022,46863740,01,51
2022,47921043,01,51
2022,46863741,01,51
2022,47921044,01,51
2022,47173580,01,51
2022,47921046,01,51
2022,47173581,01,51
2022,47173577,01,51
2022,47173567,01,51
2022,47173568,01,51
2022,47173576,01,51
2022,47173578,01,51
2022,47173570,01,51
2022,47173571,01,51
2022,47173573,01,51
2022,47173574,01,51
2022,47456696,01,51
2022,47456693,01,51
2022,47456697,01,51
2022,47456699,01,51
2022,47456698,01,51
2022,47456691,01,51
2022,47456692,01,51
2022,47456694,01,51
2022,47456695,01,51
2022,47632631,01,51
2022,47632632,01,51
2022,47632633,01,51
2022,47632634,01,51
2022,47632635,01,51
2022,45762641,01,51
2022,45762642,01,51
2022,46173074,01,51
2022,46173075,01,51
2022,45770630,01,51
2022,46116456,01,51
2022,46116450,01,51
2022,46116454,01,51
2022,46116452,01,51
2022,46281100,01,51
2022,46349959,01,51
2022,46355774,01,51
2022,46578194,01,51
2022,46578195,01,51
2022,47921048,01,51
2022,47921045,01,51
2022,47921047,01,51
2022,47921053,01,51
2022,47921055,01,51
2022,47921051,01,51
2022,47921049,01,51
2022,47921050,01,51
2022,47921052,01,51
2022,47921054,01,51
2022,47921056,01,51
2022,48340497,01,51
2022,47921059,01,51
2022,47921057,01,51
2022,47921058,01,51
2022,47921061,01,51
2022,47921062,01,51
2022,47921060,01,51
2022,47921063,01,51
2022,47921065,01,51
2022,47921064,01,51
2022,46641911,01,51
2022,46641912,01,51
2022,46641913,01,51
2022,46647697,01,51
2022,46647698,01,51
2022,46647699,01,51
2022,46647700,01,51
2022,46698087,01,51
2022,46698088,01,51
2022,46698089,01,51
2022,46698090,01,51
2022,46701625,01,51
2022,46701626,01,51
2022,46701627,01,51
2022,46765370,01,51
2022,46765371,01,51
2022,46765372,01,51
2022,46765373,01,51
2022,46809020,01,51
2022,46809019,01,51
2022,46809021,01,51
2022,46809598,01,51
2022,46809599,01,51
2022,46811475,01,51
2022,46811476,01,51
2022,46811477,01,51
2022,46868391,01,51
2022,46586456,01,51
2022,46618968,01,51
2022,46618969,01,51
2022,46846062,01,51
2022,46894050,01,51
2022,46648371,01,51
2022,47116973,01,51
2022,47456990,01,51
2022,47456991,01,51
2022,47489967,01,51
2022,47489973,01,51
2022,47779326,01,51
2022,47779327,01,51
2022,44698833,01,51
2022,44698834,01,51
2022,46869039,01,51
2022,45344909,01,51
2022,46851190,01,51
2022,46851188,01,51
2022,46851189,01,51
2022,46866463,01,51
2022,46866864,01,51
2022,46866863,01,51
2022,46866865,01,51
2022,46921447,01,51
2022,46921448,01,51
2022,46921450,01,51
2022,46921449,01,51
2022,46921451,01,51
2022,46916237,01,51
2022,46916235,01,51
2022,46912637,01,51
2022,46912638,01,51
2022,46921446,01,51
2022,46916236,01,51
2022,47100203,01,51
2022,45579671,01,51
2022,45632566,01,51
2022,45980725,01,51
2022,46488365,01,51
2022,46488366,01,51
2022,46488367,01,51
2022,46743207,01,51
2022,47457014,01,51
2022,47578444,01,51
2022,47578445,01,51
2022,47578446,01,51
2022,47100204,01,51
2022,47108869,01,51
2022,47108871,01,51
2022,47108870,01,51
2022,47029781,01,51
2022,47029782,01,51
2022,47089624,01,51
2022,47222371,01,51
2022,47222372,01,51
2022,47222373,01,51
2022,47222374,01,51
2022,47157303,01,51
2022,47189839,01,51
2022,47189840,01,51
2022,47189841,01,51
2022,47456701,01,51
2022,47456702,01,51
2022,47456706,01,51
2022,47456708,01,51
2022,47456700,01,51
2022,47456704,01,51
2022,47456705,01,51
2022,47456707,01,51
2022,47456709,01,51
2022,47456703,01,51
2022,47456710,01,51
2022,47456716,01,51
2022,47456711,01,51
2022,47456712,01,51
2022,47456713,01,51
2022,47456715,01,51
2022,47456719,01,51
2022,47456714,01,51
2022,47456720,01,51
2022,47456723,01,51
2022,47456717,01,51
2022,47456721,01,51
2022,47456724,01,51
2022,47456718,01,51
2022,47456722,01,51
2022,47456725,01,51
2022,47456727,01,51
2022,47456726,01,51
2022,47456728,01,51
2022,47456729,01,51
2022,47456730,01,51
2022,47509522,01,51
2022,47510237,01,51
2022,47570330,01,51
2022,47570331,01,51
2022,47570329,01,51
2022,47578440,01,51
2022,47578784,01,51
2022,47582535,01,51
2022,47582536,01,51
2022,47582537,01,51
2022,47582538,01,51
2022,47779317,01,51
2022,47780324,01,51
2022,47768276,01,51
2022,47787076,01,51
2022,47800351,01,51
2022,47800350,01,51
2022,47787077,01,51
2022,47805912,01,51
2022,47805913,01,51
2022,47805914,01,51
2022,47805915,01,51
2022,47832059,01,51
2022,47832060,01,51
2022,47832057,01,51
2022,47924256,01,51
2022,47910368,01,51
2022,47910367,01,51
2022,47911388,01,51
2022,47911386,01,51
2022,47911387,01,51
2022,47930349,01,51
2022,47920516,01,51
2022,47954399,01,51
2022,47942474,01,51
2022,45018618,01,51
2022,45018619,01,51
2022,45018620,01,51
2022,45018621,01,51
2022,46229991,01,51
2022,46229992,01,51
2022,46229993,01,51
2022,46229994,01,51
2022,46229995,01,51
2022,46229997,01,51
2022,46229996,01,51
2022,46230000,01,51
2022,46230001,01,51
2022,46230002,01,51
2022,46229998,01,51
2022,46229999,01,51
2022,46230003,01,51
2022,46230005,01,51
2022,46230008,01,51
2022,46230004,01,51
2022,46230007,01,51
2022,46230006,01,51
2022,46230009,01,51
2022,46616563,01,51
2022,46617178,01,51
2022,46617179,01,51
2022,46617180,01,51
2022,46617181,01,51
2022,46617182,01,51
2022,46617183,01,51
2022,46947773,01,51
2022,46947772,01,51
2022,46765375,01,51
2022,46765376,01,51
2022,46765378,01,51
2022,46765377,01,51
2022,47213676,01,51
2022,48137328,01,51
2022,48137329,01,51
2022,48137330,01,51
2022,48137331,01,51
2022,46765380,01,51
2022,46765382,01,51
2022,46765379,01,51
2022,46765381,01,51
2022,46765383,01,51
2022,46617184,01,51
2022,46617186,01,51
2022,46617187,01,51
2022,46617188,01,51
2022,47835109,01,51
2022,47835112,01,51
2022,47835110,01,51
2022,47835111,01,51
2022,47835113,01,51
2022,47835114,01,51
2022,47840585,01,51
2022,47840586,01,51
2022,47840587,01,51
2022,46764828,01,51
2022,46764827,01,51
2022,47862438,01,51
2022,47894899,01,51
2022,47894900,01,51
2022,47839568,01,51
2022,47839567,01,51
2022,47839569,01,51
2022,47896518,01,51
2022,47896517,01,51
2022,48261297,01,51
2022,45714501,01,51
2022,45715095,01,51
2022,45715093,01,51
2022,45715094,01,51
2022,45762637,01,51
2022,45762639,01,51
2022,45762636,01,51
2022,45762638,01,51
2022,45763162,01,51
2022,45763164,01,51
2022,45763163,01,51
2022,45763165,01,51
2022,45763166,01,51
2022,45983833,01,51
2022,45983834,01,51
2022,45983857,01,51
2022,45983858,01,51
2022,45983909,01,51
2022,45983910,01,51
2022,46720819,01,51
2022,46843173,01,51
2022,46843174,01,51
2022,46843172,01,51
2022,46843176,01,51
2022,46843175,01,51
2022,46752049,01,51
2022,47456992,01,51
2022,47456993,01,51
2022,47456995,01,51
2022,47456994,01,51
2022,47456997,01,51
2022,47456996,01,51
2022,48062541,01,51
2022,48062542,01,51
2022,48148370,01,51
2022,48148371,01,51
2022,48148372,01,51
2022,48221569,01,51
2022,46764829,01,51
2022,46869054,01,51
2022,46869055,01,51
2022,46869056,01,51
2022,48221571,01,51
2022,48221573,01,51
2022,46869057,01,51
2022,47160094,01,51
2022,47160096,01,51
2022,47160095,01,51
2022,47454776,01,51
2022,47454777,01,51
2022,47454778,01,51
2022,47766740,01,51
2022,47766741,01,51
2022,47766739,01,51
2022,45491423,01,51
2022,45491425,01,51
2022,45491429,01,51
2022,45491424,01,51
2022,45491426,01,51
2022,45491427,01,51
2022,45491431,01,51
2022,45491432,01,51
2022,45491428,01,51
2022,45491430,01,51
2022,45491434,01,51
2022,45491433,01,51
2022,45491435,01,51
2022,45491436,01,51
2022,45491438,01,51
2022,45491439,01,51
2022,45491440,01,51
2022,45491437,01,51
2022,45491442,01,51
2022,45491441,01,51
2022,45491444,01,51
2022,45491443,01,51
2022,45491445,01,51
2022,45491446,01,51
2022,45491448,01,51
2022,45491449,01,51
2022,45491447,01,51
2022,45491450,01,51
2022,45533108,01,51
2022,45765162,01,51
2022,45765165,01,51
2022,45765167,01,51
2022,45765169,01,51
2022,45765171,01,51
2022,45765161,01,51
2022,45765164,01,51
2022,45765170,01,51
2022,45765163,01,51
2022,45765166,01,51
2022,45765168,01,51
2022,46026857,01,51
2022,46026858,01,51
2022,46026855,01,51
2022,46026856,01,51
2022,46026859,01,51
2022,46026860,01,51
2022,46360555,01,51
2022,46360559,01,51
2022,46360562,01,51
2022,46360560,01,51
2022,46360561,01,51
2022,46360563,01,51
2022,46360564,01,51
2022,46360554,01,51
2022,46360556,01,51
2022,46360557,01,51
2022,46360558,01,51
2022,46618975,01,51
2022,46618980,01,51
2022,46618981,01,51
2022,46618974,01,51
2022,46618977,01,51
2022,46618986,01,51
2022,46618976,01,51
2022,46618978,01,51
2022,46618979,01,51
2022,46618982,01,51
2022,46618983,01,51
2022,46618984,01,51
2022,46618985,01,51
2022,46618987,01,51
2022,46618988,01,51
2022,46863757,01,51
2022,46863755,01,51
2022,46863756,01,51
2022,46863750,01,51
2022,46863753,01,51
2022,46863745,01,51
2022,46863748,01,51
2022,46863749,01,51
2022,46863744,01,51
2022,46863746,01,51
2022,46863747,01,51
2022,46863751,01,51
2022,46863752,01,51
2022,46863754,01,51
2022,46863758,01,51
2022,47216350,01,51
2022,47216352,01,51
2022,47216346,01,51
2022,47216348,01,51
2022,47216351,01,51
2022,47216349,01,51
2022,47216353,01,51
2022,47216347,01,51
2022,47455904,01,51
2022,47455906,01,51
2022,47455907,01,51
2022,47455908,01,51
2022,47455909,01,51
2022,47455911,01,51
2022,47455903,01,51
2022,47455905,01,51
2022,47455910,01,51
2022,47455912,01,51
2022,47646397,01,51
2022,47646398,01,51
2022,47646399,01,51
2022,47646400,01,51
2022,45270010,01,51
2022,45267474,01,51
2022,45270009,01,51
2022,45270011,01,51
2022,45270012,01,51
2022,45675987,01,51
2022,45675988,01,51
2022,45701240,01,51
2022,45701241,01,51
2022,46696123,01,51
2022,46696121,01,51
2022,46696122,01,51
2022,46696125,01,51
2022,46696124,01,51
2022,46698091,01,51
2022,46869041,01,51
2022,44633190,01,51
2022,44661180,01,51
2022,44661181,01,51
2022,44661183,01,51
2022,44661182,01,51
2022,44907761,01,51
2022,44907762,01,51
2022,44907763,01,51
2022,44907764,01,51
2022,44907765,01,51
2022,45028119,01,51
2022,45028120,01,51
2022,45028121,01,51
2022,45034445,01,51
2022,45034446,01,51
2022,46869040,01,51
2022,45267475,01,51
2022,45267480,01,51
2022,45267483,01,51
2022,45267476,01,51
2022,45267478,01,51
2022,45267481,01,51
2022,45267482,01,51
2022,45267485,01,51
2022,46869042,01,51
2022,46869043,01,51
2022,47942475,01,51
2022,47942476,01,51
2022,45048210,01,51
2022,45320738,01,51
2022,46028217,01,51
2022,45267477,01,51
2022,45267479,01,51
2022,45267484,01,51
2022,45028123,01,51
2022,45028122,01,51
2022,45035255,01,51
2022,45035256,01,51
2022,45048220,01,51
2022,45048218,01,51
2022,45048222,01,51
2022,45541803,01,51
2022,45541805,01,51
2022,45541804,01,51
2022,45541806,01,51
2022,45754831,01,51
2022,45754833,01,51
2022,46009249,01,51
2022,46009250,01,51
2022,46010584,01,51
2022,48148375,01,51
2022,48148377,01,51
2022,48148374,01,51
2022,48148376,01,51
2022,45754832,01,51
2022,46010589,01,51
2022,46010593,01,51
2022,46010591,01,51
2022,46010585,01,51
2022,46010587,01,51
2022,46018699,01,51
2022,46018700,01,51
2022,46018701,01,51
2022,46018702,01,51
2022,48148378,01,51
2022,48148379,01,51
2022,48148380,01,51
2022,48148381,01,51
2022,48148382,01,51
2022,48148383,01,51
2022,46026861,01,51
2022,46026864,01,51
2022,46026862,01,51
2022,46026863,01,51
2022,46026865,01,51
2022,46259095,01,51
2022,46259097,01,51
2022,46259096,01,51
2022,46259098,01,51
2022,46259742,01,51
2022,46269488,01,51
2022,46280593,01,51
2022,48148386,01,51
2022,48148387,01,51
2022,48148384,01,51
2022,48148385,01,51
2022,46276941,01,51
2022,46276942,01,51
2022,46391572,01,51
2022,46401184,01,51
2022,46401186,01,51
2022,46401183,01,51
2022,46401185,01,51
2022,46402884,01,51
2022,46472638,01,51
2022,47160098,01,51
2022,48148388,01,51
2022,48148389,01,51
2022,48148391,01,51
2022,48148390,01,51
2022,48148392,01,51
2022,48148393,01,51
2022,48148394,01,51
2022,46402881,01,51
2022,46402882,01,51
2022,46402883,01,51
2022,47160097,01,51
2022,46028218,01,51
2022,46528626,01,51
2022,46528627,01,51
2022,46528628,01,51
2022,46611976,01,51
2022,46528629,01,51
2022,46528630,01,51
2022,46528631,01,51
2022,46528983,01,51
2022,46528985,01,51
2022,46528986,01,51
2022,46611977,01,51
2022,46528987,01,51
2022,46858670,01,51
2022,46528988,01,51
2022,46528984,01,51
2022,46528989,01,51
2022,47457112,01,51
2022,46550116,01,51
2022,46550117,01,51
2022,46550118,01,51
2022,46578196,01,51
2022,47457111,01,51
2022,48148402,01,51
2022,48148404,01,51
2022,48062543,01,51
2022,48148373,01,51
2022,48148395,01,51
2022,48148396,01,51
2022,47633313,01,51
2022,48148397,01,51
2022,45984028,01,51
2022,48148398,01,51
2022,48148399,01,51
2022,48148400,01,51
2022,48148401,01,51
2022,48148403,01,51
2022,48261923,01,51
2022,46402880,01,51
2022,46578197,01,51
2022,45922125,01,51
2022,46578198,01,51
2022,46550675,01,51
2022,46579288,01,51
2022,46579289,01,51
2022,46589763,01,51
2022,46611339,01,51
2022,46836014,01,51
2022,46611340,01,51
2022,46611342,01,51
2022,46611343,01,51
2022,45056247,01,51
2022,46640671,01,51
2022,46640672,01,51
2022,46640673,01,51
2022,46640674,01,51
2022,46640675,01,51
2022,46640676,01,51
2022,46640677,01,51
2022,46640678,01,51
2022,46641584,01,51
2022,47456049,01,51
2022,48148406,01,51
2022,48148407,01,51
2022,48148408,01,51
2022,48148409,01,51
2022,48231777,01,51
2022,46839697,01,51
2022,46839696,01,51
2022,46858685,01,51
2022,46858686,01,51
2022,46859298,01,51
2022,46912655,01,51
2022,46912653,01,51
2022,46912654,01,51
2022,46912656,01,51
2022,46912657,01,51
2022,46698103,01,51
2022,46743208,01,51
2022,46743209,01,51
2022,46743210,01,51
2022,46743211,01,51
2022,46743212,01,51
2022,48148411,01,51
2022,48148410,01,51
2022,48231778,01,51
2022,48231779,01,51
2022,48231780,01,51
2022,48231781,01,51
2022,48231782,01,51
2022,48231783,01,51
2022,47456056,01,51
2022,47456065,01,51
2022,47456051,01,51
2022,47456053,01,51
2022,47456055,01,51
2022,47456058,16,52
2022,47456060,01,51
2022,47456064,01,51
2022,47456050,01,51
2022,47456052,01,51
2022,47456054,01,51
2022,47456057,01,51
2022,47456059,01,51
2022,47456063,01,51
2022,47456066,01,51
2022,47456067,01,51
2022,47456068,01,51
2022,45492953,01,51
2022,45492955,01,51
2022,45492954,01,51
2022,45541827,01,51
2022,45541826,01,51
2022,45541828,01,51
2022,45772118,01,51
2022,45772116,01,51
2022,45772117,01,51
2022,46126026,01,51
2022,46331001,01,51
2022,46331002,01,51
2022,46752050,01,51
2022,47633314,01,51
2022,47633315,01,51
2022,45490678,01,51
2022,48261734,01,51
2022,48261736,01,51
2022,48261737,01,51
2022,48261738,01,51
2022,48261739,01,51
2022,47456061,01,51
2022,47456062,01,51
2022,47924274,01,51
2022,47678277,01,51
2022,47942481,01,51
2022,47713307,01,51
2022,47713308,01,51
2022,48261740,01,51
2022,48261741,01,51
2022,48261742,01,51
2022,48261743,01,51
2022,48261744,01,51
2022,48261745,01,51
2022,48261746,01,51
2022,47874799,01,51
2022,47923944,01,51
2022,47923945,01,51
2022,47924275,01,51
2022,47924276,01,51
2022,47924278,01,51
2022,47924280,01,51
2022,47924277,01,51
2022,47924279,01,51
2022,47924281,01,51
2022,47911373,01,51
2022,47911374,01,51
2022,48261918,01,51
2022,48261919,01,51
2022,48261920,01,51
2022,48261921,01,51
2022,48261922,01,51
2022,46734425,01,51
2022,46734426,01,51
2022,45490682,01,51
2022,45490683,01,51
2022,45490680,01,51
2022,45490679,01,51
2022,45490681,01,51
2022,45701244,01,51
2022,45701249,01,51
2022,45701245,01,51
2022,45701247,01,51
2022,45701246,01,51
2022,45701248,01,51
2022,45702353,01,51
2022,45702354,01,51
2022,45705379,01,51
2022,46734423,01,51
2022,45710607,01,51
2022,45750247,01,51
2022,45750248,01,51
2022,45750246,01,51
2022,45754837,01,51
2022,45754834,01,51
2022,45754835,01,51
2022,45754836,01,51
2022,45764724,01,51
2022,45764726,01,51
2022,45764727,01,51
2022,45764723,01,51
2022,45764725,01,51
2022,45764728,01,51
2022,45765172,01,51
2022,45765173,01,51
2022,45765174,01,51
2022,45765178,01,51
2022,45765175,01,51
2022,45765176,01,51
2022,45765177,01,51
2022,45702352,01,51
2022,45844844,01,51
2022,45844847,01,51
2022,45844845,01,51
2022,45844846,01,51
2022,45965345,01,51
2022,45965347,01,51
2022,45965341,01,51
2022,45965343,01,51
2022,45965344,01,51
2022,45965342,01,51
2022,45965340,01,51
2022,45965346,01,51
2022,45866701,01,51
2022,45866707,01,51
2022,45866698,01,51
2022,45866702,01,51
2022,45866705,01,51
2022,45866699,01,51
2022,45866704,01,51
2022,45866703,01,51
2022,45866700,01,51
2022,45866706,01,51
2022,45866708,01,51
2022,45866716,01,51
2022,45954748,01,51
2022,45954749,01,51
2022,45954747,01,51
2022,46174504,01,51
2022,46156949,01,51
2022,46156939,01,51
2022,46156941,01,51
2022,46156942,01,51
2022,46156944,01,51
2022,46156943,01,51
2022,46156948,01,51
2022,46156940,01,51
2022,46156945,01,51
2022,46156947,01,51
2022,46156946,01,51
2022,46173077,01,51
2022,46173078,01,51
2022,46173079,01,51
2022,46173080,01,51
2022,46173081,01,51
2022,46173082,01,51
2022,46173085,01,51
2022,46173088,01,51
2022,46173084,01,51
2022,46173087,01,51
2022,46173083,01,51
2022,46173086,01,51
2022,46173089,01,51
2022,46204085,01,51
2022,46204089,01,51
2022,46204084,01,51
2022,46204088,01,51
2022,46204086,01,51
2022,46204087,01,51
2022,46230015,01,51
2022,46230011,01,51
2022,46230013,01,51
2022,46230017,01,51
2022,46230012,01,51
2022,46230014,01,51
2022,46230016,01,51
2022,46230018,01,51
2022,46209469,01,51
2022,46209474,01,51
2022,46209476,01,51
2022,46209478,01,51
2022,46209481,01,51
2022,46209470,01,51
2022,46209471,01,51
2022,46209477,01,51
2022,46209479,01,51
2022,46209480,01,51
2022,46209482,01,51
2022,46209475,01,51
2022,46209472,01,51
2022,46209473,01,51
2022,46209483,01,51
2022,46734424,01,51
2022,46209484,01,51
2022,46390767,01,51
2022,46390768,01,51
2022,46390769,01,51
2022,46390770,01,51
2022,46390771,01,51
2022,46391573,01,51
2022,46391574,01,51
2022,46391575,01,51
2022,46391576,01,51
2022,46391577,01,51
2022,46391578,01,51
2022,46391579,01,51
2022,46391580,01,51
2022,46391581,01,51
2022,46391582,01,51
2022,46391583,01,51
2022,46391584,01,51
2022,46391585,01,51
2022,46391586,01,51
2022,46391587,01,51
2022,46391588,01,51
2022,46391589,01,51
2022,46391590,01,51
2022,46391591,01,51
2022,46395498,01,51
2022,46395499,01,51
2022,46395500,01,51
2022,46395501,01,51
2022,46395502,01,51
2022,46395503,01,51
2022,46395504,01,51
2022,46395505,01,51
2022,46633874,01,51
2022,46633875,01,51
2022,46633876,01,51
2022,46633878,01,51
2022,46633879,01,51
2022,46633881,01,51
2022,46633882,01,51
2022,46633883,01,51
2022,46633885,01,51
2022,46633887,01,51
2022,46633889,01,51
2022,46633890,01,51
2022,46633891,01,51
2022,46633892,01,51
2022,46633893,01,51
2022,46633894,01,51
2022,46633895,01,51
2022,46633896,01,51
2022,46633897,01,51
2022,46633898,01,51
2022,46633899,01,51
2022,46633900,01,51
2022,46633901,01,51
2022,46633902,01,51
2022,46633903,01,51
2022,46633904,01,51
2022,46633905,01,51
2022,46633906,01,51
2022,46633907,01,51
2022,46633877,01,51
2022,46633880,01,51
2022,46633884,01,51
2022,46633886,01,51
2022,46850111,01,51
2022,46850113,01,51
2022,46850116,01,51
2022,46850117,01,51
2022,46850134,01,51
2022,46850142,01,51
2022,46850143,01,51
2022,46850144,01,51
2022,46850133,01,51
2022,46850137,01,51
2022,46850138,01,51
2022,46850139,01,51
2022,46850141,01,51
2022,46850145,01,51
2022,46850112,01,51
2022,46850114,01,51
2022,46850118,01,51
2022,46850121,01,51
2022,46850123,01,51
2022,46850124,01,51
2022,46850126,01,51
2022,46850127,01,51
2022,46850115,01,51
2022,46734427,01,51
2022,46734429,01,51
2022,46850128,01,51
2022,46850119,01,51
2022,46734420,01,51
2022,46850120,01,51
2022,46850122,01,51
2022,46850125,01,51
2022,46850129,01,51
2022,46734421,01,51
2022,46734422,01,51
2022,46734836,01,51
2022,46734837,01,51
2022,46001921,01,51
2022,46742684,01,51
2022,46742685,01,51
2022,46850131,01,51
2022,46850132,01,51
2022,46850147,01,51
2022,46850148,01,51
2022,46850130,01,51
2022,46850146,01,51
2022,46850135,01,51
2022,46850136,01,51
2022,46850140,01,51
2022,46859299,01,51
2022,46859300,01,51
2022,46859301,01,51
2022,46762920,01,51
2022,46332567,01,51
2022,46332568,01,51
2022,46332569,01,51
2022,46332571,01,51
2022,46347539,01,51
2022,46347540,01,51
2022,46347541,01,51
2022,46347542,01,51
2022,46347545,01,51
2022,46347549,01,51
2022,46347548,01,51
2022,46347818,01,51
2022,46752072,01,51
2022,46752077,01,51
2022,46752075,01,51
2022,46752076,01,51
2022,46752079,01,51
2022,46752073,01,51
2022,46752074,01,51
2022,46859302,01,51
2022,46863759,01,51
2022,46865760,01,51
2022,46865761,01,51
2022,46956375,01,51
2022,47025776,01,51
2022,47077152,01,51
2022,47077153,01,51
2022,47089626,01,51
2022,47189844,01,51
2022,47189843,01,51
2022,47189845,01,51
2022,47454637,01,51
2022,47454638,01,51
2022,47454622,01,51
2022,47454635,01,51
2022,47454639,01,51
2022,47454630,01,51
2022,47454631,01,51
2022,47454623,01,51
2022,47454626,01,51
2022,47454633,01,51
2022,47454634,01,51
2022,47454625,01,51
2022,47454627,01,51
2022,47454629,01,51
2022,47978228,01,51
2022,47978229,01,51
2022,48020344,01,51
2022,45561215,01,51
2022,45561216,01,51
2022,45561217,01,51
2022,45561218,01,51
2022,45561219,01,51
2022,45561220,01,51
2022,45561221,01,51
2022,45675989,01,51
2022,45675992,01,51
2022,45675990,01,51
2022,45675991,01,51
2022,45676301,01,51
2022,45676303,01,51
2022,45676302,01,51
2022,46124605,01,51
2022,45676304,01,51
2022,46124607,01,51
2022,46124609,01,51
2022,46124611,01,51
2022,46124614,01,51
2022,46124628,01,51
2022,46124631,01,51
2022,46124634,01,51
2022,46124635,01,51
2022,46124636,01,51
2022,46124617,01,51
2022,46124610,01,51
2022,46124612,01,51
2022,46124616,01,51
2022,46124627,01,51
2022,46124633,01,51
2022,46124637,01,51
2022,46124638,01,51
2022,46124618,01,51
2022,46124621,01,51
2022,46124623,01,51
2022,46124619,01,51
2022,46124622,01,51
2022,46124624,01,51
2022,46124625,01,51
2022,46124626,01,51
2022,46124606,01,51
2022,46124608,01,51
2022,46124613,01,51
2022,46124615,01,51
2022,46124629,01,51
2022,46124630,01,51
2022,46124632,01,51
2022,46124620,01,51
2022,48327001,01,51
2022,48327002,01,51
2022,46126029,01,51
2022,48327003,01,51
2022,48327004,01,51
2022,48327005,01,51
2022,48327006,01,51
2022,48327007,01,51
2022,48327008,01,51
2022,48327009,01,51
2022,48327010,01,51
2022,48327011,01,51
2022,48327012,01,51
2022,48327013,01,51
2022,48327014,01,51
2022,48327048,01,51
2022,48035443,01,51
2022,48340491,01,51
2022,48327015,01,51
2022,48327016,01,51
2022,48327017,01,51
2022,48327018,01,51
2022,48327019,01,51
2022,48327020,01,51
2022,48327021,01,51
2022,48327022,01,51
2022,48327023,01,51
2022,48327024,01,51
2022,48327025,01,51
2022,48327026,01,51
2022,48327027,01,51
2022,48327028,01,51
2022,48327029,01,51
2022,48327030,01,51
2022,48327031,01,51
2022,48062590,01,51
2022,48327032,01,51
2022,48327033,01,51
2022,48327034,01,51
2022,48327035,01,51
2022,48327036,01,51
2022,48327037,01,51
2022,48327038,01,51
2022,48327039,01,51
2022,48327043,01,51
2022,48327040,01,51
2022,48327042,01,51
2022,48327041,01,51
2022,48327044,01,51
2022,48327047,01,51
2022,48327046,01,51
2022,48327045,01,51
2022,48062589,01,51
2022,47454656,01,51
2022,47454661,01,51
2022,47454672,01,51
2022,47454624,01,51
2022,47454652,01,51
2022,47454660,01,51
2022,47454655,01,51
2022,47889265,01,51
2022,47889264,01,51
2022,47889262,01,51
2022,47889263,01,51
2022,47924283,01,51
2022,47924284,01,51
2022,47924285,01,51
2022,47911354,01,51
2022,47911352,01,51
2022,47911353,01,51
2022,47911355,01,51
2022,48137327,01,51
2022,48148414,01,51
2022,48148415,01,51
2022,48286033,01,51
2022,48286034,01,51
2022,48314272,01,51
2022,48327049,01,51
2022,48327052,01,51
2022,48327053,01,51
2022,48327050,01,51
2022,48327051,01,51
2022,47017667,01,51
2022,47021083,01,51
2022,47025329,01,51
2022,47025330,01,51
2022,47029786,01,51
2022,47029787,01,51
2022,47044773,01,51
2022,47044774,01,51
2022,47044772,01,51
2022,47085283,01,51
2022,47087939,01,51
2022,47089625,01,51
2022,47155610,01,51
2022,47160099,01,51
2022,47173585,01,51
2022,47181358,01,51
2022,47181359,01,51
2022,47189842,01,51
2022,47454618,01,51
2022,47454621,01,51
2022,47454632,01,51
2022,47454636,01,51
2022,47454640,01,51
2022,47454617,01,51
2022,47454641,01,51
2022,47454642,01,51
2022,47454619,01,51
2022,47454620,01,51
2022,47454645,01,51
2022,47454658,01,51
2022,47454679,01,51
2022,47454643,01,51
2022,47454644,01,51
2022,47454659,01,51
2022,47454666,01,51
2022,47454675,01,51
2022,47454671,01,51
2022,47454680,01,51
2022,47454628,01,51
2022,47454665,01,51
2022,47454670,01,51
2022,47454674,01,51
2022,47454648,01,51
2022,47454650,01,51
2022,47454651,01,51
2022,47454664,01,51
2022,47457079,01,51
2022,47454669,01,51
2022,47454646,01,51
2022,47454647,01,51
2022,47454649,01,51
2022,47578815,01,51
2022,47578816,01,51
2022,47578817,01,51
2022,47578818,01,51
2022,47630891,01,51
2022,47632839,01,51
2022,47766742,01,51
2022,47799838,01,51
2022,47799839,01,51
2022,47799840,01,51
2022,47454654,01,51
2022,47454657,01,51
2022,47454653,01,51
2022,47454667,01,51
2022,47454668,01,51
2022,47454676,01,51
2022,47454663,01,51
2022,47454678,01,51
2022,47454662,01,51
2022,47454677,01,51
2022,47454673,01,51
2022,47574336,01,51
2022,47574337,01,51
2022,47578814,01,51
2022,47641145,01,51
2022,47641146,01,51
2022,47641147,01,51
2022,47647281,01,51
2022,47678279,01,51
2022,47678280,01,51
2022,47678278,01,51
2022,47713310,01,51
2022,47713309,01,51
2022,44844983,01,51
2022,45295948,01,51
2022,45295947,01,51
2022,45492949,01,51
2022,45561226,01,51
2022,45561230,01,51
2022,45561231,01,51
2022,45561227,01,51
2022,45561228,01,51
2022,45561229,01,51
2022,45844837,01,51
2022,45844842,01,51
2022,45844843,01,51
2022,45844838,01,51
2022,45844840,01,51
2022,45844839,01,51
2022,45844841,01,51
2022,45844836,01,51
2022,45847010,01,51
2022,45847013,01,51
2022,45847012,01,51
2022,45847009,01,51
2022,45847011,01,51
2022,45847014,01,51
2022,46204062,01,51
2022,46204068,01,51
2022,46204061,01,51
2022,46204050,01,51
2022,46204047,01,51
2022,46204064,01,51
2022,46204046,01,51
2022,46204065,01,51
2022,46204066,01,51
2022,46204051,01,51
2022,46204045,01,51
2022,46204057,01,51
2022,46204055,01,51
2022,46204048,01,51
2022,46204053,01,51
2022,46204063,01,51
2022,46204060,01,51
2022,47630310,01,51
2022,46517077,01,51
2022,46517078,01,51
2022,46517079,01,51
2022,46517080,01,51
2022,46517081,01,51
2022,46517082,01,51
2022,46517083,01,51
2022,46517084,01,51
2022,46517085,01,51
2022,46517086,01,51
2022,46517087,01,51
2022,46517088,01,51
2022,46517089,01,51
2022,46647728,01,51
2022,46647730,01,51
2022,46647732,01,51
2022,46647733,01,51
2022,46647736,01,51
2022,46647734,01,51
2022,46647738,01,51
2022,46647744,01,51
2022,46647735,01,51
2022,46647745,01,51
2022,46647737,01,51
2022,46647750,01,51
2022,46647751,01,51
2022,46647740,01,51
2022,46647741,01,51
2022,46647742,01,51
2022,46647749,01,51
2022,46752080,01,51
2022,46912658,01,51
2022,46912660,01,51
2022,46912661,01,51
2022,46912659,01,51
2022,46912662,01,51
2022,46912664,01,51
2022,46912665,01,51
2022,47457100,01,51
2022,47457104,01,51
2022,47457102,01,51
2022,47457103,01,51
2022,47457101,01,51
2022,47457105,01,51
2022,47880366,01,51
2022,44844984,01,51
2022,44844985,01,51
2022,44844986,01,51
2022,44851711,01,51
2022,44851712,01,51
2022,44854310,01,51
2022,44854311,01,51
2022,44854312,01,51
2022,44854313,01,51
2022,44854314,01,51
2022,44854315,01,51
2022,44854316,01,51
2022,44854317,01,51
2022,44854318,01,51
2022,44854319,01,51
2022,44854320,01,51
2022,44854321,01,51
2022,44854322,01,51
2022,44854323,01,51
2022,44854324,01,51
2022,44854325,01,51
2022,44854326,01,51
2022,44854327,01,51
2022,44854328,01,51
2022,44854329,01,51
2022,44854330,01,51
2022,44854331,01,51
2022,44854332,01,51
2022,44854333,01,51
2022,44860023,01,51
2022,44860024,01,51
2022,44873924,01,51
2022,44873931,01,51
2022,44873933,01,51
2022,44873935,01,51
2022,44873936,01,51
2022,44873937,01,51
2022,44873938,01,51
2022,44873943,01,51
2022,44873922,01,51
2022,44873925,01,51
2022,44873927,01,51
2022,44873928,01,51
2022,44873929,01,51
2022,44873930,01,51
2022,44873932,01,51
2022,44873934,01,51
2022,44873940,01,51
2022,44873942,01,51
2022,44873923,01,51
2022,44873926,01,51
2022,44873939,01,51
2022,44873941,01,51
2022,45032875,01,51
2022,45032876,01,51
2022,45032877,01,51
2022,45034447,01,51
2022,45034448,01,51
2022,45034449,01,51
2022,45034450,01,51
2022,45034451,01,51
2022,45034452,01,51
2022,45034453,01,51
2022,45034454,01,51
2022,45034455,01,51
2022,45034456,01,51
2022,45048268,01,51
2022,45048271,01,51
2022,45048259,01,51
2022,45048273,01,51
2022,45048274,01,51
2022,45048265,01,51
2022,45048269,01,51
2022,45048272,01,51
2022,45048260,01,51
2022,45048276,01,51
2022,45048262,01,51
2022,45048277,01,51
2022,45048266,01,51
2022,45048275,01,51
2022,45048261,01,51
2022,45048263,01,51
2022,45048267,01,51
2022,45048264,01,51
2022,45086907,01,51
2022,45086904,01,51
2022,45086905,01,51
2022,45086908,01,51
2022,45086910,01,51
2022,45086909,01,51
2022,45086911,01,51
2022,45095729,01,51
2022,45310718,01,51
2022,45310721,01,51
2022,45310717,01,51
2022,45310720,01,51
2022,45310722,01,51
2022,45310719,01,51
2022,45312639,01,51
2022,45312641,01,51
2022,45312646,01,51
2022,45312640,01,51
2022,45312644,01,51
2022,45312642,01,51
2022,45312643,01,51
2022,45312645,01,51
2022,45314095,01,51
2022,45300556,01,51
2022,45301512,01,51
2022,45301511,01,51
2022,45301514,01,51
2022,45301513,01,51
2022,45301515,01,51
2022,45314094,01,51
2022,45315083,01,51
2022,45315084,01,51
2022,45320750,01,51
2022,45342853,01,51
2022,45342852,01,51
2022,45342848,01,51
2022,45342849,01,51
2022,45342851,01,51
2022,45342850,01,51
2022,45343814,01,51
2022,45343817,01,51
2022,45343810,01,51
2022,45343813,01,51
2022,45343815,01,51
2022,45343809,01,51
2022,45343811,01,51
2022,45343812,01,51
2022,45343816,01,51
2022,45499139,01,51
2022,45499140,01,51
2022,45499141,01,51
2022,45499137,01,51
2022,45499138,01,51
2022,45628486,01,51
2022,45628484,01,51
2022,45628485,01,51
2022,45536913,01,51
2022,45536914,01,51
2022,45539522,01,51
2022,45539527,01,51
2022,45539517,01,51
2022,45539518,01,51
2022,45539519,01,51
2022,45539524,01,51
2022,45539525,01,51
2022,45539528,01,51
2022,45539520,01,51
2022,45539521,01,51
2022,45539523,01,51
2022,45539526,01,51
2022,45540854,01,51
2022,45541807,01,51
2022,45541808,01,51
2022,45561190,01,51
2022,45561193,01,51
2022,45561187,01,51
2022,45561188,01,51
2022,45561189,01,51
2022,45561191,01,51
2022,45561192,01,51
2022,45561194,01,51
2022,45574112,01,51
2022,45574113,01,51
2022,45590487,01,51
2022,45590488,01,51
2022,45590482,01,51
2022,45590484,01,51
2022,45590492,01,51
2022,45590480,01,51
2022,45590481,01,51
2022,45590491,01,51
2022,45590494,01,51
2022,45590479,01,51
2022,45590485,01,51
2022,45590489,01,51
2022,45590483,01,51
2022,45590490,01,51
2022,45590493,01,51
2022,45590486,01,51
2022,45625021,01,51
2022,45625022,01,51
2022,45750249,01,51
2022,45762645,01,51
2022,45762646,01,51
2022,45762643,01,51
2022,45762644,01,51
2022,45763183,01,51
2022,45763182,01,51
2022,45822736,01,51
2022,45822737,01,51
2022,45765179,01,51
2022,45765180,01,51
2022,45737975,01,51
2022,45737974,01,51
2022,45737977,01,51
2022,45737976,01,51
2022,45844853,01,51
2022,45844851,01,51
2022,45844852,01,51
2022,45844850,01,51
2022,45844848,01,51
2022,45844849,01,51
2022,45932611,01,51
2022,45932614,01,51
2022,45932609,01,51
2022,45932610,01,51
2022,45932612,01,51
2022,45932615,01,51
2022,45932616,01,51
2022,45932618,01,51
2022,45932619,01,51
2022,45932620,01,51
2022,45932629,01,51
2022,45932608,01,51
2022,45932613,01,51
2022,45932617,01,51
2022,45932621,01,51
2022,45932622,01,51
2022,45932624,01,51
2022,45853453,01,51
2022,45853457,01,51
2022,45853460,01,51
2022,45853451,01,51
2022,45853452,01,51
2022,45853455,01,51
2022,45853459,01,51
2022,45853454,01,51
2022,45853456,01,51
2022,45853458,01,51
2022,45853461,01,51
2022,45873156,01,51
2022,45921641,01,51
2022,45923030,01,51
2022,45923031,01,51
2022,45923032,01,51
2022,45923036,01,51
2022,45923033,01,51
2022,45923034,01,51
2022,45923035,01,51
2022,45932628,01,51
2022,45932623,01,51
2022,45932625,01,51
2022,45932627,01,51
2022,45932626,01,51
2022,45977773,01,51
2022,45977774,01,51
2022,46001931,01,51
2022,46001932,01,51
2022,46001936,01,51
2022,46001930,01,51
2022,46001937,01,51
2022,46001933,01,51
2022,46001938,01,51
2022,46001929,01,51
2022,46001934,01,51
2022,46088093,01,51
2022,46010596,01,51
2022,46015327,01,51
2022,46015328,01,51
2022,46015330,01,51
2022,46015331,01,51
2022,46015332,01,51
2022,46015326,01,51
2022,46015329,01,51
2022,46129334,01,51
2022,46129333,01,51
2022,46033053,01,51
2022,46033054,01,51
2022,46033055,01,51
2022,46033056,01,51
2022,46033052,01,51
2022,46033057,01,51
2022,46033058,01,51
2022,46033153,01,51
2022,46033154,01,51
2022,46037750,01,51
2022,46037749,01,51
2022,46067190,01,51
2022,46067193,01,51
2022,46067192,01,51
2022,46067189,01,51
2022,46067191,01,51
2022,46245452,01,51
2022,46171857,01,51
2022,46171856,01,51
2022,46174505,01,51
2022,46174510,01,51
2022,46174512,01,51
2022,46174506,01,51
2022,46174507,01,51
2022,46174514,01,51
2022,46174515,01,51
2022,46174508,01,51
2022,46174509,01,51
2022,46174511,01,51
2022,46174513,01,51
2022,46276943,01,51
2022,46276944,01,51
2022,46276945,01,51
2022,46276946,01,51
2022,46276947,01,51
2022,46276948,01,51
2022,46276949,01,51
2022,46276950,01,51
2022,46280595,01,51
2022,46280596,01,51
2022,46280599,01,51
2022,46280594,01,51
2022,46280597,01,51
2022,46280598,01,51
2022,46280600,01,51
2022,46280601,01,51
2022,46280603,01,51
2022,46280605,01,51
2022,46280604,01,51
2022,46280602,01,51
2022,46284445,01,51
2022,46284444,01,51
2022,46284447,01,51
2022,46284449,01,51
2022,46291069,01,51
2022,46307892,01,51
2022,46307891,01,51
2022,46347552,01,51
2022,46349960,01,51
2022,46349961,01,51
2022,46349963,01,51
2022,46349962,01,51
2022,46355775,01,51
2022,46355776,01,51
2022,46390772,01,51
2022,46390773,01,51
2022,46390774,01,51
2022,46395506,01,51
2022,46395507,01,51
2022,46395508,01,51
2022,46395509,01,51
2022,46398432,01,51
2022,46398435,01,51
2022,46398428,01,51
2022,46398434,01,51
2022,46398429,01,51
2022,46398430,01,51
2022,46398431,01,51
2022,46398433,01,51
2022,46459609,01,51
2022,46459610,01,51
2022,46459611,01,51
2022,46459612,01,51
2022,46459613,01,51
2022,46459614,01,51
2022,46459615,01,51
2022,46488828,01,51
2022,46488829,01,51
2022,46488830,01,51
2022,46517090,01,51
2022,46517091,01,51
2022,46517092,01,51
2022,46517094,01,51
2022,46517095,01,51
2022,46517097,01,51
2022,46517098,01,51
2022,46517093,01,51
2022,46517096,01,51
2022,46520483,01,51
2022,46762921,01,51
2022,46762922,01,51
2022,46762924,01,51
2022,46762923,01,51
2022,46762925,01,51
2022,46520484,01,51
2022,46601485,01,51
2022,46601487,01,51
2022,46601490,01,51
2022,46601491,01,51
2022,46601486,01,51
2022,46601488,01,51
2022,46601489,01,51
2022,46617189,01,51
2022,46617190,01,51
2022,46617191,01,51
2022,46617257,01,51
2022,46617258,01,51
2022,46617259,01,51
2022,46617260,01,51
2022,46617261,01,51
2022,46617262,01,51
2022,46617263,01,51
2022,46617264,01,51
2022,46617265,01,51
2022,46617266,01,51
2022,46617267,01,51
2022,46617268,01,51
2022,46617269,01,51
2022,46617270,01,51
2022,46618991,01,51
2022,46618992,01,51
2022,46618993,01,51
2022,46618994,01,51
2022,46633908,01,51
2022,46633909,01,51
2022,46633911,01,51
2022,46633912,01,51
2022,46633910,01,51
2022,46633913,01,51
2022,46742689,01,51
2022,46742691,01,51
2022,46742692,01,51
2022,46742693,01,51
2022,46742694,01,51
2022,46742696,01,51
2022,46742697,01,51
2022,46742698,01,51
2022,46742700,01,51
2022,46742701,01,51
2022,46742687,01,51
2022,46742688,01,51
2022,46742690,01,51
2022,46742695,01,51
2022,46742699,01,51
2022,46752082,01,51
2022,46752084,01,51
2022,46752081,01,51
2022,46752083,01,51
2022,46752085,01,51
2022,46752086,01,51
2022,46869058,01,51
2022,44673183,01,51
2022,44677198,01,51
2022,44677199,01,51
2022,44677200,01,51
2022,46812923,01,51
2022,44698841,01,51
2022,46811601,01,51
2022,46811599,01,51
2022,46811600,01,51
2022,46858689,01,51
2022,46858691,01,51
2022,46858692,01,51
2022,46858688,01,51
2022,46858694,01,51
2022,46858690,01,51
2022,46858693,01,51
2022,46858695,01,51
2022,44698839,01,51
2022,46876098,01,51
2022,44698840,01,51
2022,44698842,01,51
2022,44719049,01,51
2022,44719050,01,51
2022,44721813,01,51
2022,44721814,01,51
2022,44751432,01,51
2022,44970685,01,51
2022,44970686,01,51
2022,45026951,01,51
2022,45026954,01,51
2022,45026953,01,51
2022,45026956,01,51
2022,45026952,01,51
2022,45026955,01,51
2022,45270022,01,51
2022,46876096,01,51
2022,46876097,01,51
2022,46866482,01,51
2022,46866481,01,51
2022,46998503,01,51
2022,46998501,01,51
2022,46998505,01,51
2022,46998502,01,51
2022,46998504,01,51
2022,45270018,01,51
2022,46998506,01,51
2022,46947776,01,51
2022,46947777,01,51
2022,46947774,01,51
2022,46947775,01,51
2022,47017186,01,51
2022,47017188,01,51
2022,47017189,01,51
2022,47017187,01,51
2022,47017190,01,51
2022,47021084,01,51
2022,47025331,01,51
2022,47025332,01,51
2022,47025333,01,51
2022,47029460,01,51
2022,47029461,01,51
2022,47029462,01,51
2022,47029465,01,51
2022,47029457,01,51
2022,47029464,01,51
2022,45270016,01,51
2022,47029458,01,51
2022,47029459,01,51
2022,47029463,01,51
2022,47029466,01,51
2022,47029788,01,51
2022,47029789,01,51
2022,47029790,01,51
2022,47100208,01,51
2022,47100205,01,51
2022,47100206,01,51
2022,47100207,01,51
2022,47100209,01,51
2022,45270017,01,51
2022,45270019,01,51
2022,45270021,01,51
2022,47116976,01,51
2022,47116978,01,51
2022,47116974,01,51
2022,47116975,01,51
2022,47116977,01,51
2022,47116981,01,51
2022,47116979,01,51
2022,47116980,01,51
2022,47085284,01,51
2022,47085285,01,51
2022,47085286,01,51
2022,47085289,01,51
2022,47085291,01,51
2022,47085287,01,51
2022,47085288,01,51
2022,47085290,01,51
2022,47181362,01,51
2022,47181366,01,51
2022,47181360,01,51
2022,47181368,01,51
2022,47181364,01,51
2022,47456077,01,51
2022,47456079,01,51
2022,47456081,01,51
2022,47456082,01,51
2022,47456084,01,51
2022,47456086,01,51
2022,47456087,01,51
2022,47456090,01,51
2022,47456075,01,51
2022,47456078,01,51
2022,47456083,01,51
2022,47456088,01,51
2022,47456091,01,51
2022,47456092,01,51
2022,47456076,01,51
2022,47456080,01,51
2022,47456085,01,51
2022,47456089,01,51
2022,47456093,01,51
2022,47456113,01,51
2022,47456114,01,51
2022,47456119,01,51
2022,47456121,01,51
2022,47456127,01,51
2022,47456129,01,51
2022,47456130,01,51
2022,47456131,01,51
2022,47456117,01,51
2022,47456118,01,51
2022,47456120,01,51
2022,47456124,01,51
2022,47456095,01,51
2022,47456096,01,51
2022,47456098,01,51
2022,47456103,01,51
2022,47456107,01,51
2022,47456108,01,51
2022,47456094,01,51
2022,47456099,01,51
2022,47456105,01,51
2022,47456106,01,51
2022,47456109,01,51
2022,47456111,01,51
2022,47456112,01,51
2022,47456097,01,51
2022,47456100,01,51
2022,47456101,01,51
2022,47456102,01,51
2022,47456104,01,51
2022,47456115,01,51
2022,47456116,01,51
2022,47456122,01,51
2022,47456123,01,51
2022,47456125,01,51
2022,47456126,01,51
2022,47456128,01,51
2022,47456132,01,51
2022,47456133,01,51
2022,47456110,01,51
2022,47574338,01,51
2022,47574339,01,51
2022,47582599,01,51
2022,47582601,01,51
2022,47582600,01,51
2022,47590357,01,51
2022,45272272,01,51
2022,45272274,01,51
2022,45272276,01,51
2022,45272277,01,51
2022,45272273,01,51
2022,45312654,01,51
2022,45312653,01,51
2022,45298949,01,51
2022,45298950,01,51
2022,45298952,01,51
2022,45298951,01,51
2022,45309156,01,51
2022,45309155,01,51
2022,45304907,01,51
2022,45304906,01,51
2022,45491478,01,51
2022,45491479,01,51
2022,45499136,01,51
2022,45499607,01,51
2022,45516781,01,51
2022,45516778,01,51
2022,45516779,01,51
2022,45516780,01,51
2022,45510040,01,51
2022,45510039,01,51
2022,45491483,01,51
2022,45491484,01,51
2022,45491481,01,51
2022,45491480,01,51
2022,45491482,01,51
2022,45535158,01,51
2022,45535157,01,51
2022,45539513,01,51
2022,45539515,01,51
2022,45539514,01,51
2022,45539516,14,7
2022,45966379,01,51
2022,46026870,01,51
2022,45750264,01,51
2022,45750265,01,51
2022,45750263,01,51
2022,47593401,01,51
2022,47600954,01,51
2022,47627105,01,51
2022,45702059,01,51
2022,45702060,01,51
2022,45702063,01,51
2022,45702058,01,51
2022,45702062,01,51
2022,47627106,01,51
2022,47627107,01,51
2022,47627108,01,51
2022,47627109,01,51
2022,47633002,01,51
2022,47633003,01,51
2022,47633329,01,51
2022,47633330,01,51
2022,47633331,01,51
2022,47633332,01,51
2022,47639910,01,51
2022,47639914,01,51
2022,47639912,01,51
2022,45702061,01,51
2022,45702365,01,51
2022,47639913,01,51
2022,47639916,01,51
2022,47667466,01,51
2022,47667467,01,51
2022,47918466,01,51
2022,47918469,01,51
2022,47918467,01,51
2022,47918475,01,51
2022,47918464,01,51
2022,47918471,01,51
2022,47918477,01,51
2022,47918465,01,51
2022,47918473,01,51
2022,47920522,01,51
2022,47920523,01,51
2022,47920525,01,51
2022,47920527,01,51
2022,47920526,01,51
2022,47920524,01,51
2022,47920528,01,51
2022,47713311,01,51
2022,47713312,01,51
2022,47713313,01,51
2022,47456833,01,51
2022,45702367,01,51
2022,45702366,01,51
2022,45704757,01,51
2022,45704759,01,51
2022,47456834,01,51
2022,47456835,01,51
2022,47456836,01,51
2022,47456837,01,51
2022,47456838,01,51
2022,47456839,01,51
2022,47456840,01,51
2022,47456841,01,51
2022,47456842,01,51
2022,47456843,01,51
2022,47456844,01,51
2022,47456845,01,51
2022,47456846,01,51
2022,47456847,01,51
2022,47456848,01,51
2022,47456849,01,51
2022,47456850,01,51
2022,47456851,01,51
2022,47456852,01,51
2022,47456853,01,51
2022,47456854,01,51
2022,47456855,01,51
2022,48416783,01,51
2022,47456856,01,51
2022,47456857,01,51
2022,45704756,01,51
2022,47456858,01,51
2022,47456859,01,51
2022,45704758,01,51
2022,47456860,01,51
2022,47456861,01,51
2022,45705381,01,51
2022,47456862,01,51
2022,45730720,01,51
2022,47456863,01,51
2022,45730718,01,51
2022,47456864,01,51
2022,45730719,01,51
2022,47456865,01,51
2022,46001980,01,51
2022,47456866,01,51
2022,47456867,01,51
2022,47456869,01,51
2022,47456871,01,51
2022,45977778,01,51
2022,47456874,01,51
2022,45977776,01,51
2022,47456875,01,51
2022,45977777,01,51
2022,47456876,01,51
2022,47456877,01,51
2022,45977779,01,51
2022,47456880,01,51
2022,45966378,01,51
2022,47456881,01,51
2022,45966376,01,51
2022,47456868,01,51
2022,45966377,01,51
2022,47456870,01,51
2022,46071277,01,51
2022,47456872,01,51
2022,47456873,01,51
2022,46071278,01,51
2022,47456878,01,51
2022,46001982,01,51
2022,47456879,01,51
2022,46018707,01,51
2022,46762928,01,51
2022,46018708,01,51
2022,46018706,01,51
2022,46024975,01,51
2022,46024977,01,51
2022,47456890,01,51
2022,46024976,01,51
2022,47456892,01,51
2022,46037753,01,51
2022,47456893,01,51
2022,47667492,01,51
2022,47456896,01,51
2022,47456898,01,51
2022,47456900,01,51
2022,47456901,01,51
2022,47456902,01,51
2022,47456903,01,51
2022,47456883,01,51
2022,47997098,01,51
2022,47456884,01,51
2022,47456886,01,51
2022,47456887,01,51
2022,47456891,01,51
2022,47456897,01,51
2022,47456899,01,51
2022,47456905,01,51
2022,47456908,01,51
2022,47456882,01,51
2022,47456885,01,51
2022,47456888,01,51
2022,47456889,01,51
2022,47456894,01,51
2022,47456895,01,51
2022,47456904,01,51
2022,47456906,01,51
2022,47456907,01,51
2022,47456909,01,51
2022,47804316,01,51
2022,48038811,01,51
2022,48038801,01,51
2022,47766750,01,51
2022,47766751,01,51
2022,47641162,01,51
2022,47641163,01,51
2022,47647293,01,51
2022,47647294,01,51
2022,47647295,01,51
2022,47647296,01,51
2022,47647297,01,51
2022,47667486,01,51
2022,47667487,01,51
2022,47667489,01,51
2022,47667490,01,51
2022,47667491,01,51
2022,47667488,01,51
2022,47918532,01,51
2022,47804314,01,51
2022,44907778,01,51
2022,44907779,01,51
2022,44907780,01,51
2022,44907781,01,51
2022,44922788,01,51
2022,45034492,01,51
2022,45034493,01,51
2022,45040774,01,51
2022,45040773,01,51
2022,45040775,01,51
2022,45042344,01,51
2022,45267495,01,51
2022,45272280,01,51
2022,45304908,01,51
2022,45120968,01,51
2022,45120967,01,51
2022,45120969,01,51
2022,45490999,01,51
2022,45491000,01,51
2022,45491004,01,51
2022,45490995,01,51
2022,45490996,01,51
2022,45490998,01,51
2022,45490994,01,51
2022,48518560,01,51
2022,45490997,01,51
2022,45491001,01,51
2022,45491003,01,51
2022,45491005,01,51
2022,45491002,01,51
2022,45491006,01,51
2022,45491007,01,51
2022,45541784,01,51
2022,45526253,01,51
2022,45526256,01,51
2022,45499583,01,51
2022,45499584,01,51
2022,45526254,01,51
2022,45526252,01,51
2022,45510028,01,51
2022,45535135,01,51
2022,45535136,01,51
2022,45535137,01,51
2022,45535132,01,51
2022,45535131,01,51
2022,45535134,01,51
2022,45539491,01,51
2022,45639706,01,51
2022,45541785,01,51
2022,45541786,01,51
2022,45664392,01,51
2022,45664390,01,51
2022,45664393,01,51
2022,45664391,01,51
2022,45801690,01,51
2022,45801689,01,51
2022,45801691,01,51
2022,45771410,01,51
2022,45844860,01,51
2022,45844859,01,51
2022,45967091,01,51
2022,45967092,01,51
2022,46173091,01,51
2022,46175248,01,51
2022,46175247,01,51
2022,46175246,01,51
2022,46175252,01,51
2022,46175251,01,51
2022,46175245,01,51
2022,46175249,01,51
2022,46175250,01,51
2022,46175253,01,51
2022,46175254,01,51
2022,46175255,01,51
2022,46209489,01,51
2022,46209490,01,51
2022,46762931,16,52
2022,48345380,01,51
2022,48346080,01,51
2022,48346081,01,51
2022,47916876,01,51
2022,47916878,01,51
2022,47916877,01,51
2022,45499150,01,51
2022,45499154,01,51
2022,45499149,01,51
2022,45499152,01,51
2022,45499153,01,51
2022,45492905,01,51
2022,45492906,01,51
2022,45492909,01,51
2022,45492917,01,51
2022,45492904,01,51
2022,45492911,01,51
2022,45492913,01,51
2022,45492916,01,51
2022,45492910,01,51
2022,45492912,01,51
2022,45492914,01,51
2022,45632553,01,51
2022,45632552,01,51
2022,45632554,01,51
2022,45632558,01,51
2022,45632557,01,51
2022,45632556,01,51
2022,45539548,01,51
2022,45540887,01,51
2022,45540889,01,51
2022,45540888,01,51
2022,45561223,01,51
2022,48576774,01,51
2022,48576773,01,51
2022,48370031,01,51
2022,48399004,01,51
2022,45702042,01,51
2022,45716864,01,51
2022,45873157,01,51
2022,46291070,01,51
2022,46549317,01,51
2022,47456911,01,51
2022,47456912,01,51
2022,47456913,01,51
2022,47893304,01,51
2022,48442996,01,51
2022,45628508,01,51
2022,45632564,01,51
2022,45561225,01,51
2022,46865762,01,51
2022,48399003,01,51
2022,48388340,01,51
2022,48388341,01,51
2022,48388339,01,51
2022,45702045,01,51
2022,45702046,01,51
2022,45702047,01,51
2022,45702043,01,51
2022,45702049,01,51
2022,45702052,01,51
2022,45702053,01,51
2022,45762654,01,51
2022,45762656,01,51
2022,45716865,01,51
2022,45716867,01,51
2022,45716868,01,51
2022,45716869,01,51
2022,45716870,01,51
2022,45741261,01,51
2022,45782564,01,51
2022,45782565,01,51
2022,45782559,01,51
2022,45782562,01,51
2022,45782567,01,51
2022,45782568,01,51
2022,45782561,01,51
2022,45782563,01,51
2022,45966290,01,51
2022,48391552,01,51
2022,48391553,01,51
2022,48398031,01,51
2022,45873158,01,51
2022,45873159,01,51
2022,45873160,01,51
2022,46015334,01,51
2022,47456914,01,51
2022,48785680,01,51
2022,48785681,01,51
2022,48443004,01,51
2022,48443005,01,51
2022,48443007,01,51
2022,45782571,01,51
2022,45782570,01,51
2022,48443006,01,51
2022,48581124,01,51
2022,48581123,01,51
2022,48581122,01,51
2022,48588671,01,51
2022,48588672,01,51
2022,48588673,01,51
2022,45782572,01,51
2022,45965349,01,51
2022,45932810,01,51
2022,45966298,01,51
2022,45966299,01,51
2022,45966293,01,51
2022,45966300,01,51
2022,45966291,01,51
2022,45966292,01,51
2022,45866722,01,51
2022,45873162,01,51
2022,46071269,01,51
2022,46124639,01,51
2022,45993475,01,51
2022,46080222,01,51
2022,46080224,01,51
2022,46080227,01,51
2022,46080223,01,51
2022,46080228,01,51
2022,46080230,01,51
2022,46010600,01,51
2022,46015337,01,51
2022,46015335,01,51
2022,46015336,01,51
2022,46015342,01,51
2022,46015343,01,51
2022,46015352,01,51
2022,46015344,01,51
2022,46015354,01,51
2022,46174517,01,51
2022,46174520,01,51
2022,46174518,01,51
2022,46174524,01,51
2022,46174521,01,51
2022,46175221,01,51
2022,46520126,01,51
2022,46520111,01,51
2022,46601493,01,51
2022,46698105,01,51
2022,47456915,01,51
2022,47893305,01,51
2022,48376166,01,51
2022,46762932,01,51
2022,46865763,01,51
2022,46245453,01,51
2022,46174527,01,51
2022,46174528,01,51
2022,46259102,01,51
2022,46259104,01,51
2022,46259108,01,51
2022,48651639,01,51
2022,46259113,01,51
2022,46259103,01,51
2022,46259105,01,51
2022,48676375,01,51
2022,46259107,01,51
2022,46259109,01,51
2022,46259110,01,51
2022,46259111,01,51
2022,46259114,01,51
2022,48747270,01,51
2022,46259115,01,51
2022,48753912,01,51
2022,46276951,01,51
2022,46276952,01,51
2022,46276954,01,51
2022,46280607,01,51
2022,46280612,01,51
2022,46280606,01,51
2022,46280611,01,51
2022,46281101,01,51
2022,46281102,01,51
2022,46281103,01,51
2022,46291073,01,51
2022,46291074,01,51
2022,46291076,01,51
2022,46291078,01,51
2022,46291079,01,51
2022,46330109,01,51
2022,46332572,01,51
2022,46347820,01,51
2022,46349967,01,51
2022,46349975,01,51
2022,46349968,01,51
2022,46349969,01,51
2022,46349971,01,51
2022,46349972,01,51
2022,46351043,01,51
2022,46398438,01,51
2022,46398437,01,51
2022,46520115,01,51
2022,47160101,01,51
2022,47160100,01,51
2022,46549320,01,51
2022,46601496,01,51
2022,46601494,01,51
2022,46601497,01,51
2022,47456916,01,51
2022,47456917,01,51
2022,47456918,01,51
2022,46762933,01,51
2022,46762934,01,51
2022,46762935,01,51
2022,46762937,01,51
2022,47978232,01,51
2022,48753913,01,51
2022,48805055,01,51
2022,48805056,01,51
2022,48805057,01,51
2022,48805058,01,51
2022,48884043,01,51
2022,48884508,01,51
2022,46834671,01,51
2022,46920495,01,51
2022,48037905,01,51
2022,46367958,01,51
2022,46373597,01,51
2022,46398442,01,51
2022,46401187,01,51
2022,46488368,01,51
2022,46517410,01,51
2022,46520119,01,51
2022,46520123,01,51
2022,46520127,01,51
2022,46520130,01,51
2022,46520131,01,51
2022,46520128,01,51
2022,46520486,01,51
2022,46549322,01,51
2022,46549323,01,51
2022,46549324,01,51
2022,46549327,01,51
2022,46549328,01,51
2022,46601501,01,51
2022,48896078,01,51
2022,45535152,01,51
2022,44633241,01,51
2022,44639051,01,51
2022,44639050,01,51
2022,44639052,01,51
2022,44643919,01,51
2022,44643920,01,51
2022,44643921,01,51
2022,44643922,01,51
2022,46601499,01,51
2022,46601500,01,51
2022,46601503,01,51
2022,46601504,01,51
2022,46601510,01,51
2022,46601502,01,51
2022,46601506,01,51
2022,46601507,01,51
2022,46630858,01,51
2022,46630860,01,51
2022,46630864,01,51
2022,46636804,01,51
2022,46647753,01,51
2022,46648372,01,51
2022,46648373,01,51
2022,46698110,01,51
2022,46698112,01,51
2022,46698113,01,51
2022,46742702,01,51
2022,47456919,01,51
2022,47456920,01,51
2022,47456921,01,51
2022,47456922,01,51
2022,47456923,01,51
2022,47456924,01,51
2022,47456925,01,51
2022,47456926,01,51
2022,47893306,01,51
2022,46762938,01,51
2022,46762945,01,51
2022,46762946,01,51
2022,46820189,01,51
2022,46834674,01,51
2022,46834672,01,51
2022,46834676,01,51
2022,46834678,01,51
2022,46834680,01,51
2022,46834677,01,51
2022,46834679,01,51
2022,46840811,01,51
2022,46865764,01,51
2022,46865767,01,51
2022,46865768,01,51
2022,46865769,01,51
2022,46865765,01,51
2022,46865772,01,51
2022,46920496,01,51
2022,44645637,01,51
2022,46920498,01,51
2022,46920501,01,51
2022,46920499,01,51
2022,46920500,01,51
2022,47021086,01,51
2022,47089415,01,51
2022,47089426,01,51
2022,47160103,01,51
2022,47160104,01,51
2022,46618995,01,51
2022,46618996,01,51
2022,46631800,01,51
2022,46640679,01,51
2022,46698114,01,51
2022,46698115,01,51
2022,46698117,01,51
2022,46698118,01,51
2022,46698119,01,51
2022,46698120,01,51
2022,46698122,01,51
2022,46698123,01,51
2022,46698124,01,51
2022,46698125,01,51
2022,46720382,01,51
2022,46720840,01,51
2022,46720842,01,51
2022,46720841,01,51
2022,46734839,16,52
2022,46742704,01,51
2022,46752089,01,51
2022,47804320,01,51
2022,47456927,01,51
2022,47456928,01,51
2022,47804322,01,51
2022,48992593,01,51
2022,44646037,01,51
2022,44661186,01,51
2022,44661187,01,51
2022,44677202,01,51
2022,44677203,01,51
2022,44677204,01,51
2022,44688061,01,51
2022,44688062,01,51
2022,44688063,01,51
2022,44688454,01,51
2022,44698846,01,51
2022,44698849,01,51
2022,44698847,01,51
2022,44698848,01,51
2022,44698850,01,51
2022,44698845,01,51
2022,44699327,01,51
2022,44699328,01,51
2022,44719052,01,51
2022,44719053,01,51
2022,44719054,01,51
2022,44719456,01,51
2022,44721817,01,51
2022,44721818,01,51
2022,44721819,01,51
2022,44721816,01,51
2022,44753158,01,51
2022,44760235,01,51
2022,44801495,01,51
2022,44802480,01,51
2022,44824666,01,51
2022,44824665,01,51
2022,45209084,01,51
2022,45209080,01,51
2022,45209083,01,51
2022,46869059,01,51
2022,46869061,16,52
2022,45209081,01,51
2022,47100211,01,51
2022,47017669,01,51
2022,47017668,01,51
2022,47021087,01,51
2022,47021088,01,51
2022,47021089,01,51
2022,47021095,01,51
2022,47021094,01,51
2022,47108872,01,51
2022,47108873,01,51
2022,47089419,01,51
2022,47089421,01,51
2022,47089422,01,51
2022,47089430,01,51
2022,47089417,01,51
2022,47089418,01,51
2022,47089423,01,51
2022,47089429,01,51
2022,47160116,01,51
2022,47160110,01,51
2022,47160111,01,51
2022,47160113,01,51
2022,47160105,01,51
2022,47160106,01,51
2022,47160107,01,51
2022,47160108,01,51
2022,47160114,01,51
2022,47160119,01,51
2022,47160109,01,51
2022,47456929,01,51
2022,47456931,01,51
2022,47456932,01,51
2022,47456933,01,51
2022,47456934,01,51
2022,47456935,01,51
2022,47456936,01,51
2022,47456937,01,51
2022,48518562,01,51
2022,48518561,01,51
2022,48906037,01,51
2022,45209082,01,51
2022,45209085,01,51
2022,47189848,01,51
2022,47456962,01,51
2022,47456966,01,51
2022,47456969,01,51
2022,47456963,01,51
2022,47456970,01,51
2022,47456939,01,51
2022,47456940,01,51
2022,47456941,01,51
2022,47456942,01,51
2022,47456943,01,51
2022,47456944,01,51
2022,47456945,01,51
2022,47456946,01,51
2022,47456947,01,51
2022,47456948,01,51
2022,47456949,01,51
2022,47456950,01,51
2022,47456951,01,51
2022,47456952,01,51
2022,47456953,01,51
2022,47456954,01,51
2022,47456955,01,51
2022,47456956,01,51
2022,47456958,01,51
2022,47456959,01,51
2022,47456961,01,51
2022,47456964,01,51
2022,47456965,01,51
2022,47456967,01,51
2022,47456968,01,51
2022,47804332,01,51
2022,45209086,01,51
2022,47804324,01,51
2022,45211676,01,51
2022,48367568,01,51
2022,45211679,01,51
2022,44840200,01,51
2022,44907782,01,51
2022,44922790,01,51
2022,44977556,01,51
2022,44977555,01,51
2022,44978005,01,51
2022,45008590,01,51
2022,45009860,01,51
2022,45028126,01,51
2022,45034496,01,51
2022,45034498,01,51
2022,45034497,01,51
2022,45035257,01,51
2022,45040776,01,51
2022,45040777,01,51
2022,45040778,01,51
2022,45048287,01,51
2022,45048288,01,51
2022,45048289,01,51
2022,45096948,01,51
2022,45120970,01,51
2022,45120972,01,51
2022,48325034,01,51
2022,45266530,01,51
2022,45270028,01,51
2022,45270024,01,51
2022,45270025,01,51
2022,45270026,01,51
2022,45270027,01,51
2022,45271505,01,51
2022,45271506,01,51
2022,45272763,01,51
2022,45272765,01,51
2022,45272764,01,51
2022,45290631,01,51
2022,45290632,01,51
2022,45306852,01,51
2022,45296441,01,51
2022,45298953,01,51
2022,45309157,01,51
2022,45309158,01,51
2022,45299750,01,51
2022,45303672,01,51
2022,45305518,01,51
2022,45315095,01,51
2022,45315096,01,51
2022,45320760,01,51
2022,45320761,01,51
2022,45320764,01,51
2022,48585230,01,51
2022,48992594,01,51
2022,47804336,01,51
2022,47456971,01,51
2022,47456988,01,51
2022,47456972,01,51
2022,47456978,01,51
2022,47456979,01,51
2022,47456982,01,51
2022,47456973,01,51
2022,47456975,01,51
2022,47456987,01,51
2022,47456989,01,51
2022,47804330,01,51
2022,45320762,01,51
2022,45320763,01,51
2022,45330974,01,51
2022,45330975,01,51
2022,45332112,01,51
2022,45491130,01,51
2022,45491141,01,51
2022,45491124,01,51
2022,45491129,01,51
2022,45491131,01,51
2022,45491118,01,51
2022,45491126,01,51
2022,45491134,01,51
2022,45491122,01,51
2022,45491132,01,51
2022,45491120,01,51
2022,45491121,01,51
2022,45491133,01,51
2022,45491135,01,51
2022,45491119,01,51
2022,45491125,01,51
2022,45491128,01,51
2022,45491142,01,51
2022,45702368,01,51
2022,45499134,01,51
2022,45491138,01,51
2022,45491137,01,51
2022,45491136,01,51
2022,45491140,01,51
2022,45491139,01,51
2022,45628458,01,51
2022,45628459,01,51
2022,45668458,01,51
2022,45632542,01,51
2022,45539492,01,51
2022,45539493,01,51
2022,47804326,01,51
2022,47804328,01,51
2022,47804338,01,51
2022,45675469,01,51
2022,45675468,01,51
2022,45670859,01,51
2022,45639709,01,51
2022,45639711,01,51
2022,45639710,01,51
2022,45670858,01,51
2022,45670857,01,51
2022,45541796,01,51
2022,45541795,01,51
2022,45543296,01,51
2022,45640673,01,51
2022,45640675,01,51
2022,45640674,01,51
2022,45561173,01,51
2022,45590444,01,51
2022,45590445,01,51
2022,45590446,01,51
2022,47804334,01,51
2022,45676072,01,51
2022,45676074,01,51
2022,45676073,01,51
2022,47582603,01,51
2022,45676075,01,51
2022,45676077,01,51
2022,47582604,01,51
2022,45676076,01,51
2022,47582605,01,51
2022,45664692,01,51
2022,47582606,01,51
2022,45664691,01,51
2022,47582608,01,51
2022,45664690,01,51
2022,47582611,01,51
2022,45664693,01,51
2022,47582613,01,51
2022,45665007,01,51
2022,47582617,01,51
2022,45665008,01,51
2022,47582607,01,51
2022,45665009,01,51
2022,47582616,01,51
2022,45695406,01,51
2022,47582610,01,51
2022,45695409,01,51
2022,47582612,01,51
2022,47582614,01,51
2022,45695407,01,51
2022,47582615,01,51
2022,47582618,01,51
2022,45695408,01,51
2022,47627111,01,51
2022,47627112,01,51
2022,45754851,01,51
2022,47627114,01,51
2022,47627113,01,51
2022,48367569,01,51
2022,45702369,01,51
2022,48367570,01,51
2022,45705382,01,51
2022,47667471,01,51
2022,45705383,01,51
2022,47667473,01,51
2022,45763192,01,51
2022,47667475,01,51
2022,45763194,01,51
2022,47667478,01,51
2022,45763193,01,51
2022,47667470,01,51
2022,45765186,01,51
2022,47667479,01,51
2022,47667469,01,51
2022,47667472,01,51
2022,47667474,01,51
2022,47667477,01,51
2022,45714525,01,51
2022,47667480,01,51
2022,47948692,01,51
2022,45714524,01,51
2022,45807766,01,51
2022,47948693,01,51
2022,45807767,01,51
2022,48240255,01,51
2022,45771414,01,51
2022,45771413,01,51
2022,45716414,01,51
2022,45716415,01,51
2022,48841041,01,51
2022,45809715,01,51
2022,45809717,01,51
2022,45809712,01,51
2022,45809713,01,51
2022,45809716,01,51
2022,45809710,01,51
2022,45809714,01,51
2022,45809711,01,51
2022,45730722,01,51
2022,45730724,01,51
2022,45730723,01,51
2022,45730721,01,51
2022,45776655,01,51
2022,45776654,01,51
2022,45776657,01,51
2022,45776656,01,51
2022,45780293,01,51
2022,45780295,01,51
2022,45780294,01,51
2022,45780296,01,51
2022,45780297,01,51
2022,45780844,01,51
2022,45780842,11,1
2022,45746882,01,51
2022,45784622,01,51
2022,45784623,01,51
2022,45787920,01,51
2022,45787925,01,51
2022,45787921,01,51
2022,45787923,01,51
2022,45844861,01,51
2022,45844862,01,51
2022,46024978,01,51
2022,46233053,01,51
2022,47455500,01,51
2022,45844863,01,51
2022,45977780,01,51
2022,46071279,01,51
2022,44719039,01,51
2022,46075178,01,51
2022,45993483,01,51
2022,46080233,01,51
2022,46126033,01,51
2022,46083824,01,51
2022,46083821,01,51
2022,46083823,01,51
2022,46083822,01,51
2022,46083825,01,51
2022,46086350,01,51
2022,46086351,01,51
2022,46010634,01,51
2022,46010632,01,51
2022,46010633,01,51
2022,46010635,01,51
2022,46018709,01,51
2022,46018710,01,51
2022,46018711,01,51
2022,46095126,01,51
2022,46095124,01,51
2022,46095122,01,51
2022,46096221,01,51
2022,46096220,01,51
2022,46096222,01,51
2022,46037754,01,51
2022,46040044,01,51
2022,46040045,01,51
2022,46040043,01,51
2022,46067211,01,51
2022,46156959,01,51
2022,46156957,01,51
2022,46156956,01,51
2022,46156960,01,51
2022,46156961,01,51
2022,46156958,01,51
2022,46157716,01,51
2022,46171861,01,51
2022,46174539,01,51
2022,46175264,01,51
2022,46175263,01,51
2022,46175265,01,51
2022,46175988,01,51
2022,46204111,01,51
2022,46204112,01,51
2022,46204113,01,51
2022,46230133,01,51
2022,46209491,01,51
2022,46209493,01,51
2022,46209492,01,51
2022,46209494,01,51
2022,46276971,01,51
2022,46233054,01,51
2022,46233055,01,51
2022,46233056,01,51
2022,46233057,01,51
2022,46233058,01,51
2022,46245467,01,51
2022,46230135,01,51
2022,46230134,01,51
2022,44827443,01,51
2022,44922776,01,51
2022,44922775,01,51
2022,44950109,01,51
2022,44950110,11,1
2022,44922777,01,51
2022,44926784,01,51
2022,44970002,01,51
2022,45267486,01,51
2022,45279196,01,51
2022,45279197,01,51
2022,46259751,01,51
2022,46259753,01,51
2022,46259752,01,51
2022,46269491,01,51
2022,46276972,01,51
2022,46276975,01,51
2022,46276979,01,51
2022,46276982,01,51
2022,46276983,01,51
2022,46276973,01,51
2022,46276974,01,51
2022,46276976,01,51
2022,46276978,01,51
2022,46276981,01,51
2022,46276984,01,51
2022,46276977,01,51
2022,46276980,01,51
2022,46276985,01,51
2022,46276986,01,51
2022,46280627,01,51
2022,46281110,01,51
2022,46281111,01,51
2022,46281112,01,51
2022,46281113,01,51
2022,46281114,01,51
2022,45306154,01,51
2022,45304901,01,51
2022,45320751,01,51
2022,45034457,01,51
2022,45034458,01,51
2022,45034459,01,51
2022,45320752,01,51
2022,45330970,01,51
2022,45330971,01,51
2022,45343818,01,51
2022,45343819,01,51
2022,45490650,01,51
2022,45490652,01,51
2022,45490654,01,51
2022,45490655,01,51
2022,45490656,17,53
2022,45490651,01,51
2022,45490653,01,51
2022,45574093,01,51
2022,45579607,01,51
2022,45675464,01,51
2022,45670844,01,51
2022,45670845,01,51
2022,45590431,01,51
2022,45750250,01,51
2022,45750251,01,51
2022,45710608,01,51
2022,45736502,01,51
2022,45822739,01,51
2022,45822741,01,51
2022,45822740,01,51
2022,45799642,01,51
2022,45801682,01,51
2022,45784610,01,51
2022,45847016,01,51
2022,45853462,01,51
2022,46083818,01,51
2022,46233048,01,51
2022,46232453,01,51
2022,46259116,01,51
2022,46276955,01,51
2022,46276956,01,51
2022,46280613,01,51
2022,46286201,01,51
2022,46291091,01,51
2022,46291092,01,51
2022,46291093,01,51
2022,46292612,01,51
2022,46292608,01,51
2022,46292609,01,51
2022,46292610,01,51
2022,46280614,01,51
2022,46292611,01,51
2022,46308532,01,51
2022,46390775,01,51
2022,46517412,01,51
2022,46547061,01,51
2022,46618997,01,51
2022,46624656,01,51
2022,46624657,01,51
2022,46624658,01,51
2022,46624659,01,51
2022,46633918,01,51
2022,46692429,01,51
2022,46743214,01,51
2022,46763344,01,51
2022,46800489,01,51
2022,46858698,01,51
2022,46858700,01,51
2022,46858699,01,51
2022,46859303,01,51
2022,46307903,01,51
2022,46307902,01,51
2022,46308538,01,51
2022,46329083,01,51
2022,46331878,01,51
2022,46347560,01,51
2022,46347826,01,51
2022,46347824,01,51
2022,46347825,01,51
2022,46349987,01,51
2022,46349986,01,51
2022,46349984,01,51
2022,46349985,01,51
2022,46351052,01,51
2022,46351051,01,51
2022,46360566,01,51
2022,46360567,01,51
2022,46367967,01,51
2022,46367969,01,51
2022,46367970,01,51
2022,46367971,01,51
2022,46373643,01,51
2022,46373638,01,51
2022,46373641,01,51
2022,46390842,01,51
2022,46398444,01,51
2022,46401191,01,51
2022,46401192,01,51
2022,46534236,01,51
2022,46547065,01,51
2022,46547066,01,51
2022,46859304,01,51
2022,46566500,01,51
2022,46566501,01,51
2022,46567403,01,51
2022,46567402,01,51
2022,46567401,01,51
2022,46567404,01,51
2022,46579296,01,51
2022,46579297,01,51
2022,46587855,01,51
2022,46587856,01,51
2022,46587857,01,51
2022,46589767,01,51
2022,46598215,01,51
2022,46598216,01,51
2022,46598217,01,51
2022,46611355,01,51
2022,46611985,01,51
2022,46611986,01,51
2022,46611984,01,51
2022,46611987,01,51
2022,46619066,01,51
2022,46624665,01,51
2022,46627944,01,51
2022,46627945,01,51
2022,46631805,01,51
2022,46631803,01,51
2022,46631804,01,51
2022,46640732,01,51
2022,46648374,01,51
2022,46630867,01,51
2022,46692431,01,51
2022,46861481,01,51
2022,46696140,01,51
2022,46696137,01,51
2022,46696139,01,51
2022,46696142,01,51
2022,46920511,01,51
2022,46696138,01,51
2022,46696141,01,51
2022,47143935,01,51
2022,46701645,01,51
2022,46701646,01,51
2022,47029795,01,51
2022,46701647,01,51
2022,47454518,01,51
2022,46701648,01,51
2022,46701649,01,51
2022,47454519,01,51
2022,46701650,01,51
2022,46701651,01,51
2022,47454520,01,51
2022,46701652,01,51
2022,46701653,01,51
2022,47454522,01,51
2022,46701654,01,51
2022,46701655,01,51
2022,47454523,01,51
2022,46701656,01,51
2022,47454521,01,51
2022,46720389,01,51
2022,47454524,01,51
2022,46720844,01,51
2022,47454525,01,51
2022,46720846,01,51
2022,46720845,01,51
2022,47489770,01,51
2022,46720847,01,51
2022,46734437,01,51
2022,47510247,01,51
2022,46734438,01,51
2022,46734439,01,51
2022,47582620,01,51
2022,46734440,01,51
2022,47593405,01,51
2022,46734441,01,51
2022,46734846,01,51
2022,46734847,01,51
2022,44433773,01,51
2022,46763347,01,51
2022,44501328,01,51
2022,44501726,01,51
2022,44508326,01,51
2022,44635489,01,51
2022,44718116,01,51
2022,46764834,01,51
2022,44796303,01,51
2022,44822856,01,51
2022,46764835,01,51
2022,46765384,01,51
2022,44841883,01,51
2022,44850550,01,51
2022,44981334,01,51
2022,45018622,01,51
2022,45267487,01,51
2022,45267489,01,51
2022,45267488,01,51
2022,45293621,01,51
2022,45293622,01,51
2022,45300557,01,51
2022,45114183,01,51
2022,46868441,01,51
2022,46868440,01,51
2022,46868442,01,51
2022,45346357,01,51
2022,45516767,01,51
2022,45490671,01,51
2022,45490670,01,51
2022,45490672,01,51
2022,45543292,01,51
2022,45704749,01,51
2022,46812941,01,51
2022,46812939,01,51
2022,46812940,01,51
2022,46812942,01,51
2022,46835357,01,51
2022,46835358,01,51
2022,46839709,01,51
2022,46839703,01,51
2022,46839704,01,51
2022,46839705,01,51
2022,46839706,01,51
2022,46839707,01,51
2022,46839708,01,51
2022,46840813,01,51
2022,46850206,01,51
2022,46850205,01,51
2022,46850201,01,51
2022,46850199,01,51
2022,46850203,01,51
2022,46863769,01,51
2022,46863767,01,51
2022,46863768,01,51
2022,46866491,01,51
2022,46866490,01,51
2022,46894059,11,1
2022,46894060,01,51
2022,46894062,01,51
2022,46894063,01,51
2022,46894058,01,51
2022,46894061,01,51
2022,46921166,01,51
2022,46921167,01,51
2022,46916248,01,51
2022,46920527,01,51
2022,46920526,01,51
2022,46922801,01,51
2022,46922802,01,51
2022,46923282,01,51
2022,46923281,01,51
2022,46923283,01,51
2022,46923280,01,51
2022,46998517,01,51
2022,46947785,01,51
2022,46947786,01,51
2022,46947784,01,51
2022,46956385,01,51
2022,46956382,01,51
2022,46956380,01,51
2022,46956384,01,51
2022,46956381,01,51
2022,46956383,01,51
2022,46956386,01,51
2022,46956387,01,51
2022,46962602,01,51
2022,46734848,01,51
2022,45762657,01,51
2022,46743222,01,51
2022,46743223,01,51
2022,46752127,01,51
2022,45710609,01,51
2022,46752126,01,51
2022,45737886,01,51
2022,45741263,01,51
2022,46999246,01,51
2022,45762658,01,51
2022,47143946,01,51
2022,47143943,01,51
2022,47143944,01,51
2022,47143945,01,51
2022,45931602,01,51
2022,47143942,01,51
2022,45844854,01,51
2022,47143941,01,51
2022,47108881,01,51
2022,45932141,01,51
2022,47108882,01,51
2022,47108884,01,51
2022,45847017,01,51
2022,47108880,01,51
2022,47108883,01,51
2022,45932631,01,51
2022,45977775,01,51
2022,47022471,01,51
2022,45946154,01,51
2022,47132709,01,51
2022,47132710,01,51
2022,45923037,01,51
2022,47132711,01,51
2022,45989165,01,51
2022,47025399,01,51
2022,45989164,01,51
2022,47025780,01,51
2022,47025779,01,51
2022,46018703,01,51
2022,47029470,01,51
2022,46124640,01,51
2022,47029471,01,51
2022,47029472,01,51
2022,46116465,01,51
2022,47029473,01,51
2022,47029474,01,51
2022,46067196,01,51
2022,47029830,01,51
2022,47029833,01,51
2022,46067195,01,51
2022,47029831,01,51
2022,46067198,01,51
2022,47029832,01,51
2022,46067197,01,51
2022,47116985,01,51
2022,46233049,01,51
2022,47117394,01,51
2022,46171858,01,51
2022,47117395,01,51
2022,46204095,01,51
2022,47077194,01,51
2022,46213930,01,51
2022,47087945,01,51
2022,47157328,01,51
2022,46280615,01,51
2022,47157326,01,51
2022,46310901,01,51
2022,47157327,01,51
2022,47157325,01,51
2022,46347553,01,51
2022,47157329,01,51
2022,46367960,01,51
2022,47160135,01,51
2022,47173634,01,51
2022,46367961,01,51
2022,47189855,01,51
2022,46367962,01,51
2022,47216548,01,51
2022,46401189,01,51
2022,47216549,01,51
2022,47216550,01,51
2022,46433377,01,51
2022,47455512,01,51
2022,46517103,01,51
2022,47455502,01,51
2022,47455505,01,51
2022,46566498,01,51
2022,47455504,01,51
2022,46569690,01,51
2022,47455501,01,51
2022,47455503,01,51
2022,46839699,01,51
2022,47455506,01,51
2022,47455508,01,51
2022,47455509,01,51
2022,46611345,01,51
2022,47455510,01,51
2022,47455511,01,51
2022,46617192,01,51
2022,47455507,01,51
2022,47455514,01,51
2022,46630868,01,51
2022,46641918,01,51
2022,46720383,01,51
2022,47455528,01,51
2022,47455513,01,51
2022,46720384,01,51
2022,47455515,01,51
2022,46734430,01,51
2022,47455517,01,51
2022,47455520,01,51
2022,46868436,01,51
2022,47455522,01,51
2022,47455524,01,51
2022,47455527,01,51
2022,47455516,01,51
2022,47455518,01,51
2022,47455519,01,51
2022,47455523,01,51
2022,47455525,01,51
2022,47455533,01,51
2022,47455534,01,51
2022,47455535,01,51
2022,47455536,01,51
2022,47455538,01,51
2022,47455539,01,51
2022,47455541,01,51
2022,47455544,01,51
2022,47455521,01,51
2022,47455526,01,51
2022,47455529,01,51
2022,47455531,01,51
2022,47455537,01,51
2022,47455543,01,51
2022,47455545,01,51
2022,47455547,01,51
2022,47455530,01,51
2022,47455532,01,51
2022,47455540,01,51
2022,47455542,01,51
2022,47455546,01,51
2022,47510260,01,51
2022,47511068,01,51
2022,47511069,01,51
2022,47511070,01,51
2022,47574349,01,51
2022,48416803,01,51
2022,48416804,01,51
2022,48143240,01,51
2022,47758952,01,51
2022,47779341,01,51
2022,47799879,01,51
2022,47801725,01,51
2022,47801726,01,51
2022,47801727,01,51
2022,47801723,01,51
2022,47801724,01,51
2022,47807114,01,51
2022,47832045,01,51
2022,47835088,01,51
2022,47835089,01,51
2022,47836057,01,51
2022,47836058,01,51
2022,47582772,01,51
2022,47583962,01,51
2022,47583963,01,51
2022,47583964,01,51
2022,47593416,01,51
2022,47604227,01,51
2022,47604228,01,51
2022,47604229,01,51
2022,47604812,01,51
2022,47629018,01,51
2022,47629381,01,51
2022,47630315,01,51
2022,47641164,01,51
2022,47641165,01,51
2022,47641166,01,51
2022,47647298,01,51
2022,47649019,01,51
2022,47649015,01,51
2022,47649017,01,51
2022,47678339,01,51
2022,47679677,01,51
2022,46720392,01,51
2022,46720395,01,51
2022,46720396,01,51
2022,46720393,01,51
2022,46720394,01,51
2022,46720397,01,51
2022,46720398,01,51
2022,46720399,01,51
2022,46720404,01,51
2022,46720402,01,51
2022,46720403,01,51
2022,46720400,01,51
2022,46720401,01,51
2022,46720406,01,51
2022,46720407,01,51
2022,46720405,01,51
2022,46720410,01,51
2022,46720413,01,51
2022,46720408,01,51
2022,46720411,01,51
2022,46720409,01,51
2022,46720412,01,51
2022,46720417,01,51
2022,46720416,01,51
2022,46720414,01,51
2022,46720415,01,51
2022,46720419,01,51
2022,46720422,01,51
2022,46720425,01,51
2022,46720418,01,51
2022,46720420,01,51
2022,46720421,01,51
2022,46720424,01,51
2022,46720423,01,51
2022,46812943,01,51
2022,46811604,01,51
2022,46876100,01,51
2022,46923284,01,51
2022,47455572,01,51
2022,47455571,01,51
2022,47455573,01,51
2022,47455574,01,51
2022,47455575,01,51
2022,47574350,01,51
2022,47639936,01,51
2022,47839657,01,51
2022,47839658,01,51
2022,47839660,01,51
2022,47839663,01,51
2022,47839661,01,51
2022,47839662,01,51
2022,47839676,01,51
2022,48399013,01,51
2022,48224954,01,51
2022,47978923,01,51
2022,47978925,01,51
2022,47839665,01,51
2022,47839666,01,51
2022,47839664,01,51
2022,47839669,01,51
2022,47839677,01,51
2022,47839679,01,51
2022,47839659,01,51
2022,47839668,01,51
2022,47839671,01,51
2022,46868437,01,51
2022,47839678,01,51
2022,47839667,01,51
2022,47839670,01,51
2022,47839672,01,51
2022,47839673,01,51
2022,47839674,01,51
2022,48224955,01,51
2022,47839675,01,51
2022,47891807,01,51
2022,47891808,01,51
2022,44854343,01,51
2022,44854344,01,51
2022,44854345,01,51
2022,44854346,01,51
2022,44854347,01,51
2022,44854350,01,51
2022,46863761,01,51
2022,47108874,01,51
2022,47029468,01,51
2022,47089433,01,51
2022,47143936,01,51
2022,47213677,01,51
2022,47213678,01,51
2022,47454556,01,51
2022,47454558,01,51
2022,47454557,01,51
2022,47454561,01,51
2022,47454562,01,51
2022,47454559,01,51
2022,47454560,01,51
2022,47454563,01,51
2022,47454564,01,51
2022,47454566,01,51
2022,47454565,01,51
2022,47454567,01,51
2022,47454568,01,51
2022,47507057,01,51
2022,47507573,01,51
2022,47507574,01,51
2022,47510249,01,51
2022,47880329,01,51
2022,47578447,01,51
2022,47586212,01,51
2022,47590363,01,51
2022,47590362,01,51
2022,47629954,01,51
2022,47632354,01,51
2022,47646402,01,51
2022,47920538,01,51
2022,47920539,01,51
2022,47920541,01,51
2022,47920540,01,51
2022,47920542,01,51
2022,47920543,01,51
2022,47920544,01,51
2022,47920545,01,51
2022,45310723,01,51
2022,44524007,01,51
2022,44558325,01,51
2022,45310724,01,51
2022,45315453,01,51
2022,44996988,01,51
2022,44996989,01,51
2022,45045165,01,51
2022,45310725,01,51
2022,45310726,01,51
2022,45310093,01,51
2022,45310094,01,51
2022,45315455,01,51
2022,45315454,01,51
2022,45315457,01,51
2022,45315456,01,51
2022,45048278,01,51
2022,45095730,01,51
2022,45347905,01,51
2022,45347904,01,51
2022,45491008,01,51
2022,45491009,01,51
2022,45536908,01,51
2022,45675465,01,51
2022,45736503,01,51
2022,45736504,01,51
2022,48570337,01,51
2022,45670846,01,51
2022,45770622,01,51
2022,46124641,01,51
2022,46126030,01,51
2022,46126031,01,51
2022,46032786,01,51
2022,46032787,01,51
2022,46124642,01,51
2022,46026866,01,51
2022,46026867,01,51
2022,46026868,01,51
2022,46033155,01,51
2022,46124643,01,51
2022,48563664,01,51
2022,48563665,01,51
2022,44854348,01,51
2022,44854349,01,51
2022,44854351,01,51
2022,44854352,01,51
2022,44854353,01,51
2022,45096949,01,51
2022,45096950,01,51
2022,45096953,01,51
2022,46284454,01,51
2022,46284456,01,51
2022,46395510,01,51
2022,46998508,01,51
2022,46586459,01,51
2022,46598208,01,51
2022,46631801,01,51
2022,46869062,01,51
2022,46835355,01,51
2022,46835354,01,51
2022,46865774,01,51
2022,46865775,01,51
2022,46998509,01,51
2022,46998510,01,51
2022,46752091,01,51
2022,46752090,01,51
2022,47894851,01,51
2022,47160122,01,51
2022,47455320,01,51
2022,48281805,01,51
2022,45096951,01,51
2022,45096952,01,51
2022,45096954,01,51
2022,45491285,01,51
2022,45491292,01,51
2022,45491296,01,51
2022,45491301,01,51
2022,45491287,01,51
2022,45491288,01,51
2022,45491290,01,51
2022,45491291,01,51
2022,45491293,01,51
2022,45491295,01,51
2022,45491284,01,51
2022,45491286,01,51
2022,45491289,01,51
2022,45491294,01,51
2022,45491297,01,51
2022,45491298,01,51
2022,45491299,01,51
2022,45491300,01,51
2022,45491302,01,51
2022,45705384,01,51
2022,45705385,01,51
2022,47455325,01,51
2022,47455321,01,51
2022,47455322,01,51
2022,47455326,01,51
2022,47455323,01,51
2022,47455324,01,51
2022,47455327,01,51
2022,47633333,01,51
2022,47633334,01,51
2022,47633335,01,51
2022,47454779,01,51
2022,47504458,01,51
2022,47504459,01,51
2022,47507214,01,51
2022,47507215,01,51
2022,47507216,01,51
2022,47586213,01,51
2022,47586214,01,51
2022,47593406,01,51
2022,45705386,01,51
2022,45705388,01,51
2022,45705391,01,51
2022,46840812,01,51
2022,45705394,01,51
2022,45705398,01,51
2022,45705400,01,51
2022,47455149,01,51
2022,47455152,01,51
2022,47455156,01,51
2022,47455159,01,51
2022,47455167,01,51
2022,47455169,01,51
2022,47455170,01,51
2022,47455176,01,51
2022,47455177,01,51
2022,47455178,01,51
2022,47455147,01,51
2022,47455148,01,51
2022,47455150,01,51
2022,47455151,01,51
2022,47455153,01,51
2022,47455154,01,51
2022,47455158,01,51
2022,47455160,01,51
2022,47455162,01,51
2022,47455164,01,51
2022,47455166,01,51
2022,47455168,01,51
2022,47455171,01,51
2022,47455173,01,51
2022,47455175,01,51
2022,47455155,01,51
2022,47455157,01,51
2022,47455161,01,51
2022,47455163,01,51
2022,47455165,01,51
2022,47455172,01,51
2022,47455174,01,51
2022,47455179,01,51
2022,47582766,01,51
2022,47582767,01,51
2022,47582768,01,51
2022,47582769,01,51
2022,47582770,01,51
2022,47077154,01,51
2022,47077156,01,51
2022,47077155,01,51
2022,47077157,01,51
2022,47077161,01,51
2022,47077162,01,51
2022,47077163,01,51
2022,47077167,01,51
2022,47077177,01,51
2022,47077159,01,51
2022,47077165,01,51
2022,47077166,01,51
2022,47077169,01,51
2022,47077172,01,51
2022,47077174,01,51
2022,47077176,01,51
2022,47077158,01,51
2022,47077160,01,51
2022,47077164,01,51
2022,47077168,01,51
2022,47077170,01,51
2022,47077171,01,51
2022,47077173,01,51
2022,47077175,01,51
2022,47604802,01,51
2022,47604803,01,51
2022,47604804,01,51
2022,47604805,01,51
2022,47604806,01,51
2022,47604807,01,51
2022,47604808,01,51
2022,47604809,01,51
2022,47604810,01,51
2022,47604811,01,51
2022,47954982,01,51
2022,48248536,01,51
2022,45705387,01,51
2022,45705389,01,51
2022,45705392,01,51
2022,45705393,01,51
2022,45705395,01,51
2022,45705399,01,51
2022,47455180,01,51
2022,47455183,01,51
2022,47455191,01,51
2022,47455194,01,51
2022,47455195,01,51
2022,47455202,01,51
2022,47455204,01,51
2022,47455206,01,51
2022,47455208,01,51
2022,47455209,01,51
2022,47455211,01,51
2022,47455213,01,51
2022,47455181,01,51
2022,47455182,01,51
2022,47455184,01,51
2022,47455186,01,51
2022,47455189,01,51
2022,47455196,01,51
2022,47455197,01,51
2022,47455198,01,51
2022,47455200,01,51
2022,47455201,01,51
2022,47455203,01,51
2022,47455205,01,51
2022,47455207,01,51
2022,47455210,01,51
2022,47455185,01,51
2022,47455187,01,51
2022,47455188,01,51
2022,47455190,01,51
2022,47455192,01,51
2022,47455193,01,51
2022,47455199,01,51
2022,47455212,01,51
2022,47455214,01,51
2022,48356744,01,51
2022,48356745,01,51
2022,48356742,01,51
2022,48356746,01,51
2022,48356740,01,51
2022,48356741,01,51
2022,48356743,01,51
2022,48356749,01,51
2022,48356747,01,51
2022,45705390,01,51
2022,45705396,01,51
2022,45705397,01,51
2022,46001999,01,51
2022,46002007,01,51
2022,46001997,01,51
2022,46001998,01,51
2022,46002002,01,51
2022,48356748,01,51
2022,48356750,01,51
2022,47954990,01,51
2022,47954984,01,51
2022,47954986,01,51
2022,47954988,01,51
2022,47954985,01,51
2022,47954987,01,51
2022,47954989,01,51
2022,47954983,01,51
2022,48416786,01,51
2022,48416785,01,51
2022,48416787,01,51
2022,48418129,01,51
2022,46001996,01,51
2022,46002000,01,51
2022,46002003,01,51
2022,46002005,01,51
2022,46002008,01,51
2022,48418122,01,51
2022,48483481,01,51
2022,48483485,01,51
2022,48483490,01,51
2022,48483482,01,51
2022,48483489,01,51
2022,48483483,01,51
2022,48483486,01,51
2022,48483488,01,51
2022,48483484,01,51
2022,48483487,01,51
2022,48314277,01,51
2022,48314276,01,51
2022,48418115,01,51
2022,48418119,01,51
2022,48418120,01,51
2022,48418123,01,51
2022,48418125,01,51
2022,48418126,01,51
2022,48418128,01,51
2022,48418114,01,51
2022,48418116,01,51
2022,48418117,01,51
2022,46002006,01,51
2022,46390858,01,51
2022,48418118,01,51
2022,48418121,01,51
2022,48418127,01,51
2022,48418124,01,51
2022,46764836,01,51
2022,46390862,01,51
2022,46390864,01,51
2022,46390867,01,51
2022,46390869,01,51
2022,46390872,01,51
2022,46390873,01,51
2022,46390859,01,51
2022,46390860,01,51
2022,46390863,01,51
2022,46390866,01,51
2022,46390868,01,51
2022,46390871,01,51
2022,46390874,01,51
2022,46390861,01,51
2022,46390865,01,51
2022,46390870,01,51
2022,48483493,01,51
2022,48483491,01,51
2022,46764837,01,51
2022,48483492,01,51
2022,48539584,01,51
2022,48539588,01,51
2022,48539590,01,51
2022,48539583,01,51
2022,48539585,01,51
2022,48539591,01,51
2022,48539592,01,51
2022,48539593,01,51
2022,48539594,01,51
2022,48539586,01,51
2022,48539587,01,51
2022,48539589,01,51
2022,48585242,01,51
2022,48625261,01,51
2022,46764838,01,51
2022,46765398,01,51
2022,46765400,01,51
2022,46765401,01,51
2022,46765404,01,51
2022,46765402,01,51
2022,46765389,01,51
2022,46765390,01,51
2022,46765387,01,51
2022,46765391,16,52
2022,46765397,01,51
2022,46765385,01,51
2022,46765386,01,51
2022,46765388,01,51
2022,46765392,01,51
2022,46765394,01,51
2022,46765395,01,51
2022,46765396,01,51
2022,48625260,01,51
2022,46765393,01,51
2022,46765399,01,51
2022,46765403,01,51
2022,47455833,01,51
2022,47455834,01,51
2022,47455835,01,51
2022,47455846,01,51
2022,47455848,01,51
2022,47455849,01,51
2022,47455836,01,51
2022,47455838,01,51
2022,47455841,01,51
2022,47455843,01,51
2022,47455844,01,51
2022,47455850,01,51
2022,47455837,01,51
2022,47455839,01,51
2022,47455840,01,51
2022,47455842,01,51
2022,47455845,01,51
2022,47455847,01,51
2022,47455851,01,51
2022,48625263,01,51
2022,48625262,01,51
2022,47960534,01,51
2022,47960536,01,51
2022,48778423,01,51
2022,48778430,01,51
2022,48778431,01,51
2022,48778424,01,51
2022,48778427,01,51
2022,48778429,01,51
2022,48778416,01,51
2022,48778417,01,51
2022,48778418,01,51
2022,48778420,01,51
2022,48778421,01,51
2022,48778422,01,51
2022,48778425,01,51
2022,48778426,01,51
2022,48778428,01,51
2022,48778432,01,51
2022,48778433,01,51
2022,48778434,01,51
2022,48778435,01,51
2022,48778436,01,51
2022,48778437,01,51
2022,48778438,01,51
2022,48778439,01,51
2022,48778440,01,51
2022,48778441,01,51
2022,48778442,01,51
2022,48796953,01,51
2022,48778443,01,51
2022,48778444,01,51
2022,48785692,01,51
2022,47960535,01,51
2022,47960537,01,51
2022,48785693,01,51
2022,47960538,01,51
2022,47960539,01,51
2022,48785694,01,51
2022,48785695,01,51
2022,48796944,01,51
2022,47961046,01,51
2022,47961047,01,51
2022,47955009,01,51
2022,47955010,01,51
2022,47955011,01,51
2022,47955007,01,51
2022,47955008,01,51
2022,47955012,01,51
2022,48796948,01,51
2022,48796950,01,51
2022,48796954,01,51
2022,48796942,01,51
2022,48796943,01,51
2022,48796945,01,51
2022,48796947,01,51
2022,48796951,01,51
2022,48796946,01,51
2022,47967363,01,51
2022,47967365,01,51
2022,47967368,01,51
2022,47967370,01,51
2022,47967373,01,51
2022,47967362,01,51
2022,47967364,01,51
2022,47967367,01,51
2022,47967369,01,51
2022,47967374,01,51
2022,48796949,01,51
2022,48796955,01,51
2022,48797655,01,51
2022,47967366,01,51
2022,47967371,01,51
2022,47967372,01,51
2022,47967375,01,51
2022,47967376,01,51
2022,47967377,01,51
2022,47967378,01,51
2022,47978242,01,51
2022,47978243,01,51
2022,47978241,01,51
2022,47981288,01,51
2022,47981290,01,51
2022,47981292,01,51
2022,47981287,01,51
2022,47981289,01,51
2022,47981291,01,51
2022,47981293,01,51
2022,47981294,01,51
2022,48062635,01,51
2022,48062636,01,51
2022,48062631,01,51
2022,48062630,01,51
2022,48062632,01,51
2022,48062624,01,51
2022,48062628,01,51
2022,48062629,01,51
2022,48062633,01,51
2022,48062637,01,51
2022,48797654,01,51
2022,48062626,01,51
2022,48062627,01,51
2022,48345399,01,51
2022,47921072,01,51
2022,47921073,01,51
2022,47921067,01,51
2022,47921068,01,51
2022,47921069,01,51
2022,47921070,01,51
2022,47921074,01,51
2022,47921071,01,51
2022,44433945,01,51
2022,44469758,01,51
2022,44501735,01,51
2022,44635490,01,51
2022,44681269,01,51
2022,44681268,01,51
2022,44682054,01,51
2022,44851714,01,51
2022,44890834,01,51
2022,44961226,01,51
2022,45312655,01,51
2022,45312656,01,51
2022,45312658,01,51
2022,45312657,01,51
2022,45312659,01,51
2022,45330976,01,51
2022,45096955,01,51
2022,45330977,01,51
2022,45330978,01,51
2022,45516006,01,51
2022,45499145,01,51
2022,45500534,01,51
2022,45491871,01,51
2022,45491872,01,51
2022,45675470,01,51
2022,45574125,01,51
2022,45574126,01,51
2022,45667082,01,51
2022,45710616,01,51
2022,45710615,01,51
2022,45737821,01,51
2022,45773175,01,51
2022,45932142,01,51
2022,45853469,01,51
2022,45946158,01,51
2022,46002009,01,51
2022,46213998,01,51
2022,46276987,01,51
2022,46329084,01,51
2022,46330117,01,51
2022,46351053,01,51
2022,46398445,01,51
2022,46459623,01,51
2022,46533392,01,51
2022,46762949,01,51
2022,48804208,01,51
2022,46812944,01,51
2022,46842745,01,51
2022,46619067,01,51
2022,46846095,01,51
2022,46846094,01,51
2022,46876101,01,51
2022,46893159,01,51
2022,46922803,01,51
2022,47017276,01,51
2022,47025400,01,51
2022,47114062,01,51
2022,47114063,01,51
2022,47213745,01,51
2022,47456484,01,51
2022,47456485,01,51
2022,47456486,01,51
2022,47456488,01,51
2022,47456487,01,51
2022,47456489,01,51
2022,47507891,01,51
2022,47578456,01,51
2022,47579091,01,51
2022,47594947,01,51
2022,47604813,01,51
2022,47629382,01,51
2022,48804209,01,51
2022,47877169,01,51
2022,47877171,01,51
2022,47877173,01,51
2022,47877175,01,51
2022,47877172,01,51
2022,47877167,01,51
2022,47877168,01,51
2022,47877170,01,51
2022,48842824,01,51
2022,48842823,01,51
2022,48943120,01,51
2022,47877176,01,51
2022,47877181,01,51
2022,47877179,01,51
2022,47877180,01,51
2022,47877174,01,51
2022,47877178,01,51
2022,47877182,01,51
2022,47877177,01,51
2022,48375191,01,51
2022,47877183,01,51
2022,47877185,01,51
2022,47877190,01,51
2022,47877187,01,51
2022,47877184,01,51
2022,47877189,01,51
2022,47877186,01,51
2022,47877188,01,51
2022,48314286,01,51
2022,47877193,01,51
2022,47877196,01,51
2022,47877192,01,51
2022,47877194,01,51
2022,47877195,01,51
2022,47877191,01,51
2022,47877201,01,51
2022,47877197,01,51
2022,47877199,01,51
2022,47877203,01,51
2022,47877198,01,51
2022,47877200,01,51
2022,47877202,01,51
2022,47877206,01,51
2022,47877204,01,51
2022,47877205,01,51
2022,47877207,01,51
2022,48091057,01,51
2022,48943134,01,51
2022,48943136,01,51
2022,48943145,01,51
2022,48943150,01,51
2022,48943151,01,51
2022,48943121,01,51
2022,48943125,01,51
2022,48943130,01,51
2022,48943138,01,51
2022,48943140,01,51
2022,48943142,01,51
2022,48943143,01,51
2022,48943153,01,51
2022,48943129,01,51
2022,48943146,01,51
2022,48943148,01,51
2022,48943152,01,51
2022,48943124,01,51
2022,48943127,01,51
2022,48943131,01,51
2022,48943135,01,51
2022,48943147,01,51
2022,48943123,01,51
2022,48943128,01,51
2022,48943132,01,51
2022,48943141,01,51
2022,48943119,01,51
2022,48943122,01,51
2022,48943126,01,51
2022,48943133,01,51
2022,48943137,01,51
2022,48943144,01,51
2022,48943149,01,51
2022,48943154,01,51
2022,48943155,01,51
2022,48943157,01,51
2022,48943139,01,51
2022,48943156,01,51
2022,48991564,01,51
2022,48991558,01,51
2022,48991560,01,51
2022,48991557,01,51
2022,48991561,01,51
2022,48991553,01,51
2022,48991554,01,51
2022,48991563,01,51
2022,48991555,01,51
2022,45541779,01,51
2022,45541780,01,51
2022,45541781,01,51
2022,46762950,01,51
2022,45639700,01,51
2022,47173635,01,51
2022,47454816,01,51
2022,47454817,01,51
2022,48991556,01,51
2022,48991559,01,51
2022,48991565,01,51
2022,48991562,01,51
2022,44502421,01,51
2022,44840193,01,51
2022,44914321,01,51
2022,45211670,01,51
2022,45211669,01,51
2022,45526273,01,51
2022,45932813,01,51
2022,46373600,01,51
2022,46379138,01,51
2022,46459616,01,51
2022,46459617,01,51
2022,46587850,01,51
2022,46603138,01,51
2022,46611346,01,51
2022,46734841,01,51
2022,47109166,01,51
2022,47029796,01,51
2022,47218437,01,51
2022,47455425,01,51
2022,47455424,01,51
2022,47455427,01,51
2022,47455426,01,51
2022,47455428,01,51
2022,47779334,01,51
2022,47679673,01,51
2022,47679674,01,51
2022,47679675,01,51
2022,46129338,01,51
2022,46129336,01,51
2022,46174529,01,51
2022,46204101,01,51
2022,47583625,01,51
2022,47832049,01,51
2022,47713316,01,51
2022,47713317,01,51
2022,47874782,01,51
2022,47874785,01,51
2022,47923950,01,51
2022,47910354,01,51
2022,47954405,01,51
2022,47954406,01,51
2022,47981270,01,51
2022,48085905,01,51
2022,48145798,01,51
2022,47805850,01,51
2022,47805853,01,51
2022,47805849,01,51
2022,47805851,01,51
2022,47805848,01,51
2022,47805852,01,51
2022,47978928,01,51
2022,47978934,01,51
2022,47978933,01,51
2022,47978931,01,51
2022,47779343,01,51
2022,47779342,01,51
2022,47776374,01,51
2022,47787054,01,51
2022,47889270,01,51
2022,47627122,01,51
2022,47604230,01,51
2022,47629019,01,51
2022,47629959,01,51
2022,47629960,01,51
2022,47629961,01,51
2022,47629962,01,51
2022,47629963,01,51
2022,47779344,01,51
2022,47766754,01,51
2022,47766753,01,51
2022,47799842,01,51
2022,47641168,01,51
2022,47647299,01,51
2022,47911358,01,51
2022,47911357,01,51
2022,47713344,01,51
2022,47713342,01,51
2022,47713343,01,51
2022,48170929,01,51
2022,48170930,01,51
2022,48240274,01,51
2022,48240275,01,51
2022,48020358,01,51
2022,48370033,01,51
2022,48370034,01,51
2022,48334357,01,51
2022,48383329,01,51
2022,48370035,01,51
2022,47633344,01,51
2022,47633345,01,51
2022,47924306,01,51
2022,48224942,01,51
2022,48524565,01,51
2022,47583054,01,51
2022,47583055,01,51
2022,47583056,01,51
2022,47583057,01,51
2022,47583058,01,51
2022,47583061,01,51
2022,47583060,01,51
2022,47583059,01,51
2022,47583062,01,51
2022,47912611,01,51
2022,48440953,01,51
2022,48680806,01,51
2022,44477366,01,51
2022,44501736,01,51
2022,44501737,01,51
2022,44501738,01,51
2022,44508330,01,51
2022,44581570,01,51
2022,44589825,01,51
2022,44633242,01,51
2022,44639053,01,51
2022,48702044,01,51
2022,44642842,01,51
2022,44642841,01,51
2022,44642840,01,51
2022,44643926,01,51
2022,44645305,01,51
2022,44647278,01,51
2022,44677205,01,51
2022,44677206,01,51
2022,44682055,01,51
2022,44696933,01,51
2022,44698851,01,51
2022,44719055,01,51
2022,44719056,01,51
2022,44801496,01,51
2022,44719058,01,51
2022,44719057,01,51
2022,44801497,01,51
2022,44801498,01,51
2022,44801499,01,51
2022,44827445,01,51
2022,44827446,01,51
2022,44827447,01,51
2022,44831062,01,51
2022,44854355,01,51
2022,44854356,01,51
2022,44854354,01,51
2022,44854357,01,51
2022,44875247,01,51
2022,44907783,01,51
2022,44907784,01,51
2022,44907785,01,51
2022,44927474,01,51
2022,44940644,01,51
2022,44950116,01,51
2022,44961227,01,51
2022,44961824,01,51
2022,44961825,01,51
2022,44961826,01,51
2022,44970004,01,51
2022,44970690,01,51
2022,44977557,01,51
2022,44996990,01,51
2022,45008591,01,51
2022,45026958,01,51
2022,45040779,01,51
2022,45045168,01,51
2022,48702045,01,51
2022,48702041,01,51
2022,45081658,01,51
2022,45081659,01,51
2022,48804206,01,51
2022,45266531,01,51
2022,45273426,01,51
2022,45306854,01,51
2022,45306853,01,51
2022,45295968,01,51
2022,48702042,01,51
2022,45295969,01,51
2022,48702043,01,51
2022,48777491,01,51
2022,48777492,01,51
2022,48799823,01,51
2022,45295970,01,51
2022,48799824,01,51
2022,48877449,01,51
2022,48884034,01,51
2022,48884035,01,51
2022,45590471,01,51
2022,45590472,01,51
2022,45676055,01,51
2022,45676056,01,51
2022,45343820,01,51
2022,45491468,01,51
2022,45491466,01,51
2022,45491469,01,51
2022,45491467,01,51
2022,45491472,01,51
2022,45491471,01,51
2022,45491470,01,51
2022,45628478,01,51
2022,45675466,01,51
2022,45764729,01,51
2022,46233050,01,51
2022,45295971,01,51
2022,45295972,01,51
2022,45312660,01,51
2022,46245458,01,51
2022,45297626,01,51
2022,45297627,01,51
2022,45279198,01,51
2022,45297628,01,51
2022,45298955,01,51
2022,45309161,01,51
2022,45309160,01,51
2022,45309162,01,51
2022,45309159,01,51
2022,45301518,01,51
2022,45312322,01,51
2022,45312321,01,51
2022,45279199,01,51
2022,45310096,01,51
2022,45310095,01,51
2022,45330972,01,51
2022,45304009,01,51
2022,45304010,01,51
2022,45330973,01,51
2022,45304911,01,51
2022,45499608,01,51
2022,45315097,01,51
2022,45632544,01,51
2022,45315098,01,51
2022,45330979,01,51
2022,45921644,01,51
2022,45342858,01,51
2022,45343864,01,51
2022,45921645,01,51
2022,45490866,01,51
2022,47874876,01,51
2022,45543295,01,51
2022,45034501,01,51
2022,45036352,01,51
2022,45040780,01,51
2022,45040781,01,51
2022,45040782,01,51
2022,47874880,01,51
2022,45045169,01,51
2022,45086935,01,51
2022,47874872,01,51
2022,45105219,01,51
2022,47924289,01,51
2022,47924290,01,51
2022,45330980,01,51
2022,47942489,01,51
2022,45330981,01,51
2022,48180414,01,51
2022,45343863,01,51
2022,45516772,01,51
2022,48180415,01,51
2022,45490868,01,51
2022,48180416,01,51
2022,45490872,01,51
2022,48391590,01,51
2022,45490874,01,51
2022,45490876,01,51
2022,45490879,01,51
2022,45490880,01,51
2022,48421571,01,51
2022,45490882,01,51
2022,45490867,01,51
2022,45490869,01,51
2022,45490871,01,51
2022,45490873,01,51
2022,45490878,01,51
2022,45490881,01,51
2022,45490870,01,51
2022,45490875,01,51
2022,45490877,01,51
2022,45490883,01,51
2022,45539486,01,51
2022,45539487,01,51
2022,45539489,11,1
2022,45539488,01,51
2022,45543294,01,51
2022,45543293,01,51
2022,45590433,01,51
2022,45710617,01,51
2022,45710618,01,51
2022,45716874,01,51
2022,45628457,01,51
2022,45632538,01,51
2022,45632539,01,51
2022,45639701,01,51
2022,45670861,01,51
2022,45670862,01,51
2022,45579609,01,51
2022,45579608,01,51
2022,45590434,01,51
2022,45664389,01,51
2022,45625020,01,51
2022,45750266,01,51
2022,45750267,01,51
2022,45750270,01,51
2022,45750268,01,51
2022,45750269,01,51
2022,45704760,01,51
2022,45705401,01,51
2022,45762665,01,51
2022,45764733,01,51
2022,45770621,01,51
2022,45716875,01,51
2022,45778716,01,51
2022,45780290,01,51
2022,46259122,01,51
2022,45822745,01,51
2022,45778717,01,51
2022,45847021,01,51
2022,45977781,01,51
2022,45977782,01,51
2022,45848166,01,51
2022,45873176,01,51
2022,45873175,01,51
2022,45954754,01,51
2022,45954755,01,51
2022,45923041,01,51
2022,45923040,01,51
2022,45927733,01,51
2022,46071280,01,51
2022,45989169,01,51
2022,45989170,01,51
2022,45989171,01,51
2022,48421573,01,51
2022,48421572,01,51
2022,48796979,01,51
2022,45989172,01,51
2022,46083826,01,51
2022,46002011,01,51
2022,46002010,01,51
2022,46002012,01,51
2022,46010636,01,51
2022,46015359,01,51
2022,46015360,01,51
2022,46129348,01,51
2022,46067214,01,51
2022,46067213,01,51
2022,46067212,01,51
2022,46367973,01,51
2022,46080236,01,51
2022,46080234,01,51
2022,46080235,01,51
2022,46080237,01,51
2022,46116512,01,51
2022,46067215,01,51
2022,46067216,01,51
2022,46204115,01,51
2022,46225391,01,51
2022,46225390,01,51
2022,46239823,01,51
2022,46232455,01,51
2022,46259123,01,51
2022,46259124,01,51
2022,46269493,01,51
2022,46269492,01,51
2022,46276988,01,51
2022,46280628,01,51
2022,46291094,01,51
2022,46329086,01,51
2022,46330118,01,51
2022,46347561,01,51
2022,46347562,01,51
2022,46349989,01,51
2022,46355779,01,51
2022,46390875,01,51
2022,46534237,01,51
2022,46367972,01,51
2022,46402887,01,51
2022,46402888,01,51
2022,46459624,01,51
2022,46528640,01,51
2022,46528641,01,51
2022,46528990,01,51
2022,46534238,01,51
2022,46534239,01,51
2022,46538524,01,51
2022,46538525,01,51
2022,46538526,01,51
2022,46547067,01,51
2022,46566502,01,51
2022,46566503,01,51
2022,46578206,01,51
2022,46578205,01,51
2022,46578203,01,51
2022,46578204,01,51
2022,46586465,01,51
2022,46589769,01,51
2022,46589770,01,51
2022,46601515,01,51
2022,46601516,01,51
2022,46601518,01,51
2022,46601517,01,51
2022,46611356,01,51
2022,46627946,01,51
2022,46630878,01,51
2022,46640733,01,51
2022,46720426,01,51
2022,47583966,01,51
2022,48796980,01,51
2022,48898827,01,51
2022,48898828,01,51
2022,48898829,01,51
2022,48898830,01,51
2022,44501727,01,51
2022,45343821,15,9
2022,44753156,01,51
2022,44856938,01,51
2022,45321437,01,51
2022,45321438,01,51
2022,45332111,01,51
2022,45343822,01,51
2022,45499609,01,51
2022,45491581,01,51
2022,45491582,01,51
2022,45491579,01,51
2022,45491580,01,51
2022,45536915,01,51
2022,45516782,01,51
2022,45536916,01,51
2022,45539529,01,51
2022,45574114,01,51
2022,45574115,01,51
2022,45750252,01,51
2022,45782552,01,51
2022,45750253,01,51
2022,45967056,01,51
2022,45866726,01,51
2022,45866727,01,51
2022,45866729,01,51
2022,45866728,01,51
2022,45866730,01,51
2022,45980730,01,51
2022,46001949,01,51
2022,46001950,01,51
2022,46040036,01,51
2022,46174530,01,51
2022,46239811,01,51
2022,46230021,01,51
2022,46259744,01,51
2022,46280617,01,51
2022,46280616,01,51
2022,46284457,01,51
2022,46329078,01,51
2022,46329079,01,51
2022,46347554,01,51
2022,46349977,01,51
2022,46349978,01,51
2022,46349979,01,51
2022,46373620,01,51
2022,46520133,01,51
2022,46534230,01,51
2022,46534231,01,51
2022,46587852,01,51
2022,46764830,01,51
2022,46764839,01,51
2022,46800495,01,51
2022,46800494,01,51
2022,46811605,01,51
2022,46811606,01,51
2022,46839710,01,51
2022,46840814,01,51
2022,46846098,01,51
2022,46850214,01,51
2022,46858710,01,51
2022,46858711,01,51
2022,46893160,01,51
2022,46893161,01,51
2022,46947787,01,51
2022,47025401,01,51
2022,46619072,01,51
2022,46619068,01,51
2022,46619069,01,51
2022,46619070,01,51
2022,46619071,01,51
2022,46627947,01,51
2022,46627948,01,51
2022,46633920,01,51
2022,46640734,01,51
2022,46640735,01,51
2022,46640736,01,51
2022,46647772,01,51
2022,46692432,01,51
2022,46696143,01,51
2022,46698137,01,51
2022,46698138,01,51
2022,46698136,01,51
2022,46734446,01,51
2022,46734442,01,51
2022,46734445,01,51
2022,46734443,01,51
2022,46734444,01,51
2022,46734447,01,51
2022,46742764,01,51
2022,46742765,01,51
2022,46752128,01,51
2022,46752129,01,51
2022,46846099,01,51
2022,46846066,01,51
2022,46618998,01,51
2022,46633919,01,51
2022,46647759,01,51
2022,46859312,01,51
2022,46876102,01,51
2022,46876103,01,51
2022,46861491,01,51
2022,46861493,01,51
2022,46861492,01,51
2022,46893162,01,51
2022,46698126,01,51
2022,46734842,01,51
2022,46863762,01,51
2022,46865776,01,51
2022,46912685,01,51
2022,46912684,01,51
2022,46920528,01,51
2022,46947788,01,51
2022,46956391,01,51
2022,47100215,01,51
2022,47025403,01,51
2022,47025402,01,51
2022,47029475,01,51
2022,47029477,01,51
2022,47029476,01,51
2022,47116986,01,51
2022,47085297,01,51
2022,47089438,01,51
2022,47089437,01,51
2022,47089439,01,51
2022,47155619,01,51
2022,47160136,01,51
2022,47455103,01,51
2022,47455134,01,51
2022,47160137,01,51
2022,47776375,01,51
2022,47455108,01,51
2022,47455109,01,51
2022,47455110,01,51
2022,47455104,01,51
2022,47455105,01,51
2022,47455106,01,51
2022,47455107,01,51
2022,47455112,01,51
2022,47455113,01,51
2022,47455115,01,51
2022,47455117,01,51
2022,47455131,01,51
2022,47455133,01,51
2022,47455137,01,51
2022,47455138,01,51
2022,47455129,01,51
2022,47455135,01,51
2022,47455111,01,51
2022,47455114,01,51
2022,47455116,01,51
2022,47455127,01,51
2022,47455128,01,51
2022,47455130,01,51
2022,47455132,01,51
2022,47455136,01,51
2022,47766097,01,51
2022,47455121,01,51
2022,47455122,01,51
2022,47455123,01,51
2022,47455124,01,51
2022,47455120,01,51
2022,47455126,01,51
2022,47455118,01,51
2022,47455119,01,51
2022,47455125,01,51
2022,47574351,01,51
2022,47574352,01,51
2022,47578457,01,51
2022,47578458,01,51
2022,47578827,01,51
2022,47583965,01,51
2022,47862400,01,51
2022,47639940,01,51
2022,47641169,01,51
2022,47646410,01,51
2022,47647300,01,51
2022,47647301,01,51
2022,47667493,01,51
2022,47678345,01,51
2022,47029797,01,51
2022,47456165,01,51
2022,47456164,01,51
2022,47456166,01,51
2022,47456168,01,51
2022,47574344,01,51
2022,45561207,01,51
2022,45590513,01,51
2022,45590514,01,51
2022,45695395,01,51
2022,45695394,01,51
2022,45695393,01,51
2022,45695397,01,51
2022,45535170,01,51
2022,45561208,01,51
2022,45561209,01,51
2022,45561210,01,51
2022,45499657,01,51
2022,45491756,01,51
2022,45491757,01,51
2022,45491754,01,51
2022,45491755,01,51
2022,45491753,01,51
2022,45491758,01,51
2022,45491762,01,51
2022,45491759,01,51
2022,45491760,01,51
2022,45491761,01,51
2022,45491763,01,51
2022,45535171,01,51
2022,45535172,01,51
2022,45695399,01,51
2022,45695398,01,51
2022,45639723,01,51
2022,45762659,01,51
2022,45746802,01,51
2022,45771432,01,51
2022,45771433,01,51
2022,45844856,01,51
2022,45932814,01,51
2022,45932815,01,51
2022,45966301,01,51
2022,45967057,01,51
2022,45921647,01,51
2022,45993477,01,51
2022,45993478,01,51
2022,46001951,01,51
2022,46088117,01,51
2022,46040037,01,51
2022,46067199,01,51
2022,46286196,01,51
2022,46307894,01,51
2022,46330110,01,51
2022,46395511,01,51
2022,46488372,01,51
2022,46488832,01,51
2022,46549329,01,51
2022,46579292,01,51
2022,46602828,01,51
2022,46611348,01,51
2022,46763345,01,51
2022,45491183,01,51
2022,45491182,01,51
2022,45491185,16,52
2022,45491186,01,51
2022,45491187,01,51
2022,45491188,01,51
2022,45491189,01,51
2022,45778718,01,51
2022,45491190,01,51
2022,45670863,01,51
2022,45695410,01,51
2022,45695411,01,51
2022,45701268,01,51
2022,45701270,01,51
2022,45701269,01,51
2022,45780298,01,51
2022,45799644,01,51
2022,45799643,01,51
2022,48647205,01,51
2022,48647207,01,51
2022,46846067,01,51
2022,46624660,01,51
2022,46624661,01,51
2022,46696133,01,51
2022,46734431,01,51
2022,46752093,01,51
2022,46868438,01,51
2022,46846068,01,51
2022,46863763,01,51
2022,46894051,01,51
2022,46947779,01,51
2022,47143937,01,51
2022,47021103,01,51
2022,47029798,01,51
2022,47085292,01,51
2022,47089434,01,51
2022,47222375,01,51
2022,47155612,01,51
2022,47155613,01,51
2022,47155611,01,51
2022,47213680,01,51
2022,47456369,01,51
2022,47456370,01,51
2022,47456368,01,51
2022,47456371,01,51
2022,47456373,01,51
2022,47456374,01,51
2022,47456375,01,51
2022,47456372,01,51
2022,47456376,01,51
2022,47456378,01,51
2022,47456380,01,51
2022,47456379,01,51
2022,47456377,01,51
2022,47570334,01,51
2022,47578448,01,51
2022,47578449,01,51
2022,47593407,01,51
2022,44926873,01,51
2022,44926870,01,51
2022,44926872,01,51
2022,44926874,01,51
2022,44926869,01,51
2022,47956092,01,51
2022,47956093,01,51
2022,47956095,01,51
2022,47956094,01,51
2022,47956096,01,51
2022,44926871,01,51
2022,44926877,01,51
2022,44926883,01,51
2022,44926884,01,51
2022,44926881,01,51
2022,44926875,01,51
2022,44926876,01,51
2022,44926882,01,51
2022,44950111,01,51
2022,45026929,01,51
2022,45310727,01,51
2022,45295960,01,51
2022,45295961,01,51
2022,47956097,01,51
2022,48647208,01,51
2022,47956098,01,51
2022,47956100,01,51
2022,47956101,01,51
2022,47956099,01,51
2022,47956102,01,51
2022,47956103,01,51
2022,47956105,01,51
2022,47956107,01,51
2022,47956106,01,51
2022,48647209,01,51
2022,47959533,01,51
2022,48261943,01,51
2022,45309148,01,51
2022,45304904,01,51
2022,45304902,01,51
2022,45304903,01,51
2022,45320753,01,51
2022,45086915,01,51
2022,45086917,01,51
2022,45499658,01,51
2022,45526417,01,51
2022,45491788,01,51
2022,45491792,01,51
2022,45491786,01,51
2022,45491789,01,51
2022,45491787,01,51
2022,45491790,01,51
2022,45491791,01,51
2022,45491793,01,51
2022,45491795,01,51
2022,45535174,01,51
2022,45668454,01,51
2022,45539537,01,51
2022,45750254,01,51
2022,45750256,01,51
2022,45750255,01,51
2022,45695401,01,51
2022,45695400,01,51
2022,45736506,01,51
2022,45736505,01,51
2022,45822742,01,51
2022,45765182,01,51
2022,45776676,01,51
2022,45848129,01,51
2022,45967058,01,51
2022,45946156,01,51
2022,45946155,01,51
2022,45947247,01,51
2022,46071271,01,51
2022,46071270,01,51
2022,46067200,01,51
2022,46067201,01,51
2022,46124644,01,51
2022,46095062,01,51
2022,46116483,01,51
2022,46233051,01,51
2022,46173090,01,51
2022,46225388,01,51
2022,46230022,01,51
2022,47639930,01,51
2022,47641152,01,51
2022,47646403,01,51
2022,47678284,01,51
2022,47950148,01,51
2022,47950149,01,51
2022,47978234,01,51
2022,44824667,01,51
2022,44856939,01,51
2022,45526354,01,51
2022,45526353,01,51
2022,45771426,01,51
2022,45965355,01,51
2022,45927734,01,51
2022,46233059,01,51
2022,46239824,01,51
2022,47955013,01,51
2022,47955014,01,51
2022,47955015,01,51
2022,47955016,01,51
2022,44824638,01,51
2022,45034460,01,51
2022,45209072,01,51
2022,45312648,01,51
2022,45321450,01,51
2022,45040769,01,51
2022,45086918,01,51
2022,45533170,01,51
2022,45539542,01,51
2022,45539544,01,51
2022,45539546,01,51
2022,45539541,01,51
2022,45539545,01,51
2022,45539547,01,51
2022,45780323,01,51
2022,45780324,01,51
2022,45780328,01,51
2022,45780325,01,51
2022,45780326,01,51
2022,45780327,01,51
2022,45801730,01,51
2022,46124651,01,51
2022,46124649,01,51
2022,46124650,01,51
2022,46124652,01,51
2022,47713319,01,51
2022,47713320,01,51
2022,48647240,01,51
2022,48066111,01,51
2022,48066112,01,51
2022,44824673,01,51
2022,44824676,01,51
2022,44824674,01,51
2022,44824675,01,51
2022,44846515,01,51
2022,44846516,01,51
2022,44873945,01,51
2022,44922792,01,51
2022,44922791,01,51
2022,44922793,01,51
2022,47627123,01,51
2022,47627124,01,51
2022,47627126,01,51
2022,47627128,01,51
2022,47627125,01,51
2022,48647239,01,51
2022,48789306,01,51
2022,45343865,01,51
2022,47627129,01,51
2022,47627131,01,51
2022,47627133,01,51
2022,47627130,01,51
2022,47627134,01,51
2022,47627132,01,51
2022,45670864,01,51
2022,45873177,01,51
2022,44844987,01,51
2022,48221537,01,51
2022,48626409,01,51
2022,48626410,01,51
2022,48626411,01,51
2022,48626412,01,51
2022,48626413,01,51
2022,48626414,01,51
2022,46175267,01,51
2022,46175266,01,51
2022,47627135,01,51
2022,48789307,01,51
2022,46391593,01,51
2022,46391594,01,51
2022,46391595,01,51
2022,46391596,01,51
2022,46840815,01,51
2022,46637139,01,51
2022,46637140,01,51
2022,46637141,01,51
2022,46637142,01,51
2022,46637143,01,51
2022,46861494,01,51
2022,46861498,01,51
2022,46861496,01,51
2022,46861499,01,51
2022,46861495,01,51
2022,46861497,01,51
2022,47218438,01,51
2022,47218439,01,51
2022,48221539,01,51
2022,48221541,01,51
2022,48678839,01,51
2022,47456070,01,51
2022,47456071,01,51
2022,47456073,01,51
2022,47456072,01,51
2022,47456074,01,51
2022,47779350,01,51
2022,47779346,01,51
2022,47779349,01,51
2022,47779347,01,51
2022,47779348,01,51
2022,48399027,01,51
2022,48626415,01,51
2022,48626416,01,51
2022,45491485,01,51
2022,45526366,01,51
2022,45526365,01,51
2022,45526368,01,51
2022,45676078,01,51
2022,46015357,01,51
2022,46018704,01,51
2022,46348348,01,51
2022,46348349,01,51
2022,46347821,01,51
2022,46869063,01,51
2022,46893156,01,51
2022,46893157,01,51
2022,46894053,01,51
2022,46894052,01,51
2022,46894054,01,51
2022,47456831,01,51
2022,47456830,01,51
2022,47456832,01,51
2022,48231817,01,51
2022,48240277,01,51
2022,47630316,01,51
2022,47630317,01,51
2022,47630318,01,51
2022,48248538,01,51
2022,48248539,01,51
2022,48248545,01,51
2022,48248541,01,51
2022,48248537,01,51
2022,48248543,01,51
2022,45853464,01,51
2022,45535166,01,51
2022,45535165,01,51
2022,45561195,01,51
2022,46083828,01,51
2022,45853465,01,51
2022,45853467,01,51
2022,45853463,01,51
2022,45853466,01,51
2022,45866734,01,51
2022,46010609,01,51
2022,46174536,01,51
2022,46174537,01,51
2022,46175238,01,51
2022,46175239,01,51
2022,46175240,01,51
2022,46175241,01,51
2022,46239812,01,51
2022,46912670,01,51
2022,46239813,01,51
2022,47457076,01,51
2022,47457077,01,51
2022,46811602,01,51
2022,46861484,01,51
2022,48732174,01,51
2022,48732175,01,51
2022,47160127,01,51
2022,47160129,01,51
2022,47160128,01,51
2022,48497448,01,51
2022,45027142,01,51
2022,45027143,01,51
2022,45027144,01,51
2022,45027145,01,51
2022,45027148,01,51
2022,45027151,01,51
2022,45027154,01,51
2022,45027156,01,51
2022,48497447,01,51
2022,48497445,01,51
2022,47457078,01,51
2022,48370024,01,51
2022,45027158,01,51
2022,45027162,01,51
2022,45027137,01,51
2022,45027140,01,51
2022,45027149,01,51
2022,45027152,01,51
2022,45027138,01,51
2022,48248547,01,51
2022,47804462,01,51
2022,47804464,01,51
2022,48388379,01,51
2022,48240279,01,51
2022,48240278,01,51
2022,45279211,01,51
2022,45027135,01,51
2022,45027136,01,51
2022,45027141,01,51
2022,45027146,01,51
2022,45027147,01,51
2022,45027153,01,51
2022,45027155,01,51
2022,45027157,01,51
2022,45027159,01,51
2022,45027160,01,51
2022,45027161,01,51
2022,45027163,01,51
2022,45027164,01,51
2022,46520489,01,51
2022,46520490,01,51
2022,46520491,01,51
2022,47766756,01,51
2022,45491623,01,51
2022,45535162,01,51
2022,45048310,01,51
2022,45048311,01,51
2022,45048312,01,51
2022,45048315,01,51
2022,45048327,01,51
2022,45048302,01,51
2022,45048303,01,51
2022,45048309,01,51
2022,45048323,01,51
2022,45048308,01,51
2022,45048321,01,51
2022,45048314,01,51
2022,45048317,01,51
2022,45048330,01,51
2022,45048324,01,51
2022,45048329,01,51
2022,45048306,01,51
2022,45048307,01,51
2022,45048304,01,51
2022,45048313,01,51
2022,45048320,01,51
2022,45048326,01,51
2022,45086940,01,51
2022,45086939,01,51
2022,45086941,01,51
2022,45086938,01,51
2022,46528642,01,51
2022,47942492,01,51
2022,45279219,01,51
2022,45279212,01,51
2022,45491636,01,51
2022,45279213,01,51
2022,45499610,01,51
2022,45491637,01,51
2022,45710610,01,51
2022,45710611,01,51
2022,45714031,01,51
2022,45716412,01,51
2022,45866736,01,51
2022,45866737,01,51
2022,45866738,01,51
2022,45980731,01,51
2022,46010610,01,51
2022,46024972,01,51
2022,46071272,01,51
2022,47713321,14,7
2022,47456169,01,51
2022,45034462,01,51
2022,45535183,01,51
2022,45535185,01,51
2022,45535184,01,51
2022,45535607,01,51
2022,45535606,01,51
2022,45535608,01,51
2022,45535609,01,51
2022,46245460,01,51
2022,46245459,01,51
2022,46245462,01,51
2022,46245461,01,51
2022,46859305,01,51
2022,45279218,01,51
2022,45279220,01,51
2022,45279221,01,51
2022,46859306,01,51
2022,45301519,01,51
2022,46859307,01,51
2022,46920517,01,51
2022,46920518,01,51
2022,46920513,01,51
2022,46920514,01,51
2022,46920512,01,51
2022,46920515,01,51
2022,47077180,01,51
2022,47077183,01,51
2022,47077182,01,51
2022,47077178,01,51
2022,47077179,01,51
2022,47077181,01,51
2022,47077184,01,51
2022,47077185,01,51
2022,47456565,01,51
2022,47456562,01,51
2022,47456563,01,51
2022,47456564,01,51
2022,47713326,01,51
2022,47713327,01,51
2022,47713328,01,51
2022,47713322,01,51
2022,47713323,01,51
2022,47713324,01,51
2022,47713325,01,51
2022,47713329,01,51
2022,47713330,01,51
2022,47840577,01,51
2022,47840578,01,51
2022,47840579,01,51
2022,47840581,01,51
2022,47840582,01,51
2022,47840580,01,51
2022,45327108,01,51
2022,47840583,01,51
2022,45750257,01,51
2022,45750258,01,51
2022,45750261,01,51
2022,45750259,01,51
2022,45750262,01,51
2022,45750260,01,51
2022,45746803,01,51
2022,45746809,01,51
2022,45746813,01,51
2022,45746816,01,51
2022,45746820,01,51
2022,45746821,01,51
2022,45746823,01,51
2022,45746826,01,51
2022,45746828,01,51
2022,45746834,01,51
2022,45746838,01,51
2022,45746842,01,51
2022,45746850,01,51
2022,45746853,01,51
2022,45746855,01,51
2022,45746858,01,51
2022,45746861,01,51
2022,45746863,01,51
2022,45746869,01,51
2022,45746872,01,51
2022,45746873,01,51
2022,45746875,01,51
2022,45746877,01,51
2022,45746880,01,51
2022,45746804,01,51
2022,45746805,01,51
2022,45746808,01,51
2022,45746810,01,51
2022,45746811,01,51
2022,45746814,01,51
2022,45746815,01,51
2022,45746817,01,51
2022,45746818,01,51
2022,45746822,01,51
2022,45746825,01,51
2022,45746827,01,51
2022,45746831,01,51
2022,45746833,01,51
2022,45746835,01,51
2022,45746837,01,51
2022,45746839,01,51
2022,45746844,01,51
2022,45746845,01,51
2022,45746847,01,51
2022,45746848,01,51
2022,45746852,01,51
2022,45746856,01,51
2022,45746864,01,51
2022,45746865,01,51
2022,45746866,01,51
2022,45746868,01,51
2022,45746871,01,51
2022,45746874,01,51
2022,45746878,01,51
2022,45746806,01,51
2022,45746807,01,51
2022,45746812,01,51
2022,45746819,01,51
2022,45746824,01,51
2022,45746829,01,51
2022,45746830,01,51
2022,45746832,01,51
2022,45746836,01,51
2022,45746840,01,51
2022,45746841,01,51
2022,45746843,01,51
2022,45746846,01,51
2022,45746849,01,51
2022,45746851,01,51
2022,45746854,17,53
2022,45746857,01,51
2022,45746859,01,51
2022,45746860,01,51
2022,45746862,01,51
2022,45746867,01,51
2022,45746870,01,51
2022,45746876,01,51
2022,45746879,01,51
2022,45966302,01,51
2022,45966303,01,51
2022,45966304,01,51
2022,45966307,01,51
2022,45966309,01,51
2022,45966313,01,51
2022,45966315,01,51
2022,45966318,01,51
2022,45966320,01,51
2022,45966305,01,51
2022,45966310,01,51
2022,45966312,01,51
2022,45966314,01,51
2022,45966322,01,51
2022,45966325,01,51
2022,45966326,01,51
2022,45966328,01,51
2022,45966329,01,51
2022,45966334,01,51
2022,45966338,01,51
2022,45966341,01,51
2022,45966344,01,51
2022,45966345,01,51
2022,45966346,01,51
2022,45966348,01,51
2022,45966355,01,51
2022,45966357,01,51
2022,45966359,01,51
2022,45966361,01,51
2022,45966362,01,51
2022,45966363,01,51
2022,45966366,01,51
2022,45966368,01,51
2022,45966369,01,51
2022,45966372,01,51
2022,45966306,01,51
2022,45327107,01,51
2022,45327109,01,51
2022,45346368,01,51
2022,45346369,01,51
2022,45346372,01,51
2022,45346375,01,51
2022,45346379,01,51
2022,45346374,01,51
2022,45346378,01,51
2022,45346380,01,51
2022,45346371,01,51
2022,45346373,01,51
2022,45346376,01,51
2022,45346377,01,51
2022,45539531,01,51
2022,46579298,01,51
2022,46586466,01,51
2022,45510046,01,51
2022,45510047,01,51
2022,45491626,01,51
2022,45491629,01,51
2022,45491635,01,51
2022,45491625,01,51
2022,45491627,01,51
2022,45491630,01,51
2022,45491634,01,51
2022,45491624,01,51
2022,45491628,01,51
2022,45491632,01,51
2022,45491633,01,51
2022,45535164,01,51
2022,45539532,01,51
2022,45670865,01,51
2022,46601523,01,51
2022,46601521,01,51
2022,47766099,01,51
2022,45590499,01,51
2022,45676079,01,51
2022,45676080,01,51
2022,45701271,01,51
2022,45702372,01,51
2022,45702370,01,51
2022,45702371,01,51
2022,45702373,01,51
2022,45801705,01,51
2022,45801704,01,51
2022,45801707,01,51
2022,45801706,01,51
2022,45801703,01,51
2022,45710619,01,51
2022,45710620,01,51
2022,45710621,01,51
2022,45776667,01,51
2022,45776672,01,51
2022,45776673,01,51
2022,45776668,01,51
2022,45776671,01,51
2022,45776669,01,51
2022,45866790,01,51
2022,45866793,01,51
2022,45866791,01,51
2022,45866792,01,51
2022,46619711,01,51
2022,46619712,01,51
2022,46619713,01,51
2022,46619714,01,51
2022,46619715,01,51
2022,45966308,01,51
2022,45966311,01,51
2022,45966316,01,51
2022,45966317,01,51
2022,45966319,01,51
2022,45966321,01,51
2022,45966323,01,51
2022,45966324,01,51
2022,45966332,01,51
2022,45966333,01,51
2022,45966327,01,51
2022,45966330,01,51
2022,45966331,01,51
2022,45966337,01,51
2022,45966342,01,51
2022,45966343,01,51
2022,45966347,01,51
2022,45966335,01,51
2022,45966336,01,51
2022,45966339,01,51
2022,45966340,01,51
2022,45966350,01,51
2022,45966352,01,51
2022,45966354,01,51
2022,45966356,01,51
2022,45966360,01,51
2022,45966367,01,51
2022,45966349,01,51
2022,45966351,01,51
2022,45966353,01,51
2022,45966358,01,51
2022,45966364,01,51
2022,45966365,01,51
2022,45966370,01,51
2022,45966371,01,51
2022,45967060,01,51
2022,45967064,01,51
2022,45967065,01,51
2022,45967071,01,51
2022,45967073,01,51
2022,45967075,01,51
2022,45967062,01,51
2022,45967063,01,51
2022,45967069,01,51
2022,45967072,01,51
2022,45967059,01,51
2022,45967061,01,51
2022,45967066,01,51
2022,45967067,01,51
2022,45967068,01,51
2022,45967070,01,51
2022,45967074,01,51
2022,46225389,01,51
2022,46869065,01,51
2022,46230099,01,51
2022,46230103,01,51
2022,46230106,01,51
2022,46230111,01,51
2022,46230112,01,51
2022,46230114,01,51
2022,46230117,01,51
2022,46230118,01,51
2022,46230119,01,51
2022,46230120,01,51
2022,46230122,01,51
2022,46230124,01,51
2022,46230125,01,51
2022,46230130,01,51
2022,46230023,01,51
2022,46230025,01,51
2022,46230028,01,51
2022,46230029,01,51
2022,46230030,01,51
2022,46230033,01,51
2022,46230034,01,51
2022,46230037,01,51
2022,46230038,01,51
2022,46230041,01,51
2022,46230043,01,51
2022,46230051,01,51
2022,46230053,01,51
2022,46230054,01,51
2022,46230058,01,51
2022,46230061,01,51
2022,46230062,01,51
2022,46230065,01,51
2022,46230069,01,51
2022,46230074,01,51
2022,46230075,01,51
2022,46230085,01,51
2022,46230089,01,51
2022,46230091,01,51
2022,46230092,01,51
2022,46230094,01,51
2022,46230096,01,51
2022,46230097,01,51
2022,46230101,01,51
2022,46230102,01,51
2022,46230104,01,51
2022,46230105,01,51
2022,46230107,01,51
2022,46230108,01,51
2022,46230109,01,51
2022,46230110,01,51
2022,46230113,01,51
2022,46230115,01,51
2022,46230116,01,51
2022,46230121,01,51
2022,46230123,01,51
2022,46230126,01,51
2022,46230127,01,51
2022,46230128,01,51
2022,46230129,01,51
2022,46230027,01,51
2022,46230031,01,51
2022,46230036,01,51
2022,46230040,01,51
2022,46230042,01,51
2022,46230045,01,51
2022,46230048,01,51
2022,46230055,01,51
2022,46230057,01,51
2022,46230060,01,51
2022,46230066,01,51
2022,46230067,01,51
2022,46230070,01,51
2022,46230071,01,51
2022,46230076,01,51
2022,46230077,01,51
2022,46230078,01,51
2022,46230079,01,51
2022,46230081,01,51
2022,46230082,01,51
2022,46230086,01,51
2022,46230088,01,51
2022,46230024,01,51
2022,46230026,01,51
2022,46230032,01,51
2022,46230035,01,51
2022,46230039,01,51
2022,46230044,01,51
2022,46230046,01,51
2022,46230047,01,51
2022,46230049,01,51
2022,46230050,01,51
2022,46230052,01,51
2022,46230056,01,51
2022,46230059,01,51
2022,46230063,01,51
2022,46230064,01,51
2022,46230068,01,51
2022,46230072,01,51
2022,46230073,01,51
2022,46230080,01,51
2022,46230083,01,51
2022,46230084,01,51
2022,46230087,01,51
2022,46230090,01,51
2022,46230093,01,51
2022,46230095,01,51
2022,46230098,01,51
2022,46230100,01,51
2022,46619000,01,51
2022,46619002,01,51
2022,46619003,01,51
2022,46619008,01,51
2022,46619009,01,51
2022,46619010,01,51
2022,46619011,01,51
2022,46619013,01,51
2022,46619014,01,51
2022,46619015,01,51
2022,46619017,16,52
2022,46619018,01,51
2022,46619020,01,51
2022,46619021,01,51
2022,46619022,01,51
2022,46619024,01,51
2022,46619028,01,51
2022,46619029,01,51
2022,46619030,01,51
2022,46619032,01,51
2022,46619033,01,51
2022,46619035,01,51
2022,46619036,01,51
2022,46619038,01,51
2022,46619042,01,51
2022,46619043,01,51
2022,46619004,01,51
2022,46619006,01,51
2022,46619007,01,51
2022,46619026,01,51
2022,46619045,01,51
2022,46619049,01,51
2022,46619050,01,51
2022,46619053,01,51
2022,46619001,01,51
2022,46619012,01,51
2022,46619016,01,51
2022,46619019,01,51
2022,46619023,01,51
2022,46619025,01,51
2022,46619027,01,51
2022,46619031,01,51
2022,46619034,01,51
2022,46619037,01,51
2022,46619039,01,51
2022,46619040,01,51
2022,46619041,01,51
2022,46619044,01,51
2022,46619046,01,51
2022,46619047,01,51
2022,46619056,01,51
2022,46619048,01,51
2022,46619051,01,51
2022,46619052,01,51
2022,46619055,01,51
2022,46619058,01,51
2022,46619060,01,51
2022,46619057,01,51
2022,46619059,01,51
2022,46619709,01,51
2022,46640680,01,51
2022,46640681,01,51
2022,46640682,01,51
2022,46640683,01,51
2022,46640684,01,51
2022,46640685,01,51
2022,46640686,01,51
2022,46640687,01,51
2022,46640688,01,51
2022,46640689,01,51
2022,46640690,01,51
2022,46640691,01,51
2022,46640692,01,51
2022,46640693,01,51
2022,46640694,01,51
2022,46640695,01,51
2022,46640696,01,51
2022,46640697,01,51
2022,46640698,01,51
2022,46640699,01,51
2022,46640700,01,51
2022,46640701,01,51
2022,46640702,01,51
2022,46640703,01,51
2022,46640704,01,51
2022,46640705,01,51
2022,46640706,01,51
2022,46640707,01,51
2022,46640708,01,51
2022,46640709,01,51
2022,46640710,01,51
2022,46640711,01,51
2022,46640712,01,51
2022,46640713,01,51
2022,46640714,01,51
2022,46640715,01,51
2022,46640716,01,51
2022,46640717,01,51
2022,46640718,01,51
2022,46640719,01,51
2022,46640720,01,51
2022,46640721,01,51
2022,46640725,01,51
2022,46640728,01,51
2022,46640722,01,51
2022,46640724,01,51
2022,46640723,01,51
2022,46640726,01,51
2022,46640727,01,51
2022,46640729,01,51
2022,46641587,01,51
2022,46641588,01,51
2022,46742706,01,51
2022,46742707,01,51
2022,46742708,01,51
2022,46742709,01,51
2022,46742710,01,51
2022,46742711,01,51
2022,46742712,01,51
2022,46742714,01,51
2022,46742717,01,51
2022,46742719,01,51
2022,46742720,01,51
2022,46742713,01,51
2022,46742715,01,51
2022,46742716,01,51
2022,46742718,01,51
2022,46742721,01,51
2022,46742722,01,51
2022,46742724,01,51
2022,46742726,01,51
2022,46742733,01,51
2022,46742734,01,51
2022,46742723,01,51
2022,46742725,01,51
2022,46742729,01,51
2022,46742730,01,51
2022,46742731,01,51
2022,46742736,01,51
2022,46742727,01,51
2022,46742728,01,51
2022,46742732,01,51
2022,46742735,01,51
2022,46742737,01,51
2022,46742738,01,51
2022,46742739,01,51
2022,46742740,01,51
2022,46742741,01,51
2022,46742742,01,51
2022,46742743,01,51
2022,46742744,01,51
2022,46742745,01,51
2022,46742746,01,51
2022,46742747,01,51
2022,46742748,01,51
2022,46742749,01,51
2022,46742750,01,51
2022,46742751,01,51
2022,46742752,01,51
2022,46742753,01,51
2022,46742754,01,51
2022,46742755,01,51
2022,46742756,01,51
2022,46742757,01,51
2022,46742758,01,51
2022,46742759,01,51
2022,46743217,01,51
2022,46743218,01,51
2022,46846074,01,51
2022,46846076,01,51
2022,46846075,01,51
2022,46752119,01,51
2022,46752122,01,51
2022,46752118,01,51
2022,46752121,01,51
2022,46869066,01,51
2022,46752123,01,51
2022,46752124,01,51
2022,46752100,01,51
2022,46752101,01,51
2022,46752102,01,51
2022,46752103,01,51
2022,46752104,01,51
2022,46752105,01,51
2022,46752106,01,51
2022,46752107,01,51
2022,46752108,01,51
2022,46752109,01,51
2022,46752110,01,51
2022,46752111,01,51
2022,46752115,01,51
2022,46752112,01,51
2022,46752114,01,51
2022,46752116,01,51
2022,46752113,01,51
2022,46752120,01,51
2022,46752125,01,51
2022,46846077,01,51
2022,46846080,01,51
2022,46846081,01,51
2022,46846078,01,51
2022,46846079,01,51
2022,46850149,01,51
2022,46850155,01,51
2022,46850159,01,51
2022,46850160,01,51
2022,46850161,01,51
2022,46850164,01,51
2022,46850174,01,51
2022,46850176,01,51
2022,46850180,01,51
2022,46850150,01,51
2022,46850152,01,51
2022,46850153,01,51
2022,46850154,01,51
2022,46850157,01,51
2022,46850183,01,51
2022,46850151,01,51
2022,46850156,01,51
2022,46850158,01,51
2022,46850182,01,51
2022,46850162,01,51
2022,46850169,01,51
2022,46850171,01,51
2022,46850172,01,51
2022,46850173,01,51
2022,46850177,01,51
2022,46850178,01,51
2022,46850163,01,51
2022,46850165,01,51
2022,46850166,01,51
2022,46850167,01,51
2022,46850168,01,51
2022,46850170,01,51
2022,46850175,01,51
2022,46850179,01,51
2022,46850181,01,51
2022,46850184,01,51
2022,47017193,01,51
2022,47017194,01,51
2022,47017200,01,51
2022,47017205,01,51
2022,47017207,01,51
2022,47017208,01,51
2022,47017215,01,51
2022,47017219,01,51
2022,47017221,01,51
2022,47017224,01,51
2022,47017228,01,51
2022,47017235,01,51
2022,47017240,01,51
2022,47017242,01,51
2022,47017243,01,51
2022,47017245,01,51
2022,47017249,01,51
2022,47017251,01,51
2022,47017263,01,51
2022,47017265,01,51
2022,47017271,01,51
2022,47017273,01,51
2022,47017196,01,51
2022,47017197,01,51
2022,47017198,01,51
2022,47017202,01,51
2022,47017204,01,51
2022,47017210,01,51
2022,47017211,01,51
2022,47017212,01,51
2022,47017217,01,51
2022,47017220,01,51
2022,47017222,01,51
2022,47017226,01,51
2022,47017227,01,51
2022,47017230,01,51
2022,47017233,01,51
2022,47017234,01,51
2022,47017236,01,51
2022,47017239,01,51
2022,47017244,01,51
2022,47017247,01,51
2022,47017250,01,51
2022,47017253,01,51
2022,47017256,01,51
2022,47017258,01,51
2022,47017261,01,51
2022,47017266,01,51
2022,47017268,01,51
2022,47017269,01,51
2022,47017270,01,51
2022,47017272,01,51
2022,47017195,01,51
2022,47017199,01,51
2022,47017201,01,51
2022,47017203,01,51
2022,47017206,01,51
2022,47017209,01,51
2022,47017213,01,51
2022,47017214,01,51
2022,47017216,01,51
2022,47017218,01,51
2022,47017223,01,51
2022,47017225,01,51
2022,47017229,01,51
2022,47017231,01,51
2022,47017232,01,51
2022,47017237,01,51
2022,47017238,01,51
2022,47017241,01,51
2022,47017246,01,51
2022,47017252,01,51
2022,47017254,01,51
2022,47017255,01,51
2022,47017257,01,51
2022,47017259,01,51
2022,47017260,01,51
2022,47017262,01,51
2022,47017264,01,51
2022,47017267,01,51
2022,47017672,01,51
2022,47017673,01,51
2022,47017675,01,51
2022,47017671,01,51
2022,47017674,01,51
2022,47456271,01,51
2022,47456275,01,51
2022,47456279,01,51
2022,47456283,01,51
2022,47456291,01,51
2022,47456294,16,52
2022,47456327,01,51
2022,47456329,01,51
2022,47456330,01,51
2022,47456264,01,51
2022,47456265,01,51
2022,47456270,01,51
2022,47456273,01,51
2022,47456278,01,51
2022,47456282,01,51
2022,47456284,01,51
2022,47456286,01,51
2022,47456288,01,51
2022,47456289,16,52
2022,47456298,01,51
2022,47456306,01,51
2022,47456307,01,51
2022,47456308,01,51
2022,47456310,01,51
2022,47456311,01,51
2022,47456313,01,51
2022,47456315,01,51
2022,47456318,01,51
2022,47456320,01,51
2022,47456322,01,51
2022,47456324,01,51
2022,47456332,01,51
2022,47456325,01,51
2022,47456326,01,51
2022,47456328,01,51
2022,47456331,01,51
2022,47456266,01,51
2022,47456267,01,51
2022,47456268,01,51
2022,47456269,01,51
2022,47456272,01,51
2022,47456274,01,51
2022,47456276,01,51
2022,47456277,01,51
2022,47456280,01,51
2022,47456281,01,51
2022,47456285,01,51
2022,47456287,01,51
2022,47456290,01,51
2022,47456292,01,51
2022,47456293,01,51
2022,47456295,01,51
2022,47456297,01,51
2022,47456299,01,51
2022,47456301,01,51
2022,47456304,01,51
2022,47456312,01,51
2022,47456319,01,51
2022,47456321,01,51
2022,47456296,01,51
2022,47456300,01,51
2022,47456302,01,51
2022,47456303,01,51
2022,47456305,01,51
2022,47456309,01,51
2022,47456314,01,51
2022,47456316,01,51
2022,47456317,01,51
2022,47456323,01,51
2022,48778469,01,51
2022,45490829,01,51
2022,46869067,01,51
2022,46869068,01,51
2022,46869070,01,51
2022,46869069,01,51
2022,45490830,01,51
2022,45490831,01,51
2022,45490832,16,52
2022,45490833,01,51
2022,45490835,01,51
2022,45490834,01,51
2022,47454802,01,51
2022,45490836,01,51
2022,45490837,01,51
2022,45628792,01,51
2022,45516770,01,51
2022,45516769,01,51
2022,45513819,01,51
2022,45490838,01,51
2022,45490840,01,51
2022,45490842,01,51
2022,45530675,01,51
2022,45535864,01,51
2022,45535865,01,51
2022,45561170,01,51
2022,45763665,01,51
2022,45628455,01,51
2022,45580313,01,51
2022,45625019,01,51
2022,45667205,01,51
2022,45702359,01,51
2022,45707227,01,51
2022,45707228,01,51
2022,45716783,01,51
2022,45747349,01,51
2022,45789114,01,51
2022,45789115,01,51
2022,45846143,01,51
2022,45947830,01,51
2022,45873170,01,51
2022,45922126,01,51
2022,45996246,01,51
2022,46126059,01,51
2022,46233607,01,51
2022,46173545,01,51
2022,46173546,01,51
2022,46277394,01,51
2022,46869071,01,51
2022,46893164,01,51
2022,45866794,01,51
2022,46071284,01,51
2022,46071283,01,51
2022,46922806,01,51
2022,46922804,01,51
2022,46922805,01,51
2022,46922807,01,51
2022,46040049,01,51
2022,46040048,01,51
2022,46040053,01,51
2022,46040047,01,51
2022,46040051,01,51
2022,46040054,01,51
2022,46040056,01,51
2022,46040050,01,51
2022,46040052,01,51
2022,46040055,01,51
2022,46619716,01,51
2022,46277395,01,51
2022,46277396,01,51
2022,46284460,01,51
2022,46329080,01,51
2022,46517104,01,51
2022,46518308,01,51
2022,46539478,01,51
2022,46566499,01,51
2022,46614482,01,51
2022,46622814,01,51
2022,46763838,01,51
2022,46821190,01,51
2022,46869072,01,51
2022,46869074,01,51
2022,46869075,01,51
2022,46821191,01,51
2022,46869073,01,51
2022,46175274,01,51
2022,46175276,01,51
2022,46175275,01,51
2022,46175277,01,51
2022,46175273,01,51
2022,46230140,01,51
2022,46230142,01,51
2022,46230143,01,51
2022,46230138,01,51
2022,46230139,01,51
2022,46230141,01,51
2022,46230145,01,51
2022,46276990,01,51
2022,46276989,01,51
2022,46276991,01,51
2022,46276992,01,51
2022,46332575,01,51
2022,46347828,01,51
2022,46351057,01,51
2022,46351055,01,51
2022,46351056,01,51
2022,46351058,01,51
2022,46351059,01,51
2022,46355780,01,51
2022,46355781,01,51
2022,46373646,01,51
2022,46396174,01,51
2022,46396175,01,51
2022,46396177,01,51
2022,46396178,01,51
2022,46843177,01,51
2022,46851506,01,51
2022,46396176,01,51
2022,46586467,01,51
2022,46586468,01,51
2022,46586469,01,51
2022,46586470,01,51
2022,47000098,01,51
2022,46614483,01,51
2022,46622815,01,51
2022,46622816,01,51
2022,47804287,01,51
2022,46642241,01,51
2022,46698127,01,51
2022,47804286,01,51
2022,46894937,01,51
2022,46894938,01,51
2022,46912686,01,51
2022,46921575,01,51
2022,46912687,01,51
2022,46912688,01,51
2022,46920519,01,51
2022,46472641,01,51
2022,47030557,01,51
2022,46472642,01,51
2022,46472644,01,51
2022,47089435,01,51
2022,46472645,01,51
2022,46520137,01,51
2022,47191291,14,7
2022,46520138,01,51
2022,47454806,01,51
2022,46520142,01,51
2022,46520139,01,51
2022,46520140,01,51
2022,46520141,01,51
2022,46547068,01,51
2022,47454810,01,51
2022,46547069,01,51
2022,47454804,01,51
2022,46567407,01,51
2022,47454805,01,51
2022,46567405,01,51
2022,47454808,01,51
2022,46567406,01,51
2022,47454809,01,51
2022,46579299,01,51
2022,47454811,01,51
2022,46579300,01,51
2022,47454807,01,51
2022,46579301,01,51
2022,47454812,01,51
2022,46586471,01,51
2022,49005349,01,51
2022,46586472,01,51
2022,46603139,01,51
2022,46611367,01,51
2022,46611365,01,51
2022,46611362,01,51
2022,46611366,01,51
2022,46611363,01,51
2022,46611364,01,51
2022,46611361,01,51
2022,47456234,01,51
2022,47804288,01,51
2022,46868444,01,51
2022,46800501,01,51
2022,46800500,01,51
2022,46800499,01,51
2022,46809030,01,51
2022,46835362,01,51
2022,46835361,01,51
2022,46835359,01,51
2022,46835360,01,51
2022,46893165,01,51
2022,47157330,01,51
2022,46631807,01,51
2022,46631806,01,51
2022,46631809,01,51
2022,46631813,01,51
2022,46631808,01,51
2022,46631811,01,51
2022,46692433,01,51
2022,46692434,01,51
2022,46696147,01,51
2022,46696145,01,51
2022,46696149,01,51
2022,46696144,01,51
2022,46696146,01,51
2022,46720849,01,51
2022,46720851,01,51
2022,46720848,01,51
2022,46720850,01,51
2022,46734850,01,51
2022,47920559,01,51
2022,47713346,01,51
2022,47713345,01,51
2022,46920529,01,51
2022,47100216,01,51
2022,47017682,01,51
2022,47017681,01,51
2022,47143949,01,51
2022,47025782,01,51
2022,47025781,01,51
2022,47077195,01,51
2022,47077196,01,51
2022,47077197,01,51
2022,47766758,01,51
2022,47766757,01,51
2022,47456235,01,51
2022,47456236,01,51
2022,47456237,01,51
2022,47942493,01,51
2022,47713348,01,51
2022,47713347,01,51
2022,47714819,01,51
2022,47454813,01,51
2022,47454814,01,51
2022,47507971,01,51
2022,47216552,01,51
2022,47216553,01,51
2022,47779351,01,51
2022,47456238,01,51
2022,47456245,01,51
2022,47456248,01,51
2022,47456253,01,51
2022,47456254,01,51
2022,47456257,01,51
2022,47456241,01,51
2022,47456243,01,51
2022,47456244,01,51
2022,47456249,01,51
2022,47456250,01,51
2022,47456251,01,51
2022,47456255,01,51
2022,47456256,01,51
2022,47456259,01,51
2022,47456260,01,51
2022,47456239,01,51
2022,47456240,01,51
2022,47456242,01,51
2022,47456246,01,51
2022,47456247,01,51
2022,47456252,01,51
2022,47456258,01,51
2022,47924309,01,51
2022,47924311,01,51
2022,47924310,01,51
2022,47713350,01,51
2022,47713349,01,51
2022,47779354,01,51
2022,47779352,01,51
2022,47456261,01,51
2022,47456263,01,51
2022,47456262,01,51
2022,47630319,01,51
2022,47630320,01,51
2022,47630321,01,51
2022,47641170,01,51
2022,47641171,01,51
2022,47586663,01,51
2022,47641834,01,51
2022,47680035,01,51
2022,47680036,01,51
2022,47680037,01,51
2022,47680039,01,51
2022,47680040,01,51
2022,45266527,01,51
2022,47916627,01,51
2022,47916628,01,51
2022,47679678,01,51
2022,47713351,01,51
2022,45266528,01,51
2022,45266529,01,51
2022,45266526,01,51
2022,45266522,01,51
2022,45266523,01,51
2022,45266524,01,51
2022,45266525,01,51
2022,45490884,01,51
2022,45490886,01,51
2022,45490885,01,51
2022,45490887,01,51
2022,45762660,01,51
2022,45762661,01,51
2022,45762662,01,51
2022,45762663,01,51
2022,45730715,01,51
2022,45780291,01,51
2022,45932632,01,51
2022,45932816,01,51
2022,45967078,01,51
2022,45967079,01,51
2022,45967077,01,51
2022,45967081,01,51
2022,45967080,01,51
2022,46095065,01,51
2022,46067204,01,51
2022,46067203,01,51
2022,46067202,01,51
2022,46239814,01,51
2022,46330111,01,51
2022,46330112,01,51
2022,46331873,01,51
2022,46347555,01,51
2022,46809027,01,51
2022,46861485,01,51
2022,46861486,01,51
2022,46863765,01,51
2022,46863764,17,53
2022,46720386,01,51
2022,46720385,01,51
2022,47025335,01,51
2022,47025336,01,51
2022,47116982,01,51
2022,47116983,01,51
2022,47455139,01,51
2022,47455140,01,51
2022,47455143,01,51
2022,47455141,01,51
2022,47455142,01,51
2022,47455144,01,51
2022,47455145,01,51
2022,47504460,01,51
2022,47504461,01,51
2022,47504463,01,51
2022,47504462,01,51
2022,47510250,01,51
2022,47593408,01,51
2022,47593409,01,51
2022,47647290,01,51
2022,47647291,01,51
2022,47583213,01,51
2022,47583214,01,51
2022,47583215,01,51
2022,47583216,01,51
2022,47583217,01,51
2022,47583218,01,51
2022,47583219,01,51
2022,47583655,01,51
2022,47583656,01,51
2022,47583657,01,51
2022,47583658,01,51
2022,47583659,01,51
2022,47583220,01,51
2022,47583221,01,51
2022,47583222,01,51
2022,47583223,01,51
2022,47583224,01,51
2022,47583225,01,51
2022,47583226,01,51
2022,47583227,01,51
2022,47583228,01,51
2022,47583229,01,51
2022,47583230,01,51
2022,47583660,01,51
2022,47583661,01,51
2022,47583663,01,51
2022,47583664,01,51
2022,47583665,01,51
2022,47583667,01,51
2022,47584371,01,51
2022,47584372,01,51
2022,47583231,01,51
2022,47583232,01,51
2022,47583233,01,51
2022,47583234,01,51
2022,47583235,01,51
2022,47583236,01,51
2022,47583237,01,51
2022,47583668,01,51
2022,47583669,01,51
2022,47583670,01,51
2022,47583238,01,51
2022,47583239,01,51
2022,47583240,01,51
2022,47583241,01,51
2022,47583242,01,51
2022,47583671,01,51
2022,47583672,01,51
2022,47583673,01,51
2022,47583674,01,51
2022,47583675,01,51
2022,47583243,01,51
2022,47583245,01,51
2022,47583246,01,51
2022,47583244,01,51
2022,47583247,01,51
2022,47583676,01,51
2022,47583253,01,51
2022,47583255,01,51
2022,47583248,01,51
2022,47583249,01,51
2022,47583250,01,51
2022,47583254,01,51
2022,47583251,01,51
2022,47583252,01,51
2022,47583677,01,51
2022,47583678,14,7
2022,47583679,01,51
2022,47583680,01,51
2022,47583256,01,51
2022,47583259,01,51
2022,47583257,01,51
2022,47583682,01,51
2022,47583681,01,51
2022,47583683,01,51
2022,47631041,01,51
2022,47583260,01,51
2022,47583261,01,51
2022,47583263,01,51
2022,47583265,01,51
2022,47583266,01,51
2022,47583267,01,51
2022,47583262,01,51
2022,47583264,01,51
2022,47583684,01,51
2022,47583685,01,51
2022,47583268,01,51
2022,47583269,01,51
2022,47583270,01,51
2022,47583271,01,51
2022,47583272,01,51
2022,47583273,01,51
2022,47583274,01,51
2022,47583686,01,51
2022,47583687,01,51
2022,47583275,01,51
2022,47840063,01,51
2022,47583276,01,51
2022,47583689,01,51
2022,47583688,01,51
2022,47583690,01,51
2022,47641153,01,51
2022,47646405,01,51
2022,47680041,01,51
2022,45295962,01,51
2022,45312649,01,51
2022,44634452,01,51
2022,44644314,01,51
2022,44719040,01,51
2022,44719453,01,51
2022,44719454,01,51
2022,44824643,01,51
2022,44840194,01,51
2022,44854334,01,51
2022,44961817,01,51
2022,44961818,01,51
2022,45026942,01,51
2022,45105838,01,51
2022,45105839,01,51
2022,45306437,01,51
2022,45309149,01,51
2022,45346358,01,51
2022,45737850,01,51
2022,45034476,01,51
2022,45040770,01,51
2022,46742760,01,51
2022,47455350,01,51
2022,45499998,01,51
2022,45491055,01,51
2022,45491051,01,51
2022,45491054,01,51
2022,45535139,01,51
2022,45536910,01,51
2022,45541788,01,51
2022,45541789,01,51
2022,45541787,01,51
2022,45592060,01,51
2022,45701251,01,51
2022,45769774,01,51
2022,45535140,01,51
2022,45754845,01,51
2022,45702054,01,51
2022,45730716,01,51
2022,45784613,01,51
2022,45980732,01,51
2022,45967082,01,51
2022,45980733,01,51
2022,45980734,01,51
2022,46001955,01,51
2022,46088119,01,51
2022,46129341,01,51
2022,46431155,01,51
2022,46598209,01,51
2022,46598211,01,51
2022,47455351,01,51
2022,46124653,01,51
2022,46129340,01,51
2022,46040039,14,7
2022,46209485,01,51
2022,46232454,01,51
2022,46259745,01,51
2022,46269489,01,51
2022,46269490,01,51
2022,46286197,01,51
2022,46291082,01,51
2022,46291083,01,51
2022,46291084,01,51
2022,46291085,01,51
2022,46329081,01,51
2022,46329082,01,51
2022,46330113,01,51
2022,47085293,01,51
2022,46548148,01,51
2022,47455352,01,51
2022,46331874,01,51
2022,46373623,01,51
2022,46586460,01,51
2022,46598212,01,51
2022,46598213,01,51
2022,46698128,01,51
2022,46698131,01,51
2022,46734843,01,51
2022,46743219,01,51
2022,48141099,01,51
2022,46812929,01,51
2022,46812927,01,51
2022,46812925,01,51
2022,46812928,01,51
2022,46820538,01,51
2022,46820539,01,51
2022,46858702,01,51
2022,46858703,01,51
2022,46861487,01,51
2022,46894055,01,51
2022,47027061,01,51
2022,44467925,01,51
2022,44501739,01,51
2022,46698129,01,51
2022,46698130,01,51
2022,46698132,01,51
2022,46858704,01,51
2022,46894056,01,51
2022,46912671,01,51
2022,46998511,01,51
2022,46998513,01,51
2022,46998514,01,51
2022,46998512,01,51
2022,47017677,01,51
2022,47017676,01,51
2022,47143939,01,51
2022,47022394,01,51
2022,47132705,01,51
2022,47044775,01,51
2022,47077186,01,51
2022,47085294,01,51
2022,47085296,01,51
2022,47085295,01,51
2022,47087940,01,51
2022,47087941,01,51
2022,47087942,01,51
2022,47155614,01,51
2022,47155615,01,51
2022,47155616,01,51
2022,47155617,01,51
2022,47157310,01,51
2022,47157312,01,51
2022,47157313,01,51
2022,47157311,01,51
2022,47160130,01,51
2022,47160131,01,51
2022,47192225,01,51
2022,47192224,01,51
2022,47216355,01,51
2022,47216354,01,51
2022,47216356,01,51
2022,47455363,01,51
2022,47455354,01,51
2022,44517814,01,51
2022,44517813,01,51
2022,44633243,01,51
2022,47455356,01,51
2022,47455357,01,51
2022,44633244,01,51
2022,47455358,01,51
2022,44643927,01,51
2022,47455362,01,51
2022,47455365,01,51
2022,47455369,01,51
2022,44840201,01,51
2022,47455370,01,51
2022,44854358,01,51
2022,47455359,01,51
2022,47455361,01,51
2022,47455366,01,51
2022,45209087,01,51
2022,47455368,01,51
2022,47455379,01,51
2022,47455381,01,51
2022,47455383,01,51
2022,47455386,01,51
2022,47455353,01,51
2022,47455355,01,51
2022,47455360,01,51
2022,47455364,01,51
2022,47455367,01,51
2022,47455371,01,51
2022,47455372,01,51
2022,47455374,01,51
2022,47455376,01,51
2022,47455377,01,51
2022,47455380,01,51
2022,47455382,01,51
2022,47455387,01,51
2022,47455373,01,51
2022,47455375,01,51
2022,47455378,01,51
2022,47455384,01,51
2022,47455385,01,51
2022,47455393,01,51
2022,47510251,01,51
2022,48091001,01,51
2022,48499918,01,51
2022,48499917,01,51
2022,45209089,01,51
2022,45298960,01,51
2022,45298958,01,51
2022,45298959,01,51
2022,45298962,01,51
2022,45298957,01,51
2022,45298961,01,51
2022,45298963,01,51
2022,45301520,17,53
2022,45318409,01,51
2022,45105842,01,51
2022,45105843,01,51
2022,45105844,01,51
2022,49003269,01,51
2022,45105845,01,51
2022,45347908,01,51
2022,45330984,01,51
2022,45330982,01,51
2022,45330983,01,51
2022,45526448,01,51
2022,45492088,01,51
2022,45492089,01,51
2022,45492091,01,51
2022,45492090,01,51
2022,45492092,01,51
2022,45675471,01,51
2022,45670866,01,51
2022,45590527,01,51
2022,45625025,01,51
2022,45695412,01,51
2022,45764735,01,51
2022,45710622,01,51
2022,45714033,01,51
2022,45715900,01,51
2022,45716876,01,51
2022,45762672,01,51
2022,45764734,01,51
2022,45965356,01,51
2022,45847022,01,51
2022,45847023,01,51
2022,45932635,01,51
2022,45932634,01,51
2022,45932817,01,51
2022,45966402,01,51
2022,45966403,01,51
2022,45946159,01,51
2022,45873180,01,51
2022,45873181,01,51
2022,45989173,01,51
2022,46040059,01,51
2022,46088148,01,51
2022,46037755,01,51
2022,46037756,01,51
2022,46040060,01,51
2022,46156986,01,51
2022,46156987,01,51
2022,46171863,01,51
2022,46171862,01,51
2022,46225392,01,51
2022,44469760,01,51
2022,44501740,01,51
2022,44558357,01,51
2022,44558358,01,51
2022,44581571,01,51
2022,44581572,01,51
2022,44661188,01,51
2022,44688064,01,51
2022,44751434,14,7
2022,44856940,01,51
2022,44907786,01,51
2022,47782508,01,51
2022,44907787,01,51
2022,44926889,01,51
2022,47776369,01,51
2022,44926888,01,51
2022,47776367,01,51
2022,44931069,01,51
2022,47455396,01,51
2022,44961827,01,51
2022,47455389,01,51
2022,44977558,01,51
2022,47455390,01,51
2022,45008592,01,51
2022,45008594,01,51
2022,47455391,01,51
2022,45008593,01,51
2022,47455394,01,51
2022,45008595,01,51
2022,47455392,01,51
2022,47455395,01,51
2022,47509526,01,51
2022,45272283,01,51
2022,47510252,01,51
2022,45272282,01,51
2022,45272766,01,51
2022,47510253,01,51
2022,45279223,01,51
2022,47510254,01,51
2022,45279222,01,51
2022,47510255,01,51
2022,47510256,01,51
2022,47880337,01,51
2022,47570335,01,51
2022,47578450,01,51
2022,47582621,01,51
2022,47583277,01,51
2022,47629010,01,51
2022,47629012,01,51
2022,47629014,01,51
2022,47629009,01,51
2022,47629011,01,51
2022,47629006,01,51
2022,47629007,01,51
2022,47629008,01,51
2022,47629013,01,51
2022,47629955,01,51
2022,47629956,01,51
2022,47629957,01,51
2022,47878013,01,51
2022,47678288,01,51
2022,47713331,01,51
2022,49003270,01,51
2022,44907772,01,51
2022,45309180,01,51
2022,45309181,01,51
2022,45309182,01,51
2022,45304912,01,51
2022,45048333,01,51
2022,45330985,01,51
2022,45492093,01,51
2022,45492094,01,51
2022,45492095,01,51
2022,45533166,01,51
2022,45632547,01,51
2022,45702375,01,51
2022,45764736,01,51
2022,45710623,01,51
2022,45714034,01,51
2022,45746883,01,51
2022,45746884,01,51
2022,45765187,01,51
2022,45780322,01,51
2022,45980752,01,51
2022,46071286,01,51
2022,46009274,01,51
2022,47604231,01,51
2022,46071288,01,51
2022,46080238,01,51
2022,46204118,01,51
2022,46259756,01,51
2022,46259757,01,51
2022,47582622,01,51
2022,47578828,01,51
2022,47582623,01,51
2022,47835104,01,51
2022,47578829,01,51
2022,47578830,01,51
2022,47578832,01,51
2022,47578833,01,51
2022,47578831,01,51
2022,47582624,01,51
2022,47578834,01,51
2022,47578835,01,51
2022,47582625,01,51
2022,47582626,01,51
2022,47835105,01,51
2022,47578836,01,51
2022,47582627,01,51
2022,47582628,01,51
2022,47604232,01,51
2022,47604233,01,51
2022,47574353,01,51
2022,47574354,01,51
2022,47582773,01,51
2022,47593417,01,51
2022,47627136,01,51
2022,47647302,01,51
2022,44907773,01,51
2022,44907774,01,51
2022,44907775,01,51
2022,44907776,01,51
2022,44970684,01,51
2022,45026943,01,51
2022,45298945,01,51
2022,45298946,01,51
2022,45298947,01,51
2022,45342854,01,51
2022,45342855,01,51
2022,45343857,01,51
2022,45491144,01,51
2022,45491146,01,51
2022,45491147,01,51
2022,45491145,01,51
2022,45539494,01,51
2022,45539495,01,51
2022,45763185,01,51
2022,45763186,01,51
2022,45771415,01,51
2022,46912672,01,51
2022,46912673,01,51
2022,46026869,01,51
2022,46912675,01,51
2022,46912674,01,51
2022,46239817,01,51
2022,46239818,01,51
2022,46239816,01,51
2022,46239815,01,51
2022,46239819,01,51
2022,46912677,01,51
2022,46912678,01,51
2022,46912679,01,51
2022,46912676,01,51
2022,46548149,01,51
2022,46548152,01,51
2022,46548150,01,51
2022,46548151,01,51
2022,46548153,01,51
2022,46812931,01,51
2022,46812930,01,51
2022,46912680,01,51
2022,46912681,01,51
2022,46912682,01,51
2022,47222376,01,51
2022,47157315,01,51
2022,47157317,01,51
2022,47157319,01,51
2022,47157316,01,51
2022,47157318,01,51
2022,47157320,01,51
2022,47157314,01,51
2022,47455554,01,51
2022,47455558,01,51
2022,47455559,01,51
2022,47455561,01,51
2022,47455555,01,51
2022,47455556,01,51
2022,47455557,01,51
2022,47455560,01,51
2022,47455562,01,51
2022,47641154,01,51
2022,47641155,01,51
2022,46550124,01,51
2022,44460975,01,51
2022,44460976,01,51
2022,44474976,01,51
2022,44474975,11,1
2022,46550125,01,51
2022,46550126,01,51
2022,46550127,01,51
2022,46550128,01,51
2022,46550129,01,51
2022,46550130,01,51
2022,46550131,01,51
2022,46550132,01,51
2022,46550133,01,51
2022,46550134,01,51
2022,46550135,01,51
2022,46550136,01,51
2022,46624662,01,51
2022,46624663,01,51
2022,46630873,01,51
2022,46846084,01,51
2022,47160132,01,51
2022,47455902,01,51
2022,47026087,01,51
2022,47026088,01,51
2022,46259747,01,51
2022,46259748,01,51
2022,46259749,01,51
2022,44474977,01,51
2022,44517816,01,51
2022,44517815,01,51
2022,44551242,01,51
2022,44633245,01,51
2022,44633246,01,51
2022,44639054,01,51
2022,44662342,01,51
2022,44922794,01,51
2022,44801501,01,51
2022,44922795,01,51
2022,44970692,01,51
2022,45009861,01,51
2022,45009862,01,51
2022,45009863,01,51
2022,45009864,01,51
2022,45009865,01,51
2022,45009866,01,51
2022,46259750,01,51
2022,46276957,01,51
2022,46276958,01,51
2022,46280618,01,51
2022,46433701,01,51
2022,46433702,01,51
2022,46433703,01,51
2022,46433704,01,51
2022,46473370,01,51
2022,46473371,01,51
2022,46771813,01,51
2022,45209090,01,51
2022,45209091,01,51
2022,45209092,01,51
2022,46568056,01,51
2022,46619062,01,51
2022,46619061,01,51
2022,46742761,01,51
2022,46742762,01,51
2022,46771814,01,51
2022,45269589,01,51
2022,46772286,01,51
2022,47088447,01,51
2022,47088448,01,51
2022,47088449,01,51
2022,47088450,01,51
2022,46433302,01,51
2022,47088451,01,51
2022,46276959,01,51
2022,46276960,01,51
2022,46276961,01,51
2022,46307898,01,51
2022,46307895,01,51
2022,46331007,01,51
2022,46353699,01,51
2022,46353700,01,51
2022,46353701,01,51
2022,46547062,01,51
2022,46433286,01,51
2022,46539479,01,51
2022,46581802,01,51
2022,46598744,01,51
2022,45269590,01,51
2022,45295973,01,51
2022,45295974,01,51
2022,45312663,01,51
2022,45312664,01,51
2022,45312662,01,51
2022,45314096,01,51
2022,45312323,01,51
2022,45318410,01,51
2022,45032879,01,51
2022,45034504,01,51
2022,45081661,01,51
2022,45105221,01,51
2022,45492096,01,51
2022,45492097,01,51
2022,45492098,01,51
2022,46598745,01,51
2022,46598746,01,51
2022,46619063,01,51
2022,45492099,01,51
2022,46640315,01,51
2022,45536920,01,51
2022,47028510,01,51
2022,45705402,01,51
2022,45710624,01,51
2022,46697174,01,51
2022,45710625,01,51
2022,46734432,01,51
2022,45716419,01,51
2022,45716416,01,51
2022,46894939,01,51
2022,45716418,01,51
2022,45716417,01,51
2022,45741264,01,51
2022,47028838,01,51
2022,47028839,16,52
2022,45762673,01,51
2022,47028869,01,51
2022,45762674,01,51
2022,47028870,01,51
2022,45822746,01,51
2022,47028871,01,51
2022,45822747,01,51
2022,47028872,01,51
2022,45773184,01,51
2022,47680043,01,51
2022,45932636,01,51
2022,45853470,01,51
2022,47456010,01,51
2022,46002023,01,51
2022,46009275,01,51
2022,47456012,01,51
2022,47456011,01,51
2022,48071176,01,51
2022,46067217,01,51
2022,46230146,01,51
2022,46230147,01,51
2022,47504964,01,51
2022,46276993,01,51
2022,46276994,11,1
2022,47595092,01,51
2022,46329087,01,51
2022,47629517,01,51
2022,46331879,01,51
2022,46331880,01,51
2022,47649577,01,51
2022,46331881,01,51
2022,46390876,01,51
2022,46517107,01,51
2022,46517108,01,51
2022,46538527,01,51
2022,46538528,01,51
2022,46538529,01,51
2022,46578207,01,51
2022,46578208,01,51
2022,46578209,01,51
2022,46586473,01,51
2022,46589771,01,51
2022,46636807,01,51
2022,46636808,01,51
2022,46640737,01,51
2022,46640738,01,51
2022,46743224,01,51
2022,46743225,01,51
2022,46743226,01,51
2022,46846100,01,51
2022,46894065,01,51
2022,46894064,01,51
2022,46912690,01,51
2022,46912689,01,51
2022,46922808,01,51
2022,47017277,01,51
2022,47160138,01,51
2022,47173637,01,51
2022,47173638,01,51
2022,47173639,01,51
2022,47213746,01,51
2022,47213747,01,51
2022,47456627,01,51
2022,47456629,01,51
2022,47456632,01,51
2022,47456633,01,51
2022,47456634,01,51
2022,47456628,01,51
2022,47456630,01,51
2022,47456631,01,51
2022,47456636,01,51
2022,47456638,01,51
2022,47456637,01,51
2022,47456635,01,51
2022,47641172,01,51
2022,44615828,01,51
2022,44661189,01,51
2022,45267497,01,51
2022,45267498,01,51
2022,45270030,01,51
2022,45301521,01,51
2022,45492100,01,51
2022,45346381,01,51
2022,45736766,01,51
2022,46129349,01,51
2022,46156988,01,51
2022,48145134,01,51
2022,45491528,01,51
2022,45491529,01,51
2022,45491530,01,51
2022,45491531,01,51
2022,45491532,01,51
2022,45491533,01,51
2022,44501728,01,51
2022,44508328,01,51
2022,44520630,01,51
2022,44520631,01,51
2022,44520632,01,51
2022,44558327,01,51
2022,44558326,01,51
2022,44581561,01,51
2022,44581562,01,51
2022,44581564,01,51
2022,44581565,01,51
2022,44600954,01,51
2022,44633234,01,51
2022,44633235,01,51
2022,44824647,01,51
2022,44824648,01,51
2022,44922780,01,51
2022,44922781,01,51
2022,45270015,01,51
2022,45270014,01,51
2022,45491534,01,51
2022,45491535,01,51
2022,45491536,01,51
2022,45491538,01,51
2022,45491540,01,51
2022,45491541,01,51
2022,45491543,01,51
2022,45491545,01,51
2022,45491539,01,51
2022,45491542,01,51
2022,45491544,01,51
2022,45491537,01,51
2022,44824654,01,51
2022,44824655,01,51
2022,44854335,01,51
2022,44854338,01,51
2022,44907777,01,51
2022,44922783,01,51
2022,44922782,01,51
2022,44922784,01,51
2022,44950112,01,51
2022,44950114,01,51
2022,44950113,01,51
2022,45026946,01,51
2022,45026945,01,51
2022,45096946,01,51
2022,45269587,01,51
2022,45306848,01,51
2022,45491546,01,51
2022,45491548,01,51
2022,45491547,01,51
2022,45491550,01,51
2022,45491577,01,51
2022,45491549,01,51
2022,45491551,01,51
2022,45491552,01,51
2022,45491553,01,51
2022,45491557,01,51
2022,45491559,01,51
2022,45491563,01,51
2022,45491554,01,51
2022,45491556,01,51
2022,45491560,01,51
2022,45491555,01,51
2022,45491558,01,51
2022,45491561,01,51
2022,45491562,01,51
2022,45491567,01,51
2022,45096947,01,51
2022,45346359,01,51
2022,45516085,01,51
2022,45500004,01,51
2022,45513827,01,51
2022,45513828,01,51
2022,45513825,01,51
2022,45513824,01,51
2022,45491575,01,51
2022,45491574,01,51
2022,45491576,01,51
2022,45491564,01,51
2022,45491566,01,51
2022,45491571,01,51
2022,45491573,01,51
2022,45491568,01,51
2022,45491569,01,51
2022,46129351,01,51
2022,45491570,01,51
2022,45491565,01,51
2022,46129350,01,51
2022,46156989,01,51
2022,45493013,16,52
2022,46280629,01,51
2022,45540307,01,51
2022,45542512,01,51
2022,45561538,01,51
2022,46488374,01,51
2022,46624666,01,51
2022,47017685,01,51
2022,47017684,01,51
2022,46752130,01,51
2022,46865781,01,51
2022,45566386,01,51
2022,45672174,01,51
2022,45707229,01,51
2022,45769775,01,51
2022,46622818,01,51
2022,45667392,01,51
2022,45667393,01,51
2022,45535869,01,51
2022,45540308,01,51
2022,45566186,01,51
2022,46865782,01,51
2022,46893166,01,51
2022,46999247,01,51
2022,46999248,01,51
2022,47155621,01,51
2022,47155620,01,51
2022,47155622,01,51
2022,47456639,01,51
2022,47456642,01,51
2022,47456643,01,51
2022,47456640,01,51
2022,47456641,01,51
2022,47510261,01,51
2022,47510262,01,51
2022,47590372,01,51
2022,47593418,01,51
2022,47862431,01,51
2022,45566387,01,51
2022,45676603,01,51
2022,45665113,01,51
2022,45772112,01,51
2022,45737070,01,51
2022,45738173,01,51
2022,45738174,01,51
2022,45747351,01,51
2022,45769776,01,51
2022,45804702,01,51
2022,45777750,01,51
2022,45777749,01,51
2022,45777751,01,51
2022,45540857,01,51
2022,44801504,01,51
2022,44801503,01,51
2022,44801502,01,51
2022,44801505,01,51
2022,45777752,01,51
2022,45818342,01,51
2022,45818343,01,51
2022,45984029,01,51
2022,45984031,01,51
2022,45984030,01,51
2022,45983866,01,51
2022,45996247,01,51
2022,46007200,01,51
2022,46013983,01,51
2022,46019588,01,51
2022,46044562,01,51
2022,46044561,01,51
2022,46214016,01,51
2022,46086727,01,51
2022,46044563,01,51
2022,46160173,01,51
2022,46160169,01,51
2022,46270031,01,51
2022,46273978,01,51
2022,46274134,01,51
2022,46277398,01,51
2022,46277397,01,51
2022,46309480,01,51
2022,46311249,01,51
2022,46311250,01,51
2022,46333457,01,51
2022,46367350,01,51
2022,46518309,01,51
2022,47456137,01,51
2022,46767065,01,51
2022,46864648,01,51
2022,45295975,01,51
2022,46311251,01,51
2022,46362222,01,51
2022,46379296,01,51
2022,46379297,01,51
2022,46392772,01,51
2022,46392773,01,51
2022,46401845,01,51
2022,46433705,01,51
2022,46521828,01,51
2022,46530310,01,51
2022,46533580,01,51
2022,46539480,01,51
2022,46550676,01,51
2022,46550677,01,51
2022,46550679,01,51
2022,45096957,01,51
2022,45096958,01,51
2022,46568057,01,51
2022,46568058,01,51
2022,46568059,01,51
2022,46569781,01,51
2022,46581806,01,51
2022,46598747,01,51
2022,46598748,01,51
2022,46598749,01,51
2022,46603246,01,51
2022,46614485,01,51
2022,46616728,01,51
2022,46617093,01,51
2022,46617373,01,51
2022,46617374,01,51
2022,46632351,01,51
2022,46702478,01,51
2022,47456139,01,51
2022,47456138,01,51
2022,46763839,01,51
2022,46763840,01,51
2022,46767066,01,51
2022,46772288,01,51
2022,46772289,01,51
2022,46818973,01,51
2022,46818976,01,51
2022,46821193,01,51
2022,46821194,16,52
2022,46821195,01,51
2022,46842775,01,51
2022,46843178,01,51
2022,46851507,01,51
2022,46622819,01,51
2022,46622820,01,51
2022,46629112,01,51
2022,46632353,01,51
2022,46632352,01,51
2022,46637792,01,51
2022,46637794,01,51
2022,46637793,01,51
2022,46640372,01,51
2022,46649434,01,51
2022,46722095,01,51
2022,46724242,01,51
2022,46724243,01,51
2022,46752752,01,51
2022,46872236,01,51
2022,45096963,01,51
2022,45096956,01,51
2022,45096959,01,51
2022,45096961,01,51
2022,45096962,01,51
2022,45096964,01,51
2022,45096965,01,51
2022,47574355,01,51
2022,45304913,01,51
2022,45304914,01,51
2022,46843179,01,51
2022,46843181,01,51
2022,46843180,01,51
2022,46875753,01,51
2022,46860399,01,51
2022,45304917,01,51
2022,46860400,01,51
2022,46919481,01,51
2022,45320766,01,51
2022,45320767,01,51
2022,46919482,01,51
2022,46919483,01,51
2022,45491951,01,51
2022,46930447,01,51
2022,45540861,01,51
2022,45540858,01,51
2022,47000101,01,51
2022,45540862,01,51
2022,47000100,01,51
2022,47574356,01,51
2022,47018943,01,51
2022,47023411,01,51
2022,45491953,01,51
2022,45491955,01,51
2022,47023412,01,51
2022,45491954,01,51
2022,47110291,01,51
2022,45540859,01,51
2022,47113992,01,51
2022,45540860,01,51
2022,45540863,01,51
2022,47028511,01,51
2022,47028513,01,51
2022,47028512,01,51
2022,47114285,01,51
2022,47028873,01,51
2022,47028874,01,51
2022,47028876,01,51
2022,47028875,01,51
2022,47030558,01,51
2022,47118160,01,51
2022,47118156,01,51
2022,47118157,01,51
2022,47118159,01,51
2022,47078087,01,51
2022,47078088,01,51
2022,47088452,01,51
2022,47090297,01,51
2022,47456140,01,51
2022,47456149,01,51
2022,47456141,01,51
2022,47191986,01,51
2022,47456142,01,51
2022,47456143,01,51
2022,47456148,01,51
2022,47456151,01,51
2022,47456153,01,51
2022,47456155,01,51
2022,47456144,01,51
2022,47456146,01,51
2022,47456147,01,51
2022,47456152,01,51
2022,47456154,01,51
2022,47456156,01,51
2022,47456157,01,51
2022,47456145,01,51
2022,47456150,01,51
2022,47456158,01,51
2022,47629518,01,51
2022,48141108,01,51
2022,48141105,01,51
2022,48141109,01,51
2022,47765382,01,51
2022,47456161,01,51
2022,47456163,01,51
2022,47456159,01,51
2022,47456160,01,51
2022,47456162,01,51
2022,47457316,01,51
2022,47808126,01,51
2022,47575240,01,51
2022,47583278,01,51
2022,47584373,01,51
2022,47586664,01,51
2022,47586665,01,51
2022,47586666,01,51
2022,47586667,01,51
2022,47586668,01,51
2022,47586669,01,51
2022,47631042,01,51
2022,47631043,01,51
2022,47632869,01,51
2022,47632870,01,51
2022,47633575,01,51
2022,47633576,01,51
2022,47641836,01,51
2022,47915445,01,51
2022,48141104,01,51
2022,46641589,01,51
2022,45675473,01,51
2022,45675472,01,51
2022,48345406,16,52
2022,47574357,01,51
2022,46488835,01,51
2022,46488836,01,51
2022,46566504,01,51
2022,46472646,01,51
2022,46472647,01,51
2022,46627949,01,51
2022,46800502,01,51
2022,46800505,01,51
2022,46863771,01,51
2022,47021104,01,51
2022,47029478,01,51
2022,47216557,01,51
2022,46734851,01,51
2022,47574358,01,51
2022,47574359,01,51
2022,47108885,01,51
2022,47132714,01,51
2022,47132712,01,51
2022,47132713,01,51
2022,47132715,01,51
2022,47456566,01,51
2022,47456571,01,51
2022,47456567,01,51
2022,47456570,01,51
2022,47456568,01,51
2022,47574360,01,51
2022,48443012,01,51
2022,47766759,01,51
2022,47456573,01,51
2022,47804290,01,51
2022,47574361,01,51
2022,47678349,01,51
2022,47678350,01,51
2022,46641590,01,51
2022,46641593,01,51
2022,46641591,01,51
2022,46641592,01,51
2022,46641598,01,51
2022,46641595,01,51
2022,46641596,01,51
2022,46641597,01,51
2022,46641594,01,51
2022,46641599,01,51
2022,46641600,01,51
2022,46744543,01,51
2022,47627120,01,51
2022,47456468,01,51
2022,47456469,01,51
2022,47456471,01,51
2022,47456472,01,51
2022,47456470,01,51
2022,47629958,01,51
2022,47633004,01,51
2022,47667484,01,51
2022,47583694,01,51
2022,48524570,01,51
2022,47583695,01,51
2022,47583697,01,51
2022,47583701,01,51
2022,47583702,01,51
2022,47583703,01,51
2022,47583704,01,51
2022,47583692,01,51
2022,47583693,01,51
2022,47583699,01,51
2022,47583700,01,51
2022,47583696,01,51
2022,47583698,01,51
2022,47583279,01,51
2022,47583280,01,51
2022,47583281,01,51
2022,47583282,01,51
2022,47583283,01,51
2022,47583708,01,51
2022,47583709,01,51
2022,47583710,01,51
2022,47583711,01,51
2022,47583712,01,51
2022,47583717,01,51
2022,47583719,01,51
2022,47583720,01,51
2022,47583705,01,51
2022,47583706,01,51
2022,47583707,01,51
2022,47583714,01,51
2022,47583718,01,51
2022,47583721,01,51
2022,47583713,01,51
2022,47583715,01,51
2022,47583716,01,51
2022,47583722,01,51
2022,47583723,01,51
2022,47583284,01,51
2022,47583285,01,51
2022,47583286,01,51
2022,47583725,01,51
2022,47583730,01,51
2022,47583728,01,51
2022,47583731,01,51
2022,47583724,01,51
2022,47583726,01,51
2022,47583727,01,51
2022,47583729,01,51
2022,47840284,01,51
2022,47583733,01,51
2022,47583732,01,51
2022,47583735,01,51
2022,47595093,01,51
2022,47595094,01,51
2022,47632636,01,51
2022,47633577,01,51
2022,45492951,01,51
2022,45492952,01,51
2022,46171859,01,51
2022,48145137,01,51
2022,48145138,01,51
2022,48145139,01,51
2022,45639754,01,51
2022,48145140,01,51
2022,48145141,01,51
2022,48145142,01,51
2022,48145144,01,51
2022,48145143,01,51
2022,48145145,01,51
2022,48145146,01,51
2022,45579648,01,51
2022,45579646,01,51
2022,45579647,01,51
2022,45579651,01,51
2022,46839700,01,51
2022,45574139,01,51
2022,45574138,01,51
2022,45579652,01,51
2022,45579654,01,51
2022,45579655,01,51
2022,45579656,01,51
2022,45579649,01,51
2022,45579650,01,51
2022,45579653,01,51
2022,46839701,01,51
2022,45574140,15,9
2022,45579657,01,51
2022,45579658,01,51
2022,45579659,01,51
2022,45579661,01,51
2022,45579660,01,51
2022,45590526,01,51
2022,45701253,01,51
2022,45799658,01,51
2022,46839702,01,51
2022,45579663,01,51
2022,45701252,01,51
2022,45716871,01,51
2022,45780318,01,51
2022,45780319,01,51
2022,46720387,01,51
2022,45822743,01,51
2022,45980735,14,7
2022,45993479,01,51
2022,46024974,01,51
2022,46204104,01,51
2022,46209486,01,51
2022,46276963,01,51
2022,46174538,01,51
2022,46204105,01,51
2022,46209487,01,51
2022,46276962,01,51
2022,46330114,01,51
2022,46472640,01,51
2022,46534233,01,51
2022,46472639,01,51
2022,46517105,01,51
2022,46548154,01,51
2022,46548155,01,51
2022,46567396,01,51
2022,46567397,01,51
2022,46586462,01,51
2022,46611980,01,51
2022,46835356,01,51
2022,46866487,01,51
2022,46866486,01,51
2022,46866488,01,51
2022,46916247,01,51
2022,46920520,01,51
2022,48563675,16,52
2022,46720388,01,51
2022,47456539,01,51
2022,47456540,01,51
2022,46921165,01,51
2022,47044777,01,51
2022,47077188,01,51
2022,47456544,01,51
2022,47456543,01,51
2022,47456541,01,51
2022,47456542,01,51
2022,48563676,01,51
2022,47456545,01,51
2022,47456546,01,51
2022,47456548,01,51
2022,47509527,01,51
2022,45701322,01,51
2022,45701324,01,51
2022,45701321,01,51
2022,45701323,01,51
2022,45701326,01,51
2022,45701325,01,51
2022,45701327,01,51
2022,45701328,01,51
2022,45701329,01,51
2022,45701330,01,51
2022,45701331,01,51
2022,45701332,01,51
2022,45709460,01,51
2022,45709459,01,51
2022,45747136,01,51
2022,45747137,01,51
2022,45747135,01,51
2022,46030754,01,51
2022,46030755,01,51
2022,46086728,01,51
2022,46213819,01,51
2022,46213818,01,51
2022,47632418,01,51
2022,47632419,01,51
2022,45048338,01,51
2022,45048337,01,51
2022,45048336,01,51
2022,45086947,01,51
2022,45086945,01,51
2022,45086946,01,51
2022,45091719,01,51
2022,45490888,01,51
2022,45490891,01,51
2022,45490889,01,51
2022,45490890,01,51
2022,45664681,01,51
2022,47510257,01,51
2022,47985976,01,51
2022,45873182,01,51
2022,45921660,01,51
2022,45848168,01,51
2022,45848169,01,51
2022,45853471,01,51
2022,45853472,01,51
2022,45866795,01,51
2022,45866797,16,52
2022,45866796,01,51
2022,47805858,01,51
2022,47805857,01,51
2022,47889274,01,51
2022,47923959,01,51
2022,47923960,01,51
2022,47923961,01,51
2022,47923962,01,51
2022,47924315,01,51
2022,47924316,01,51
2022,47924314,01,51
2022,47930360,01,51
2022,48062599,01,51
2022,47776373,01,51
2022,47590365,01,51
2022,47647292,01,51
2022,47678290,01,51
2022,47678289,01,51
2022,47713335,01,51
2022,47950151,01,51
2022,45574107,01,51
2022,45574105,01,51
2022,45574106,01,51
2022,45574102,01,51
2022,45574103,01,51
2022,45574104,01,51
2022,45574108,01,51
2022,45574109,01,51
2022,45574101,01,51
2022,45776650,01,51
2022,45776648,01,51
2022,45776649,01,51
2022,45776652,01,51
2022,46067218,01,51
2022,46355789,01,51
2022,46355790,01,51
2022,46355791,01,51
2022,46355792,01,51
2022,46355793,01,51
2022,46355788,01,51
2022,46624667,01,51
2022,46624668,01,51
2022,46624669,01,51
2022,46624670,01,51
2022,46624671,01,51
2022,46912692,01,51
2022,46912697,01,51
2022,46912702,01,51
2022,46912694,01,51
2022,46912698,01,51
2022,46912703,01,51
2022,46912691,01,51
2022,46912693,01,51
2022,46912695,01,51
2022,46912696,01,51
2022,46912699,01,51
2022,46912700,01,51
2022,46912701,01,51
2022,47216562,01,51
2022,47216563,01,51
2022,47216561,01,51
2022,47678291,01,51
2022,47678292,01,51
2022,47678293,01,51
2022,47678294,01,51
2022,47678295,01,51
2022,47678296,01,51
2022,47678297,01,51
2022,47678302,01,51
2022,47678304,01,51
2022,47678303,01,51
2022,47678301,01,51
2022,47678298,01,51
2022,47678299,01,51
2022,47678300,01,51
2022,47678309,01,51
2022,47678305,01,51
2022,47678306,01,51
2022,47678307,01,51
2022,47678308,01,51
2022,47678310,01,51
2022,47954991,01,51
2022,47678311,01,51
2022,47678312,01,51
2022,47678313,01,51
2022,47678314,01,51
2022,47678315,01,51
2022,47678321,01,51
2022,47678322,01,51
2022,47678316,01,51
2022,47678317,01,51
2022,47678318,01,51
2022,47678319,01,51
2022,47959532,01,51
2022,47678324,01,51
2022,47678325,01,51
2022,47678323,01,51
2022,47678326,01,51
2022,47678329,01,51
2022,47678327,01,51
2022,47678328,01,51
2022,47678330,01,51
2022,47678331,01,51
2022,47678332,01,51
2022,47678338,01,51
2022,47678333,01,51
2022,47678334,01,51
2022,47678335,01,51
2022,47678336,01,51
2022,47678337,01,51
2022,47679676,01,51
2022,47713338,01,51
2022,47713339,01,51
2022,47713337,01,51
2022,44467914,01,51
2022,44558328,01,51
2022,44558329,01,51
2022,44558330,01,51
2022,44558331,01,51
2022,44558332,01,51
2022,44559585,01,51
2022,44581569,01,51
2022,44581567,01,51
2022,44581568,01,51
2022,44615826,01,51
2022,44615827,01,51
2022,44644315,01,51
2022,44698837,01,51
2022,44698838,01,51
2022,44719045,01,51
2022,44719041,01,51
2022,44719042,01,51
2022,44719043,01,51
2022,44719044,01,51
2022,44719046,01,51
2022,44751429,01,51
2022,44801486,01,51
2022,44950115,01,51
2022,44961819,01,51
2022,44961820,01,51
2022,44961821,01,51
2022,44977548,01,51
2022,44977549,01,51
2022,44977550,01,51
2022,45026948,01,51
2022,45026949,01,51
2022,45026950,01,51
2022,45026947,01,51
2022,45028125,01,51
2022,45032878,01,51
2022,45034479,01,51
2022,45140365,01,51
2022,45140364,01,51
2022,45209073,01,51
2022,47629029,01,51
2022,47629028,01,51
2022,47629030,01,51
2022,47629032,01,51
2022,47629033,01,51
2022,47629034,01,51
2022,45209076,01,51
2022,47629035,01,51
2022,45209074,01,51
2022,47629031,01,51
2022,47629036,01,51
2022,47629037,01,51
2022,47629038,01,51
2022,45209075,01,51
2022,45628466,01,51
2022,45628468,01,51
2022,45628463,01,51
2022,45628465,01,51
2022,45628467,01,51
2022,45628462,01,51
2022,45628464,01,51
2022,45730725,01,51
2022,45780305,01,51
2022,45780307,01,51
2022,45780304,01,51
2022,45780306,01,51
2022,45780308,01,51
2022,45844865,01,51
2022,45844866,01,51
2022,45844864,01,51
2022,45866798,01,51
2022,45866799,01,51
2022,46002025,01,51
2022,46002026,01,51
2022,46295405,01,51
2022,46295406,01,51
2022,45209077,01,51
2022,45267491,01,51
2022,45295965,01,51
2022,45295963,01,51
2022,45295964,01,51
2022,46295407,01,51
2022,46295408,01,51
2022,46295409,01,51
2022,46333185,01,51
2022,46348350,01,51
2022,46360568,01,51
2022,46860321,01,51
2022,46379139,01,51
2022,46379140,01,51
2022,46379141,01,51
2022,46611989,01,51
2022,46611992,01,51
2022,46611993,01,51
2022,46611994,01,51
2022,46611990,01,51
2022,46611991,01,51
2022,46860322,01,51
2022,46860325,01,51
2022,46860329,01,51
2022,46860323,01,51
2022,46860327,01,51
2022,46860324,01,51
2022,46860326,01,51
2022,46860328,01,51
2022,47189857,01,51
2022,47189856,01,51
2022,47189858,01,51
2022,45312650,01,51
2022,45312652,01,51
2022,45312651,01,51
2022,45308879,01,51
2022,45309151,01,51
2022,45313610,01,51
2022,45313612,01,51
2022,45086923,01,51
2022,45086926,01,51
2022,45086921,01,51
2022,45086922,01,51
2022,48780231,01,51
2022,45695414,01,51
2022,45695413,01,51
2022,45695415,01,51
2022,45702064,01,51
2022,45702065,01,51
2022,45702378,01,51
2022,45702377,01,51
2022,45741266,01,51
2022,45741268,01,51
2022,45741267,01,51
2022,45741269,01,51
2022,45741265,01,51
2022,45746885,01,51
2022,45746886,01,51
2022,45746887,01,51
2022,45746888,01,51
2022,45746889,01,51
2022,45853474,01,51
2022,45853473,01,51
2022,46033006,01,51
2022,45086924,01,51
2022,45086925,01,51
2022,45148055,01,51
2022,45320755,01,51
2022,45526319,01,51
2022,45510031,01,51
2022,45491200,01,51
2022,45491216,01,51
2022,45491215,01,51
2022,45491218,01,51
2022,45491217,01,51
2022,45491201,01,51
2022,45491204,01,51
2022,45491212,01,51
2022,45491202,01,51
2022,45491205,01,51
2022,45491206,01,51
2022,45491208,01,51
2022,45491211,01,51
2022,45491214,01,51
2022,45491203,01,51
2022,45491207,01,51
2022,45491209,01,51
2022,45491210,01,51
2022,45491213,01,51
2022,45535155,01,51
2022,45535154,01,51
2022,45628460,01,51
2022,45535156,01,51
2022,45539511,01,51
2022,45579614,01,51
2022,45579613,01,51
2022,45590456,01,51
2022,45676058,01,51
2022,45676059,01,51
2022,45676057,01,51
2022,45754848,01,51
2022,45754846,01,51
2022,45754847,01,51
2022,45770623,01,51
2022,45771420,01,51
2022,45780300,01,51
2022,46923278,01,51
2022,45799645,01,51
2022,45799646,01,51
2022,45780301,01,51
2022,45848152,01,51
2022,45848150,01,51
2022,45954750,01,51
2022,45954751,01,51
2022,46071274,01,51
2022,46071275,01,51
2022,46033007,01,51
2022,46071273,01,51
2022,46040040,01,51
2022,46067205,01,51
2022,46812932,01,51
2022,47586670,01,51
2022,47629519,01,51
2022,47629041,01,51
2022,47629042,01,51
2022,46812933,01,51
2022,46156955,01,51
2022,46156954,01,51
2022,46230246,01,51
2022,46276964,01,51
2022,46276965,01,51
2022,46276966,01,51
2022,46276967,01,51
2022,46276968,01,51
2022,46276969,01,51
2022,46280620,01,51
2022,46280621,01,51
2022,46280622,01,51
2022,46281104,01,51
2022,45701334,01,51
2022,45701335,01,51
2022,45778723,01,51
2022,45778721,01,51
2022,45778720,01,51
2022,45778722,01,51
2022,45778724,01,51
2022,46209514,01,51
2022,46209516,01,51
2022,46209518,01,51
2022,46627953,01,51
2022,46627954,01,51
2022,46627951,01,51
2022,46284462,01,51
2022,46330115,01,51
2022,46347556,01,51
2022,46347822,01,51
2022,46351045,01,51
2022,46367963,01,51
2022,46398443,01,51
2022,46459618,01,51
2022,46459619,01,51
2022,46520487,01,51
2022,46539001,01,51
2022,46539002,01,51
2022,46627952,01,51
2022,46627955,01,51
2022,46627956,01,51
2022,46627950,01,51
2022,47604234,01,51
2022,46922810,01,51
2022,46922811,01,51
2022,46922809,01,51
2022,47181377,01,51
2022,46547063,01,51
2022,46548156,01,51
2022,46549330,01,51
2022,46550137,01,51
2022,46567398,01,51
2022,46567399,01,51
2022,46578202,01,51
2022,46611982,01,51
2022,46611981,01,51
2022,47455621,01,51
2022,46800493,01,51
2022,46820540,01,51
2022,46846086,01,51
2022,46850185,01,51
2022,46850186,01,51
2022,46861488,01,51
2022,46611351,01,51
2022,46624664,01,51
2022,46627942,01,51
2022,46636806,01,51
2022,46640730,01,51
2022,46641601,01,51
2022,46696135,01,51
2022,46720843,01,51
2022,46734433,01,51
2022,46850187,01,51
2022,46858705,01,51
2022,46912683,01,51
2022,46920522,01,51
2022,46920521,01,51
2022,46920523,01,51
2022,46923279,01,51
2022,46947780,01,51
2022,46947781,01,51
2022,47108876,01,51
2022,47108877,01,51
2022,47108875,01,51
2022,47132706,01,51
2022,47132707,01,51
2022,47025338,01,51
2022,47025337,01,51
2022,47025339,01,51
2022,47029469,01,51
2022,47029799,01,51
2022,47029800,01,51
2022,47117390,01,51
2022,47117391,01,51
2022,47216357,01,51
2022,47455638,01,51
2022,47455637,01,51
2022,47455623,01,51
2022,47455628,01,51
2022,47455635,01,51
2022,47455622,01,51
2022,47455626,01,51
2022,47455630,01,51
2022,47455632,01,51
2022,47455624,01,51
2022,47455625,01,51
2022,47455627,01,51
2022,47455629,01,51
2022,47455631,01,51
2022,47455633,01,51
2022,47455634,01,51
2022,47455636,01,51
2022,47455642,01,51
2022,47455644,01,51
2022,47455646,01,51
2022,47455640,01,51
2022,47455643,01,51
2022,47455645,01,51
2022,47455639,01,51
2022,47455641,01,51
2022,47504467,01,51
2022,47504466,01,51
2022,47593410,01,51
2022,47593411,01,51
2022,47630312,01,51
2022,47641156,01,51
2022,47641157,01,51
2022,47641158,01,51
2022,47641159,01,51
2022,45704752,01,51
2022,45515789,01,51
2022,45515791,01,51
2022,45515790,01,51
2022,45530557,01,51
2022,45530558,01,51
2022,45535596,01,51
2022,45932818,01,51
2022,45873183,01,51
2022,45921661,01,51
2022,45923044,01,51
2022,47956108,01,51
2022,45977784,01,51
2022,45977783,01,51
2022,45967094,01,51
2022,45967093,01,51
2022,45980753,01,51
2022,45980754,01,51
2022,45980755,01,51
2022,45993484,01,51
2022,45993485,01,51
2022,45994724,01,51
2022,45994723,01,51
2022,45994722,01,51
2022,45994720,01,51
2022,45994721,01,51
2022,45994725,01,51
2022,46018712,01,51
2022,46024984,01,51
2022,46071296,01,51
2022,46071315,01,51
2022,46071294,01,51
2022,46071293,01,51
2022,46071316,01,51
2022,46071312,16,52
2022,46075179,01,51
2022,46080239,01,51
2022,46040096,01,51
2022,46040097,01,51
2022,45965350,01,51
2022,46015358,01,51
2022,46171860,01,51
2022,47216438,01,51
2022,47216454,01,51
2022,47216461,01,51
2022,47216463,01,51
2022,47216452,01,51
2022,47216464,01,51
2022,47216460,01,51
2022,47216462,01,51
2022,47216451,01,51
2022,47216453,01,51
2022,47216437,01,51
2022,47216439,01,51
2022,47216448,01,51
2022,47455706,01,51
2022,47455708,01,51
2022,47455709,01,51
2022,47455712,01,51
2022,47455713,01,51
2022,47455714,01,51
2022,45670850,01,51
2022,45780847,01,51
2022,47029824,01,51
2022,47216407,01,51
2022,47216409,01,51
2022,47216412,01,51
2022,47216425,01,51
2022,47216431,01,51
2022,47216433,01,51
2022,47216403,01,51
2022,47216404,01,51
2022,47216414,01,51
2022,47216417,01,51
2022,47216434,01,51
2022,47216419,01,51
2022,47216408,01,51
2022,47216422,01,51
2022,47216411,01,51
2022,47216413,01,51
2022,47216416,01,51
2022,47216410,01,51
2022,47216415,01,51
2022,47216418,01,51
2022,47216455,01,51
2022,47455710,01,51
2022,47455711,01,51
2022,47455702,01,51
2022,47455703,01,51
2022,47455704,01,51
2022,45947537,01,51
2022,47216470,01,51
2022,47216471,01,51
2022,47216491,01,51
2022,47216508,01,51
2022,47216527,01,51
2022,47216474,01,51
2022,47216479,01,51
2022,47216481,01,51
2022,47216510,01,51
2022,47216518,01,51
2022,47216489,01,51
2022,47216535,01,51
2022,47216427,01,51
2022,47216426,01,51
2022,47216505,01,51
2022,47216509,01,51
2022,47216469,01,51
2022,47216488,01,51
2022,47216473,01,51
2022,47216476,01,51
2022,47216517,01,51
2022,47216472,01,51
2022,47216532,01,51
2022,47216482,01,51
2022,47216528,01,51
2022,47216530,01,51
2022,47455720,01,51
2022,47455719,01,51
2022,47455728,01,51
2022,47455705,01,51
2022,47455707,01,51
2022,47455715,01,51
2022,47455718,01,51
2022,47455721,01,51
2022,47455722,01,51
2022,47455723,01,51
2022,47455724,01,51
2022,48443003,01,51
2022,45966375,01,51
2022,45853468,01,51
2022,45867270,01,51
2022,46129345,01,51
2022,46280624,01,51
2022,46281107,01,51
2022,46331876,01,51
2022,46331877,01,51
2022,47077193,01,51
2022,47077191,01,51
2022,47077192,01,51
2022,47213699,01,51
2022,47213705,01,51
2022,47213698,01,51
2022,47213707,01,51
2022,47213706,01,51
2022,47216485,01,51
2022,47216497,01,51
2022,47216513,01,51
2022,47216468,01,51
2022,47216516,01,51
2022,47216511,01,51
2022,47216512,01,51
2022,47216523,01,51
2022,47216538,01,51
2022,47216465,01,51
2022,47216490,01,51
2022,47216504,01,51
2022,47216529,01,51
2022,47216542,01,51
2022,47216496,01,51
2022,47216475,01,51
2022,47216521,01,51
2022,47943745,01,51
2022,47455716,01,51
2022,47455726,01,51
2022,47455727,01,51
2022,47455733,01,51
2022,47455717,01,51
2022,47455725,01,51
2022,47455732,01,51
2022,47455734,01,51
2022,45847018,01,51
2022,45946157,01,51
2022,46116496,01,51
2022,46292605,01,51
2022,46307901,01,51
2022,47029817,01,51
2022,47029820,01,51
2022,47029819,01,51
2022,47029816,01,51
2022,47029818,01,51
2022,47029823,01,51
2022,47029825,01,51
2022,47029826,01,51
2022,47029827,01,51
2022,47029828,01,51
2022,47030366,01,51
2022,47030368,01,51
2022,47030370,01,51
2022,47030371,01,51
2022,47030372,01,51
2022,47030369,01,51
2022,47030376,01,51
2022,47030362,01,51
2022,47030364,01,51
2022,47030367,01,51
2022,47030373,01,51
2022,47213708,01,51
2022,47216459,01,51
2022,47455729,01,51
2022,47455731,01,51
2022,47455738,01,51
2022,47455739,01,51
2022,45954753,01,51
2022,45980745,01,51
2022,47213701,01,51
2022,47213702,01,51
2022,47213704,01,51
2022,47213720,01,51
2022,47213724,01,51
2022,47213726,01,51
2022,47213703,01,51
2022,47213716,01,51
2022,47213718,01,51
2022,47213721,01,51
2022,47213722,01,51
2022,47213725,01,51
2022,47213700,01,51
2022,47213717,01,51
2022,47213719,01,51
2022,47213723,01,51
2022,47213727,01,51
2022,47213729,01,51
2022,47780325,01,51
2022,47780327,01,51
2022,47780328,01,51
2022,47213732,01,51
2022,47213734,01,51
2022,47213738,01,51
2022,47213740,01,51
2022,47213709,01,51
2022,47213731,01,51
2022,47213733,01,51
2022,47213737,01,51
2022,47213710,01,51
2022,47213711,01,51
2022,47213730,01,51
2022,47213739,01,51
2022,47455737,01,51
2022,47455740,01,51
2022,47455736,01,51
2022,48370026,01,51
2022,48370027,01,51
2022,48786318,01,51
2022,48336352,01,51
2022,47780326,01,51
2022,47780329,01,51
2022,47780332,01,51
2022,47780335,01,51
2022,47780330,01,51
2022,47780331,01,51
2022,47780333,01,51
2022,47780334,01,51
2022,47780336,01,51
2022,48231763,01,51
2022,47780337,01,51
2022,47780338,01,51
2022,47801697,01,51
2022,47801705,01,51
2022,47801699,01,51
2022,47801695,01,51
2022,47801701,01,51
2022,47801704,01,51
2022,47801702,01,51
2022,47801703,01,51
2022,47801707,01,51
2022,47943746,01,51
2022,47943747,01,51
2022,47801709,01,51
2022,47801713,01,51
2022,47801711,01,51
2022,47780339,01,51
2022,47780341,01,51
2022,47780340,01,51
2022,47801717,01,51
2022,47801715,01,51
2022,48336351,01,51
2022,48336353,01,51
2022,48336355,01,51
2022,48336357,01,51
2022,48336358,01,51
2022,48336359,01,51
2022,48336360,11,1
2022,47455748,01,51
2022,47455751,01,51
2022,47455743,01,51
2022,47455749,01,51
2022,47455750,01,51
2022,47455768,01,51
2022,47455747,01,51
2022,47455755,01,51
2022,48091019,01,51
2022,48091021,01,51
2022,48091020,01,51
2022,48144289,01,51
2022,48180412,01,51
2022,48180410,01,51
2022,48180409,01,51
2022,48180411,01,51
2022,48180413,01,51
2022,48261929,01,51
2022,48261930,01,51
2022,47100214,01,51
2022,47022456,01,51
2022,47108878,01,51
2022,47132708,01,51
2022,47089436,01,51
2022,47157322,01,51
2022,47157321,01,51
2022,47189850,01,51
2022,47455744,01,51
2022,47455752,01,51
2022,47455754,01,51
2022,47455761,01,51
2022,47455764,01,51
2022,47455765,01,51
2022,47455745,01,51
2022,47455746,01,51
2022,47455763,01,51
2022,47455735,01,51
2022,47455760,01,51
2022,47455762,01,51
2022,47455767,01,51
2022,47805877,01,51
2022,47805872,01,51
2022,47805875,01,51
2022,47805873,01,51
2022,47805876,01,51
2022,47805874,01,51
2022,48370028,01,51
2022,47835091,01,51
2022,47578822,01,51
2022,47583955,01,51
2022,47583956,01,51
2022,47593412,01,51
2022,47593413,01,51
2022,47593414,01,51
2022,47593415,01,51
2022,47604223,01,51
2022,47629016,01,51
2022,47629015,01,51
2022,47630313,01,51
2022,47630314,01,51
2022,47910353,01,51
2022,47667485,01,51
2022,47950153,01,51
2022,47950154,01,51
2022,47920549,01,51
2022,47189849,01,51
2022,47779336,01,51
2022,47455756,01,51
2022,47455757,01,51
2022,47455758,01,51
2022,47455766,01,51
2022,47455769,01,51
2022,47455771,01,51
2022,47455759,01,51
2022,47455772,01,51
2022,47455774,01,51
2022,48384049,01,51
2022,48335609,01,51
2022,48336354,01,51
2022,47985979,01,51
2022,48340472,01,51
2022,48340471,01,51
2022,47455779,01,51
2022,47455780,01,51
2022,47455753,01,51
2022,47455773,01,51
2022,47455775,01,51
2022,47455777,01,51
2022,47455770,01,51
2022,47455776,01,51
2022,47455778,01,51
2022,47455781,01,51
2022,48370029,01,51
2022,48370030,01,51
2022,47510258,01,51
2022,48091022,01,51
2022,48131381,01,51
2022,48257831,01,51
2022,48257832,01,51
2022,48257833,01,51
2022,48261926,01,51
2022,48261927,01,51
2022,48261928,01,51
2022,48314284,01,51
2022,48314285,01,51
2022,48261931,01,51
2022,48336356,01,51
2022,48570347,01,51
2022,48570346,01,51
2022,48345387,01,51
2022,48356768,01,51
2022,48356770,01,51
2022,48356769,01,51
2022,48356771,01,51
2022,48399019,01,51
2022,45639728,01,51
2022,45639727,01,51
2022,45639729,01,51
2022,45639730,01,51
2022,45639731,01,51
2022,45639733,01,51
2022,45639732,01,51
2022,45639736,01,51
2022,45639740,01,51
2022,45639743,01,51
2022,45639745,01,51
2022,45639734,01,51
2022,45639735,01,51
2022,45639738,01,51
2022,45639739,01,51
2022,45639741,01,51
2022,45639737,01,51
2022,45639742,01,51
2022,45639744,01,51
2022,45639746,01,51
2022,45639749,01,51
2022,45639748,01,51
2022,45639750,01,51
2022,45639747,01,51
2022,45736769,01,51
2022,45736768,01,51
2022,45736770,01,51
2022,45736771,01,51
2022,45736775,01,51
2022,45736776,01,51
2022,45736772,01,51
2022,45736774,01,51
2022,45736773,01,51
2022,45784648,01,51
2022,45784649,01,51
2022,45784650,01,51
2022,45784651,01,51
2022,46095217,01,51
2022,46095224,01,51
2022,46095228,01,51
2022,46095215,01,51
2022,46095213,01,51
2022,46095222,01,51
2022,46095226,01,51
2022,46095220,01,51
2022,46360571,01,51
2022,46360572,01,51
2022,46360573,01,51
2022,46360575,01,51
2022,46360574,01,51
2022,46367981,01,51
2022,46367977,01,51
2022,46367978,01,51
2022,46367975,01,51
2022,46367976,01,51
2022,46367979,01,51
2022,46367980,01,51
2022,46367982,01,51
2022,47021107,01,51
2022,47021110,01,51
2022,47021113,01,51
2022,47021117,01,51
2022,47021119,01,51
2022,47021121,01,51
2022,47021123,01,51
2022,47021109,01,51
2022,47021112,01,51
2022,47021114,01,51
2022,47021116,01,51
2022,47021122,01,51
2022,47021106,01,51
2022,47021108,01,51
2022,47021111,01,51
2022,47021115,01,51
2022,47021118,01,51
2022,47021120,01,51
2022,48399020,01,51
2022,48399021,01,51
2022,48399022,01,51
2022,48399023,01,51
2022,48376177,01,51
2022,48376176,01,51
2022,48384050,01,51
2022,47025406,01,51
2022,47025407,01,51
2022,47025405,01,51
2022,47025404,01,51
2022,47025411,01,51
2022,47025414,01,51
2022,47025417,01,51
2022,47025419,01,51
2022,47025409,01,51
2022,47025412,01,51
2022,47025415,01,51
2022,47025416,01,51
2022,47025408,01,51
2022,47025410,01,51
2022,47025413,01,51
2022,47025418,01,51
2022,47025420,01,51
2022,47025421,01,51
2022,47025422,01,51
2022,47025423,01,51
2022,47025424,01,51
2022,47025425,01,51
2022,47025427,01,51
2022,47025426,01,51
2022,48421577,01,51
2022,48391576,01,51
2022,48391575,01,51
2022,48585254,01,51
2022,48702052,01,51
2022,48702053,01,51
2022,48416801,01,51
2022,48416802,01,51
2022,48443918,01,51
2022,48443917,01,51
2022,48499925,01,51
2022,48585247,01,51
2022,48623941,01,51
2022,48623942,01,51
2022,48643406,01,51
2022,48643407,01,51
2022,48643408,01,51
2022,48646708,01,51
2022,48651645,01,51
2022,48676392,01,51
2022,48676391,01,51
2022,48753930,01,51
2022,48799822,01,51
2022,45305336,01,51
2022,45315094,01,51
2022,45347907,01,51
2022,45320756,01,51
2022,45320758,01,51
2022,45320757,01,51
2022,45327103,01,51
2022,45327105,01,51
2022,45327104,01,51
2022,45346361,01,51
2022,45346367,01,51
2022,45346362,01,51
2022,45346364,01,51
2022,45346366,01,51
2022,45346363,01,51
2022,45346365,01,51
2022,45491691,16,52
2022,45491692,01,51
2022,45491694,01,51
2022,45491696,16,52
2022,45491699,01,51
2022,45491700,01,51
2022,45491705,01,51
2022,45491695,01,51
2022,45491697,01,51
2022,45491701,01,51
2022,45491702,01,51
2022,45491698,01,51
2022,45491703,01,51
2022,45491704,01,51
2022,45491693,01,51
2022,45491709,01,51
2022,45491711,01,51
2022,45491713,01,51
2022,45491714,01,51
2022,45491722,01,51
2022,45491724,01,51
2022,45491725,01,51
2022,45491706,01,51
2022,45491715,01,51
2022,45491716,11,1
2022,45491718,01,51
2022,45491720,01,51
2022,45491726,01,51
2022,45491707,01,51
2022,45491708,01,51
2022,45491710,01,51
2022,45491712,01,51
2022,45491717,01,51
2022,45491719,01,51
2022,45491721,01,51
2022,45491723,01,51
2022,45491727,01,51
2022,47456340,01,51
2022,45499142,01,51
2022,45491729,01,51
2022,45491732,01,51
2022,45491734,01,51
2022,45491736,01,51
2022,45491738,01,51
2022,45491739,01,51
2022,45491742,01,51
2022,45491728,01,51
2022,45491731,01,51
2022,45491737,01,51
2022,45491741,01,51
2022,45491730,01,51
2022,45491733,01,51
2022,45491735,01,51
2022,45491740,01,51
2022,45539533,01,51
2022,45539534,01,51
2022,45561197,01,51
2022,45639721,01,51
2022,45561199,01,51
2022,45561201,01,51
2022,45561202,01,51
2022,45561198,01,51
2022,45561200,01,51
2022,45561203,01,51
2022,45561204,01,51
2022,45561205,01,51
2022,45566388,01,51
2022,45664714,01,51
2022,45702055,16,52
2022,45702056,01,51
2022,45702363,01,51
2022,45702364,01,51
2022,45705380,01,51
2022,45763191,01,51
2022,45764730,01,51
2022,45764731,01,51
2022,45764732,01,51
2022,45716872,01,51
2022,45716873,01,51
2022,45873173,01,51
2022,45873174,01,51
2022,45965353,01,51
2022,45965354,01,51
2022,45932633,01,51
2022,45967085,01,51
2022,45967086,01,51
2022,45921654,01,51
2022,45921655,01,51
2022,45921656,01,51
2022,46040041,01,51
2022,46067206,01,51
2022,46067207,01,51
2022,46067209,01,51
2022,46067208,01,51
2022,46067210,01,51
2022,46124654,01,51
2022,46080232,01,51
2022,46083820,01,51
2022,46175243,01,51
2022,46175242,01,51
2022,46175244,01,51
2022,46274135,01,51
2022,46274136,01,51
2022,46274137,01,51
2022,46274138,01,51
2022,46274139,01,51
2022,46286200,01,51
2022,46291086,01,51
2022,46291087,01,51
2022,46291088,01,51
2022,46291089,01,51
2022,46292607,01,51
2022,46332574,01,51
2022,46351046,01,51
2022,46528638,01,51
2022,46528639,01,51
2022,46351049,01,51
2022,46351047,01,51
2022,46351048,01,51
2022,46351050,01,51
2022,46433706,01,51
2022,46433707,01,51
2022,46433708,01,51
2022,46433709,01,51
2022,46433710,01,51
2022,46433711,01,51
2022,46533546,01,51
2022,46533547,01,51
2022,46533548,16,52
2022,46533549,01,51
2022,46533550,01,51
2022,46533551,01,51
2022,46533552,01,51
2022,46533553,01,51
2022,46533554,01,51
2022,46550138,01,51
2022,46550139,01,51
2022,46550140,01,51
2022,46569784,01,51
2022,46589765,01,51
2022,46598214,01,51
2022,46602829,01,51
2022,46602830,01,51
2022,47022457,01,51
2022,47022461,01,51
2022,47022458,01,51
2022,47022459,01,51
2022,47022460,01,51
2022,47022463,01,51
2022,47022464,01,51
2022,47022462,01,51
2022,46701638,01,51
2022,46701639,01,51
2022,46701640,01,51
2022,46701641,01,51
2022,46701642,01,51
2022,46701643,01,51
2022,46701644,01,51
2022,47456341,01,51
2022,47456342,01,51
2022,47022467,01,51
2022,47022469,01,51
2022,47022466,01,51
2022,47022470,01,51
2022,47022465,01,51
2022,47022468,01,51
2022,47456344,01,51
2022,47456345,01,51
2022,47456343,01,51
2022,47456346,01,51
2022,47456350,01,51
2022,47456353,01,51
2022,47456347,01,51
2022,47456349,01,51
2022,47456352,01,51
2022,47456354,01,51
2022,47456357,01,51
2022,47456361,01,51
2022,47456348,01,51
2022,47456351,01,51
2022,47456355,01,51
2022,47456356,01,51
2022,48248563,01,51
2022,48261932,01,51
2022,48261933,01,51
2022,48261934,01,51
2022,48261935,01,51
2022,48261936,01,51
2022,47456360,01,51
2022,47456362,01,51
2022,47456359,01,51
2022,47456363,01,51
2022,47456365,01,51
2022,47456358,01,51
2022,47456364,01,51
2022,47840349,01,51
2022,47507974,01,51
2022,47507973,01,51
2022,47507975,01,51
2022,47840573,01,51
2022,47840576,01,51
2022,47840574,01,51
2022,47840575,01,51
2022,47578452,01,51
2022,47594946,01,51
2022,47600956,01,51
2022,44469757,01,51
2022,44488134,01,51
2022,44517812,01,51
2022,44524011,01,51
2022,44907804,01,51
2022,44907805,01,51
2022,45126885,01,51
2022,45343866,01,51
2022,45764738,01,51
2022,45764737,01,51
2022,45737887,01,51
2022,45946160,01,51
2022,46156990,01,51
2022,44552465,01,51
2022,44557112,01,51
2022,44557113,01,51
2022,44563781,01,51
2022,44600956,01,51
2022,44633238,01,51
2022,44639047,01,51
2022,44643911,01,51
2022,44643912,01,51
2022,44688060,01,51
2022,44718117,01,51
2022,44719047,01,51
2022,44719048,01,51
2022,44721812,01,51
2022,44751430,01,51
2022,44751431,01,51
2022,44822859,01,51
2022,44829069,01,51
2022,44840199,01,51
2022,44844988,01,51
2022,44854339,01,51
2022,44854340,01,51
2022,44854341,01,51
2022,44922787,01,51
2022,44975468,01,51
2022,47456605,01,51
2022,45267494,01,51
2022,45293623,01,51
2022,45309153,01,51
2022,45309154,01,51
2022,45301516,01,51
2022,45301517,01,51
2022,45327106,01,51
2022,45034487,01,51
2022,45045166,01,51
2022,45045167,01,51
2022,45343861,01,51
2022,45343862,01,51
2022,45500536,01,51
2022,45492056,01,51
2022,45492058,01,51
2022,45492062,01,51
2022,45492059,01,51
2022,45492061,01,51
2022,45492063,01,51
2022,45492064,01,51
2022,45492054,01,51
2022,45492055,01,51
2022,45492057,01,51
2022,45492060,01,51
2022,45533162,01,51
2022,45668457,01,51
2022,45670854,01,51
2022,45579667,01,51
2022,45579664,01,51
2022,45579666,01,51
2022,45579665,01,51
2022,45702057,01,51
2022,45704753,01,51
2022,45704754,01,51
2022,45704755,01,51
2022,45714032,01,51
2022,45778731,01,51
2022,45778732,01,51
2022,45780321,01,51
2022,45780320,01,51
2022,45782553,01,51
2022,45844857,01,51
2022,45947252,01,51
2022,45947250,01,51
2022,45947251,01,51
2022,46001978,01,51
2022,46001979,01,51
2022,46009268,01,51
2022,46124655,01,51
2022,46124657,01,51
2022,46124656,01,51
2022,46276970,01,51
2022,46280626,01,51
2022,46280625,01,51
2022,46281108,01,51
2022,46284478,01,51
2022,46330116,01,51
2022,46391592,01,51
2022,46395513,01,51
2022,46395514,01,51
2022,46459620,01,51
2022,46459621,01,51
2022,46459622,01,51
2022,46547064,01,51
2022,46549333,01,51
2022,46549332,01,51
2022,46601513,01,51
2022,46762948,01,51
2022,46762947,01,51
2022,46811603,01,51
2022,46858708,01,51
2022,46858709,01,51
2022,46858707,01,51
2022,46619064,01,51
2022,46640731,01,51
2022,46698133,01,51
2022,46698134,01,51
2022,46698135,01,51
2022,46742763,01,51
2022,46743221,01,51
2022,46876404,01,51
2022,46865780,01,51
2022,46922799,01,51
2022,46998515,01,51
2022,47025398,01,51
2022,47025777,01,51
2022,47456606,01,51
2022,47456607,01,51
2022,47456609,01,51
2022,47456611,01,51
2022,47456613,01,51
2022,47456608,01,51
2022,47456612,01,51
2022,47456610,01,51
2022,47456615,01,51
2022,47456617,01,51
2022,47456619,01,51
2022,47456614,01,51
2022,47456616,01,51
2022,47456618,01,51
2022,47510259,01,51
2022,47574345,01,51
2022,47574346,01,51
2022,47574347,01,51
2022,47578453,01,51
2022,47578454,01,51
2022,47604224,01,51
2022,46998516,01,51
2022,47025778,01,51
2022,47117393,01,51
2022,47155618,01,51
2022,47157323,01,51
2022,47181371,01,51
2022,47181372,01,51
2022,47181373,01,51
2022,47181374,01,51
2022,47189854,01,51
2022,47222391,01,51
2022,47213743,01,51
2022,47213744,01,51
2022,47457047,01,51
2022,47457049,01,51
2022,47457050,01,51
2022,47457048,01,51
2022,47457051,01,51
2022,47457055,01,51
2022,47457052,01,51
2022,47457054,01,51
2022,47457053,01,51
2022,47457056,01,51
2022,47457057,01,51
2022,47457059,01,51
2022,47457058,01,51
2022,47457061,01,51
2022,47457063,01,51
2022,47457060,01,51
2022,47457062,01,51
2022,47457067,01,51
2022,47457065,01,51
2022,47457066,01,51
2022,47457064,01,51
2022,47457068,01,51
2022,47457069,01,51
2022,47582771,01,51
2022,47627121,01,51
2022,47629017,01,51
2022,47633005,01,51
2022,45527226,01,51
2022,45527227,01,51
2022,45527230,01,51
2022,45527225,01,51
2022,45527228,01,51
2022,45527229,01,51
2022,45527233,01,51
2022,45527235,01,51
2022,45527238,01,51
2022,45527242,01,51
2022,45527231,01,51
2022,45527239,01,51
2022,45527232,01,51
2022,45527236,01,51
2022,45527234,01,51
2022,45527245,01,51
2022,45527250,14,7
2022,45527247,01,51
2022,45527249,01,51
2022,45527244,01,51
2022,45527252,01,51
2022,45527255,01,51
2022,45527264,01,51
2022,45579673,01,51
2022,45579675,01,51
2022,45579676,01,51
2022,45579677,01,51
2022,45579679,01,51
2022,45579672,01,51
2022,45579678,01,51
2022,45579674,01,51
2022,45632567,01,51
2022,45670855,01,51
2022,45670856,01,51
2022,45579680,01,51
2022,45754850,01,51
2022,45754849,01,51
2022,45710614,01,51
2022,45710613,01,51
2022,45771449,01,51
2022,45771450,01,51
2022,45848164,01,51
2022,45866745,01,51
2022,45866746,01,51
2022,45947253,01,51
2022,45921657,01,51
2022,45923039,01,51
2022,45923038,01,51
2022,45993482,01,51
2022,46124658,01,51
2022,46129346,01,51
2022,46239822,01,51
2022,46230132,01,51
2022,46230131,01,51
2022,47604225,01,51
2022,47604226,01,51
2022,47633337,01,51
2022,45305500,01,51
2022,45056264,01,51
2022,45056262,01,51
2022,45056263,01,51
2022,45056265,01,51
2022,45075136,01,51
2022,45075137,01,51
2022,45075138,01,51
2022,45490676,01,51
2022,45490675,01,51
2022,45668459,01,51
2022,45980756,01,51
2022,45980757,01,51
2022,45981093,01,51
2022,45981094,01,51
2022,46230148,01,51
2022,46281118,01,51
2022,46308541,01,51
2022,46308849,01,51
2022,46308850,01,51
2022,46391597,01,51
2022,46391598,01,51
2022,46520492,01,51
2022,46696150,12,3
2022,46696151,01,51
2022,46696152,01,51
2022,46869077,01,51
2022,46869076,01,51
2022,46923987,01,51
2022,46696658,01,51
2022,47454575,01,51
2022,47454574,01,51
2022,47507575,01,51
2022,47507576,01,51
2022,47507577,01,51
2022,47507578,01,51
2022,47507579,01,51
2022,47633346,01,51
2022,47633347,01,51
2022,46517109,01,51
2022,46517110,01,51
2022,46619073,01,51
2022,45305494,01,51
2022,45305497,01,51
2022,45305496,01,51
2022,45305499,01,51
2022,45305498,01,51
2022,45701263,01,51
2022,45701262,01,51
2022,45701264,01,51
2022,45701265,01,51
2022,45701266,01,51
2022,45701261,01,51
2022,45737991,01,51
2022,45737992,01,51
2022,45967087,01,51
2022,45967088,01,51
2022,45701814,01,51
2022,45701815,01,51
2022,45701816,01,51
2022,45967089,01,51
2022,45967090,01,51
2022,45701817,01,51
2022,45737980,01,51
2022,45737981,01,51
2022,45737983,01,51
2022,45737984,01,51
2022,45737982,01,51
2022,45737985,01,51
2022,45737986,01,51
2022,45737987,01,51
2022,45737990,01,51
2022,45737988,01,51
2022,45737989,01,51
2022,47583957,01,51
2022,47583958,16,52
2022,47583961,01,51
2022,47583959,01,51
2022,47583960,01,51
2022,47633006,01,51
2022,47840561,01,51
2022,47840563,01,51
2022,47840562,01,51
2022,47840565,01,51
2022,47633007,01,51
2022,47633008,01,51
2022,47633339,01,51
2022,47633340,01,51
2022,47633341,01,51
2022,47633342,01,51
2022,47633343,01,51
2022,44890835,01,51
2022,44698853,01,51
2022,44698854,01,51
2022,44698852,01,51
2022,44698855,01,51
2022,44698856,01,51
2022,44698858,01,51
2022,44698857,01,51
2022,45120984,01,51
2022,45120982,01,51
2022,45120985,01,51
2022,45120986,01,51
2022,45120976,01,51
2022,45120983,01,51
2022,45120978,01,51
2022,45120981,01,51
2022,45120977,01,51
2022,45120980,01,51
2022,45120979,01,51
2022,45126892,01,51
2022,45126887,01,51
2022,45126891,01,51
2022,45126888,01,51
2022,45126889,01,51
2022,45126890,01,51
2022,45343875,01,51
2022,45343874,01,51
2022,45343869,01,51
2022,45343871,01,51
2022,45343868,01,51
2022,45343872,01,51
2022,45343867,01,51
2022,45343870,01,51
2022,45343873,01,51
2022,45343877,01,51
2022,45343878,01,51
2022,45343876,01,51
2022,45343879,01,51
2022,45664371,01,51
2022,45664374,01,51
2022,45664376,01,51
2022,45664377,01,51
2022,45664378,01,51
2022,45664380,01,51
2022,45664385,01,51
2022,45664386,01,51
2022,45664372,01,51
2022,45664373,01,51
2022,45664375,01,51
2022,45664381,01,51
2022,45664384,01,51
2022,45664388,01,51
2022,45664382,01,51
2022,45664383,01,51
2022,45664387,01,51
2022,45664379,01,51
2022,45776634,01,51
2022,45776637,01,51
2022,45776640,01,51
2022,45776643,01,51
2022,45776636,01,51
2022,45776639,01,51
2022,45776641,01,51
2022,45776635,01,51
2022,45776638,01,51
2022,45776642,01,51
2022,46124663,01,51
2022,46124665,01,51
2022,46124668,01,51
2022,46124670,01,51
2022,46124660,01,51
2022,46124664,01,51
2022,46124666,01,51
2022,46124671,01,51
2022,46124659,01,51
2022,46124662,01,51
2022,46124667,01,51
2022,46124669,01,51
2022,46355794,01,51
2022,46355795,01,51
2022,46355800,01,51
2022,46355796,01,51
2022,46355797,01,51
2022,46355798,01,51
2022,46355801,01,51
2022,46355802,01,51
2022,46624673,01,51
2022,46624674,01,51
2022,46624675,01,51
2022,46624676,01,51
2022,46624677,01,51
2022,46624678,01,51
2022,46624679,01,51
2022,46624680,01,51
2022,46624681,01,51
2022,46894071,01,51
2022,46894074,01,51
2022,46894078,01,51
2022,46894067,01,51
2022,46894066,01,51
2022,46894068,01,51
2022,46894069,01,51
2022,46894070,01,51
2022,45034505,01,51
2022,46284489,01,51
2022,46284488,01,51
2022,46284486,01,51
2022,46284487,01,51
2022,46627961,01,51
2022,46284494,01,51
2022,46284496,01,51
2022,46284497,01,51
2022,46284491,01,51
2022,46284492,01,51
2022,46627963,01,51
2022,46627962,01,51
2022,47108886,01,51
2022,48800793,01,51
2022,45866801,01,51
2022,46018721,01,51
2022,46018720,14,7
2022,46018722,01,51
2022,46230151,01,51
2022,47874033,01,51
2022,46233062,01,51
2022,46233065,01,51
2022,46233063,01,51
2022,46233061,01,51
2022,46233064,01,51
2022,46233069,01,51
2022,46233066,01,51
2022,46233067,01,51
2022,46233070,01,51
2022,46233068,01,51
2022,46233072,01,51
2022,46233074,01,51
2022,46233076,01,51
2022,46233077,01,51
2022,46233080,01,51
2022,46233078,01,51
2022,46233071,01,51
2022,46233073,01,51
2022,46233075,01,51
2022,46233079,01,51
2022,46233096,01,51
2022,46233083,01,51
2022,46233087,01,51
2022,46233082,01,51
2022,46233084,01,51
2022,46233086,01,51
2022,46233081,01,51
2022,46233085,01,51
2022,46233088,01,51
2022,46233090,01,51
2022,46233092,01,51
2022,46233091,01,51
2022,46233089,01,51
2022,47454510,01,51
2022,47454511,01,51
2022,46233094,01,51
2022,46233098,01,51
2022,46233102,01,51
2022,46233093,01,51
2022,46233097,01,51
2022,46233101,01,51
2022,46233095,01,51
2022,46233099,01,51
2022,46233100,01,51
2022,47454512,01,51
2022,47454513,01,51
2022,46472648,01,51
2022,46472649,01,51
2022,46472650,01,51
2022,46472651,01,51
2022,46472652,01,51
2022,46472653,01,51
2022,46472654,01,51
2022,46472655,01,51
2022,46734450,01,51
2022,46734448,01,51
2022,47454515,01,51
2022,47454514,01,51
2022,46811608,01,51
2022,46894072,01,51
2022,46811609,01,51
2022,46894073,01,51
2022,46811610,01,51
2022,46894075,01,51
2022,46811611,01,51
2022,46811612,01,51
2022,46820542,01,51
2022,46866493,01,51
2022,46866492,01,51
2022,46863775,01,51
2022,46863774,01,51
2022,46863776,01,51
2022,46863773,01,51
2022,46999249,01,51
2022,47132716,01,51
2022,47132718,01,51
2022,47132720,01,51
2022,47132717,01,51
2022,47132719,01,51
2022,47132721,01,51
2022,47454517,01,51
2022,47454516,01,51
2022,45040788,01,51
2022,46894076,01,51
2022,46894081,01,51
2022,46894077,01,51
2022,46894079,01,51
2022,46894082,01,51
2022,46894080,01,51
2022,46894084,01,51
2022,46894083,01,51
2022,47455072,01,51
2022,47455073,01,51
2022,47455075,01,51
2022,47455074,01,51
2022,47455077,01,51
2022,47455078,01,51
2022,47455080,01,51
2022,47455081,01,51
2022,47455076,01,51
2022,47455079,01,51
2022,47583739,01,51
2022,47583737,01,51
2022,47583736,01,51
2022,47583738,01,51
2022,47583967,01,51
2022,47583969,01,51
2022,47583973,01,51
2022,47583974,01,51
2022,47583970,01,51
2022,47583968,01,51
2022,47583971,01,51
2022,47583972,01,51
2022,47583975,01,51
2022,47832037,01,51
2022,47832038,01,51
2022,47832039,01,51
2022,47832040,01,51
2022,47832036,01,51
2022,47832035,01,51
2022,45040789,01,51
2022,45040790,01,51
2022,45040791,01,51
2022,45040792,01,51
2022,46348536,01,51
2022,45040793,01,51
2022,45040794,01,51
2022,46396587,01,51
2022,45272300,01,51
2022,46396588,01,51
2022,46396589,01,51
2022,46396590,01,51
2022,45272303,01,51
2022,46861501,01,51
2022,45272305,01,51
2022,45272304,01,51
2022,46921576,01,51
2022,46921578,01,51
2022,45272301,01,51
2022,46921577,01,51
2022,45272306,01,51
2022,46927413,01,51
2022,45304920,01,51
2022,45304926,01,51
2022,47455082,01,51
2022,45304922,01,51
2022,47956111,01,51
2022,47956110,01,51
2022,45304924,01,51
2022,45304921,01,51
2022,45304923,01,51
2022,45304925,01,51
2022,45343883,01,51
2022,47956112,01,51
2022,45343885,01,51
2022,47943749,01,51
2022,45343887,01,51
2022,47943748,01,51
2022,47943750,01,51
2022,45343890,01,51
2022,45343884,01,51
2022,47943751,01,51
2022,47943754,01,51
2022,45343889,01,51
2022,47943752,01,51
2022,45343886,01,51
2022,47943753,01,51
2022,45343888,01,51
2022,45343891,01,51
2022,45120993,01,51
2022,45120997,01,51
2022,48338737,01,51
2022,45121000,01,51
2022,48338739,01,51
2022,48338738,01,51
2022,45121001,01,51
2022,45120992,01,51
2022,45120996,01,51
2022,45120995,01,51
2022,45120994,01,51
2022,45120998,01,51
2022,45120999,01,51
2022,45121002,01,51
2022,45499670,01,51
2022,45499662,01,51
2022,45499666,01,51
2022,45499663,01,51
2022,45499665,01,51
2022,45499667,01,51
2022,45499673,01,51
2022,45499664,01,51
2022,45499671,01,51
2022,45499668,01,51
2022,45499669,01,51
2022,45499672,01,51
2022,45492869,01,51
2022,45492884,01,51
2022,45492885,01,51
2022,45492887,01,51
2022,45492873,01,51
2022,45492876,01,51
2022,45492880,01,51
2022,45492882,01,51
2022,45492888,01,51
2022,45492889,01,51
2022,45492868,01,51
2022,45492870,01,51
2022,45492877,01,51
2022,45492879,01,51
2022,45492871,01,51
2022,45492872,01,51
2022,45492874,01,51
2022,45492875,01,51
2022,45492878,01,51
2022,45492881,01,51
2022,45492883,01,51
2022,45535205,01,51
2022,45535206,01,51
2022,45540880,01,51
2022,45639752,01,51
2022,45763206,01,51
2022,45763207,01,51
2022,45763205,01,51
2022,45731084,01,51
2022,45731083,01,51
2022,45731082,01,51
2022,45731085,01,51
2022,45731086,01,51
2022,45731076,01,51
2022,45731079,01,51
2022,45731075,01,51
2022,45731078,01,51
2022,45731080,01,51
2022,45731077,01,51
2022,45731081,01,51
2022,46175300,01,51
2022,45784674,01,51
2022,45784677,01,51
2022,45784672,01,51
2022,45784670,01,51
2022,45784673,01,51
2022,45784669,01,51
2022,45784671,01,51
2022,45784675,01,51
2022,45921666,01,51
2022,45921668,01,51
2022,45921669,01,51
2022,45921670,01,51
2022,45921665,01,51
2022,45921667,01,51
2022,46040161,01,51
2022,46040162,01,51
2022,46040145,01,51
2022,46040144,01,51
2022,46040159,01,51
2022,48145804,01,51
2022,46040164,01,51
2022,46040152,01,51
2022,48153589,01,51
2022,46040153,01,51
2022,48153590,01,51
2022,46040156,01,51
2022,48153591,01,51
2022,46040146,01,51
2022,48153592,01,51
2022,48153593,01,51
2022,46040148,01,51
2022,48153594,01,51
2022,46040150,01,51
2022,46040151,01,51
2022,48260933,01,51
2022,46040155,01,51
2022,46040157,01,51
2022,46040160,01,51
2022,46040165,01,51
2022,46040163,01,51
2022,48338740,01,51
2022,48338741,01,51
2022,46040147,01,51
2022,48338742,01,51
2022,46040149,01,51
2022,46040166,01,51
2022,46040167,01,51
2022,46175301,01,51
2022,46175302,01,51
2022,46175303,01,51
2022,46175309,01,51
2022,46175311,01,51
2022,46175314,01,51
2022,46175308,01,51
2022,46175310,01,51
2022,46175313,01,51
2022,46175304,01,51
2022,46175306,01,51
2022,46175305,01,51
2022,46175316,01,51
2022,46175318,01,51
2022,46175317,01,51
2022,46175319,01,51
2022,46175320,01,51
2022,46175315,01,51
2022,46175321,01,51
2022,46259759,01,51
2022,46259762,01,51
2022,46259760,01,51
2022,46259763,01,51
2022,46259764,01,51
2022,46331886,01,51
2022,46331887,01,51
2022,46331888,01,51
2022,46331889,01,51
2022,46331890,01,51
2022,46331891,01,51
2022,46331892,01,51
2022,46331893,01,51
2022,46331894,01,51
2022,46331895,01,51
2022,46331896,01,51
2022,46331897,01,51
2022,46331898,01,51
2022,46331899,01,51
2022,46395519,01,51
2022,46395520,01,51
2022,46589772,01,51
2022,46395523,01,51
2022,46395521,01,51
2022,46395522,01,51
2022,46520145,01,51
2022,46520146,01,51
2022,46520147,01,51
2022,46520148,01,51
2022,46520149,01,51
2022,46550142,01,51
2022,46550143,01,51
2022,46550144,01,51
2022,46550145,01,51
2022,46550146,01,51
2022,46550147,01,51
2022,46589773,01,51
2022,46762957,01,51
2022,46762958,01,51
2022,46762960,01,51
2022,46762959,01,51
2022,46835364,01,51
2022,46835365,01,51
2022,46835366,01,51
2022,46835367,01,51
2022,46858715,01,51
2022,46858714,01,51
2022,46865783,01,51
2022,46865784,01,51
2022,46630893,01,51
2022,46630892,01,51
2022,46630894,01,51
2022,46698144,01,51
2022,46698142,01,51
2022,46698145,01,51
2022,46698141,01,51
2022,46865785,01,51
2022,46865787,01,51
2022,46865789,01,51
2022,46865786,01,51
2022,46865788,01,51
2022,46920530,01,51
2022,46920531,01,51
2022,46920532,01,51
2022,46920533,01,51
2022,47021127,01,51
2022,47021128,01,51
2022,47021129,01,51
2022,47089445,01,51
2022,47089443,01,51
2022,47089444,01,51
2022,47160143,01,51
2022,47160144,01,51
2022,47456731,01,51
2022,47456733,01,51
2022,47456735,01,51
2022,47456742,01,51
2022,47456743,01,51
2022,47456736,01,51
2022,47456737,01,51
2022,47456741,01,51
2022,47456746,01,51
2022,47456749,01,51
2022,47456752,01,51
2022,47456753,01,51
2022,47456744,01,51
2022,47456745,01,51
2022,47456748,01,51
2022,47456750,01,51
2022,47456751,01,51
2022,47456754,01,51
2022,47456755,01,51
2022,47456747,01,51
2022,47456756,01,51
2022,47456732,01,51
2022,47456734,01,51
2022,47456738,01,51
2022,47456739,01,51
2022,47456740,01,51
2022,47456759,01,51
2022,47456762,01,51
2022,47456763,01,51
2022,47456767,01,51
2022,47456758,01,51
2022,47456760,01,51
2022,47456764,01,51
2022,47456757,01,51
2022,47456761,01,51
2022,47456765,01,51
2022,47456766,01,51
2022,44646708,01,51
2022,44646709,01,51
2022,46160181,01,51
2022,46160182,01,51
2022,46836016,01,51
2022,45268279,01,51
2022,48339914,01,51
2022,48339913,01,51
2022,48339915,01,51
2022,48377969,01,51
2022,48377971,01,51
2022,48377970,01,51
2022,48377972,01,51
2022,48384017,01,51
2022,48384018,01,51
2022,48403360,01,51
2022,48403361,01,51
2022,48403362,01,51
2022,48398021,01,51
2022,48398022,01,51
2022,48398023,01,51
2022,48398024,01,51
2022,48398025,01,51
2022,48398026,01,51
2022,48398027,01,51
2022,48398028,01,51
2022,44768367,01,51
2022,44769261,01,51
2022,44854365,01,51
2022,44854366,01,51
2022,44854367,01,51
2022,44854368,01,51
2022,44854370,01,51
2022,44854369,01,51
2022,48403363,01,51
2022,44854371,01,51
2022,45028127,01,51
2022,45028128,01,51
2022,45028130,01,51
2022,45028132,01,51
2022,45028129,01,51
2022,45028131,01,51
2022,45209095,01,51
2022,45209101,01,51
2022,48403997,01,51
2022,48403998,01,51
2022,48403999,01,51
2022,45209094,01,51
2022,45209099,01,51
2022,45209093,01,51
2022,48438522,01,51
2022,48484759,01,51
2022,45209096,01,51
2022,45209100,01,51
2022,45209097,01,51
2022,45209098,01,51
2022,45209102,01,51
2022,48886032,01,51
2022,48886036,01,51
2022,45279241,01,51
2022,45279242,01,51
2022,45293340,01,51
2022,45293341,01,51
2022,45293339,01,51
2022,45293342,01,51
2022,45306089,01,51
2022,45306088,01,51
2022,45306087,01,51
2022,45306093,01,51
2022,45306090,01,51
2022,45306091,01,51
2022,45306092,01,51
2022,45305528,01,51
2022,45305531,01,51
2022,48886031,01,51
2022,48886033,01,51
2022,48886034,01,51
2022,45305525,01,51
2022,48886035,01,51
2022,48944337,01,51
2022,45305526,01,51
2022,45305530,01,51
2022,45491228,01,51
2022,45491227,01,51
2022,45491230,01,51
2022,45491232,01,51
2022,45491229,01,51
2022,45491231,01,51
2022,45491233,01,51
2022,45491234,01,51
2022,45491235,01,51
2022,45028133,01,51
2022,45510032,01,51
2022,45510033,01,51
2022,45491238,01,51
2022,45491242,01,51
2022,45491236,01,51
2022,45491239,01,51
2022,45491243,01,51
2022,45491237,01,51
2022,45491240,01,51
2022,45491241,01,51
2022,45703304,01,51
2022,45741272,01,51
2022,45932637,01,51
2022,45932822,01,51
2022,45932823,01,51
2022,45932824,01,51
2022,45983870,01,51
2022,45983871,01,51
2022,45983868,01,51
2022,45983869,01,51
2022,45983887,01,51
2022,45983888,01,51
2022,45983889,01,51
2022,45983890,01,51
2022,46233105,01,51
2022,46233103,01,51
2022,46233104,01,51
2022,46233107,01,51
2022,46233106,01,51
2022,46232456,01,51
2022,46233110,01,51
2022,46233111,01,51
2022,46233108,01,51
2022,46233113,01,51
2022,46233114,01,51
2022,46233109,01,51
2022,46233115,01,51
2022,46233112,01,51
2022,46292626,01,51
2022,46631814,01,51
2022,46698148,01,51
2022,46698146,01,51
2022,48992129,01,51
2022,46698147,01,51
2022,48145817,01,51
2022,48145820,01,51
2022,48145821,01,51
2022,48145823,01,51
2022,48145822,01,51
2022,48145816,01,51
2022,48145818,01,51
2022,48145819,01,51
2022,46245471,01,51
2022,46245983,01,51
2022,46245985,01,51
2022,46245979,01,51
2022,46245982,01,51
2022,46245980,01,51
2022,46245984,01,51
2022,46245981,01,51
2022,46259126,01,51
2022,46259125,01,51
2022,46698150,01,51
2022,46698149,01,51
2022,46723347,01,51
2022,46840825,01,51
2022,46840832,01,51
2022,46840823,01,51
2022,46840824,01,51
2022,46840826,01,51
2022,46840828,01,51
2022,46840830,01,51
2022,46840827,01,51
2022,46840829,01,51
2022,46840831,01,51
2022,46842581,01,51
2022,46842585,01,51
2022,46842582,01,51
2022,46842584,01,51
2022,46842583,01,51
2022,46842586,01,51
2022,46842587,01,51
2022,46842691,01,51
2022,48992128,01,51
2022,44721820,01,51
2022,45710627,01,51
2022,45710626,01,51
2022,45947270,01,51
2022,45947269,01,51
2022,46230149,01,51
2022,46230150,01,51
2022,46488375,01,51
2022,46488376,01,51
2022,46812945,01,51
2022,47100218,01,51
2022,47100217,16,52
2022,47805855,01,51
2022,47805854,01,51
2022,47455146,01,51
2022,47805856,01,51
2022,44688072,01,51
2022,44725007,01,51
2022,46843010,01,51
2022,46843014,01,51
2022,46843011,01,51
2022,46843012,01,51
2022,46843013,01,51
2022,46843015,01,51
2022,46874939,01,51
2022,46843016,01,51
2022,46875062,01,51
2022,46875063,01,51
2022,46875065,01,51
2022,46875064,01,51
2022,46875066,01,51
2022,46875396,01,51
2022,46999252,01,51
2022,46999256,01,51
2022,46999257,01,51
2022,46999253,01,51
2022,46999255,01,51
2022,46999258,01,51
2022,46999254,01,51
2022,46999250,01,51
2022,46999251,01,51
2022,47078091,01,51
2022,47078092,01,51
2022,47085299,01,51
2022,47085300,01,51
2022,47085302,01,51
2022,47085301,01,51
2022,47085303,01,51
2022,48148422,01,51
2022,48148423,01,51
2022,46812946,01,51
2022,44725006,01,51
2022,44801506,01,51
2022,44841185,01,51
2022,45040783,01,51
2022,45040784,01,51
2022,45040785,01,51
2022,45040786,01,51
2022,45040787,01,51
2022,45346383,01,51
2022,45346384,01,51
2022,45346385,01,51
2022,45499130,01,51
2022,45499129,01,51
2022,45499128,01,51
2022,45499127,01,51
2022,45499123,01,51
2022,45499132,01,51
2022,45499124,01,51
2022,45499125,01,51
2022,45499126,01,51
2022,45499131,01,51
2022,45526261,01,51
2022,45526258,01,51
2022,45526260,01,51
2022,45736971,01,51
2022,45736972,01,51
2022,45736970,01,51
2022,45741270,01,51
2022,45741271,01,51
2022,46040107,01,51
2022,46040106,01,51
2022,47018696,01,51
2022,47021125,01,51
2022,47021124,01,51
2022,47021126,01,51
2022,46587859,01,51
2022,46587860,01,51
2022,46587861,01,51
2022,46587862,01,51
2022,46587863,01,51
2022,47455331,01,51
2022,47455334,01,51
2022,47455335,01,51
2022,47455329,01,51
2022,47455333,01,51
2022,47455330,01,51
2022,47455332,01,51
2022,46842687,01,51
2022,46842688,01,51
2022,46842689,01,51
2022,46842690,01,51
2022,47157332,01,51
2022,46929670,01,51
2022,46929671,01,51
2022,46930236,01,51
2022,47029835,01,51
2022,47029834,01,51
2022,47029836,01,51
2022,47216564,01,51
2022,47455338,01,51
2022,47455339,01,51
2022,47455340,01,51
2022,47455341,01,51
2022,47455337,01,51
2022,47455336,01,51
2022,47455342,01,51
2022,47455343,01,51
2022,47583976,01,51
2022,47583977,01,51
2022,47583978,01,51
2022,44830015,01,51
2022,44830016,01,51
2022,44830017,01,51
2022,45279237,01,51
2022,45279239,01,51
2022,45279238,01,51
2022,45591598,01,51
2022,47078094,01,51
2022,47078096,01,51
2022,47078093,01,51
2022,47078095,01,51
2022,47078097,01,51
2022,47078098,01,51
2022,47078099,01,51
2022,47085304,01,51
2022,47085308,01,51
2022,47085310,01,51
2022,47085305,01,51
2022,47085307,01,51
2022,47085312,01,51
2022,47085306,01,51
2022,47085309,01,51
2022,47085311,01,51
2022,47087949,01,51
2022,47087948,01,51
2022,47087950,01,51
2022,47108887,01,51
2022,47108888,01,51
2022,47113880,01,51
2022,47078101,01,51
2022,47078100,01,51
2022,47078102,01,51
2022,47087951,01,51
2022,47192331,01,51
2022,47192333,01,51
2022,47192332,01,51
2022,47455648,01,51
2022,47455649,01,51
2022,47455651,01,51
2022,47455654,01,51
2022,47455650,01,51
2022,47455652,01,51
2022,47455653,01,51
2022,47455659,01,51
2022,47455664,01,51
2022,47455655,01,51
2022,47455657,01,51
2022,47455658,01,51
2022,47455656,01,51
2022,47455660,01,51
2022,47455661,01,51
2022,47455662,01,51
2022,47455663,01,51
2022,47455665,01,51
2022,47489819,01,51
2022,47489823,01,51
2022,47489826,01,51
2022,47489828,01,51
2022,47489831,01,51
2022,47489837,01,51
2022,47504468,01,51
2022,47504469,01,51
2022,47586466,01,51
2022,47725274,01,51
2022,47725271,01,51
2022,47725280,01,51
2022,47725275,01,51
2022,47725276,01,51
2022,47725278,01,51
2022,47725283,01,51
2022,47725277,01,51
2022,47725272,01,51
2022,47725270,01,51
2022,47725273,01,51
2022,47725279,01,51
2022,47725281,01,51
2022,47725282,01,51
2022,47839680,01,51
2022,47839683,01,51
2022,47839681,01,51
2022,47839682,01,51
2022,47586467,01,51
2022,47586468,01,51
2022,47586470,01,51
2022,47586471,01,51
2022,47586469,01,51
2022,45096969,01,51
2022,45096970,01,51
2022,45096973,01,51
2022,45096976,01,51
2022,45096978,01,51
2022,45096980,01,51
2022,45096971,01,51
2022,45096974,01,51
2022,45096975,01,51
2022,45096981,01,51
2022,45096972,01,51
2022,45096977,01,51
2022,45096979,01,51
2022,45130135,01,51
2022,45130137,01,51
2022,45130140,01,51
2022,45130132,01,51
2022,45130139,01,51
2022,45130131,01,51
2022,45130133,01,51
2022,45130134,01,51
2022,45130136,01,51
2022,45130138,01,51
2022,45491255,01,51
2022,45491256,01,51
2022,45491265,01,51
2022,45491254,01,51
2022,45491257,01,51
2022,45491258,01,51
2022,45491261,01,51
2022,45491262,01,51
2022,45491263,01,51
2022,45491264,01,51
2022,45491266,01,51
2022,45491259,01,51
2022,45491260,01,51
2022,45491267,01,51
2022,45977791,01,51
2022,45977790,01,51
2022,45561179,01,51
2022,45561180,01,51
2022,45561182,01,51
2022,45561177,01,51
2022,45561178,01,51
2022,45561181,01,51
2022,45561183,01,51
2022,45561186,01,51
2022,45561184,01,51
2022,45561185,01,51
2022,45977789,01,51
2022,45591596,01,51
2022,45591599,01,51
2022,45591597,01,51
2022,45763201,01,51
2022,45763202,01,51
2022,45763200,01,51
2022,45763203,01,51
2022,46018713,01,51
2022,46018714,01,51
2022,46018717,01,51
2022,46018715,01,51
2022,46018716,01,51
2022,46245469,01,51
2022,46245470,01,51
2022,46269495,01,51
2022,46269494,01,51
2022,46269496,01,51
2022,46292618,01,51
2022,46292624,01,51
2022,46292620,01,51
2022,46292623,01,51
2022,46292616,01,51
2022,46292617,01,51
2022,46292619,01,51
2022,46292621,01,51
2022,46330120,01,51
2022,46330121,01,51
2022,46330122,01,51
2022,46547071,01,51
2022,46547074,01,51
2022,46547073,01,51
2022,46547075,01,51
2022,46547070,01,51
2022,46547072,01,51
2022,46611995,01,51
2022,46840816,01,51
2022,46840819,01,51
2022,46840817,01,51
2022,46840821,01,51
2022,46840818,01,51
2022,46840820,01,51
2022,46840822,01,51
2022,46850226,01,51
2022,45977792,01,51
2022,45977793,01,51
2022,45977800,01,51
2022,45977785,01,51
2022,45977787,01,51
2022,45977794,01,51
2022,45977795,01,51
2022,45977797,01,51
2022,45977799,01,51
2022,45977803,01,51
2022,45977786,01,51
2022,45977788,01,51
2022,45977796,01,51
2022,45977798,01,51
2022,45977801,01,51
2022,45977802,01,51
2022,46566507,01,51
2022,46859313,01,51
2022,47029839,01,51
2022,47029840,01,51
2022,47029841,01,51
2022,47029838,01,51
2022,47029837,01,51
2022,47155623,01,51
2022,47155624,01,51
2022,47157333,01,51
2022,47157334,01,51
2022,47213748,01,51
2022,47455549,01,51
2022,47455548,01,51
2022,47455550,01,51
2022,47713358,01,51
2022,47713353,01,51
2022,47713354,01,51
2022,47713357,01,51
2022,47713359,01,51
2022,47713360,01,51
2022,47713361,01,51
2022,47713362,01,51
2022,47713363,01,51
2022,47713355,01,51
2022,47713356,01,51
2022,48534634,01,51
2022,48534636,01,51
2022,48534637,01,51
2022,46566508,01,51
2022,46566510,01,51
2022,44581575,01,51
2022,44644316,01,51
2022,46026872,01,51
2022,45105846,01,51
2022,45105847,01,51
2022,45105848,01,51
2022,45344919,01,51
2022,45491244,01,51
2022,45491245,01,51
2022,46024986,01,51
2022,46024990,01,51
2022,46024988,01,51
2022,46024987,01,51
2022,46026873,01,51
2022,46024993,01,51
2022,46024995,01,51
2022,46024992,01,51
2022,46024996,01,51
2022,46517111,01,51
2022,46517112,01,51
2022,46921170,01,51
2022,46517113,01,51
2022,46517114,01,51
2022,46627958,01,51
2022,46627957,01,51
2022,46858713,01,51
2022,46858712,01,51
2022,46627959,01,51
2022,47216566,01,51
2022,46692435,01,51
2022,47216570,01,51
2022,47216567,01,51
2022,47216572,01,51
2022,47216569,01,51
2022,47216571,01,51
2022,47216568,01,51
2022,47222392,01,51
2022,47455666,01,51
2022,47455667,01,51
2022,47805868,01,51
2022,47805870,01,51
2022,47805869,01,51
2022,47160169,01,51
2022,46566509,01,51
2022,46566512,16,52
2022,46566515,01,51
2022,46566517,01,51
2022,46566518,01,51
2022,46566523,01,51
2022,46566511,01,51
2022,46566513,01,51
2022,46566514,01,51
2022,46566516,01,51
2022,46566519,01,51
2022,46566524,01,51
2022,46566527,01,51
2022,46566528,01,51
2022,46566530,01,51
2022,46566532,01,51
2022,46566520,01,51
2022,46566522,01,51
2022,46566525,01,51
2022,46566529,01,51
2022,46566534,01,51
2022,46566535,01,51
2022,46566537,01,51
2022,46566521,01,51
2022,46566526,01,51
2022,46566531,01,51
2022,46566533,01,51
2022,46566536,01,51
2022,47108890,01,51
2022,47108901,01,51
2022,47108902,01,51
2022,47108892,01,51
2022,47108891,01,51
2022,47108893,01,51
2022,47108894,01,51
2022,47108895,01,51
2022,47108896,01,51
2022,47108897,01,51
2022,47108898,01,51
2022,47108899,01,51
2022,47108900,01,51
2022,47160157,01,51
2022,47160158,01,51
2022,47160167,01,51
2022,47160153,01,51
2022,47160163,01,51
2022,47160166,01,51
2022,47160156,01,51
2022,47160168,01,51
2022,47160148,01,51
2022,47160150,01,51
2022,47160155,01,51
2022,47160154,01,51
2022,47160161,01,51
2022,47160164,01,51
2022,47160149,01,51
2022,47160151,01,51
2022,47160159,01,51
2022,44488179,01,51
2022,48136712,01,51
2022,48136713,01,51
2022,44824683,01,51
2022,45491253,01,51
2022,45639713,01,51
2022,46398446,01,51
2022,47087946,01,51
2022,47087947,01,51
2022,47455793,01,51
2022,47455792,01,51
2022,47578459,01,51
2022,48136715,01,51
2022,45035258,01,51
2022,45330986,01,51
2022,44824686,01,51
2022,44824687,01,51
2022,45086950,01,51
2022,45086952,01,51
2022,45086955,01,51
2022,45086954,01,51
2022,45086951,01,51
2022,45491268,01,51
2022,45491272,01,51
2022,45491276,01,51
2022,45491269,01,51
2022,45491271,01,51
2022,45491273,01,51
2022,45491277,01,51
2022,45491270,01,51
2022,45491274,01,51
2022,45491275,01,51
2022,45086958,01,51
2022,45086957,01,51
2022,45526333,01,51
2022,45526331,01,51
2022,45526332,01,51
2022,45526334,01,51
2022,45526330,01,51
2022,45526335,01,51
2022,45330987,01,51
2022,45516776,01,51
2022,45516777,01,51
2022,45516775,01,51
2022,45764739,01,51
2022,45764740,01,51
2022,46032788,01,51
2022,46032789,01,51
2022,46347563,01,51
2022,46601526,01,51
2022,46601527,01,51
2022,46851191,01,51
2022,46851192,01,51
2022,47189860,01,51
2022,47189861,01,51
2022,47189859,01,51
2022,47455859,01,51
2022,47649578,01,51
2022,47649579,01,51
2022,47649580,01,51
2022,47649581,01,51
2022,47649582,01,51
2022,47649583,01,51
2022,47649584,01,51
2022,45533113,01,51
2022,46040124,01,51
2022,46331882,01,51
2022,46331883,01,51
2022,47455930,01,51
2022,47455927,01,51
2022,47455928,01,51
2022,47455929,01,51
2022,47455932,01,51
2022,47455931,01,51
2022,47713364,01,51
2022,47713366,01,51
2022,47713365,01,51
2022,45491278,01,51
2022,45491279,01,51
2022,45491280,01,51
2022,45526336,01,51
2022,45764741,01,51
2022,45764742,01,51
2022,45764744,01,51
2022,45764745,01,51
2022,45764746,01,51
2022,45764743,01,51
2022,46173094,01,51
2022,46173093,01,51
2022,46331901,01,51
2022,46331902,01,51
2022,46331903,01,51
2022,46331904,01,51
2022,46641604,01,51
2022,46641605,01,51
2022,46641606,01,51
2022,46641607,01,51
2022,46641609,01,51
2022,46641608,01,51
2022,46846110,01,51
2022,46846107,01,51
2022,46846109,01,51
2022,46846111,01,51
2022,46641610,01,51
2022,47132723,01,51
2022,47132725,01,51
2022,47132724,01,51
2022,47455794,01,51
2022,47455797,01,51
2022,47455795,01,51
2022,47455796,01,51
2022,47455798,01,51
2022,47455799,01,51
2022,47455800,01,51
2022,47455801,01,51
2022,45932046,01,51
2022,45209104,16,52
2022,45209105,01,51
2022,45209106,01,51
2022,45209103,01,51
2022,45491477,01,51
2022,45491476,01,51
2022,47143950,01,51
2022,47922871,01,51
2022,45209107,01,51
2022,45209108,01,51
2022,45306440,01,51
2022,45306441,01,51
2022,45306442,01,51
2022,45164958,01,51
2022,45676604,01,51
2022,45295982,01,51
2022,45295984,01,51
2022,45295983,01,51
2022,45295985,01,51
2022,45309183,01,51
2022,45309184,01,51
2022,45048345,01,51
2022,45086966,01,51
2022,45086965,01,51
2022,45330988,01,51
2022,45330990,01,51
2022,45330989,01,51
2022,45330991,01,51
2022,45812324,01,51
2022,45510034,01,51
2022,45510035,01,51
2022,45491283,01,51
2022,45491281,01,51
2022,45491282,01,51
2022,45664704,01,51
2022,45664706,01,51
2022,45670868,01,51
2022,45670869,01,51
2022,45670867,01,51
2022,45664707,01,51
2022,45664708,01,51
2022,45664710,01,51
2022,45664711,01,51
2022,45664705,01,51
2022,45664709,01,51
2022,45664712,01,51
2022,45765191,01,51
2022,45765190,01,51
2022,45765189,01,51
2022,45765188,01,51
2022,45711865,01,51
2022,45711868,01,51
2022,45711866,01,51
2022,45711867,01,51
2022,45772048,01,51
2022,45772047,01,51
2022,45772046,01,51
2022,45844908,01,51
2022,45932049,01,51
2022,45932047,01,51
2022,45932048,01,51
2022,45844902,01,51
2022,45844904,01,51
2022,45844910,01,51
2022,45844906,01,51
2022,45844913,01,51
2022,45844900,01,51
2022,45844912,01,51
2022,46033156,01,51
2022,46033161,01,51
2022,46033158,01,51
2022,46033159,01,51
2022,46033157,01,51
2022,46033160,01,51
2022,46033162,01,51
2022,46124675,01,51
2022,46124676,01,51
2022,46124679,01,51
2022,46124678,01,51
2022,46124677,01,51
2022,46204154,01,51
2022,46204153,01,51
2022,46230152,01,51
2022,46230153,01,51
2022,46269497,01,51
2022,46269498,01,51
2022,46269499,01,51
2022,46277247,01,51
2022,46277248,01,51
2022,46330123,01,51
2022,46330124,01,51
2022,46330125,01,51
2022,46373657,01,51
2022,46373658,01,51
2022,46537347,01,51
2022,45812322,01,51
2022,46295410,01,51
2022,47456134,01,51
2022,47456135,01,51
2022,47456136,01,51
2022,47649585,01,51
2022,47667498,01,51
2022,47667496,01,51
2022,47667497,01,51
2022,47649586,01,51
2022,45965758,01,51
2022,46396591,01,51
2022,47456172,01,51
2022,46373660,01,51
2022,46373662,01,51
2022,46373663,01,51
2022,46373659,01,51
2022,46373661,01,51
2022,46373664,01,51
2022,46472656,01,51
2022,46537345,01,51
2022,46537348,01,51
2022,46537349,01,51
2022,46581736,01,51
2022,47455810,01,51
2022,47455816,01,51
2022,46764840,01,51
2022,45306438,01,51
2022,45306439,01,51
2022,45306880,01,51
2022,44751436,01,51
2022,44801508,01,51
2022,44829084,01,51
2022,44854359,01,51
2022,44854360,01,51
2022,44854361,01,51
2022,44854362,01,51
2022,44907813,01,51
2022,44907811,01,51
2022,44907812,01,51
2022,44922799,01,51
2022,44922797,01,51
2022,44922798,01,51
2022,44970693,01,51
2022,45304918,01,51
2022,45763204,01,51
2022,44801507,01,51
2022,46764842,01,51
2022,44829083,01,51
2022,44846517,01,51
2022,45096967,01,51
2022,45096966,01,51
2022,45298964,01,51
2022,45298965,01,51
2022,45298966,01,51
2022,45321453,01,51
2022,45321455,01,51
2022,45321454,01,51
2022,45321452,01,51
2022,45491585,01,51
2022,45590497,01,51
2022,45716673,01,51
2022,45102130,01,51
2022,45102131,01,51
2022,45105849,01,51
2022,45105850,01,51
2022,46840834,01,51
2022,46840835,01,51
2022,46840833,01,51
2022,46840837,01,51
2022,46922814,01,51
2022,46636809,01,51
2022,46636810,01,51
2022,46636811,01,51
2022,46636812,01,51
2022,46640739,01,51
2022,46640740,01,51
2022,46640741,01,51
2022,46640742,01,51
2022,46640743,01,51
2022,46640744,01,51
2022,46640745,01,51
2022,46640746,01,51
2022,46734468,01,51
2022,46734470,01,51
2022,46734471,01,51
2022,46734467,01,51
2022,46734472,01,51
2022,47455802,01,51
2022,46846117,01,51
2022,46846118,01,51
2022,46922817,01,51
2022,46922815,01,51
2022,46922816,01,51
2022,46947792,01,51
2022,46947791,01,51
2022,46947794,01,51
2022,46947795,01,51
2022,47108905,01,51
2022,47108906,01,51
2022,47108903,01,51
2022,47108904,01,51
2022,47029480,01,51
2022,47029481,01,51
2022,47029479,01,51
2022,47116988,01,51
2022,47116990,01,51
2022,47116989,01,51
2022,47116992,01,51
2022,47189863,01,51
2022,47189864,01,51
2022,47455811,01,51
2022,45105851,01,51
2022,45140367,01,51
2022,45347909,01,51
2022,45343880,01,51
2022,45491586,01,51
2022,45491587,01,51
2022,45771429,01,51
2022,45716422,01,51
2022,45716421,01,51
2022,45780310,01,51
2022,45747138,01,51
2022,45535159,01,51
2022,45590496,01,51
2022,45754852,01,51
2022,45701337,01,51
2022,45701336,01,51
2022,45714035,01,51
2022,45771430,01,51
2022,45716420,01,51
2022,45736507,01,51
2022,45746890,01,51
2022,45771428,01,51
2022,45780848,01,51
2022,45965357,01,51
2022,45932819,01,51
2022,45932820,01,51
2022,45932821,01,51
2022,45848171,01,51
2022,45848172,01,51
2022,46018718,01,51
2022,46018719,01,51
2022,46037757,01,51
2022,46040126,01,51
2022,46040125,01,51
2022,46040127,01,51
2022,46291095,01,51
2022,46291096,01,51
2022,46331884,01,51
2022,46360577,01,51
2022,46395516,01,51
2022,46395517,01,51
2022,46373649,01,51
2022,46373648,01,51
2022,46390877,01,51
2022,46395515,01,51
2022,46538530,01,51
2022,46579302,01,51
2022,47455813,01,51
2022,46601529,01,51
2022,46601528,01,51
2022,47189865,01,51
2022,47216575,01,51
2022,47216579,01,51
2022,47216577,01,51
2022,47216576,01,51
2022,47216580,01,51
2022,47216578,01,51
2022,47455803,01,51
2022,47455807,01,51
2022,47455804,01,51
2022,47455806,01,51
2022,47455812,01,51
2022,47455815,01,51
2022,47455817,01,51
2022,47455819,01,51
2022,47455825,01,51
2022,47455805,01,51
2022,47455808,01,51
2022,47455809,01,51
2022,47455814,01,51
2022,47455818,01,51
2022,47455820,01,51
2022,47455823,01,51
2022,47455824,01,51
2022,47455821,01,51
2022,47455822,01,51
2022,47455826,01,51
2022,47455829,01,51
2022,47455830,01,51
2022,47455831,01,51
2022,47455827,01,51
2022,47455828,01,51
2022,47455832,01,51
2022,44962188,01,51
2022,46763348,01,51
2022,46390878,01,51
2022,46390879,01,51
2022,46390880,01,51
2022,46390883,01,51
2022,46390884,01,51
2022,46390885,01,51
2022,46390882,01,51
2022,46390881,01,51
2022,44962187,01,51
2022,45298970,01,51
2022,45298971,01,51
2022,45510036,01,51
2022,45510037,01,51
2022,45491397,01,51
2022,45491400,01,51
2022,45491401,01,51
2022,45491399,01,51
2022,45491398,01,51
2022,45491402,01,51
2022,45702379,01,51
2022,45702380,01,51
2022,45702381,01,51
2022,45784631,01,51
2022,45784632,01,51
2022,45784636,01,51
2022,45784634,01,51
2022,45784635,01,51
2022,45784633,01,51
2022,45784637,01,51
2022,46010639,01,51
2022,46010640,01,51
2022,46010643,01,51
2022,46010638,01,51
2022,46010641,01,51
2022,46010642,01,51
2022,46010644,01,51
2022,46232458,01,51
2022,46232459,01,51
2022,46232457,01,51
2022,46401194,01,51
2022,46401193,01,51
2022,46401196,01,51
2022,46401195,01,51
2022,46401197,01,51
2022,46401199,01,51
2022,46401200,01,51
2022,46401198,01,51
2022,46401201,01,51
2022,46578212,01,51
2022,46578213,01,51
2022,46578214,01,51
2022,46578215,01,51
2022,46765406,01,51
2022,46765408,01,51
2022,46765410,01,51
2022,46765407,01,51
2022,46765411,01,51
2022,46765409,01,51
2022,46765412,01,51
2022,46763349,01,51
2022,46809031,01,51
2022,46809032,01,51
2022,46809033,01,51
2022,46809034,01,51
2022,46809035,01,51
2022,46846102,01,51
2022,46720852,01,51
2022,46861502,01,51
2022,46861503,01,51
2022,46894090,01,51
2022,46894088,01,51
2022,46894085,01,51
2022,46894086,01,51
2022,46894087,01,51
2022,46894089,01,51
2022,46921171,01,51
2022,46947790,01,51
2022,46947789,01,51
2022,47100220,01,51
2022,47100219,01,51
2022,47017278,01,51
2022,47025428,01,51
2022,47025429,01,51
2022,47116987,01,51
2022,47085298,01,51
2022,47089440,01,51
2022,47089441,01,51
2022,47089442,01,51
2022,47157337,01,51
2022,47157336,01,51
2022,47456182,01,51
2022,48170952,01,51
2022,47157335,01,51
2022,47173642,01,51
2022,47173643,01,51
2022,47216573,01,51
2022,47216574,01,51
2022,46765414,01,51
2022,47456185,01,51
2022,46765413,01,51
2022,47456177,01,51
2022,47456178,01,51
2022,47160176,01,51
2022,47456181,01,51
2022,47160177,11,1
2022,47456176,01,51
2022,47456183,01,51
2022,47160174,01,51
2022,47456187,01,51
2022,47160175,01,51
2022,47456189,01,51
2022,47455888,01,51
2022,47456179,01,51
2022,47456180,01,51
2022,47456184,01,51
2022,47456186,01,51
2022,48785715,01,51
2022,47456188,01,51
2022,47456190,01,51
2022,47805885,01,51
2022,47805886,01,51
2022,47779355,01,51
2022,47779356,01,51
2022,47779357,01,51
2022,47456192,01,51
2022,47456193,01,51
2022,47456195,01,51
2022,47456191,01,51
2022,47456196,01,51
2022,47456197,01,51
2022,47456199,01,51
2022,47456194,01,51
2022,47456198,01,51
2022,47832051,01,51
2022,47835095,01,51
2022,47835094,01,51
2022,47835098,01,51
2022,47835096,01,51
2022,47835097,01,51
2022,47583741,01,51
2022,47583740,01,51
2022,47593419,01,51
2022,48785714,01,51
2022,48785716,01,51
2022,48785707,01,51
2022,48785709,01,51
2022,48785711,01,51
2022,48785712,01,51
2022,48785708,01,51
2022,48785710,01,51
2022,48785713,01,51
2022,45541802,01,51
2022,45737888,01,51
2022,45737889,01,51
2022,45737997,01,51
2022,45738001,01,51
2022,45737994,01,51
2022,45737996,01,51
2022,45737998,01,51
2022,45738000,01,51
2022,45737993,01,51
2022,45737995,01,51
2022,45737999,01,51
2022,45738002,01,51
2022,45746891,12,3
2022,45746891,16,52
2022,45784638,01,51
2022,45947273,01,51
2022,45947272,01,51
2022,45965359,01,51
2022,45965358,01,51
2022,45965360,01,51
2022,45947274,01,51
2022,46071335,01,51
2022,46071336,01,51
2022,46015361,01,51
2022,46018723,01,51
2022,46018725,01,51
2022,46018727,01,51
2022,46018728,01,51
2022,46018724,01,51
2022,46018726,01,51
2022,46026877,01,51
2022,46026875,01,51
2022,46026876,01,51
2022,46026878,01,51
2022,46175322,01,51
2022,46080240,01,51
2022,46083829,01,51
2022,46083830,01,51
2022,48702060,01,51
2022,48786329,01,51
2022,48786330,01,51
2022,48786331,01,51
2022,48786332,01,51
2022,48786333,01,51
2022,48786334,01,51
2022,48786335,01,51
2022,48786336,01,51
2022,48786337,01,51
2022,48786338,01,51
2022,48786339,01,51
2022,48702061,01,51
2022,48702062,01,51
2022,48702063,01,51
2022,48702064,01,51
2022,48702065,01,51
2022,48702066,01,51
2022,48702067,01,51
2022,48702068,01,51
2022,48702069,01,51
2022,48702070,01,51
2022,48702071,01,51
2022,48702072,01,51
2022,48702073,01,51
2022,48702074,01,51
2022,48702075,01,51
2022,48702076,01,51
2022,48702077,01,51
2022,48702078,01,51
2022,48702079,01,51
2022,48702080,01,51
2022,48786340,01,51
2022,48702081,01,51
2022,48702082,01,51
2022,48786341,01,51
2022,48786342,01,51
2022,48786343,01,51
2022,48786344,01,51
2022,48786347,01,51
2022,48786345,01,51
2022,48786346,01,51
2022,48539609,01,51
2022,47629045,01,51
2022,47629046,01,51
2022,45266533,01,51
2022,48799834,01,51
2022,48799841,01,51
2022,45266534,01,51
2022,48799835,01,51
2022,48799840,01,51
2022,45266535,01,51
2022,45266536,01,51
2022,48799847,01,51
2022,45298973,01,51
2022,48799844,01,51
2022,45266537,01,51
2022,48799843,01,51
2022,45491461,01,51
2022,45491460,01,51
2022,48799838,01,51
2022,48799839,01,51
2022,45491463,01,51
2022,48799836,01,51
2022,45491464,01,51
2022,48799837,01,51
2022,45491462,01,51
2022,45491465,01,51
2022,48799848,01,51
2022,45754853,01,51
2022,48799850,01,51
2022,45754854,01,51
2022,48799849,01,51
2022,45754855,01,51
2022,48799851,01,51
2022,48799852,01,51
2022,45754856,01,51
2022,48799854,01,51
2022,45932825,01,51
2022,48799855,01,51
2022,48799853,01,51
2022,45932826,01,51
2022,45932827,01,51
2022,48805089,01,51
2022,45932828,01,51
2022,48805090,01,51
2022,46233118,01,51
2022,48805091,01,51
2022,46586474,01,51
2022,48805092,01,51
2022,48805093,01,51
2022,46586475,01,51
2022,46586476,01,51
2022,46586477,01,51
2022,46743227,01,51
2022,46743228,01,51
2022,46743229,01,51
2022,47044778,01,51
2022,46743230,01,51
2022,46743231,01,51
2022,47455987,01,51
2022,47455988,01,51
2022,47455990,01,51
2022,47455983,01,51
2022,47455984,01,51
2022,47455986,01,51
2022,47455989,01,51
2022,47455985,01,51
2022,47455991,01,51
2022,47455993,01,51
2022,47455997,01,51
2022,47455999,01,51
2022,47455992,01,51
2022,47455995,01,51
2022,47455994,01,51
2022,47455996,01,51
2022,47455998,01,51
2022,45330992,01,51
2022,46116519,01,51
2022,46390886,01,51
2022,46617271,01,51
2022,44645638,01,51
2022,44645639,01,51
2022,44645640,01,51
2022,44677211,01,51
2022,45491770,01,51
2022,45491772,01,51
2022,45491764,01,51
2022,45491766,01,51
2022,45491768,01,51
2022,45491771,01,51
2022,45491765,01,51
2022,45491767,01,51
2022,45491769,01,51
2022,45491773,01,51
2022,45491774,01,51
2022,45516784,01,51
2022,45516785,01,51
2022,45491775,01,51
2022,45491778,01,51
2022,45491779,01,51
2022,45491776,01,51
2022,45491777,01,51
2022,45675476,01,51
2022,45676081,01,51
2022,45754857,01,51
2022,45754858,01,51
2022,45754859,01,51
2022,45762675,01,51
2022,45762676,01,51
2022,45763208,01,51
2022,45848177,01,51
2022,45848174,01,51
2022,45848176,01,51
2022,46010646,01,51
2022,46010645,01,51
2022,46010647,01,51
2022,46225393,01,51
2022,46209525,01,51
2022,47641175,01,51
2022,47641176,01,51
2022,45040795,01,51
2022,45040796,01,51
2022,45040797,01,51
2022,45209110,01,51
2022,45515727,01,51
2022,46015362,01,51
2022,45736509,01,51
2022,45736508,01,51
2022,45921671,01,51
2022,46174540,01,51
2022,46239825,01,51
2022,46598218,01,51
2022,46820193,01,51
2022,46893167,01,51
2022,46998519,01,51
2022,47456383,01,51
2022,47456384,01,51
2022,44558375,01,51
2022,48805094,01,51
2022,48805095,01,51
2022,48805839,01,51
2022,48805840,01,51
2022,48841057,01,51
2022,48841058,01,51
2022,48841059,01,51
2022,48841060,01,51
2022,48841061,01,51
2022,48842835,01,51
2022,44558376,01,51
2022,44581578,01,51
2022,44639055,01,51
2022,48842837,01,51
2022,48842836,01,51
2022,48842838,01,51
2022,48845630,01,51
2022,44639056,01,51
2022,44673194,01,51
2022,44698877,01,51
2022,44840208,01,51
2022,44840209,01,51
2022,44840210,01,51
2022,44840207,01,51
2022,44840211,01,51
2022,44873948,01,51
2022,44873949,01,51
2022,44873950,01,51
2022,45121003,01,51
2022,45121004,01,51
2022,45330994,01,51
2022,45330995,01,51
2022,45330993,01,51
2022,45121005,01,51
2022,45121006,01,51
2022,45330996,01,51
2022,45491864,01,51
2022,45491865,01,51
2022,45491866,01,51
2022,45491863,01,51
2022,45561212,01,51
2022,45676083,01,51
2022,45676082,01,51
2022,45754861,01,51
2022,45754863,01,51
2022,45754864,01,51
2022,45754860,01,51
2022,45754862,01,51
2022,45716879,01,51
2022,45716878,01,51
2022,45716877,01,51
2022,45848178,01,51
2022,45848182,01,51
2022,45848179,01,51
2022,45848181,01,51
2022,45848183,01,51
2022,45848184,01,51
2022,45848186,01,51
2022,45848180,01,51
2022,45848185,01,51
2022,45980759,01,51
2022,48884516,01,51
2022,45980760,01,51
2022,45980761,01,51
2022,45980758,01,51
2022,45980762,01,51
2022,45980763,01,51
2022,46080251,01,51
2022,46080247,01,51
2022,46080253,01,51
2022,46080242,01,51
2022,46080245,01,51
2022,46080246,01,51
2022,46080249,01,51
2022,46080252,01,51
2022,46080254,01,51
2022,46080243,01,51
2022,46080250,01,51
2022,46080241,01,51
2022,46080244,01,51
2022,46080248,01,51
2022,46080255,01,51
2022,46233120,01,51
2022,46233127,01,51
2022,46233130,01,51
2022,46233132,01,51
2022,46233124,01,51
2022,46233128,01,51
2022,46233129,01,51
2022,46233119,01,51
2022,46233123,01,51
2022,46233121,01,51
2022,46233122,01,51
2022,46233125,01,51
2022,46233131,01,51
2022,46276997,01,51
2022,46276995,01,51
2022,46276996,01,51
2022,46276998,01,51
2022,46332581,01,51
2022,46332583,01,51
2022,46332579,01,51
2022,46332580,01,51
2022,46332577,01,51
2022,46332582,01,51
2022,46360578,01,51
2022,46360580,01,51
2022,46332585,01,51
2022,46332584,01,51
2022,46360579,01,51
2022,46390887,01,51
2022,46390888,01,51
2022,46472657,01,51
2022,46472658,01,51
2022,46539004,01,51
2022,46539011,01,51
2022,46539005,01,51
2022,46539006,01,51
2022,46539009,01,51
2022,46539010,01,51
2022,46539007,01,51
2022,46539008,01,51
2022,46566538,01,51
2022,46619723,01,51
2022,46619722,01,51
2022,46619724,01,51
2022,46619717,01,51
2022,46619718,01,51
2022,46619719,01,51
2022,46619720,01,51
2022,46743237,01,51
2022,46920534,01,51
2022,46619726,01,51
2022,46619727,01,51
2022,46619729,01,51
2022,46619725,01,51
2022,46619728,01,51
2022,46619731,01,51
2022,46619730,01,51
2022,46743238,01,51
2022,46233060,01,51
2022,47805888,01,51
2022,47805889,01,51
2022,47629044,01,51
2022,47629043,01,51
2022,46743232,01,51
2022,46743233,01,51
2022,46743236,01,51
2022,46743234,01,51
2022,46743235,01,51
2022,46846120,01,51
2022,46920535,01,51
2022,47160179,01,51
2022,47160180,01,51
2022,47160181,01,51
2022,47456473,01,51
2022,47456474,01,51
2022,47456476,01,51
2022,47456478,01,51
2022,47456475,01,51
2022,47456477,01,51
2022,47456479,01,51
2022,47456480,01,51
2022,47456481,01,51
2022,47456482,01,51
2022,47456483,01,51
2022,44644320,01,51
2022,44644321,01,51
2022,44644324,01,51
2022,44644325,01,51
2022,44644327,01,51
2022,44644329,01,51
2022,44644328,01,51
2022,44644330,01,51
2022,44824697,01,51
2022,44824690,01,51
2022,44824691,01,51
2022,44824693,01,51
2022,45271692,01,51
2022,44824688,01,51
2022,45271693,01,51
2022,44824692,01,51
2022,44563935,01,51
2022,44824696,01,51
2022,44824689,01,51
2022,45271694,01,51
2022,44824701,01,51
2022,45271695,01,51
2022,44824698,01,51
2022,44719664,01,51
2022,44824704,01,51
2022,44754533,01,51
2022,44824703,01,51
2022,44846637,01,51
2022,44824702,01,51
2022,44938359,01,51
2022,44824699,01,51
2022,45010257,01,51
2022,45102134,01,51
2022,45010256,01,51
2022,45102148,01,51
2022,45102153,01,51
2022,45102154,01,51
2022,45290852,01,51
2022,45102156,01,51
2022,45102133,01,51
2022,45308658,01,51
2022,45102142,01,51
2022,45308841,01,51
2022,45102144,01,51
2022,45309975,01,51
2022,45102145,01,51
2022,45102146,01,51
2022,45315613,01,51
2022,45102152,01,51
2022,45345058,01,51
2022,45102157,01,51
2022,45491798,01,51
2022,45028357,01,51
2022,45079488,01,51
2022,45111543,01,51
2022,45500005,01,51
2022,45500006,01,51
2022,45491799,01,51
2022,45491801,01,51
2022,45493015,01,51
2022,45667206,01,51
2022,45716784,01,51
2022,45737071,01,51
2022,45747352,01,51
2022,47456403,01,51
2022,45772115,01,51
2022,45983867,01,51
2022,46010637,01,51
2022,46355804,01,51
2022,46044564,01,51
2022,46233608,01,51
2022,46295624,01,51
2022,46331008,01,51
2022,46533581,01,51
2022,46537466,01,51
2022,46568060,01,51
2022,46569785,01,51
2022,46569786,01,51
2022,46581807,01,51
2022,46763842,01,51
2022,46771629,01,51
2022,45102161,01,51
2022,45102132,01,51
2022,45102151,01,51
2022,45102135,01,51
2022,45102136,01,51
2022,45102137,01,51
2022,45102138,01,51
2022,45102139,01,51
2022,46771815,01,51
2022,45102140,01,51
2022,45102141,01,51
2022,46842776,01,51
2022,46603247,01,51
2022,46614486,01,51
2022,46617375,01,51
2022,46632354,01,51
2022,46637795,01,51
2022,46702481,01,51
2022,46875754,01,51
2022,46860401,01,51
2022,46929843,01,51
2022,47113993,01,51
2022,47078089,01,51
2022,47078090,01,51
2022,47456391,01,51
2022,45102143,01,51
2022,47158311,01,51
2022,47192226,01,51
2022,47192627,01,51
2022,47456397,01,51
2022,47456392,01,51
2022,47456394,01,51
2022,47456395,01,51
2022,47456393,01,51
2022,47456396,01,51
2022,47456398,01,51
2022,47456399,01,51
2022,47456400,01,51
2022,47456401,01,51
2022,47456402,01,51
2022,47586671,01,51
2022,47595095,01,51
2022,45102147,01,51
2022,45102149,01,51
2022,45102150,01,51
2022,45102155,01,51
2022,45102158,01,51
2022,45325691,01,51
2022,45325692,01,51
2022,45325693,01,51
2022,45325695,01,51
2022,45325696,01,51
2022,45325698,01,51
2022,45325702,01,51
2022,45325705,01,51
2022,45325706,01,51
2022,45325709,01,51
2022,45325710,01,51
2022,45325713,01,51
2022,45325715,01,51
2022,45325697,01,51
2022,45325699,01,51
2022,45325703,01,51
2022,45325707,01,51
2022,45325708,01,51
2022,45325712,01,51
2022,45325714,01,51
2022,45325694,01,51
2022,45325700,01,51
2022,45325701,01,51
2022,45325704,01,51
2022,45325711,01,51
2022,45492053,01,51
2022,45818356,01,51
2022,45102162,01,51
2022,45102159,01,51
2022,45516007,01,51
2022,45516010,01,51
2022,45516008,01,51
2022,45516012,01,51
2022,45516013,01,51
2022,45516009,01,51
2022,45516011,01,51
2022,45492029,01,51
2022,45492039,01,51
2022,45492041,01,51
2022,45492045,01,51
2022,45492047,01,51
2022,45492049,01,51
2022,45492051,01,51
2022,45492026,01,51
2022,45492030,01,51
2022,45492031,01,51
2022,45492037,01,51
2022,45492038,01,51
2022,45492046,01,51
2022,45492048,01,51
2022,45492024,01,51
2022,45492027,01,51
2022,45492028,01,51
2022,45492032,01,51
2022,45492033,01,51
2022,45492034,01,51
2022,45492035,01,51
2022,45492036,01,51
2022,45492040,01,51
2022,45492043,01,51
2022,45492044,01,51
2022,45492050,01,51
2022,45492052,01,51
2022,45535610,01,51
2022,45818375,01,51
2022,46536313,01,51
2022,45670874,01,51
2022,49003679,01,51
2022,45670875,01,51
2022,45670880,01,51
2022,45670882,01,51
2022,45670884,01,51
2022,45670871,01,51
2022,45670873,01,51
2022,45670876,01,51
2022,45670881,01,51
2022,45670870,01,51
2022,45670872,01,51
2022,45670877,01,51
2022,45670879,01,51
2022,45670883,01,51
2022,45705405,01,51
2022,45705407,01,51
2022,45705408,01,51
2022,45705404,01,51
2022,45705406,01,51
2022,45705410,01,51
2022,45818357,01,51
2022,45818362,01,51
2022,45818371,01,51
2022,45818374,01,51
2022,45818376,01,51
2022,45818358,01,51
2022,45818360,01,51
2022,45818363,01,51
2022,45818364,01,51
2022,45818368,01,51
2022,45818372,01,51
2022,45818379,01,51
2022,45818359,01,51
2022,45818361,01,51
2022,45818365,01,51
2022,45818370,01,51
2022,45818483,01,51
2022,45818485,01,51
2022,45818488,01,51
2022,45818487,01,51
2022,45818489,01,51
2022,45818484,01,51
2022,45818486,01,51
2022,45818492,01,51
2022,45784660,01,51
2022,45784662,01,51
2022,45784655,01,51
2022,45784664,01,51
2022,45784661,01,51
2022,45784654,01,51
2022,45784657,01,51
2022,45784656,01,51
2022,45784658,01,51
2022,45848650,01,51
2022,45848651,01,51
2022,46002815,01,51
2022,46002831,01,51
2022,46002813,01,51
2022,46002818,01,51
2022,46002832,01,51
2022,46032951,01,51
2022,46157009,01,51
2022,47028640,01,51
2022,46536325,01,51
2022,46622552,01,51
2022,45818367,01,51
2022,45818380,01,51
2022,45818366,01,51
2022,45818377,01,51
2022,45818490,01,51
2022,45818494,01,51
2022,45818495,01,51
2022,45818491,01,51
2022,45818493,01,51
2022,45818496,01,51
2022,45818498,01,51
2022,45818497,01,51
2022,44563286,01,51
2022,44563287,01,51
2022,45848647,01,51
2022,45848646,01,51
2022,45848648,01,51
2022,45848649,01,51
2022,46002823,01,51
2022,46002827,01,51
2022,46002840,01,51
2022,46002817,01,51
2022,46002820,01,51
2022,46002821,01,51
2022,46002826,01,51
2022,46002828,01,51
2022,46002830,01,51
2022,46002833,01,51
2022,46002835,01,51
2022,46002836,01,51
2022,46002814,01,51
2022,46002816,01,51
2022,46002819,01,51
2022,46002822,01,51
2022,46002825,01,51
2022,46002829,01,51
2022,46002834,01,51
2022,46002837,01,51
2022,46002838,01,51
2022,46002841,01,51
2022,46032949,01,51
2022,46032953,01,51
2022,46032956,01,51
2022,46032962,01,51
2022,46032964,01,51
2022,46032950,01,51
2022,46032954,01,51
2022,46032955,01,51
2022,46032957,01,51
2022,46032959,01,51
2022,46032961,01,51
2022,46032952,01,51
2022,46032958,01,51
2022,46032963,01,51
2022,46156993,01,51
2022,46157002,01,51
2022,46157003,01,51
2022,46157008,01,51
2022,46157004,01,51
2022,46277008,01,51
2022,46277003,01,51
2022,46277009,01,51
2022,46332591,01,51
2022,46536327,01,51
2022,46843019,01,51
2022,46032960,01,51
2022,46156997,01,51
2022,46157000,01,51
2022,46157005,01,51
2022,46157011,01,51
2022,46157007,01,51
2022,46157010,01,51
2022,46156996,01,51
2022,46156998,01,51
2022,46157006,01,51
2022,46156994,01,51
2022,46277021,01,51
2022,46277022,01,51
2022,46277027,01,51
2022,46276999,01,51
2022,46277002,01,51
2022,46277004,01,51
2022,46277014,01,51
2022,46277016,01,51
2022,46277000,01,51
2022,46277005,01,51
2022,46277010,01,51
2022,46277011,01,51
2022,46277013,01,51
2022,46277015,01,51
2022,46277017,01,51
2022,46277019,01,51
2022,46277020,01,51
2022,46277023,01,51
2022,46277026,01,51
2022,46277029,01,51
2022,46277001,01,51
2022,46277006,01,51
2022,46277007,01,51
2022,46277012,01,51
2022,46277018,01,51
2022,46277024,01,51
2022,46277028,01,51
2022,46281119,01,51
2022,46281120,01,51
2022,46281121,01,51
2022,46332587,01,51
2022,46332588,01,51
2022,46332586,01,51
2022,46332594,01,51
2022,46332595,01,51
2022,46332589,01,51
2022,46332592,01,51
2022,46332593,01,51
2022,46332596,01,51
2022,47114064,01,51
2022,47028644,01,51
2022,46536318,01,51
2022,46536319,01,51
2022,46536328,01,51
2022,46536315,01,51
2022,46536339,01,51
2022,46536316,01,51
2022,46536324,01,51
2022,46536332,01,51
2022,46536314,01,51
2022,46536317,01,51
2022,46622553,01,51
2022,46622562,01,51
2022,46622570,01,51
2022,47456583,01,51
2022,46800521,01,51
2022,46800520,01,51
2022,46800524,01,51
2022,46800527,01,51
2022,46800532,01,51
2022,46800515,01,51
2022,46800516,01,51
2022,46843018,01,51
2022,47028639,01,51
2022,47028645,01,51
2022,46536334,01,51
2022,46536335,01,51
2022,46536337,01,51
2022,46536338,01,51
2022,46536340,01,51
2022,46536343,01,51
2022,46536336,01,51
2022,46536341,01,51
2022,46536344,01,51
2022,46536320,01,51
2022,46536323,01,51
2022,46536326,01,51
2022,46536330,01,51
2022,46536342,01,51
2022,46536345,01,51
2022,46536348,01,51
2022,46536329,01,51
2022,46536347,01,51
2022,46536321,01,51
2022,46536331,01,51
2022,46536346,01,51
2022,46622554,01,51
2022,46622555,01,51
2022,46622556,01,51
2022,46622557,01,51
2022,46622558,01,51
2022,46622559,01,51
2022,46622560,01,51
2022,46622561,01,51
2022,46622563,01,51
2022,46622564,01,51
2022,46622565,01,51
2022,46622566,01,51
2022,46622567,01,51
2022,46622568,01,51
2022,46622569,01,51
2022,47456579,01,51
2022,46800517,01,51
2022,46800518,01,51
2022,46800512,01,51
2022,46800514,01,51
2022,46800526,01,51
2022,46800523,16,52
2022,46800525,01,51
2022,46800528,01,51
2022,46800529,01,51
2022,46800531,01,51
2022,46800530,01,51
2022,46843017,01,51
2022,46843020,01,51
2022,44981335,01,51
2022,46843023,01,51
2022,47114066,01,51
2022,47028638,01,51
2022,44981336,01,51
2022,47028641,01,51
2022,47028643,01,51
2022,47028637,01,51
2022,47222393,01,51
2022,44981532,01,51
2022,46622572,01,51
2022,47456592,01,51
2022,45491913,01,51
2022,47456591,01,51
2022,47456593,01,51
2022,47456590,01,51
2022,46843021,01,51
2022,45747356,01,51
2022,45747355,01,51
2022,45747357,01,51
2022,45747358,01,51
2022,45747360,01,51
2022,45747359,01,51
2022,45747361,01,51
2022,45932242,01,51
2022,45932241,01,51
2022,46367058,01,51
2022,46367059,01,51
2022,46367060,01,51
2022,46367061,01,51
2022,46367062,01,51
2022,46367063,01,51
2022,47114065,01,51
2022,47114067,01,51
2022,47114068,01,51
2022,47028642,01,51
2022,47028648,01,51
2022,47028646,01,51
2022,47028647,01,51
2022,47028649,01,51
2022,47222394,01,51
2022,47456600,01,51
2022,47222395,01,51
2022,47222397,01,51
2022,47222398,01,51
2022,47222396,01,51
2022,47222401,01,51
2022,47222402,01,51
2022,47456594,01,51
2022,47456595,01,51
2022,47456580,01,51
2022,47456585,01,51
2022,47456587,01,51
2022,47456588,01,51
2022,47456581,01,51
2022,47456582,01,51
2022,47456584,01,51
2022,47456586,01,51
2022,47456596,01,51
2022,47456597,01,51
2022,47456598,01,51
2022,47456599,01,51
2022,47456589,01,51
2022,44938297,01,51
2022,45731074,01,51
2022,46032790,01,51
2022,46032791,01,51
2022,46032792,01,51
2022,46032794,01,51
2022,46032793,01,51
2022,46310966,01,51
2022,46772290,01,51
2022,46367064,01,51
2022,46772291,01,51
2022,46772292,01,51
2022,47456522,01,51
2022,47456521,01,51
2022,47456523,01,51
2022,47456524,01,51
2022,47632420,01,51
2022,47632421,01,51
2022,47678352,01,51
2022,46310967,01,51
2022,46310968,01,51
2022,46567409,01,51
2022,46567408,01,51
2022,46876104,01,51
2022,47116993,01,51
2022,47087952,01,51
2022,47087953,01,51
2022,47456604,01,51
2022,47456601,01,51
2022,47456603,01,51
2022,47456602,01,51
2022,45492084,01,51
2022,45755240,01,51
2022,45755241,01,51
2022,45818499,01,51
2022,46043418,01,51
2022,46043417,01,51
2022,46043419,01,51
2022,47801730,01,51
2022,44643934,01,51
2022,44873952,01,51
2022,44873951,01,51
2022,44873953,01,51
2022,44873954,01,51
2022,44873955,01,51
2022,44873956,01,51
2022,44970694,01,51
2022,44970695,01,51
2022,44480818,01,51
2022,45272309,01,51
2022,44581576,01,51
2022,44677210,01,51
2022,45272310,01,51
2022,44721821,01,51
2022,44935168,01,51
2022,45272307,01,51
2022,45272308,01,51
2022,45492101,01,51
2022,44841884,01,51
2022,45492103,01,51
2022,44854363,01,51
2022,45492102,01,51
2022,44854364,01,51
2022,45096983,01,51
2022,44873946,01,51
2022,45096982,01,51
2022,44873947,01,51
2022,45492104,01,51
2022,44875248,01,51
2022,44961828,01,51
2022,45492106,01,51
2022,45492105,01,51
2022,44996991,01,51
2022,45664715,01,51
2022,45664716,01,51
2022,45272288,01,51
2022,45664717,01,51
2022,45298968,01,51
2022,45298969,01,51
2022,45664718,01,51
2022,45303674,01,51
2022,45765193,01,51
2022,45304919,01,51
2022,45765192,01,51
2022,45096968,01,51
2022,45710629,01,51
2022,45710628,01,51
2022,45491916,01,51
2022,45710630,01,51
2022,45491917,01,51
2022,46026880,01,51
2022,45536919,01,51
2022,46026879,01,51
2022,45668460,01,51
2022,46175324,01,51
2022,45541818,01,51
2022,45579624,01,51
2022,46175328,01,51
2022,45590523,01,51
2022,46175323,01,51
2022,46175325,01,51
2022,45625024,01,51
2022,46175326,01,51
2022,46175327,01,51
2022,45701338,01,51
2022,46175330,01,51
2022,44646050,01,51
2022,44719059,01,51
2022,44719060,01,51
2022,44719061,01,51
2022,44719062,01,51
2022,44719457,01,51
2022,44753160,01,51
2022,44753161,01,51
2022,44844996,01,51
2022,44846518,01,51
2022,44846519,15,9
2022,44846520,01,51
2022,45027165,01,51
2022,45056266,01,51
2022,45056267,01,51
2022,45091722,01,51
2022,45705403,01,51
2022,45730726,01,51
2022,45947271,01,51
2022,45921662,01,51
2022,45989174,01,51
2022,46026874,01,51
2022,46124672,01,51
2022,46040128,01,51
2022,47641174,01,51
2022,47924317,01,51
2022,47924318,01,51
2022,47924322,01,51
2022,47924324,01,51
2022,47924320,01,51
2022,47924321,01,51
2022,47924319,01,51
2022,47924323,01,51
2022,47924325,01,51
2022,47924326,01,51
2022,47924327,01,51
2022,47930362,01,51
2022,47930361,01,51
2022,47930363,01,51
2022,47942501,01,51
2022,47942500,01,51
2022,47942502,01,51
2022,47942505,01,51
2022,47942504,01,51
2022,47942503,01,51
2022,47875099,01,51
2022,47942506,01,51
2022,47942507,01,51
2022,47942508,01,51
2022,44844991,01,51
2022,44844995,01,51
2022,44860026,01,51
2022,44860027,01,51
2022,45491923,01,51
2022,45709490,01,51
2022,45709491,01,51
2022,45954756,01,51
2022,46956402,01,51
2022,44829085,01,51
2022,44829086,01,51
2022,44829087,01,51
2022,44829088,01,51
2022,44829089,01,51
2022,45091721,01,51
2022,45102164,01,51
2022,45140369,01,51
2022,45140368,01,51
2022,45140370,01,51
2022,45272313,01,51
2022,45272315,01,51
2022,45272314,01,51
2022,45272772,01,51
2022,45272771,01,51
2022,45311388,01,51
2022,45346386,01,51
2022,45492115,01,51
2022,45140373,01,51
2022,45140371,01,51
2022,45140372,01,51
2022,45140374,01,51
2022,45492118,01,51
2022,45492116,01,51
2022,45164959,01,51
2022,45492948,01,51
2022,45676605,01,51
2022,45812335,01,51
2022,45812340,01,51
2022,45812331,01,51
2022,45812336,01,51
2022,45812333,01,51
2022,45812339,01,51
2022,46295415,01,51
2022,46295411,01,51
2022,46295412,01,51
2022,46295413,01,51
2022,46295414,01,51
2022,46295416,01,51
2022,46295417,01,51
2022,46581731,01,51
2022,46581732,01,51
2022,46581733,01,51
2022,46581734,01,51
2022,46581735,01,51
2022,46841122,01,51
2022,46841124,01,51
2022,46841123,01,51
2022,46841126,01,51
2022,46841128,01,51
2022,46841129,01,51
2022,46841125,01,51
2022,46841127,01,51
2022,46841130,01,51
2022,45492117,01,51
2022,45670886,01,51
2022,45670885,01,51
2022,45664719,01,51
2022,45704762,01,51
2022,45704761,01,51
2022,46962604,01,51
2022,46962603,01,51
2022,46962605,01,51
2022,45705411,01,51
2022,45716423,01,51
2022,45716424,01,51
2022,45730730,01,51
2022,46962607,01,51
2022,46962606,01,51
2022,47457091,01,51
2022,47457092,01,51
2022,47457093,01,51
2022,47457096,01,51
2022,47457089,01,51
2022,47457095,01,51
2022,47457090,01,51
2022,47457094,01,51
2022,47457098,01,51
2022,47457099,01,51
2022,47457097,01,51
2022,47641689,01,51
2022,47641690,01,51
2022,47641691,01,51
2022,47641692,01,51
2022,47641693,01,51
2022,45736512,01,51
2022,45736510,01,51
2022,45736511,01,51
2022,45780329,01,51
2022,45965362,01,51
2022,45965361,01,51
2022,45967097,01,51
2022,45967096,01,51
2022,45967095,01,51
2022,46015363,01,51
2022,46018730,01,51
2022,46018729,01,51
2022,46245472,01,51
2022,46259765,01,51
2022,46269500,01,51
2022,46332598,01,51
2022,46360582,01,51
2022,46360581,01,51
2022,46391599,01,51
2022,46395524,01,51
2022,46401202,01,51
2022,46430040,01,51
2022,46488837,01,51
2022,46528991,01,51
2022,46536350,01,51
2022,46536351,01,51
2022,46538531,01,51
2022,46539012,01,51
2022,46550148,01,51
2022,46598219,01,51
2022,46598220,01,51
2022,46611996,01,51
2022,46641613,01,51
2022,46641611,01,51
2022,46648375,01,51
2022,46696153,01,51
2022,46701658,01,51
2022,46701659,01,51
2022,46720853,01,51
2022,46734852,01,51
2022,46752133,01,51
2022,46752132,01,51
2022,46762961,01,51
2022,46763350,01,51
2022,46763351,01,51
2022,46869078,01,51
2022,46820543,01,51
2022,46820544,01,51
2022,46921173,01,51
2022,46921174,01,51
2022,46921172,01,51
2022,46916249,01,51
2022,46920536,01,51
2022,47025783,01,51
2022,47025784,01,51
2022,47085313,01,51
2022,47100221,01,51
2022,47100222,01,51
2022,47143951,01,51
2022,47108907,01,51
2022,47108908,01,51
2022,47089446,01,51
2022,47089635,01,51
2022,47456677,01,51
2022,47456680,01,51
2022,47456682,01,51
2022,47456683,01,51
2022,47456685,01,51
2022,47456676,01,51
2022,47456678,01,51
2022,47456684,01,51
2022,47456675,01,51
2022,47456679,01,51
2022,47456681,01,51
2022,47779364,01,51
2022,47779365,01,51
2022,47456686,01,51
2022,47456687,01,51
2022,47456689,01,51
2022,47456690,01,51
2022,47456688,01,51
2022,47593420,01,51
2022,47593421,01,51
2022,47604236,01,51
2022,47911385,01,51
2022,47942509,01,51
2022,48075621,01,51
2022,48075622,01,51
2022,48075623,01,51
2022,44477368,01,51
2022,44477369,01,51
2022,44501329,01,51
2022,44524029,01,51
2022,44563641,01,51
2022,44574408,01,51
2022,44589828,01,51
2022,44589829,01,51
2022,44589830,01,51
2022,44642843,01,51
2022,44643935,01,51
2022,44643936,01,51
2022,44662776,01,51
2022,45270031,01,51
2022,44801509,01,51
2022,44801511,01,51
2022,44801510,01,51
2022,44824705,01,51
2022,44851715,01,51
2022,44854372,01,51
2022,44860028,01,51
2022,44940645,01,51
2022,44961228,01,51
2022,45209111,01,51
2022,45269591,01,51
2022,44433775,01,51
2022,44501334,01,51
2022,44508333,01,51
2022,44642784,01,51
2022,44642786,01,51
2022,45295986,01,51
2022,45295987,01,51
2022,44642846,01,51
2022,44645309,01,51
2022,44677536,01,51
2022,47144673,01,51
2022,47110292,01,51
2022,47117416,01,51
2022,47191739,01,51
2022,47454941,01,51
2022,44721470,01,51
2022,44721471,01,51
2022,44725011,01,51
2022,44768368,01,51
2022,44796306,01,51
2022,44850684,01,51
2022,44850685,16,52
2022,44850795,01,51
2022,44851718,01,51
2022,44937546,01,51
2022,44937547,01,51
2022,44981116,01,51
2022,44981174,01,51
2022,44996996,01,51
2022,45035259,01,51
2022,47109167,01,51
2022,47113881,01,51
2022,47178005,01,51
2022,47191740,01,51
2022,47213756,01,51
2022,47213755,01,51
2022,45040798,01,51
2022,45081662,01,51
2022,45330997,01,51
2022,45490637,01,51
2022,45490639,01,51
2022,45490642,01,51
2022,45490643,01,51
2022,45490646,01,51
2022,45490647,01,51
2022,45490648,01,51
2022,45490638,01,51
2022,45490640,01,51
2022,45490641,01,51
2022,45490645,01,51
2022,45490644,01,51
2022,45490649,01,51
2022,45539471,01,51
2022,45539472,01,51
2022,46291097,01,51
2022,45574091,01,51
2022,45574092,01,51
2022,45695417,01,51
2022,45714036,01,51
2022,45737890,01,51
2022,45762679,01,51
2022,45762677,01,51
2022,45762678,01,51
2022,45770617,01,51
2022,45770618,01,51
2022,45946162,01,51
2022,45946164,01,51
2022,45946161,01,51
2022,45946163,01,51
2022,45946165,01,51
2022,45989175,01,51
2022,46009278,01,51
2022,46040170,01,51
2022,45165465,01,51
2022,46040169,01,51
2022,46040168,01,51
2022,46277032,01,51
2022,46277030,01,51
2022,46277031,01,51
2022,46280630,01,51
2022,46284500,01,51
2022,46291098,01,51
2022,46329090,01,51
2022,46329089,01,51
2022,46329091,01,51
2022,46534241,01,51
2022,46331905,01,51
2022,46331906,01,51
2022,46398447,01,51
2022,46459625,01,51
2022,46459626,01,51
2022,46459627,01,51
2022,46459628,01,51
2022,46459629,01,51
2022,46520150,01,51
2022,46578216,01,51
2022,46578217,01,51
2022,46624684,01,51
2022,46846122,01,51
2022,46846123,01,51
2022,46846121,01,51
2022,46617194,01,51
2022,46630896,01,51
2022,46698152,01,51
2022,46846125,01,51
2022,46846124,01,51
2022,46876106,01,51
2022,46894091,01,51
2022,46920537,01,51
2022,46920538,01,51
2022,46947796,01,51
2022,46947797,01,51
2022,45165463,01,51
2022,45165464,01,51
2022,47116995,01,51
2022,47044779,01,51
2022,47117399,01,51
2022,47117398,01,51
2022,47044780,01,51
2022,47222403,01,51
2022,47155625,01,51
2022,47213750,01,51
2022,47213749,01,51
2022,47454493,01,51
2022,47454494,01,51
2022,47454496,01,51
2022,47454498,01,51
2022,47454495,01,51
2022,47454497,01,51
2022,47454500,01,51
2022,47454499,01,51
2022,47454502,01,51
2022,47454501,01,51
2022,47578838,01,51
2022,47633348,01,51
2022,47633349,01,51
2022,47574387,01,51
2022,45273114,01,51
2022,45293533,01,51
2022,45308791,01,51
2022,45308792,01,51
2022,45308787,01,51
2022,45308788,01,51
2022,45308789,01,51
2022,45308790,01,51
2022,45299777,01,51
2022,45315465,01,51
2022,45315466,01,51
2022,45315467,01,51
2022,45045220,01,51
2022,45105231,01,51
2022,47100229,01,51
2022,47114127,01,51
2022,47114128,01,51
2022,47117417,01,51
2022,47117418,01,51
2022,47160202,01,51
2022,47189877,01,51
2022,47190705,01,51
2022,47191741,01,51
2022,45347348,01,51
2022,45327117,16,52
2022,45327116,01,51
2022,45332120,01,51
2022,45499997,01,51
2022,45490852,01,51
2022,45490854,01,51
2022,45490855,01,51
2022,45490857,01,51
2022,45490860,01,51
2022,45490864,01,51
2022,45490851,01,51
2022,45490853,01,51
2022,45490856,01,51
2022,45490859,01,51
2022,45490861,01,51
2022,45490862,01,51
2022,45490865,01,51
2022,45490850,01,51
2022,45490858,01,51
2022,45490863,01,51
2022,45490845,01,51
2022,45490847,01,51
2022,45490846,01,51
2022,45530565,01,51
2022,47117006,01,51
2022,47144413,01,51
2022,47157341,01,51
2022,47160203,01,51
2022,47176879,01,51
2022,47190706,01,51
2022,47190707,01,51
2022,47191983,01,51
2022,45535597,01,51
2022,45540300,01,51
2022,45540301,01,51
2022,45561531,01,51
2022,45564132,01,51
2022,45667207,01,51
2022,45747364,01,51
2022,46262645,01,51
2022,46262646,01,51
2022,46262647,01,51
2022,47114287,01,51
2022,47178006,01,51
2022,47181398,01,51
2022,47454942,01,51
2022,45769756,01,51
2022,45769777,01,51
2022,45770619,01,51
2022,45812311,01,51
2022,45818381,01,51
2022,45932180,01,51
2022,45954764,01,51
2022,45928209,01,51
2022,45983911,01,51
2022,46078624,01,51
2022,46002842,01,51
2022,46037768,01,51
2022,46037769,01,51
2022,46245986,01,51
2022,47117420,01,51
2022,47181399,01,51
2022,47213757,01,51
2022,47218440,01,51
2022,47218442,01,51
2022,47218441,01,51
2022,47454944,01,51
2022,47997110,01,51
2022,46075180,01,51
2022,46083843,01,51
2022,46033008,01,51
2022,46067226,01,51
2022,46214020,01,51
2022,46245987,01,51
2022,47574389,01,51
2022,47574386,01,51
2022,47574388,01,51
2022,47574390,01,51
2022,47574392,01,51
2022,47574394,01,51
2022,47574396,01,51
2022,47574398,01,51
2022,47574391,01,51
2022,47574393,01,51
2022,47574395,01,51
2022,47574397,01,51
2022,47574400,01,51
2022,47574404,01,51
2022,47574407,01,51
2022,47574403,01,51
2022,47574406,01,51
2022,47574399,01,51
2022,47574401,01,51
2022,47574402,01,51
2022,47574405,01,51
2022,47574410,01,51
2022,47574413,01,51
2022,47574409,01,51
2022,47574412,01,51
2022,47574414,01,51
2022,47574408,01,51
2022,47574411,01,51
2022,47574385,01,51
2022,47574415,01,51
2022,47574416,01,51
2022,47574417,01,51
2022,47574418,01,51
2022,47574419,01,51
2022,47574423,01,51
2022,47574421,01,51
2022,47574420,01,51
2022,47574422,01,51
2022,47574426,01,51
2022,47574429,01,51
2022,47574431,01,51
2022,47574427,01,51
2022,47574428,01,51
2022,47574430,01,51
2022,47574433,01,51
2022,47574424,01,51
2022,47574425,01,51
2022,47574432,01,51
2022,47574434,01,51
2022,47574436,01,51
2022,47574438,01,51
2022,47574441,01,51
2022,47574442,01,51
2022,47574444,01,51
2022,47574445,01,51
2022,47574446,01,51
2022,47574435,01,51
2022,47574437,01,51
2022,47574440,01,51
2022,47574439,01,51
2022,47574443,01,51
2022,47574447,01,51
2022,47647304,01,51
2022,47647305,01,51
2022,47647306,01,51
2022,47647307,01,51
2022,47647308,01,51
2022,47647309,01,51
2022,47647310,01,51
2022,44721466,01,51
2022,44981413,01,51
2022,47118161,01,51
2022,45307300,01,51
2022,45091723,01,51
2022,45092881,01,51
2022,45490673,01,51
2022,45490674,01,51
2022,45561534,01,51
2022,45671996,01,51
2022,45671995,01,51
2022,45709492,01,51
2022,45764747,01,51
2022,45822748,01,51
2022,45965759,01,51
2022,46349990,01,51
2022,46171879,01,51
2022,46246158,01,51
2022,46246159,01,51
2022,46213849,01,51
2022,46259140,01,51
2022,46292742,01,51
2022,47100230,01,51
2022,47117007,01,51
2022,47157776,01,51
2022,47173683,01,51
2022,47181400,01,51
2022,47218443,01,51
2022,48020371,01,51
2022,47113882,01,51
2022,47113945,01,51
2022,47114225,01,51
2022,47114226,01,51
2022,46379142,01,51
2022,46379300,01,51
2022,46391602,01,51
2022,46392465,01,51
2022,46430041,01,51
2022,46433287,01,51
2022,46433715,01,51
2022,46433716,01,51
2022,46433717,01,51
2022,46433718,01,51
2022,46459632,01,51
2022,46489900,01,51
2022,46533583,01,51
2022,46539045,01,51
2022,47178007,01,51
2022,46578239,01,51
2022,47218444,01,51
2022,47218446,01,51
2022,47218445,01,51
2022,46720428,01,51
2022,47454947,01,51
2022,47454946,01,51
2022,46567740,01,51
2022,46567741,01,51
2022,46569769,01,51
2022,46617352,01,51
2022,46763587,01,51
2022,46763588,01,51
2022,46617353,01,51
2022,46617354,01,51
2022,46617355,01,51
2022,46921452,01,51
2022,47026089,01,51
2022,47144670,01,51
2022,47454569,01,51
2022,47579274,16,52
2022,47579275,01,51
2022,44468259,01,51
2022,46763358,01,51
2022,46763846,01,51
2022,46763845,01,51
2022,46771475,01,51
2022,46771630,01,51
2022,44646051,01,51
2022,44698878,01,51
2022,44698879,01,51
2022,44844997,01,51
2022,44907814,01,51
2022,44970696,01,51
2022,45209112,01,51
2022,45272316,01,51
2022,45298974,01,51
2022,45298975,01,51
2022,45309186,01,51
2022,45309185,01,51
2022,45086968,01,51
2022,45346387,01,51
2022,45491155,01,51
2022,45491156,01,51
2022,45491159,01,51
2022,45491157,01,51
2022,45491160,01,51
2022,45491152,01,51
2022,45491153,01,51
2022,45491154,01,51
2022,45491158,01,51
2022,45541798,01,51
2022,45541800,01,51
2022,45541797,01,51
2022,45541799,01,51
2022,45541801,01,51
2022,45561174,01,51
2022,45561175,01,51
2022,45676084,01,51
2022,45754865,01,51
2022,45754866,01,51
2022,45716426,01,51
2022,45716425,01,51
2022,45801696,01,51
2022,45776658,01,51
2022,45782551,01,51
2022,46772216,01,51
2022,45782550,01,51
2022,46872237,01,51
2022,45967099,01,51
2022,46811638,01,51
2022,45967098,01,51
2022,45967100,01,51
2022,45921672,01,51
2022,46010648,01,51
2022,46083831,01,51
2022,46280631,01,51
2022,46280632,01,51
2022,46347564,01,51
2022,46347565,01,51
2022,46398448,01,51
2022,46459630,01,51
2022,46536352,01,51
2022,46539013,01,51
2022,46539014,01,51
2022,46539015,01,51
2022,46630899,01,51
2022,46630900,01,51
2022,46630898,01,51
2022,46809036,01,51
2022,46865790,01,51
2022,46865791,01,51
2022,46631815,01,51
2022,46631816,01,51
2022,47455563,01,51
2022,47455566,01,51
2022,47455567,01,51
2022,47455568,01,51
2022,47455565,01,51
2022,47455564,01,51
2022,47455569,01,51
2022,47646413,01,51
2022,47455570,01,51
2022,47647311,01,51
2022,47647312,01,51
2022,47647313,01,51
2022,47647314,01,51
2022,47647315,01,51
2022,44469066,01,51
2022,46818980,01,51
2022,46818978,01,51
2022,46818979,01,51
2022,46820206,01,51
2022,47113946,01,51
2022,47114129,01,51
2022,47114130,01,51
2022,47117422,01,51
2022,47117421,01,51
2022,47117424,01,51
2022,47117423,01,51
2022,47144414,01,51
2022,47178008,01,51
2022,47178009,01,51
2022,46616672,01,51
2022,46616673,01,51
2022,46616674,01,51
2022,46629113,01,51
2022,46629114,01,51
2022,46629115,01,51
2022,46640140,01,51
2022,46640373,01,51
2022,46640752,01,51
2022,46640751,16,52
2022,46641919,01,51
2022,46641920,01,51
2022,46647777,01,51
2022,47218447,01,51
2022,46649436,01,51
2022,46702177,01,51
2022,46723444,01,51
2022,46724244,01,51
2022,46744087,01,51
2022,46752146,01,51
2022,46752147,01,51
2022,46752500,01,51
2022,47604946,01,51
2022,48141114,01,51
2022,46867181,01,51
2022,46867179,01,51
2022,46867180,01,51
2022,46868450,01,51
2022,46843184,01,51
2022,46843185,01,51
2022,46843186,01,51
2022,46875024,01,51
2022,46962608,01,51
2022,47143954,01,51
2022,47022477,01,51
2022,47026090,01,51
2022,47113994,01,51
2022,47113980,01,51
2022,47113981,01,51
2022,47029845,01,51
2022,47030380,01,51
2022,47117427,01,51
2022,47117425,01,51
2022,47077199,01,51
2022,47078103,01,51
2022,47192136,01,51
2022,47219260,01,51
2022,47176880,01,51
2022,47178010,01,51
2022,47189880,01,51
2022,47192137,01,51
2022,47192452,01,51
2022,47192629,01,51
2022,47213758,01,51
2022,47213759,01,51
2022,47216667,01,51
2022,47454915,01,51
2022,47454917,01,51
2022,47454949,01,51
2022,47454950,01,51
2022,47454920,01,51
2022,47454923,01,51
2022,47454954,01,51
2022,47454955,01,51
2022,47454957,01,51
2022,47454969,01,51
2022,47454972,01,51
2022,47454974,01,51
2022,47454967,01,51
2022,47454975,01,51
2022,47454980,01,51
2022,47454925,01,51
2022,47454959,01,51
2022,47454962,01,51
2022,47454977,01,51
2022,47454919,01,51
2022,47454921,01,51
2022,47454952,01,51
2022,47454960,01,51
2022,47454963,01,51
2022,47454965,01,51
2022,47454979,01,51
2022,47489773,01,51
2022,47507466,01,51
2022,47454938,01,51
2022,47454939,01,51
2022,47454928,01,51
2022,47454931,01,51
2022,47454933,01,51
2022,47454934,01,51
2022,47454930,01,51
2022,47454936,01,51
2022,47454926,01,51
2022,47489772,01,51
2022,47504889,01,51
2022,47507733,01,51
2022,47507892,01,51
2022,47510279,01,51
2022,47511207,01,51
2022,47511208,01,51
2022,47511209,01,51
2022,47570353,01,51
2022,47570354,01,51
2022,47582634,01,51
2022,47585560,01,51
2022,47585698,01,51
2022,47586586,01,51
2022,47594952,01,51
2022,47604815,01,51
2022,47629520,01,51
2022,47632482,01,51
2022,47633542,01,51
2022,47639957,01,51
2022,47942520,01,51
2022,44475002,01,51
2022,47456490,01,51
2022,47678340,01,51
2022,47678341,01,51
2022,47678342,01,51
2022,47678343,01,51
2022,47678344,01,51
2022,45310750,01,51
2022,45310749,01,51
2022,45312678,01,51
2022,45314097,01,51
2022,45315137,01,51
2022,45315138,01,51
2022,45343922,01,51
2022,45343920,01,51
2022,45343921,01,51
2022,45492123,01,51
2022,45492124,01,51
2022,45492126,01,51
2022,45492128,01,51
2022,45492132,01,51
2022,45492157,01,51
2022,45492162,01,51
2022,45492163,01,51
2022,45492166,01,51
2022,45492167,01,51
2022,45492168,01,51
2022,45492171,01,51
2022,45492172,01,51
2022,45492175,01,51
2022,45492177,01,51
2022,45492207,01,51
2022,45492218,01,51
2022,45492121,01,51
2022,45492125,01,51
2022,45492130,01,51
2022,45492158,01,51
2022,45492161,01,51
2022,45492164,01,51
2022,45492165,01,51
2022,45492169,01,51
2022,45492173,01,51
2022,45492176,01,51
2022,45492204,01,51
2022,45492209,01,51
2022,45492122,01,51
2022,45492127,01,51
2022,45492129,01,51
2022,45492131,01,51
2022,45492133,01,51
2022,45492134,01,51
2022,45492159,01,51
2022,45492160,01,51
2022,45492170,01,51
2022,45492174,01,51
2022,45492201,01,51
2022,45492203,01,51
2022,45492135,01,51
2022,45492137,01,51
2022,45492140,01,51
2022,45492142,01,51
2022,45492143,01,51
2022,45492145,01,51
2022,45492147,01,51
2022,45492150,01,51
2022,45492152,01,51
2022,45492154,01,51
2022,45492156,01,51
2022,45492178,01,51
2022,45492184,01,51
2022,45492185,01,51
2022,45492191,01,51
2022,45492197,01,51
2022,45492228,01,51
2022,45492233,01,51
2022,45492237,01,51
2022,45492259,01,51
2022,45492136,01,51
2022,45492138,01,51
2022,45492139,01,51
2022,45492144,01,51
2022,45492148,01,51
2022,45492155,01,51
2022,45492180,01,51
2022,45492181,01,51
2022,45492183,01,51
2022,45492187,01,51
2022,45492188,01,51
2022,45492189,01,51
2022,45492194,01,51
2022,45492196,01,51
2022,45492260,01,51
2022,45492141,01,51
2022,45492146,01,51
2022,45492149,01,51
2022,45492151,01,51
2022,45492153,01,51
2022,45492179,01,51
2022,44501330,01,51
2022,44501331,01,51
2022,44502150,01,51
2022,44502151,01,51
2022,44502152,01,51
2022,44502153,01,51
2022,44552469,01,51
2022,44552471,01,51
2022,44581587,01,51
2022,44581585,01,51
2022,44581588,01,51
2022,44581590,01,51
2022,44582220,01,51
2022,44582221,01,51
2022,44582222,01,51
2022,44643942,01,51
2022,44643948,01,51
2022,44643939,01,51
2022,44643941,01,51
2022,44643949,01,51
2022,44643940,01,51
2022,44643943,01,51
2022,44643944,01,51
2022,44643951,01,51
2022,44643945,01,51
2022,44643950,01,51
2022,44643952,01,51
2022,44643946,01,51
2022,44645645,01,51
2022,44645644,01,51
2022,44645646,01,51
2022,44661190,01,51
2022,44677213,01,51
2022,44677214,01,51
2022,44677535,01,51
2022,44688074,01,51
2022,44688076,01,51
2022,44688077,01,51
2022,44688075,01,51
2022,44698880,01,51
2022,44718118,01,51
2022,44719459,01,51
2022,44719458,01,51
2022,44725008,01,51
2022,44751440,01,51
2022,44760236,01,51
2022,44801512,01,51
2022,44801513,01,51
2022,44751441,01,51
2022,44760237,01,51
2022,44801516,01,51
2022,44801515,01,51
2022,44801514,01,51
2022,44824710,01,51
2022,44824708,01,51
2022,44829090,01,51
2022,45492182,01,51
2022,45492186,01,51
2022,45492190,01,51
2022,45492192,01,51
2022,45492208,01,51
2022,45492210,01,51
2022,45492241,01,51
2022,45492214,01,51
2022,44854375,01,51
2022,44854374,01,51
2022,44873958,01,51
2022,44873957,01,51
2022,44907815,01,51
2022,44907816,01,51
2022,44907817,01,51
2022,44907818,01,51
2022,44907819,01,51
2022,44926891,01,51
2022,44926890,01,51
2022,44931070,01,51
2022,44935169,01,51
2022,44940646,01,51
2022,44940647,01,51
2022,44950118,01,51
2022,44950119,01,51
2022,44950117,01,51
2022,44970697,01,51
2022,44975469,01,51
2022,45008596,01,51
2022,45008597,01,51
2022,45008598,01,51
2022,45009869,01,51
2022,45032880,01,51
2022,45034510,01,51
2022,45034511,01,51
2022,45048350,01,51
2022,45048346,01,51
2022,45048348,01,51
2022,45048347,01,51
2022,45048349,01,51
2022,45086969,01,51
2022,45086972,01,51
2022,45492648,01,51
2022,45492227,01,51
2022,45086971,01,51
2022,45095731,01,51
2022,45095732,01,51
2022,45095733,01,51
2022,45096985,01,51
2022,45096984,01,51
2022,45266539,01,51
2022,45266538,01,51
2022,45267501,01,51
2022,45492343,01,51
2022,45492355,01,51
2022,45492370,01,51
2022,45492287,01,51
2022,45492439,01,51
2022,45492588,01,51
2022,45492572,01,51
2022,45670891,01,51
2022,45027325,01,51
2022,45027326,01,51
2022,45027329,01,51
2022,45027333,01,51
2022,45027335,01,51
2022,45027369,01,51
2022,45027370,01,51
2022,45027372,01,51
2022,45027376,01,51
2022,45027380,01,51
2022,45027381,01,51
2022,45027383,01,51
2022,45027386,01,51
2022,45027388,01,51
2022,45027390,01,51
2022,45027393,01,51
2022,45027340,01,51
2022,45027345,01,51
2022,45027346,01,51
2022,45027348,01,51
2022,45027353,01,51
2022,45027355,01,51
2022,45027358,01,51
2022,45027360,01,51
2022,45027366,01,51
2022,45027368,01,51
2022,45027402,01,51
2022,45027404,01,51
2022,45027407,01,51
2022,45027412,01,51
2022,45027417,01,51
2022,45027420,01,51
2022,45027422,01,51
2022,45027423,01,51
2022,45027424,01,51
2022,45027427,01,51
2022,45027429,01,51
2022,45027433,01,51
2022,45027435,01,51
2022,45027441,01,51
2022,45027443,01,51
2022,45027444,01,51
2022,45027445,01,51
2022,45027448,01,51
2022,45027323,01,51
2022,45027324,01,51
2022,45027328,01,51
2022,45027330,01,51
2022,45027334,01,51
2022,45027336,01,51
2022,45027337,01,51
2022,45027338,01,51
2022,45027373,01,51
2022,45027374,01,51
2022,45027379,01,51
2022,45027384,01,51
2022,45027385,01,51
2022,45027391,01,51
2022,45027395,01,51
2022,45027399,01,51
2022,45027454,01,51
2022,45027456,01,51
2022,45027461,01,51
2022,45027462,01,51
2022,45027464,01,51
2022,45027465,01,51
2022,45027468,01,51
2022,45027474,01,51
2022,45027476,01,51
2022,45027478,01,51
2022,45027327,01,51
2022,45027331,01,51
2022,45027339,01,51
2022,45027341,01,51
2022,45027343,01,51
2022,45027349,01,51
2022,45027352,01,51
2022,45027357,01,51
2022,45027359,01,51
2022,45027367,01,51
2022,45027401,01,51
2022,45027403,01,51
2022,45027406,01,51
2022,45027409,01,51
2022,45027410,01,51
2022,45027413,01,51
2022,45027414,01,51
2022,45027415,01,51
2022,45027416,01,51
2022,45027421,01,51
2022,45027426,01,51
2022,45027428,01,51
2022,45027431,01,51
2022,45027438,01,51
2022,45027439,01,51
2022,45027440,01,51
2022,45027442,01,51
2022,45027451,01,51
2022,45027452,01,51
2022,45027481,01,51
2022,45027488,01,51
2022,45027490,01,51
2022,45027342,01,51
2022,45027344,01,51
2022,45027347,01,51
2022,45027350,01,51
2022,45027351,01,51
2022,45027354,01,51
2022,45027356,01,51
2022,45027361,01,51
2022,45027362,01,51
2022,45027363,01,51
2022,45027364,16,52
2022,45027365,01,51
2022,45027400,01,51
2022,45027405,01,51
2022,45027408,01,51
2022,45027411,01,51
2022,45027418,01,51
2022,45027419,01,51
2022,45027371,01,51
2022,45027375,01,51
2022,45027377,01,51
2022,45027378,01,51
2022,45027382,01,51
2022,45027387,01,51
2022,45027389,01,51
2022,45027392,01,51
2022,45027394,01,51
2022,45027397,01,51
2022,45027398,01,51
2022,45027453,01,51
2022,45027457,01,51
2022,45027459,01,51
2022,45027463,01,51
2022,45027466,01,51
2022,45267503,01,51
2022,45027467,01,51
2022,45267502,01,51
2022,45027470,01,51
2022,45027472,01,51
2022,45027475,01,51
2022,45027477,01,51
2022,45027396,01,51
2022,45027425,01,51
2022,45027430,01,51
2022,45027432,01,51
2022,45027434,01,51
2022,45027436,01,51
2022,45027437,01,51
2022,45027446,01,51
2022,45027447,01,51
2022,45027449,01,51
2022,45027450,01,51
2022,45027455,01,51
2022,45027458,01,51
2022,45027460,01,51
2022,45027469,01,51
2022,45027471,01,51
2022,45027473,01,51
2022,45027479,01,51
2022,45027480,01,51
2022,45027483,01,51
2022,45027484,01,51
2022,45027485,01,51
2022,45027491,01,51
2022,45027482,01,51
2022,45027486,01,51
2022,45027487,01,51
2022,45027489,01,51
2022,45027492,01,51
2022,45027493,01,51
2022,45027494,01,51
2022,45032885,01,51
2022,47583743,01,51
2022,45492120,01,51
2022,45492200,01,51
2022,45492205,01,51
2022,45492206,01,51
2022,45492215,01,51
2022,45492220,11,1
2022,45492221,01,51
2022,45492242,01,51
2022,45492251,01,51
2022,45492256,01,51
2022,45492281,01,51
2022,45492283,01,51
2022,45492211,01,51
2022,45492202,01,51
2022,45492222,01,51
2022,45492226,01,51
2022,45492230,01,51
2022,45492238,01,51
2022,45492193,01,51
2022,45492195,01,51
2022,45492223,01,51
2022,45492225,01,51
2022,45492229,01,51
2022,45492232,01,51
2022,45492235,01,51
2022,45492236,01,51
2022,45492265,01,51
2022,45492269,01,51
2022,45492273,01,51
2022,45492276,01,51
2022,45492306,01,51
2022,45492307,01,51
2022,45492308,01,51
2022,45492309,01,51
2022,45492314,01,51
2022,45492316,01,51
2022,45492320,01,51
2022,45492321,01,51
2022,45492326,01,51
2022,45492328,01,51
2022,45492334,01,51
2022,45492335,01,51
2022,45492337,01,51
2022,45492339,01,51
2022,45492198,01,51
2022,45492199,01,51
2022,45492212,01,51
2022,45492219,01,51
2022,45270034,01,51
2022,45270036,01,51
2022,45270035,01,51
2022,45270038,01,51
2022,45273427,01,51
2022,45279247,01,51
2022,45492213,01,51
2022,45492216,01,51
2022,45492217,01,51
2022,45492240,01,51
2022,45492243,01,51
2022,45492244,01,51
2022,45492245,01,51
2022,45492246,01,51
2022,45492247,01,51
2022,45492248,01,51
2022,45492252,01,51
2022,45492253,01,51
2022,45492254,01,51
2022,45492255,01,51
2022,45492258,01,51
2022,45492285,01,51
2022,45492292,01,51
2022,45492294,01,51
2022,45492295,01,51
2022,45492296,01,51
2022,45492300,01,51
2022,45492384,01,51
2022,45492386,01,51
2022,45492391,01,51
2022,45492392,01,51
2022,45492401,01,51
2022,45492404,01,51
2022,45492468,01,51
2022,45492469,01,51
2022,45492470,01,51
2022,45492472,01,51
2022,45492474,01,51
2022,45492477,01,51
2022,45492479,01,51
2022,45492482,01,51
2022,45492483,01,51
2022,45492484,01,51
2022,45492489,01,51
2022,45492495,01,51
2022,45492497,01,51
2022,45492500,01,51
2022,45492502,01,51
2022,45492507,01,51
2022,45492640,01,51
2022,45492647,01,51
2022,45492661,01,51
2022,45492224,01,51
2022,45492231,01,51
2022,45492234,01,51
2022,45492239,01,51
2022,45492261,01,51
2022,45492263,01,51
2022,45492264,01,51
2022,45492266,01,51
2022,45492268,01,51
2022,45492271,01,51
2022,45492278,01,51
2022,45492280,01,51
2022,45492302,01,51
2022,45492305,01,51
2022,45492312,01,51
2022,45492313,01,51
2022,45492317,01,51
2022,45492318,01,51
2022,45492322,01,51
2022,45492325,01,51
2022,45492331,01,51
2022,45492333,01,51
2022,45492338,01,51
2022,45492341,01,51
2022,45492345,01,51
2022,45492348,01,51
2022,45492350,01,51
2022,45492354,01,51
2022,45492359,01,51
2022,45492360,01,51
2022,45492368,01,51
2022,45492373,01,51
2022,45492375,01,51
2022,45492376,01,51
2022,45492378,01,51
2022,45492382,01,51
2022,45492410,01,51
2022,45492419,01,51
2022,45492421,01,51
2022,45492423,01,51
2022,45492425,01,51
2022,45492429,01,51
2022,45492430,01,51
2022,45492436,01,51
2022,45492438,01,51
2022,45492441,01,51
2022,45492443,01,51
2022,45492445,01,51
2022,45492447,01,51
2022,45492449,01,51
2022,45492450,01,51
2022,45492451,01,51
2022,45492453,01,51
2022,45492456,01,51
2022,45492458,01,51
2022,45492463,01,51
2022,45492465,01,51
2022,45492514,01,51
2022,45492517,01,51
2022,45492518,01,51
2022,45492528,01,51
2022,45492532,01,51
2022,45492249,01,51
2022,45492250,01,51
2022,45492257,01,51
2022,45492262,01,51
2022,45492267,01,51
2022,45492270,01,51
2022,45492272,01,51
2022,45492274,01,51
2022,45492275,01,51
2022,45492277,01,51
2022,45492279,01,51
2022,45492303,01,51
2022,45492304,01,51
2022,45492310,01,51
2022,45492311,01,51
2022,45492282,01,51
2022,45492284,01,51
2022,45492288,01,51
2022,45492289,01,51
2022,45492297,01,51
2022,45492387,01,51
2022,45492389,01,51
2022,45492396,01,51
2022,45492398,01,51
2022,45492399,01,51
2022,45492402,01,51
2022,45492403,01,51
2022,45492471,01,51
2022,45492475,01,51
2022,45492478,01,51
2022,45492480,01,51
2022,45492481,01,51
2022,45492485,01,51
2022,45492487,01,51
2022,45492498,01,51
2022,45492506,01,51
2022,45492508,01,51
2022,45492560,01,51
2022,45492594,01,51
2022,45492607,01,51
2022,45492676,01,51
2022,45492685,01,51
2022,45492286,01,51
2022,45492290,01,51
2022,45492291,01,51
2022,45492293,01,51
2022,45492298,01,51
2022,45492299,01,51
2022,45492301,01,51
2022,45492383,01,51
2022,45492385,01,51
2022,45492388,01,51
2022,45492390,01,51
2022,45492393,01,51
2022,45492394,01,51
2022,45492395,01,51
2022,45492397,01,51
2022,45492400,01,51
2022,45492405,01,51
2022,45492473,01,51
2022,45492476,01,51
2022,45492486,01,51
2022,45492488,01,51
2022,45492501,01,51
2022,45279248,01,51
2022,45279246,01,51
2022,45279249,01,51
2022,45279250,01,51
2022,45279244,01,51
2022,45279245,01,51
2022,45279251,01,51
2022,45306443,01,51
2022,45310733,01,51
2022,45293624,01,51
2022,45295988,01,51
2022,45295989,01,51
2022,45492315,01,51
2022,45492319,01,51
2022,45492323,01,51
2022,45492324,01,51
2022,45492327,01,51
2022,45492329,01,51
2022,45492330,01,51
2022,45492332,01,51
2022,45492336,01,51
2022,45492340,01,51
2022,45492346,01,51
2022,45492347,01,51
2022,45492349,01,51
2022,45492352,01,51
2022,45492356,01,51
2022,45492361,01,51
2022,45492364,01,51
2022,45492366,01,51
2022,45492371,01,51
2022,45492372,01,51
2022,45492377,01,51
2022,45492379,01,51
2022,45492408,01,51
2022,45492411,01,51
2022,45492412,01,51
2022,45492414,01,51
2022,45492416,01,51
2022,45492418,01,51
2022,45492422,01,51
2022,45492426,01,51
2022,45492431,01,51
2022,45492432,01,51
2022,45492433,01,51
2022,45492342,01,51
2022,45492344,01,51
2022,45492351,01,51
2022,45492353,01,51
2022,45492357,01,51
2022,45492358,01,51
2022,45492362,01,51
2022,45492363,01,51
2022,45492365,01,51
2022,45492367,01,51
2022,45492369,01,51
2022,45492374,01,51
2022,45492380,01,51
2022,45492381,01,51
2022,45492406,01,51
2022,45492407,01,51
2022,45492409,01,51
2022,45492413,01,51
2022,45492415,01,51
2022,45492417,01,51
2022,45492420,01,51
2022,45492424,01,51
2022,45492427,01,51
2022,45492428,01,51
2022,45492434,01,51
2022,45492435,01,51
2022,45492440,01,51
2022,45492460,01,51
2022,45492466,01,51
2022,45492511,01,51
2022,45492520,01,51
2022,45492524,01,51
2022,45492527,01,51
2022,45492437,01,51
2022,45492442,01,51
2022,45492444,01,51
2022,45492446,01,51
2022,45492448,01,51
2022,45492452,01,51
2022,45492454,01,51
2022,45492455,01,51
2022,45492457,01,51
2022,45492459,01,51
2022,45492461,01,51
2022,45492462,01,51
2022,45492464,01,51
2022,45492467,01,51
2022,45492512,01,51
2022,45492515,01,51
2022,45492521,01,51
2022,45492526,01,51
2022,45492538,01,51
2022,45492618,01,51
2022,45492573,01,51
2022,45492743,01,51
2022,45492584,01,51
2022,45492641,01,51
2022,45492654,01,51
2022,45312666,01,51
2022,45308880,01,51
2022,45308881,01,51
2022,45298976,01,51
2022,45309686,01,51
2022,45309685,01,51
2022,45309687,01,51
2022,45312324,01,51
2022,45304929,01,51
2022,45704811,01,51
2022,45710654,01,51
2022,45304928,01,51
2022,45304930,01,51
2022,45315099,01,51
2022,45320771,01,51
2022,45330998,01,51
2022,45330999,01,51
2022,45331000,01,51
2022,45331001,01,51
2022,45331002,01,51
2022,45343892,01,51
2022,45491802,01,51
2022,45491804,01,51
2022,45491807,01,51
2022,45491803,01,51
2022,45491805,01,51
2022,45491808,01,51
2022,45491810,01,51
2022,45491806,01,51
2022,45491809,01,51
2022,45491811,01,51
2022,45491812,01,51
2022,45491813,01,51
2022,45530568,01,51
2022,45121008,01,51
2022,45140375,01,51
2022,45492503,01,51
2022,45148060,01,51
2022,45492529,01,51
2022,45492552,01,51
2022,45148061,01,51
2022,45492554,01,51
2022,45492559,01,51
2022,45492564,01,51
2022,45492566,01,51
2022,45492568,01,51
2022,45492598,01,51
2022,45492601,01,51
2022,45492603,01,51
2022,45492604,01,51
2022,45492606,01,51
2022,45492644,01,51
2022,45492645,01,51
2022,45492655,01,51
2022,45492658,01,51
2022,45492660,01,51
2022,45492663,01,51
2022,45492667,01,51
2022,45492668,01,51
2022,45492669,01,51
2022,45492678,01,51
2022,45492510,01,51
2022,45492516,01,51
2022,45492519,01,51
2022,45492522,01,51
2022,45492535,01,51
2022,45492490,01,51
2022,45492493,01,51
2022,45492494,01,51
2022,45492496,01,51
2022,45492499,01,51
2022,45492504,01,51
2022,45492550,01,51
2022,45492551,01,51
2022,45492557,01,51
2022,45492561,01,51
2022,45492565,01,51
2022,45492569,01,51
2022,45492570,01,51
2022,45492591,01,51
2022,45492593,01,51
2022,45492595,01,51
2022,45492597,01,51
2022,45492599,01,51
2022,45492602,01,51
2022,45492609,01,51
2022,45492637,01,51
2022,45492639,01,51
2022,45492642,01,51
2022,45492643,01,51
2022,45492649,01,51
2022,45492651,01,51
2022,45492656,01,51
2022,45492659,01,51
2022,45492664,01,51
2022,45492671,01,51
2022,45492672,01,51
2022,45492674,01,51
2022,45492675,01,51
2022,45492677,01,51
2022,45492684,01,51
2022,45492688,01,51
2022,45492720,01,51
2022,45492721,01,51
2022,45492723,01,51
2022,45492725,01,51
2022,45492727,01,51
2022,45492491,01,51
2022,45492492,01,51
2022,45492505,01,51
2022,45492509,01,51
2022,45492549,01,51
2022,45492553,01,51
2022,45492555,01,51
2022,45492556,01,51
2022,45492558,01,51
2022,45492562,01,51
2022,45492563,01,51
2022,45492567,01,51
2022,45492592,01,51
2022,45492596,01,51
2022,45492600,01,51
2022,45492605,01,51
2022,45492608,01,51
2022,45492513,01,51
2022,45492530,01,51
2022,45492531,01,51
2022,45492533,01,51
2022,45492541,01,51
2022,45492543,01,51
2022,45492523,01,51
2022,45492525,01,51
2022,45492534,01,51
2022,45492542,01,51
2022,45492545,01,51
2022,45492574,01,51
2022,45492577,01,51
2022,45492580,01,51
2022,45492581,01,51
2022,45492585,01,51
2022,45492587,01,51
2022,45492589,01,51
2022,45492612,01,51
2022,45492613,01,51
2022,45492620,01,51
2022,45492623,01,51
2022,45492629,01,51
2022,45492630,01,51
2022,45492632,01,51
2022,45492698,01,51
2022,45492704,01,51
2022,45492708,01,51
2022,45492712,01,51
2022,45492713,01,51
2022,45492738,01,51
2022,45492740,01,51
2022,45492536,01,51
2022,45492537,01,51
2022,45492539,01,51
2022,45492540,01,51
2022,45492544,01,51
2022,45492547,01,51
2022,45492571,01,51
2022,45492576,01,51
2022,45492579,01,51
2022,45492582,01,51
2022,45492583,01,51
2022,45492586,01,51
2022,45492590,01,51
2022,45492610,01,51
2022,45492614,01,51
2022,45492617,01,51
2022,45492619,01,51
2022,45492621,01,51
2022,45492624,01,51
2022,45492626,01,51
2022,45492628,01,51
2022,45492695,01,51
2022,45492700,01,51
2022,45492702,01,51
2022,45492706,01,51
2022,45492709,01,51
2022,45492710,01,51
2022,45492714,01,51
2022,45492737,01,51
2022,45492739,01,51
2022,45492741,01,51
2022,45492744,01,51
2022,45492750,01,51
2022,45492752,01,51
2022,45492755,01,51
2022,45492757,01,51
2022,45492758,01,51
2022,45492759,01,51
2022,45492765,01,51
2022,45492770,01,51
2022,45492771,01,51
2022,45492773,01,51
2022,45492546,01,51
2022,45492548,01,51
2022,45492575,01,51
2022,45492578,01,51
2022,45492611,01,51
2022,45492615,01,51
2022,45492616,01,51
2022,45492622,01,51
2022,45492625,01,51
2022,45492627,01,51
2022,45492631,01,51
2022,45492694,01,51
2022,45492696,01,51
2022,45492697,01,51
2022,45492699,01,51
2022,45492701,01,51
2022,45492703,01,51
2022,45492705,01,51
2022,45492707,01,51
2022,45492711,01,51
2022,45492736,01,51
2022,45492745,01,51
2022,45492747,01,51
2022,45492748,01,51
2022,45492749,01,51
2022,45492753,01,51
2022,45492762,01,51
2022,45492764,01,51
2022,45492766,01,51
2022,45492774,01,51
2022,45492819,01,51
2022,45492821,01,51
2022,45492823,01,51
2022,45492826,01,51
2022,45492834,01,51
2022,45492837,01,51
2022,45492633,01,51
2022,45492634,01,51
2022,45492635,01,51
2022,45492636,01,51
2022,45492638,01,51
2022,45492646,01,51
2022,45492650,01,51
2022,45492652,01,51
2022,45492653,01,51
2022,45492657,01,51
2022,45492662,01,51
2022,45492665,01,51
2022,45492666,01,51
2022,45492670,01,51
2022,45492673,01,51
2022,45492679,01,51
2022,45492680,01,51
2022,45492682,01,51
2022,45492686,01,51
2022,45492689,01,51
2022,45492691,01,51
2022,45492692,01,51
2022,45492715,01,51
2022,45492681,01,51
2022,45492683,01,51
2022,45492687,01,51
2022,45492690,01,51
2022,45492693,01,51
2022,45492716,01,51
2022,45492717,01,51
2022,45492719,01,51
2022,45492724,01,51
2022,45492734,01,51
2022,45492735,01,51
2022,45492779,01,51
2022,45492782,01,51
2022,45331005,01,51
2022,45492784,01,51
2022,45492785,01,51
2022,45492787,01,51
2022,45492788,01,51
2022,45492790,01,51
2022,45492792,01,51
2022,45492794,01,51
2022,45492718,01,51
2022,45492722,01,51
2022,45331003,01,51
2022,45492726,01,51
2022,45331004,01,51
2022,45492729,01,51
2022,45492731,01,51
2022,45499144,01,51
2022,45492732,01,51
2022,45492781,01,51
2022,45499143,01,51
2022,45492783,01,51
2022,45492795,01,51
2022,45499659,01,51
2022,45492796,01,51
2022,45492798,01,51
2022,45526426,01,51
2022,45492801,01,51
2022,45492803,01,51
2022,45526424,01,51
2022,45492808,01,51
2022,45492810,01,51
2022,45492811,01,51
2022,45526429,01,51
2022,45492813,01,51
2022,45491824,01,51
2022,45492814,01,51
2022,45492816,01,51
2022,45491825,01,51
2022,45492817,01,51
2022,45491826,01,51
2022,45492839,01,51
2022,45492841,01,51
2022,45491828,01,51
2022,45492844,01,51
2022,45491831,01,51
2022,45492728,01,51
2022,45491815,01,51
2022,45492730,01,51
2022,45491818,01,51
2022,45492733,01,51
2022,45491821,01,51
2022,45492777,01,51
2022,45492778,01,51
2022,45491822,01,51
2022,45492780,01,51
2022,45491827,01,51
2022,45492786,01,51
2022,45491830,01,51
2022,45492789,01,51
2022,45491833,01,51
2022,45492791,01,51
2022,45491835,01,51
2022,45492793,01,51
2022,45491838,01,51
2022,45492799,01,51
2022,45492800,01,51
2022,45491843,01,51
2022,45492804,01,51
2022,45491844,01,51
2022,45492805,01,51
2022,45491846,01,51
2022,45492809,01,51
2022,45491849,01,51
2022,45492812,01,51
2022,45491814,01,51
2022,45492815,01,51
2022,45492840,01,51
2022,45491816,01,51
2022,45492842,01,51
2022,45491817,01,51
2022,45492845,01,51
2022,45491819,01,51
2022,45491820,01,51
2022,45491823,01,51
2022,45491829,01,51
2022,45491832,01,51
2022,45491836,01,51
2022,45492742,01,51
2022,45491840,01,51
2022,45492746,01,51
2022,45491841,01,51
2022,45492751,01,51
2022,45491842,01,51
2022,45492754,01,51
2022,45491847,01,51
2022,45492756,01,51
2022,45491848,01,51
2022,45492760,01,51
2022,45491834,01,51
2022,45492761,01,51
2022,45492763,01,51
2022,45491837,01,51
2022,45492767,01,51
2022,45491839,01,51
2022,45492768,01,51
2022,45491845,01,51
2022,45492769,01,51
2022,45491850,01,51
2022,45492772,01,51
2022,45492775,01,51
2022,45530567,01,51
2022,45492822,01,51
2022,45492825,01,51
2022,45530566,01,51
2022,45492829,01,51
2022,45492831,01,51
2022,45535178,01,51
2022,45492832,01,51
2022,45492833,01,51
2022,45535177,01,51
2022,45492836,01,51
2022,45536917,01,51
2022,45492776,01,51
2022,45492820,01,51
2022,45536918,01,51
2022,45492824,01,51
2022,45492827,01,51
2022,45539539,01,51
2022,45492828,01,51
2022,45541815,01,51
2022,45492830,01,51
2022,45492835,01,51
2022,45541816,01,51
2022,45492797,01,51
2022,45492802,01,51
2022,45541814,01,51
2022,45492806,01,51
2022,45561211,01,51
2022,45492807,01,51
2022,45492818,01,51
2022,45574121,01,51
2022,45492838,01,51
2022,45492843,01,51
2022,45574119,01,51
2022,45675478,01,51
2022,45574120,01,51
2022,45670893,01,51
2022,45579621,01,51
2022,45670892,01,51
2022,45579623,01,51
2022,45579620,01,51
2022,45754874,01,51
2022,45579622,01,51
2022,45754876,01,51
2022,45526430,01,51
2022,45533136,01,51
2022,45628500,01,51
2022,45628501,01,51
2022,45540855,01,51
2022,45543300,01,51
2022,45543301,01,51
2022,45574122,01,51
2022,45574123,01,51
2022,45750271,01,51
2022,45754867,01,51
2022,45754868,01,51
2022,45763209,01,51
2022,45764749,01,51
2022,45764748,01,51
2022,45801716,01,51
2022,45801718,01,51
2022,45710638,01,51
2022,45710639,01,51
2022,45710632,01,51
2022,45710636,01,51
2022,45710631,01,51
2022,45710633,01,51
2022,45710634,01,51
2022,45710635,01,51
2022,45710637,01,51
2022,45710640,01,51
2022,45710641,01,51
2022,45714037,01,51
2022,45714529,01,51
2022,45714527,01,51
2022,45714528,01,51
2022,45715901,01,51
2022,45716427,01,51
2022,45716428,01,51
2022,45773174,01,51
2022,45736514,01,51
2022,45736513,01,51
2022,45736778,01,51
2022,45778726,01,51
2022,45780311,01,51
2022,45780313,01,51
2022,45780314,01,51
2022,45780316,01,51
2022,45780312,01,51
2022,45780315,01,51
2022,45741274,01,51
2022,45741275,01,51
2022,45741273,01,51
2022,45746892,01,51
2022,45784653,01,51
2022,45844930,01,51
2022,45844932,01,51
2022,45822749,01,51
2022,45822750,01,51
2022,45822751,01,51
2022,45778728,01,51
2022,45778729,01,51
2022,45778727,01,51
2022,45965363,01,51
2022,45946167,01,51
2022,45946169,01,51
2022,45946166,01,51
2022,45946168,01,51
2022,45866802,01,51
2022,45947275,01,51
2022,45947276,01,51
2022,45947277,01,51
2022,45873184,01,51
2022,45921673,01,51
2022,45954758,01,51
2022,45954757,01,51
2022,45927735,01,51
2022,45927740,01,51
2022,45927737,01,51
2022,45927739,01,51
2022,45927736,01,51
2022,45927738,01,51
2022,46071349,01,51
2022,46071347,01,51
2022,45989179,01,51
2022,45989177,01,51
2022,45989178,01,51
2022,45989176,01,51
2022,45989180,01,51
2022,46124681,01,51
2022,46124680,01,51
2022,45993487,01,51
2022,45993490,01,51
2022,45993489,01,51
2022,45993486,01,51
2022,45993488,01,51
2022,45993491,01,51
2022,46083832,01,51
2022,46083834,01,51
2022,46083833,01,51
2022,46002040,01,51
2022,46002037,01,51
2022,46002036,01,51
2022,46002038,01,51
2022,46002039,01,51
2022,46009279,01,51
2022,46009280,01,51
2022,46010649,01,51
2022,46010650,01,51
2022,46015364,01,51
2022,46095248,01,51
2022,46095246,01,51
2022,46095250,01,51
2022,46129353,01,51
2022,46025000,01,51
2022,46024999,01,51
2022,46037758,01,51
2022,46037759,01,51
2022,46040185,01,51
2022,46040180,01,51
2022,46040181,01,51
2022,46040183,01,51
2022,46067220,01,51
2022,46067219,01,51
2022,46171864,01,51
2022,46037761,01,51
2022,45754875,01,51
2022,46037760,01,51
2022,46116524,01,51
2022,45701357,01,51
2022,46245473,01,51
2022,45702070,01,51
2022,46245474,01,51
2022,45704780,01,51
2022,46175332,01,51
2022,45704785,01,51
2022,45704786,01,51
2022,46175333,01,51
2022,46175331,01,51
2022,45704795,01,51
2022,45704814,01,51
2022,46239826,01,51
2022,45763215,01,51
2022,45710656,01,51
2022,46239827,01,51
2022,45710655,01,51
2022,46204156,01,51
2022,45716940,01,51
2022,46209529,01,51
2022,45730756,01,51
2022,45730759,01,51
2022,46232460,01,51
2022,45730760,01,51
2022,46232461,01,51
2022,45741281,01,51
2022,46232462,01,51
2022,45741278,01,51
2022,46259129,01,51
2022,45741279,01,51
2022,45741280,01,51
2022,46259131,01,51
2022,45746924,01,51
2022,46259130,01,51
2022,46259767,01,51
2022,46259766,01,51
2022,46269501,01,51
2022,45701353,01,51
2022,46277036,01,51
2022,45701358,01,51
2022,46277035,01,51
2022,45701361,01,51
2022,45701364,01,51
2022,46277033,01,51
2022,45701366,01,51
2022,46277034,01,51
2022,45701352,01,51
2022,46284503,01,51
2022,45701354,01,51
2022,45701360,01,51
2022,46284504,01,51
2022,45701363,01,51
2022,46292628,01,51
2022,45701365,01,51
2022,45701351,01,51
2022,46367987,01,51
2022,45701355,01,51
2022,45701356,01,51
2022,46367989,01,51
2022,45701359,01,51
2022,46367990,01,51
2022,45701362,01,51
2022,46367991,01,51
2022,45701367,01,51
2022,46367993,01,51
2022,45702071,01,51
2022,46367994,01,51
2022,45702075,01,51
2022,45702078,01,51
2022,46367988,01,51
2022,45702069,01,51
2022,46367992,01,51
2022,45702072,01,51
2022,46373671,01,51
2022,45702074,01,51
2022,46390889,01,51
2022,45702068,01,51
2022,45702073,01,51
2022,46391600,01,51
2022,45702076,01,51
2022,45702077,01,51
2022,46391601,01,51
2022,46395526,01,51
2022,46395525,01,51
2022,46395528,01,51
2022,46395527,01,51
2022,46395530,01,51
2022,46398449,01,51
2022,46534244,01,51
2022,46534243,01,51
2022,46536353,01,51
2022,46536354,01,51
2022,46538532,01,51
2022,46367995,01,51
2022,46367996,01,51
2022,46534246,01,51
2022,46534245,01,51
2022,46539017,01,51
2022,46549342,01,51
2022,46549343,01,51
2022,46549344,01,51
2022,46549345,01,51
2022,45702659,01,51
2022,45702663,01,51
2022,45702664,01,51
2022,45702667,01,51
2022,45702674,01,51
2022,45702676,01,51
2022,45702680,01,51
2022,45702683,01,51
2022,45702686,01,51
2022,45702688,01,51
2022,45702690,01,51
2022,46550149,01,51
2022,46550150,01,51
2022,46550151,01,51
2022,46586479,01,51
2022,46586480,01,51
2022,46586481,01,51
2022,46586482,01,51
2022,46586483,01,51
2022,46587867,01,51
2022,46598221,01,51
2022,46602832,01,51
2022,46602834,01,51
2022,46602833,01,51
2022,46602835,01,51
2022,46602836,01,51
2022,46611997,01,51
2022,46624685,01,51
2022,46627964,01,51
2022,46630903,01,51
2022,46647773,01,51
2022,46648376,01,51
2022,46692437,01,51
2022,46692438,01,51
2022,46692436,01,51
2022,46692439,01,51
2022,46692440,01,51
2022,46734853,01,51
2022,46734854,01,51
2022,46742767,01,51
2022,46742766,01,51
2022,46743239,01,51
2022,46743240,01,51
2022,46743241,01,51
2022,45702660,01,51
2022,46752134,01,51
2022,45702661,01,51
2022,46763352,01,51
2022,45702666,01,51
2022,45702670,01,51
2022,45702672,01,51
2022,45702677,01,51
2022,45702679,01,51
2022,45702682,01,51
2022,46765415,01,51
2022,45702685,01,51
2022,45702687,01,51
2022,46868445,01,51
2022,45702692,01,51
2022,45702695,01,51
2022,46868446,01,51
2022,45702662,01,51
2022,46868447,01,51
2022,45702665,01,51
2022,46869079,01,51
2022,45702668,01,51
2022,46800538,01,51
2022,45702669,01,51
2022,45702671,01,51
2022,46800535,01,51
2022,45702673,01,51
2022,45702675,01,51
2022,46800536,01,51
2022,45702678,01,51
2022,45702681,01,51
2022,45702684,01,51
2022,46800537,01,51
2022,45702689,01,51
2022,45702694,01,51
2022,46809037,01,51
2022,45702696,01,51
2022,46809038,01,51
2022,45702691,01,51
2022,45702693,01,51
2022,46809040,01,51
2022,45704767,01,51
2022,46820194,01,51
2022,46820196,01,51
2022,45704768,01,51
2022,46820195,01,51
2022,45704769,01,51
2022,45704771,01,51
2022,46834684,01,51
2022,45704773,01,51
2022,45704777,01,51
2022,46835368,01,51
2022,45704778,01,51
2022,45704782,01,51
2022,46858717,01,51
2022,45704784,01,51
2022,45704770,01,51
2022,45704772,01,51
2022,46858716,01,51
2022,45704774,01,51
2022,45704781,01,51
2022,46858718,01,51
2022,45704783,01,51
2022,45704787,01,51
2022,46858720,01,51
2022,45704788,01,51
2022,46858722,01,51
2022,45704775,01,51
2022,46858719,01,51
2022,45704776,01,51
2022,45704779,01,51
2022,46858721,01,51
2022,45704789,01,51
2022,46859315,01,51
2022,45704796,01,51
2022,45704800,01,51
2022,46859314,01,51
2022,45704804,01,51
2022,46894092,01,51
2022,45704807,01,51
2022,45704810,01,51
2022,46894093,01,51
2022,45704813,01,51
2022,45704816,01,51
2022,46921176,01,51
2022,45704819,01,51
2022,46921177,01,51
2022,46921178,01,51
2022,46921180,01,51
2022,46921179,01,51
2022,46921181,01,51
2022,46912705,01,51
2022,46912706,01,51
2022,46912704,01,51
2022,46916251,01,51
2022,46916250,01,51
2022,46920539,01,51
2022,46920540,01,51
2022,46923288,01,51
2022,46923287,01,51
2022,46923291,01,51
2022,46923293,01,51
2022,46923290,01,51
2022,46923285,01,51
2022,46923286,01,51
2022,46923292,01,51
2022,46923289,01,51
2022,46923294,01,51
2022,46947799,01,51
2022,46947800,01,51
2022,46947801,01,51
2022,46947798,01,51
2022,46956405,01,51
2022,46956404,01,51
2022,46956403,01,51
2022,47017280,01,51
2022,47017279,01,51
2022,47018697,01,51
2022,47021134,01,51
2022,47021131,01,51
2022,47021132,01,51
2022,47021133,01,51
2022,46611368,01,51
2022,46619077,01,51
2022,46619075,01,51
2022,46619076,01,51
2022,46633921,01,51
2022,46734481,01,51
2022,46734482,01,51
2022,46752135,01,51
2022,46752136,01,51
2022,46869080,01,51
2022,46850278,01,51
2022,46893168,01,51
2022,46947804,01,51
2022,46947803,01,51
2022,46947802,01,51
2022,47025785,01,51
2022,47025787,01,51
2022,47025786,01,51
2022,47025788,01,51
2022,47029482,01,51
2022,47029483,01,51
2022,47116996,01,51
2022,47116998,01,51
2022,47116997,01,51
2022,47116999,01,51
2022,47117400,01,51
2022,47044781,01,51
2022,47077198,01,51
2022,47085314,01,51
2022,47085315,01,51
2022,47087954,01,51
2022,47087955,01,51
2022,47089447,01,51
2022,47089636,01,51
2022,47155626,01,51
2022,47155627,01,51
2022,47160186,01,51
2022,47456404,01,51
2022,47456406,01,51
2022,47456407,01,51
2022,47456408,01,51
2022,47456412,01,51
2022,47456413,01,51
2022,47456417,01,51
2022,47456405,01,51
2022,47456411,01,51
2022,47456415,01,51
2022,47456416,01,51
2022,47456409,01,51
2022,47456410,01,51
2022,47456414,01,51
2022,47456424,01,51
2022,47456426,01,51
2022,47456427,01,51
2022,47456436,01,51
2022,47456441,01,51
2022,47456442,01,51
2022,47456445,01,51
2022,47456419,01,51
2022,47456421,01,51
2022,47456423,01,51
2022,47456429,01,51
2022,47456430,01,51
2022,47456431,01,51
2022,47456435,01,51
2022,47456437,01,51
2022,47456440,01,51
2022,47456447,01,51
2022,47456448,01,51
2022,47456422,01,51
2022,47456425,01,51
2022,47456428,01,51
2022,47456432,01,51
2022,47456433,01,51
2022,47456434,01,51
2022,47456438,01,51
2022,47456439,01,51
2022,47456443,01,51
2022,47456444,01,51
2022,47456446,01,51
2022,47456420,01,51
2022,47456418,01,51
2022,47509531,01,51
2022,47509532,01,51
2022,47799882,01,51
2022,47787072,01,51
2022,47456450,01,51
2022,47456449,01,51
2022,47456451,01,51
2022,47804289,01,51
2022,47805910,01,51
2022,47805908,01,51
2022,47805909,01,51
2022,47509535,01,51
2022,47509534,01,51
2022,47509536,01,51
2022,47510263,01,51
2022,47570337,01,51
2022,47835103,01,51
2022,47578839,01,51
2022,47590376,01,51
2022,47590373,01,51
2022,47590374,01,51
2022,47590375,01,51
2022,47593422,01,51
2022,47593423,01,51
2022,47604239,01,51
2022,47604238,01,51
2022,47604240,01,51
2022,47627137,01,51
2022,47627138,01,51
2022,47627139,01,51
2022,47629047,01,51
2022,47629048,01,51
2022,47639945,01,51
2022,47639946,01,51
2022,47641177,01,51
2022,47646414,01,51
2022,47647316,01,51
2022,47647317,01,51
2022,47647318,01,51
2022,44699330,01,51
2022,45704790,01,51
2022,45704793,01,51
2022,45704797,01,51
2022,45704798,01,51
2022,45704799,01,51
2022,45704802,01,51
2022,45704806,01,51
2022,45704808,01,51
2022,45704818,01,51
2022,45704820,01,51
2022,45704822,01,51
2022,45704826,01,51
2022,45704791,01,51
2022,45704792,01,51
2022,45704794,01,51
2022,45704801,01,51
2022,45704803,01,51
2022,45704809,01,51
2022,45704812,01,51
2022,45704815,01,51
2022,45704817,01,51
2022,45704823,01,51
2022,45704824,01,51
2022,45704825,01,51
2022,45704821,01,51
2022,45705412,01,51
2022,45705413,01,51
2022,45705414,01,51
2022,45705415,01,51
2022,45716891,01,51
2022,45716896,01,51
2022,45716885,01,51
2022,45716890,01,51
2022,45716892,01,51
2022,45716894,01,51
2022,45716899,01,51
2022,45716902,01,51
2022,45716905,01,51
2022,45716910,01,51
2022,45716912,01,51
2022,45716917,01,51
2022,45716921,01,51
2022,45716927,01,51
2022,45716929,01,51
2022,45716932,01,51
2022,45716936,01,51
2022,45716941,01,51
2022,45716944,01,51
2022,45716945,01,51
2022,45716951,01,51
2022,45716886,01,51
2022,45716887,01,51
2022,45716888,01,51
2022,45716889,01,51
2022,45716893,01,51
2022,45716895,01,51
2022,45716898,01,51
2022,45716901,01,51
2022,45716903,01,51
2022,45716906,01,51
2022,45716907,01,51
2022,45716908,01,51
2022,45716914,01,51
2022,45716916,01,51
2022,45716918,01,51
2022,45716920,01,51
2022,45716923,01,51
2022,45716924,01,51
2022,45716926,01,51
2022,45716928,01,51
2022,45716931,01,51
2022,45716933,01,51
2022,45716935,01,51
2022,45716938,01,51
2022,45716942,01,51
2022,45716946,01,51
2022,45716948,01,51
2022,45716950,01,51
2022,45716953,01,51
2022,45716897,01,51
2022,45716900,01,51
2022,45716904,01,51
2022,45716909,01,51
2022,45716911,01,51
2022,45716913,01,51
2022,45716915,01,51
2022,45716919,01,51
2022,45716922,01,51
2022,45716925,01,51
2022,45716930,01,51
2022,45716934,01,51
2022,45716937,01,51
2022,45716939,01,51
2022,45716943,01,51
2022,45716947,01,51
2022,45716949,01,51
2022,45716952,01,51
2022,45716954,01,51
2022,45730742,01,51
2022,45730743,01,51
2022,45730746,01,51
2022,45730751,01,51
2022,45730753,01,51
2022,45730754,01,51
2022,45730748,01,51
2022,45730749,01,51
2022,45730752,01,51
2022,45730738,01,51
2022,45730741,01,51
2022,45730755,01,51
2022,45730744,01,51
2022,45730745,01,51
2022,45730747,01,51
2022,45730750,01,51
2022,45730739,01,51
2022,45730740,01,51
2022,45730757,01,51
2022,45730758,01,51
2022,44699331,01,51
2022,44719460,01,51
2022,45295991,01,51
2022,45295990,01,51
2022,44801517,01,51
2022,44854376,01,51
2022,45298977,01,51
2022,45491867,01,51
2022,45491868,01,51
2022,45491870,01,51
2022,45491869,01,51
2022,45664396,01,51
2022,47713368,01,51
2022,47713370,01,51
2022,47713369,01,51
2022,47713371,01,51
2022,47713372,01,51
2022,47713373,01,51
2022,48340486,01,51
2022,47713374,01,51
2022,47713378,01,51
2022,47713376,01,51
2022,47713375,01,51
2022,47713377,01,51
2022,48346092,01,51
2022,48370045,01,51
2022,48356783,01,51
2022,48367605,01,51
2022,46764844,01,51
2022,48367606,01,51
2022,48367607,01,51
2022,48370046,01,51
2022,46764843,01,51
2022,48370047,01,51
2022,48438807,01,51
2022,48539612,01,51
2022,48539613,01,51
2022,48539614,01,51
2022,48539615,01,51
2022,48539616,01,51
2022,48539611,01,51
2022,45268281,01,51
2022,46764845,01,51
2022,45126893,01,51
2022,45096986,01,51
2022,47923966,01,51
2022,47923967,01,51
2022,47924332,01,51
2022,47924333,01,51
2022,47582774,01,51
2022,47880354,01,51
2022,47889317,01,51
2022,47889318,01,51
2022,47889319,01,51
2022,47894891,01,51
2022,47894890,01,51
2022,44753162,01,51
2022,46764846,01,51
2022,44840213,01,51
2022,44840212,01,51
2022,44931074,01,51
2022,44931075,01,51
2022,44961829,01,51
2022,44961830,01,51
2022,44961831,01,51
2022,45096988,01,51
2022,45096989,01,51
2022,45096991,01,51
2022,45096987,01,51
2022,45096990,01,51
2022,45096992,01,51
2022,45272317,01,51
2022,45315100,01,51
2022,45315101,01,51
2022,45315462,01,51
2022,45096993,01,51
2022,45526458,01,51
2022,45492923,01,51
2022,45754869,01,51
2022,45701342,01,51
2022,45701343,01,51
2022,45701345,01,51
2022,45701341,01,51
2022,45701344,01,51
2022,45765195,01,51
2022,45765194,01,51
2022,46602837,01,51
2022,45965364,01,51
2022,46002043,01,51
2022,46764847,01,51
2022,46071351,01,51
2022,46284507,01,51
2022,47632752,01,51
2022,46517414,01,51
2022,46517413,01,51
2022,46611998,01,51
2022,46764848,01,51
2022,46820545,01,51
2022,46743242,01,51
2022,46861504,01,51
2022,47044782,01,51
2022,47157338,01,51
2022,47456998,01,51
2022,47456999,01,51
2022,47457001,01,51
2022,47457000,01,51
2022,47457002,01,51
2022,47457003,01,51
2022,47604241,01,51
2022,47632753,01,51
2022,45513831,01,51
2022,44468546,01,51
2022,46764849,01,51
2022,44476822,01,51
2022,44502422,01,51
2022,44524270,01,51
2022,44582480,01,51
2022,44582481,01,51
2022,44582482,01,51
2022,44605846,01,51
2022,44634574,01,51
2022,46764850,01,51
2022,46764851,01,51
2022,46764852,01,51
2022,46764854,01,51
2022,46764853,01,51
2022,46764855,01,51
2022,46764856,01,51
2022,46764861,01,51
2022,46764857,01,51
2022,46764858,01,51
2022,46764859,01,51
2022,46764860,01,51
2022,46764864,01,51
2022,46764862,01,51
2022,46764863,01,51
2022,46764865,01,51
2022,46764866,01,51
2022,46764867,01,51
2022,46764868,01,51
2022,46764869,01,51
2022,46764870,01,51
2022,44644494,01,51
2022,44644495,01,51
2022,44662517,01,51
2022,44675230,01,51
2022,46764871,01,51
2022,46764872,01,51
2022,46764873,01,51
2022,46764874,01,51
2022,46764876,01,51
2022,46764875,01,51
2022,46764877,01,51
2022,46764879,01,51
2022,46764878,01,51
2022,46764883,01,51
2022,46764880,01,51
2022,46764881,01,51
2022,46764882,01,51
2022,46764884,01,51
2022,46764888,01,51
2022,46764885,01,51
2022,46764886,01,51
2022,46764887,01,51
2022,46764889,01,51
2022,46764893,01,51
2022,46764890,01,51
2022,46764891,01,51
2022,44675233,01,51
2022,44675232,01,51
2022,44675234,01,51
2022,44675231,01,51
2022,44841486,01,51
2022,44846638,01,51
2022,47457016,01,51
2022,48992627,01,51
2022,48992626,01,51
2022,45271522,01,51
2022,45516089,01,51
2022,44719665,01,51
2022,44725200,01,51
2022,44754537,01,51
2022,44754538,01,51
2022,44826851,01,51
2022,44826852,01,51
2022,44830306,01,51
2022,44841487,01,51
2022,44875553,01,51
2022,44875554,01,51
2022,44914322,01,51
2022,44937545,01,51
2022,44950790,01,51
2022,44950791,01,51
2022,44950792,01,51
2022,44962367,01,51
2022,44975162,01,51
2022,44975163,01,51
2022,45010258,01,51
2022,45028358,01,51
2022,45036076,01,51
2022,45092882,01,51
2022,46331010,01,51
2022,47457017,01,51
2022,47893043,01,51
2022,45165459,01,51
2022,45213581,01,51
2022,45213583,01,51
2022,45213584,01,51
2022,45213582,01,51
2022,46764892,01,51
2022,46764894,01,51
2022,46764895,01,51
2022,46764896,01,51
2022,46764897,01,51
2022,46764898,01,51
2022,46840841,01,51
2022,46840845,01,51
2022,46840847,01,51
2022,46840840,01,51
2022,46840842,01,51
2022,46840843,01,51
2022,46840848,01,51
2022,46840850,01,51
2022,46840851,01,51
2022,46840853,01,51
2022,46840854,01,51
2022,46840844,01,51
2022,46840846,01,51
2022,46840852,01,51
2022,46840855,01,51
2022,46840849,01,51
2022,46840856,01,51
2022,46840857,01,51
2022,46956416,01,51
2022,46956418,01,51
2022,46956411,01,51
2022,46956412,01,51
2022,46956413,01,51
2022,46956415,01,51
2022,46956417,01,51
2022,47100228,01,51
2022,47100227,01,51
2022,47100225,01,51
2022,47100226,01,51
2022,47108911,01,51
2022,47108912,01,51
2022,47108916,01,51
2022,47108917,01,51
2022,47108918,01,51
2022,47108919,01,51
2022,47108922,01,51
2022,47108924,01,51
2022,47108927,01,51
2022,47108910,01,51
2022,47108913,01,51
2022,47108914,01,51
2022,47108915,01,51
2022,47108920,01,51
2022,47108921,01,51
2022,47108923,01,51
2022,47108925,01,51
2022,47108926,01,51
2022,47025790,01,51
2022,47025791,01,51
2022,47025795,01,51
2022,47025799,01,51
2022,47025801,01,51
2022,47025803,01,51
2022,47025792,01,51
2022,47025793,01,51
2022,47025797,01,51
2022,47025798,01,51
2022,47025804,01,51
2022,47025805,01,51
2022,47025794,01,51
2022,47025796,01,51
2022,47025800,01,51
2022,47025802,01,51
2022,47117405,01,51
2022,47117408,01,51
2022,47117409,01,51
2022,47117411,01,51
2022,47117413,01,51
2022,47117415,01,51
2022,47117406,01,51
2022,47117407,01,51
2022,47117412,01,51
2022,47117414,01,51
2022,47117403,01,51
2022,47117404,01,51
2022,47117410,01,51
2022,46520497,01,51
2022,46528992,01,51
2022,46528993,01,51
2022,46528998,01,51
2022,46528999,01,51
2022,46529001,01,51
2022,46529002,01,51
2022,46529003,01,51
2022,46529004,01,51
2022,46529005,01,51
2022,46529017,01,51
2022,46528994,01,51
2022,46528995,01,51
2022,46528996,01,51
2022,46528997,01,51
2022,46529000,01,51
2022,46529006,01,51
2022,46529007,01,51
2022,46529008,01,51
2022,46529009,01,51
2022,46529010,01,51
2022,46529011,01,51
2022,46529012,01,51
2022,46529013,01,51
2022,46529014,01,51
2022,46529015,01,51
2022,46529016,01,51
2022,46529018,01,51
2022,46534257,01,51
2022,46534260,01,51
2022,46534263,01,51
2022,46534266,01,51
2022,46534262,01,51
2022,46534267,01,51
2022,46534269,01,51
2022,46534271,01,51
2022,46534272,01,51
2022,46534259,01,51
2022,46534261,01,51
2022,46534264,01,51
2022,46534265,01,51
2022,46534268,01,51
2022,46534270,01,51
2022,46534256,01,51
2022,46534258,01,51
2022,46536371,01,51
2022,46536372,01,51
2022,46536375,01,51
2022,46536382,01,51
2022,46536362,01,51
2022,46536363,01,51
2022,46536364,01,51
2022,46536369,01,51
2022,46536370,01,51
2022,46536376,01,51
2022,46536360,01,51
2022,46536365,01,51
2022,46536366,01,51
2022,46536367,01,51
2022,46536368,01,51
2022,46536377,01,51
2022,46536381,01,51
2022,46536357,01,51
2022,46536361,01,51
2022,46536378,01,51
2022,46536380,01,51
2022,46536358,01,51
2022,46536359,01,51
2022,46536379,01,51
2022,46536383,01,51
2022,46579309,01,51
2022,46579311,01,51
2022,46579313,16,52
2022,46579314,01,51
2022,46579318,01,51
2022,46579310,01,51
2022,46579312,01,51
2022,46579315,01,51
2022,46579308,01,51
2022,46579316,01,51
2022,46579317,01,51
2022,47189871,01,51
2022,47189872,01,51
2022,47189874,01,51
2022,47189875,01,51
2022,47189876,01,51
2022,47189873,01,51
2022,46633938,01,51
2022,46633929,01,51
2022,46633930,01,51
2022,46633935,01,51
2022,46633926,01,51
2022,46633928,01,51
2022,46633931,01,51
2022,46633932,01,51
2022,46633933,01,51
2022,46633927,01,51
2022,46633934,01,51
2022,46633936,01,51
2022,45213585,01,51
2022,46633937,01,51
2022,45268856,01,51
2022,46633939,01,51
2022,45306094,01,51
2022,46633940,01,51
2022,46633944,01,51
2022,46633945,01,51
2022,45307301,01,51
2022,46633942,01,51
2022,46633943,01,51
2022,45311495,01,51
2022,46633946,01,51
2022,46633947,01,51
2022,45313874,01,51
2022,46636831,01,51
2022,46636832,01,51
2022,45299823,01,51
2022,46636834,01,51
2022,46636835,01,51
2022,45299824,01,51
2022,46636829,01,51
2022,45299822,01,51
2022,46636836,01,51
2022,45321654,01,51
2022,46636814,01,51
2022,46636815,01,51
2022,45492931,01,51
2022,46636816,01,51
2022,46636817,01,51
2022,45492932,16,52
2022,46636818,01,51
2022,45755412,01,51
2022,46636819,01,51
2022,46636820,01,51
2022,45127574,01,51
2022,46636821,01,51
2022,46636822,01,51
2022,48758130,01,51
2022,46636823,01,51
2022,46636824,01,51
2022,45332695,01,51
2022,46636825,01,51
2022,46636826,01,51
2022,46636827,01,51
2022,46636828,01,51
2022,46636830,01,51
2022,45345059,01,51
2022,46636833,01,51
2022,45513833,01,51
2022,47216658,01,51
2022,47216661,01,51
2022,45513832,01,51
2022,47216665,01,51
2022,45492933,01,51
2022,47216654,01,51
2022,47216656,01,51
2022,45492935,01,51
2022,47216659,01,51
2022,45492936,01,51
2022,47216663,01,51
2022,45492939,01,51
2022,46734528,01,51
2022,45492943,01,51
2022,46734539,01,51
2022,45492938,01,51
2022,46734545,01,51
2022,45492934,01,51
2022,46734536,01,51
2022,45492937,01,51
2022,46734548,01,51
2022,46734534,01,51
2022,46734526,01,51
2022,46734530,01,51
2022,46734532,01,51
2022,46734538,01,51
2022,46734543,01,51
2022,46734523,01,51
2022,46734524,01,51
2022,46734527,01,51
2022,46734531,01,51
2022,46734540,01,51
2022,46734541,01,51
2022,46734542,01,51
2022,46734546,01,51
2022,46734549,01,51
2022,46734551,01,51
2022,46734857,01,51
2022,46734858,01,51
2022,45492941,01,51
2022,45492942,01,51
2022,45846145,01,51
2022,46763843,01,51
2022,45628797,01,51
2022,45540309,01,51
2022,45672175,01,51
2022,45580316,01,51
2022,45592067,01,51
2022,45592065,01,51
2022,45665115,01,51
2022,45665116,01,51
2022,45755413,01,51
2022,45766759,01,51
2022,45715278,01,51
2022,45716786,01,51
2022,45736779,01,51
2022,45737072,01,51
2022,45818516,01,51
2022,45780925,01,51
2022,45932243,01,51
2022,46260520,01,51
2022,46860402,01,51
2022,45763667,01,51
2022,45804703,01,51
2022,45777755,01,51
2022,45981197,01,51
2022,45846146,01,51
2022,45846148,01,51
2022,45846147,01,51
2022,45965760,01,51
2022,45933142,01,51
2022,45967482,01,51
2022,45867414,01,51
2022,45922127,01,51
2022,45996250,01,51
2022,46007201,01,51
2022,46100135,01,51
2022,46109999,01,51
2022,46044565,01,51
2022,46160188,01,51
2022,47457018,01,51
2022,47979941,01,51
2022,46160191,01,51
2022,46233609,01,51
2022,46176668,01,51
2022,47000102,01,51
2022,46270032,01,51
2022,46274140,01,51
2022,46282168,01,51
2022,46282169,01,51
2022,46307919,01,51
2022,46309483,01,51
2022,47027064,01,51
2022,47027063,01,51
2022,46379298,01,51
2022,46379299,01,51
2022,46548622,01,51
2022,48226727,01,51
2022,46875178,01,51
2022,46362242,01,51
2022,46362244,01,51
2022,46367352,16,52
2022,46392774,01,51
2022,46401846,01,51
2022,46433713,01,51
2022,46518311,01,51
2022,46548624,01,51
2022,46548625,01,51
2022,46569787,01,51
2022,46581809,01,51
2022,46598750,01,51
2022,46598751,01,51
2022,46614487,01,51
2022,46622828,01,51
2022,46637796,01,51
2022,46752753,01,51
2022,47930066,01,51
2022,47945572,01,51
2022,48504700,01,51
2022,48992629,01,51
2022,48992628,01,51
2022,46836019,01,51
2022,46841999,01,51
2022,46841997,01,51
2022,46841996,01,51
2022,46894941,01,51
2022,46919484,01,51
2022,46927414,01,51
2022,46929844,01,51
2022,47018944,01,51
2022,47030560,01,51
2022,47088453,01,51
2022,46622831,01,51
2022,46632355,01,51
2022,46637799,01,51
2022,46637797,01,51
2022,46649435,01,51
2022,46702482,01,51
2022,46722096,01,51
2022,47457020,01,51
2022,47457019,01,51
2022,47511206,01,51
2022,47930067,01,51
2022,48386760,01,51
2022,48992630,01,51
2022,46843183,01,51
2022,46851509,01,51
2022,46876969,01,51
2022,46921579,01,51
2022,46967764,01,51
2022,47018945,01,51
2022,47118163,01,51
2022,47090298,01,51
2022,47090299,01,51
2022,47144672,01,51
2022,47158314,01,51
2022,47457023,01,51
2022,47457034,01,51
2022,47457021,01,51
2022,47457022,01,51
2022,47808127,01,51
2022,48258764,01,51
2022,48992631,01,51
2022,47989335,01,51
2022,48023777,01,51
2022,47457026,01,51
2022,47457028,01,51
2022,47457030,01,51
2022,47457036,01,51
2022,47457042,01,51
2022,47457044,01,51
2022,47457024,01,51
2022,47457029,01,51
2022,47457032,01,51
2022,47457035,01,51
2022,47457037,01,51
2022,47457038,01,51
2022,47457043,01,51
2022,47457027,01,51
2022,47457031,01,51
2022,47457033,01,51
2022,47457040,01,51
2022,47878021,01,51
2022,47930068,01,51
2022,47457045,01,51
2022,47457046,01,51
2022,47579276,01,51
2022,47604944,01,51
2022,47604945,01,51
2022,47633011,01,51
2022,47633578,01,51
2022,47633579,01,51
2022,47641841,01,51
2022,47649587,01,51
2022,47680045,01,51
2022,48435988,01,51
2022,48490810,01,51
2022,48548272,01,51
2022,44460980,01,51
2022,44501332,01,51
2022,44501333,01,51
2022,44676923,01,51
2022,44676924,01,51
2022,44719065,01,51
2022,45034519,01,51
2022,45034513,01,51
2022,45034514,01,51
2022,45034515,01,51
2022,45034516,01,51
2022,45034517,01,51
2022,45034518,01,51
2022,45095734,01,51
2022,45105227,01,51
2022,45347913,01,51
2022,45347911,01,51
2022,45347914,01,51
2022,45347910,01,51
2022,45347912,01,51
2022,45327110,01,51
2022,45327113,01,51
2022,45327111,01,51
2022,45327112,01,51
2022,45327114,01,51
2022,45347915,01,51
2022,45526461,01,51
2022,45526463,01,51
2022,45526462,01,51
2022,45533198,01,51
2022,45533194,01,51
2022,45533192,01,51
2022,45533196,01,51
2022,45536926,01,51
2022,45764751,01,51
2022,45764753,01,51
2022,45764755,01,51
2022,45764756,01,51
2022,45764750,01,51
2022,45764752,01,51
2022,45764758,01,51
2022,45764754,01,51
2022,45764757,01,51
2022,46124683,01,51
2022,46124682,01,51
2022,46124684,01,51
2022,46095256,01,51
2022,46095258,01,51
2022,46330126,01,51
2022,46330127,01,51
2022,46330128,01,51
2022,46330129,01,51
2022,46330130,01,51
2022,46330131,01,51
2022,46330132,01,51
2022,46617272,01,51
2022,46617273,01,51
2022,46617274,01,51
2022,46617275,01,51
2022,46617276,01,51
2022,46617277,01,51
2022,46617278,01,51
2022,46617279,01,51
2022,46617280,01,51
2022,46617281,01,51
2022,46617282,01,51
2022,46630904,01,51
2022,46869081,01,51
2022,46869082,01,51
2022,46869083,01,51
2022,46869084,01,51
2022,46869085,01,51
2022,46876107,01,51
2022,46876405,01,51
2022,46876406,01,51
2022,47457071,01,51
2022,47457073,01,51
2022,47457070,01,51
2022,47457072,01,51
2022,47457075,01,51
2022,47457074,01,51
2022,47633012,01,51
2022,47633013,01,51
2022,47633350,01,51
2022,44719066,01,51
2022,44719461,01,51
2022,44844998,01,51
2022,45040799,01,51
2022,45040800,01,51
2022,45315463,01,51
2022,45530683,01,51
2022,45628798,01,51
2022,45765917,01,51
2022,46213999,01,51
2022,46614488,01,51
2022,46843024,01,51
2022,47018698,01,51
2022,47030379,01,51
2022,47176878,01,51
2022,47604814,01,51
2022,47457113,01,51
2022,47633351,01,51
2022,45703309,01,51
2022,45703310,01,51
2022,45703311,01,51
2022,45703312,01,51
2022,45703315,01,51
2022,45703316,01,51
2022,45703314,01,51
2022,45703319,01,51
2022,45703313,01,51
2022,45703317,01,51
2022,45703318,01,51
2022,45703320,01,51
2022,45703321,01,51
2022,45763212,01,51
2022,45703324,01,51
2022,45703325,01,51
2022,45703322,01,51
2022,45703323,01,51
2022,45704763,01,51
2022,45714038,01,51
2022,45714043,01,51
2022,45714041,01,51
2022,45714044,01,51
2022,45714046,01,51
2022,45714039,01,51
2022,45714040,01,51
2022,45714042,01,51
2022,45714045,01,51
2022,45763213,01,51
2022,45714047,01,51
2022,45714048,01,51
2022,45716880,01,51
2022,45746893,01,51
2022,45746898,01,51
2022,45746899,01,51
2022,45746897,01,51
2022,45746900,01,51
2022,45746894,01,51
2022,45746895,01,51
2022,45746896,01,51
2022,45746901,01,51
2022,45763211,01,51
2022,45965367,01,51
2022,45965366,01,51
2022,45965365,01,51
2022,45921674,01,51
2022,45921675,01,51
2022,46173095,01,51
2022,47570341,01,51
2022,46175334,01,51
2022,47570339,01,51
2022,47570342,01,51
2022,47570343,01,51
2022,47570345,01,51
2022,47570338,01,51
2022,47570340,01,51
2022,47570344,01,51
2022,47574463,01,51
2022,47574462,01,51
2022,47574451,01,51
2022,47574453,01,51
2022,47574455,01,51
2022,47574457,01,51
2022,47574449,01,51
2022,47574452,01,51
2022,47574454,01,51
2022,47574456,01,51
2022,47574459,01,51
2022,47574460,01,51
2022,47574448,01,51
2022,47574450,01,51
2022,47574458,01,51
2022,47574467,01,51
2022,47574464,01,51
2022,47574465,01,51
2022,47574466,01,51
2022,47578460,01,51
2022,47578461,01,51
2022,47578462,01,51
2022,47578463,01,51
2022,47582775,01,51
2022,47582776,01,51
2022,47582777,01,51
2022,47582778,01,51
2022,47582780,01,51
2022,47582779,01,51
2022,47582781,01,51
2022,47582782,01,51
2022,47582783,01,51
2022,47582784,01,51
2022,47582785,01,51
2022,47582786,01,51
2022,47583979,01,51
2022,47583981,01,51
2022,47583982,01,51
2022,47583983,01,51
2022,47583980,01,51
2022,47583984,01,51
2022,47583985,01,51
2022,47570347,01,51
2022,47583987,01,51
2022,47583990,01,51
2022,47583992,01,51
2022,47583995,01,51
2022,47583989,01,51
2022,47583993,01,51
2022,47583986,01,51
2022,47583988,01,51
2022,47583991,01,51
2022,47583994,01,51
2022,45703326,01,51
2022,45703328,01,51
2022,45703327,01,51
2022,45703329,01,51
2022,45703330,01,51
2022,45703331,01,51
2022,45770624,01,51
2022,45703351,01,51
2022,45703356,01,51
2022,45703362,01,51
2022,45703350,01,51
2022,45703352,01,51
2022,45703355,01,51
2022,45703357,01,51
2022,45703360,01,51
2022,45703353,01,51
2022,45703354,01,51
2022,45703358,01,51
2022,45703359,01,51
2022,45703361,01,51
2022,45703365,01,51
2022,45703366,01,51
2022,45703368,01,51
2022,45703369,01,51
2022,45703371,01,51
2022,45703363,01,51
2022,45703370,17,53
2022,45703372,01,51
2022,45703364,01,51
2022,45703367,01,51
2022,45703374,01,51
2022,45703375,01,51
2022,45703396,01,51
2022,45703397,01,51
2022,45703373,01,51
2022,45703378,01,51
2022,45703379,01,51
2022,45703381,01,51
2022,45703376,01,51
2022,45703380,01,51
2022,45703382,01,51
2022,45703384,01,51
2022,45703386,01,51
2022,45703394,01,51
2022,45703391,01,51
2022,45703392,01,51
2022,45703383,01,51
2022,45703385,01,51
2022,45703387,01,51
2022,45703388,01,51
2022,45703389,01,51
2022,45703390,01,51
2022,45703395,01,51
2022,45703400,01,51
2022,45703393,01,51
2022,45703399,01,51
2022,45703402,01,51
2022,45703398,01,51
2022,45703401,01,51
2022,45703403,01,51
2022,45763466,01,51
2022,45710642,01,51
2022,45746905,01,51
2022,45746902,01,51
2022,45746903,01,51
2022,45746906,01,51
2022,45746904,01,51
2022,45771435,01,51
2022,45776680,01,51
2022,45847025,01,51
2022,45847026,01,51
2022,45848187,01,51
2022,45853476,01,51
2022,45853477,01,51
2022,45853475,01,51
2022,45853478,01,51
2022,45967102,01,51
2022,45967105,01,51
2022,45967103,01,51
2022,45967107,01,51
2022,45967106,14,7
2022,45967108,01,51
2022,46088199,01,51
2022,46088196,01,51
2022,46009281,01,51
2022,46026881,01,51
2022,46157012,01,51
2022,46157015,01,51
2022,46233133,01,51
2022,46173096,01,51
2022,48497466,01,51
2022,48497467,01,51
2022,48497469,01,51
2022,48497464,01,51
2022,48497465,01,51
2022,46124686,01,51
2022,46124685,01,51
2022,46088198,01,51
2022,46129481,01,51
2022,46109981,16,52
2022,46157014,01,51
2022,46157013,01,51
2022,46239829,01,51
2022,46239828,01,51
2022,46259132,01,51
2022,48497468,01,51
2022,48497460,01,51
2022,48497461,01,51
2022,48497462,01,51
2022,48497470,01,51
2022,48497463,01,51
2022,47942514,01,51
2022,47713381,01,51
2022,47713380,01,51
2022,45776679,01,51
2022,45799656,01,51
2022,45799657,01,51
2022,45844940,01,51
2022,45844950,01,51
2022,45844941,01,51
2022,45844946,01,51
2022,45844953,01,51
2022,45844943,01,51
2022,45844945,01,51
2022,45844948,01,51
2022,45844952,01,51
2022,45844955,01,51
2022,45848189,01,51
2022,45848188,01,51
2022,45848652,01,51
2022,45848653,01,51
2022,45848655,01,51
2022,45848654,01,51
2022,45853479,01,51
2022,45866803,01,51
2022,45873185,01,51
2022,46230155,01,51
2022,46230156,01,51
2022,46230157,01,51
2022,46259134,01,51
2022,46259133,01,51
2022,46259769,01,51
2022,46259768,01,51
2022,46259772,01,51
2022,46259770,01,51
2022,47768277,01,51
2022,47768278,01,51
2022,47768280,01,51
2022,47768279,01,51
2022,48340485,01,51
2022,47768281,01,51
2022,47768282,01,51
2022,47768283,01,51
2022,47779366,01,51
2022,47768284,01,51
2022,47768285,01,51
2022,47768289,01,51
2022,47768286,01,51
2022,47768288,01,51
2022,47768287,01,51
2022,47768292,01,51
2022,47768293,01,51
2022,47768291,01,51
2022,47768290,01,51
2022,48340484,01,51
2022,45703423,01,51
2022,45703425,01,51
2022,45703424,01,51
2022,45703426,01,51
2022,45703427,01,51
2022,45703429,01,51
2022,45703428,01,51
2022,45703431,01,51
2022,45703430,01,51
2022,45703432,01,51
2022,45703435,01,51
2022,45703434,01,51
2022,45703433,01,51
2022,45703437,01,51
2022,45703436,01,51
2022,45750272,01,51
2022,45754870,01,51
2022,45703439,01,51
2022,45703438,01,51
2022,45765196,01,51
2022,45746908,01,51
2022,45746907,01,51
2022,45980764,01,51
2022,46009282,01,51
2022,46040193,01,51
2022,46174541,01,51
2022,46174542,01,51
2022,46209532,01,51
2022,46259775,01,51
2022,46259773,01,51
2022,46259774,01,51
2022,47578843,01,51
2022,46259776,01,51
2022,47578840,01,51
2022,47578842,01,51
2022,47578841,01,51
2022,47578844,01,51
2022,47578849,01,51
2022,47578851,01,51
2022,47578847,01,51
2022,47578850,01,51
2022,47578845,01,51
2022,47578846,01,51
2022,47578848,01,51
2022,47582630,01,51
2022,47582632,01,51
2022,47582629,01,51
2022,47582631,01,51
2022,47582787,01,51
2022,47582788,01,51
2022,47582789,01,51
2022,47582790,01,51
2022,47582791,01,51
2022,47582792,01,51
2022,47582793,01,51
2022,47582794,01,51
2022,47583742,01,51
2022,48571074,01,51
2022,47570348,01,51
2022,47910366,01,51
2022,47911384,01,51
2022,45703454,01,51
2022,45703456,01,51
2022,45703453,01,51
2022,45703457,01,51
2022,45703455,01,51
2022,45703458,01,51
2022,45703460,01,51
2022,45703461,01,51
2022,45703463,01,51
2022,45703459,01,51
2022,45703462,01,51
2022,45703464,01,51
2022,45703465,01,51
2022,45703466,01,51
2022,45703469,01,51
2022,45703467,01,51
2022,45703468,01,51
2022,45703470,01,51
2022,45703472,01,51
2022,45703474,01,51
2022,45703477,01,51
2022,45703481,01,51
2022,45703473,11,1
2022,45703475,01,51
2022,45703478,01,51
2022,45703479,01,51
2022,45703471,01,51
2022,45703476,01,51
2022,45703480,01,51
2022,45737822,01,51
2022,45737824,01,51
2022,45737823,01,51
2022,45737851,01,51
2022,45848190,01,51
2022,46002046,01,51
2022,46002045,01,51
2022,46088205,01,51
2022,46095270,01,51
2022,47765384,01,51
2022,47780343,01,51
2022,47575243,16,52
2022,47633541,01,51
2022,47641843,01,51
2022,47641844,01,51
2022,45703482,01,51
2022,46124687,01,51
2022,46124688,01,51
2022,46230158,01,51
2022,48257844,01,51
2022,48257845,01,51
2022,48257846,01,51
2022,48257847,01,51
2022,44551243,01,51
2022,44642844,01,51
2022,44662777,01,51
2022,44721467,01,51
2022,44827449,01,51
2022,44844999,01,51
2022,44860029,01,51
2022,44977559,01,51
2022,44996992,01,51
2022,44996993,01,51
2022,45308885,01,51
2022,45308884,01,51
2022,45310097,01,51
2022,45304011,01,51
2022,45342863,01,51
2022,45342865,01,51
2022,45516766,01,51
2022,45639696,01,51
2022,45773161,01,51
2022,45773160,01,51
2022,45994727,01,51
2022,45994726,01,51
2022,46032795,01,51
2022,46204159,01,51
2022,46213771,01,51
2022,46213772,01,51
2022,46213774,01,51
2022,46213773,01,51
2022,47583063,01,51
2022,47583064,01,51
2022,44699332,01,51
2022,44937953,01,51
2022,45315102,01,51
2022,45710644,01,51
2022,45710643,01,51
2022,46083835,01,51
2022,47510264,01,51
2022,44645647,01,51
2022,46811613,01,51
2022,46999259,01,51
2022,47455328,01,51
2022,46280633,01,51
2022,46280642,01,51
2022,46280644,01,51
2022,46280641,01,51
2022,46280645,01,51
2022,46280648,01,51
2022,46280643,01,51
2022,46280646,01,51
2022,47894874,01,51
2022,45298978,01,51
2022,45298979,01,51
2022,46280634,01,51
2022,46280636,01,51
2022,46280640,01,51
2022,46280635,01,51
2022,46280637,01,51
2022,46280639,01,51
2022,46280638,01,51
2022,46280647,01,51
2022,45539510,01,51
2022,46281123,01,51
2022,46281124,01,51
2022,46281125,01,51
2022,46281126,01,51
2022,46281127,01,51
2022,46281163,01,51
2022,46281167,01,51
2022,46281168,01,51
2022,46281170,01,51
2022,46281173,01,51
2022,46281164,01,51
2022,46281165,01,51
2022,46281166,01,51
2022,46281172,01,51
2022,46281169,01,51
2022,46281171,01,51
2022,45590453,01,51
2022,45590454,01,51
2022,45590452,01,51
2022,46281128,01,51
2022,46281174,01,51
2022,46281129,01,51
2022,46281130,01,51
2022,46281175,01,51
2022,46281132,01,51
2022,46281180,01,51
2022,46281133,01,51
2022,46281134,01,51
2022,45787930,01,51
2022,45787932,01,51
2022,46281162,01,51
2022,46281136,01,51
2022,46281137,01,51
2022,46281142,01,51
2022,46281143,01,51
2022,46281146,01,51
2022,46281178,01,51
2022,46281135,01,51
2022,46281140,01,51
2022,46281145,01,51
2022,46281138,01,51
2022,46281139,01,51
2022,46281141,01,51
2022,46281144,01,51
2022,46281177,01,51
2022,46281179,01,51
2022,46281181,01,51
2022,46015366,01,51
2022,46015365,01,51
2022,46281160,01,51
2022,46281161,01,51
2022,46281148,01,51
2022,46281149,01,51
2022,46281151,01,51
2022,46281153,01,51
2022,46281154,01,51
2022,46281155,01,51
2022,46281186,01,51
2022,46281147,01,51
2022,46281156,01,51
2022,46281157,01,51
2022,46281158,01,51
2022,46281183,01,51
2022,46281184,01,51
2022,46281185,01,51
2022,46281187,01,51
2022,46281150,01,51
2022,46281152,01,51
2022,46281182,01,51
2022,46281188,01,51
2022,46284508,01,51
2022,46284509,01,51
2022,46284510,01,51
2022,46284511,01,51
2022,46284512,01,51
2022,46277037,01,51
2022,46277039,01,51
2022,46277038,01,51
2022,46284515,01,51
2022,46284516,01,51
2022,46284520,01,51
2022,46284522,01,51
2022,46284513,01,51
2022,46284517,01,51
2022,46284518,01,51
2022,46284519,01,51
2022,46284524,01,51
2022,46291099,01,51
2022,46307920,01,51
2022,46331907,01,51
2022,46367998,01,51
2022,46368000,01,51
2022,46367997,01,51
2022,46395531,01,51
2022,46398450,01,51
2022,46402889,01,51
2022,46402890,01,51
2022,46488377,01,51
2022,46517115,01,51
2022,46517116,01,51
2022,46520151,01,51
2022,46534248,01,51
2022,46534249,01,51
2022,46579303,01,51
2022,46586484,01,51
2022,46586485,01,51
2022,46589774,01,51
2022,46624686,01,51
2022,46624687,01,51
2022,46624688,01,51
2022,46624690,01,51
2022,46627965,01,51
2022,46800541,01,51
2022,46800539,01,51
2022,46800540,01,51
2022,46820199,01,51
2022,46820200,01,51
2022,46820198,01,51
2022,46820197,01,51
2022,46846129,01,51
2022,46850289,01,51
2022,46850288,01,51
2022,46850290,01,51
2022,46850291,01,51
2022,46850292,01,51
2022,46611369,01,51
2022,46617195,01,51
2022,46617196,01,51
2022,46633922,01,51
2022,46640747,01,51
2022,46640748,01,51
2022,46696154,01,51
2022,46698153,01,51
2022,46734487,01,51
2022,46734489,01,51
2022,46734490,01,51
2022,46734486,01,51
2022,46868448,01,51
2022,46846132,01,51
2022,46846130,01,51
2022,46846131,01,51
2022,46876108,01,51
2022,46876109,01,51
2022,47017686,01,51
2022,47017688,01,51
2022,47017687,01,51
2022,47108909,01,51
2022,47025431,01,51
2022,47025432,01,51
2022,47029484,01,51
2022,47029486,01,51
2022,47029485,01,51
2022,47029487,01,51
2022,47117001,01,51
2022,47117000,01,51
2022,47089448,01,51
2022,47455576,01,51
2022,47455578,01,51
2022,47455579,01,51
2022,47455577,01,51
2022,47455600,01,51
2022,47455580,01,51
2022,47160191,01,51
2022,47213751,01,51
2022,47455581,01,51
2022,47455585,01,51
2022,47455586,01,51
2022,47455589,01,51
2022,47455598,01,51
2022,47455583,01,51
2022,47455587,01,51
2022,47455591,01,51
2022,47455592,01,51
2022,47455597,01,51
2022,47455599,01,51
2022,47455607,01,51
2022,47455582,01,51
2022,47455584,01,51
2022,47455588,01,51
2022,47455590,01,51
2022,47455593,01,51
2022,47455608,01,51
2022,47455594,01,51
2022,47455601,01,51
2022,47455604,01,51
2022,47455595,01,51
2022,47455602,01,51
2022,47455605,01,51
2022,47455596,01,51
2022,47455603,01,51
2022,47455606,01,51
2022,47509539,01,51
2022,47509538,01,51
2022,47509537,01,51
2022,47889291,01,51
2022,47641179,01,51
2022,47641180,01,51
2022,44751590,01,51
2022,44751592,01,51
2022,44751591,01,51
2022,44751589,01,51
2022,44751588,01,51
2022,44801521,01,51
2022,44801520,01,51
2022,44801519,01,51
2022,44950123,01,51
2022,44950124,01,51
2022,44961229,01,51
2022,45034523,01,51
2022,45040801,01,51
2022,45048351,01,51
2022,45209114,01,51
2022,45297629,01,51
2022,45298980,01,51
2022,45309188,01,51
2022,45301523,01,51
2022,45491743,01,51
2022,45491749,01,51
2022,45491744,01,51
2022,45491747,01,51
2022,45491751,01,51
2022,45491745,01,51
2022,45491746,01,51
2022,45491748,01,51
2022,45491750,01,51
2022,45491752,01,51
2022,45533124,01,51
2022,45632545,01,51
2022,45639722,01,51
2022,45625023,01,51
2022,45754871,01,51
2022,45702658,01,51
2022,45799655,01,51
2022,45771431,01,51
2022,45784643,01,51
2022,45784642,01,51
2022,45980765,01,51
2022,46071359,01,51
2022,46018731,01,51
2022,46083836,01,51
2022,46129487,01,51
2022,46129490,01,51
2022,46233135,01,51
2022,46239830,01,51
2022,47639951,01,51
2022,47641182,01,51
2022,44937954,01,51
2022,44937955,01,51
2022,45310734,01,51
2022,45310735,01,51
2022,45516087,01,51
2022,45516088,01,51
2022,45818419,01,51
2022,45818500,01,51
2022,46175335,01,51
2022,44581699,01,51
2022,44581696,01,51
2022,44581697,01,51
2022,44643960,01,51
2022,44719068,01,51
2022,44733085,01,51
2022,44733086,01,51
2022,44840214,01,51
2022,44873961,01,51
2022,44873962,01,51
2022,44873960,01,51
2022,44922804,01,51
2022,44922802,01,51
2022,44950310,01,51
2022,44950311,01,51
2022,45008599,01,51
2022,45040802,01,51
2022,45269592,01,51
2022,45269593,01,51
2022,45306445,01,51
2022,45296463,01,51
2022,45312670,01,51
2022,45309189,01,51
2022,45343893,01,51
2022,45492924,01,51
2022,45343895,01,51
2022,45343897,01,51
2022,45343894,01,51
2022,45343896,01,51
2022,45492927,01,51
2022,45492925,01,51
2022,45492926,01,51
2022,45492928,01,51
2022,45536924,01,51
2022,45536925,01,51
2022,45539550,01,51
2022,45590541,01,51
2022,45590543,01,51
2022,45590540,01,51
2022,45590542,01,51
2022,45704765,01,51
2022,45710646,01,51
2022,45710647,01,51
2022,45710648,01,51
2022,45716882,01,51
2022,45737893,01,51
2022,45780330,01,51
2022,45780331,01,51
2022,45780332,01,51
2022,45966404,01,51
2022,45873201,01,51
2022,45989181,01,51
2022,45989182,01,51
2022,46071364,01,51
2022,46116530,01,51
2022,46116531,01,51
2022,46277041,01,51
2022,46277040,01,51
2022,46277042,01,51
2022,46286202,01,51
2022,46331908,01,51
2022,46534251,01,51
2022,46611372,01,51
2022,46617197,01,51
2022,46633923,01,51
2022,46640749,01,51
2022,46947805,01,51
2022,47181378,01,51
2022,47457004,01,51
2022,47457005,01,51
2022,47457007,01,51
2022,47457006,01,51
2022,47457008,01,51
2022,47457009,01,51
2022,47457010,01,51
2022,47457011,01,51
2022,47457013,01,51
2022,47457012,01,51
2022,47804364,01,51
2022,47509547,01,51
2022,47454414,01,51
2022,47454415,01,51
2022,47454416,01,51
2022,47582795,01,51
2022,47582796,01,51
2022,45315103,01,51
2022,45500528,01,51
2022,46157016,01,51
2022,47920565,01,51
2022,47578852,01,51
2022,44600964,01,51
2022,44600967,01,51
2022,44600965,01,51
2022,44718119,01,51
2022,44873963,01,51
2022,44917566,01,51
2022,45008601,01,51
2022,45008602,01,51
2022,45306156,01,51
2022,45306446,01,51
2022,45309190,01,51
2022,45301524,01,51
2022,45331009,01,51
2022,45086980,01,51
2022,45086981,01,51
2022,45105230,01,51
2022,45331008,01,51
2022,45491042,01,51
2022,45535138,01,51
2022,45590442,01,51
2022,45773172,01,51
2022,46002059,01,51
2022,46040196,01,51
2022,47997105,01,51
2022,47997106,01,51
2022,47997108,01,51
2022,47997107,01,51
2022,48020366,01,51
2022,48020369,01,51
2022,48020367,01,51
2022,48020368,01,51
2022,48143249,01,51
2022,44854377,01,51
2022,44854378,01,51
2022,47955027,01,51
2022,47954416,01,51
2022,45346389,01,51
2022,45695418,01,51
2022,45701346,01,51
2022,45701347,01,51
2022,45965368,12,3
2022,46037762,01,51
2022,47955020,01,51
2022,47955021,01,51
2022,47955028,01,51
2022,47955022,01,51
2022,47955024,01,51
2022,47955026,01,51
2022,47955025,01,51
2022,44725010,01,51
2022,44845003,01,51
2022,45081663,01,51
2022,45086985,01,51
2022,45086984,01,51
2022,45081664,01,51
2022,45491143,01,51
2022,45668461,01,51
2022,45822756,01,51
2022,46009284,01,51
2022,46129545,01,51
2022,46129543,01,51
2022,46157017,01,51
2022,46401203,01,51
2022,46401204,01,51
2022,46401205,01,51
2022,46692441,01,51
2022,46839711,01,51
2022,46692442,01,51
2022,47189867,01,51
2022,47189870,01,51
2022,47189869,01,51
2022,47189868,01,51
2022,47189866,01,51
2022,47455551,01,51
2022,47455552,12,3
2022,47779370,01,51
2022,47779371,01,51
2022,47509550,01,51
2022,47582633,01,51
2022,45491219,01,51
2022,45491220,01,51
2022,45491221,01,51
2022,45491223,01,51
2022,45491222,01,51
2022,45491226,01,51
2022,45491224,01,51
2022,45491225,01,51
2022,45771421,01,51
2022,45771422,01,51
2022,45873202,01,51
2022,45873203,01,51
2022,46157018,01,51
2022,46488838,01,51
2022,46488839,01,51
2022,46488840,01,51
2022,46280649,01,51
2022,46488841,01,51
2022,46488842,01,51
2022,46520494,01,51
2022,46520493,01,51
2022,46734497,01,51
2022,46734500,01,51
2022,46734496,01,51
2022,46734499,01,51
2022,47029843,01,51
2022,47216581,01,51
2022,47216582,01,51
2022,47593424,01,51
2022,47593425,01,51
2022,47593426,01,51
2022,48170928,01,51
2022,48170927,01,51
2022,45034615,01,51
2022,45034616,01,51
2022,45034612,01,51
2022,45034618,01,51
2022,45034619,01,51
2022,45034620,01,51
2022,45034617,01,51
2022,45034622,01,51
2022,45034621,01,51
2022,45310736,01,51
2022,45491676,01,51
2022,45491678,01,51
2022,45491679,01,51
2022,45491682,01,51
2022,45491675,01,51
2022,45491681,01,51
2022,45491677,01,51
2022,45491683,01,51
2022,45491680,01,51
2022,45491684,01,51
2022,45491687,01,51
2022,45491688,01,51
2022,45491690,01,51
2022,45491685,01,51
2022,45491689,01,51
2022,45491686,01,51
2022,45535167,01,51
2022,45535168,01,51
2022,45670889,01,51
2022,45543299,01,51
2022,45590512,01,51
2022,45590511,01,51
2022,45695419,01,51
2022,45639719,01,51
2022,45716429,01,51
2022,45776675,01,51
2022,45844977,01,51
2022,45965371,01,51
2022,45847027,01,51
2022,45844979,01,51
2022,45965369,01,51
2022,45965370,01,51
2022,46015367,01,51
2022,46015369,01,51
2022,46015368,01,51
2022,46015370,01,51
2022,46067223,01,51
2022,46067224,01,51
2022,46171866,01,51
2022,47779372,01,51
2022,47604246,01,51
2022,47604245,01,51
2022,47604244,01,51
2022,44469775,01,51
2022,44677215,01,51
2022,44677216,01,51
2022,44677217,01,51
2022,44677218,01,51
2022,44677219,01,51
2022,45298981,01,51
2022,44840215,01,51
2022,44840216,01,51
2022,45027168,01,51
2022,45027169,01,51
2022,45027170,01,51
2022,45027167,01,51
2022,45311390,01,51
2022,45311391,01,51
2022,45311392,01,51
2022,45311389,01,51
2022,45298985,01,51
2022,45298982,01,51
2022,45298984,01,51
2022,45298983,01,51
2022,45315104,01,51
2022,45048352,01,51
2022,47456644,01,51
2022,45492108,01,51
2022,45492107,01,51
2022,45492109,01,51
2022,45492110,01,51
2022,45535190,01,51
2022,45535194,01,51
2022,45535196,01,51
2022,45535200,01,51
2022,45535189,01,51
2022,45535195,01,51
2022,45535199,01,51
2022,45535192,01,51
2022,45535197,01,51
2022,45535193,01,51
2022,45535198,01,51
2022,45632548,01,51
2022,45632549,01,51
2022,45764762,01,51
2022,45764761,01,51
2022,45765197,01,51
2022,45765200,01,51
2022,45765199,01,51
2022,45765198,01,51
2022,45765201,01,51
2022,45765202,01,51
2022,45714054,01,51
2022,45714055,01,51
2022,45714050,01,51
2022,45714052,01,51
2022,45714049,01,51
2022,45714051,01,51
2022,45714053,01,51
2022,45714530,01,51
2022,45714531,01,51
2022,45801739,01,51
2022,45801735,01,51
2022,45801741,01,51
2022,45801737,01,51
2022,45965372,01,51
2022,45965375,01,51
2022,45965376,01,51
2022,45965373,01,51
2022,45965374,01,51
2022,45848191,01,51
2022,45993493,01,51
2022,46040207,01,51
2022,46259778,01,51
2022,46259780,01,51
2022,46259783,01,51
2022,46259777,01,51
2022,46259781,01,51
2022,46259779,01,51
2022,46259782,01,51
2022,47593427,01,51
2022,47593428,01,51
2022,47594949,01,51
2022,47594950,01,51
2022,47594951,01,51
2022,47604249,01,51
2022,47604247,01,51
2022,47604248,01,51
2022,47604250,01,51
2022,47604251,01,51
2022,47604252,01,51
2022,47647319,01,51
2022,47647320,01,51
2022,47647321,01,51
2022,44950499,01,51
2022,44950500,01,51
2022,45346390,01,51
2022,45492119,01,51
2022,45695420,01,51
2022,45715902,01,51
2022,45715903,01,51
2022,45741276,01,51
2022,45746909,01,51
2022,47578464,01,51
2022,47578465,01,51
2022,47578853,01,51
2022,47920566,01,51
2022,44488183,01,51
2022,44559590,01,51
2022,44911309,01,51
2022,45032882,01,51
2022,45492891,01,51
2022,45492892,01,51
2022,45032883,01,51
2022,45032884,01,51
2022,45034623,01,51
2022,45095735,01,51
2022,45095736,01,51
2022,45492893,01,51
2022,45492894,01,51
2022,45499146,01,51
2022,45492897,01,51
2022,45492895,01,51
2022,45492896,01,51
2022,46157019,01,51
2022,46157020,01,51
2022,47456825,01,51
2022,45770627,01,51
2022,47456826,01,51
2022,46209535,01,51
2022,46277043,01,51
2022,46277044,01,51
2022,46834685,01,51
2022,46861506,01,51
2022,47085316,01,51
2022,47087957,01,51
2022,47456827,01,51
2022,47456828,01,51
2022,47085317,01,51
2022,47456829,01,51
2022,47600957,01,51
2022,45566125,01,51
2022,45566126,01,51
2022,48281844,01,51
2022,45755242,01,51
2022,47840557,01,51
2022,47840558,01,51
2022,48281839,01,51
2022,48281840,01,51
2022,48281841,01,51
2022,48281842,01,51
2022,48281843,01,51
2022,45270055,01,51
2022,45490795,01,51
2022,45490796,01,51
2022,48391545,01,51
2022,45490797,01,51
2022,45639698,01,51
2022,45639697,01,51
2022,45639699,01,51
2022,45764763,01,51
2022,45780289,01,51
2022,46018732,01,51
2022,46026882,01,51
2022,46820201,01,51
2022,46330133,01,51
2022,46351061,01,51
2022,46633924,01,51
2022,48391546,01,51
2022,48391547,01,51
2022,46368001,01,51
2022,46598222,01,51
2022,46820546,01,51
2022,48391548,01,51
2022,48391549,01,51
2022,47454800,01,51
2022,47454801,01,51
2022,47604253,01,51
2022,47893278,01,51
2022,46811617,01,51
2022,46811619,01,51
2022,46811616,01,51
2022,46811615,01,51
2022,46811618,01,51
2022,46811620,01,51
2022,46811621,01,51
2022,46811623,01,51
2022,46811624,01,51
2022,46811614,01,51
2022,46811622,01,51
2022,46811625,01,51
2022,45346391,01,51
2022,46811626,01,51
2022,46811627,01,51
2022,46811628,01,51
2022,46811633,01,51
2022,46811629,01,51
2022,46811630,01,51
2022,46811631,01,51
2022,46811632,01,51
2022,46811634,01,51
2022,46820202,01,51
2022,46998520,01,51
2022,47100224,01,51
2022,47117003,01,51
2022,47454892,01,51
2022,47454891,01,51
2022,47454895,01,51
2022,47454894,01,51
2022,47489771,01,51
2022,44482944,01,51
2022,44501749,01,51
2022,44517849,01,51
2022,44517850,01,51
2022,44520633,01,51
2022,44524034,01,51
2022,44524035,01,51
2022,44551244,01,51
2022,44552472,01,51
2022,44563784,01,51
2022,44563785,01,51
2022,44563786,01,51
2022,44589831,01,51
2022,44600968,01,51
2022,44600969,01,51
2022,44615838,01,51
2022,44615839,01,51
2022,44633266,01,51
2022,44643962,01,51
2022,44643963,01,51
2022,44643967,01,51
2022,44643968,01,51
2022,44645306,01,51
2022,44645649,01,51
2022,44647279,01,51
2022,44662343,01,51
2022,44688081,01,51
2022,44688082,01,51
2022,44688459,01,51
2022,44698883,01,51
2022,44719069,01,51
2022,44851717,01,51
2022,44911312,01,51
2022,45295994,01,51
2022,44917568,01,51
2022,44922805,01,51
2022,44922806,01,51
2022,44937818,01,51
2022,44937956,01,51
2022,44940648,01,51
2022,44950304,01,51
2022,44961230,01,51
2022,44961832,01,51
2022,44961833,01,51
2022,44961834,01,51
2022,44961835,01,51
2022,44961836,01,51
2022,44962189,01,51
2022,44996994,01,51
2022,44996995,01,51
2022,45009870,16,52
2022,45018623,01,51
2022,45018624,01,51
2022,45270056,01,51
2022,45293632,01,51
2022,45295995,01,51
2022,45295997,01,51
2022,45295998,01,51
2022,45295999,01,51
2022,45295996,01,51
2022,45297630,01,51
2022,45298987,01,51
2022,45309191,01,51
2022,45327115,01,51
2022,45331010,01,51
2022,45490949,01,51
2022,45087003,01,51
2022,45087002,01,51
2022,45087001,01,51
2022,45096997,01,51
2022,45096996,01,51
2022,45121010,01,51
2022,45331011,01,51
2022,45332117,01,51
2022,45342869,01,51
2022,45343900,01,51
2022,45346394,01,51
2022,45499122,01,51
2022,45499582,01,51
2022,45490960,01,51
2022,45490962,01,51
2022,45490950,01,51
2022,45490952,01,51
2022,45490953,01,51
2022,45490955,01,51
2022,45490957,01,51
2022,45490961,01,51
2022,45490963,01,51
2022,45490951,01,51
2022,45490954,01,51
2022,45490956,01,51
2022,45490959,01,51
2022,47455253,01,51
2022,45535127,01,51
2022,45535128,01,51
2022,45535126,01,51
2022,45675477,01,51
2022,45541782,01,51
2022,45590440,01,51
2022,45590439,01,51
2022,45676086,01,51
2022,45676087,01,51
2022,45750273,01,51
2022,45750274,01,51
2022,45701348,01,51
2022,45714056,01,51
2022,45715904,01,51
2022,45716430,01,51
2022,45716884,01,51
2022,45773171,01,51
2022,45730731,01,51
2022,45730732,01,51
2022,45741277,01,51
2022,45746911,01,51
2022,45746914,01,51
2022,45746913,01,51
2022,45746915,01,51
2022,45746910,01,51
2022,45746912,01,51
2022,46080257,01,51
2022,45762680,01,51
2022,45822757,01,51
2022,45782549,01,51
2022,45845002,01,51
2022,45965381,01,51
2022,45965379,01,51
2022,45965380,01,51
2022,45965382,01,51
2022,45847028,01,51
2022,45932639,01,51
2022,45966405,01,51
2022,45947278,01,51
2022,45954761,01,51
2022,45954760,01,51
2022,45989184,01,51
2022,45989185,01,51
2022,45989183,01,51
2022,46083837,01,51
2022,46002069,01,51
2022,46009299,01,51
2022,46009301,01,51
2022,46009300,01,51
2022,46010651,01,51
2022,46010652,01,51
2022,46015371,01,51
2022,46071387,01,51
2022,46124694,01,51
2022,46080256,01,51
2022,46037763,01,51
2022,46037764,01,51
2022,46040238,01,51
2022,46040240,01,51
2022,46116562,01,51
2022,46239833,01,51
2022,46239832,01,51
2022,46230160,01,51
2022,46230159,01,51
2022,46230161,01,51
2022,46232464,01,51
2022,46232465,01,51
2022,46259136,01,51
2022,46281191,01,51
2022,46281192,01,51
2022,46281193,01,51
2022,46284546,01,51
2022,46284545,01,51
2022,46292631,01,51
2022,46292632,01,51
2022,46292634,01,51
2022,46292635,01,51
2022,46330134,01,51
2022,46331910,01,51
2022,46331911,01,51
2022,46331913,01,51
2022,46332599,01,51
2022,46332600,01,51
2022,46349991,01,51
2022,46347830,01,51
2022,46347829,01,51
2022,46349992,01,51
2022,46349993,01,51
2022,46373732,01,51
2022,46390890,01,51
2022,46401206,01,51
2022,46488843,01,51
2022,46517117,01,51
2022,46517118,01,51
2022,46517119,01,51
2022,46517415,01,51
2022,46534254,01,51
2022,46534253,01,51
2022,46538533,01,51
2022,46538534,01,51
2022,46539020,01,51
2022,46539021,01,51
2022,46539019,01,51
2022,46549402,01,51
2022,46578218,01,51
2022,46579305,01,51
2022,46579304,01,51
2022,46586486,01,51
2022,46586487,11,1
2022,46586488,01,51
2022,46586489,01,51
2022,46587872,01,51
2022,46589775,01,51
2022,46598223,01,51
2022,46800559,01,51
2022,46800561,01,51
2022,46811635,01,51
2022,46811636,01,51
2022,46820203,01,51
2022,46820205,01,51
2022,46820204,01,51
2022,46846138,01,51
2022,46846141,01,51
2022,46846139,01,51
2022,46861507,01,51
2022,46619080,01,51
2022,46619738,01,51
2022,46624693,01,51
2022,46627968,01,51
2022,46631817,01,51
2022,46640750,01,51
2022,46641616,01,51
2022,46641615,01,51
2022,46647774,01,51
2022,46698157,01,51
2022,46734856,01,51
2022,46742769,01,51
2022,46742770,01,51
2022,46742771,01,51
2022,46742772,01,51
2022,46743245,01,51
2022,46743243,01,51
2022,46743246,01,51
2022,46743247,01,51
2022,46743244,01,51
2022,46743248,01,51
2022,46752138,01,51
2022,46752139,01,51
2022,46859316,01,51
2022,46861508,01,51
2022,46894094,01,51
2022,46894095,01,51
2022,46894096,01,51
2022,46921182,01,51
2022,46920541,01,51
2022,46920542,01,51
2022,46998521,01,51
2022,46947806,01,51
2022,46947807,01,51
2022,46956406,01,51
2022,46956408,01,51
2022,46956407,01,51
2022,47017281,01,51
2022,47017282,01,51
2022,47143952,01,51
2022,47022473,01,51
2022,47132726,01,51
2022,47132728,01,51
2022,47132727,01,51
2022,47029488,01,51
2022,47044783,01,51
2022,47089449,01,51
2022,47089450,01,51
2022,47160198,01,51
2022,47160197,01,51
2022,47455256,01,51
2022,47455254,01,51
2022,47455255,01,51
2022,47173659,01,51
2022,47213752,01,51
2022,47455259,01,51
2022,47455263,01,51
2022,47455268,01,51
2022,47455272,01,51
2022,47455258,01,51
2022,47455262,01,51
2022,47455264,01,51
2022,47455266,01,51
2022,47455271,01,51
2022,47455257,01,51
2022,47455260,01,51
2022,47455261,01,51
2022,47455265,01,51
2022,47455267,01,51
2022,47455269,01,51
2022,47455270,01,51
2022,47455273,01,51
2022,47582797,01,51
2022,47582798,01,51
2022,47455275,01,51
2022,47455276,01,51
2022,47455281,01,51
2022,47455274,01,51
2022,47455277,01,51
2022,47455278,01,51
2022,47455279,01,51
2022,47455280,01,51
2022,47509554,01,51
2022,47570349,01,51
2022,47570350,01,51
2022,47574468,01,51
2022,47578466,01,51
2022,47578467,01,51
2022,47578854,01,51
2022,47586215,01,51
2022,47586216,01,51
2022,47593430,01,51
2022,47641184,01,51
2022,47641183,01,51
2022,47647323,01,51
2022,47893286,01,51
2022,45312672,01,51
2022,44581706,01,51
2022,44581707,01,51
2022,44645650,01,51
2022,44698885,01,51
2022,44698884,01,51
2022,44698886,01,51
2022,44699333,01,51
2022,44719070,01,51
2022,44822860,01,51
2022,44824719,01,51
2022,44829091,01,51
2022,44831063,01,51
2022,44831064,01,51
2022,44831065,01,51
2022,45268283,01,51
2022,45268282,01,51
2022,45299776,01,51
2022,45303675,01,51
2022,45304012,01,51
2022,45304933,01,51
2022,45305541,01,51
2022,44950501,01,51
2022,44961837,01,51
2022,47455609,01,51
2022,45309192,01,51
2022,45343905,01,51
2022,45346397,01,51
2022,45346396,01,51
2022,45346398,01,51
2022,45491197,01,51
2022,45491198,01,51
2022,45491196,01,51
2022,45491199,01,51
2022,45701349,01,51
2022,45730733,01,51
2022,45730735,01,51
2022,45730734,01,51
2022,45738006,01,51
2022,45738008,01,51
2022,45738007,01,51
2022,45738009,01,51
2022,45738005,01,51
2022,45738010,01,51
2022,46820547,01,51
2022,45535153,01,51
2022,45579612,01,51
2022,45695422,01,51
2022,45965385,01,51
2022,45965384,01,51
2022,45932829,01,51
2022,45967110,01,51
2022,45967109,01,51
2022,45947538,01,51
2022,45954762,01,51
2022,45989186,01,51
2022,46233136,01,51
2022,46245477,01,51
2022,46245478,01,51
2022,46245476,01,51
2022,46245480,01,51
2022,46245479,01,51
2022,46239834,01,51
2022,46259138,01,51
2022,46259137,01,51
2022,46259786,01,51
2022,46259787,01,51
2022,46259784,01,51
2022,46259785,01,51
2022,46547076,01,51
2022,46548159,01,51
2022,46586490,01,51
2022,46587875,01,51
2022,46617198,01,51
2022,46617283,01,51
2022,46398451,01,51
2022,46648377,01,51
2022,46696155,01,51
2022,46698159,01,51
2022,46698160,01,51
2022,46752140,01,51
2022,46752141,01,51
2022,46762963,01,51
2022,47017284,01,51
2022,47017283,01,51
2022,47022474,01,51
2022,47022475,01,51
2022,47044784,01,51
2022,47085318,01,51
2022,47089451,01,51
2022,47089452,01,51
2022,47089453,01,51
2022,46631818,01,51
2022,46894097,01,51
2022,46894098,01,51
2022,46894099,01,51
2022,47455612,01,51
2022,47455610,01,51
2022,47455611,01,51
2022,47455614,01,51
2022,47455613,01,51
2022,48898846,01,51
2022,47455616,01,51
2022,47455618,01,51
2022,47455615,01,51
2022,47509556,01,51
2022,47510265,01,51
2022,47510266,01,51
2022,47510267,01,51
2022,47510268,01,51
2022,47510269,01,51
2022,47510270,01,51
2022,47510271,01,51
2022,47455620,01,51
2022,47455617,01,51
2022,47455619,01,51
2022,47894877,01,51
2022,47894876,01,51
2022,47880338,01,51
2022,47578468,01,51
2022,47862414,01,51
2022,47862415,01,51
2022,47862413,01,51
2022,47862416,01,51
2022,47874618,01,51
2022,47889296,01,51
2022,47893288,01,51
2022,44557114,01,51
2022,44698887,01,51
2022,44698888,01,51
2022,44931076,01,51
2022,44931077,01,51
2022,45268857,01,51
2022,45776661,01,51
2022,46307923,01,51
2022,46307924,01,51
2022,46307921,01,51
2022,46307922,01,51
2022,46349994,01,51
2022,46930237,01,51
2022,46307925,01,51
2022,46647775,01,51
2022,46647776,01,51
2022,46648378,01,51
2022,46930238,01,51
2022,47028650,01,51
2022,47455782,01,51
2022,47455783,01,51
2022,47455784,01,51
2022,47455785,01,51
2022,47455786,01,51
2022,47455788,01,51
2022,47455789,01,51
2022,47455790,01,51
2022,47455787,01,51
2022,48335615,01,51
2022,48335616,01,51
2022,47455791,01,51
2022,48581147,01,51
2022,48644655,01,51
2022,48644658,01,51
2022,48644656,01,51
2022,48644657,01,51
2022,48644659,01,51
2022,48647213,01,51
2022,48647211,01,51
2022,48647212,01,51
2022,48648339,01,51
2022,48648338,01,51
2022,48648340,01,51
2022,46080259,01,51
2022,46080258,01,51
2022,46173097,01,51
2022,46173098,01,51
2022,46083838,01,51
2022,47574469,01,51
2022,47574471,01,51
2022,47574470,01,51
2022,47574472,01,51
2022,47586472,01,51
2022,47574473,01,51
2022,47574474,01,51
2022,47574477,01,51
2022,47574476,01,51
2022,47574475,01,51
2022,47574478,01,51
2022,47955029,01,51
2022,47955030,01,51
2022,47955031,01,51
2022,44475004,01,51
2022,44501751,01,51
2022,44501752,01,51
2022,44501753,01,51
2022,44501754,01,51
2022,44517851,01,51
2022,44581708,01,51
2022,44589832,01,51
2022,44600970,01,51
2022,44643970,01,51
2022,44673195,01,51
2022,44677220,01,51
2022,44688083,01,51
2022,44688084,01,51
2022,44801522,01,51
2022,44801523,01,51
2022,44854379,01,51
2022,44907820,01,51
2022,44961838,01,51
2022,44961839,01,51
2022,44970698,01,51
2022,45209116,01,51
2022,45209115,01,51
2022,45267507,01,51
2022,45267508,01,51
2022,45267506,01,51
2022,45273428,01,51
2022,45310737,01,51
2022,45296000,01,51
2022,45296001,01,51
2022,45296002,01,51
2022,45309193,01,51
2022,45048353,01,51
2022,45140377,01,51
2022,45140378,01,51
2022,45526433,01,51
2022,45526434,01,51
2022,45491873,01,51
2022,45491876,01,51
2022,45491878,01,51
2022,45491879,01,51
2022,45491874,01,51
2022,45491880,01,51
2022,45491882,01,51
2022,45491883,01,51
2022,45491875,01,51
2022,45491877,01,51
2022,45491881,01,51
2022,45491884,01,51
2022,45628502,01,51
2022,45541817,01,51
2022,45574127,01,51
2022,45574128,01,51
2022,45710650,01,51
2022,45710652,01,51
2022,45710649,01,51
2022,45710651,01,51
2022,45710653,01,51
2022,45714057,01,51
2022,45714532,01,51
2022,45736780,01,51
2022,45746916,01,51
2022,45822758,01,51
2022,45764764,01,51
2022,45801727,01,51
2022,45770625,01,51
2022,45770626,01,51
2022,45776681,01,51
2022,45778730,01,51
2022,45932830,01,51
2022,46002074,01,51
2022,46002073,01,51
2022,46124695,01,51
2022,46124696,01,51
2022,46037765,01,51
2022,46116565,01,51
2022,46116564,01,51
2022,46040243,01,51
2022,46040245,01,51
2022,46067225,01,51
2022,46225395,01,51
2022,46347833,01,51
2022,46347834,01,51
2022,46347832,01,51
2022,46347831,01,51
2022,46368002,01,51
2022,46395532,01,51
2022,46398452,01,51
2022,46472659,01,51
2022,46472660,01,51
2022,46528645,01,51
2022,46528644,01,51
2022,46534255,01,51
2022,46578219,01,51
2022,46578220,01,51
2022,46586491,01,51
2022,46586492,01,51
2022,46586493,01,51
2022,46589776,01,51
2022,46589777,01,51
2022,46636813,01,51
2022,47647324,01,51
2022,46840839,01,51
2022,46840838,01,51
2022,46619083,01,51
2022,46619081,01,51
2022,46619082,01,51
2022,46631819,01,51
2022,46859317,01,51
2022,46894100,01,51
2022,46894102,01,51
2022,46894101,01,51
2022,46922818,01,51
2022,46947808,01,51
2022,46999260,01,51
2022,47025789,01,51
2022,47029491,01,51
2022,47029489,01,51
2022,47029490,01,51
2022,47117401,01,51
2022,47456492,01,51
2022,47456494,01,51
2022,47456496,01,51
2022,47456498,01,51
2022,47456501,01,51
2022,47456495,01,51
2022,47456499,01,51
2022,47456500,01,51
2022,47456502,01,51
2022,47456493,01,51
2022,47456497,01,51
2022,47456503,01,51
2022,47456504,01,51
2022,47456505,01,51
2022,47456509,01,51
2022,47456491,01,51
2022,47456506,01,51
2022,47456507,01,51
2022,47456508,01,51
2022,47456511,01,51
2022,47456510,01,51
2022,47510274,01,51
2022,47510272,01,51
2022,47510273,01,51
2022,47570351,01,51
2022,47570352,01,51
2022,47600958,01,51
2022,47604254,01,51
2022,47629964,01,51
2022,44950308,01,51
2022,44950309,01,51
2022,44950502,01,51
2022,44961840,01,51
2022,44961841,01,51
2022,44961842,01,51
2022,45310738,01,51
2022,45301529,01,51
2022,45491919,01,51
2022,45491918,01,51
2022,45491921,01,51
2022,45491920,01,51
2022,45491922,01,51
2022,45590524,01,51
2022,45590525,01,51
2022,45701350,01,51
2022,45746919,01,51
2022,45746918,01,51
2022,45746917,01,51
2022,45776682,01,51
2022,45847029,01,51
2022,46025004,01,51
2022,46025005,01,51
2022,46040249,01,51
2022,46040251,01,51
2022,46401207,01,51
2022,46812947,01,51
2022,46834686,01,51
2022,46633925,01,51
2022,46701663,01,51
2022,46998522,01,51
2022,46998523,01,51
2022,47044785,01,51
2022,47456533,01,51
2022,47456537,01,51
2022,47456534,01,51
2022,47456532,01,51
2022,47456535,01,51
2022,47456536,01,51
2022,47456538,01,51
2022,47639955,01,51
2022,47639956,01,51
2022,47639954,01,51
2022,47641185,01,51
2022,47641186,01,51
2022,45492016,01,51
2022,45492015,01,51
2022,45492017,01,51
2022,45492023,01,51
2022,45492022,01,51
2022,45492009,01,51
2022,45492020,01,51
2022,45492019,01,51
2022,45492018,01,51
2022,45492021,01,51
2022,45541819,01,51
2022,45541820,01,51
2022,45541821,01,51
2022,45776695,01,51
2022,45776696,01,51
2022,46130795,01,51
2022,46157021,01,51
2022,48346097,01,51
2022,48224983,01,51
2022,48240302,01,51
2022,44645651,01,51
2022,45008606,01,51
2022,45272321,01,51
2022,45310739,01,51
2022,45310740,01,51
2022,45310741,01,51
2022,45310742,01,51
2022,45304935,16,52
2022,45121012,01,51
2022,45492111,01,51
2022,45492114,01,51
2022,45492113,01,51
2022,45535201,01,51
2022,45670890,01,51
2022,45746920,01,51
2022,45746921,01,51
2022,45746922,01,51
2022,45746923,01,51
2022,45773185,01,51
2022,45773186,01,51
2022,45848201,01,51
2022,45848203,01,51
2022,45848202,01,51
2022,46083839,01,51
2022,46010654,01,51
2022,46010653,01,51
2022,46083840,01,51
2022,46083841,01,51
2022,46083842,01,51
2022,46233138,01,51
2022,46233139,01,51
2022,46233137,01,51
2022,47456645,01,51
2022,47456651,01,51
2022,47456646,01,51
2022,47456648,01,51
2022,47456650,01,51
2022,47456652,01,51
2022,47456653,01,51
2022,47456647,01,51
2022,47456649,01,51
2022,47456668,01,51
2022,47800352,01,51
2022,47456654,01,51
2022,47456655,01,51
2022,47456671,01,51
2022,47456672,01,51
2022,47456673,01,51
2022,47456657,01,51
2022,47456660,01,51
2022,47456669,01,51
2022,47456656,01,51
2022,47456658,01,51
2022,47456659,01,51
2022,47456670,01,51
2022,47456674,01,51
2022,47456661,01,51
2022,47456662,01,51
2022,47456663,01,51
2022,47456664,01,51
2022,47456666,01,51
2022,47456665,01,51
2022,47456667,01,51
2022,47578856,01,51
2022,47578855,01,51
2022,47578857,01,51
2022,47646416,01,51
2022,46539030,01,51
2022,46539032,01,51
2022,46539042,01,51
2022,46539043,01,51
2022,46539033,01,51
2022,46539031,01,51
2022,46539034,01,51
2022,46539035,01,51
2022,46539036,01,51
2022,46539024,01,51
2022,46539025,01,51
2022,46539026,01,51
2022,46539027,01,51
2022,46539028,01,51
2022,46539029,01,51
2022,46539037,01,51
2022,46539038,01,51
2022,46539039,01,51
2022,46539040,01,51
2022,46539041,01,51
2022,46547077,01,51
2022,46547078,01,51
2022,46547079,01,51
2022,46547080,01,51
2022,46547081,01,51
2022,46547082,01,51
2022,46547083,01,51
2022,46547084,01,51
2022,46547085,01,51
2022,46547086,01,51
2022,46547087,01,51
2022,46547088,01,51
2022,46547089,01,51
2022,46547090,01,51
2022,46547091,01,51
2022,46547092,01,51
2022,46547093,01,51
2022,46547094,01,51
2022,46547095,01,51
2022,46547096,01,51
2022,46547097,01,51
2022,46547098,01,51
2022,46547099,01,51
2022,46547100,01,51
2022,46547101,01,51
2022,46548161,01,51
2022,46548163,01,51
2022,46548160,01,51
2022,46548162,01,51
2022,46578222,01,51
2022,46578223,01,51
2022,46578224,01,51
2022,46578225,01,51
2022,46578226,01,51
2022,46578227,01,51
2022,46578228,01,51
2022,46578229,01,51
2022,46578230,01,51
2022,46578231,01,51
2022,46578232,01,51
2022,46578233,01,51
2022,46578234,01,51
2022,46578235,01,51
2022,46578236,01,51
2022,46578237,01,51
2022,46578238,01,51
2022,46579307,01,51
2022,46579306,01,51
2022,46587882,01,51
2022,46587883,01,51
2022,46587884,01,51
2022,46587890,01,51
2022,46587885,01,51
2022,46587886,01,51
2022,46587887,01,51
2022,46587888,01,51
2022,46587889,01,51
2022,46587891,01,51
2022,46587893,01,51
2022,46587894,01,51
2022,46587895,01,51
2022,46587896,01,51
2022,46587897,01,51
2022,46587899,01,51
2022,46587900,01,51
2022,46587901,01,51
2022,46602844,01,51
2022,46602845,01,51
2022,46602847,01,51
2022,46602848,01,51
2022,46602849,01,51
2022,46602851,01,51
2022,46602852,01,51
2022,46602853,01,51
2022,46602854,01,51
2022,46602855,01,51
2022,46602856,01,51
2022,46602857,01,51
2022,46602858,01,51
2022,46602859,01,51
2022,46602862,01,51
2022,46602860,01,51
2022,46602861,01,51
2022,46619084,01,51
2022,46619085,01,51
2022,46619741,01,51
2022,46619755,01,51
2022,46619758,01,51
2022,46619760,01,51
2022,46619742,01,51
2022,46619752,01,51
2022,46619753,01,51
2022,46619740,01,51
2022,46619747,01,51
2022,46619751,01,51
2022,46619754,01,51
2022,46619756,01,51
2022,46619757,01,51
2022,46619759,01,51
2022,46619761,01,51
2022,46619743,01,51
2022,46619744,01,51
2022,46619745,01,51
2022,46619748,01,51
2022,46619749,01,51
2022,46619746,01,51
2022,46619750,01,51
2022,46762964,01,51
2022,46763355,01,51
2022,46763354,01,51
2022,46763356,01,51
2022,46763353,01,51
2022,46763357,01,51
2022,46809042,01,51
2022,46809043,01,51
2022,46812949,01,51
2022,46812950,01,51
2022,46624694,01,51
2022,46624695,01,51
2022,46624696,01,51
2022,46624697,01,51
2022,46624698,01,51
2022,46624699,01,51
2022,46624700,01,51
2022,46624701,01,51
2022,46624702,01,51
2022,46631821,01,51
2022,46631820,01,51
2022,46631822,01,51
2022,46631823,01,51
2022,46641619,01,51
2022,46641618,01,51
2022,46648381,01,51
2022,46648382,01,51
2022,46648383,01,51
2022,46648384,01,51
2022,46648385,01,51
2022,46696158,01,51
2022,46696157,01,51
2022,46696159,01,51
2022,46696156,01,51
2022,46698161,01,51
2022,46701665,01,51
2022,46701666,01,51
2022,46701667,01,51
2022,46701668,01,51
2022,46701669,01,51
2022,46734511,01,51
2022,46743252,01,51
2022,46743249,01,51
2022,46743251,01,51
2022,46743250,01,51
2022,46743253,01,51
2022,46752143,01,51
2022,46752144,01,51
2022,46752142,01,51
2022,46812951,01,51
2022,46812952,01,51
2022,46820548,01,51
2022,46820549,01,51
2022,46820550,01,51
2022,47017285,01,51
2022,47017289,01,51
2022,47017287,01,51
2022,47017286,01,51
2022,47017288,01,51
2022,47017690,01,51
2022,47017689,01,51
2022,47017691,01,51
2022,47117402,01,51
2022,47089637,01,51
2022,47089638,01,51
2022,47222404,01,51
2022,47155630,01,51
2022,47155629,01,51
2022,47155628,01,51
2022,47157339,01,51
2022,47173666,01,51
2022,47173664,01,51
2022,47173665,01,51
2022,47456768,01,51
2022,47456769,01,51
2022,47456773,01,51
2022,47456774,01,51
2022,47456770,01,51
2022,47456775,01,51
2022,47456771,01,51
2022,47456772,01,51
2022,47456776,01,51
2022,47456777,01,51
2022,47456782,01,51
2022,47456783,01,51
2022,47456784,01,51
2022,47456785,01,51
2022,47456786,01,51
2022,47456787,01,51
2022,47456793,01,51
2022,47456794,01,51
2022,47456799,01,51
2022,47456802,01,51
2022,47456804,01,51
2022,47456812,01,51
2022,47456778,01,51
2022,47456779,01,51
2022,47456781,01,51
2022,47456789,01,51
2022,47456791,01,51
2022,47456795,01,51
2022,47456797,01,51
2022,47456798,01,51
2022,47456801,01,51
2022,47456780,01,51
2022,47456788,01,51
2022,47456790,01,51
2022,47456792,01,51
2022,47456796,01,51
2022,47456800,01,51
2022,47456803,01,51
2022,47456805,01,51
2022,47456806,01,51
2022,47456807,01,51
2022,47456808,01,51
2022,47456809,01,51
2022,47456810,01,51
2022,47456811,01,51
2022,47456815,01,51
2022,47456820,01,51
2022,47456823,12,3
2022,47456817,01,51
2022,47456821,01,51
2022,47456822,01,51
2022,47456813,01,51
2022,47456814,01,51
2022,47456816,01,51
2022,47456818,01,51
2022,47456819,01,51
2022,47510276,01,51
2022,47510277,01,51
2022,47510278,01,51
2022,47574480,01,51
2022,47574479,01,51
2022,47574481,01,51
2022,47574482,01,51
2022,47574483,01,51
2022,47574484,01,51
2022,47578858,01,51
2022,47578859,01,51
2022,47629051,01,51
2022,47630322,01,51
2022,47779376,01,51
2022,47779377,01,51
2022,47779378,01,51
2022,47779379,01,51
2022,47766774,01,51
2022,47766771,01,51
2022,47766772,01,51
2022,47766770,01,51
2022,47766773,01,51
2022,47800353,01,51
2022,47800354,01,51
2022,47800355,01,51
2022,47805917,01,51
2022,47805920,01,51
2022,47805916,01,51
2022,47805919,01,51
2022,47894896,01,51
2022,47889328,01,51
2022,47889329,01,51
2022,47875203,01,51
2022,47630323,01,51
2022,47630324,01,51
2022,47630325,01,51
2022,47630326,01,51
2022,47630327,01,51
2022,47630328,01,51
2022,47630329,01,51
2022,47641187,01,51
2022,47647325,01,51
2022,47647326,01,51
2022,47647327,01,51
2022,47647328,01,51
2022,47647329,01,51
2022,47678356,01,51
2022,48327077,01,51
2022,44475007,01,51
2022,44661191,01,51
2022,44840220,01,51
2022,44840219,01,51
2022,45034625,01,51
2022,45034624,01,51
2022,45096999,01,51
2022,45097000,01,51
2022,45096998,01,51
2022,45301530,01,51
2022,45492947,01,51
2022,45492946,01,51
2022,45533210,01,51
2022,45533212,01,51
2022,45847030,01,51
2022,45776700,01,51
2022,46009304,01,51
2022,46010655,01,51
2022,46396179,01,51
2022,46517120,01,51
2022,46692444,01,51
2022,46696160,01,51
2022,46742776,01,51
2022,46742774,01,51
2022,46742775,01,51
2022,46916253,01,51
2022,46916252,01,51
2022,47017290,01,51
2022,47143953,01,51
2022,47017692,01,51
2022,47157340,01,51
2022,47457086,01,51
2022,47457088,01,51
2022,47457087,01,51
2022,48335617,01,51
2022,46696161,01,51
2022,45266540,01,51
2022,45267511,01,51
2022,45267510,01,51
2022,45267509,01,51
2022,44673196,01,51
2022,44673198,01,51
2022,44673202,01,51
2022,44673205,01,51
2022,44673199,01,51
2022,44673200,01,51
2022,44673201,01,51
2022,44673204,01,51
2022,44673203,01,51
2022,44677221,01,51
2022,44677222,01,51
2022,44677223,01,51
2022,44677224,01,51
2022,44677225,01,51
2022,44677226,01,51
2022,44677227,01,51
2022,44677228,01,51
2022,44677229,01,51
2022,44688085,01,51
2022,44688086,01,51
2022,44688087,01,51
2022,44688088,01,51
2022,44688089,01,51
2022,44688090,01,51
2022,44688091,01,51
2022,44688093,01,51
2022,44688094,01,51
2022,44688095,01,51
2022,44688096,01,51
2022,44688097,01,51
2022,44688098,01,51
2022,44688099,01,51
2022,44688100,01,51
2022,44688101,01,51
2022,44688102,01,51
2022,44688103,01,51
2022,44688104,01,51
2022,44688105,01,51
2022,44688106,01,51
2022,44688107,01,51
2022,44688108,01,51
2022,44688109,01,51
2022,44688110,01,51
2022,44688111,01,51
2022,44688112,01,51
2022,44688113,01,51
2022,44688114,01,51
2022,44688115,01,51
2022,44688116,01,51
2022,44688117,01,51
2022,44688118,01,51
2022,44688119,01,51
2022,44688120,01,51
2022,44688121,01,51
2022,44688122,01,51
2022,44688123,01,51
2022,44688126,01,51
2022,44688124,01,51
2022,44688127,01,51
2022,44688125,01,51
2022,44688128,01,51
2022,44719075,01,51
2022,44719072,01,51
2022,44719073,01,51
2022,44719074,01,51
2022,44719076,01,51
2022,44721469,01,51
2022,44721825,01,51
2022,44721826,01,51
2022,44721824,01,51
2022,44721827,01,51
2022,44721828,01,51
2022,44721829,01,51
2022,44751593,01,51
2022,44751594,01,51
2022,44824725,01,51
2022,44824727,01,51
2022,44824726,01,51
2022,44824724,01,51
2022,44829092,01,51
2022,44840227,01,51
2022,44840228,01,51
2022,44840221,01,51
2022,44840222,01,51
2022,44840223,01,51
2022,44840224,01,51
2022,44840225,01,51
2022,44840226,01,51
2022,44854383,01,51
2022,44854382,01,51
2022,44854384,01,51
2022,44873969,01,51
2022,44873970,01,51
2022,44873971,01,51
2022,44873972,01,51
2022,44873973,01,51
2022,44873974,01,51
2022,44873975,01,51
2022,44907824,01,51
2022,44907825,01,51
2022,44907826,01,51
2022,44922813,01,51
2022,44922808,01,51
2022,44922809,01,51
2022,44922812,01,51
2022,44922810,01,51
2022,45266541,01,51
2022,45266542,01,51
2022,45272328,01,51
2022,45272331,01,51
2022,45272327,01,51
2022,45272330,01,51
2022,45272332,01,51
2022,45272326,01,51
2022,45272329,01,51
2022,45272333,01,51
2022,45296008,01,51
2022,45296004,01,51
2022,45296006,01,51
2022,45296005,01,51
2022,45296007,01,51
2022,45298991,01,51
2022,45298992,01,51
2022,45309197,01,51
2022,45309198,01,51
2022,45309196,01,51
2022,45309199,01,51
2022,45491638,01,51
2022,44931078,01,51
2022,44931079,01,51
2022,44950305,01,51
2022,44950306,01,51
2022,44950307,01,51
2022,44961844,01,51
2022,44961845,01,51
2022,44961846,01,51
2022,44961848,01,51
2022,44961850,01,51
2022,44961847,01,51
2022,44961849,01,51
2022,44970008,01,51
2022,44970010,01,51
2022,44970007,01,51
2022,44970009,01,51
2022,44970699,01,51
2022,44970700,01,51
2022,44970701,01,51
2022,44970702,01,51
2022,44970704,01,51
2022,44970705,01,51
2022,44970706,01,51
2022,45008608,01,51
2022,45008609,01,51
2022,45045171,01,51
2022,45045172,01,51
2022,45045173,01,51
2022,45045174,01,51
2022,45045175,14,7
2022,45045178,01,51
2022,45045183,01,51
2022,45045213,01,51
2022,45045216,01,51
2022,45045218,01,51
2022,45045219,01,51
2022,45045176,01,51
2022,45045177,01,51
2022,45045179,01,51
2022,45045180,01,51
2022,45045181,01,51
2022,45045182,01,51
2022,45045184,01,51
2022,45045185,01,51
2022,45045186,01,51
2022,45045187,01,51
2022,45045214,01,51
2022,45045215,01,51
2022,45045217,01,51
2022,45045188,01,51
2022,45045191,01,51
2022,45045192,01,51
2022,45045194,01,51
2022,45045195,01,51
2022,45045197,01,51
2022,45045200,01,51
2022,45045204,01,51
2022,45045206,01,51
2022,45045210,01,51
2022,45045212,01,51
2022,45045189,01,51
2022,45045193,01,51
2022,45045198,01,51
2022,45045199,01,51
2022,45045201,01,51
2022,45045202,01,51
2022,45045205,01,51
2022,45045208,01,51
2022,45045190,01,51
2022,45045196,01,51
2022,45045203,01,51
2022,45045207,01,51
2022,45045209,01,51
2022,45045211,01,51
2022,45097003,01,51
2022,45097004,01,51
2022,45097005,01,51
2022,45097002,01,51
2022,45097006,01,51
2022,45097007,01,51
2022,45121019,01,51
2022,45121017,01,51
2022,45121016,01,51
2022,45121018,01,51
2022,45121020,01,51
2022,48128752,01,51
2022,45310743,01,51
2022,45310745,01,51
2022,45310747,01,51
2022,45310744,01,51
2022,45310746,01,51
2022,45310748,01,51
2022,45312677,01,51
2022,45312676,01,51
2022,45308886,01,51
2022,45315106,01,51
2022,45315107,01,51
2022,45315116,01,51
2022,45315118,01,51
2022,45315119,01,51
2022,45315121,01,51
2022,45315123,01,51
2022,45315125,01,51
2022,45315129,01,51
2022,45315130,01,51
2022,45315133,01,51
2022,45315135,01,51
2022,45315105,01,51
2022,45315108,01,51
2022,45315110,01,51
2022,45315109,01,51
2022,45315111,01,51
2022,45315112,01,51
2022,45315114,01,51
2022,45315117,01,51
2022,45315120,01,51
2022,45315126,01,51
2022,45315128,01,51
2022,45315113,01,51
2022,45315115,01,51
2022,45315122,01,51
2022,45315124,01,51
2022,45315127,01,51
2022,45315134,01,51
2022,45315136,01,51
2022,45315131,01,51
2022,45315132,01,51
2022,45331013,01,51
2022,45331015,01,51
2022,45331014,01,51
2022,45343916,01,51
2022,45343915,01,51
2022,45343918,01,51
2022,45343919,01,51
2022,45346399,01,51
2022,45491640,01,51
2022,45491642,01,51
2022,45491645,01,51
2022,45491647,01,51
2022,45491648,01,51
2022,45491650,01,51
2022,45491652,01,51
2022,45491656,01,51
2022,45491658,01,51
2022,45491664,01,51
2022,45491669,01,51
2022,45491670,01,51
2022,45491671,01,51
2022,45491672,01,51
2022,45491673,01,51
2022,45491639,01,51
2022,45491644,01,51
2022,45491646,01,51
2022,45491651,01,51
2022,45491654,01,51
2022,45491666,01,51
2022,45491641,01,51
2022,45491643,01,51
2022,45491649,01,51
2022,45491653,01,51
2022,45491657,01,51
2022,45491659,01,51
2022,45491661,01,51
2022,45491662,01,51
2022,45491663,01,51
2022,45491665,01,51
2022,45491667,01,51
2022,45491668,01,51
2022,45491674,01,51
2022,45750275,01,51
2022,45754872,01,51
2022,45754873,01,51
2022,46037766,01,51
2022,48131387,01,51
2022,45499611,01,51
2022,45499620,01,51
2022,45499623,01,51
2022,45499627,01,51
2022,45499631,01,51
2022,45499639,01,51
2022,45499647,01,51
2022,45499649,01,51
2022,45499651,01,51
2022,45499612,01,51
2022,45499619,01,51
2022,45499617,01,51
2022,45499618,01,51
2022,45499625,01,51
2022,45499632,01,51
2022,45499633,01,51
2022,45499645,01,51
2022,45499646,01,51
2022,45499648,01,51
2022,45499654,01,51
2022,45499614,01,51
2022,45499630,01,51
2022,45499637,01,51
2022,45499641,01,51
2022,45499643,01,51
2022,45499653,01,51
2022,45499615,01,51
2022,45499613,01,51
2022,45499634,01,51
2022,45499635,01,51
2022,45499638,01,51
2022,45499642,01,51
2022,45499655,01,51
2022,45499656,01,51
2022,45499616,01,51
2022,45499628,01,51
2022,45499629,01,51
2022,45499636,01,51
2022,45499640,01,51
2022,45499621,01,51
2022,45499622,01,51
2022,45499624,01,51
2022,45499626,01,51
2022,45499644,01,51
2022,45499650,01,51
2022,45499652,01,51
2022,45510050,01,51
2022,45510049,01,51
2022,45510051,01,51
2022,45510052,01,51
2022,45510054,01,51
2022,45510056,01,51
2022,45510048,01,51
2022,45510055,01,51
2022,45491660,01,51
2022,45639718,01,51
2022,45639717,01,51
2022,45639716,01,51
2022,45590509,01,51
2022,45590503,01,51
2022,45590504,01,51
2022,45590506,14,7
2022,45590507,01,51
2022,45590508,01,51
2022,45590505,01,51
2022,45762683,01,51
2022,45762686,01,51
2022,45762681,01,51
2022,45762682,01,51
2022,45762685,01,51
2022,45762687,01,51
2022,45762684,01,51
2022,45714534,01,51
2022,45714533,01,51
2022,45714535,01,51
2022,45716434,01,51
2022,45716433,01,51
2022,45716432,01,51
2022,45730736,01,51
2022,45730737,01,51
2022,45736783,01,51
2022,45736785,01,51
2022,45736784,01,51
2022,45932831,14,7
2022,45932832,01,51
2022,45932833,01,51
2022,45947279,01,51
2022,45947282,01,51
2022,45947281,01,51
2022,45947280,01,51
2022,45921677,01,51
2022,45921678,01,51
2022,45921679,01,51
2022,45921676,01,51
2022,45921680,01,51
2022,45954763,01,51
2022,45993499,01,51
2022,46037767,01,51
2022,45965395,01,51
2022,45965402,01,51
2022,45965409,01,51
2022,45965413,01,51
2022,45965414,01,51
2022,45965394,01,51
2022,45965411,01,51
2022,45965396,01,51
2022,45965403,01,51
2022,45965410,01,51
2022,45965412,01,51
2022,45965417,01,51
2022,45965420,01,51
2022,45965429,01,51
2022,45965430,01,51
2022,45965434,01,51
2022,45965389,01,51
2022,45965391,01,51
2022,45965392,01,51
2022,45965400,01,51
2022,45965401,01,51
2022,45965407,01,51
2022,45965424,01,51
2022,45965426,01,51
2022,45965427,01,51
2022,45965428,01,51
2022,45965393,01,51
2022,45965397,01,51
2022,45965399,01,51
2022,45965408,01,51
2022,45965422,01,51
2022,45965423,01,51
2022,45965390,01,51
2022,45965398,01,51
2022,45965404,01,51
2022,45965405,01,51
2022,45965406,01,51
2022,45965425,01,51
2022,45965415,01,51
2022,45965433,01,51
2022,45965416,01,51
2022,45965418,01,51
2022,45965419,01,51
2022,45965421,01,51
2022,45965431,01,51
2022,45965432,01,51
2022,45965435,01,51
2022,45967112,01,51
2022,45967113,01,51
2022,46071410,01,51
2022,46071406,01,51
2022,46071409,01,51
2022,46071408,01,51
2022,46071405,01,51
2022,46071407,01,51
2022,46071411,01,51
2022,45993498,01,51
2022,45993502,01,51
2022,45993497,01,51
2022,45993495,01,51
2022,45993496,01,51
2022,45993500,01,51
2022,45993501,01,51
2022,45993503,01,51
2022,46088274,01,51
2022,46088272,01,51
2022,46018735,01,51
2022,46018736,01,51
2022,46018734,01,51
2022,46040315,01,51
2022,46157026,01,51
2022,46157027,01,51
2022,46157028,01,51
2022,46157025,01,51
2022,46233142,01,51
2022,46233141,01,51
2022,46245481,01,51
2022,46245482,01,51
2022,46245483,01,51
2022,46175338,01,51
2022,46175337,01,51
2022,46131282,01,51
2022,48128546,14,7
2022,48128551,01,51
2022,48128557,01,51
2022,48128542,01,51
2022,48128555,01,51
2022,48128533,01,51
2022,48128536,01,51
2022,48128544,01,51
2022,48128540,01,51
2022,48128550,01,51
2022,48128530,01,51
2022,48128538,01,51
2022,48128548,01,51
2022,48128553,01,51
2022,48136722,01,51
2022,48136724,01,51
2022,48136726,01,51
2022,48136727,01,51
2022,48136729,01,51
2022,48136720,01,51
2022,48136721,01,51
2022,48136723,01,51
2022,48136728,01,51
2022,48136725,01,51
2022,48136730,01,51
2022,48136731,01,51
2022,48136732,01,51
2022,48136733,01,51
2022,48136734,01,51
2022,48136735,01,51
2022,48136736,01,51
2022,48136737,01,51
2022,48136738,01,51
2022,48136739,01,51
2022,48136740,01,51
2022,48136741,01,51
2022,48136742,01,51
2022,48136743,01,51
2022,48136744,01,51
2022,48136745,01,51
2022,48136746,01,51
2022,48136747,01,51
2022,48136748,01,51
2022,48136749,01,51
2022,48136750,01,51
2022,48136751,01,51
2022,48136752,01,51
2022,48136753,01,51
2022,48136754,01,51
2022,48136755,01,51
2022,48136756,01,51
2022,48136757,01,51
2022,48136758,01,51
2022,48136759,01,51
2022,48136760,01,51
2022,48136761,01,51
2022,48136762,01,51
2022,48136763,01,51
2022,48136764,01,51
2022,48136765,01,51
2022,48136766,01,51
2022,48136767,01,51
2022,48136768,01,51
2022,48136769,01,51
2022,48136773,01,51
2022,48136774,01,51
2022,48136776,01,51
2022,48136778,01,51
2022,48136781,01,51
2022,48136784,01,51
2022,48136785,01,51
2022,48136770,01,51
2022,48136772,01,51
2022,48136777,01,51
2022,48136775,01,51
2022,48136779,01,51
2022,48136780,01,51
2022,48136782,01,51
2022,48128562,01,51
2022,48128566,01,51
2022,48128603,01,51
2022,48128564,01,51
2022,48128579,01,51
2022,48128585,01,51
2022,48128587,01,51
2022,48128591,01,51
2022,48128574,01,51
2022,48128605,01,51
2022,48128609,01,51
2022,48128599,01,51
2022,48128568,01,51
2022,48128571,01,51
2022,48128589,01,51
2022,48128595,01,51
2022,48128597,01,51
2022,48128577,01,51
2022,48128581,01,51
2022,48128583,01,51
2022,48128593,01,51
2022,48128601,01,51
2022,48128607,01,51
2022,48128560,01,51
2022,48143259,01,51
2022,48143263,01,51
2022,48143266,01,51
2022,48143271,01,51
2022,48143273,01,51
2022,48143278,01,51
2022,48143258,01,51
2022,48143280,01,51
2022,48143286,01,51
2022,48143289,01,51
2022,48143291,01,51
2022,48143292,01,51
2022,48143297,01,51
2022,48143299,01,51
2022,48143301,01,51
2022,48143302,01,51
2022,48143303,01,51
2022,48143305,01,51
2022,48143306,01,51
2022,48143307,01,51
2022,48143312,01,51
2022,48143282,01,51
2022,48143284,01,51
2022,48143287,01,51
2022,48143288,01,51
2022,48143290,01,51
2022,48143293,01,51
2022,48143310,01,51
2022,48143281,01,51
2022,48143283,01,51
2022,48143285,01,51
2022,48143294,01,51
2022,48143295,01,51
2022,48143296,01,51
2022,48143298,01,51
2022,48143300,01,51
2022,48143304,01,51
2022,48143309,01,51
2022,48143311,01,51
2022,48143260,01,51
2022,48143261,01,51
2022,48143262,01,51
2022,48143264,01,51
2022,48143265,01,51
2022,48143267,01,51
2022,48143268,01,51
2022,48143269,01,51
2022,48143270,01,51
2022,48143272,01,51
2022,48143274,01,51
2022,48143275,01,51
2022,48143276,01,51
2022,48143277,01,51
2022,48144322,01,51
2022,48128613,01,51
2022,48128617,01,51
2022,48128638,01,51
2022,48128615,01,51
2022,48128621,01,51
2022,48128626,01,51
2022,48128630,01,51
2022,48128642,01,51
2022,48128654,01,51
2022,48128634,01,51
2022,48128646,01,51
2022,48128624,01,51
2022,48128632,01,51
2022,48128636,01,51
2022,48128656,01,51
2022,48128611,01,51
2022,48128619,01,51
2022,48128623,01,51
2022,48128628,01,51
2022,48128640,01,51
2022,48128644,01,51
2022,48128648,01,51
2022,48128652,01,51
2022,48128650,01,51
2022,48144323,01,51
2022,48145826,01,51
2022,48145828,01,51
2022,48145829,01,51
2022,48145833,01,51
2022,48145836,01,51
2022,48145844,01,51
2022,48145848,01,51
2022,48145849,01,51
2022,48145852,01,51
2022,48145854,01,51
2022,48145858,01,51
2022,48145861,01,51
2022,48145867,01,51
2022,48145871,01,51
2022,48145876,01,51
2022,48145879,01,51
2022,48145881,01,51
2022,48145883,01,51
2022,48145891,01,51
2022,48145893,01,51
2022,48145895,01,51
2022,48145897,01,51
2022,48145899,01,51
2022,48145857,01,51
2022,48145859,01,51
2022,48145860,01,51
2022,48145864,01,51
2022,48145866,01,51
2022,48145869,01,51
2022,48145873,01,51
2022,48145874,01,51
2022,48145875,01,51
2022,48145878,01,51
2022,48145884,01,51
2022,48145885,01,51
2022,48145890,01,51
2022,48145892,01,51
2022,48145894,01,51
2022,48145898,01,51
2022,48145900,01,51
2022,48145862,01,51
2022,48145863,01,51
2022,48145865,01,51
2022,48145868,01,51
2022,48145870,01,51
2022,48145872,01,51
2022,48145877,01,51
2022,48145880,01,51
2022,48145882,01,51
2022,48145896,01,51
2022,48145901,01,51
2022,48145827,01,51
2022,48145830,01,51
2022,48145831,01,51
2022,48145832,01,51
2022,48145834,01,51
2022,48145835,01,51
2022,48145837,01,51
2022,48145838,01,51
2022,48145839,01,51
2022,48145841,01,51
2022,48145842,01,51
2022,48145843,01,51
2022,48145845,01,51
2022,48145846,01,51
2022,48145847,01,51
2022,48145850,01,51
2022,48145851,01,51
2022,48145853,01,51
2022,48145855,01,51
2022,48145856,01,51
2022,48145887,01,51
2022,48145888,01,51
2022,48145889,01,51
2022,48128670,01,51
2022,48128676,01,51
2022,48128680,01,51
2022,48128684,01,51
2022,48128660,01,51
2022,48128662,01,51
2022,48128666,01,51
2022,48128672,01,51
2022,48128674,01,51
2022,48128664,01,51
2022,48128668,01,51
2022,48128658,01,51
2022,48128678,01,51
2022,48128682,01,51
2022,48143315,01,51
2022,48143316,01,51
2022,48143313,01,51
2022,48143314,01,51
2022,48145907,01,51
2022,48145908,01,51
2022,48145911,01,51
2022,48145913,01,51
2022,48145921,01,51
2022,48145922,01,51
2022,48145926,01,51
2022,48145929,01,51
2022,48145934,01,51
2022,48145940,01,51
2022,48145904,01,51
2022,48145906,01,51
2022,48145945,01,51
2022,48145947,01,51
2022,48145948,01,51
2022,48145950,01,51
2022,48145953,01,51
2022,48145955,01,51
2022,48145957,01,51
2022,48145905,01,51
2022,48145946,01,51
2022,48145951,01,51
2022,48145952,01,51
2022,48145954,01,51
2022,48145956,01,51
2022,48145958,01,51
2022,48145959,01,51
2022,48145961,01,51
2022,48145963,01,51
2022,48145902,01,51
2022,48145903,01,51
2022,48145949,01,51
2022,48145960,01,51
2022,48145962,01,51
2022,48145909,01,51
2022,48145910,01,51
2022,48145912,01,51
2022,48145914,01,51
2022,48145915,01,51
2022,48145916,01,51
2022,48145917,01,51
2022,48145918,01,51
2022,48145919,01,51
2022,48145920,01,51
2022,48145923,01,51
2022,48145924,01,51
2022,48145925,01,51
2022,48145927,01,51
2022,48145928,01,51
2022,48145930,01,51
2022,48145931,01,51
2022,48145933,01,51
2022,48145935,01,51
2022,48145936,01,51
2022,48145937,01,51
2022,48145938,01,51
2022,48145939,01,51
2022,48145941,01,51
2022,48145942,01,51
2022,48145943,01,51
2022,48145944,01,51
2022,48128688,01,51
2022,48128696,01,51
2022,48128711,01,51
2022,48128713,01,51
2022,48128718,01,51
2022,48128719,01,51
2022,48128714,01,51
2022,48128715,01,51
2022,48128720,01,51
2022,48128690,01,51
2022,48128694,01,51
2022,48128698,01,51
2022,48128702,01,51
2022,48128706,01,51
2022,48128709,01,51
2022,48128692,01,51
2022,48128708,01,51
2022,48128716,01,51
2022,48128686,01,51
2022,48128712,01,51
2022,48128700,01,51
2022,48128704,01,51
2022,48128710,01,51
2022,48128717,01,51
2022,48143333,01,51
2022,48143335,01,51
2022,48143337,01,51
2022,48143342,01,51
2022,48143346,01,51
2022,48143362,01,51
2022,48143367,01,51
2022,48143368,01,51
2022,48143370,01,51
2022,48143371,01,51
2022,48143376,01,51
2022,48143382,01,51
2022,48143384,01,51
2022,48143322,01,51
2022,48143324,01,51
2022,48143328,01,51
2022,48143330,01,51
2022,48143347,01,51
2022,48143349,01,51
2022,48143350,01,51
2022,48143352,01,51
2022,48143353,01,51
2022,48143355,01,51
2022,48143358,01,51
2022,48143318,01,51
2022,48143326,01,51
2022,48143327,01,51
2022,48143329,01,51
2022,48143332,01,51
2022,48143348,01,51
2022,48143351,01,51
2022,48143356,01,51
2022,48143357,01,51
2022,48143360,01,51
2022,48143361,01,51
2022,48143319,01,51
2022,48143320,01,51
2022,48143321,01,51
2022,48143323,01,51
2022,48143325,01,51
2022,48143331,01,51
2022,48143354,01,51
2022,48143334,01,51
2022,48143336,01,51
2022,48143338,01,51
2022,48143339,01,51
2022,48143340,01,51
2022,48143341,01,51
2022,48143345,01,51
2022,48143365,01,51
2022,48143366,01,51
2022,48143374,01,51
2022,48143377,01,51
2022,48143378,01,51
2022,48143380,01,51
2022,48143383,01,51
2022,48143343,01,51
2022,48143344,01,51
2022,48143363,01,51
2022,48143364,01,51
2022,48143369,01,51
2022,48143372,01,51
2022,48143373,01,51
2022,48143375,01,51
2022,48143379,01,51
2022,48143381,01,51
2022,48128721,01,51
2022,48128723,01,51
2022,48128727,01,51
2022,48128729,01,51
2022,48128731,01,51
2022,48128724,01,51
2022,48128726,01,51
2022,48128728,01,51
2022,48128732,01,51
2022,48128722,01,51
2022,48128734,01,51
2022,48128725,01,51
2022,48128730,01,51
2022,48128733,01,51
2022,48144329,01,51
2022,48144330,01,51
2022,48144331,01,51
2022,48144332,01,51
2022,48144397,01,51
2022,48144402,01,51
2022,48144428,01,51
2022,48144324,01,51
2022,48144326,01,51
2022,48144333,01,51
2022,48144336,01,51
2022,48144394,01,51
2022,48144395,01,51
2022,48144398,01,51
2022,48144400,01,51
2022,48144404,01,51
2022,48144405,01,51
2022,48144406,01,51
2022,48144407,01,51
2022,48144408,01,51
2022,48144325,01,51
2022,48144327,01,51
2022,48144328,01,51
2022,48144334,01,51
2022,48144337,01,51
2022,48144338,01,51
2022,48144339,01,51
2022,48144340,01,51
2022,48144341,01,51
2022,48144342,01,51
2022,48144343,01,51
2022,48144344,01,51
2022,48144345,01,51
2022,48144346,01,51
2022,48144347,01,51
2022,48144348,01,51
2022,48144349,01,51
2022,48144350,01,51
2022,48144351,01,51
2022,48144352,01,51
2022,48144353,01,51
2022,48144354,01,51
2022,48144355,01,51
2022,48144356,01,51
2022,48144357,01,51
2022,48144358,01,51
2022,48144359,01,51
2022,48144360,01,51
2022,48144361,01,51
2022,48144362,01,51
2022,48144363,01,51
2022,48144364,01,51
2022,48144365,01,51
2022,48144366,01,51
2022,48144367,01,51
2022,48144368,01,51
2022,48144369,01,51
2022,48144370,01,51
2022,48144371,01,51
2022,48144372,01,51
2022,48144373,01,51
2022,48144377,01,51
2022,48144378,01,51
2022,48144380,01,51
2022,48144383,01,51
2022,48144385,01,51
2022,48144386,01,51
2022,48144387,01,51
2022,48144390,01,51
2022,48144392,01,51
2022,48144374,01,51
2022,48144376,01,51
2022,48144382,01,51
2022,48144384,01,51
2022,48144389,01,51
2022,48144375,01,51
2022,48144379,01,51
2022,48144381,01,51
2022,48144388,01,51
2022,48144391,01,51
2022,48144396,01,51
2022,48144399,01,51
2022,48144401,01,51
2022,48144403,01,51
2022,48335619,01,51
2022,48335620,01,51
2022,48128735,01,51
2022,48128739,01,51
2022,48128736,01,51
2022,48128743,01,51
2022,48128745,01,51
2022,48128747,01,51
2022,48128751,01,51
2022,48128738,01,51
2022,48128740,01,51
2022,48128737,01,51
2022,48128741,01,51
2022,48128749,01,51
2022,48128742,01,51
2022,48128744,01,51
2022,48128746,01,51
2022,48128748,01,51
2022,48128750,01,51
2022,48131388,01,51
2022,48131389,01,51
2022,48131391,01,51
2022,48131392,01,51
2022,48131390,01,51
2022,48131393,01,51
2022,48131395,01,51
2022,48131386,01,51
2022,48131394,01,51
2022,48136786,01,51
2022,48136783,01,51
2022,48144415,01,51
2022,48144426,01,51
2022,48144433,01,51
2022,48144435,01,51
2022,48144436,01,51
2022,48144437,01,51
2022,48144438,01,51
2022,48144441,01,51
2022,48144442,01,51
2022,48144443,01,51
2022,48144445,01,51
2022,48144446,01,51
2022,48144447,01,51
2022,48144459,01,51
2022,48144410,01,51
2022,48144411,01,51
2022,48144412,01,51
2022,48144413,01,51
2022,48144417,01,51
2022,48144421,01,51
2022,48144425,01,51
2022,48144427,01,51
2022,48144429,01,51
2022,48144431,01,51
2022,48144432,01,51
2022,48144434,01,51
2022,48144450,01,51
2022,48144452,01,51
2022,48144454,01,51
2022,48144457,01,51
2022,48144458,01,51
2022,48144462,01,51
2022,48144464,01,51
2022,48144409,01,51
2022,48144414,01,51
2022,48144416,01,51
2022,48144418,01,51
2022,48144419,01,51
2022,48144420,01,51
2022,48144422,01,51
2022,48144423,01,51
2022,48144424,01,51
2022,48144430,01,51
2022,48144439,01,51
2022,48144440,01,51
2022,48144444,01,51
2022,48144448,01,51
2022,48144449,01,51
2022,48144451,01,51
2022,48144453,01,51
2022,48144455,01,51
2022,48144456,01,51
2022,48144460,01,51
2022,48144461,01,51
2022,48144463,01,51
2022,48144465,01,51
2022,47799891,01,51
2022,47799893,01,51
2022,47799894,01,51
2022,47799896,01,51
2022,47799898,01,51
2022,47799900,01,51
2022,47799902,01,51
2022,47799908,01,51
2022,47799909,01,51
2022,47799912,01,51
2022,47799915,01,51
2022,47799916,01,51
2022,47799920,01,51
2022,47799923,01,51
2022,47799924,01,51
2022,47799890,01,51
2022,47799895,01,51
2022,47799897,01,51
2022,47799901,01,51
2022,47799903,01,51
2022,47799905,01,51
2022,47799906,01,51
2022,47799907,01,51
2022,47799910,01,51
2022,47799911,01,51
2022,47799913,01,51
2022,47799914,01,51
2022,47799917,01,51
2022,47799918,01,51
2022,47799919,01,51
2022,47799921,01,51
2022,47799922,01,51
2022,47799889,01,51
2022,47799892,01,51
2022,47799899,01,51
2022,47799904,01,51
2022,47799929,01,51
2022,47799931,01,51
2022,47799933,01,51
2022,47799934,01,51
2022,47799936,01,51
2022,47799940,01,51
2022,47799944,01,51
2022,47799945,01,51
2022,47799947,01,51
2022,47799950,01,51
2022,47799952,01,51
2022,47799953,01,51
2022,47799955,01,51
2022,47799956,01,51
2022,47799961,01,51
2022,47799928,01,51
2022,47799932,01,51
2022,47799935,01,51
2022,47799938,01,51
2022,47799941,01,51
2022,47799946,01,51
2022,47799949,01,51
2022,47799951,01,51
2022,47799954,01,51
2022,47799958,01,51
2022,47799962,01,51
2022,47799925,01,51
2022,47799926,01,51
2022,47799927,01,51
2022,47799930,01,51
2022,47799937,01,51
2022,47799939,01,51
2022,47799942,01,51
2022,47799943,01,51
2022,47799948,01,51
2022,47799957,01,51
2022,47799960,01,51
2022,48676400,01,51
2022,47799965,01,51
2022,47799967,01,51
2022,47799968,01,51
2022,47799970,01,51
2022,47799972,01,51
2022,47799971,01,51
2022,47799975,01,51
2022,47799977,01,51
2022,47799978,01,51
2022,47799980,01,51
2022,47799982,01,51
2022,47799983,01,51
2022,47799984,01,51
2022,47799985,01,51
2022,47799986,01,51
2022,47799988,01,51
2022,47799989,01,51
2022,47799994,01,51
2022,47799973,01,51
2022,47799974,01,51
2022,47799979,01,51
2022,47799981,01,51
2022,47799991,01,51
2022,47800001,01,51
2022,47800004,01,51
2022,47800006,01,51
2022,47800007,01,51
2022,47799976,01,51
2022,47799990,01,51
2022,47799992,01,51
2022,47799993,01,51
2022,47799995,01,51
2022,47799998,01,51
2022,47799999,01,51
2022,47800002,01,51
2022,47799963,01,51
2022,47799964,01,51
2022,47799966,01,51
2022,47799969,01,51
2022,47799996,01,51
2022,47799997,01,51
2022,47800000,01,51
2022,47800003,01,51
2022,47800005,01,51
2022,47800023,01,51
2022,47800024,01,51
2022,47800026,01,51
2022,47800028,01,51
2022,47800030,01,51
2022,47800019,01,51
2022,47800021,01,51
2022,47800027,01,51
2022,47800029,01,51
2022,47800031,01,51
2022,47800032,01,51
2022,47800035,01,51
2022,47800041,01,51
2022,47800043,01,51
2022,47800048,01,51
2022,47799888,01,51
2022,47800010,01,51
2022,47800008,01,51
2022,47800011,01,51
2022,47800012,01,51
2022,47800014,01,51
2022,47800016,01,51
2022,47800020,01,51
2022,47800022,01,51
2022,47800025,01,51
2022,47800037,01,51
2022,47800039,01,51
2022,47800042,01,51
2022,47800044,01,51
2022,47800045,01,51
2022,47800047,01,51
2022,47800050,01,51
2022,47800052,01,51
2022,47800009,01,51
2022,47800013,01,51
2022,47800015,01,51
2022,47800017,01,51
2022,47800018,01,51
2022,47800033,01,51
2022,47800034,01,51
2022,47800036,01,51
2022,47800038,01,51
2022,47800040,01,51
2022,47800046,01,51
2022,47800049,01,51
2022,47800051,01,51
2022,47800057,01,51
2022,47800061,01,51
2022,47800068,01,51
2022,47800070,01,51
2022,47800073,01,51
2022,47800076,01,51
2022,47799987,01,51
2022,47800053,01,51
2022,47800055,01,51
2022,47800056,01,51
2022,47800063,01,51
2022,47800064,01,51
2022,47800065,01,51
2022,47800066,01,51
2022,47800067,01,51
2022,47800075,01,51
2022,47800078,01,51
2022,47800054,01,51
2022,47800058,01,51
2022,47800059,01,51
2022,47800060,01,51
2022,47800062,01,51
2022,47800069,01,51
2022,47800071,01,51
2022,47800072,01,51
2022,47800074,01,51
2022,47800077,01,51
2022,47800079,01,51
2022,47800082,01,51
2022,47800083,01,51
2022,47800081,01,51
2022,47800113,01,51
2022,47800116,01,51
2022,47800121,01,51
2022,47800122,01,51
2022,47800124,01,51
2022,47800115,01,51
2022,47800118,01,51
2022,47800084,01,51
2022,47800086,01,51
2022,47800096,01,51
2022,47800099,01,51
2022,47800101,01,51
2022,47800103,01,51
2022,47800105,01,51
2022,47800107,01,51
2022,47800111,01,51
2022,47800112,01,51
2022,47800114,01,51
2022,47800117,01,51
2022,47800119,01,51
2022,47800120,01,51
2022,47800123,01,51
2022,47800125,01,51
2022,47800128,01,51
2022,47800087,01,51
2022,47800088,01,51
2022,47800090,01,51
2022,47800091,01,51
2022,47800092,01,51
2022,47800093,01,51
2022,47800095,01,51
2022,47800097,01,51
2022,47800106,01,51
2022,47800109,01,51
2022,47800110,01,51
2022,47800085,01,51
2022,47800089,01,51
2022,47800094,01,51
2022,47800098,01,51
2022,47800100,01,51
2022,47800102,01,51
2022,47800104,01,51
2022,47800108,01,51
2022,47800126,01,51
2022,47800127,01,51
2022,47800129,01,51
2022,47800130,01,51
2022,47800133,01,51
2022,47800134,01,51
2022,47800135,01,51
2022,47800137,01,51
2022,47800141,01,51
2022,47800151,01,51
2022,47800132,01,51
2022,47800136,01,51
2022,47800139,01,51
2022,47800140,01,51
2022,47800142,01,51
2022,47800147,01,51
2022,47800148,01,51
2022,47800149,01,51
2022,47800150,01,51
2022,47800152,01,51
2022,47800155,01,51
2022,47800157,01,51
2022,47800159,01,51
2022,47800163,01,51
2022,47800164,01,51
2022,47800166,01,51
2022,47800168,01,51
2022,47800169,01,51
2022,47800170,01,51
2022,47800158,01,51
2022,47800160,01,51
2022,47800161,01,51
2022,47800162,01,51
2022,47800165,01,51
2022,47800167,01,51
2022,47800171,01,51
2022,47800345,01,51
2022,47800131,01,51
2022,47800138,01,51
2022,47800143,01,51
2022,47800144,01,51
2022,47800145,01,51
2022,47800146,01,51
2022,47800153,01,51
2022,47800154,01,51
2022,47800156,01,51
2022,47800176,01,51
2022,47800179,01,51
2022,47800182,01,51
2022,47800184,01,51
2022,47800186,01,51
2022,47800188,01,51
2022,47800190,01,51
2022,47800191,01,51
2022,47800193,01,51
2022,47800198,01,51
2022,47800202,01,51
2022,47800172,01,51
2022,47800174,01,51
2022,47800175,01,51
2022,47800177,01,51
2022,47800178,01,51
2022,47800185,01,51
2022,47800189,01,51
2022,47800192,01,51
2022,47800194,01,51
2022,47800195,01,51
2022,47800197,01,51
2022,47800199,01,51
2022,47800201,01,51
2022,47800203,01,51
2022,47800173,01,51
2022,47800180,01,51
2022,47800181,01,51
2022,47800183,01,51
2022,47800187,01,51
2022,47800196,01,51
2022,47800200,01,51
2022,47800204,01,51
2022,47800232,01,51
2022,47800234,01,51
2022,47800236,01,51
2022,47800207,01,51
2022,47800208,01,51
2022,47800210,01,51
2022,47800212,01,51
2022,47800213,01,51
2022,47800218,01,51
2022,47800219,01,51
2022,47800222,01,51
2022,47800229,01,51
2022,47800231,01,51
2022,47800233,01,51
2022,47800235,01,51
2022,47800228,01,51
2022,47800230,01,51
2022,47800206,01,51
2022,47800211,01,51
2022,47800215,01,51
2022,47800221,01,51
2022,47800205,01,51
2022,47800209,01,51
2022,47800214,01,51
2022,47800216,01,51
2022,47800217,01,51
2022,47800220,01,51
2022,47800223,01,51
2022,47800225,01,51
2022,47800226,01,51
2022,47800346,01,51
2022,47800238,01,51
2022,47800241,01,51
2022,47800243,01,51
2022,47800245,01,51
2022,47800246,01,51
2022,47800251,01,51
2022,47800255,01,51
2022,47800256,01,51
2022,47800258,01,51
2022,47800259,01,51
2022,47800262,01,51
2022,47800263,01,51
2022,47800270,01,51
2022,47800237,01,51
2022,47800239,01,51
2022,47800242,01,51
2022,47800244,01,51
2022,47800247,01,51
2022,47800248,01,51
2022,47800240,01,51
2022,47800249,01,51
2022,47800224,01,51
2022,47800253,01,51
2022,47800254,01,51
2022,47800257,01,51
2022,47800260,01,51
2022,47800265,01,51
2022,47800266,01,51
2022,47800267,01,51
2022,47800268,01,51
2022,47800269,01,51
2022,47800271,01,51
2022,47800272,01,51
2022,47800250,01,51
2022,47800252,01,51
2022,47800261,01,51
2022,47800264,01,51
2022,47800349,01,51
2022,47800301,01,51
2022,47800347,01,51
2022,47800300,01,51
2022,47800298,01,51
2022,47800302,01,51
2022,47800303,01,51
2022,47800306,01,51
2022,47800297,01,51
2022,47800299,01,51
2022,47800305,01,51
2022,47800309,01,51
2022,47800275,01,51
2022,47800278,01,51
2022,47800282,01,51
2022,47800291,01,51
2022,47800273,01,51
2022,47800276,01,51
2022,47800279,01,51
2022,47800280,01,51
2022,47800281,01,51
2022,47800283,01,51
2022,47800284,01,51
2022,47800286,01,51
2022,47800287,01,51
2022,47800294,01,51
2022,47800274,01,51
2022,47800277,01,51
2022,47800285,01,51
2022,47800288,01,51
2022,47800289,01,51
2022,47800290,01,51
2022,47800292,01,51
2022,47800293,01,51
2022,47800295,01,51
2022,47800296,01,51
2022,47800304,01,51
2022,47800307,01,51
2022,47800308,01,51
2022,47800311,01,51
2022,47800312,01,51
2022,47800316,01,51
2022,47800319,01,51
2022,47800313,01,51
2022,47800318,01,51
2022,47800320,01,51
2022,47800330,01,51
2022,47800332,01,51
2022,47800343,01,51
2022,47800328,01,51
2022,47800337,01,51
2022,47800338,01,51
2022,47800339,01,51
2022,47800322,01,51
2022,47800324,01,51
2022,47800325,01,51
2022,47800341,01,51
2022,47800321,01,51
2022,47800323,01,51
2022,47800326,01,51
2022,47800327,01,51
2022,47800336,01,51
2022,47800340,01,51
2022,47800348,01,51
2022,47800310,01,51
2022,47800314,01,51
2022,47800315,01,51
2022,47800317,01,51
2022,47800329,01,51
2022,47800331,01,51
2022,47800333,01,51
2022,47800334,01,51
2022,47800335,01,51
2022,47800342,01,51
2022,47800344,01,51
