data_year,criminal_act_id,offense_id
2022,9,192326197
2022,1,192326198
2022,9,192326204
2022,9,194315111
2022,9,192326207
2022,9,192597366
2022,6,192326208
2022,9,192326209
2022,3,194315113
2022,6,194315114
2022,6,192326213
2022,9,192326215
2022,9,192326216
2022,6,192326218
2022,9,192326220
2022,9,192326222
2022,6,194315116
2022,6,192326223
2022,6,194315117
2022,6,202033029
2022,6,192326225
2022,9,196806296
2022,9,192326227
2022,6,202033030
2022,6,199528170
2022,9,192326234
2022,9,192279516
2022,9,192326236
2022,9,202983487
2022,9,192326240
2022,6,192326243
2022,6,192326245
2022,6,194315120
2022,9,194315121
2022,9,192326252
2022,9,192326253
2022,9,194315123
2022,9,194315124
2022,9,192326259
2022,9,192326264
2022,6,192326266
2022,6,192326267
2022,9,195235243
2022,6,194315125
2022,6,194315126
2022,6,194315128
2022,9,194315129
2022,8,194315130
2022,9,194315132
2022,9,194315133
2022,1,192326272
2022,9,192326273
2022,9,192326274
2022,9,192326276
2022,6,194315134
2022,6,194315135
2022,3,192326279
2022,6,192326285
2022,9,194315139
2022,9,192441889
2022,9,194315140
2022,9,202188053
2022,6,192326294
2022,9,192279530
2022,9,192326297
2022,6,202033031
2022,6,202033032
2022,9,192326298
2022,9,192326299
2022,9,194315143
2022,6,202033033
2022,6,194315144
2022,9,192279532
2022,9,192326309
2022,9,192326311
2022,9,192326312
2022,6,192326313
2022,9,199172517
2022,9,192326320
2022,9,192326322
2022,9,192326323
2022,9,192326324
2022,9,192326325
2022,9,194315147
2022,6,194315148
2022,9,192507021
2022,9,192326337
2022,9,194315150
2022,6,192326340
2022,6,194315152
2022,6,200761517
2022,9,194315153
2022,6,194315154
2022,9,192326341
2022,9,194315155
2022,6,194315156
2022,6,194315157
2022,6,192279541
2022,6,194315158
2022,6,194315159
2022,9,192279542
2022,9,194315160
2022,6,194315161
2022,9,200562882
2022,6,200562885
2022,6,194315163
2022,9,192441893
2022,9,194315164
2022,9,194315166
2022,1,194315171
2022,9,194315172
2022,6,202033034
2022,9,194315173
2022,9,194315177
2022,9,194315178
2022,6,194315181
2022,6,194315182
2022,9,194315191
2022,9,194315192
2022,9,194315193
2022,9,194315194
2022,6,195429529
2022,6,195429530
2022,9,194315197
2022,9,194315198
2022,9,194315200
2022,3,202033035
2022,6,202033036
2022,6,202033037
2022,9,194315204
2022,9,194315207
2022,9,194315208
2022,9,194742068
2022,9,195902920
2022,6,202033038
2022,9,194315210
2022,9,194315216
2022,9,194315221
2022,9,199528172
2022,9,199528173
2022,9,194315224
2022,6,194720238
2022,6,194720239
2022,6,202033039
2022,6,202033040
2022,9,194315229
2022,6,194315232
2022,9,195284090
2022,9,194744775
2022,9,198680838
2022,9,195115956
2022,9,196480722
2022,9,195375207
2022,11,195375208
2022,9,195778069
2022,9,195778070
2022,6,195466546
2022,6,195466547
2022,9,195346884
2022,9,199528174
2022,9,202033041
2022,2,202033042
2022,9,195466548
2022,9,195778071
2022,9,195623419
2022,14,178053261
2022,8,178780439
2022,6,178780440
2022,6,178780462
2022,6,178780463
2022,8,178830971
2022,6,179019307
2022,6,179019308
2022,6,179019309
2022,6,179019310
2022,3,178957125
2022,6,187717188
2022,6,187717194
2022,6,187717195
2022,6,179625732
2022,3,180074767
2022,6,189380724
2022,6,189380725
2022,8,189380728
2022,6,180074767
2022,6,180074772
2022,8,189380729
2022,6,194317363
2022,1,194317374
2022,3,194317381
2022,6,194317383
2022,6,194317384
2022,6,194317393
2022,6,194317396
2022,6,194317397
2022,6,194317398
2022,6,194317404
2022,6,194317405
2022,6,194317406
2022,6,194317412
2022,6,194317414
2022,6,194317421
2022,6,194317424
2022,1,194317425
2022,6,194317425
2022,1,194317434
2022,8,194317443
2022,6,194317444
2022,6,194317446
2022,6,194317447
2022,6,194317458
2022,6,194317460
2022,6,194317470
2022,6,194317472
2022,6,194317473
2022,1,194317478
2022,6,194317486
2022,6,194317487
2022,8,194317488
2022,4,194317489
2022,6,194317505
2022,6,194317508
2022,6,194317512
2022,6,194317513
2022,1,194317514
2022,6,194317515
2022,6,194317516
2022,2,194317517
2022,3,194317519
2022,1,194317521
2022,6,194317522
2022,6,194317523
2022,6,181419592
2022,6,181419593
2022,1,181652957
2022,6,181419601
2022,6,182643051
2022,1,181652959
2022,6,181660092
2022,6,181660093
2022,6,181757675
2022,9,196809196
2022,6,196809197
2022,2,196809203
2022,6,196809208
2022,6,196809209
2022,6,181757676
2022,6,182643073
2022,6,182643074
2022,1,182643084
2022,1,188666987
2022,6,188666994
2022,6,183044493
2022,6,188666996
2022,6,188666998
2022,6,188667000
2022,6,188667001
2022,6,188667003
2022,6,188667006
2022,6,183044494
2022,8,182643101
2022,6,183044500
2022,6,188667025
2022,6,183117879
2022,8,183117882
2022,6,190863862
2022,6,188667040
2022,9,188667044
2022,6,188667045
2022,6,188667053
2022,6,188667060
2022,6,188667081
2022,6,188667087
2022,7,188667087
2022,3,188667088
2022,3,188667091
2022,6,188667101
2022,6,188667103
2022,6,188667107
2022,6,188667116
2022,1,191132759
2022,8,191132760
2022,6,191132761
2022,6,191132763
2022,6,191132770
2022,6,191132779
2022,6,191053846
2022,6,191053866
2022,6,191053883
2022,6,192017157
2022,6,192017163
2022,1,192017164
2022,6,190863863
2022,6,183450348
2022,6,192017171
2022,6,192017179
2022,6,183953813
2022,1,192017197
2022,6,192017203
2022,6,183953814
2022,3,192017209
2022,6,183953815
2022,6,183953820
2022,8,183988333
2022,6,192017217
2022,6,194315233
2022,6,192017223
2022,6,184289003
2022,8,184304325
2022,6,190863865
2022,6,190863866
2022,6,191053767
2022,6,197176828
2022,6,191053768
2022,6,191053771
2022,1,191053772
2022,1,191351715
2022,6,191351720
2022,8,191649413
2022,6,191654929
2022,6,195370673
2022,6,195370686
2022,3,195370687
2022,6,191791095
2022,6,195370688
2022,6,191791096
2022,12,191791099
2022,3,195370691
2022,6,195370691
2022,1,195370693
2022,6,191824149
2022,9,195370699
2022,9,195370701
2022,8,191824156
2022,9,195370705
2022,6,191824159
2022,6,191824160
2022,6,191845475
2022,6,196176288
2022,3,196176289
2022,6,196176298
2022,6,196176300
2022,6,196176305
2022,6,191845476
2022,8,191845485
2022,6,191845494
2022,6,182644020
2022,6,191845498
2022,6,182644021
2022,6,182644024
2022,6,182644025
2022,6,191845499
2022,6,182644027
2022,6,182644028
2022,8,191845500
2022,6,191848729
2022,6,182644033
2022,6,182644038
2022,6,191848730
2022,3,191848732
2022,6,191848732
2022,6,191848733
2022,9,175699900
2022,6,182644046
2022,6,182644051
2022,6,182644055
2022,6,182644057
2022,5,182644077
2022,6,182644078
2022,6,182644079
2022,6,182644080
2022,6,182644099
2022,6,182644100
2022,6,182644119
2022,5,182644120
2022,6,182981756
2022,6,184483731
2022,3,184483742
2022,6,184483762
2022,6,186678786
2022,6,186678788
2022,6,186678804
2022,6,186678805
2022,1,186678822
2022,8,186678825
2022,6,188511290
2022,6,188511294
2022,6,188511298
2022,6,188511299
2022,6,188511300
2022,6,188511310
2022,1,188511312
2022,1,188511323
2022,5,189768465
2022,7,189768471
2022,6,189768477
2022,6,189768485
2022,8,189768485
2022,6,189768486
2022,8,189768486
2022,6,189768494
2022,6,189768505
2022,6,189768506
2022,6,189768507
2022,6,189768509
2022,6,189768510
2022,6,189768512
2022,6,189768515
2022,6,189768516
2022,6,189768517
2022,6,189768530
2022,6,189768531
2022,6,191027217
2022,6,191027234
2022,6,191027235
2022,6,191027258
2022,6,194318561
2022,6,194318583
2022,6,194318588
2022,8,195763905
2022,6,195763914
2022,6,195763915
2022,9,195763922
2022,6,195763923
2022,6,195763924
2022,6,195763934
2022,9,185202147
2022,9,184370388
2022,9,183967247
2022,6,177135702
2022,9,176019206
2022,9,176608871
2022,6,176608872
2022,9,176019207
2022,9,177102454
2022,6,178504649
2022,9,196411881
2022,9,176139946
2022,6,176288849
2022,9,178397159
2022,6,187352058
2022,6,187352059
2022,9,184483711
2022,9,176139948
2022,9,185202154
2022,9,186119134
2022,9,185202155
2022,9,181494649
2022,9,185293030
2022,9,185293031
2022,9,185276965
2022,9,176139951
2022,9,177553935
2022,9,189267767
2022,9,182643252
2022,9,185372139
2022,9,198429608
2022,9,177244676
2022,9,186377304
2022,9,187336410
2022,9,195902922
2022,9,185283185
2022,9,186684713
2022,6,186684714
2022,6,190691718
2022,9,186684715
2022,9,176533720
2022,6,194319022
2022,6,194319024
2022,6,194319030
2022,6,194319033
2022,8,176533721
2022,9,177188854
2022,9,177135706
2022,6,194319070
2022,9,194315723
2022,9,185372140
2022,9,201064162
2022,6,194319094
2022,6,194319120
2022,9,176533724
2022,6,194319122
2022,3,181494650
2022,9,176547421
2022,9,182643253
2022,1,194319135
2022,9,187982871
2022,9,190728513
2022,9,196142340
2022,9,196142341
2022,6,196142348
2022,6,196142363
2022,6,196142375
2022,6,196142379
2022,1,196142380
2022,6,196142382
2022,1,187734254
2022,8,187734254
2022,8,187734255
2022,2,187734256
2022,3,187734273
2022,6,187734289
2022,8,188647538
2022,5,188647540
2022,9,185276966
2022,6,188647552
2022,6,188647553
2022,9,181312092
2022,6,177127158
2022,3,188647566
2022,6,200882025
2022,9,186621003
2022,6,186621004
2022,9,176709499
2022,1,188647574
2022,9,186621007
2022,3,188647578
2022,3,188647579
2022,9,189267789
2022,6,188647583
2022,9,185276971
2022,9,178955555
2022,9,191649455
2022,9,191649456
2022,9,179025433
2022,1,185276972
2022,9,198429611
2022,3,187734297
2022,9,183073767
2022,6,187734306
2022,9,178397162
2022,9,181522618
2022,9,189267795
2022,6,187734326
2022,3,177127160
2022,3,177127161
2022,6,177127162
2022,9,185372144
2022,9,187352060
2022,6,188511328
2022,9,185372145
2022,1,188511331
2022,9,185372146
2022,9,181286898
2022,9,185372147
2022,9,186970419
2022,6,188511342
2022,6,186970420
2022,9,182643254
2022,9,178354238
2022,8,188511353
2022,6,188511355
2022,6,189429037
2022,6,189429058
2022,6,189429059
2022,8,189429059
2022,6,189429076
2022,6,191824339
2022,9,176608878
2022,9,187352061
2022,9,176608879
2022,9,195873270
2022,3,194319650
2022,6,194319650
2022,6,194319662
2022,1,194319682
2022,2,194319690
2022,9,196142391
2022,8,196142393
2022,9,196142417
2022,7,187714988
2022,6,187714993
2022,6,187717206
2022,6,187717207
2022,8,187717213
2022,6,187717215
2022,8,187717215
2022,8,187717218
2022,6,187717223
2022,6,187717225
2022,6,187717226
2022,7,187717226
2022,6,187717228
2022,6,187717229
2022,6,187717240
2022,9,188129150
2022,9,176608881
2022,9,185429563
2022,6,187717251
2022,9,183944625
2022,9,187352062
2022,6,187717264
2022,6,187352063
2022,6,187352064
2022,6,187352065
2022,9,185566946
2022,9,177324901
2022,6,187717279
2022,6,187717280
2022,6,189393712
2022,6,189393718
2022,3,190717233
2022,6,190717234
2022,6,190717235
2022,8,190717237
2022,6,190717238
2022,7,190717239
2022,6,190717240
2022,6,190717241
2022,8,190717241
2022,6,190717249
2022,6,194320150
2022,8,195763939
2022,6,195763962
2022,6,195763963
2022,2,195763964
2022,9,195763978
2022,6,177324902
2022,4,177518359
2022,9,189111585
2022,9,189111587
2022,6,177244677
2022,9,187128845
2022,9,185429568
2022,9,177188860
2022,9,189281813
2022,9,181312094
2022,9,187340051
2022,9,189464232
2022,8,201004401
2022,9,177102479
2022,6,201004403
2022,8,177102480
2022,9,183217932
2022,6,201004410
2022,6,201004417
2022,6,201251229
2022,5,201251235
2022,9,201251247
2022,6,202005411
2022,6,202957049
2022,8,183217933
2022,9,177553938
2022,9,177105262
2022,6,177105263
2022,9,185429570
2022,9,178354240
2022,10,187217119
2022,9,186066738
2022,9,177127169
2022,9,177553941
2022,9,177127171
2022,9,186970423
2022,9,186684718
2022,6,186684720
2022,9,178354242
2022,3,177127172
2022,6,202957069
2022,8,177127173
2022,9,177324904
2022,9,185429574
2022,1,202957074
2022,9,185429575
2022,2,202957091
2022,2,202658710
2022,1,181489397
2022,6,181489431
2022,6,181489438
2022,6,181489485
2022,8,181516937
2022,6,181516940
2022,6,180573727
2022,1,181517011
2022,9,185429577
2022,9,186687536
2022,9,183217936
2022,9,185429578
2022,9,177324912
2022,6,177324913
2022,9,197185049
2022,9,192457677
2022,9,177522309
2022,9,177135717
2022,9,200994716
2022,6,181517020
2022,9,185429581
2022,9,185551273
2022,9,177244681
2022,9,185630996
2022,6,182645610
2022,6,182645611
2022,6,182645634
2022,6,182645635
2022,8,182645647
2022,6,182645665
2022,3,182645674
2022,6,182645675
2022,6,182645679
2022,6,182645680
2022,6,182645684
2022,6,182645706
2022,6,182645709
2022,6,182645712
2022,6,182645713
2022,1,182645730
2022,6,182645732
2022,8,183450422
2022,6,183450424
2022,6,183450425
2022,6,183450428
2022,6,183450429
2022,6,183450459
2022,6,183450460
2022,2,183450479
2022,2,183450481
2022,6,183450499
2022,8,183450522
2022,9,177817299
2022,3,178215532
2022,9,177817300
2022,6,184832441
2022,6,184832442
2022,6,184832456
2022,8,184832472
2022,6,184832492
2022,6,184832506
2022,6,184832526
2022,6,184832530
2022,2,184832538
2022,6,184832542
2022,6,184832544
2022,6,184832553
2022,8,184832571
2022,8,184832578
2022,6,184832584
2022,8,184832590
2022,8,184832591
2022,8,186621062
2022,6,186621066
2022,6,186621067
2022,6,186621068
2022,6,177817301
2022,9,199439483
2022,6,186621095
2022,6,186621106
2022,6,186621144
2022,6,186621177
2022,6,186621195
2022,6,186621196
2022,2,194321768
2022,6,194321771
2022,8,194321779
2022,8,194321783
2022,6,194321787
2022,6,194321788
2022,1,194321790
2022,2,194321792
2022,9,178397170
2022,6,194321804
2022,9,177324922
2022,6,194321806
2022,6,194321807
2022,3,186621012
2022,6,194321809
2022,9,178504653
2022,6,194321812
2022,6,194321813
2022,9,179933663
2022,6,194321814
2022,6,194321829
2022,6,194321844
2022,6,194321845
2022,1,194321851
2022,2,194321852
2022,6,194321860
2022,6,194321861
2022,6,194321866
2022,8,194321876
2022,1,194321884
2022,6,194321885
2022,3,194321887
2022,4,194321887
2022,6,194321887
2022,2,194321890
2022,6,194321894
2022,3,189455710
2022,3,189455712
2022,1,189455713
2022,9,185444866
2022,9,182643259
2022,9,185672812
2022,9,185435454
2022,6,189455746
2022,9,186621014
2022,9,178397173
2022,6,178397174
2022,9,177817304
2022,1,189455752
2022,9,185435455
2022,9,177817305
2022,2,189455759
2022,6,189455760
2022,2,189455762
2022,9,186970424
2022,6,186970425
2022,1,189455765
2022,9,186687537
2022,6,186687538
2022,9,185429582
2022,8,189455780
2022,6,189455790
2022,6,189455791
2022,6,189455792
2022,9,178878652
2022,9,178878653
2022,9,198429618
2022,6,189455805
2022,9,177817307
2022,6,189455809
2022,6,182643261
2022,6,182643262
2022,6,178354254
2022,6,189455823
2022,6,189455824
2022,9,177553946
2022,6,189455830
2022,8,189455830
2022,6,189455831
2022,8,189455831
2022,1,178068410
2022,9,177553947
2022,6,177553948
2022,6,190677782
2022,9,189111588
2022,6,190677783
2022,6,190677784
2022,8,190677790
2022,6,190677791
2022,6,197176771
2022,6,190677799
2022,6,190677800
2022,9,178504657
2022,6,190677808
2022,9,187310918
2022,6,190677809
2022,9,186684723
2022,6,186684724
2022,9,189265501
2022,9,177817313
2022,9,178955568
2022,9,179239757
2022,9,178504658
2022,9,181408095
2022,6,190677839
2022,6,190677840
2022,2,190677842
2022,6,190677846
2022,6,190677847
2022,2,190677860
2022,4,190677867
2022,6,190677867
2022,8,190677867
2022,6,190677868
2022,6,190677869
2022,6,190677873
2022,6,190677874
2022,6,194321921
2022,8,194321921
2022,8,194321928
2022,6,194321942
2022,6,194321950
2022,2,194321959
2022,6,194321981
2022,8,194321994
2022,5,194322004
2022,8,194322004
2022,6,194322026
2022,6,194322032
2022,8,194322032
2022,6,194322042
2022,9,198429620
2022,9,182795471
2022,9,178809258
2022,9,183984606
2022,6,194322061
2022,9,178397186
2022,6,194322065
2022,9,178397187
2022,9,182643266
2022,3,178215541
2022,6,178237023
2022,9,185672844
2022,9,178294863
2022,9,186970428
2022,6,186970429
2022,6,186970430
2022,9,178215542
2022,6,194322100
2022,6,194322101
2022,9,183967250
2022,2,194322108
2022,9,185435462
2022,3,194322113
2022,9,178955578
2022,8,178294865
2022,6,194322117
2022,9,189001692
2022,6,194322126
2022,8,194322127
2022,8,194322145
2022,2,194322153
2022,6,194322158
2022,8,194322162
2022,2,194322163
2022,6,194322167
2022,6,194322169
2022,6,194322170
2022,3,194322183
2022,9,194322187
2022,9,196411906
2022,3,196411908
2022,9,196411911
2022,9,196411928
2022,9,196411933
2022,6,196411934
2022,2,196411973
2022,6,196411974
2022,8,196411997
2022,6,196412000
2022,9,196412004
2022,9,196412007
2022,6,196412011
2022,6,196412012
2022,6,196412016
2022,9,196412021
2022,2,196412023
2022,6,196412043
2022,6,196412047
2022,9,196412051
2022,9,188830430
2022,9,196412055
2022,2,198660061
2022,9,200186597
2022,2,202174163
2022,8,182655663
2022,6,182655668
2022,6,182655669
2022,6,182655682
2022,6,182655688
2022,6,182655689
2022,3,182655695
2022,6,182655696
2022,6,182655697
2022,2,182655706
2022,6,182655708
2022,1,182655725
2022,6,182655727
2022,6,182655749
2022,6,182655750
2022,2,182655757
2022,6,182993528
2022,8,188830431
2022,6,178878655
2022,9,187377674
2022,6,182993567
2022,6,182993571
2022,1,182993582
2022,6,182993600
2022,6,182993609
2022,6,184337485
2022,6,184337507
2022,6,184337509
2022,6,184337528
2022,6,186139831
2022,2,186139833
2022,6,186139845
2022,6,186139855
2022,6,186139866
2022,6,186139868
2022,6,186139878
2022,6,186139881
2022,6,186139884
2022,6,186139889
2022,6,186139895
2022,6,186139902
2022,6,186139905
2022,6,186139906
2022,9,178354261
2022,9,184370391
2022,9,186066745
2022,6,178294871
2022,9,178354262
2022,9,178878656
2022,9,178809259
2022,9,178354263
2022,6,187778376
2022,6,187778384
2022,6,187778389
2022,3,187778393
2022,6,189960124
2022,1,187778417
2022,8,187778417
2022,6,187778450
2022,7,187778450
2022,8,187778450
2022,6,187778455
2022,1,187778459
2022,6,187778460
2022,6,187778475
2022,6,189313565
2022,1,189313567
2022,2,189313568
2022,6,189313595
2022,6,189960125
2022,6,178504662
2022,9,202125855
2022,9,179933693
2022,9,187763705
2022,3,178354268
2022,9,178809267
2022,9,181312096
2022,9,186139765
2022,9,186687539
2022,9,185435463
2022,9,183967251
2022,9,185435464
2022,8,185435465
2022,6,190959157
2022,6,189313603
2022,6,189313605
2022,6,189313606
2022,1,189313609
2022,6,178504667
2022,8,178809272
2022,9,178809273
2022,8,189313618
2022,8,179199806
2022,9,178961039
2022,9,185566949
2022,9,183944626
2022,9,178955589
2022,3,179104677
2022,6,189313635
2022,1,189313636
2022,9,178878670
2022,9,187377676
2022,1,182643270
2022,6,182643271
2022,9,190707438
2022,9,178955592
2022,9,186040805
2022,9,198429626
2022,9,187310920
2022,9,185672852
2022,9,178955595
2022,6,178955598
2022,9,185566950
2022,9,180180299
2022,6,180180300
2022,3,179025441
2022,6,179025442
2022,6,179025443
2022,9,178961043
2022,10,191835887
2022,9,185566951
2022,9,179025444
2022,9,197068903
2022,9,185566952
2022,9,179025446
2022,6,198429630
2022,9,185566953
2022,9,199462964
2022,6,179383022
2022,6,179383023
2022,6,179383024
2022,9,190707439
2022,9,187388331
2022,9,190041074
2022,9,187041166
2022,9,185566955
2022,9,188511258
2022,6,188511259
2022,6,181458312
2022,9,185441638
2022,9,185444867
2022,9,179383025
2022,6,179383026
2022,9,185713458
2022,6,189313639
2022,6,179559702
2022,6,179559703
2022,9,180573733
2022,9,184337090
2022,6,179933722
2022,9,190959158
2022,6,189313657
2022,9,198429631
2022,9,179239782
2022,6,179239783
2022,9,179933729
2022,6,189313673
2022,9,179933730
2022,9,179383030
2022,9,179502522
2022,9,179383031
2022,9,190041076
2022,9,179502525
2022,6,179502526
2022,9,185566957
2022,9,182643277
2022,9,185551274
2022,9,182643279
2022,9,179559708
2022,9,196721723
2022,9,180120956
2022,9,179933734
2022,9,185566958
2022,6,181458313
2022,6,181458314
2022,9,185566959
2022,9,180033030
2022,6,180120960
2022,1,189313676
2022,6,190732890
2022,1,190732908
2022,9,182643284
2022,9,185566962
2022,9,185672863
2022,9,199306710
2022,9,183217940
2022,9,182643290
2022,9,181606186
2022,9,185672865
2022,9,185551276
2022,6,185551277
2022,6,181286900
2022,9,181522624
2022,9,182938736
2022,3,182938737
2022,9,181312107
2022,6,190732914
2022,6,190732924
2022,6,190732946
2022,9,180120969
2022,6,190732950
2022,6,190732961
2022,6,190732968
2022,1,190732970
2022,1,189380700
2022,6,192775761
2022,6,192775769
2022,6,192775778
2022,6,192775791
2022,6,192775809
2022,6,192775824
2022,6,192775861
2022,6,192775884
2022,6,192775887
2022,6,180319605
2022,2,192775920
2022,1,192775921
2022,1,192775926
2022,2,192775939
2022,9,191659826
2022,8,181482891
2022,9,185566963
2022,9,181440139
2022,9,180180327
2022,9,181408111
2022,9,185566964
2022,9,199109603
2022,6,194338484
2022,1,194338487
2022,6,194338494
2022,6,194338502
2022,3,194338503
2022,6,194338532
2022,2,194338548
2022,6,194338549
2022,6,194338557
2022,6,194338566
2022,2,194338572
2022,6,195763984
2022,6,195763985
2022,6,195763993
2022,1,195764018
2022,6,195764021
2022,9,180573762
2022,9,180949139
2022,9,181449854
2022,9,185666720
2022,9,180949140
2022,9,180949141
2022,6,181286902
2022,6,181286903
2022,6,181286904
2022,9,187279635
2022,9,187352067
2022,9,181408114
2022,9,181286905
2022,9,185566965
2022,6,198331639
2022,6,185566966
2022,9,185666721
2022,9,187390613
2022,6,187390614
2022,9,180573774
2022,6,194326978
2022,5,194326985
2022,6,194326986
2022,6,194326988
2022,6,194327002
2022,6,194327003
2022,6,194327008
2022,6,194327009
2022,6,194327013
2022,8,194327014
2022,6,194327015
2022,6,194327016
2022,6,194327045
2022,6,194327058
2022,8,194327059
2022,6,194327063
2022,6,194327064
2022,6,195129446
2022,6,195129448
2022,6,195129449
2022,9,180573777
2022,6,195129456
2022,8,195129457
2022,6,195129462
2022,9,180949143
2022,6,195129463
2022,6,195129465
2022,9,180949144
2022,6,195129467
2022,6,195129468
2022,9,190630355
2022,6,195129469
2022,9,202049329
2022,3,195129474
2022,3,195129475
2022,6,195129477
2022,6,195129481
2022,6,195129482
2022,9,190179211
2022,6,194327065
2022,6,194327078
2022,6,194327090
2022,6,198378358
2022,6,198378359
2022,9,185713464
2022,9,183967252
2022,8,183967253
2022,9,187012651
2022,9,181534288
2022,9,181312117
2022,6,198378363
2022,6,198378364
2022,6,198378367
2022,9,198378368
2022,6,198378373
2022,8,198378374
2022,6,198378375
2022,6,198378381
2022,8,198378382
2022,1,198378388
2022,6,187012652
2022,3,187012653
2022,6,192457678
2022,9,184172579
2022,9,181424473
2022,9,202125856
2022,6,181476395
2022,9,191001025
2022,9,181408119
2022,9,185728451
2022,9,187016456
2022,8,187016457
2022,9,181440143
2022,9,183897936
2022,9,181522625
2022,9,181408125
2022,9,182643323
2022,9,181440148
2022,9,181440149
2022,9,184370393
2022,9,196976076
2022,9,181408129
2022,9,181482895
2022,9,181458330
2022,9,190959159
2022,6,190959160
2022,9,181449858
2022,10,181494655
2022,9,181458334
2022,9,181764531
2022,9,198429640
2022,1,181522629
2022,9,194315726
2022,6,194315727
2022,9,185666722
2022,9,181748922
2022,6,198378390
2022,8,198378391
2022,6,198378398
2022,3,198378401
2022,3,198378402
2022,3,198378403
2022,6,198378406
2022,6,198378409
2022,6,198378416
2022,6,198378417
2022,6,198378418
2022,8,198378418
2022,9,181482897
2022,9,182643333
2022,9,183908458
2022,9,181449862
2022,9,181534291
2022,9,181458337
2022,9,181606193
2022,9,181476416
2022,9,181476418
2022,9,182643336
2022,9,181494656
2022,9,181476422
2022,9,181606195
2022,9,185202161
2022,6,185202162
2022,9,181476423
2022,9,185202163
2022,6,185202164
2022,9,181534295
2022,8,181534296
2022,9,181482900
2022,6,181482901
2022,9,185202165
2022,9,185783708
2022,9,182643346
2022,6,182643347
2022,9,182643348
2022,9,185704576
2022,7,190577778
2022,3,190577780
2022,6,190577780
2022,3,190577781
2022,6,194327341
2022,8,185704577
2022,6,194327349
2022,2,194327350
2022,9,184280440
2022,9,190630356
2022,4,202778316
2022,9,185202167
2022,9,182643357
2022,9,182643358
2022,6,182643360
2022,9,194315728
2022,9,182643365
2022,6,182643366
2022,9,183461115
2022,9,185776558
2022,6,202778320
2022,6,202778323
2022,9,182643369
2022,9,182643370
2022,6,182643371
2022,9,183908459
2022,9,185776561
2022,9,181522635
2022,9,187012656
2022,6,187012657
2022,9,185783709
2022,9,190184626
2022,6,181664332
2022,6,181664333
2022,9,182643376
2022,3,198597424
2022,6,198597424
2022,3,181310787
2022,6,182649093
2022,9,182708784
2022,9,181664335
2022,6,185928464
2022,9,182795474
2022,9,182643381
2022,9,181764533
2022,9,187860107
2022,9,182643382
2022,9,189371712
2022,6,182649094
2022,6,181310832
2022,9,185783713
2022,6,181664337
2022,9,185202170
2022,6,182703348
2022,9,185202171
2022,9,182643394
2022,9,202956879
2022,3,182643397
2022,3,199239984
2022,6,182703370
2022,9,189425494
2022,6,182643402
2022,1,182703378
2022,9,194315734
2022,9,181664343
2022,6,182703385
2022,6,182703386
2022,6,181664344
2022,9,181664345
2022,9,189193566
2022,3,182703416
2022,6,183382515
2022,6,183382544
2022,1,183382545
2022,6,183382567
2022,3,183382568
2022,6,183382569
2022,6,183382570
2022,6,183382571
2022,6,183382575
2022,6,183382578
2022,6,183382582
2022,6,184474138
2022,6,184474164
2022,6,184474175
2022,6,184474176
2022,5,184474187
2022,9,183073770
2022,3,186377332
2022,6,186377332
2022,9,186139769
2022,9,190437984
2022,9,182643415
2022,6,189155079
2022,6,186377335
2022,3,186377379
2022,6,186377379
2022,9,186377411
2022,6,186377426
2022,6,186377446
2022,6,186377462
2022,6,187778511
2022,1,187778522
2022,6,187778525
2022,8,187778525
2022,6,187778564
2022,6,187778566
2022,6,189155080
2022,6,189155081
2022,6,189361150
2022,1,189361157
2022,6,189361157
2022,9,183158785
2022,9,185198392
2022,1,198429648
2022,5,198429648
2022,9,182643423
2022,9,187310925
2022,9,186066752
2022,9,188977848
2022,9,182643427
2022,9,184280441
2022,9,185133940
2022,9,185783716
2022,1,199733662
2022,6,199733663
2022,9,182643434
2022,3,182643437
2022,9,182643438
2022,9,186066754
2022,9,186066758
2022,9,182643443
2022,8,182643444
2022,9,198429651
2022,9,186066760
2022,9,182643450
2022,6,183895839
2022,9,192554227
2022,9,192554228
2022,9,194315738
2022,9,183984607
2022,9,183984608
2022,9,187390616
2022,6,182643460
2022,9,182643462
2022,8,189361159
2022,9,186040810
2022,9,182905756
2022,6,189361165
2022,6,182643475
2022,9,182643476
2022,6,182643477
2022,9,182643478
2022,9,182643479
2022,3,182905757
2022,6,189361197
2022,9,182643492
2022,6,189361206
2022,9,182795475
2022,1,189361210
2022,1,189361211
2022,9,182643500
2022,6,182643502
2022,9,186139775
2022,9,185631002
2022,9,182655998
2022,9,183908462
2022,9,186333558
2022,6,186333559
2022,9,182643516
2022,6,182643518
2022,9,182643519
2022,6,182643520
2022,9,182655999
2022,9,182643526
2022,3,184280442
2022,9,191870207
2022,1,187016458
2022,6,187016459
2022,9,183073775
2022,9,191835888
2022,3,195148382
2022,9,182643535
2022,9,182643537
2022,3,189432245
2022,6,189432246
2022,6,183895841
2022,9,183158786
2022,9,182643551
2022,6,182643553
2022,6,198429654
2022,9,182643559
2022,9,186309702
2022,9,196484370
2022,9,184088439
2022,9,182643572
2022,6,190859682
2022,6,190859689
2022,6,190859694
2022,9,190859707
2022,3,190859733
2022,6,190859733
2022,6,190859752
2022,6,190859754
2022,6,190859757
2022,6,194327450
2022,6,194327452
2022,6,194327463
2022,9,182643575
2022,9,182643582
2022,8,187763710
2022,6,187763711
2022,9,182643586
2022,9,186309703
2022,9,188655270
2022,1,194327492
2022,6,185928465
2022,9,183737606
2022,9,199501303
2022,6,199501304
2022,9,182643592
2022,9,183217956
2022,9,182795477
2022,9,196411884
2022,6,194327518
2022,9,185659474
2022,6,194327526
2022,9,183687048
2022,6,194327537
2022,9,190674362
2022,9,182643604
2022,9,183158790
2022,1,194327552
2022,9,183158791
2022,9,184280444
2022,8,184280445
2022,9,182708790
2022,1,194327562
2022,7,195764078
2022,9,182643612
2022,9,182795480
2022,9,185198398
2022,9,198508737
2022,1,194327587
2022,6,198508738
2022,6,194327588
2022,6,183897938
2022,9,186309704
2022,2,194327590
2022,6,186309705
2022,9,190437985
2022,9,186207307
2022,9,194327602
2022,9,195764094
2022,1,195764096
2022,8,195764099
2022,6,195764101
2022,1,195764102
2022,6,195764104
2022,9,195764131
2022,9,195764139
2022,6,195764141
2022,6,195764142
2022,6,195764143
2022,9,195764145
2022,6,195764146
2022,6,195764152
2022,9,198597434
2022,3,179181330
2022,4,181577000
2022,6,181577000
2022,9,187310929
2022,9,185200528
2022,9,182643616
2022,9,183217957
2022,9,182795486
2022,9,182938743
2022,9,185197902
2022,9,182795489
2022,9,187390622
2022,9,187638767
2022,9,182880538
2022,9,198429661
2022,6,182649172
2022,6,182649173
2022,9,183217962
2022,9,185293036
2022,9,182708792
2022,5,194315746
2022,6,182649191
2022,10,186333566
2022,9,198429662
2022,6,182649205
2022,4,184231946
2022,9,189432247
2022,6,184231951
2022,9,182880540
2022,4,184231956
2022,9,183687050
2022,6,184231962
2022,9,190408718
2022,6,185713479
2022,9,187012664
2022,11,182795506
2022,9,187390625
2022,6,185713489
2022,1,185713490
2022,9,187417839
2022,9,182795510
2022,9,190769777
2022,6,190769778
2022,6,183217965
2022,6,185713504
2022,3,184600719
2022,6,184600720
2022,9,186207310
2022,9,187638769
2022,9,182905768
2022,9,186157771
2022,6,185713517
2022,9,191134877
2022,6,185713521
2022,9,186207311
2022,9,183687054
2022,9,187225025
2022,9,189423669
2022,9,182938751
2022,9,182988500
2022,1,187377753
2022,9,187012665
2022,6,187377756
2022,6,187377757
2022,6,187012666
2022,9,187012667
2022,9,186684730
2022,2,187377765
2022,9,183073785
2022,9,183687056
2022,9,183387663
2022,9,186333570
2022,9,183992109
2022,6,188796538
2022,6,194756090
2022,8,182988501
2022,6,201081272
2022,6,183461129
2022,3,183073789
2022,3,183073790
2022,6,183687059
2022,6,183687060
2022,9,184370403
2022,9,183073794
2022,9,182988506
2022,3,183984610
2022,3,183984611
2022,9,183073796
2022,8,188027227
2022,9,187027394
2022,9,183387664
2022,8,188027230
2022,9,183944637
2022,9,185631005
2022,8,185631008
2022,9,183073797
2022,4,190041101
2022,9,187638770
2022,9,183073798
2022,1,187041168
2022,1,187041169
2022,6,183944638
2022,9,183461131
2022,9,188890874
2022,1,190041119
2022,9,183073806
2022,9,183217975
2022,9,183687065
2022,9,183461133
2022,9,183158803
2022,9,184087377
2022,9,183217977
2022,9,201071851
2022,6,191793976
2022,6,191793983
2022,1,191793987
2022,1,191793988
2022,1,194327678
2022,1,194327679
2022,5,194327681
2022,1,194327682
2022,6,194327690
2022,1,194327701
2022,8,195157608
2022,6,195157614
2022,2,195157623
2022,2,195157625
2022,9,183687068
2022,2,195157630
2022,8,183687069
2022,9,183461135
2022,9,183158805
2022,6,183158806
2022,9,183741274
2022,9,194315749
2022,6,195157642
2022,9,188823447
2022,6,195157643
2022,6,195157646
2022,9,195157650
2022,9,195157651
2022,9,196938501
2022,6,196938502
2022,2,196938509
2022,6,196938515
2022,6,196938516
2022,2,196938519
2022,9,196938523
2022,2,196938524
2022,2,196938529
2022,9,199306786
2022,9,183944639
2022,9,191870208
2022,9,186669682
2022,9,199174475
2022,6,199174476
2022,9,183741278
2022,9,198429667
2022,9,183217983
2022,6,183741279
2022,9,183217985
2022,9,184234445
2022,6,194315751
2022,9,189297978
2022,9,198429668
2022,9,184241199
2022,9,183895845
2022,9,183895847
2022,9,183461144
2022,3,183895848
2022,3,183895849
2022,3,183895850
2022,9,183461148
2022,9,183741282
2022,1,183741283
2022,6,186687541
2022,3,186687542
2022,3,186687543
2022,6,198998927
2022,9,198429669
2022,6,198429670
2022,6,185133943
2022,9,197066689
2022,9,184370408
2022,9,189815453
2022,5,189815454
2022,3,183984615
2022,6,183895853
2022,8,183895854
2022,9,184087378
2022,9,183944642
2022,6,183944643
2022,10,183944644
2022,9,187027397
2022,9,187336415
2022,9,187390626
2022,9,184376098
2022,9,187649550
2022,9,184088442
2022,9,183895860
2022,9,188796541
2022,6,188096057
2022,9,194315756
2022,9,185167146
2022,9,189297980
2022,9,185143356
2022,9,185133944
2022,9,186687544
2022,9,189993336
2022,9,201346981
2022,1,196412232
2022,9,184087380
2022,6,182649816
2022,6,182649821
2022,6,182649823
2022,3,183984616
2022,9,183944653
2022,9,183944654
2022,9,184044025
2022,6,183667190
2022,8,185283218
2022,6,185283230
2022,6,185283231
2022,6,185283248
2022,6,185283251
2022,6,186678834
2022,9,186678838
2022,9,187734352
2022,6,187734353
2022,9,187734354
2022,6,187734361
2022,6,187734365
2022,9,187734370
2022,6,187734373
2022,6,190863895
2022,6,184044026
2022,9,189297981
2022,9,185928468
2022,9,187031571
2022,9,183944661
2022,9,183984619
2022,9,183944667
2022,9,184280449
2022,9,183944668
2022,9,189350156
2022,9,187031572
2022,9,183984620
2022,9,200638882
2022,9,184838517
2022,9,184818451
2022,9,185126212
2022,8,190863895
2022,1,190863899
2022,6,190863901
2022,6,190863905
2022,2,190863915
2022,3,190863915
2022,6,190863919
2022,6,190863928
2022,6,192425825
2022,6,194328464
2022,6,194328465
2022,6,194328476
2022,6,194328479
2022,6,183992128
2022,6,195878761
2022,6,189371714
2022,8,195878762
2022,6,195878763
2022,8,195878767
2022,1,195878769
2022,9,185143363
2022,9,189161451
2022,8,198331328
2022,3,202431336
2022,6,202035350
2022,6,202035351
2022,6,202035352
2022,6,202035360
2022,9,185143366
2022,6,198429672
2022,9,190408719
2022,9,189313520
2022,9,184280451
2022,6,202035382
2022,9,183944671
2022,3,202035383
2022,6,202035384
2022,8,183944674
2022,9,187031573
2022,1,187031574
2022,9,184047316
2022,9,185928469
2022,9,185126215
2022,7,183992129
2022,9,187217120
2022,9,184302039
2022,6,187031577
2022,6,197411981
2022,9,185167148
2022,9,183992131
2022,9,194315759
2022,9,183984625
2022,9,186687545
2022,9,184087393
2022,9,197269545
2022,6,197411983
2022,6,184818453
2022,9,190446475
2022,9,190446476
2022,6,190446477
2022,9,191886732
2022,9,187635343
2022,9,194315760
2022,6,184304335
2022,6,184304336
2022,9,183984627
2022,3,189266255
2022,6,189266256
2022,6,197411984
2022,6,189266257
2022,9,183992134
2022,9,184832265
2022,6,184832266
2022,9,184087408
2022,6,184088445
2022,9,183992135
2022,9,190437986
2022,9,194315762
2022,9,185836850
2022,9,188096058
2022,9,198429674
2022,9,184832268
2022,9,184172588
2022,9,186157772
2022,9,187031582
2022,1,190403775
2022,6,190403776
2022,9,184370418
2022,9,186157773
2022,3,184818456
2022,9,188977850
2022,6,197411985
2022,3,186687547
2022,9,185594635
2022,9,194315763
2022,9,184971443
2022,9,184088450
2022,9,187041172
2022,6,187041173
2022,9,184088451
2022,9,184370421
2022,9,184172592
2022,9,184947196
2022,9,200994718
2022,9,187763714
2022,9,184417064
2022,9,187031585
2022,9,184947197
2022,9,184600730
2022,9,184947198
2022,9,184600732
2022,9,185444874
2022,9,191659827
2022,9,184172595
2022,9,184234450
2022,9,184302043
2022,6,184302044
2022,9,185594636
2022,9,185198406
2022,9,184600734
2022,9,190561541
2022,9,190561542
2022,9,184234452
2022,9,194315767
2022,6,194315768
2022,9,184280468
2022,9,184832275
2022,9,184172600
2022,6,197411986
2022,6,184172601
2022,9,187217121
2022,9,187217122
2022,9,186348088
2022,9,184172604
2022,9,187310936
2022,9,184342892
2022,9,198429677
2022,9,184417066
2022,8,187217124
2022,6,184818461
2022,9,188830437
2022,6,197412012
2022,9,184832287
2022,3,186687548
2022,9,184832288
2022,6,185205977
2022,9,187217125
2022,6,184280477
2022,9,184947202
2022,9,192059150
2022,9,192059151
2022,6,192059152
2022,9,190122363
2022,6,190122365
2022,9,184302051
2022,9,194315771
2022,9,184342894
2022,3,185928472
2022,9,200562897
2022,6,185133947
2022,6,185133948
2022,9,185198407
2022,9,184600741
2022,9,187217127
2022,6,197412013
2022,9,184600742
2022,3,187225031
2022,6,187225032
2022,9,189265503
2022,9,188830438
2022,6,188830439
2022,9,191134879
2022,9,186687549
2022,9,185198408
2022,9,197158936
2022,9,189847968
2022,9,184822066
2022,9,184838527
2022,9,184302055
2022,9,202951574
2022,6,197456598
2022,9,184947204
2022,10,184302059
2022,9,184832298
2022,9,184832300
2022,9,185198411
2022,9,191659828
2022,9,184971447
2022,9,184370440
2022,9,184370441
2022,9,200994719
2022,9,194315774
2022,9,184838529
2022,6,185594638
2022,9,184600756
2022,9,184600757
2022,6,197456607
2022,6,184818465
2022,9,184838533
2022,3,184818466
2022,9,187336421
2022,6,187336422
2022,9,185200531
2022,9,187635344
2022,9,184818468
2022,9,188796545
2022,9,184417073
2022,9,188423850
2022,1,184971449
2022,9,185444879
2022,9,188046503
2022,6,188046504
2022,9,184600769
2022,9,187724329
2022,9,184600770
2022,6,184600771
2022,9,185198412
2022,9,184600773
2022,9,202956882
2022,9,186157776
2022,6,185836858
2022,6,185836859
2022,9,187225033
2022,6,185133951
2022,9,187220655
2022,6,187220656
2022,6,199239985
2022,3,199239986
2022,9,189350158
2022,6,197456608
2022,6,197456609
2022,6,197456613
2022,9,186157778
2022,8,188046505
2022,6,197456614
2022,9,187866599
2022,9,187714939
2022,9,188046506
2022,9,185434065
2022,9,189277036
2022,9,184971451
2022,9,185517430
2022,9,187336424
2022,9,187989106
2022,9,184822071
2022,9,185293043
2022,9,184947216
2022,6,185659490
2022,6,185659491
2022,9,203212966
2022,6,197456623
2022,9,187763717
2022,9,185205982
2022,8,184818477
2022,8,184818478
2022,9,185167153
2022,9,187866601
2022,9,190364813
2022,9,185205983
2022,9,185133957
2022,9,185167154
2022,1,198429679
2022,9,185198421
2022,9,185198422
2022,9,185198426
2022,9,185836864
2022,6,185293054
2022,9,194315780
2022,6,194315782
2022,9,198429681
2022,9,194315783
2022,9,185198431
2022,8,186157779
2022,9,185198432
2022,9,200994721
2022,6,185293057
2022,9,185205989
2022,9,190630361
2022,9,185444885
2022,9,194315784
2022,6,197456627
2022,8,197456629
2022,9,185198437
2022,2,185293058
2022,9,191835890
2022,9,185517434
2022,9,187336428
2022,9,185206000
2022,9,187012669
2022,9,185704602
2022,9,185444887
2022,2,185444888
2022,9,194744777
2022,6,194744778
2022,9,185198444
2022,9,185198445
2022,9,187225035
2022,9,200975322
2022,9,187012670
2022,9,188013583
2022,8,188013584
2022,9,185206003
2022,9,186298998
2022,9,187336429
2022,6,187336430
2022,9,194315790
2022,9,194315791
2022,6,185434072
2022,6,185434073
2022,6,198429682
2022,9,188830440
2022,9,185444895
2022,9,188796548
2022,8,199851508
2022,9,185293070
2022,9,185836868
2022,7,185594645
2022,9,185293071
2022,6,185293072
2022,10,185517439
2022,3,185928476
2022,3,185928477
2022,3,185928478
2022,6,194315794
2022,6,194315795
2022,1,189277038
2022,9,188009901
2022,9,186669684
2022,6,197456633
2022,6,197456637
2022,9,188423851
2022,9,185517440
2022,9,188009903
2022,9,187128852
2022,1,185444898
2022,9,185594647
2022,9,198429683
2022,3,185704611
2022,6,185704612
2022,3,185704613
2022,9,185659502
2022,9,198998934
2022,9,187638774
2022,9,190041077
2022,9,185444904
2022,9,186687553
2022,9,185836873
2022,9,190122368
2022,6,197456638
2022,8,190122371
2022,9,194315797
2022,9,185704625
2022,9,185517453
2022,6,185517454
2022,9,185517455
2022,8,190769786
2022,9,185747412
2022,3,191886733
2022,3,191886734
2022,9,185594658
2022,9,187128853
2022,9,187717150
2022,9,188009904
2022,9,185836878
2022,9,187225037
2022,9,185659505
2022,9,186909284
2022,9,185836879
2022,6,185836880
2022,9,188006874
2022,9,185594665
2022,9,185838976
2022,9,185836887
2022,9,185659511
2022,1,197456639
2022,9,200562899
2022,9,185836890
2022,6,185836891
2022,9,185713467
2022,9,185836892
2022,3,191875167
2022,6,191875168
2022,3,191875169
2022,9,189111590
2022,8,189111592
2022,9,185704660
2022,9,186119146
2022,6,197759938
2022,9,186110638
2022,9,185895257
2022,6,197760015
2022,3,185895258
2022,9,186687555
2022,9,190184632
2022,8,187912979
2022,9,198429685
2022,9,187717156
2022,6,195452399
2022,6,185747424
2022,9,185838980
2022,9,185836897
2022,9,185838981
2022,4,189371718
2022,6,190722046
2022,9,198983442
2022,6,198983448
2022,6,198983455
2022,6,198983462
2022,1,198983476
2022,6,198983481
2022,6,199671964
2022,6,199671975
2022,6,199671976
2022,6,199671984
2022,6,199925378
2022,9,199925385
2022,3,200186723
2022,6,182982175
2022,6,182982176
2022,6,182982220
2022,6,188423852
2022,9,187016465
2022,6,182982275
2022,9,185836900
2022,6,182982283
2022,9,185928485
2022,9,187336436
2022,3,187336438
2022,9,185928487
2022,9,187360234
2022,9,185928489
2022,11,186621023
2022,9,186157790
2022,6,182982338
2022,9,194315801
2022,6,182982366
2022,6,182982407
2022,6,182982409
2022,6,182982416
2022,1,182982418
2022,7,182982425
2022,1,182982480
2022,1,182982482
2022,6,182982571
2022,6,182982581
2022,6,182982585
2022,3,182764344
2022,9,189371719
2022,9,201759304
2022,6,182982596
2022,9,185838987
2022,6,187041176
2022,3,187390629
2022,3,187390630
2022,9,185928497
2022,6,182764395
2022,6,182764398
2022,8,182764400
2022,9,186333573
2022,9,187734227
2022,9,187016472
2022,9,186157792
2022,9,198429689
2022,9,190437987
2022,6,182764427
2022,6,182764428
2022,1,182764429
2022,4,190722047
2022,6,182764455
2022,6,182764458
2022,6,182764483
2022,6,182764494
2022,6,182764503
2022,6,182764545
2022,8,184075536
2022,6,184075554
2022,6,184075571
2022,6,184075579
2022,9,186669687
2022,6,184075604
2022,6,184075605
2022,3,187016475
2022,3,187016476
2022,3,187016477
2022,9,186157794
2022,9,186299020
2022,9,186348105
2022,5,184075631
2022,6,184075632
2022,9,186348106
2022,8,184075634
2022,9,188677844
2022,6,184075640
2022,6,187016478
2022,6,184075641
2022,6,184075642
2022,9,186299025
2022,9,186299027
2022,9,187912980
2022,6,186348108
2022,9,186157800
2022,6,184075674
2022,9,187734230
2022,6,184075678
2022,3,184075679
2022,9,190416796
2022,9,187734232
2022,9,194315805
2022,9,202049330
2022,6,186687558
2022,9,186299032
2022,3,188013591
2022,6,196398823
2022,6,186704430
2022,9,187980468
2022,6,187980470
2022,6,187980471
2022,9,190630366
2022,9,190561545
2022,3,190561546
2022,9,186299035
2022,1,185283280
2022,9,201071852
2022,6,185283306
2022,6,185283335
2022,6,185283336
2022,6,185283339
2022,1,185283349
2022,6,185283369
2022,6,185283379
2022,6,185283380
2022,6,185283389
2022,6,185283399
2022,6,185283401
2022,8,185283423
2022,6,185283443
2022,6,185283446
2022,9,186299036
2022,6,185283447
2022,8,185283447
2022,9,191870212
2022,9,186669688
2022,6,187734414
2022,6,187734415
2022,6,187734418
2022,6,187734437
2022,6,187734438
2022,6,187734463
2022,6,187734464
2022,6,187734467
2022,8,187734467
2022,6,187734468
2022,8,187734468
2022,6,187734470
2022,8,187734470
2022,6,187734494
2022,8,187734494
2022,6,187734495
2022,8,187734495
2022,6,187734516
2022,6,187734589
2022,6,190701119
2022,6,190701141
2022,8,190701141
2022,6,190701142
2022,6,190701151
2022,9,186669693
2022,6,186669694
2022,9,190238698
2022,6,194315808
2022,9,200222448
2022,9,186669696
2022,1,190701230
2022,6,190701236
2022,9,187734235
2022,9,188129154
2022,9,186970432
2022,6,186687560
2022,3,190701249
2022,6,190701249
2022,3,190701250
2022,6,190701250
2022,3,188038562
2022,6,187225045
2022,9,187763725
2022,6,187763726
2022,9,187717159
2022,9,187016486
2022,9,202035191
2022,9,189423675
2022,9,187016488
2022,9,198429695
2022,6,198429696
2022,9,188796555
2022,9,187016489
2022,8,187016490
2022,9,186909306
2022,9,186909307
2022,10,188977851
2022,9,187310952
2022,9,191659832
2022,9,187041198
2022,6,187041199
2022,9,187016491
2022,6,187016492
2022,3,186909309
2022,9,188890879
2022,9,201064163
2022,9,196411890
2022,9,188910153
2022,9,187225051
2022,9,187225054
2022,1,196398825
2022,6,187225055
2022,9,187225056
2022,9,190285230
2022,9,187310959
2022,9,195873271
2022,6,192069536
2022,6,192069550
2022,1,192069568
2022,3,192069569
2022,6,192069576
2022,1,192069587
2022,5,192069587
2022,6,192069592
2022,8,192069608
2022,6,187390633
2022,9,187041204
2022,9,187340064
2022,9,186909315
2022,6,192069630
2022,9,187390634
2022,6,192069635
2022,8,187390635
2022,9,187740993
2022,9,198429698
2022,9,187310963
2022,9,187041205
2022,9,190285231
2022,9,187041209
2022,9,191659833
2022,9,187128864
2022,9,194315815
2022,6,192069673
2022,8,190674367
2022,6,192069680
2022,9,187225062
2022,6,187225063
2022,9,187310971
2022,6,192069692
2022,9,187635348
2022,6,192069695
2022,9,187041215
2022,6,187041216
2022,9,187524680
2022,6,192069700
2022,9,195429538
2022,11,189815456
2022,9,187225064
2022,9,190544181
2022,1,194328522
2022,6,194328525
2022,9,194315817
2022,6,194328526
2022,6,194328528
2022,9,198429699
2022,6,187128868
2022,6,187041225
2022,6,196945597
2022,9,187524681
2022,9,187128869
2022,6,194328540
2022,9,187310976
2022,9,198429701
2022,2,194328550
2022,6,194328551
2022,9,194315818
2022,9,187225069
2022,9,187740998
2022,9,189815457
2022,6,194328569
2022,7,187524687
2022,9,187225071
2022,9,187340084
2022,6,194328573
2022,8,194328573
2022,1,190416798
2022,9,187310985
2022,9,187912983
2022,6,194328592
2022,9,187310986
2022,9,187441131
2022,9,188677851
2022,6,194328606
2022,8,194328606
2022,9,188046511
2022,9,187635352
2022,9,187441133
2022,9,198429702
2022,9,187310992
2022,9,197213810
2022,6,194328634
2022,6,194328646
2022,6,194328668
2022,6,194328693
2022,6,194328700
2022,6,195131883
2022,6,195131885
2022,6,195131891
2022,6,195131892
2022,6,195131901
2022,3,195131921
2022,3,195131922
2022,6,195131933
2022,6,195131941
2022,6,195131942
2022,6,195131949
2022,6,195131957
2022,6,195131958
2022,6,195131965
2022,6,187310993
2022,6,195132041
2022,9,187310994
2022,8,195132042
2022,9,187310995
2022,9,198433307
2022,9,197185051
2022,6,195132048
2022,9,187741000
2022,6,188977852
2022,6,195132060
2022,6,195132061
2022,6,195132063
2022,6,195132068
2022,9,187724347
2022,6,195132077
2022,8,187724348
2022,9,187310999
2022,6,195132079
2022,6,195132083
2022,9,188977853
2022,9,187340086
2022,9,194315820
2022,6,196945600
2022,9,188796558
2022,9,187800762
2022,6,196945615
2022,6,196945616
2022,6,196945623
2022,6,196945631
2022,6,196945637
2022,6,196945638
2022,6,196945647
2022,6,196945650
2022,6,196945671
2022,6,196945679
2022,6,196945696
2022,6,196945727
2022,6,196945728
2022,6,196945730
2022,6,196945732
2022,6,196945736
2022,9,191015618
2022,6,191015619
2022,9,187340087
2022,9,187741005
2022,10,188890882
2022,9,188038569
2022,6,196945761
2022,9,188796561
2022,6,187860118
2022,9,189371720
2022,6,187635357
2022,9,187649559
2022,9,187734238
2022,9,187390642
2022,9,187360263
2022,9,189464243
2022,9,196945802
2022,6,196945803
2022,9,196945807
2022,9,196945813
2022,3,200975423
2022,6,200975423
2022,6,200975429
2022,9,200975439
2022,9,200975446
2022,6,200975450
2022,8,200975450
2022,6,200975455
2022,6,200975456
2022,9,200975458
2022,9,200975459
2022,3,200975461
2022,9,200975464
2022,6,200975481
2022,6,200975488
2022,9,200975496
2022,9,200975498
2022,3,200975513
2022,6,200975514
2022,6,200975516
2022,6,200975518
2022,6,200975525
2022,9,200975536
2022,9,200975545
2022,9,200975556
2022,6,200975569
2022,9,200975570
2022,6,202740128
2022,9,187390646
2022,9,202740191
2022,9,187635360
2022,9,187635361
2022,9,188817321
2022,9,187734241
2022,9,187441138
2022,9,187524699
2022,7,194331402
2022,6,194331403
2022,9,187524700
2022,9,187763737
2022,9,187390647
2022,9,187635363
2022,9,187441143
2022,9,187524703
2022,9,187524704
2022,9,188013603
2022,9,187524705
2022,6,187524706
2022,9,187524707
2022,9,189313522
2022,9,194315822
2022,3,194315823
2022,6,194315824
2022,9,187524713
2022,9,187860120
2022,6,187860121
2022,9,196398826
2022,9,189313523
2022,6,190122408
2022,6,190122409
2022,3,190122426
2022,6,190122426
2022,6,190122427
2022,6,190122430
2022,3,190122443
2022,6,190122450
2022,6,190122466
2022,9,198433311
2022,9,189111593
2022,6,189111594
2022,9,187524717
2022,9,188743048
2022,6,188743049
2022,6,187763742
2022,9,187635364
2022,6,190179345
2022,6,190179346
2022,9,198433312
2022,9,190722050
2022,3,190179350
2022,6,190179361
2022,6,190179391
2022,1,187635365
2022,9,187649563
2022,6,189847974
2022,6,189847975
2022,6,187912984
2022,9,189423681
2022,9,187635368
2022,9,190581049
2022,9,187980474
2022,6,187635369
2022,6,187635370
2022,9,198433313
2022,9,187524724
2022,9,190581051
2022,9,187649569
2022,9,187649572
2022,9,187763746
2022,9,187860126
2022,9,188519630
2022,6,188519631
2022,9,191134885
2022,9,187763751
2022,9,187912989
2022,9,187980475
2022,9,187649581
2022,9,198433315
2022,9,187649582
2022,9,187763753
2022,6,187763755
2022,9,187763756
2022,6,187763757
2022,9,187860127
2022,9,188038579
2022,9,190364818
2022,9,191015621
2022,9,190129600
2022,9,187980476
2022,9,187912990
2022,9,188129166
2022,1,190691721
2022,6,190179427
2022,9,188830450
2022,9,191015622
2022,2,190179430
2022,9,187912994
2022,9,188129171
2022,6,190179438
2022,9,187989131
2022,9,187980478
2022,9,192775694
2022,9,188817322
2022,3,198680864
2022,6,198680865
2022,9,188423855
2022,9,187860138
2022,2,198433317
2022,3,188519634
2022,9,202565696
2022,6,202565697
2022,9,189001714
2022,6,190179439
2022,6,190179469
2022,2,190179476
2022,3,190179476
2022,6,190863944
2022,6,190863956
2022,6,190863957
2022,6,194331801
2022,6,194331802
2022,6,194331815
2022,6,194331818
2022,6,194331831
2022,8,194331834
2022,6,194331842
2022,6,194331843
2022,6,194331846
2022,6,194331847
2022,9,194331849
2022,9,200638883
2022,9,195623557
2022,9,188878959
2022,9,195623563
2022,9,187860141
2022,9,187860142
2022,9,187860143
2022,9,188038583
2022,9,187912997
2022,9,188038584
2022,9,188038585
2022,9,188519635
2022,9,199880857
2022,9,189371723
2022,9,197412019
2022,9,188655274
2022,9,188013618
2022,9,188013620
2022,6,188013622
2022,9,188519642
2022,6,194315829
2022,9,188743050
2022,6,187913007
2022,9,187913008
2022,10,189423683
2022,6,189423684
2022,6,195350759
2022,9,189371724
2022,9,188519647
2022,3,187989157
2022,6,187989157
2022,3,188519648
2022,6,188519649
2022,9,188006883
2022,9,189111595
2022,6,189297987
2022,9,188519650
2022,1,192021653
2022,9,190769789
2022,9,188743051
2022,9,188743052
2022,9,189197156
2022,9,195881227
2022,6,188038587
2022,9,188519653
2022,6,197412020
2022,9,190722053
2022,9,188519655
2022,9,188677862
2022,9,189464244
2022,6,189366053
2022,6,189366056
2022,6,189366060
2022,6,189366069
2022,1,189366073
2022,6,189366077
2022,3,189366081
2022,6,189366087
2022,6,189366089
2022,8,189366089
2022,6,189366094
2022,6,189366100
2022,7,189366100
2022,6,189366101
2022,7,189366101
2022,6,189366102
2022,6,189366106
2022,6,189366108
2022,6,189366110
2022,6,189366114
2022,7,189366114
2022,6,189366115
2022,7,189366115
2022,6,189366117
2022,6,189366123
2022,6,189366132
2022,6,189366133
2022,6,189464245
2022,9,188038589
2022,9,192059153
2022,8,192059154
2022,3,189265512
2022,6,189366134
2022,6,189366141
2022,6,189265513
2022,6,189265514
2022,6,189455599
2022,9,188817324
2022,9,188796574
2022,9,188129187
2022,9,188655277
2022,5,188677872
2022,9,189111596
2022,9,190122374
2022,9,194315832
2022,9,202829368
2022,9,194315833
2022,6,188129189
2022,9,188129190
2022,9,189815461
2022,6,189366147
2022,7,189366147
2022,6,189366148
2022,3,189366150
2022,6,188655278
2022,9,189111597
2022,6,188796578
2022,9,188129192
2022,9,189464246
2022,9,197185053
2022,9,189265515
2022,9,188800436
2022,6,188800438
2022,6,189366151
2022,9,188655279
2022,6,189366152
2022,9,189265516
2022,6,189366155
2022,6,189265517
2022,9,190238702
2022,9,188423860
2022,9,188910159
2022,9,188817328
2022,6,188655281
2022,7,189366155
2022,9,188817329
2022,9,188796579
2022,9,188423861
2022,6,188423862
2022,6,188817330
2022,9,198433321
2022,6,189366163
2022,6,189366166
2022,6,189366167
2022,6,189366168
2022,9,188743055
2022,5,189366171
2022,6,189366171
2022,9,188423865
2022,9,190561547
2022,9,190561548
2022,3,189001720
2022,3,189001721
2022,9,191134886
2022,9,189277039
2022,9,188878960
2022,9,188796585
2022,9,189001722
2022,6,189366179
2022,6,189366181
2022,1,199851514
2022,9,188796587
2022,9,199318421
2022,9,190048622
2022,9,189054551
2022,6,189366186
2022,6,189366187
2022,9,189423689
2022,3,188910163
2022,6,189366188
2022,6,189366189
2022,6,189366191
2022,3,189366192
2022,6,188910164
2022,6,188743057
2022,9,194315834
2022,9,188655288
2022,9,189265520
2022,6,194315838
2022,9,189423690
2022,9,190707446
2022,10,190453886
2022,9,189277040
2022,9,194315839
2022,9,189001725
2022,9,190041078
2022,9,189234208
2022,9,191134887
2022,6,188817341
2022,6,188817342
2022,9,188890894
2022,9,188796594
2022,9,189265525
2022,6,189265529
2022,6,189366200
2022,6,189366237
2022,6,189366238
2022,9,189234209
2022,3,190683223
2022,3,190683224
2022,3,190683225
2022,9,188817343
2022,9,190630373
2022,9,188796597
2022,9,188890896
2022,9,188830464
2022,9,190722054
2022,6,189366245
2022,3,189366246
2022,6,189366249
2022,6,189366253
2022,6,189366255
2022,9,189001732
2022,9,189001733
2022,9,188830469
2022,9,188817346
2022,1,188890898
2022,6,189366256
2022,6,189366261
2022,6,189366265
2022,6,189366266
2022,6,189366268
2022,6,189366269
2022,3,189366271
2022,6,189366271
2022,6,189366272
2022,6,189366276
2022,6,188890899
2022,6,189366280
2022,6,188817350
2022,6,188817351
2022,6,189993343
2022,6,189366290
2022,6,189366294
2022,6,189366295
2022,8,189366296
2022,6,189366304
2022,6,189366311
2022,1,189366315
2022,9,189197160
2022,3,189366328
2022,6,189366328
2022,6,189366332
2022,6,189366334
2022,9,189105575
2022,6,189366335
2022,6,189366355
2022,6,189366357
2022,9,192187399
2022,9,190129604
2022,6,190129605
2022,6,199174478
2022,6,189366358
2022,6,189366360
2022,1,189366373
2022,9,188830476
2022,9,188910166
2022,9,189001747
2022,9,189047799
2022,1,189366374
2022,6,189366377
2022,6,189366379
2022,6,189366387
2022,1,189366398
2022,6,189366398
2022,6,189366403
2022,6,189366405
2022,6,189366407
2022,6,189366409
2022,3,189366411
2022,6,189366411
2022,9,189060853
2022,9,192096072
2022,9,190408721
2022,6,190408722
2022,9,190122377
2022,9,197158937
2022,6,197158938
2022,9,189001757
2022,6,189001758
2022,9,189001759
2022,9,191659835
2022,6,191659836
2022,9,189001767
2022,6,189366414
2022,6,189366425
2022,6,189366426
2022,6,189366433
2022,6,189366434
2022,6,189001768
2022,9,189193568
2022,6,189193569
2022,9,191134891
2022,9,190129606
2022,6,190129607
2022,6,189001774
2022,9,194339395
2022,6,190129608
2022,9,189001780
2022,9,189265534
2022,9,189001781
2022,9,189111600
2022,9,189001783
2022,9,189001784
2022,9,189197164
2022,9,194315847
2022,9,190707448
2022,9,191412282
2022,9,189267849
2022,6,189366436
2022,6,189366440
2022,6,189366441
2022,6,189366448
2022,6,189366450
2022,6,189366473
2022,6,189366474
2022,6,189366486
2022,9,189265539
2022,9,189105580
2022,9,189060858
2022,9,190691723
2022,9,189105581
2022,9,189265540
2022,9,197137822
2022,9,189815467
2022,3,189366489
2022,9,189847982
2022,9,196398827
2022,9,189423705
2022,9,189847984
2022,9,189423706
2022,9,189060863
2022,3,189366496
2022,6,189366496
2022,6,189366497
2022,8,189366499
2022,6,194315848
2022,6,189366512
2022,6,189366513
2022,6,189366514
2022,6,189366516
2022,9,189111601
2022,6,189366518
2022,6,189366519
2022,6,189366525
2022,6,189366526
2022,6,189111602
2022,9,199318422
2022,6,189366532
2022,9,189455602
2022,6,189366536
2022,6,189366537
2022,9,189197166
2022,1,189366540
2022,9,189267853
2022,3,198433328
2022,6,189366545
2022,6,198433329
2022,9,189197167
2022,6,189366555
2022,8,189366555
2022,6,189366557
2022,6,189366558
2022,3,189366561
2022,6,189366562
2022,9,190437988
2022,8,195452404
2022,1,195452405
2022,9,189105595
2022,6,189105596
2022,6,189366584
2022,8,189366584
2022,9,190238705
2022,9,191015625
2022,9,198433332
2022,9,189277045
2022,9,189423709
2022,6,190722058
2022,6,189366585
2022,8,189366585
2022,6,189366591
2022,9,198433334
2022,6,198433335
2022,9,189267857
2022,3,189298000
2022,3,189298001
2022,6,190122378
2022,6,190122379
2022,6,189298003
2022,9,189265548
2022,6,194315850
2022,9,198433336
2022,3,189350193
2022,6,194315851
2022,9,189423714
2022,9,191649462
2022,9,191134893
2022,9,190408723
2022,9,189265551
2022,9,189847987
2022,3,189350195
2022,6,189267859
2022,3,189371730
2022,3,189371731
2022,9,189423716
2022,6,189993360
2022,9,198998938
2022,9,191134895
2022,9,191015626
2022,6,191015628
2022,9,190416800
2022,9,189265553
2022,9,189298013
2022,9,189265555
2022,9,189313528
2022,9,189423717
2022,9,189298014
2022,6,189366592
2022,6,189366612
2022,6,189366613
2022,6,189366614
2022,6,189366615
2022,6,189366617
2022,7,189366617
2022,6,189366618
2022,7,189366618
2022,6,189366624
2022,7,189366624
2022,6,189366625
2022,7,189366625
2022,6,189366630
2022,8,189366630
2022,6,189366641
2022,9,189847988
2022,9,189298015
2022,9,189815471
2022,9,189265556
2022,9,189265557
2022,9,189267863
2022,6,189366655
2022,6,189366658
2022,6,189366665
2022,6,189366668
2022,6,189366671
2022,6,189366672
2022,6,189366674
2022,6,189366682
2022,6,189366693
2022,6,189366694
2022,8,189366694
2022,6,189366705
2022,6,189366707
2022,6,189366708
2022,6,189366712
2022,6,189366713
2022,8,189366713
2022,6,189366716
2022,6,189366722
2022,6,189366727
2022,9,189847991
2022,9,189432259
2022,9,194315853
2022,9,189425502
2022,9,189455604
2022,9,194315854
2022,9,191412284
2022,9,189432260
2022,9,189371734
2022,3,189371735
2022,3,189371736
2022,3,203279238
2022,6,189366728
2022,6,189366732
2022,6,189366736
2022,6,189366737
2022,6,189366738
2022,6,189366742
2022,6,189366743
2022,6,189366747
2022,6,189366748
2022,6,189366749
2022,3,189366751
2022,6,189366751
2022,3,189366752
2022,6,189366752
2022,6,189366753
2022,6,189366754
2022,6,189366755
2022,6,189366757
2022,6,189423727
2022,9,189423728
2022,9,189432261
2022,9,189423729
2022,9,190129619
2022,9,190285241
2022,9,189298016
2022,9,189298017
2022,9,190453888
2022,9,190285243
2022,3,189993365
2022,9,190129621
2022,9,189993366
2022,6,189366759
2022,6,189366761
2022,6,189366763
2022,6,189366764
2022,6,189366773
2022,6,189366779
2022,6,189366782
2022,6,189366784
2022,8,189366785
2022,6,189366800
2022,6,189366804
2022,9,189423735
2022,9,189847993
2022,9,198433337
2022,6,198433338
2022,9,194315856
2022,9,194315858
2022,3,190722060
2022,9,189423737
2022,6,194315859
2022,9,189425504
2022,6,189425505
2022,9,190446478
2022,6,189366809
2022,9,191412286
2022,9,190129624
2022,6,190129625
2022,9,194315860
2022,9,189425508
2022,3,189423742
2022,9,189993367
2022,3,198433341
2022,6,189810658
2022,6,189810659
2022,6,203212968
2022,4,189366814
2022,1,203212969
2022,6,189432269
2022,9,189423749
2022,3,190129627
2022,9,189847995
2022,6,190184644
2022,6,189432271
2022,9,189423753
2022,6,189423754
2022,9,198433342
2022,9,190048634
2022,9,189455605
2022,9,190285248
2022,9,189993372
2022,9,190184645
2022,8,190129633
2022,9,189993374
2022,9,190630379
2022,9,189455606
2022,9,189993375
2022,9,189425509
2022,9,195466555
2022,9,189464263
2022,9,191134900
2022,9,190285250
2022,9,190707453
2022,6,189366818
2022,9,194315864
2022,3,189464267
2022,9,189464268
2022,9,199972374
2022,6,191001032
2022,9,194315866
2022,9,190233162
2022,6,190437992
2022,9,189464269
2022,9,190129635
2022,9,190364824
2022,9,190581065
2022,9,189993380
2022,9,191134901
2022,9,190285253
2022,3,190437995
2022,6,190437996
2022,9,190129637
2022,9,192096077
2022,9,190285254
2022,9,190544189
2022,9,190048638
2022,9,190683231
2022,9,190233165
2022,8,190233166
2022,9,201064164
2022,6,189366824
2022,9,190285255
2022,9,189993385
2022,9,190118479
2022,9,192187403
2022,6,189366832
2022,6,190691725
2022,9,190129641
2022,6,190129642
2022,6,194315872
2022,9,191134903
2022,6,190769794
2022,3,194315873
2022,3,194315874
2022,9,190238716
2022,9,190184656
2022,6,190184657
2022,6,191791109
2022,6,190048648
2022,9,194315875
2022,9,190129646
2022,9,190129650
2022,9,190581074
2022,9,195873274
2022,9,190233167
2022,9,190184662
2022,2,190184663
2022,4,190184663
2022,9,199972375
2022,9,190769797
2022,9,190184664
2022,9,190184665
2022,9,190581076
2022,9,190285267
2022,6,190408725
2022,6,190408726
2022,9,190683238
2022,6,189366833
2022,9,190285268
2022,9,190285269
2022,1,189366834
2022,6,189366834
2022,7,189366834
2022,9,195333710
2022,1,189366835
2022,6,189366835
2022,9,196398830
2022,6,196398831
2022,9,191134908
2022,9,190285279
2022,9,190581077
2022,9,198433344
2022,6,190722069
2022,9,190438000
2022,9,190561549
2022,9,190438001
2022,6,190544199
2022,9,190453894
2022,9,194315882
2022,9,190630383
2022,6,194315883
2022,9,190674375
2022,9,190630384
2022,9,190285286
2022,9,190285288
2022,9,190544201
2022,9,190285291
2022,9,198069711
2022,5,198069712
2022,9,190438003
2022,6,190453897
2022,9,190674377
2022,6,190408727
2022,6,190408728
2022,9,190581093
2022,6,194315890
2022,9,197158940
2022,6,190674379
2022,9,190623307
2022,9,190713957
2022,7,189366835
2022,6,189366845
2022,6,189366846
2022,9,190713958
2022,9,191134916
2022,6,189366849
2022,9,190707464
2022,3,189366853
2022,6,189366853
2022,9,194315895
2022,6,194315896
2022,9,190453900
2022,6,190453901
2022,9,190438007
2022,3,190769805
2022,9,202168605
2022,9,194315899
2022,8,191807196
2022,9,190769806
2022,9,192187411
2022,9,191835891
2022,9,190722075
2022,9,190674381
2022,9,194315904
2022,9,198064282
2022,9,190630398
2022,9,190707470
2022,9,191835894
2022,9,190707471
2022,9,190683246
2022,9,190769809
2022,9,190630401
2022,9,194315905
2022,9,191134920
2022,9,190581108
2022,9,196484373
2022,9,190674382
2022,9,194315906
2022,9,194315907
2022,9,191134921
2022,9,190769812
2022,6,189366854
2022,6,189366859
2022,9,194315909
2022,9,194315910
2022,9,190683255
2022,9,190630406
2022,6,191134922
2022,6,191134923
2022,9,197158941
2022,9,190713959
2022,9,190722078
2022,6,189366861
2022,6,189366864
2022,9,190707484
2022,6,189366877
2022,6,190683258
2022,9,192457680
2022,9,190869320
2022,9,194315911
2022,9,194315912
2022,6,194315913
2022,3,190777943
2022,8,191001035
2022,1,194315915
2022,9,197269546
2022,1,194315917
2022,9,190769820
2022,9,191001036
2022,8,197176774
2022,5,203212971
2022,3,203212972
2022,6,203212973
2022,9,191957610
2022,9,190777946
2022,8,199972377
2022,1,191845508
2022,6,191001037
2022,6,190769825
2022,9,190769826
2022,9,190769827
2022,9,196398833
2022,9,200173897
2022,6,200173898
2022,9,191412304
2022,9,190769829
2022,9,190959176
2022,3,198433345
2022,6,198433346
2022,9,194315933
2022,9,194315934
2022,9,191015633
2022,6,189366879
2022,3,189366880
2022,6,189366881
2022,9,191001047
2022,6,189366882
2022,6,189366884
2022,6,189366885
2022,6,189366886
2022,9,192187415
2022,3,189366891
2022,6,189366891
2022,6,189366892
2022,6,189366893
2022,3,198433347
2022,3,198433348
2022,6,194315937
2022,6,194315938
2022,9,194315939
2022,9,192187417
2022,6,189366907
2022,9,194315941
2022,6,189366911
2022,9,191134952
2022,1,192021657
2022,1,192021658
2022,1,192021659
2022,9,191649480
2022,9,194315943
2022,9,195115959
2022,9,194315944
2022,9,191015644
2022,6,191015645
2022,9,191134953
2022,9,195466556
2022,9,191134954
2022,8,194315951
2022,9,194315952
2022,9,191649484
2022,9,191649485
2022,9,194315955
2022,6,194315956
2022,9,194315957
2022,9,194315958
2022,9,194315959
2022,9,191134959
2022,9,191134960
2022,6,194315960
2022,6,194315961
2022,9,194315962
2022,9,192678107
2022,6,194315965
2022,6,191134963
2022,9,191134964
2022,6,191134965
2022,9,191412309
2022,9,191807202
2022,9,191875203
2022,9,194315968
2022,9,191845511
2022,9,191886744
2022,9,192187418
2022,9,194315972
2022,6,199733669
2022,9,192457682
2022,9,194315977
2022,9,191875205
2022,9,194315978
2022,9,194315979
2022,9,198064285
2022,9,194315987
2022,9,194315989
2022,6,194315991
2022,6,194315992
2022,6,194315993
2022,9,194315997
2022,9,194316005
2022,6,189366926
2022,8,189366926
2022,6,189366927
2022,9,201367189
2022,9,192753177
2022,9,192085654
2022,9,194316006
2022,9,191875211
2022,9,191807208
2022,9,192096082
2022,9,192085655
2022,9,194316009
2022,9,194316010
2022,9,192187422
2022,9,194316011
2022,9,192796781
2022,9,194316015
2022,9,191875214
2022,9,191886750
2022,6,191886751
2022,9,191878601
2022,8,192343686
2022,9,197158944
2022,6,194316017
2022,9,191886755
2022,8,189366927
2022,9,192796782
2022,9,194316022
2022,9,192187425
2022,6,192187426
2022,9,192343687
2022,9,192096092
2022,9,194316025
2022,9,191886761
2022,9,191875218
2022,9,191886765
2022,9,192343690
2022,9,191886768
2022,9,194316033
2022,9,191886769
2022,9,192187429
2022,6,192201698
2022,9,202651592
2022,6,189366932
2022,6,189366933
2022,6,189366934
2022,9,194316037
2022,9,192021668
2022,9,192078591
2022,1,194752744
2022,9,195873276
2022,6,189366945
2022,9,192059156
2022,9,194316045
2022,9,194316048
2022,6,194316049
2022,9,194316051
2022,9,194316052
2022,6,192343691
2022,3,192343692
2022,3,192343693
2022,9,192096095
2022,9,194316054
2022,9,192096096
2022,9,192085656
2022,6,189366960
2022,8,189366960
2022,9,192085657
2022,9,192343694
2022,8,192343695
2022,9,192678115
2022,9,192343696
2022,3,192343697
2022,6,192343698
2022,9,192085658
2022,9,192187435
2022,9,192187436
2022,9,194316062
2022,9,192425768
2022,9,192343699
2022,9,192187440
2022,9,192187441
2022,6,192678117
2022,1,195199534
2022,9,194316067
2022,9,192187445
2022,9,194339399
2022,6,194339400
2022,9,194316072
2022,9,194316073
2022,10,195466557
2022,9,192343700
2022,9,194316076
2022,9,192187454
2022,9,192678124
2022,3,192616677
2022,9,194316088
2022,6,194316089
2022,6,194316090
2022,9,192187460
2022,9,194316091
2022,6,194316092
2022,6,194316093
2022,9,192796791
2022,9,196398835
2022,6,194316103
2022,6,189366962
2022,9,192425771
2022,9,192343707
2022,9,194316110
2022,9,194316111
2022,9,194316112
2022,6,189366967
2022,9,192510553
2022,9,192425773
2022,3,192616685
2022,8,192616686
2022,6,192616687
2022,6,192441917
2022,6,192616688
2022,9,201294613
2022,6,201294614
2022,6,201294615
2022,1,196167645
2022,9,192441919
2022,6,192441920
2022,9,194316118
2022,9,196194620
2022,6,192616689
2022,6,192616690
2022,9,194316121
2022,9,192616694
2022,9,192753183
2022,9,192616697
2022,9,194316129
2022,9,194316134
2022,5,194316136
2022,3,194316137
2022,6,194316138
2022,9,194316141
2022,9,194316143
2022,9,192616703
2022,9,194316144
2022,9,194316145
2022,9,194316146
2022,9,194339403
2022,9,194316152
2022,6,194316153
2022,9,194316154
2022,8,194316155
2022,9,194316158
2022,9,194316163
2022,9,194316166
2022,9,201040326
2022,9,195199538
2022,9,194316168
2022,9,194316169
2022,9,194316170
2022,6,194316171
2022,9,194316174
2022,9,194316175
2022,6,194316183
2022,9,194316189
2022,9,194316193
2022,9,194316195
2022,9,202035193
2022,6,189366969
2022,9,199023465
2022,9,194316202
2022,6,189341930
2022,6,189341931
2022,9,194316203
2022,9,194316204
2022,9,194316207
2022,9,195881231
2022,1,194316211
2022,9,194316214
2022,9,194316215
2022,9,194316219
2022,9,194316220
2022,6,194316227
2022,9,194316228
2022,3,194316229
2022,3,194316230
2022,9,194316231
2022,9,194316239
2022,9,194316242
2022,9,194316243
2022,6,194316244
2022,6,194316245
2022,9,195115962
2022,9,194316248
2022,9,194316249
2022,8,194316254
2022,9,197316107
2022,6,189341932
2022,6,189341933
2022,9,194316256
2022,9,194316257
2022,9,194316258
2022,6,194316259
2022,6,194316265
2022,9,194316268
2022,9,198406827
2022,9,194316270
2022,9,194316271
2022,9,194316272
2022,9,194316273
2022,9,194316274
2022,9,194316275
2022,9,194316276
2022,9,194316283
2022,9,194316287
2022,9,194316290
2022,9,194316291
2022,6,194316292
2022,9,194316293
2022,9,194316295
2022,8,194316298
2022,9,194316302
2022,9,194316304
2022,6,194316307
2022,6,201283444
2022,6,194316308
2022,9,194316310
2022,6,194316312
2022,9,194316317
2022,9,194316318
2022,6,189341945
2022,6,194316320
2022,9,194316322
2022,9,194316323
2022,9,194316325
2022,9,194316327
2022,6,194316328
2022,6,194316330
2022,6,194316331
2022,9,194316333
2022,9,194316334
2022,6,194316335
2022,9,194316336
2022,9,194316337
2022,9,194316339
2022,9,194316340
2022,9,200562907
2022,9,194316344
2022,9,194316350
2022,9,194316352
2022,9,194316353
2022,9,194316354
2022,9,194316360
2022,5,196484374
2022,9,202951577
2022,9,194316364
2022,9,194316365
2022,9,194316366
2022,9,195638853
2022,9,194316370
2022,8,194316371
2022,9,196398841
2022,6,194316375
2022,9,194316376
2022,9,194316383
2022,6,194316387
2022,9,196806300
2022,7,198433353
2022,9,194316398
2022,6,194316399
2022,9,194316400
2022,9,194316402
2022,9,194316405
2022,9,196684573
2022,9,194316410
2022,9,194316411
2022,3,194316413
2022,3,194316414
2022,9,194316416
2022,9,194316419
2022,9,194316424
2022,6,194316429
2022,9,194316433
2022,9,194316434
2022,6,194316437
2022,3,201344896
2022,6,189341948
2022,6,189341954
2022,6,189341959
2022,6,189341961
2022,6,189341964
2022,6,189341965
2022,9,194316442
2022,9,194316443
2022,9,195987858
2022,6,195987859
2022,9,194316446
2022,9,194316447
2022,6,194316448
2022,9,194316449
2022,9,194316450
2022,9,194316451
2022,9,195199546
2022,6,194316460
2022,9,194316461
2022,9,194316467
2022,9,194316474
2022,6,194316476
2022,9,194316479
2022,9,194316480
2022,9,194316485
2022,9,194316486
2022,9,194764297
2022,6,189341966
2022,3,191649586
2022,8,189341989
2022,6,189342002
2022,9,194316488
2022,9,194764298
2022,6,194764299
2022,9,194764300
2022,6,199851526
2022,9,198311693
2022,6,198433355
2022,9,194316504
2022,9,194764301
2022,9,194316511
2022,6,194316512
2022,9,194316513
2022,9,197158946
2022,9,194316515
2022,9,197428797
2022,6,189342003
2022,9,194316521
2022,3,194316525
2022,6,194316526
2022,3,194316529
2022,6,194316530
2022,3,194316532
2022,6,189342008
2022,3,194316533
2022,9,194316536
2022,9,195873281
2022,9,194316545
2022,9,196621777
2022,6,194316549
2022,6,194316550
2022,6,194316558
2022,6,194316559
2022,9,194316560
2022,6,194316561
2022,6,194316562
2022,9,194316563
2022,9,195284093
2022,9,194316566
2022,6,198433357
2022,9,194744784
2022,6,194744785
2022,6,194316577
2022,9,194316579
2022,9,195154006
2022,9,203236529
2022,9,194316581
2022,6,194316583
2022,6,194316584
2022,9,197316113
2022,6,194316586
2022,3,194316587
2022,6,194316588
2022,9,195429539
2022,9,194316590
2022,9,194316593
2022,9,195369718
2022,6,195369720
2022,9,194316595
2022,9,195346888
2022,9,195171882
2022,6,195171883
2022,9,194316596
2022,9,201071853
2022,6,201071854
2022,9,194316598
2022,9,194316599
2022,1,196855840
2022,3,195987861
2022,9,194752750
2022,1,198429706
2022,9,194752752
2022,9,200994729
2022,8,200994730
2022,9,194316608
2022,9,194316610
2022,9,194316611
2022,8,194316613
2022,9,194316615
2022,1,194316616
2022,8,194316618
2022,9,194316620
2022,3,198433358
2022,6,198433359
2022,9,194316626
2022,6,189342009
2022,9,194316627
2022,9,194316628
2022,9,194316629
2022,6,189342014
2022,9,194609221
2022,9,194316638
2022,6,194316639
2022,9,194764304
2022,9,194316643
2022,6,189342031
2022,9,195375213
2022,6,198433362
2022,9,194316650
2022,6,189342036
2022,6,191649591
2022,9,194316654
2022,6,195350764
2022,6,195350765
2022,9,194764305
2022,9,194339410
2022,9,194316656
2022,9,196176237
2022,9,195115972
2022,9,194316657
2022,9,196484375
2022,9,195873285
2022,8,195873286
2022,9,194316668
2022,9,195881232
2022,9,195873288
2022,9,194744798
2022,9,197176776
2022,9,194752753
2022,6,194752754
2022,9,196806301
2022,6,198433363
2022,6,194744799
2022,9,194764307
2022,9,195350766
2022,9,194744801
2022,9,195136717
2022,6,195136718
2022,1,194744802
2022,9,200792354
2022,9,194764308
2022,6,189342039
2022,6,189342044
2022,6,189342046
2022,6,189342047
2022,9,195429541
2022,6,198433364
2022,6,198433365
2022,9,195136719
2022,8,195136720
2022,9,194339422
2022,9,194609257
2022,9,195154008
2022,9,200994731
2022,9,194744808
2022,9,194744809
2022,6,195369725
2022,11,202565700
2022,6,202565701
2022,9,195154011
2022,9,195115974
2022,9,195873296
2022,6,189342052
2022,6,195873297
2022,6,195350767
2022,6,189342054
2022,6,198433366
2022,6,189342055
2022,9,195881235
2022,6,195873299
2022,9,195171899
2022,9,195115977
2022,6,195115978
2022,6,198433368
2022,6,195154014
2022,6,195154015
2022,3,195873300
2022,6,195873301
2022,9,195346889
2022,5,195350768
2022,9,203184743
2022,9,195346892
2022,9,195171900
2022,3,198433369
2022,9,195284103
2022,9,197066693
2022,8,197066694
2022,3,198433370
2022,3,198433371
2022,3,198433372
2022,3,198429707
2022,6,195350773
2022,6,195350774
2022,6,198429708
2022,6,198429709
2022,9,197066695
2022,9,195375217
2022,9,196167648
2022,3,197066697
2022,3,197066698
2022,9,195346895
2022,6,195346896
2022,9,198064293
2022,9,195175256
2022,6,195175258
2022,9,197158953
2022,6,197158954
2022,9,195346898
2022,9,195429543
2022,9,197066702
2022,6,197066703
2022,9,197066704
2022,9,196855841
2022,9,195638860
2022,6,189342058
2022,6,189342059
2022,8,198429710
2022,9,195199559
2022,6,195881241
2022,9,195369738
2022,9,195369739
2022,6,189342067
2022,6,189342068
2022,9,202056616
2022,9,197066706
2022,9,195284104
2022,10,198418848
2022,6,190728530
2022,6,190728532
2022,6,198418849
2022,9,197066707
2022,9,196194625
2022,6,196194626
2022,9,195881242
2022,9,195873319
2022,9,195873320
2022,9,197158955
2022,9,195873322
2022,9,195638865
2022,3,195350776
2022,9,195881243
2022,6,198433373
2022,9,195466562
2022,9,198429712
2022,9,195429545
2022,3,198433374
2022,6,198433375
2022,6,198429714
2022,6,198429716
2022,6,198429717
2022,3,198433376
2022,3,198433377
2022,9,195369748
2022,9,199501309
2022,9,199501310
2022,9,195369750
2022,3,198433378
2022,6,190728536
2022,6,190728537
2022,6,190728539
2022,6,190728540
2022,6,190728546
2022,9,195638871
2022,6,195638872
2022,9,197316117
2022,9,195902935
2022,6,198433392
2022,9,196806307
2022,5,196806329
2022,6,202168611
2022,6,199582662
2022,3,200792361
2022,3,200792362
2022,9,199880872
2022,6,196784345
2022,6,190728548
2022,4,190728554
2022,6,190728556
2022,6,190728561
2022,6,190728567
2022,6,196809218
2022,6,196809219
2022,2,197020054
2022,6,190728569
2022,6,190728570
2022,6,190728571
2022,3,192017234
2022,6,192017234
2022,6,192017235
2022,3,192017236
2022,6,192017236
2022,3,190728577
2022,6,190728578
2022,6,190728579
2022,12,197348345
2022,6,197881979
2022,6,197881981
2022,6,197881982
2022,6,197881985
2022,2,197962809
2022,6,198453091
2022,6,190728580
2022,6,190728581
2022,6,198597282
2022,6,198659905
2022,6,198659910
2022,6,198940248
2022,9,178198262
2022,9,177400206
2022,9,177400215
2022,9,177400218
2022,8,179494329
2022,6,190728582
2022,8,178490154
2022,9,178490155
2022,9,178313191
2022,2,179494332
2022,9,179204413
2022,9,179019316
2022,9,179494336
2022,6,179640648
2022,2,180074798
2022,9,179640650
2022,9,180074809
2022,6,190728585
2022,6,190728589
2022,6,190728590
2022,6,190728592
2022,8,190728592
2022,6,190728600
2022,6,201348476
2022,9,181277008
2022,9,181432360
2022,9,181432361
2022,6,188514264
2022,9,181489342
2022,6,182644800
2022,9,181736266
2022,9,182644805
2022,9,201348491
2022,9,201348492
2022,9,182644811
2022,9,182644812
2022,9,182764089
2022,9,182644815
2022,9,182644817
2022,9,182764092
2022,6,182764093
2022,9,182901096
2022,9,183209599
2022,6,190728614
2022,9,183209602
2022,9,183209604
2022,9,183920656
2022,6,201590474
2022,6,190728615
2022,9,183920659
2022,9,183970852
2022,9,183970854
2022,6,195352026
2022,6,195352027
2022,9,184243799
2022,9,184126642
2022,9,184126644
2022,9,185167158
2022,9,201590475
2022,6,190728628
2022,6,185167159
2022,9,185631016
2022,9,185895260
2022,9,201348522
2022,9,187031589
2022,9,186879942
2022,9,187031591
2022,9,187355581
2022,9,187031594
2022,9,187355582
2022,9,187355585
2022,9,187355586
2022,9,187508682
2022,9,187645027
2022,10,187645029
2022,9,188749488
2022,9,187982874
2022,9,187982875
2022,9,187982876
2022,9,188749490
2022,9,188749496
2022,6,199306725
2022,9,189281820
2022,6,190728629
2022,6,197456575
2022,6,190728632
2022,8,190728632
2022,9,189393665
2022,4,202654495
2022,6,190728633
2022,8,190728633
2022,6,190728634
2022,1,190728636
2022,9,195424014
2022,9,201738401
2022,9,190564861
2022,6,190732863
2022,9,190863871
2022,9,190863872
2022,9,191848734
2022,9,201348558
2022,2,194320269
2022,9,201348562
2022,9,194320270
2022,9,192326373
2022,6,194320271
2022,9,194320281
2022,9,194320283
2022,9,194320289
2022,6,190728639
2022,9,190728640
2022,9,195110581
2022,9,194320294
2022,9,195110582
2022,6,195110583
2022,9,195964389
2022,6,192776037
2022,9,195424015
2022,1,201004365
2022,6,192776053
2022,3,192776064
2022,6,192776064
2022,6,177258125
2022,8,192776070
2022,6,192776095
2022,9,175963036
2022,9,175963037
2022,9,176288862
2022,9,178215547
2022,9,176288864
2022,9,177068801
2022,9,188013633
2022,9,176169802
2022,9,176547431
2022,9,176547432
2022,8,176547435
2022,1,195136727
2022,9,189267886
2022,9,189267887
2022,6,189267888
2022,9,178215550
2022,6,192776118
2022,6,192776119
2022,6,192776132
2022,6,192776133
2022,3,192776142
2022,6,192776142
2022,6,192776143
2022,6,192776144
2022,6,192776155
2022,6,192776162
2022,6,192776168
2022,6,192776177
2022,6,192776191
2022,6,192776206
2022,6,192776212
2022,6,192776216
2022,6,192776217
2022,6,192776223
2022,6,192776224
2022,6,192776236
2022,6,192776246
2022,6,192776247
2022,6,192776254
2022,6,192776256
2022,6,192776260
2022,6,192776264
2022,6,192776280
2022,6,192776281
2022,6,192776284
2022,6,192776289
2022,6,192776290
2022,6,194332680
2022,6,194332681
2022,6,194332690
2022,8,194332690
2022,6,194332695
2022,6,194332697
2022,6,194332709
2022,6,194332724
2022,6,194332727
2022,6,194332728
2022,9,194332733
2022,6,194332734
2022,6,194332736
2022,6,194332737
2022,6,194332748
2022,6,194332749
2022,6,194332750
2022,6,194332752
2022,8,194332753
2022,3,194332759
2022,6,194332759
2022,6,194332760
2022,6,194332761
2022,6,194332765
2022,6,194332766
2022,6,194332769
2022,6,194332770
2022,6,194332778
2022,6,194332779
2022,9,194332781
2022,6,194332792
2022,6,194332793
2022,9,194332794
2022,1,194332796
2022,8,194332799
2022,9,195764153
2022,6,195764165
2022,6,195764168
2022,6,195764171
2022,6,195764172
2022,6,195764173
2022,6,195764178
2022,6,195764185
2022,6,195764186
2022,6,195764187
2022,9,195764188
2022,6,195764189
2022,3,195764193
2022,6,195764193
2022,7,195764193
2022,6,195764196
2022,6,195764197
2022,9,180108625
2022,9,195764199
2022,9,195764200
2022,8,195764203
2022,9,176892118
2022,6,195764205
2022,9,176581145
2022,3,195764206
2022,6,195764206
2022,7,195764206
2022,6,195764207
2022,9,177118956
2022,6,195764208
2022,9,195764209
2022,9,176608886
2022,6,195764215
2022,9,195764216
2022,9,177280017
2022,6,195764219
2022,9,195764220
2022,6,195764221
2022,9,195764222
2022,9,195764232
2022,9,195764233
2022,6,195764236
2022,9,195764240
2022,6,195764241
2022,9,195764242
2022,9,195764244
2022,6,195764245
2022,9,195764246
2022,9,195764247
2022,6,195764250
2022,6,195764251
2022,9,195764254
2022,9,195764255
2022,6,195764260
2022,6,195764262
2022,6,195764264
2022,6,195764265
2022,6,195764266
2022,9,198331452
2022,9,202056675
2022,6,189361231
2022,6,189361236
2022,6,189361237
2022,6,189361245
2022,6,189361247
2022,6,189361248
2022,9,176892124
2022,1,177083735
2022,9,177118960
2022,8,177258128
2022,9,189267901
2022,6,189361249
2022,2,189361250
2022,6,189361251
2022,6,189361252
2022,6,189361257
2022,6,189361261
2022,10,177101342
2022,9,177407009
2022,9,177118967
2022,6,201373766
2022,9,177135727
2022,9,178294877
2022,6,189361262
2022,6,189361264
2022,6,189361271
2022,6,189361273
2022,6,188796612
2022,9,190238724
2022,6,188796613
2022,6,188796617
2022,6,188796620
2022,6,188796623
2022,6,188796625
2022,10,177522324
2022,6,188796628
2022,6,188796631
2022,9,185820629
2022,9,178325997
2022,9,178237032
2022,9,191807210
2022,5,188796639
2022,9,178237034
2022,9,177668758
2022,6,188796645
2022,6,188796646
2022,9,189267926
2022,6,188796660
2022,6,191805151
2022,6,191805154
2022,6,191805155
2022,6,191805157
2022,6,191805158
2022,6,191805159
2022,6,191805167
2022,6,191805174
2022,6,191805176
2022,6,191805178
2022,6,191805180
2022,6,191805182
2022,6,191805183
2022,6,191805185
2022,6,191805188
2022,6,192457728
2022,6,192457741
2022,6,192457742
2022,6,192457747
2022,6,192457752
2022,6,192457753
2022,6,192457754
2022,6,192457762
2022,6,192457764
2022,6,192457765
2022,6,192457766
2022,6,191805189
2022,6,191805193
2022,6,191805195
2022,6,191805196
2022,6,191805200
2022,6,191805203
2022,6,191805206
2022,6,191805212
2022,6,191805213
2022,9,178237039
2022,8,191805215
2022,8,191805216
2022,9,178237042
2022,6,194333308
2022,6,194333314
2022,4,194333316
2022,6,178237043
2022,9,178294883
2022,6,194333323
2022,6,194333324
2022,6,194333326
2022,9,178215556
2022,9,178237044
2022,9,189267932
2022,2,195417597
2022,6,195417598
2022,6,180033034
2022,6,195417606
2022,2,195417610
2022,6,195417614
2022,6,195417615
2022,6,195417616
2022,6,195417624
2022,6,195417626
2022,6,195873411
2022,6,195873417
2022,9,178294888
2022,6,179502529
2022,9,178353501
2022,9,179104680
2022,8,178397218
2022,9,179104682
2022,9,189267949
2022,6,182653186
2022,6,182653187
2022,6,182653192
2022,6,183210090
2022,6,183210091
2022,6,183210092
2022,6,183210094
2022,6,183210095
2022,6,185429644
2022,6,185429645
2022,6,185429646
2022,6,185429647
2022,6,185429648
2022,6,185429650
2022,6,185429652
2022,6,188009923
2022,6,188009924
2022,6,188009926
2022,6,188009934
2022,6,188009947
2022,6,189823302
2022,6,189823311
2022,8,189823312
2022,9,178354277
2022,9,178809283
2022,8,178954655
2022,9,179025455
2022,9,178504672
2022,9,180319609
2022,1,190959207
2022,6,190959208
2022,6,190959211
2022,6,190959213
2022,6,192457772
2022,3,194333334
2022,6,194333335
2022,6,196722061
2022,6,196722065
2022,6,189234248
2022,9,179104683
2022,9,179025458
2022,9,178954662
2022,6,189234263
2022,9,179104685
2022,6,189234271
2022,9,179025463
2022,6,189277069
2022,9,179025464
2022,9,179221285
2022,9,194320297
2022,9,179221288
2022,9,179221289
2022,9,189267972
2022,9,189267973
2022,6,179559713
2022,6,188013635
2022,1,191351791
2022,1,191351792
2022,6,188013636
2022,1,191351793
2022,9,179616826
2022,6,191351804
2022,1,191351806
2022,9,181449865
2022,9,179705302
2022,9,179933772
2022,1,191351840
2022,9,180108628
2022,1,191351859
2022,6,191351909
2022,6,191351910
2022,6,191351925
2022,1,190425579
2022,6,190425626
2022,6,190677941
2022,6,190677960
2022,6,190677961
2022,6,190677967
2022,9,180483221
2022,6,191351975
2022,6,191351995
2022,6,191351996
2022,6,191352056
2022,6,191654990
2022,1,191654994
2022,8,191655023
2022,9,179933779
2022,9,179933781
2022,9,179933783
2022,9,180949154
2022,6,194338341
2022,9,182644830
2022,6,194338345
2022,6,194338346
2022,9,180180349
2022,9,180483230
2022,6,194338355
2022,6,195110610
2022,8,195110611
2022,6,195110635
2022,8,195110636
2022,9,195110640
2022,6,195964404
2022,6,195964405
2022,6,195964407
2022,9,195964408
2022,6,195964410
2022,1,195964414
2022,6,195964414
2022,9,195964419
2022,1,195964421
2022,8,195964421
2022,6,195964423
2022,9,195964424
2022,2,195964425
2022,6,195964427
2022,9,195964433
2022,6,179181334
2022,6,179181336
2022,6,179181337
2022,6,179181338
2022,6,179181339
2022,6,179181340
2022,6,179181342
2022,6,179181343
2022,6,179181344
2022,6,181454574
2022,6,181454577
2022,6,181454578
2022,9,180180351
2022,9,181310777
2022,6,182644132
2022,6,182644134
2022,6,182644135
2022,9,183669613
2022,6,182644137
2022,6,182644139
2022,9,181464674
2022,6,182644142
2022,9,180556454
2022,6,182644143
2022,6,184072778
2022,6,184072780
2022,6,184072782
2022,6,184072783
2022,6,184072784
2022,6,181476429
2022,6,184072786
2022,6,184072787
2022,6,185429657
2022,9,181407305
2022,6,185429660
2022,6,185429661
2022,9,181310784
2022,6,185429662
2022,6,185429663
2022,6,185429664
2022,6,185429665
2022,9,181440161
2022,6,185429667
2022,6,185429669
2022,9,181458342
2022,6,185429670
2022,6,185429673
2022,9,181664347
2022,6,185429674
2022,6,187352120
2022,6,187352122
2022,6,187352123
2022,6,187352125
2022,6,187352126
2022,6,187352127
2022,9,181522638
2022,6,188886960
2022,9,186884529
2022,6,188886964
2022,9,182644835
2022,9,181440163
2022,6,190416879
2022,9,181476431
2022,6,190416886
2022,6,190416889
2022,9,181534310
2022,6,190416890
2022,9,185928501
2022,6,191824374
2022,9,181458346
2022,6,191824376
2022,6,181458348
2022,9,181748934
2022,6,194318639
2022,6,194318641
2022,6,181748935
2022,6,194318642
2022,9,197066745
2022,6,194318644
2022,9,181464682
2022,6,195148420
2022,6,195148423
2022,9,181475470
2022,9,181764544
2022,6,181764545
2022,9,181475473
2022,9,181482914
2022,6,181534313
2022,9,185444905
2022,6,185444906
2022,6,185444907
2022,9,181664348
2022,9,181522647
2022,9,181586063
2022,8,182644850
2022,9,185206011
2022,9,181764546
2022,8,182644855
2022,9,181764551
2022,9,181764552
2022,9,181748944
2022,9,182644863
2022,9,185747428
2022,9,182644869
2022,9,182938765
2022,1,182644872
2022,9,182644875
2022,9,182644877
2022,6,182644878
2022,6,182644881
2022,8,195429550
2022,6,185838990
2022,9,182644884
2022,9,182644885
2022,9,182644888
2022,9,182644896
2022,10,203213001
2022,9,182644906
2022,9,182644909
2022,9,182644914
2022,6,197015371
2022,9,182644917
2022,9,182988509
2022,9,182644920
2022,9,182644922
2022,9,182644924
2022,9,182644929
2022,9,182644931
2022,9,182644934
2022,9,182644935
2022,9,190745360
2022,1,184947225
2022,9,182656009
2022,9,182644946
2022,6,177811681
2022,9,182644947
2022,6,182656010
2022,6,182905770
2022,9,182644953
2022,9,182988510
2022,6,182988511
2022,6,197716468
2022,9,187390650
2022,9,182644958
2022,9,187360268
2022,9,182794621
2022,9,182938767
2022,9,192085659
2022,6,182880577
2022,9,182938770
2022,9,182880579
2022,9,183741291
2022,9,182905776
2022,9,182880581
2022,9,182938772
2022,9,182938773
2022,9,183073061
2022,9,185206013
2022,9,183073062
2022,9,183047633
2022,9,183387671
2022,10,185747429
2022,9,183073066
2022,6,183073812
2022,9,183387673
2022,9,183387674
2022,1,183158815
2022,6,199582702
2022,5,195129418
2022,5,195129419
2022,9,184172606
2022,9,183387680
2022,9,183387681
2022,9,183669617
2022,5,196721816
2022,9,184255944
2022,9,183387685
2022,3,187763769
2022,9,183710993
2022,6,183687094
2022,9,183687095
2022,8,191111794
2022,9,183960249
2022,9,183928187
2022,9,183741293
2022,8,184047322
2022,6,183960250
2022,9,183908481
2022,9,183960252
2022,9,184947226
2022,9,187763774
2022,3,187763776
2022,9,183944680
2022,9,183944072
2022,6,184082725
2022,8,184082726
2022,9,183944682
2022,9,183960254
2022,9,184047328
2022,9,191659854
2022,9,184082728
2022,9,200829774
2022,9,184086541
2022,9,184234456
2022,9,184047331
2022,9,185594668
2022,9,199318521
2022,9,184947231
2022,6,184947232
2022,9,184129627
2022,9,191659855
2022,9,184047339
2022,9,184087424
2022,9,184086542
2022,9,184302067
2022,9,184086546
2022,9,184172611
2022,9,194320316
2022,9,184838552
2022,9,184417082
2022,9,185169905
2022,9,184280485
2022,9,184280041
2022,9,184370454
2022,5,187524726
2022,9,184342914
2022,6,185838993
2022,1,187635375
2022,8,185704674
2022,9,184280489
2022,8,186669704
2022,9,184417084
2022,9,184280490
2022,9,184838554
2022,9,184370459
2022,8,185820634
2022,9,185293079
2022,6,190364909
2022,6,190859760
2022,6,184342918
2022,9,184947243
2022,9,184600776
2022,9,184370460
2022,9,185434088
2022,9,184417085
2022,9,184417087
2022,6,190683259
2022,9,184417089
2022,9,185197650
2022,9,184600094
2022,9,184600777
2022,9,184600781
2022,9,190048649
2022,9,184600783
2022,9,184838557
2022,9,185133969
2022,9,185434089
2022,6,185434091
2022,9,184600786
2022,9,185169914
2022,9,187913013
2022,6,195823115
2022,9,185133971
2022,6,185133972
2022,9,185169919
2022,6,194320320
2022,9,185169920
2022,6,195446788
2022,9,185444913
2022,6,185444914
2022,9,185820635
2022,9,185434098
2022,1,185838995
2022,6,185838996
2022,9,185659520
2022,9,185594671
2022,9,185490782
2022,9,185594672
2022,6,196499585
2022,9,185490784
2022,9,185659527
2022,6,196499599
2022,6,196499600
2022,9,188830480
2022,9,185659529
2022,9,185928504
2022,9,185839000
2022,9,185704679
2022,9,190869331
2022,9,186281279
2022,6,196974228
2022,6,190184671
2022,9,185839008
2022,9,185820640
2022,9,185820641
2022,6,189971899
2022,6,189971901
2022,9,186884536
2022,6,196974248
2022,9,185839011
2022,6,189971904
2022,9,186110647
2022,9,185839012
2022,9,185928507
2022,6,189971908
2022,9,186704436
2022,9,186237587
2022,9,186110650
2022,9,186704437
2022,9,186157803
2022,6,191859023
2022,9,186704438
2022,9,186281282
2022,9,186687564
2022,3,190630415
2022,6,191012752
2022,6,191859025
2022,6,195343144
2022,9,186704441
2022,6,178293204
2022,6,178293205
2022,6,178293212
2022,9,187016512
2022,6,178293215
2022,6,178293216
2022,6,178293219
2022,6,178293220
2022,9,187016513
2022,6,179625752
2022,6,179625753
2022,6,179625755
2022,9,194320329
2022,6,179625761
2022,9,187360274
2022,6,179625767
2022,9,191111796
2022,3,179625770
2022,6,179625770
2022,6,179625771
2022,6,179625772
2022,6,179625773
2022,6,179625775
2022,9,187285023
2022,9,194320331
2022,9,187285030
2022,9,187128877
2022,9,187340098
2022,9,187225081
2022,9,187128878
2022,6,187635380
2022,9,187360281
2022,9,187513442
2022,9,187360284
2022,9,187360285
2022,9,187340099
2022,6,187441147
2022,9,187360290
2022,9,187360293
2022,6,189197172
2022,9,188125140
2022,1,190630417
2022,9,187635384
2022,10,188125142
2022,9,190745366
2022,9,187635386
2022,9,187763777
2022,9,187858924
2022,9,187913019
2022,9,187860146
2022,9,187763779
2022,9,187913021
2022,6,180555949
2022,6,180555950
2022,6,180555951
2022,9,187814567
2022,6,180555953
2022,6,180555954
2022,9,187989165
2022,3,181489492
2022,6,181489492
2022,9,187814574
2022,6,181489495
2022,9,188038594
2022,6,181660152
2022,9,188817353
2022,9,188038595
2022,9,188655293
2022,6,182879468
2022,9,188013639
2022,9,188655294
2022,6,182879472
2022,9,187860152
2022,9,188104102
2022,6,182880545
2022,9,188038599
2022,9,191659858
2022,6,182880552
2022,6,182880553
2022,9,188013641
2022,6,182880556
2022,6,182880558
2022,6,188129195
2022,9,188013642
2022,6,186157814
2022,9,188013645
2022,8,190544237
2022,6,182880569
2022,9,188038600
2022,6,186154147
2022,9,188423867
2022,6,186154158
2022,6,186154162
2022,6,186154165
2022,6,186154186
2022,6,186154190
2022,9,188423868
2022,9,188817354
2022,6,189298020
2022,6,200531096
2022,9,189060871
2022,6,186157817
2022,6,186157823
2022,6,186157827
2022,6,186157828
2022,6,186157838
2022,6,187355634
2022,6,187355635
2022,6,187355636
2022,6,187355637
2022,6,187355638
2022,6,200531099
2022,8,189060872
2022,9,188760245
2022,9,188655300
2022,9,188910177
2022,6,189369530
2022,9,188830488
2022,9,188796600
2022,9,188817355
2022,6,191015647
2022,9,188760246
2022,9,189298021
2022,9,192441925
2022,8,191111800
2022,8,189000909
2022,9,190238725
2022,1,188986954
2022,9,188830496
2022,6,189369531
2022,6,190446511
2022,6,190446519
2022,6,190446521
2022,6,190446522
2022,6,190446525
2022,3,190446527
2022,6,190446527
2022,6,190600458
2022,6,191878642
2022,6,192200840
2022,6,194316737
2022,1,194316738
2022,6,194316740
2022,6,194316741
2022,6,195522499
2022,6,195522503
2022,9,189432274
2022,9,188986956
2022,6,188986957
2022,6,177400228
2022,6,177400234
2022,6,177400235
2022,6,177400236
2022,6,181315752
2022,6,181315753
2022,6,181315754
2022,6,181315755
2022,6,179023376
2022,6,179544101
2022,12,180883308
2022,6,179023378
2022,6,179023379
2022,6,179023380
2022,6,179023381
2022,6,179023382
2022,3,179023383
2022,6,179023383
2022,6,179023384
2022,6,180883310
2022,6,180883315
2022,6,180883317
2022,6,180883319
2022,6,181419625
2022,6,181419628
2022,6,192021681
2022,6,191111802
2022,9,189161460
2022,9,188910181
2022,6,182643740
2022,6,182643741
2022,9,189060876
2022,6,182643744
2022,6,183953865
2022,6,183953866
2022,6,184231973
2022,6,184231980
2022,6,184231981
2022,6,184231985
2022,3,184231986
2022,6,184231986
2022,3,184231987
2022,6,184231987
2022,3,184231988
2022,6,184231988
2022,3,184231989
2022,6,184231989
2022,3,184231990
2022,6,184231990
2022,3,184231991
2022,6,184231991
2022,3,184231992
2022,6,184231992
2022,6,184231995
2022,6,184231996
2022,6,185441683
2022,6,190989471
2022,3,190989475
2022,6,190989475
2022,6,190989476
2022,6,194317017
2022,6,198947151
2022,6,198959016
2022,6,191848790
2022,6,194317023
2022,6,194317024
2022,6,194317041
2022,6,194317054
2022,6,194317082
2022,6,194317088
2022,6,195774303
2022,9,189060877
2022,6,186698573
2022,9,189001796
2022,6,186698595
2022,9,198429741
2022,9,194320336
2022,6,190233227
2022,6,190233230
2022,6,192017244
2022,6,192017256
2022,6,192017270
2022,6,194317116
2022,5,189161465
2022,9,189421640
2022,9,189249755
2022,9,189249758
2022,9,191793894
2022,6,189249762
2022,9,191807213
2022,9,189371742
2022,9,189371743
2022,6,197412039
2022,9,189815489
2022,9,190254942
2022,9,189298031
2022,6,192441926
2022,9,189401879
2022,9,189401884
2022,9,189432281
2022,9,189371745
2022,9,189371748
2022,9,189432284
2022,9,189421641
2022,9,189423762
2022,9,194320341
2022,9,189423764
2022,9,189815497
2022,9,190048654
2022,9,189815498
2022,9,200562941
2022,9,190048656
2022,1,190600387
2022,9,189993395
2022,6,191859035
2022,9,190048660
2022,9,190048661
2022,6,190630418
2022,6,197412041
2022,9,190048664
2022,9,190129661
2022,9,190683262
2022,9,190048665
2022,9,190254945
2022,6,191001068
2022,6,198331039
2022,9,190238730
2022,9,190408730
2022,9,190581112
2022,9,190722085
2022,6,190722086
2022,9,199582704
2022,9,190630419
2022,9,190580339
2022,9,194764315
2022,9,190573671
2022,9,190581117
2022,9,190544248
2022,9,190630420
2022,9,190544250
2022,10,199318529
2022,6,181517055
2022,9,190581118
2022,7,190630422
2022,6,181517066
2022,9,200801139
2022,9,190707493
2022,1,190722088
2022,9,194320355
2022,6,184108224
2022,10,184108225
2022,6,194320356
2022,9,197491536
2022,6,184108226
2022,9,190766373
2022,6,184108249
2022,6,184108250
2022,6,184108251
2022,6,184108263
2022,6,184108283
2022,6,184108301
2022,6,184108302
2022,6,185728481
2022,6,185728482
2022,6,185728489
2022,6,185728508
2022,6,185728509
2022,9,192201706
2022,9,190766374
2022,6,187717304
2022,6,188879008
2022,6,199023491
2022,6,199023492
2022,6,188879016
2022,6,192017276
2022,6,192017277
2022,6,192017282
2022,6,192017283
2022,6,190233236
2022,6,190233237
2022,6,190233240
2022,6,190233241
2022,6,190233249
2022,6,194318421
2022,6,194318422
2022,6,199023493
2022,6,199023494
2022,6,194318441
2022,6,194318472
2022,9,190722093
2022,9,191134967
2022,9,194320357
2022,9,192201707
2022,6,192201709
2022,9,190777952
2022,6,195110654
2022,6,195110668
2022,6,195110677
2022,6,196621817
2022,6,196621823
2022,9,182901081
2022,9,183044523
2022,6,183044527
2022,6,191015651
2022,9,191412337
2022,6,182912249
2022,6,182912260
2022,6,182931970
2022,6,184126664
2022,9,191134970
2022,9,191111808
2022,6,191859042
2022,9,192343713
2022,9,191134973
2022,6,182912306
2022,9,191835909
2022,6,182912330
2022,6,182912331
2022,6,184304347
2022,6,184304371
2022,4,185836472
2022,6,185836488
2022,9,201063086
2022,9,192343715
2022,9,192441930
2022,9,200829775
2022,9,191872260
2022,9,197716470
2022,9,200638918
2022,9,192201711
2022,9,192343718
2022,9,192441933
2022,8,194320368
2022,9,191886779
2022,6,191886780
2022,10,191886781
2022,6,188649801
2022,3,192441934
2022,6,188649811
2022,9,192021695
2022,6,192078611
2022,3,197549542
2022,6,188649818
2022,9,192613262
2022,9,192613263
2022,5,195136736
2022,6,188649822
2022,1,188649823
2022,9,192096117
2022,9,192096118
2022,6,192096119
2022,6,188649829
2022,6,188649830
2022,9,192510587
2022,9,194320375
2022,10,194320376
2022,9,194320378
2022,9,194320379
2022,9,192201721
2022,9,194320380
2022,9,194320383
2022,6,188649857
2022,9,192611836
2022,9,194320386
2022,9,194320387
2022,9,192616712
2022,9,194320390
2022,6,194320396
2022,9,194320401
2022,3,199439579
2022,6,189185394
2022,6,194320409
2022,9,194320419
2022,9,194320425
2022,1,197428862
2022,6,189185398
2022,6,189185415
2022,6,189185416
2022,6,189185417
2022,6,189185421
2022,6,189185425
2022,6,189185427
2022,9,194320428
2022,6,195175263
2022,9,194320443
2022,9,194320444
2022,9,197491539
2022,9,194320448
2022,9,194320450
2022,10,194320452
2022,6,194320457
2022,9,194320458
2022,9,194320461
2022,9,199439580
2022,9,194320468
2022,6,189185433
2022,6,189185436
2022,9,194320478
2022,9,194320479
2022,9,194320484
2022,9,194320486
2022,6,189185453
2022,9,194320492
2022,6,189185456
2022,8,194320493
2022,9,194320497
2022,9,194320505
2022,9,194320512
2022,6,194320515
2022,6,195638885
2022,9,194320525
2022,9,194320527
2022,9,194764325
2022,6,194764326
2022,9,195638886
2022,9,194320534
2022,9,194320535
2022,9,194320537
2022,9,202846613
2022,9,199976087
2022,6,189185472
2022,6,189185483
2022,6,189185484
2022,6,189185487
2022,6,189185494
2022,6,190701312
2022,6,190701315
2022,6,190701317
2022,6,190701323
2022,6,190701326
2022,6,190701331
2022,6,190701338
2022,6,190701345
2022,6,190701346
2022,6,190701350
2022,6,190701353
2022,6,190701355
2022,6,190701361
2022,6,190701372
2022,6,190701378
2022,6,190701383
2022,6,190701386
2022,6,194319440
2022,6,194319450
2022,6,199976089
2022,9,194320548
2022,6,194319498
2022,8,195638887
2022,6,195623569
2022,1,195902959
2022,9,195638888
2022,6,195623572
2022,9,194320556
2022,9,194320557
2022,9,194320558
2022,8,194764330
2022,9,194320568
2022,6,195623601
2022,6,195623603
2022,6,195623623
2022,9,194320570
2022,9,194320571
2022,6,194320581
2022,9,197066746
2022,6,195429552
2022,9,194320588
2022,9,194320590
2022,9,194320594
2022,9,194320595
2022,9,197066747
2022,8,196194639
2022,9,197428865
2022,9,195235262
2022,9,199318532
2022,6,199318533
2022,9,194720245
2022,9,201063093
2022,6,195136740
2022,6,177187029
2022,9,195136741
2022,9,195154028
2022,6,177187035
2022,6,199109653
2022,6,177187039
2022,6,177187040
2022,6,177187042
2022,6,177187058
2022,6,177187062
2022,6,177187079
2022,6,177187080
2022,6,177187093
2022,6,178371842
2022,6,178234909
2022,6,178234910
2022,6,177518408
2022,6,177518409
2022,6,177518411
2022,6,177518412
2022,9,194752759
2022,6,178053297
2022,9,195429555
2022,9,195115991
2022,6,178199351
2022,9,195161483
2022,6,178199354
2022,9,195638889
2022,6,178371844
2022,6,178371845
2022,9,195264412
2022,9,195429558
2022,9,195284115
2022,6,178391574
2022,1,196806369
2022,6,178391575
2022,9,197066748
2022,9,195284118
2022,9,195284120
2022,9,195429563
2022,9,196194640
2022,6,179103262
2022,6,179103265
2022,6,179103266
2022,6,197428869
2022,6,179378580
2022,6,179378586
2022,8,179378587
2022,9,195638892
2022,9,195429572
2022,9,195429573
2022,9,195987887
2022,9,195638894
2022,9,195429581
2022,9,195638895
2022,9,196194652
2022,1,202829372
2022,6,179993770
2022,9,176282763
2022,6,179993782
2022,6,181277049
2022,6,181277050
2022,6,181317766
2022,9,194322709
2022,9,176282765
2022,3,187128879
2022,6,187128880
2022,9,178068425
2022,9,184947246
2022,9,176169814
2022,8,176169815
2022,6,188655305
2022,9,177280024
2022,9,199972450
2022,9,176300737
2022,6,180253606
2022,6,180253607
2022,6,181442282
2022,6,181528109
2022,6,181419632
2022,6,181517086
2022,6,181419637
2022,6,181421918
2022,6,181520902
2022,6,178326004
2022,9,179705309
2022,6,179705310
2022,9,176892128
2022,9,179200955
2022,6,181528110
2022,6,179200957
2022,6,176581149
2022,9,176608000
2022,9,176608001
2022,9,176892129
2022,9,196855877
2022,9,177135731
2022,9,176709511
2022,9,176709512
2022,8,195346911
2022,9,187913025
2022,9,177083753
2022,9,177324929
2022,9,177258135
2022,9,177407020
2022,9,179559716
2022,9,177407021
2022,9,177533995
2022,4,177280027
2022,9,177762832
2022,9,178938349
2022,9,177553957
2022,9,178358714
2022,6,181517091
2022,6,182646525
2022,6,181626932
2022,6,181736348
2022,6,182646539
2022,6,182646550
2022,9,178938284
2022,9,177533997
2022,9,178961065
2022,6,182646569
2022,6,182646571
2022,5,179427043
2022,6,179427044
2022,6,179427045
2022,9,178068427
2022,6,182646582
2022,9,177762833
2022,9,181482918
2022,6,202753052
2022,6,202753053
2022,6,178210150
2022,9,178878686
2022,9,178243177
2022,9,179705315
2022,9,179705316
2022,6,179705317
2022,9,179025466
2022,9,179380346
2022,6,199880924
2022,9,178397238
2022,9,178326010
2022,9,179380347
2022,6,178961068
2022,7,201064179
2022,9,178379962
2022,9,179559717
2022,9,178878694
2022,9,180033045
2022,9,178809296
2022,9,178809297
2022,9,178938285
2022,3,201198447
2022,6,182646602
2022,6,182857459
2022,6,182857460
2022,6,182936567
2022,6,182936568
2022,6,182936570
2022,6,182936573
2022,8,183896163
2022,6,183953874
2022,6,183967275
2022,3,201198448
2022,6,184832626
2022,9,179025468
2022,6,183970963
2022,9,179993628
2022,6,179705326
2022,6,183990336
2022,6,179705327
2022,9,179025473
2022,9,179672016
2022,9,179238619
2022,6,184044086
2022,9,179238620
2022,9,179221299
2022,9,180033046
2022,9,179993633
2022,6,184126674
2022,6,184832631
2022,6,184832632
2022,6,184869250
2022,6,186333656
2022,6,185567000
2022,6,185584879
2022,9,181464686
2022,6,180883210
2022,6,186621230
2022,6,180883211
2022,6,181482919
2022,6,185631115
2022,6,181482920
2022,6,180883212
2022,6,180883213
2022,9,191807218
2022,6,185631127
2022,9,188519687
2022,9,188655306
2022,9,185928514
2022,6,198508836
2022,6,201028596
2022,6,181387873
2022,6,181408289
2022,6,185728516
2022,6,185728518
2022,6,186621238
2022,6,186702835
2022,6,186702836
2022,6,186970440
2022,6,187032623
2022,6,187037797
2022,6,181408290
2022,6,188027249
2022,6,180180355
2022,6,188027251
2022,6,187714998
2022,6,187717317
2022,6,188027252
2022,6,187717325
2022,6,187717326
2022,6,187741041
2022,6,187741043
2022,6,187741048
2022,6,188006929
2022,6,188006935
2022,6,188009960
2022,6,188009961
2022,6,188418615
2022,6,190118498
2022,6,181482921
2022,6,181482922
2022,3,180180360
2022,6,188809749
2022,9,180180362
2022,9,181312123
2022,9,201506043
2022,9,181312127
2022,9,182646193
2022,9,181449872
2022,6,190118517
2022,6,189459521
2022,6,189459527
2022,6,190118525
2022,6,189823330
2022,6,189823331
2022,6,190233278
2022,6,190233283
2022,6,190233285
2022,6,190233287
2022,6,191265410
2022,9,181319533
2022,9,180573816
2022,6,191265413
2022,9,181387875
2022,1,181440170
2022,6,181424497
2022,6,181424498
2022,9,181387876
2022,6,185704682
2022,9,181449874
2022,6,190959226
2022,9,182646195
2022,9,181764556
2022,9,181534320
2022,6,181530143
2022,9,181534322
2022,9,181528048
2022,9,181534323
2022,6,194322715
2022,6,194322716
2022,8,181586069
2022,9,181586070
2022,9,182646200
2022,9,183073818
2022,9,182880583
2022,9,182880584
2022,9,182780546
2022,9,182780547
2022,9,182646202
2022,9,181534324
2022,9,181534325
2022,9,181606211
2022,6,192017308
2022,9,182646206
2022,9,201064182
2022,6,201064183
2022,6,181664366
2022,6,192059177
2022,9,182646210
2022,1,182646212
2022,11,181748950
2022,9,181764560
2022,9,194322718
2022,9,182646215
2022,9,182646218
2022,6,194322952
2022,6,194322953
2022,9,182646219
2022,9,182646222
2022,6,201516670
2022,9,182646226
2022,6,194322964
2022,9,182646227
2022,9,182646230
2022,9,182646231
2022,8,182646232
2022,9,202951611
2022,9,183895876
2022,9,182656021
2022,9,187101651
2022,9,183669619
2022,6,194322991
2022,6,183669621
2022,6,183669622
2022,9,182646253
2022,6,194323003
2022,9,183073819
2022,9,183387691
2022,9,183741298
2022,6,201064185
2022,6,201064186
2022,6,183895877
2022,6,195132098
2022,9,182708798
2022,6,195132102
2022,9,182912383
2022,6,194323039
2022,9,185928515
2022,6,194323040
2022,9,183387693
2022,6,194323042
2022,9,182708799
2022,9,183158824
2022,9,182780557
2022,9,182794624
2022,9,183073821
2022,9,183928191
2022,6,183895878
2022,6,199177849
2022,9,182880594
2022,9,183047638
2022,9,183741303
2022,9,182938788
2022,9,182944887
2022,6,195132107
2022,6,195132108
2022,9,183218003
2022,6,194323086
2022,9,183152891
2022,9,183687096
2022,9,183387694
2022,9,183218008
2022,9,183710996
2022,6,195110693
2022,6,195110697
2022,6,195132118
2022,6,195452567
2022,6,195452571
2022,6,196142471
2022,6,183710997
2022,9,183218009
2022,6,187623516
2022,6,187623517
2022,9,183732175
2022,9,183960263
2022,9,183928193
2022,9,184342922
2022,6,196822707
2022,9,188823448
2022,9,184417092
2022,9,183710999
2022,9,183960267
2022,9,183892736
2022,9,183741306
2022,9,183741308
2022,6,195346914
2022,9,183741309
2022,9,184172618
2022,9,185517469
2022,9,183928199
2022,9,183960279
2022,9,184392109
2022,9,183960280
2022,9,184172619
2022,9,184047350
2022,9,185429583
2022,9,184417095
2022,9,184302079
2022,9,184280492
2022,9,188878962
2022,6,197882156
2022,6,181281266
2022,6,181455860
2022,10,185820644
2022,9,185551283
2022,9,184047356
2022,9,184947250
2022,9,184087428
2022,9,184087429
2022,9,184280494
2022,9,185429588
2022,6,181660179
2022,9,190048667
2022,9,184280043
2022,6,186678729
2022,6,186678730
2022,9,186687569
2022,9,184255954
2022,9,184516775
2022,9,198406869
2022,9,185429590
2022,9,186678735
2022,9,185594674
2022,9,185434105
2022,9,187225082
2022,9,190408734
2022,9,185434106
2022,9,184516778
2022,6,187217133
2022,9,184417102
2022,6,184233489
2022,9,184838567
2022,9,185594675
2022,9,191835914
2022,9,186687571
2022,9,185517475
2022,6,184836229
2022,9,185704693
2022,6,186066958
2022,9,185198451
2022,9,186704444
2022,9,187101652
2022,9,185516535
2022,9,185444920
2022,9,185835895
2022,9,186684734
2022,6,186346954
2022,9,186687576
2022,9,186687578
2022,9,185659539
2022,9,186687579
2022,9,192021696
2022,6,187741063
2022,9,194322725
2022,6,199880926
2022,9,187913026
2022,9,187724376
2022,9,187225083
2022,9,187128885
2022,9,187041234
2022,6,187982907
2022,6,188009972
2022,6,186281286
2022,6,199925114
2022,9,192554246
2022,6,187441159
2022,9,187225084
2022,9,187128886
2022,9,189249766
2022,9,186669725
2022,9,187027403
2022,9,191824181
2022,9,187285042
2022,6,187041236
2022,9,188823452
2022,9,186909333
2022,6,188830499
2022,6,189060372
2022,9,187724378
2022,9,187360301
2022,9,187217135
2022,9,187101654
2022,9,188823454
2022,6,189103901
2022,6,191012753
2022,6,191012754
2022,6,191053899
2022,6,191012758
2022,6,191053905
2022,6,191352085
2022,6,191880324
2022,6,194323361
2022,9,191111822
2022,6,191111823
2022,9,188823455
2022,6,194323373
2022,6,194323392
2022,9,188823456
2022,6,197456665
2022,6,196176388
2022,9,187340112
2022,9,196432410
2022,6,197137867
2022,6,197137870
2022,6,188823457
2022,6,197185151
2022,9,187523524
2022,2,188823459
2022,9,188800442
2022,6,182901293
2022,6,182901304
2022,6,182901309
2022,6,182901335
2022,6,182901389
2022,6,182901391
2022,6,184228304
2022,8,188823461
2022,9,187524741
2022,9,188800443
2022,6,187647769
2022,6,187647770
2022,6,187647771
2022,6,187647772
2022,6,187647777
2022,6,187647778
2022,6,187647789
2022,6,190580836
2022,9,187635398
2022,9,187635399
2022,9,187523525
2022,6,194323416
2022,6,194323421
2022,1,188800447
2022,9,187524742
2022,6,189000920
2022,9,188823464
2022,9,188800448
2022,9,187524743
2022,6,188655311
2022,9,188655312
2022,6,188655313
2022,9,188823466
2022,5,195373091
2022,6,178659936
2022,6,178659938
2022,6,183970981
2022,6,183970982
2022,6,183970984
2022,6,183978892
2022,6,183978899
2022,6,185487650
2022,6,185487651
2022,6,185487652
2022,6,185487654
2022,6,185487662
2022,6,186684738
2022,6,186684739
2022,6,186684744
2022,6,186684745
2022,6,188649890
2022,6,188649891
2022,6,190449496
2022,6,190449501
2022,9,188800449
2022,6,194323333
2022,9,187649609
2022,6,194323337
2022,9,188830500
2022,6,195132131
2022,9,188823468
2022,9,188104117
2022,6,195132133
2022,9,187913034
2022,9,199766918
2022,9,188038607
2022,9,188823470
2022,6,197176872
2022,6,189962562
2022,6,189962586
2022,9,197206418
2022,6,190777955
2022,2,188823472
2022,9,196499621
2022,9,188796605
2022,9,188878967
2022,9,188830503
2022,6,189000921
2022,9,188125150
2022,9,189060885
2022,2,188878969
2022,9,188655316
2022,6,189000926
2022,9,188760251
2022,9,200994806
2022,9,200994807
2022,6,200994809
2022,9,202027980
2022,6,189962607
2022,9,188796607
2022,9,188788210
2022,9,188796608
2022,9,188890913
2022,9,190408739
2022,9,190745400
2022,9,189263725
2022,9,189000932
2022,9,190230268
2022,9,189197176
2022,9,189401892
2022,6,190230269
2022,9,189161470
2022,9,189263727
2022,9,190408741
2022,6,189401895
2022,6,182800750
2022,6,189401896
2022,9,190230272
2022,9,189990846
2022,9,189423770
2022,6,182648662
2022,6,190408742
2022,9,190238740
2022,9,189848018
2022,6,182648675
2022,9,189848020
2022,9,200801157
2022,9,182800757
2022,9,200994810
2022,9,189848021
2022,9,191111828
2022,6,182800760
2022,9,191824185
2022,1,191878607
2022,6,191859053
2022,6,191859054
2022,9,190281721
2022,2,191824187
2022,9,190285303
2022,9,190573680
2022,9,190453917
2022,6,195235275
2022,6,195235276
2022,9,191807219
2022,9,194322732
2022,6,194322733
2022,9,194322736
2022,9,194322737
2022,9,191791115
2022,9,191791116
2022,9,190630436
2022,9,190707509
2022,6,182857616
2022,6,183153008
2022,9,191878609
2022,9,191886784
2022,9,190769832
2022,9,196432411
2022,9,190777961
2022,9,191001079
2022,9,191659877
2022,9,190745409
2022,9,196499622
2022,9,192457690
2022,6,183209784
2022,6,183209788
2022,6,183209789
2022,6,184304504
2022,9,192078613
2022,9,191835918
2022,6,184304509
2022,9,191659882
2022,9,191130187
2022,6,184304517
2022,9,194322741
2022,9,191659883
2022,8,192201723
2022,9,191886785
2022,9,191807223
2022,9,194322742
2022,9,194322743
2022,9,192078614
2022,9,192613266
2022,6,192613267
2022,9,191130189
2022,9,195466582
2022,9,191835919
2022,9,191886788
2022,8,192457699
2022,10,191886789
2022,9,192078617
2022,9,191872264
2022,9,191872265
2022,9,192457702
2022,9,191875230
2022,6,194322750
2022,8,191886790
2022,9,191875231
2022,9,192457703
2022,9,192078618
2022,9,192493370
2022,9,192493371
2022,9,200829791
2022,6,200829792
2022,9,192171343
2022,9,192096124
2022,9,192201724
2022,6,192614110
2022,6,194322761
2022,6,194322762
2022,6,194322763
2022,9,192201725
2022,6,192201726
2022,9,194322764
2022,6,192441939
2022,9,192187467
2022,9,194322765
2022,9,195115992
2022,9,196855880
2022,9,192611845
2022,6,196806378
2022,9,196806379
2022,6,194322770
2022,9,192510599
2022,9,192611846
2022,9,194322778
2022,6,194322779
2022,9,192614111
2022,9,194322780
2022,9,194322782
2022,9,194322784
2022,9,194322787
2022,9,194322789
2022,9,194322792
2022,9,194322794
2022,6,185441700
2022,9,194322795
2022,6,185567005
2022,9,194322796
2022,9,194322799
2022,6,194322801
2022,6,194322802
2022,9,194322808
2022,9,195763837
2022,9,194322810
2022,9,194322818
2022,9,194322819
2022,9,194322820
2022,9,194322823
2022,9,194322824
2022,1,194322825
2022,6,194322829
2022,9,195763839
2022,9,194322837
2022,9,194322842
2022,6,185728520
2022,9,197213852
2022,9,194322849
2022,6,185728527
2022,6,185728528
2022,9,194322855
2022,6,194322858
2022,9,194322859
2022,9,194322863
2022,9,197428893
2022,6,187355648
2022,6,190118538
2022,6,190677982
2022,6,190677988
2022,6,190717256
2022,6,190717257
2022,6,190717270
2022,6,190717272
2022,6,190859806
2022,6,190859807
2022,9,194322875
2022,9,194322880
2022,9,197757424
2022,6,192493462
2022,6,192493463
2022,6,194326347
2022,6,194326354
2022,6,194326369
2022,6,194326451
2022,6,197757425
2022,6,197757426
2022,9,202027981
2022,6,197015418
2022,6,195987908
2022,9,195943636
2022,6,194764337
2022,9,194322898
2022,9,194322899
2022,9,195943637
2022,9,195964395
2022,6,199109668
2022,6,195154042
2022,6,195154043
2022,9,194322905
2022,9,196621848
2022,9,195429588
2022,9,194322909
2022,9,200562961
2022,9,196983519
2022,9,194322910
2022,9,195375246
2022,9,195161493
2022,9,194720254
2022,6,194720255
2022,6,195154044
2022,9,198406872
2022,6,194720258
2022,9,195161494
2022,9,195136746
2022,9,202092507
2022,9,196983520
2022,9,196983522
2022,9,194744825
2022,9,194764342
2022,11,194764343
2022,9,199582719
2022,6,195638923
2022,6,195638924
2022,9,196983524
2022,9,195346915
2022,6,195429589
2022,9,195375247
2022,9,195873389
2022,9,197176800
2022,9,195429590
2022,9,195358938
2022,6,189361281
2022,9,195466584
2022,9,195429591
2022,9,198949987
2022,6,189361302
2022,6,198949988
2022,6,189425562
2022,9,177552649
2022,6,197185178
2022,6,190041143
2022,6,190041148
2022,6,190403840
2022,6,190539204
2022,6,190539205
2022,6,190539206
2022,6,190771412
2022,6,191824384
2022,6,191878645
2022,12,191878649
2022,6,192457783
2022,6,192457787
2022,1,194326476
2022,6,194326478
2022,9,177552651
2022,9,184044029
2022,6,194326493
2022,6,194326494
2022,6,201336873
2022,6,194326510
2022,6,194326531
2022,6,194326532
2022,6,194326552
2022,6,194326553
2022,6,194326577
2022,6,197185181
2022,6,195417642
2022,9,177552654
2022,9,178876257
2022,9,188034583
2022,9,177552660
2022,9,180314992
2022,6,181520904
2022,6,181520916
2022,6,182648962
2022,9,177552662
2022,9,177552667
2022,6,177552668
2022,9,186333574
2022,9,177552671
2022,9,177552677
2022,9,177552678
2022,9,181528049
2022,9,177552686
2022,6,177552689
2022,9,177552691
2022,6,177552694
2022,9,177552695
2022,9,177552696
2022,6,178060971
2022,9,177552703
2022,6,177552707
2022,9,178060973
2022,8,184087900
2022,9,178060977
2022,9,177552709
2022,9,177552710
2022,9,177552711
2022,9,178293855
2022,9,178060982
2022,9,177552718
2022,9,177552722
2022,11,182981984
2022,9,177552724
2022,9,183152899
2022,9,181528050
2022,6,178060985
2022,9,178391534
2022,9,178391535
2022,9,178876260
2022,9,178391541
2022,9,178391542
2022,9,179196363
2022,9,178960513
2022,9,178876265
2022,9,179196365
2022,9,178876267
2022,9,179196375
2022,1,178960517
2022,9,179381324
2022,9,181421850
2022,9,181317752
2022,9,180024363
2022,9,180024365
2022,9,180024367
2022,6,188827000
2022,9,179613088
2022,9,180914084
2022,9,187336443
2022,9,179381344
2022,6,187433794
2022,9,179613089
2022,6,180024370
2022,9,180314995
2022,6,188827005
2022,6,189185503
2022,9,181421851
2022,9,182646742
2022,6,189185507
2022,9,201330804
2022,6,201330805
2022,9,181421852
2022,9,180314997
2022,9,180914105
2022,9,181421858
2022,1,184044033
2022,6,194327162
2022,9,181421862
2022,9,185202175
2022,3,185202176
2022,6,181455819
2022,8,182646750
2022,9,181421875
2022,9,201865971
2022,9,181421881
2022,8,181421882
2022,9,189193571
2022,6,196176391
2022,9,181660122
2022,9,181660125
2022,9,182646763
2022,9,182646765
2022,2,181660127
2022,9,188906580
2022,9,182646775
2022,9,182646776
2022,9,181660131
2022,9,181660134
2022,9,188418550
2022,9,182646778
2022,9,182646782
2022,9,182646785
2022,9,185838444
2022,1,182646790
2022,9,182646795
2022,9,182646799
2022,9,183450553
2022,9,182646803
2022,9,185441643
2022,9,182646806
2022,9,182646807
2022,9,201330852
2022,8,184289043
2022,9,185441644
2022,9,182857514
2022,6,182703277
2022,6,182703279
2022,9,182857518
2022,6,182857519
2022,9,183705269
2022,9,201336904
2022,6,187638831
2022,6,189277104
2022,6,190717280
2022,6,192776378
2022,8,182982008
2022,6,179993867
2022,1,185441646
2022,6,185441647
2022,6,185441648
2022,9,183152903
2022,6,179993935
2022,9,184087906
2022,6,179993953
2022,9,183705272
2022,9,183450559
2022,9,183450560
2022,6,181577038
2022,9,184044035
2022,6,181577039
2022,9,183897950
2022,9,183705279
2022,6,181577053
2022,9,183705280
2022,9,184044039
2022,6,181577060
2022,9,194323446
2022,9,183705283
2022,8,192775699
2022,9,183705284
2022,9,184087910
2022,6,182857682
2022,6,182857697
2022,9,185441651
2022,9,183897955
2022,9,183953831
2022,6,182857713
2022,9,184044042
2022,9,184231853
2022,9,185838446
2022,9,185441652
2022,6,184231998
2022,9,185441653
2022,9,183953833
2022,6,184232000
2022,9,184289044
2022,9,194323447
2022,6,184232005
2022,6,184232006
2022,9,199568936
2022,6,184232008
2022,6,184232011
2022,6,184232027
2022,6,184232030
2022,6,185776615
2022,6,185776621
2022,9,184087912
2022,9,185441657
2022,9,185126226
2022,9,184231855
2022,9,184810610
2022,9,184289049
2022,9,184289050
2022,9,184810614
2022,2,201590496
2022,9,185126231
2022,9,185441658
2022,9,185126232
2022,9,184392131
2022,6,184392132
2022,9,185126233
2022,9,184810619
2022,6,196992458
2022,9,197185070
2022,8,201330899
2022,9,185441662
2022,9,189193576
2022,9,186333576
2022,9,185566979
2022,6,187897323
2022,9,185838453
2022,6,201330910
2022,6,201330911
2022,9,186333581
2022,9,187012677
2022,9,187012678
2022,9,185838459
2022,6,185776631
2022,9,186698547
2022,9,186333582
2022,8,186333583
2022,9,186698548
2022,9,186333584
2022,9,186333585
2022,6,186333588
2022,6,185776658
2022,6,188006941
2022,6,188006943
2022,9,187897326
2022,6,188006944
2022,6,201524462
2022,6,188006956
2022,6,188006959
2022,6,189234278
2022,6,189234281
2022,6,189234283
2022,6,189234286
2022,6,189234293
2022,6,189234296
2022,6,189234329
2022,6,190600478
2022,6,190600490
2022,6,190600505
2022,6,190600517
2022,3,190600520
2022,6,192326445
2022,6,192326455
2022,6,192326459
2022,6,192326473
2022,6,192326481
2022,6,192326483
2022,6,192326491
2022,6,192326495
2022,6,194328810
2022,6,194328833
2022,6,195417649
2022,6,195417671
2022,9,187336449
2022,9,187012681
2022,11,188418556
2022,9,192493375
2022,9,187433800
2022,9,187336453
2022,6,187336454
2022,1,199856516
2022,9,188418558
2022,9,199568937
2022,10,187631164
2022,9,189267220
2022,9,188034584
2022,9,188666934
2022,6,201336937
2022,6,178234964
2022,6,178313230
2022,6,178313233
2022,6,178313264
2022,6,178235008
2022,6,188809665
2022,9,188906581
2022,9,187897338
2022,1,188418561
2022,8,188034587
2022,9,187897339
2022,6,187897340
2022,6,201865972
2022,9,188418564
2022,6,178235066
2022,9,188418566
2022,9,188906583
2022,6,178235090
2022,9,188809675
2022,9,189267222
2022,9,188906584
2022,6,179205866
2022,6,179205881
2022,6,179550467
2022,6,179550490
2022,2,188906585
2022,9,192493376
2022,6,182652483
2022,6,190623308
2022,6,190623309
2022,9,189054556
2022,6,189054557
2022,9,188906587
2022,7,201330925
2022,9,189193586
2022,9,190043859
2022,9,189267225
2022,9,189365966
2022,6,182652596
2022,6,182652598
2022,9,194323457
2022,9,201590497
2022,6,183907191
2022,6,183907219
2022,6,185432888
2022,9,202130830
2022,9,190233169
2022,9,189428978
2022,6,185432901
2022,9,190233170
2022,9,189428981
2022,6,185432937
2022,6,185432965
2022,6,185432996
2022,6,185433048
2022,9,202632039
2022,6,186686816
2022,6,186686826
2022,6,186686860
2022,6,186686865
2022,6,201330942
2022,6,186686941
2022,6,186686948
2022,9,190717165
2022,6,187897496
2022,6,187897498
2022,9,192493377
2022,9,190043863
2022,9,190043864
2022,9,195343088
2022,6,195343089
2022,6,190043868
2022,9,190623317
2022,9,191880245
2022,6,191880246
2022,9,190233175
2022,9,199568939
2022,10,191012654
2022,9,190773069
2022,6,192493378
2022,6,187897604
2022,6,187897612
2022,6,192493379
2022,9,190717175
2022,9,190623320
2022,9,199175318
2022,1,201336981
2022,9,194323462
2022,6,187897662
2022,6,190773073
2022,6,187897694
2022,6,187897709
2022,6,187897742
2022,6,187911479
2022,6,187911503
2022,6,191880248
2022,10,190773074
2022,9,192087481
2022,9,191351731
2022,9,192775701
2022,8,190773075
2022,6,190416956
2022,6,190417003
2022,6,190417011
2022,6,190417026
2022,6,190417035
2022,9,191012661
2022,9,201336992
2022,9,191012662
2022,6,192198171
2022,6,201337012
2022,6,192326537
2022,9,194323464
2022,6,192326548
2022,9,191831229
2022,6,192326560
2022,6,194323468
2022,6,192326561
2022,9,192198172
2022,9,192087489
2022,9,192087491
2022,6,199568940
2022,11,199075723
2022,6,192198226
2022,6,192198282
2022,6,199568941
2022,6,194756184
2022,6,194756185
2022,6,194756187
2022,6,192775709
2022,6,199568942
2022,6,194756194
2022,6,194756228
2022,6,194756251
2022,6,194756285
2022,6,194756297
2022,10,192087492
2022,9,194323485
2022,6,194756335
2022,6,194756336
2022,9,192493386
2022,6,194756337
2022,9,194323489
2022,9,194323490
2022,9,194323493
2022,9,200186422
2022,9,194323495
2022,9,199568943
2022,9,194323498
2022,9,194323500
2022,9,194323501
2022,8,194756100
2022,1,199075725
2022,6,194756394
2022,9,194323507
2022,9,194323510
2022,6,194323513
2022,3,194323520
2022,6,194323520
2022,9,194323521
2022,10,199568944
2022,9,194323522
2022,9,194323523
2022,6,194323529
2022,9,195623437
2022,6,195149948
2022,9,195343101
2022,9,195373018
2022,9,194323539
2022,9,194323544
2022,9,195623439
2022,9,194756111
2022,9,194756112
2022,9,194323548
2022,9,194323549
2022,6,194323550
2022,9,194323551
2022,9,196176397
2022,9,197411927
2022,6,194763139
2022,6,194763192
2022,6,194763199
2022,9,194756124
2022,6,195149950
2022,9,194756128
2022,9,195623441
2022,9,195881281
2022,5,195343110
2022,6,195343111
2022,9,195881284
2022,9,195373021
2022,6,195373024
2022,6,195373025
2022,9,195623445
2022,6,197411928
2022,9,195881286
2022,9,179640658
2022,9,179705339
2022,6,194328839
2022,6,194328840
2022,9,182905790
2022,9,179705360
2022,9,180033053
2022,6,194763201
2022,6,194763274
2022,6,195373135
2022,9,195373148
2022,6,195373173
2022,6,195373189
2022,6,195373196
2022,9,179705364
2022,9,179705371
2022,9,180108657
2022,6,195373231
2022,6,195373235
2022,9,180108658
2022,6,186621032
2022,9,181605162
2022,9,181454605
2022,6,195373253
2022,9,181454606
2022,9,181477528
2022,6,195373275
2022,6,195446791
2022,6,195446801
2022,6,195446806
2022,6,195446808
2022,6,195446809
2022,6,195446811
2022,6,195446814
2022,6,196938595
2022,6,196938603
2022,6,182653287
2022,6,182653290
2022,6,182653292
2022,6,182653310
2022,6,182653313
2022,9,181476437
2022,6,182653317
2022,9,182649900
2022,6,194328841
2022,6,182857867
2022,9,198429757
2022,8,182649905
2022,9,182649906
2022,9,183953834
2022,6,183990341
2022,9,184231859
2022,9,182988522
2022,9,183158837
2022,9,183209883
2022,9,183953835
2022,6,184337430
2022,9,183967254
2022,9,184086551
2022,9,194328847
2022,6,186333668
2022,9,184087434
2022,9,184172629
2022,6,186333673
2022,9,184172630
2022,9,185434117
2022,6,187715010
2022,6,185434119
2022,9,185836915
2022,9,185594679
2022,9,187041238
2022,6,188027262
2022,9,187390655
2022,6,188096074
2022,9,187128889
2022,9,187041241
2022,6,189234337
2022,9,187311015
2022,9,187390656
2022,9,187340114
2022,9,187352070
2022,9,187714941
2022,9,190438017
2022,9,187913039
2022,6,189425571
2022,9,188125152
2022,9,188760255
2022,9,188655317
2022,9,188519697
2022,9,188423884
2022,6,190564892
2022,9,188655318
2022,9,188890915
2022,6,190623399
2022,6,189371751
2022,6,189371752
2022,6,189371753
2022,9,189249768
2022,6,190677993
2022,1,189265570
2022,6,189265570
2022,6,192753252
2022,6,194333532
2022,9,189971938
2022,6,195623634
2022,9,190129679
2022,9,189990847
2022,9,190285305
2022,9,190438018
2022,9,195115993
2022,9,190707511
2022,9,190573692
2022,9,190777965
2022,6,182654257
2022,6,182654292
2022,9,194328850
2022,9,191111851
2022,9,191859072
2022,9,191886792
2022,6,186377471
2022,6,186377500
2022,6,189313752
2022,9,192201732
2022,9,192184207
2022,9,192441940
2022,9,194328853
2022,6,194328856
2022,9,194328857
2022,8,194764345
2022,9,194764346
2022,9,194764347
2022,6,199501388
2022,9,195366505
2022,9,195358940
2022,9,199790889
2022,8,188034604
2022,6,188418582
2022,6,188418583
2022,6,188514269
2022,6,188514270
2022,14,188780353
2022,6,194334098
2022,6,194334103
2022,6,194334131
2022,6,188809693
2022,6,195878866
2022,6,195878868
2022,6,188809694
2022,3,188886942
2022,3,188886943
2022,6,189047814
2022,6,189047815
2022,6,189047816
2022,6,199533225
2022,6,180180408
2022,6,195774278
2022,6,180180412
2022,6,180180433
2022,9,180180437
2022,6,180180442
2022,6,181604379
2022,6,181604381
2022,6,181604383
2022,6,181604385
2022,6,189768438
2022,6,181604387
2022,6,189768439
2022,6,189823236
2022,6,189823237
2022,6,190719971
2022,6,182654875
2022,6,183210117
2022,6,183210126
2022,6,190719972
2022,6,190719975
2022,6,190767892
2022,6,184289295
2022,6,184289299
2022,6,186207360
2022,6,187860159
2022,6,187860163
2022,6,187860174
2022,6,189249779
2022,6,190674428
2022,6,190674429
2022,6,190674436
2022,6,192493470
2022,6,192493472
2022,6,192493491
2022,6,192493493
2022,6,194334731
2022,6,194334737
2022,6,195366517
2022,6,195366519
2022,6,195366521
2022,6,195366522
2022,6,195366524
2022,6,195366527
2022,6,190767893
2022,6,190767904
2022,6,184228314
2022,6,184228322
2022,6,184228346
2022,6,184228347
2022,6,186684754
2022,6,186684764
2022,6,184285106
2022,6,184285107
2022,6,184285109
2022,6,186309726
2022,6,186309743
2022,6,199533229
2022,6,199533230
2022,6,191265379
2022,6,192425779
2022,6,187645075
2022,6,187645077
2022,6,187800858
2022,6,192434133
2022,6,194334176
2022,6,194334180
2022,6,194334182
2022,6,194334193
2022,6,194334198
2022,6,196152684
2022,6,189277120
2022,6,190863988
2022,6,190863997
2022,6,192195898
2022,6,195964442
2022,6,195964457
2022,6,196152719
2022,6,195964459
2022,6,195964466
2022,6,196152738
2022,2,199476855
2022,6,195964484
2022,6,176570287
2022,6,181577068
2022,6,185487666
2022,6,176570288
2022,6,177255348
2022,6,177255349
2022,6,177255352
2022,6,177518370
2022,6,177518373
2022,6,177518374
2022,6,177532740
2022,6,177532741
2022,6,177534003
2022,6,179095742
2022,6,182655007
2022,6,179590033
2022,6,179625737
2022,6,179625738
2022,6,179625740
2022,6,180253566
2022,6,180382481
2022,6,180382484
2022,6,180382485
2022,6,181528054
2022,6,181528055
2022,6,181528061
2022,6,181549587
2022,6,182655013
2022,6,182912473
2022,6,182912475
2022,6,182912477
2022,6,183685691
2022,6,188977884
2022,6,183685692
2022,6,183664554
2022,6,183664555
2022,6,188977885
2022,6,183693186
2022,6,184087916
2022,6,184810626
2022,6,186678768
2022,6,186678769
2022,6,186693322
2022,6,186693324
2022,6,187377679
2022,6,188046524
2022,6,188977864
2022,3,189185381
2022,6,189185381
2022,6,195148395
2022,6,195148397
2022,6,195148398
2022,6,189277052
2022,6,190416806
2022,6,190533310
2022,6,190533311
2022,6,190561559
2022,6,189342088
2022,6,190561560
2022,6,190561564
2022,6,194335754
2022,6,190122481
2022,6,194335755
2022,6,194335776
2022,6,194335783
2022,6,194335795
2022,6,194335798
2022,6,195199616
2022,9,191880261
2022,2,194334713
2022,8,195623454
2022,6,198940679
2022,6,182643190
2022,6,182643204
2022,6,184502991
2022,6,185839023
2022,9,185839024
2022,8,190578242
2022,6,192187473
2022,6,192187474
2022,6,194315235
2022,6,194744832
2022,9,196144103
2022,9,196144105
2022,6,195135081
2022,6,189001661
2022,6,191265439
2022,6,191265467
2022,6,198378219
2022,6,190248120
2022,6,198378232
2022,6,190248146
2022,6,190248175
2022,6,190732984
2022,6,194317335
2022,6,195369089
2022,9,176608005
2022,6,182648916
2022,6,182648920
2022,6,185487669
2022,8,176608006
2022,9,176608008
2022,9,176608009
2022,9,176608011
2022,9,178198298
2022,6,184243935
2022,6,185783748
2022,6,185783761
2022,6,185783781
2022,6,185783787
2022,6,185783790
2022,6,186684769
2022,9,178198304
2022,9,178371772
2022,9,178371773
2022,9,178936351
2022,9,178936352
2022,9,178957136
2022,9,178957139
2022,9,182644152
2022,6,189277152
2022,9,182644153
2022,6,189277215
2022,6,190701438
2022,6,190701442
2022,9,182644154
2022,9,182644155
2022,9,182644156
2022,9,182644159
2022,9,182644163
2022,6,190701491
2022,8,185126247
2022,6,190701509
2022,9,184228260
2022,9,182644175
2022,8,185126262
2022,9,189234221
2022,6,192776514
2022,6,194326963
2022,6,192150154
2022,6,182982145
2022,6,192279636
2022,6,186377314
2022,6,185672940
2022,8,185672940
2022,6,192195918
2022,6,192195919
2022,6,198453178
2022,6,198453179
2022,8,198453179
2022,6,192195920
2022,6,192195921
2022,6,198453181
2022,6,198453182
2022,6,185672945
2022,6,192326604
2022,6,192326606
2022,3,186207385
2022,6,186207385
2022,8,186207385
2022,6,186207386
2022,8,186207386
2022,1,186879943
2022,1,189234223
2022,9,189266263
2022,6,187279661
2022,6,198453183
2022,6,198453184
2022,6,187279662
2022,8,187279662
2022,6,187279663
2022,8,187279663
2022,12,198453186
2022,6,198453187
2022,6,198453188
2022,6,192457804
2022,8,192457804
2022,6,192409633
2022,6,192409637
2022,6,198453189
2022,6,198453190
2022,6,192457809
2022,6,192457810
2022,6,192457818
2022,6,192457820
2022,6,192457821
2022,8,192457821
2022,6,192457823
2022,6,199306837
2022,8,199306837
2022,3,198453192
2022,6,198453192
2022,3,198453193
2022,6,198453193
2022,6,198453194
2022,6,192554310
2022,9,189266271
2022,6,188647483
2022,6,188800450
2022,9,190623321
2022,6,198453199
2022,6,198453200
2022,6,192597429
2022,6,188418626
2022,9,189459447
2022,6,194318741
2022,6,188418627
2022,8,188418627
2022,6,188418628
2022,8,188418628
2022,6,188743091
2022,8,194318754
2022,6,192597447
2022,9,196945472
2022,3,189842834
2022,6,188743106
2022,6,194327725
2022,8,194327725
2022,6,198453205
2022,6,198453206
2022,8,198453206
2022,6,188906604
2022,8,188906604
2022,6,198453207
2022,6,198453208
2022,8,189047883
2022,6,188906608
2022,3,198453210
2022,6,194327745
2022,8,194327745
2022,6,194327746
2022,8,194327746
2022,6,194327750
2022,6,198983435
2022,6,190701098
2022,6,189054572
2022,6,198453211
2022,8,198453211
2022,6,198453212
2022,8,198453212
2022,6,192425782
2022,1,183461157
2022,6,194327759
2022,6,189234342
2022,6,194327762
2022,6,189823343
2022,6,194327763
2022,8,194327763
2022,6,194327773
2022,6,189425581
2022,8,189425581
2022,6,189425582
2022,5,188046526
2022,9,181584768
2022,6,190561575
2022,6,190561576
2022,6,190122499
2022,6,198453214
2022,6,198453215
2022,6,194327809
2022,6,194327827
2022,6,182644374
2022,6,182800691
2022,5,184082016
2022,5,185205227
2022,6,199174859
2022,6,185205229
2022,6,199174860
2022,6,185631031
2022,6,185919990
2022,6,194327834
2022,8,194327834
2022,9,190863878
2022,6,194327839
2022,6,194327840
2022,6,190561585
2022,6,194327854
2022,6,194327855
2022,6,194327861
2022,6,199174862
2022,2,192160798
2022,6,194327882
2022,6,194327883
2022,6,178210798
2022,6,199174864
2022,8,199174864
2022,6,199174865
2022,8,199174865
2022,6,194327893
2022,6,194327894
2022,8,194327894
2022,6,194756446
2022,6,199174868
2022,6,199174869
2022,3,195218526
2022,6,195150011
2022,6,195218532
2022,6,195218533
2022,8,199174871
2022,6,195623641
2022,6,195623642
2022,6,195623647
2022,2,184128353
2022,6,195764285
2022,8,195764285
2022,6,199174873
2022,6,199174874
2022,6,199174875
2022,6,195764307
2022,6,195764309
2022,6,196688213
2022,6,196688214
2022,8,199175365
2022,6,197015442
2022,6,197015443
2022,6,197015445
2022,6,197015446
2022,6,197015448
2022,6,199175366
2022,8,199175366
2022,6,197020128
2022,6,197020133
2022,8,197020133
2022,6,184128362
2022,6,184128364
2022,8,184128364
2022,7,184243805
2022,1,184243810
2022,6,184296496
2022,8,184296496
2022,6,184339658
2022,6,177182906
2022,8,177182906
2022,1,184339659
2022,2,184339667
2022,6,187309239
2022,6,179500784
2022,6,179641118
2022,8,179641118
2022,6,179641119
2022,6,179641125
2022,6,181277061
2022,6,181277062
2022,6,181277068
2022,6,181277072
2022,8,181277072
2022,6,181277073
2022,8,181277073
2022,6,181277076
2022,8,181277076
2022,6,181277080
2022,8,181277080
2022,12,181277088
2022,6,181277091
2022,6,181277092
2022,6,181277097
2022,6,181277099
2022,6,181277104
2022,6,181277105
2022,6,181277107
2022,6,199754630
2022,1,190235668
2022,6,181293435
2022,8,181293436
2022,6,181293442
2022,6,190279755
2022,1,190233291
2022,6,190041158
2022,6,190279756
2022,6,190577117
2022,6,190577120
2022,6,190577121
2022,9,190043894
2022,6,190578253
2022,6,190043895
2022,1,190118545
2022,8,190118553
2022,6,187645078
2022,9,190179536
2022,6,190230303
2022,6,190179542
2022,6,190179545
2022,6,190230305
2022,6,190230306
2022,6,190230308
2022,6,190600552
2022,3,191265468
2022,6,194331504
2022,6,194331505
2022,7,183044727
2022,6,183737621
2022,6,190580345
2022,6,190580349
2022,6,191870999
2022,6,191871000
2022,6,191871001
2022,6,191871002
2022,6,191871015
2022,6,192335729
2022,6,199754653
2022,6,199561943
2022,6,188037053
2022,6,197233588
2022,6,188373844
2022,6,188373862
2022,6,188373865
2022,6,188373876
2022,6,188373881
2022,6,190182833
2022,6,190182834
2022,6,190182835
2022,6,190230318
2022,6,190230320
2022,6,190230322
2022,6,199476932
2022,6,190230323
2022,6,190230328
2022,6,190233292
2022,6,190233293
2022,6,190233294
2022,6,190233295
2022,6,190279771
2022,6,190279812
2022,6,194333900
2022,6,194321628
2022,6,196182290
2022,6,197882256
2022,8,197882256
2022,8,197882258
2022,6,184285126
2022,6,194338305
2022,6,194338313
2022,6,196459875
2022,6,181419640
2022,6,181419642
2022,6,182655644
2022,6,196480734
2022,6,183044769
2022,6,183044770
2022,6,184810681
2022,6,184822094
2022,6,196480735
2022,8,184228262
2022,6,186856061
2022,6,187734622
2022,6,188647613
2022,6,188647619
2022,6,188647620
2022,6,188647621
2022,6,188647635
2022,9,189455983
2022,6,190959237
2022,6,190959249
2022,6,194338462
2022,6,196722101
2022,6,182644590
2022,6,182644771
2022,6,183920706
2022,6,183898016
2022,6,183892796
2022,6,182644791
2022,5,183664498
2022,6,184243946
2022,6,186040842
2022,6,184243953
2022,6,184243960
2022,6,184168662
2022,6,185429710
2022,6,185429717
2022,1,195333723
2022,6,185372181
2022,6,184941885
2022,6,184941919
2022,6,184941960
2022,6,184822100
2022,6,184810731
2022,6,187012752
2022,6,195333729
2022,6,187012757
2022,1,181652980
2022,6,186879995
2022,6,186880053
2022,6,186880057
2022,6,186856147
2022,6,186621277
2022,6,188006979
2022,9,181660143
2022,9,185196983
2022,9,185196984
2022,9,188046527
2022,9,190701099
2022,9,194321639
2022,3,182645538
2022,6,187982921
2022,6,187980571
2022,6,187980577
2022,6,182645542
2022,7,182645558
2022,7,182645574
2022,7,182645576
2022,6,182645598
2022,6,182645603
2022,6,182645604
2022,2,183072913
2022,7,183072913
2022,7,183157693
2022,7,183157697
2022,7,183157704
2022,8,183214498
2022,6,183214500
2022,6,183460402
2022,6,183686038
2022,2,183686047
2022,6,183686050
2022,6,189380734
2022,8,183686050
2022,2,183686059
2022,6,184836200
2022,6,189380745
2022,2,184836215
2022,6,184946166
2022,8,184946166
2022,6,185680480
2022,6,189380833
2022,1,185680481
2022,6,185680481
2022,6,185680503
2022,6,189380860
2022,8,185680503
2022,6,185783723
2022,8,185783723
2022,3,185835443
2022,6,185835443
2022,6,185919992
2022,6,190623412
2022,6,186154119
2022,6,186207350
2022,6,190623461
2022,6,190623468
2022,6,186879944
2022,6,186879952
2022,3,186879953
2022,6,186879953
2022,6,186879954
2022,6,186879955
2022,6,186879959
2022,6,186879960
2022,6,186879977
2022,6,190623495
2022,6,186908975
2022,6,190623515
2022,1,186908985
2022,6,186908985
2022,6,186908986
2022,6,186908987
2022,8,186909000
2022,6,187128250
2022,6,190623553
2022,6,190623555
2022,2,187128262
2022,3,187128262
2022,6,187128262
2022,6,188009907
2022,6,194317533
2022,3,188126980
2022,6,194317561
2022,6,188126980
2022,6,188126981
2022,3,188126985
2022,6,188126985
2022,3,188126989
2022,6,188126989
2022,3,188126990
2022,6,188126990
2022,6,188126991
2022,6,188749500
2022,6,188749501
2022,6,194317613
2022,3,188780380
2022,6,188780380
2022,6,188780381
2022,6,188780388
2022,3,188783556
2022,6,188783556
2022,8,188783556
2022,6,188783557
2022,6,188796350
2022,8,188796350
2022,6,190449469
2022,6,190449472
2022,1,190542979
2022,6,190542979
2022,6,190577766
2022,8,190577766
2022,6,190580375
2022,6,190580380
2022,6,190999800
2022,6,190999804
2022,6,190999805
2022,6,191133579
2022,6,194321667
2022,6,192069716
2022,6,194321693
2022,6,196945455
2022,6,196945458
2022,6,194321694
2022,6,199484025
2022,3,194321720
2022,6,194321720
2022,3,194321723
2022,6,194321723
2022,6,194321729
2022,8,194321729
2022,6,194321733
2022,6,194321747
2022,6,194321754
2022,6,194321756
2022,6,194321757
2022,6,194321759
2022,6,194763104
2022,6,194763105
2022,6,199484029
2022,6,197456715
2022,6,198422366
2022,6,199484030
2022,12,196487324
2022,6,197221593
2022,6,197185197
2022,6,197185199
2022,6,196822635
2022,6,196684954
2022,6,196176259
2022,6,194317625
2022,6,196796664
2022,6,192059195
2022,6,194317672
2022,6,194317699
2022,6,194317730
2022,6,194317803
2022,6,192554323
2022,6,192409666
2022,6,194317844
2022,6,199680428
2022,6,194317856
2022,3,192753198
2022,6,194317980
2022,6,194317982
2022,6,194318085
2022,6,192753198
2022,3,195763851
2022,6,194318124
2022,6,194318132
2022,6,195763851
2022,3,195763852
2022,6,195763852
2022,6,181576960
2022,6,194318183
2022,6,194318233
2022,6,195424075
2022,6,195881345
2022,6,195764321
2022,6,181576961
2022,6,181576962
2022,8,181576962
2022,6,181576963
2022,8,181576963
2022,8,181447596
2022,8,181454584
2022,8,181454585
2022,2,181516856
2022,2,181516861
2022,2,181516862
2022,9,178230955
2022,7,178313280
2022,9,182912429
2022,6,178371867
2022,6,178371880
2022,7,178371889
2022,6,178411287
2022,6,178411290
2022,6,178411291
2022,6,178411295
2022,6,178490186
2022,6,178490187
2022,6,178490200
2022,6,178490208
2022,2,181516863
2022,3,181528066
2022,6,178490219
2022,6,178490235
2022,6,179534843
2022,3,181528067
2022,6,181576968
2022,6,179544154
2022,6,179544177
2022,6,179544180
2022,6,179641148
2022,6,179641165
2022,9,179641191
2022,6,179641241
2022,6,181576969
2022,1,181576981
2022,10,179994015
2022,3,181576981
2022,6,181576981
2022,1,181576982
2022,6,179994073
2022,3,181576982
2022,6,181576982
2022,2,181736284
2022,2,181736285
2022,2,181736288
2022,1,182645878
2022,1,182645880
2022,6,182645904
2022,1,182645938
2022,2,182645951
2022,3,182857421
2022,6,181442293
2022,6,181442299
2022,9,181489522
2022,6,181489531
2022,6,182857421
2022,3,182857422
2022,6,182857422
2022,1,182912377
2022,9,181517130
2022,6,181517133
2022,6,182912378
2022,8,182912378
2022,6,182912379
2022,8,182912379
2022,1,183892739
2022,6,181523342
2022,6,181528181
2022,6,181528188
2022,6,181736367
2022,5,183892739
2022,8,184044047
2022,6,181736393
2022,6,181736399
2022,8,184168546
2022,6,184365409
2022,6,182912434
2022,6,182912436
2022,6,185429593
2022,6,183044644
2022,6,183209825
2022,3,185429594
2022,3,185429595
2022,6,185672894
2022,6,183361570
2022,6,185672895
2022,6,185672906
2022,8,185672906
2022,6,185672907
2022,6,186139791
2022,6,183382656
2022,6,186139801
2022,9,184087954
2022,9,184087957
2022,12,187220671
2022,3,187714946
2022,6,184147962
2022,2,188981116
2022,6,184869253
2022,6,184869254
2022,6,184869255
2022,6,185200536
2022,6,185200550
2022,6,185837875
2022,6,186040879
2022,6,186040901
2022,3,186040904
2022,6,186040910
2022,6,186693351
2022,2,188981117
2022,6,189047826
2022,6,190245183
2022,9,187121866
2022,6,187121867
2022,3,187336547
2022,6,187336562
2022,6,187352161
2022,3,187377814
2022,6,190245184
2022,1,190446497
2022,6,187377836
2022,3,187417850
2022,2,187417853
2022,2,190989399
2022,6,187980613
2022,6,188007031
2022,6,194322395
2022,6,188027294
2022,3,188373913
2022,6,188373914
2022,6,188514323
2022,2,194322427
2022,6,188514324
2022,3,188647651
2022,1,194322439
2022,1,194322487
2022,6,189266310
2022,1,194322488
2022,1,194322489
2022,1,194322509
2022,6,194322509
2022,7,194322509
2022,1,194322513
2022,8,194322513
2022,1,194322514
2022,7,194322514
2022,8,194322514
2022,6,194322515
2022,8,194322516
2022,1,194322534
2022,6,189267267
2022,8,194322534
2022,3,194322535
2022,6,189267270
2022,6,194322535
2022,3,194322536
2022,6,194322536
2022,2,196822686
2022,9,189277244
2022,8,196822686
2022,2,197995429
2022,6,189277258
2022,6,189380966
2022,2,197995432
2022,6,197995436
2022,5,198983385
2022,6,190118600
2022,6,198983385
2022,1,198983387
2022,5,198983387
2022,7,199742976
2022,3,190230342
2022,3,190364927
2022,6,190403858
2022,9,190417137
2022,8,199742976
2022,6,201071907
2022,6,190425779
2022,1,201071909
2022,5,201071909
2022,7,201071909
2022,6,202035249
2022,6,190674461
2022,6,202035250
2022,6,177079617
2022,9,190717290
2022,9,177187022
2022,6,178397245
2022,8,178659929
2022,6,190733002
2022,6,179375930
2022,9,190771430
2022,9,191265476
2022,6,191791209
2022,6,191791210
2022,3,191791211
2022,6,191878679
2022,6,183970864
2022,6,191880346
2022,9,190691796
2022,6,191880357
2022,9,191880360
2022,9,191880365
2022,6,192150164
2022,6,185429602
2022,6,192195931
2022,6,192195933
2022,6,185551286
2022,6,189341909
2022,6,192195958
2022,6,194327965
2022,6,194327986
2022,6,194327993
2022,2,178198322
2022,6,194328001
2022,6,194328023
2022,6,194328096
2022,9,194328109
2022,6,194328110
2022,9,194328149
2022,6,194328163
2022,6,194328172
2022,9,194328182
2022,6,194328193
2022,2,178198335
2022,6,194328197
2022,6,194328198
2022,6,194328199
2022,3,179640821
2022,3,194328223
2022,6,195199629
2022,6,195278934
2022,6,195333748
2022,6,187101656
2022,6,195370708
2022,3,195417697
2022,9,196983552
2022,6,196983556
2022,9,194335813
2022,9,194335814
2022,9,194335816
2022,9,194335817
2022,8,194335818
2022,9,194335820
2022,6,187121696
2022,6,188647493
2022,9,194335821
2022,11,194335823
2022,9,194335824
2022,6,188809706
2022,9,194335825
2022,9,194335826
2022,9,194335827
2022,9,194335831
2022,9,194335832
2022,8,197882276
2022,9,194335846
2022,9,194335848
2022,9,194335849
2022,6,194335850
2022,9,194335851
2022,9,194335852
2022,6,190118493
2022,9,194335857
2022,9,194335858
2022,9,194335859
2022,9,194335860
2022,9,194335863
2022,9,194335864
2022,6,197995461
2022,9,194335865
2022,9,194335866
2022,9,194335867
2022,9,194335871
2022,9,200042626
2022,9,194335874
2022,9,194335875
2022,9,200042627
2022,9,194335879
2022,6,194335883
2022,9,194335885
2022,9,200711269
2022,6,200042629
2022,6,194335893
2022,8,200042630
2022,9,194335896
2022,8,194335897
2022,9,200042631
2022,6,200042632
2022,8,194335905
2022,9,194335906
2022,6,194335907
2022,6,194335908
2022,9,194335909
2022,9,197015464
2022,6,197015466
2022,10,194335915
2022,9,194335916
2022,8,194335917
2022,6,194335921
2022,6,194335923
2022,9,194335924
2022,9,194335925
2022,9,200042633
2022,9,200042634
2022,8,200042636
2022,9,194335930
2022,8,194335931
2022,1,194335932
2022,6,190539171
2022,9,194335935
2022,6,194335936
2022,9,194335938
2022,9,194335939
2022,9,194335941
2022,8,194335942
2022,1,190364849
2022,8,194335943
2022,9,194335945
2022,9,194335946
2022,6,194335947
2022,9,194335949
2022,6,194335950
2022,9,200711274
2022,9,194335952
2022,8,194335953
2022,6,200042641
2022,6,200042642
2022,9,194335955
2022,9,194335956
2022,6,194335958
2022,6,194335959
2022,6,194335960
2022,9,194335962
2022,6,190416846
2022,9,200042645
2022,8,194335965
2022,9,194335967
2022,9,194335968
2022,6,194335972
2022,9,194335976
2022,9,200042646
2022,9,194335980
2022,9,194335981
2022,9,194335986
2022,9,194335987
2022,8,194335988
2022,9,194335989
2022,9,194335990
2022,8,194335992
2022,6,194335993
2022,6,190446500
2022,6,194335995
2022,6,190623328
2022,9,194335999
2022,6,194336001
2022,6,200042648
2022,8,194336006
2022,9,194336011
2022,9,194336013
2022,6,194336015
2022,9,194336017
2022,6,191649521
2022,1,194336024
2022,9,194336029
2022,9,194336030
2022,9,200711281
2022,6,200711282
2022,9,194336034
2022,9,194336036
2022,9,194336040
2022,9,194336041
2022,9,194336043
2022,6,200066660
2022,8,194336046
2022,9,194336048
2022,8,194336051
2022,6,191649523
2022,9,194336052
2022,7,182773538
2022,9,194336053
2022,9,194336054
2022,8,194336055
2022,8,194336056
2022,6,194336057
2022,9,194336059
2022,8,194336062
2022,9,194336065
2022,9,194336068
2022,9,200711289
2022,9,194336072
2022,9,194336074
2022,9,194336078
2022,1,200066664
2022,8,194336081
2022,9,194336086
2022,9,194336087
2022,9,194336090
2022,9,194336092
2022,9,194336093
2022,9,200066665
2022,9,194336097
2022,9,194336099
2022,1,194336103
2022,9,194336107
2022,6,200066668
2022,6,200066669
2022,8,194336108
2022,9,194336113
2022,9,194336116
2022,6,194336118
2022,9,194336119
2022,3,194336120
2022,9,194336121
2022,3,188649769
2022,6,188654043
2022,6,188654049
2022,6,188654054
2022,6,189099196
2022,6,197419681
2022,9,202056913
2022,9,194336127
2022,9,194336133
2022,9,194336137
2022,9,200066670
2022,9,194336148
2022,6,194336149
2022,9,194336150
2022,9,194336152
2022,9,194336156
2022,9,194336157
2022,9,194336160
2022,9,194336163
2022,9,194336169
2022,9,194336170
2022,9,194336173
2022,6,194336174
2022,6,194336175
2022,9,194336176
2022,9,200711295
2022,9,200711296
2022,1,194336182
2022,9,194336183
2022,9,194336184
2022,6,194336185
2022,6,194336186
2022,9,194336188
2022,9,194336189
2022,6,196182326
2022,9,200106543
2022,9,194336192
2022,9,194336193
2022,9,194336194
2022,6,200106545
2022,6,196182335
2022,6,176162907
2022,11,194336198
2022,6,202035258
2022,9,195333732
2022,6,177115639
2022,6,177324951
2022,9,194336200
2022,9,194336201
2022,9,194336202
2022,3,178053278
2022,6,178230938
2022,3,179101335
2022,3,180074870
2022,9,194336206
2022,9,194336209
2022,6,194336210
2022,9,194336211
2022,8,200531114
2022,6,194336224
2022,6,194336225
2022,9,194336226
2022,8,202035259
2022,1,195278920
2022,9,194336230
2022,9,200531117
2022,9,194336233
2022,9,200531118
2022,9,194336237
2022,9,194336238
2022,9,194336239
2022,9,194336243
2022,9,200531120
2022,9,194336245
2022,9,194336247
2022,6,194336248
2022,9,194336250
2022,6,181315719
2022,9,194336254
2022,9,194336255
2022,8,194336256
2022,9,194336257
2022,9,194336258
2022,8,194336261
2022,9,194336263
2022,9,201040472
2022,9,201040473
2022,9,194336265
2022,9,194336266
2022,9,194336274
2022,8,194336275
2022,6,196809421
2022,6,196809422
2022,6,200531122
2022,9,194336284
2022,9,194336285
2022,3,194336288
2022,3,194336289
2022,6,194336294
2022,14,195218520
2022,8,194336299
2022,14,195218521
2022,1,200711304
2022,6,194336300
2022,9,194336301
2022,9,194336302
2022,9,194336303
2022,9,194336306
2022,9,194336308
2022,9,200711309
2022,9,194336312
2022,9,194336313
2022,9,194336318
2022,1,194336320
2022,8,196809424
2022,9,194336325
2022,8,202035260
2022,6,194336327
2022,9,194336329
2022,6,194336330
2022,8,194336334
2022,9,200711312
2022,3,202080313
2022,9,200711318
2022,6,202080314
2022,6,181528094
2022,6,200506150
2022,6,200506151
2022,9,196809426
2022,9,196809427
2022,6,200506154
2022,8,200506155
2022,9,194336344
2022,6,194336345
2022,9,194336346
2022,6,194336348
2022,6,194336349
2022,9,196809428
2022,9,194336355
2022,6,182646620
2022,6,182646623
2022,1,182646659
2022,6,184353197
2022,6,202035261
2022,1,183044572
2022,3,183382392
2022,9,194336356
2022,9,194336358
2022,9,200506163
2022,11,194336360
2022,9,194336362
2022,6,200711326
2022,9,194336364
2022,9,194336365
2022,10,194336366
2022,14,195218522
2022,9,194336368
2022,6,194336370
2022,9,200506165
2022,9,196144130
2022,9,194336374
2022,9,194336375
2022,8,200506167
2022,9,194336378
2022,9,200506170
2022,6,200506172
2022,9,194336385
2022,9,183920671
2022,9,194336390
2022,9,194336391
2022,6,183920673
2022,8,194336393
2022,6,201590522
2022,6,194336398
2022,9,194336399
2022,6,200711333
2022,9,194336403
2022,9,194336406
2022,9,200711336
2022,9,200506178
2022,6,200506179
2022,9,196168219
2022,9,194336410
2022,9,194336416
2022,9,194336417
2022,9,196168221
2022,9,196168224
2022,6,194336421
2022,6,196168227
2022,6,196168228
2022,6,200506181
2022,9,196168231
2022,9,200186826
2022,6,200186827
2022,9,194336427
2022,9,194336428
2022,9,196168233
2022,9,196168235
2022,9,196168237
2022,6,200186828
2022,6,200186830
2022,6,196168242
2022,6,196168244
2022,9,196168248
2022,9,194336439
2022,6,201590523
2022,12,195218523
2022,6,201590525
2022,6,184075499
2022,3,202035262
2022,8,202035263
2022,3,202035264
2022,6,201590526
2022,12,195278921
2022,8,202035265
2022,9,200186831
2022,9,196168253
2022,9,196168255
2022,9,194336445
2022,9,194336446
2022,9,196168257
2022,9,194336448
2022,9,194336449
2022,9,196168259
2022,9,194336452
2022,6,196168263
2022,9,194336461
2022,9,194336464
2022,9,194336467
2022,9,200711342
2022,8,187121765
2022,5,201590527
2022,8,202035266
2022,8,187355617
2022,12,195278922
2022,14,195278923
2022,6,200186834
2022,9,194336470
2022,9,194336472
2022,9,194336474
2022,8,194336475
2022,9,194336476
2022,9,200186835
2022,9,197176905
2022,8,200186837
2022,9,194336483
2022,6,201590529
2022,8,187800786
2022,6,201590531
2022,14,195278924
2022,6,201590533
2022,1,198418951
2022,9,194336487
2022,9,182655045
2022,9,194336493
2022,6,200186838
2022,9,194336497
2022,6,202056915
2022,6,202056916
2022,9,196168267
2022,8,196168268
2022,9,194336507
2022,9,194336508
2022,9,194336510
2022,6,200711346
2022,8,200711347
2022,6,200711348
2022,9,194336515
2022,9,194336522
2022,8,200506182
2022,9,194336535
2022,9,194336538
2022,1,190179243
2022,9,194336544
2022,9,195764372
2022,3,195764374
2022,8,195764375
2022,8,195764376
2022,9,194336546
2022,8,194336547
2022,9,194336552
2022,9,194336553
2022,9,194336556
2022,9,195148444
2022,9,194336558
2022,9,194336559
2022,2,194336560
2022,8,182655056
2022,9,182655059
2022,6,182932377
2022,2,200186848
2022,9,199733743
2022,9,182932378
2022,6,182655066
2022,9,182655068
2022,9,182655070
2022,9,200711356
2022,1,200711357
2022,9,182655072
2022,6,191009704
2022,6,191009705
2022,6,182655078
2022,6,184376246
2022,6,200711364
2022,6,200711365
2022,8,182655091
2022,9,189823350
2022,8,201590535
2022,6,182703954
2022,9,182655102
2022,9,182655108
2022,9,182703955
2022,9,182945091
2022,9,196168270
2022,6,196168272
2022,9,182655118
2022,9,182655121
2022,9,182655123
2022,9,200186860
2022,3,183044749
2022,6,183044750
2022,6,201590541
2022,9,186693369
2022,9,182655137
2022,9,182655138
2022,9,182655140
2022,9,182655143
2022,9,182655146
2022,9,182945097
2022,9,182655147
2022,9,182703964
2022,9,201040474
2022,9,201040475
2022,9,182945098
2022,9,182655151
2022,9,182655153
2022,9,182655154
2022,9,182699126
2022,8,201590543
2022,9,182945099
2022,9,182655157
2022,9,182655160
2022,8,182655161
2022,6,187417856
2022,9,186119184
2022,9,183410092
2022,9,182699128
2022,9,182655164
2022,9,182655165
2022,9,183664558
2022,8,183664559
2022,9,182655168
2022,9,182699133
2022,9,190230351
2022,9,182655178
2022,6,185713534
2022,6,182655183
2022,6,185713535
2022,9,182655192
2022,6,201590544
2022,6,185713536
2022,6,185713537
2022,9,182945101
2022,9,182655199
2022,9,182857907
2022,9,199955504
2022,9,182857912
2022,9,199976132
2022,6,199976133
2022,6,199976134
2022,9,199976135
2022,9,182932381
2022,9,182699136
2022,9,184971476
2022,2,183210152
2022,8,183210152
2022,9,182655205
2022,9,182764777
2022,9,182901803
2022,6,182901804
2022,9,183153295
2022,9,182655207
2022,9,182655210
2022,9,182699137
2022,9,199955510
2022,6,183410098
2022,9,191824412
2022,8,182699139
2022,9,196809429
2022,9,182655217
2022,9,182655218
2022,6,196809431
2022,6,196809434
2022,6,196809435
2022,9,199955511
2022,6,182764778
2022,9,196809436
2022,9,182945104
2022,9,182901806
2022,8,196809437
2022,6,188662727
2022,6,188662728
2022,9,196809438
2022,9,191009707
2022,6,191009708
2022,9,196809439
2022,9,182912478
2022,9,182912481
2022,8,196809440
2022,9,183153299
2022,9,182912485
2022,8,196809441
2022,9,182932382
2022,9,199023538
2022,9,183383089
2022,8,190230353
2022,9,183970988
2022,9,182982832
2022,9,183383091
2022,9,184228388
2022,6,184228389
2022,9,182982833
2022,9,184044101
2022,9,183990350
2022,9,199955517
2022,9,182982837
2022,9,182982839
2022,9,184108313
2022,9,187417858
2022,10,184971478
2022,9,183044753
2022,6,184126679
2022,9,184289304
2022,9,184126682
2022,8,184126683
2022,9,184044106
2022,6,199976137
2022,6,199976138
2022,9,183992475
2022,6,201590545
2022,9,199955522
2022,9,184228392
2022,9,199976139
2022,8,199976140
2022,6,201590547
2022,9,183896202
2022,8,183896203
2022,9,183410135
2022,9,190533425
2022,9,183210155
2022,6,199955526
2022,9,183383092
2022,9,183667260
2022,9,183667261
2022,8,183451003
2022,9,183451004
2022,8,201590549
2022,9,183896210
2022,9,183990364
2022,1,194323229
2022,9,183667263
2022,9,183990369
2022,1,200186448
2022,9,183992479
2022,9,187217200
2022,9,183693198
2022,6,199976141
2022,9,189823351
2022,9,183667264
2022,9,183896217
2022,9,183667267
2022,6,199976142
2022,6,195333755
2022,9,199955530
2022,9,183693199
2022,9,185713542
2022,9,183705385
2022,6,200186863
2022,9,183988362
2022,9,190230354
2022,9,183992482
2022,9,184289307
2022,9,183988365
2022,9,183992484
2022,6,188662735
2022,6,188662736
2022,9,183737638
2022,9,183737639
2022,9,183737645
2022,9,183992485
2022,6,184228396
2022,9,187417859
2022,9,183970992
2022,9,190714005
2022,6,200711373
2022,9,185435478
2022,9,183898055
2022,9,184376252
2022,9,200711375
2022,8,200711378
2022,8,201738407
2022,9,194336562
2022,6,187217205
2022,9,184289311
2022,9,199976143
2022,9,184376254
2022,1,195343122
2022,9,184376255
2022,4,184304626
2022,9,199925475
2022,6,199925476
2022,9,183970998
2022,9,183953919
2022,6,183992491
2022,6,187217206
2022,9,183992492
2022,9,184376256
2022,9,184228403
2022,6,184289313
2022,9,184289314
2022,9,184285092
2022,9,184376260
2022,8,184376261
2022,6,199976144
2022,9,184244004
2022,6,199925479
2022,9,183992495
2022,9,199976145
2022,9,183992496
2022,9,183967280
2022,6,195343125
2022,9,184244006
2022,6,184244007
2022,9,183988368
2022,9,184376262
2022,6,195343126
2022,9,184365867
2022,1,195343131
2022,9,187217207
2022,14,195278925
2022,9,195452423
2022,6,195333733
2022,9,195333734
2022,3,195452457
2022,6,195763868
2022,6,195623472
2022,9,182703289
2022,1,198331264
2022,9,198331276
2022,9,198331278
2022,9,198331282
2022,1,198331287
2022,6,203220829
2022,6,181432365
2022,9,184376263
2022,9,184241314
2022,9,187734637
2022,9,187217209
2022,8,187217212
2022,9,199925481
2022,6,187217213
2022,6,181421905
2022,9,183992505
2022,9,190533427
2022,6,183382480
2022,9,184232042
2022,9,183992506
2022,9,185276981
2022,6,185276990
2022,6,188034635
2022,6,189964884
2022,6,190989414
2022,6,194326307
2022,6,189185520
2022,6,194326314
2022,9,199976146
2022,6,194326675
2022,9,184376266
2022,9,187217214
2022,9,184126690
2022,9,184126694
2022,9,184126697
2022,1,199976147
2022,6,186119196
2022,9,189361314
2022,9,184376270
2022,9,184168675
2022,9,184168676
2022,6,188662738
2022,6,188662739
2022,9,186119203
2022,9,184376271
2022,9,186119207
2022,9,184228428
2022,6,195352063
2022,8,199976148
2022,9,184228429
2022,9,184376273
2022,9,184228430
2022,6,195352069
2022,9,185435482
2022,6,178911066
2022,8,185435483
2022,9,185202206
2022,9,184376275
2022,6,184376276
2022,9,194336564
2022,9,184376277
2022,9,201524514
2022,9,199856973
2022,9,185567027
2022,6,178957164
2022,9,199976149
2022,6,199976150
2022,9,184971497
2022,6,184971498
2022,9,199976151
2022,6,199976152
2022,9,185783811
2022,9,199976153
2022,8,199976155
2022,9,185783815
2022,9,199856983
2022,9,188895550
2022,9,185783816
2022,9,185783817
2022,8,181477577
2022,9,192085683
2022,9,184376298
2022,9,185713549
2022,9,199976157
2022,8,188662741
2022,9,185895410
2022,9,185895411
2022,9,185895412
2022,2,185895414
2022,9,184810783
2022,1,185895422
2022,9,184484441
2022,9,185895424
2022,9,185895427
2022,9,184624988
2022,9,186040921
2022,9,187217215
2022,6,199976162
2022,9,186621330
2022,6,186119212
2022,9,190230356
2022,10,181477580
2022,6,199853752
2022,9,186040925
2022,6,186040926
2022,8,181477583
2022,9,186119214
2022,5,181653070
2022,9,184810785
2022,9,201064221
2022,9,184942027
2022,9,199976163
2022,9,185713554
2022,9,184869263
2022,6,188662743
2022,8,182912409
2022,9,184942035
2022,9,185631270
2022,9,185713558
2022,6,185567036
2022,9,186067002
2022,9,185567037
2022,9,185435512
2022,6,199776438
2022,9,185487672
2022,9,185202210
2022,1,199976165
2022,6,199976166
2022,9,185202211
2022,6,182932188
2022,6,186693376
2022,9,185277007
2022,9,185277008
2022,8,185283474
2022,6,182987876
2022,6,202150747
2022,6,190714006
2022,9,190533428
2022,9,200711384
2022,9,190230359
2022,9,186139915
2022,9,185372188
2022,8,185435518
2022,9,199672088
2022,9,185713570
2022,6,185713571
2022,6,199672091
2022,10,185479196
2022,9,186139920
2022,6,186139921
2022,9,186684817
2022,11,186693378
2022,6,186693379
2022,9,190533430
2022,9,186139927
2022,9,186139928
2022,6,187734639
2022,9,186698624
2022,6,199733745
2022,9,187217219
2022,9,190230361
2022,6,190230364
2022,9,186333687
2022,9,185666752
2022,9,192085684
2022,9,186119240
2022,9,199672094
2022,9,186693385
2022,9,185713592
2022,8,185713593
2022,2,199733747
2022,9,185713596
2022,9,186165349
2022,9,186119259
2022,9,186698629
2022,6,186698630
2022,9,185713602
2022,9,185713604
2022,9,186698634
2022,9,199949123
2022,9,185895438
2022,6,187417867
2022,9,186207392
2022,8,184365535
2022,8,186066792
2022,9,201040476
2022,9,201040477
2022,9,199672098
2022,8,199672099
2022,6,187217220
2022,9,187417869
2022,6,187417870
2022,9,187505222
2022,6,187505223
2022,9,186880071
2022,9,187217224
2022,9,199672101
2022,9,192457835
2022,9,187032628
2022,6,194336571
2022,9,187032632
2022,9,194336572
2022,1,192554389
2022,9,186880079
2022,1,186139812
2022,9,187505228
2022,9,187631191
2022,8,187631192
2022,9,187631193
2022,9,187631195
2022,9,187631196
2022,9,194336573
2022,9,190230365
2022,9,187121878
2022,9,187121879
2022,9,199672104
2022,9,194336574
2022,5,194336575
2022,9,187101702
2022,9,187645080
2022,9,187220720
2022,2,192425844
2022,9,187217232
2022,6,199624667
2022,9,192457842
2022,9,187217236
2022,9,187645083
2022,9,187388374
2022,9,199604014
2022,9,187217241
2022,9,191009710
2022,6,191009711
2022,9,186621336
2022,9,186377538
2022,9,199604016
2022,6,199604017
2022,9,187220726
2022,6,187417875
2022,9,186693419
2022,6,186693420
2022,9,186621347
2022,9,192409672
2022,9,186621349
2022,6,186621350
2022,9,199604018
2022,9,199604019
2022,8,199604021
2022,9,186698647
2022,9,186698654
2022,9,186698657
2022,9,187279669
2022,9,187336563
2022,9,187336565
2022,9,187417885
2022,9,187336569
2022,9,187417887
2022,14,187417889
2022,9,186856223
2022,9,186856229
2022,9,187734649
2022,9,187734650
2022,9,187336570
2022,9,197761611
2022,9,187012760
2022,9,187217261
2022,9,187012762
2022,6,186139820
2022,9,187336572
2022,9,187336574
2022,8,190714012
2022,6,187800797
2022,9,187027452
2022,6,187027453
2022,9,187336575
2022,9,187032639
2022,9,187032640
2022,9,187032641
2022,9,187336576
2022,8,187336577
2022,9,187121883
2022,6,189393686
2022,9,187734652
2022,8,189459491
2022,6,197761717
2022,6,197761718
2022,9,187217266
2022,9,187505246
2022,6,189459506
2022,8,189459508
2022,6,191012733
2022,6,191027158
2022,6,191027196
2022,6,194326746
2022,6,194326755
2022,6,194326847
2022,9,189241607
2022,1,195452534
2022,6,195623498
2022,9,189361319
2022,9,189823357
2022,9,187645084
2022,9,175911308
2022,6,190714013
2022,9,187645086
2022,9,187355676
2022,9,189193644
2022,9,187355679
2022,9,197683289
2022,9,190533432
2022,3,190533433
2022,3,190533434
2022,6,190714015
2022,9,187355687
2022,8,189361324
2022,9,197761763
2022,6,197761765
2022,9,197683292
2022,9,175996430
2022,9,176162946
2022,6,176704391
2022,9,189185532
2022,9,187734657
2022,9,187355692
2022,9,176704393
2022,6,177646321
2022,6,177646322
2022,6,177646323
2022,6,177646325
2022,6,177646326
2022,6,177646327
2022,9,178053281
2022,9,189099231
2022,6,178490178
2022,6,178876274
2022,6,178876275
2022,6,178936357
2022,6,179101343
2022,6,181315726
2022,9,180253600
2022,9,194327093
2022,6,181459892
2022,1,181477592
2022,9,189111626
2022,9,191654952
2022,6,189111627
2022,9,203220831
2022,9,187734658
2022,6,187734659
2022,9,187377853
2022,9,191654953
2022,9,194327094
2022,9,191654956
2022,9,191654959
2022,6,191654965
2022,6,202155123
2022,9,194327095
2022,9,191831249
2022,6,191831250
2022,9,191831255
2022,1,191845523
2022,6,191791128
2022,9,191791145
2022,9,195623529
2022,9,191793915
2022,6,191824199
2022,9,191824207
2022,6,191824214
2022,6,191824216
2022,6,191824220
2022,6,191824224
2022,9,191824227
2022,6,191831273
2022,9,191831281
2022,9,191831282
2022,6,191845547
2022,6,189185535
2022,9,202155124
2022,6,191845567
2022,8,191845570
2022,6,191845574
2022,6,191848747
2022,6,191848748
2022,6,191848754
2022,9,191848764
2022,8,192077899
2022,9,192077901
2022,6,191848780
2022,9,191848782
2022,6,201040384
2022,6,201040385
2022,9,192409486
2022,6,192753220
2022,6,189185536
2022,9,189099299
2022,9,189099301
2022,6,192409678
2022,1,194327103
2022,9,187417905
2022,1,187734661
2022,6,197683295
2022,9,187433856
2022,9,200106529
2022,6,192409679
2022,9,194327106
2022,9,194327111
2022,9,187734662
2022,9,190533436
2022,6,194327123
2022,9,197761862
2022,9,189185539
2022,9,195131849
2022,9,201064222
2022,9,187734667
2022,9,189185542
2022,2,182901461
2022,9,189054577
2022,9,187734669
2022,9,187631203
2022,1,188895556
2022,9,188895558
2022,6,182982133
2022,9,190533437
2022,9,187717361
2022,9,188895560
2022,6,188895561
2022,1,197683297
2022,6,197683299
2022,6,197683300
2022,8,183209811
2022,9,192457846
2022,8,192457847
2022,6,183382607
2022,9,187631206
2022,9,199976170
2022,6,183382608
2022,6,199976171
2022,8,183382616
2022,9,187734677
2022,6,183450626
2022,6,183693191
2022,6,183705350
2022,6,187336465
2022,6,187336466
2022,6,187336467
2022,6,187377696
2022,9,188886997
2022,9,189234346
2022,9,188034677
2022,9,197761893
2022,6,188895564
2022,9,188647662
2022,9,201524516
2022,6,199172087
2022,6,191873962
2022,9,197456733
2022,6,192457848
2022,9,188034682
2022,8,188034683
2022,1,188827019
2022,9,188662767
2022,9,194336577
2022,9,189185546
2022,6,191873963
2022,6,191873965
2022,6,191873967
2022,6,194740327
2022,6,194740328
2022,6,196952544
2022,6,197456736
2022,6,196952545
2022,6,178237054
2022,6,181764573
2022,6,190713978
2022,6,197456737
2022,6,192503416
2022,6,177520776
2022,6,177520777
2022,6,177520778
2022,6,177520779
2022,6,183892760
2022,6,183897958
2022,6,183920681
2022,3,189155089
2022,6,189155090
2022,9,187866672
2022,9,188034692
2022,9,187897851
2022,9,187897866
2022,9,190714019
2022,9,188007035
2022,9,189823255
2022,8,189823256
2022,3,190182832
2022,6,190233214
2022,6,190233215
2022,3,190248017
2022,6,190564875
2022,9,197456744
2022,9,188827022
2022,8,190677761
2022,8,190677763
2022,8,190771401
2022,6,194328436
2022,6,194328438
2022,6,194328439
2022,6,194328444
2022,6,194328447
2022,8,194328448
2022,6,195370659
2022,6,195373038
2022,6,198464139
2022,9,189047888
2022,9,189047889
2022,2,188667146
2022,9,188895567
2022,6,194336578
2022,9,188009990
2022,9,188514338
2022,6,187031815
2022,6,187031851
2022,8,187031877
2022,5,187031879
2022,9,191793928
2022,9,197412100
2022,9,188009991
2022,9,188895568
2022,6,188895569
2022,1,197412106
2022,9,188096082
2022,9,188514340
2022,9,191009712
2022,9,188514344
2022,9,188511381
2022,9,188514345
2022,1,188514347
2022,9,188514355
2022,8,189185548
2022,6,191793945
2022,6,191793952
2022,6,191793955
2022,6,191793961
2022,6,191793970
2022,6,191793973
2022,6,191824250
2022,12,191824257
2022,6,191824275
2022,6,191824300
2022,9,188827024
2022,6,191831302
2022,9,188514356
2022,9,188895571
2022,8,188895572
2022,9,188662791
2022,9,190533438
2022,6,191831325
2022,9,189361330
2022,9,188743112
2022,6,190674405
2022,6,191791168
2022,12,191791172
2022,6,194331247
2022,8,189185549
2022,9,188662797
2022,9,188649900
2022,6,194331260
2022,6,194336583
2022,9,188895574
2022,9,197762089
2022,9,197762139
2022,9,188662803
2022,6,196621890
2022,9,189185550
2022,9,188743117
2022,9,188895578
2022,6,194336586
2022,6,194336587
2022,6,196938567
2022,9,176128406
2022,9,188823515
2022,9,176128408
2022,9,177135782
2022,9,177129489
2022,9,177646332
2022,6,179625742
2022,2,179103257
2022,5,179625743
2022,9,189047898
2022,9,181604984
2022,9,194336588
2022,9,181605582
2022,9,188800480
2022,9,188800483
2022,9,181605583
2022,9,181549589
2022,9,188895582
2022,9,189823361
2022,8,182794183
2022,9,184086599
2022,9,185490164
2022,6,185490165
2022,8,185836789
2022,8,185836790
2022,9,187524596
2022,9,187524597
2022,8,187987906
2022,9,189195864
2022,9,189195865
2022,9,189195866
2022,7,182773560
2022,6,197412114
2022,7,182773566
2022,6,182773572
2022,12,184168559
2022,2,184168560
2022,6,186621054
2022,6,190122403
2022,6,190122404
2022,6,190122405
2022,2,190122406
2022,9,180152481
2022,6,197412115
2022,9,194336593
2022,6,194336594
2022,6,197412117
2022,9,194336597
2022,9,188823522
2022,9,194336601
2022,9,189185554
2022,3,197762202
2022,3,197762204
2022,9,194336604
2022,6,194336605
2022,9,188879022
2022,3,194336609
2022,9,188879024
2022,9,194336610
2022,6,194336612
2022,9,189361348
2022,9,192069723
2022,9,194336613
2022,9,188895585
2022,9,189185564
2022,9,181520895
2022,9,189361349
2022,9,181653096
2022,9,189185566
2022,6,177324963
2022,9,203220832
2022,9,197412121
2022,8,177324974
2022,9,189089541
2022,6,178371833
2022,8,178371833
2022,6,178371834
2022,8,178371834
2022,8,178391560
2022,6,189380977
2022,6,189380978
2022,9,189393759
2022,8,189393760
2022,6,178501368
2022,6,189456080
2022,6,189456081
2022,9,189089543
2022,9,190043906
2022,6,179640865
2022,6,192085687
2022,6,190230374
2022,9,192457854
2022,8,192457855
2022,6,192457857
2022,9,189459559
2022,9,189459561
2022,9,191957678
2022,9,191957680
2022,6,179640867
2022,6,180024427
2022,6,180914221
2022,3,181454608
2022,8,181736306
2022,6,181736309
2022,3,181736320
2022,3,182652149
2022,6,197412123
2022,6,182652150
2022,8,182652161
2022,6,182652174
2022,6,188034642
2022,6,197412124
2022,9,189361374
2022,9,197762240
2022,9,189823378
2022,6,191957681
2022,9,199733751
2022,9,189380979
2022,6,189193607
2022,8,189380981
2022,9,199733752
2022,9,191957683
2022,1,189810700
2022,9,197762279
2022,8,197762281
2022,9,189459565
2022,8,189193607
2022,6,189234233
2022,6,189193608
2022,9,189380984
2022,9,189380985
2022,6,189234236
2022,6,189234239
2022,9,197412131
2022,9,190714027
2022,6,190714028
2022,9,192085691
2022,8,189047848
2022,9,189361384
2022,6,189047849
2022,8,191027201
2022,9,189234351
2022,6,191009672
2022,9,190230380
2022,9,189456100
2022,9,189393771
2022,6,197762337
2022,6,197762338
2022,9,190449503
2022,9,189823385
2022,9,189313771
2022,8,191009672
2022,6,194331856
2022,6,194332021
2022,9,189313773
2022,9,189380991
2022,6,191009721
2022,6,191009722
2022,9,189456116
2022,6,203220833
2022,6,194332044
2022,6,194332057
2022,6,194332058
2022,6,194332059
2022,8,194332062
2022,8,194332063
2022,6,198378508
2022,9,189380992
2022,6,189380994
2022,6,189823389
2022,2,198453149
2022,1,198500507
2022,9,189380997
2022,9,190230384
2022,6,198501396
2022,6,182764668
2022,9,197412137
2022,9,190714031
2022,6,182764669
2022,6,182764670
2022,6,182764671
2022,6,182764690
2022,6,182764691
2022,6,182764692
2022,6,182764722
2022,6,182764725
2022,6,182764729
2022,6,184337413
2022,6,184304597
2022,6,185776581
2022,6,189429016
2022,9,189380999
2022,9,189425585
2022,9,197762499
2022,6,197762500
2022,9,190714033
2022,9,189429079
2022,9,189381004
2022,9,191009723
2022,9,189381005
2022,9,189962633
2022,9,189429080
2022,9,189823396
2022,9,192457858
2022,8,192457859
2022,8,201064224
2022,9,189962635
2022,6,190714037
2022,6,189823398
2022,6,189823399
2022,6,189429017
2022,9,189429085
2022,6,192597398
2022,9,190230388
2022,6,197221594
2022,8,189823400
2022,9,189456140
2022,9,190233300
2022,9,190230390
2022,9,194336615
2022,9,190533454
2022,9,192085692
2022,9,190364936
2022,6,197221595
2022,9,191655041
2022,9,190041181
2022,9,190041182
2022,9,197221596
2022,6,192597402
2022,6,190533459
2022,9,189960161
2022,6,192597406
2022,9,197221598
2022,6,194333195
2022,9,190714041
2022,9,190041187
2022,9,190179570
2022,6,195623531
2022,6,195623532
2022,1,183667245
2022,10,197348369
2022,6,184231930
2022,6,184231931
2022,2,184243866
2022,6,186856050
2022,10,197348370
2022,6,197221599
2022,6,194336619
2022,9,190417154
2022,9,190364937
2022,9,190533462
2022,9,190041189
2022,9,190533463
2022,9,190118611
2022,1,187031939
2022,1,187031943
2022,9,190179575
2022,1,190248179
2022,9,190179579
2022,9,190179580
2022,9,194336622
2022,6,194336624
2022,8,190248180
2022,6,197221600
2022,6,197221601
2022,8,197221602
2022,9,190417157
2022,9,190701534
2022,6,190248181
2022,9,194336625
2022,9,190701535
2022,9,190714048
2022,6,197221604
2022,9,190533474
2022,9,190691797
2022,6,190691798
2022,6,190691801
2022,6,190691802
2022,9,190714049
2022,9,190674470
2022,9,194336627
2022,9,197176911
2022,9,197176912
2022,9,196809448
2022,8,196809450
2022,9,190425823
2022,9,194336629
2022,9,190691804
2022,6,197221605
2022,8,197221606
2022,9,200711394
2022,9,190417163
2022,9,190425827
2022,9,191649678
2022,6,191649679
2022,1,188006917
2022,9,181653115
2022,9,197348372
2022,9,197348373
2022,9,190691807
2022,9,190714060
2022,9,190564895
2022,9,191824418
2022,6,191009737
2022,9,202419378
2022,9,202419379
2022,8,202419380
2022,9,190714062
2022,6,190717295
2022,6,190717296
2022,6,191649681
2022,9,197348374
2022,9,202056922
2022,9,190717297
2022,6,191009742
2022,9,191649682
2022,8,191649683
2022,6,190691808
2022,6,191824420
2022,8,194336632
2022,9,192085693
2022,9,191649684
2022,9,194336633
2022,9,190733003
2022,9,192085694
2022,9,190733006
2022,9,190733007
2022,9,191957690
2022,6,192493418
2022,6,189455644
2022,9,190733009
2022,6,178199010
2022,6,178199011
2022,8,178199013
2022,6,178199014
2022,6,179544086
2022,6,179544088
2022,6,179544089
2022,6,179544090
2022,6,179544092
2022,6,179544098
2022,6,179544099
2022,6,179550460
2022,6,195129425
2022,6,190733010
2022,6,181432376
2022,9,192326628
2022,6,192326630
2022,6,192085695
2022,6,182653198
2022,6,194336636
2022,6,194336637
2022,6,182653200
2022,9,190733017
2022,6,182653201
2022,6,182653202
2022,9,194336638
2022,6,194336639
2022,6,182886063
2022,9,191655051
2022,9,195333758
2022,9,191655052
2022,10,194336641
2022,8,194336642
2022,9,191009769
2022,9,197221607
2022,6,182886064
2022,6,182886065
2022,6,182886066
2022,6,182886068
2022,6,182886069
2022,6,182886070
2022,6,182901610
2022,6,182901611
2022,6,184369329
2022,6,184822084
2022,6,184822085
2022,6,185895369
2022,6,185895376
2022,9,202056923
2022,6,185895379
2022,6,185895380
2022,6,185895384
2022,9,191053922
2022,6,186040870
2022,6,187217151
2022,9,192279656
2022,6,192279659
2022,6,191649687
2022,2,187631173
2022,6,190859678
2022,6,195174068
2022,6,195174069
2022,6,195174070
2022,6,195110602
2022,6,195110603
2022,6,195110604
2022,6,195129426
2022,6,195129427
2022,6,195131856
2022,6,195131857
2022,6,195173264
2022,6,195173265
2022,6,195173270
2022,6,195173279
2022,6,195173282
2022,6,195173283
2022,6,195173284
2022,6,195173285
2022,6,195173286
2022,6,195174074
2022,6,195174086
2022,6,195174088
2022,6,195174097
2022,6,195174098
2022,9,187032397
2022,9,197348376
2022,9,192457864
2022,1,192160821
2022,9,200711403
2022,9,194336644
2022,9,192085699
2022,9,192085700
2022,6,192085701
2022,9,199949125
2022,9,192160822
2022,9,187032411
2022,9,194336646
2022,9,191824435
2022,9,194336648
2022,6,197221609
2022,9,187032426
2022,9,191012803
2022,6,192160823
2022,9,194336650
2022,6,192195962
2022,9,191831364
2022,6,194336652
2022,9,191831365
2022,9,191824438
2022,9,187032450
2022,6,192059221
2022,9,194336653
2022,9,194336654
2022,9,197221611
2022,9,192160824
2022,9,202056927
2022,6,192085707
2022,6,192085708
2022,8,192059222
2022,9,191794060
2022,9,187032453
2022,9,202056928
2022,9,187032460
2022,9,192279662
2022,9,191824446
2022,8,191824448
2022,9,194336655
2022,9,187032463
2022,9,194336656
2022,9,187032466
2022,9,187032467
2022,8,199463017
2022,9,187032474
2022,9,191824450
2022,9,201064230
2022,6,201064231
2022,9,187032476
2022,8,187032502
2022,9,191265487
2022,1,192457867
2022,9,192457868
2022,9,192087530
2022,9,194336658
2022,9,191848829
2022,8,192279665
2022,9,191824455
2022,9,191649693
2022,9,191649695
2022,9,191824456
2022,9,191824457
2022,9,194336659
2022,9,187032507
2022,8,194336661
2022,6,187032514
2022,9,187032529
2022,9,187032535
2022,9,187032537
2022,9,187032553
2022,9,187032575
2022,9,187032601
2022,9,187623535
2022,8,194336662
2022,9,187897386
2022,9,191880375
2022,9,191878686
2022,9,191845622
2022,9,197176913
2022,9,188795403
2022,9,192150188
2022,9,194336666
2022,6,197221613
2022,8,192457871
2022,9,191845623
2022,9,192457872
2022,6,192457873
2022,9,192160825
2022,9,194336669
2022,9,199949127
2022,9,201064232
2022,9,188800453
2022,9,192150200
2022,6,192150201
2022,9,189111619
2022,9,192150207
2022,9,200711406
2022,9,197762599
2022,6,192195966
2022,8,192326635
2022,9,192279667
2022,8,192326636
2022,8,192326637
2022,9,192279668
2022,9,194336673
2022,9,189155095
2022,9,192457876
2022,9,190041098
2022,8,194336674
2022,9,192160827
2022,8,192326638
2022,9,197221617
2022,9,192160831
2022,9,192150213
2022,9,190449474
2022,8,197221620
2022,8,194336678
2022,9,197762741
2022,8,194336681
2022,10,192160832
2022,9,192150130
2022,6,197762819
2022,6,197762820
2022,9,194336683
2022,8,194336684
2022,3,197176916
2022,3,197176917
2022,9,192195975
2022,9,194336694
2022,9,197176918
2022,9,192493503
2022,9,194336695
2022,9,192457886
2022,8,192457887
2022,9,192198322
2022,9,194336698
2022,9,197306349
2022,9,192279674
2022,9,192279676
2022,9,194333714
2022,9,192195850
2022,9,192425792
2022,9,194336701
2022,8,197213912
2022,9,194333742
2022,9,199976175
2022,8,197213913
2022,9,192409687
2022,9,194336706
2022,8,194336707
2022,7,197213915
2022,9,194333755
2022,3,195129430
2022,9,195129432
2022,9,195148401
2022,6,177694565
2022,1,179104697
2022,1,179104698
2022,6,183669645
2022,3,184086031
2022,6,184946181
2022,6,187633905
2022,6,189380721
2022,6,198418956
2022,1,194336711
2022,9,194336712
2022,9,194336714
2022,9,201524521
2022,8,194336718
2022,6,189425558
2022,9,192597460
2022,6,192597461
2022,6,189425559
2022,1,190238743
2022,8,194336720
2022,1,190238747
2022,6,194336724
2022,6,197213917
2022,6,190701104
2022,6,194336726
2022,6,194333759
2022,2,194336731
2022,9,194336732
2022,9,194336733
2022,9,194336734
2022,9,194336736
2022,6,194333760
2022,8,197213920
2022,6,194333767
2022,8,194336747
2022,6,187388349
2022,6,187388350
2022,6,187522737
2022,6,187522740
2022,6,187522741
2022,3,187524030
2022,6,187524227
2022,6,187524228
2022,6,187524229
2022,3,187524230
2022,6,189989553
2022,9,197348377
2022,6,197348378
2022,9,194336752
2022,11,194336753
2022,9,194336755
2022,9,194336759
2022,9,197185225
2022,9,194336765
2022,8,194336766
2022,9,194336767
2022,9,197185228
2022,9,199148042
2022,6,199148044
2022,9,194336770
2022,6,197185233
2022,9,194336773
2022,9,194336774
2022,8,194336775
2022,9,194336783
2022,6,194336784
2022,9,194336785
2022,9,194336786
2022,9,194336788
2022,9,194336789
2022,8,194336790
2022,9,194336791
2022,9,194336795
2022,9,194336796
2022,8,194336798
2022,9,194336801
2022,9,202419382
2022,9,195148451
2022,6,195148452
2022,9,194336806
2022,9,197185235
2022,3,189989554
2022,1,189989555
2022,9,194336817
2022,9,202056930
2022,9,199463018
2022,9,194336828
2022,8,194336829
2022,9,197185236
2022,9,194336833
2022,9,194336837
2022,9,194336838
2022,9,197185239
2022,9,194336841
2022,9,194336844
2022,1,194336848
2022,9,194336849
2022,9,194336853
2022,9,194336855
2022,6,196168296
2022,9,194336856
2022,8,194336857
2022,6,194336868
2022,6,194336872
2022,8,194336878
2022,9,194336883
2022,9,194336884
2022,8,194336886
2022,8,194336887
2022,8,197762952
2022,8,194336892
2022,8,194336893
2022,8,194336894
2022,6,197763015
2022,2,197763061
2022,2,197763062
2022,6,189989559
2022,8,194336905
2022,9,194336906
2022,9,197185255
2022,9,194336911
2022,9,194336912
2022,9,195148456
2022,8,195148458
2022,9,194336921
2022,9,194336928
2022,6,194336929
2022,9,199463019
2022,9,194336936
2022,8,194336937
2022,9,196168302
2022,6,194336945
2022,8,194336949
2022,8,194336950
2022,8,194336951
2022,9,194336952
2022,9,194336953
2022,9,194336954
2022,8,194336956
2022,8,194336957
2022,9,194336959
2022,9,194336963
2022,9,194336968
2022,6,194336970
2022,9,194336971
2022,9,194336972
2022,9,199023543
2022,9,194336975
2022,7,194336977
2022,9,194336978
2022,9,194336980
2022,9,194336981
2022,9,194336982
2022,9,194336983
2022,9,194336985
2022,9,197185261
2022,9,197185262
2022,9,194336987
2022,9,197763140
2022,8,197763141
2022,9,194336990
2022,9,194336993
2022,9,197185265
2022,9,194336998
2022,8,194337001
2022,9,194337004
2022,11,194337005
2022,8,194337008
2022,9,197185267
2022,6,197185268
2022,8,199604026
2022,9,194337024
2022,8,194337026
2022,9,194337028
2022,9,194337030
2022,6,197185272
2022,9,200711417
2022,8,200711419
2022,9,194337033
2022,8,194337034
2022,6,194337036
2022,1,194337039
2022,9,194337040
2022,9,194337042
2022,6,197185273
2022,6,197185274
2022,6,201524522
2022,6,201524523
2022,9,194337048
2022,8,195333766
2022,2,197763199
2022,9,195333767
2022,8,195333768
2022,9,194337058
2022,8,194337060
2022,8,195333769
2022,9,195333771
2022,9,195333772
2022,8,195333774
2022,6,195333775
2022,9,194337068
2022,9,195333776
2022,6,189990318
2022,8,197185283
2022,9,194337077
2022,6,189990322
2022,9,195333779
2022,9,194337080
2022,9,194337081
2022,9,201064236
2022,1,194337085
2022,8,197185285
2022,6,197185286
2022,6,197185288
2022,6,197185289
2022,8,194337092
2022,9,195333782
2022,6,195333783
2022,9,194337094
2022,6,202056933
2022,6,202056934
2022,6,195148473
2022,9,195333784
2022,8,194337100
2022,9,197185296
2022,6,202056935
2022,6,199148050
2022,6,199023545
2022,6,199023546
2022,8,195148481
2022,9,194337111
2022,9,195148482
2022,8,197213923
2022,6,199148051
2022,6,199148052
2022,6,199023547
2022,6,199023548
2022,6,197213924
2022,9,202419383
2022,9,195522535
2022,8,195333791
2022,9,194337131
2022,9,194337132
2022,9,195333792
2022,6,195333793
2022,9,195148496
2022,9,195148499
2022,9,195148500
2022,6,195148501
2022,6,189990323
2022,6,190452330
2022,6,190452334
2022,6,190577130
2022,6,190577132
2022,6,190577134
2022,6,191127028
2022,6,194334337
2022,3,194334345
2022,8,199143984
2022,6,199569173
2022,8,197137906
2022,6,199569174
2022,6,195158817
2022,6,195158818
2022,9,194337141
2022,6,195158819
2022,6,196999193
2022,9,194337143
2022,6,195964497
2022,8,195148510
2022,2,190179275
2022,9,195522538
2022,6,199143985
2022,6,199143986
2022,9,197176922
2022,9,194337147
2022,9,199023549
2022,6,199023550
2022,6,199023551
2022,9,195148516
2022,6,195148519
2022,9,195148520
2022,9,195522539
2022,9,203220835
2022,8,203220836
2022,6,199143987
2022,9,195522540
2022,6,195148530
2022,9,195148531
2022,9,195148535
2022,8,195148536
2022,3,199023552
2022,6,199023553
2022,6,199023554
2022,2,190230294
2022,6,199143988
2022,6,199143989
2022,9,195148541
2022,2,189810687
2022,1,195333806
2022,2,189431075
2022,2,190230295
2022,9,195148546
2022,9,189431076
2022,9,196168329
2022,9,190179278
2022,9,195148548
2022,6,190179280
2022,9,196168334
2022,9,200506186
2022,6,200506187
2022,9,197176924
2022,9,196168338
2022,9,190179281
2022,9,195522551
2022,9,196168340
2022,6,190179282
2022,8,195333812
2022,9,190179287
2022,6,190179288
2022,9,195333817
2022,9,189823269
2022,6,199023555
2022,2,189823271
2022,8,199733758
2022,2,189823274
2022,9,195522554
2022,9,196168350
2022,9,199604030
2022,8,199604031
2022,2,189823275
2022,9,189823277
2022,3,199023556
2022,3,199023557
2022,6,189823281
2022,9,195522558
2022,9,196168352
2022,9,190179291
2022,9,197137914
2022,9,197763236
2022,9,196168355
2022,9,190179292
2022,9,201524530
2022,6,199143993
2022,9,199463020
2022,9,190179293
2022,9,197137915
2022,9,190179294
2022,9,190179296
2022,9,190179297
2022,6,190179298
2022,9,189842878
2022,9,202056938
2022,9,195522566
2022,9,195522569
2022,9,195522571
2022,9,195522573
2022,6,200711438
2022,6,200711439
2022,9,197176928
2022,9,199733759
2022,9,195522590
2022,9,197176929
2022,6,199733760
2022,2,189842879
2022,6,197176931
2022,8,196809502
2022,9,196809530
2022,9,197177000
2022,6,190230299
2022,6,190248059
2022,6,190248066
2022,9,190248069
2022,9,190248071
2022,6,190248072
2022,9,190248077
2022,9,190248083
2022,9,190403822
2022,9,190403829
2022,9,190403833
2022,9,190403834
2022,9,190407642
2022,9,190407646
2022,9,190407650
2022,9,190416866
2022,9,190416867
2022,9,190416868
2022,9,190701105
2022,6,190701106
2022,9,190701109
2022,9,190701111
2022,9,190717221
2022,9,190628265
2022,9,190628266
2022,2,190677777
2022,9,190677778
2022,9,190989440
2022,9,190719989
2022,9,190989448
2022,9,190719992
2022,9,191014842
2022,2,190719994
2022,9,191831329
2022,9,190719998
2022,9,190728525
2022,9,190728526
2022,2,190732870
2022,9,190773139
2022,9,201524584
2022,9,202056979
2022,9,177400295
2022,6,177534030
2022,9,177534041
2022,9,177400301
2022,6,177646407
2022,5,178219894
2022,9,178858426
2022,9,178858428
2022,9,178976138
2022,2,190959200
2022,9,177400304
2022,9,179019368
2022,9,179019369
2022,9,190959202
2022,9,190989451
2022,9,190959205
2022,9,178053346
2022,9,178053348
2022,9,178053350
2022,9,178053351
2022,9,178053354
2022,9,178053357
2022,9,178490245
2022,9,178911146
2022,6,178911150
2022,9,179181345
2022,9,179325424
2022,9,179494401
2022,6,179500800
2022,9,190959206
2022,9,179994128
2022,2,191014851
2022,9,191014855
2022,9,191014856
2022,9,191014858
2022,2,191014863
2022,9,191880297
2022,9,192160806
2022,9,191880304
2022,9,192087500
2022,9,192087504
2022,9,192150131
2022,9,192150135
2022,9,192150139
2022,6,192150140
2022,9,192150142
2022,9,179994134
2022,9,192150148
2022,9,180059051
2022,9,180059052
2022,9,192150149
2022,9,180120987
2022,9,192150150
2022,9,192160807
2022,9,192160811
2022,9,180339116
2022,9,192160812
2022,9,192160815
2022,9,181277113
2022,9,192326419
2022,9,192425794
2022,9,181291066
2022,9,192493431
2022,9,192493433
2022,9,181291071
2022,9,181310833
2022,9,181315768
2022,9,192493447
2022,9,181419665
2022,9,181451727
2022,9,181453377
2022,9,181453378
2022,9,181453379
2022,9,181453380
2022,9,192493448
2022,2,192493454
2022,9,181453384
2022,9,181453386
2022,2,192790068
2022,6,181453390
2022,9,181458725
2022,9,192790071
2022,6,192790074
2022,9,192813600
2022,9,192813611
2022,6,194334746
2022,9,194334747
2022,9,194334752
2022,9,194334753
2022,9,194334755
2022,9,194334756
2022,9,194334757
2022,9,194334761
2022,2,194334765
2022,2,194334769
2022,9,194334773
2022,9,194334778
2022,9,194334786
2022,9,194334790
2022,2,194334793
2022,9,194334800
2022,6,194334801
2022,9,194334802
2022,9,194334803
2022,9,194334806
2022,9,194334814
2022,9,194334815
2022,9,194334826
2022,9,194334831
2022,9,194334833
2022,6,194334834
2022,9,199624576
2022,9,194334837
2022,9,194334842
2022,9,194334850
2022,9,194334856
2022,9,194334857
2022,9,194334859
2022,2,194334861
2022,2,194334867
2022,9,194334871
2022,9,194334872
2022,9,194334877
2022,9,194334878
2022,9,194334881
2022,9,194334889
2022,9,194334892
2022,9,194334896
2022,2,194334901
2022,9,181517145
2022,9,181517148
2022,9,194334902
2022,9,181517149
2022,9,194334904
2022,2,194334913
2022,9,181520940
2022,9,181577081
2022,9,181577082
2022,9,194334916
2022,9,181577085
2022,9,194334917
2022,9,194334921
2022,2,194334925
2022,9,181653131
2022,9,194334927
2022,9,181653134
2022,9,194334937
2022,9,181653136
2022,9,194334942
2022,9,194334946
2022,9,194334949
2022,9,194334955
2022,9,194334956
2022,9,194334959
2022,9,194334960
2022,2,194334961
2022,9,194334965
2022,2,194334969
2022,9,194334974
2022,9,194334976
2022,9,194334979
2022,9,194334980
2022,9,194334981
2022,9,194334983
2022,9,194334986
2022,2,194334988
2022,2,194335000
2022,9,194335005
2022,9,194335010
2022,9,194335011
2022,9,194335016
2022,9,194335019
2022,9,194335020
2022,6,194335021
2022,9,194335030
2022,9,194335032
2022,9,194335036
2022,9,194335044
2022,2,194335045
2022,9,194335057
2022,9,194335058
2022,9,194335059
2022,2,194335066
2022,2,194335074
2022,9,194335079
2022,9,194335080
2022,9,194335087
2022,9,194335088
2022,9,194335090
2022,9,194335095
2022,9,194335096
2022,9,194752788
2022,9,194752790
2022,6,194752792
2022,9,194752793
2022,2,194752796
2022,2,194756145
2022,9,181751207
2022,6,194756147
2022,9,194756148
2022,6,194756149
2022,9,194335101
2022,9,194335104
2022,2,195157590
2022,9,195080907
2022,9,182643654
2022,9,182643655
2022,9,182643656
2022,9,195157592
2022,6,195157595
2022,9,182643660
2022,2,195080912
2022,9,195080915
2022,9,182643668
2022,9,195129436
2022,9,182643672
2022,6,182643675
2022,2,195129438
2022,9,195129440
2022,9,195131860
2022,9,182643682
2022,9,195131863
2022,9,195131880
2022,9,182643695
2022,9,182643696
2022,9,182643697
2022,9,195131881
2022,9,182643701
2022,9,195148405
2022,9,195148413
2022,9,182643709
2022,9,195148414
2022,9,195149997
2022,9,182643717
2022,9,182643721
2022,9,182643722
2022,9,182643723
2022,9,183044505
2022,9,183152859
2022,9,195157604
2022,9,195373043
2022,9,195881317
2022,6,183666897
2022,9,195881325
2022,9,195890299
2022,6,183732192
2022,9,195890300
2022,6,195890301
2022,9,195964400
2022,6,195971395
2022,9,196074084
2022,9,183953934
2022,9,183953936
2022,9,196176929
2022,6,183953945
2022,6,196176930
2022,9,196176931
2022,6,196176934
2022,9,196176937
2022,9,183953957
2022,9,183953960
2022,9,196399177
2022,9,196399179
2022,9,183953964
2022,6,196399180
2022,6,196399181
2022,6,196399185
2022,9,183953969
2022,9,183953970
2022,6,196399186
2022,9,196399188
2022,9,183953971
2022,9,196938630
2022,9,183953980
2022,9,196938631
2022,9,183953981
2022,2,196938637
2022,9,183953982
2022,9,183953983
2022,9,183953985
2022,9,196945878
2022,9,183953991
2022,9,183953993
2022,9,196992495
2022,6,183990371
2022,9,183967282
2022,9,183967283
2022,9,184072792
2022,9,184108322
2022,6,196992496
2022,9,197015366
2022,9,184147971
2022,9,184147974
2022,9,197015367
2022,9,184168682
2022,9,197020071
2022,9,184168683
2022,9,197020072
2022,9,184168686
2022,9,197020077
2022,9,197068946
2022,9,184353153
2022,9,184365371
2022,9,184365375
2022,9,197068950
2022,6,197068951
2022,9,184392040
2022,9,197137853
2022,6,184392041
2022,9,197137854
2022,9,197185102
2022,9,197185104
2022,9,184483723
2022,6,200506033
2022,6,184625005
2022,9,184625009
2022,3,184625015
2022,6,184625017
2022,9,184625018
2022,9,197213886
2022,9,184625030
2022,9,184625033
2022,9,184625035
2022,9,184822104
2022,9,185167165
2022,8,187012716
2022,9,185143416
2022,9,185143417
2022,11,186880112
2022,9,186880114
2022,9,186880116
2022,9,187027459
2022,9,187032645
2022,9,187032646
2022,9,187032650
2022,9,187032655
2022,9,187032658
2022,6,187032662
2022,9,187217275
2022,6,187217276
2022,9,187217277
2022,9,187217278
2022,5,189266284
2022,9,187220740
2022,9,187220741
2022,9,187220745
2022,9,187220746
2022,9,187220747
2022,9,187220748
2022,9,189266287
2022,9,187336582
2022,9,189266291
2022,9,187336586
2022,9,187336590
2022,9,187336595
2022,9,187336599
2022,9,187336600
2022,9,187352197
2022,9,187352199
2022,9,187352205
2022,9,187352207
2022,9,187352208
2022,9,187505256
2022,9,187505279
2022,9,187505293
2022,9,187505295
2022,9,187508721
2022,9,187508722
2022,9,187508727
2022,6,187734689
2022,6,187980629
2022,9,187980630
2022,9,188511384
2022,9,188511386
2022,9,188649902
2022,9,188890065
2022,9,188890066
2022,9,188895589
2022,9,188895590
2022,6,196823043
2022,9,196837966
2022,9,183978845
2022,9,189277301
2022,9,183978872
2022,9,183978884
2022,6,184147924
2022,6,184147926
2022,9,184168623
2022,9,184168639
2022,9,184231941
2022,9,184231942
2022,9,184231944
2022,9,185516510
2022,9,185516941
2022,9,189313781
2022,9,185516947
2022,9,185516953
2022,9,189313785
2022,6,189313787
2022,9,186687591
2022,9,189313792
2022,6,189313793
2022,9,189263025
2022,9,189263026
2022,9,189263028
2022,9,189381023
2022,9,189381035
2022,9,189381037
2022,9,189381039
2022,9,189425599
2022,9,189459568
2022,9,189459569
2022,6,189459570
2022,9,189459580
2022,9,189459590
2022,6,189459592
2022,9,189768543
2022,9,189810702
2022,9,189810705
2022,9,189810715
2022,9,189810716
2022,9,189810718
2022,9,189810725
2022,9,190122553
2022,9,190122556
2022,6,190122560
2022,9,189365990
2022,9,190122565
2022,9,190122568
2022,9,189365995
2022,9,190230413
2022,9,190230419
2022,9,190230421
2022,9,190233307
2022,9,190233310
2022,9,190233311
2022,9,190233313
2022,6,190233314
2022,9,190245250
2022,9,190245251
2022,9,190364953
2022,9,190364954
2022,9,190364958
2022,9,190364959
2022,9,190364961
2022,9,190364965
2022,9,190364986
2022,9,190364991
2022,9,190364996
2022,9,190403874
2022,9,190403875
2022,9,190403882
2022,9,190403885
2022,9,190674484
2022,9,190674485
2022,9,190674486
2022,9,190674488
2022,9,190674489
2022,9,190674490
2022,9,190674493
2022,9,190674494
2022,9,190674495
2022,9,190674496
2022,9,190678026
2022,9,190678027
2022,9,190678028
2022,9,190678030
2022,6,190678031
2022,9,190678045
2022,9,190691811
2022,9,190691815
2022,9,189365996
2022,9,190179311
2022,9,190581137
2022,6,190581138
2022,6,194337213
2022,9,194337214
2022,9,194337219
2022,6,194337225
2022,6,194337226
2022,9,194337236
2022,9,194337238
2022,9,194337241
2022,9,194337245
2022,9,198453158
2022,9,198453160
2022,9,198453161
2022,9,198923760
2022,9,190728654
2022,6,191009799
2022,9,191009803
2022,9,191009804
2022,9,191009808
2022,9,191009809
2022,9,191009812
2022,9,191009813
2022,9,191009815
2022,9,191880379
2022,9,191880380
2022,6,191880382
2022,9,191880383
2022,9,191880386
2022,9,191880387
2022,9,191957695
2022,9,191957696
2022,9,191957699
2022,9,191957700
2022,9,191957701
2022,9,194316822
2022,9,194316824
2022,9,194316825
2022,9,194316828
2022,9,194316829
2022,9,192326639
2022,9,194316838
2022,9,194316839
2022,9,194316841
2022,9,194316842
2022,9,194316843
2022,9,194316846
2022,9,194316847
2022,9,194316851
2022,9,194316852
2022,9,194316854
2022,9,194316857
2022,9,194316858
2022,9,194316859
2022,9,194316860
2022,9,194316863
2022,9,194316871
2022,9,198923766
2022,9,194316877
2022,9,194316878
2022,9,194316885
2022,9,194316886
2022,9,194316888
2022,9,194316889
2022,9,194316896
2022,9,194316897
2022,9,194316905
2022,9,194316908
2022,9,194316913
2022,9,194316914
2022,9,194316935
2022,9,194316942
2022,9,194316944
2022,9,194316945
2022,9,194316948
2022,9,194316949
2022,9,194316960
2022,9,194316964
2022,9,194316966
2022,9,194316968
2022,9,194316971
2022,9,194316972
2022,9,194316974
2022,9,194316976
2022,9,194316979
2022,9,194316983
2022,9,194316988
2022,9,194316989
2022,9,194316990
2022,9,194316991
2022,9,194316992
2022,9,194316997
2022,9,194316998
2022,9,194609330
2022,9,194609387
2022,9,194752821
2022,9,194756459
2022,9,198923767
2022,9,195148555
2022,9,195218584
2022,9,195352105
2022,9,195352106
2022,9,195424120
2022,6,195352115
2022,9,195424125
2022,9,198923768
2022,1,194337294
2022,8,194337300
2022,8,179204441
2022,6,177067785
2022,6,176150180
2022,8,179204443
2022,6,179204448
2022,6,179204456
2022,6,179204457
2022,8,181293409
2022,8,181293413
2022,6,176150181
2022,6,176150182
2022,9,176150183
2022,1,176533730
2022,9,176533734
2022,6,191824462
2022,6,176570294
2022,8,181293419
2022,6,183737613
2022,8,183737615
2022,8,189810697
2022,6,189842891
2022,8,190564885
2022,2,190564887
2022,8,190732883
2022,8,197176813
2022,9,182860413
2022,9,184289340
2022,2,187714978
2022,9,189241578
2022,1,190628274
2022,9,192335744
2022,9,192335746
2022,9,194338578
2022,9,194338579
2022,9,195417591
2022,6,182938839
2022,6,183218041
2022,9,189347482
2022,9,192775756
2022,9,176771616
2022,6,176771617
2022,6,176771618
2022,6,176771619
2022,6,176771623
2022,6,177063355
2022,6,176890961
2022,6,192775757
2022,6,177646356
2022,6,177063358
2022,6,177063359
2022,9,177125636
2022,9,177105283
2022,6,177105287
2022,6,177105288
2022,6,177105293
2022,6,177105294
2022,6,177125637
2022,6,177125638
2022,6,177129497
2022,6,177129498
2022,9,177139537
2022,6,183842795
2022,6,177511579
2022,6,177255408
2022,6,177278735
2022,9,177282605
2022,6,177511580
2022,9,177511583
2022,6,177534053
2022,6,194317187
2022,2,194317194
2022,9,194317209
2022,9,194317212
2022,6,177646359
2022,6,177658782
2022,6,177658783
2022,6,179672061
2022,6,178022575
2022,6,182932394
2022,6,182655790
2022,6,182982888
2022,6,178022579
2022,6,184302098
2022,6,185167164
2022,6,186346927
2022,8,186346927
2022,6,186346932
2022,6,186346937
2022,12,186346942
2022,9,195343152
2022,6,187722369
2022,6,195343156
2022,9,190179314
2022,6,190773153
2022,6,190773157
2022,9,195878755
2022,6,195373072
2022,6,187355823
2022,7,192150226
2022,5,192150228
2022,6,179994319
2022,6,197412143
2022,5,178061031
2022,9,179561074
2022,6,178243248
2022,9,178288856
2022,9,178297132
2022,9,178353597
2022,6,178411300
2022,6,178659943
2022,6,178797741
2022,6,178780497
2022,6,178858480
2022,6,178957172
2022,6,178880030
2022,6,178957173
2022,6,178955979
2022,6,178955981
2022,6,178957175
2022,9,179095752
2022,9,179095754
2022,6,179238987
2022,9,181757799
2022,9,179325429
2022,6,179994320
2022,6,179544341
2022,9,179534853
2022,6,179613151
2022,6,179544346
2022,6,179544367
2022,6,181523347
2022,6,179544371
2022,6,179550541
2022,9,182643790
2022,9,180883337
2022,1,179590195
2022,3,179590195
2022,6,179590201
2022,6,179590202
2022,6,179590203
2022,6,179613162
2022,6,179994336
2022,6,180253690
2022,9,180382933
2022,6,180529401
2022,6,180253695
2022,6,180556461
2022,6,181271581
2022,6,181293447
2022,6,181293450
2022,9,181408303
2022,2,180253696
2022,9,181441102
2022,8,181455866
2022,6,181458734
2022,6,181459899
2022,9,182643792
2022,9,181477624
2022,9,181477625
2022,9,181483404
2022,6,181517152
2022,3,180253697
2022,6,181757800
2022,9,181549595
2022,9,181549596
2022,6,180253697
2022,6,180253701
2022,6,181626935
2022,9,181653142
2022,9,181653144
2022,6,181732615
2022,9,181745109
2022,9,182643810
2022,9,182643813
2022,9,182643814
2022,3,182643817
2022,9,182643825
2022,6,182643826
2022,6,182643827
2022,9,182643828
2022,9,182643863
2022,6,181277157
2022,9,182800684
2022,6,184075745
2022,6,182944851
2022,9,183064544
2022,9,183209572
2022,6,183209573
2022,2,183737657
2022,6,183705399
2022,2,183737658
2022,2,184365384
2022,6,183917332
2022,6,183953998
2022,2,183967286
2022,2,183971007
2022,4,184232051
2022,6,184075747
2022,6,181277158
2022,8,181277158
2022,1,181277159
2022,3,181315804
2022,6,184241321
2022,6,181315810
2022,8,181315810
2022,6,181315818
2022,6,184337097
2022,6,181442369
2022,9,184822105
2022,2,185429749
2022,8,181442369
2022,6,181442370
2022,8,181442370
2022,6,181447624
2022,6,182645749
2022,2,185551298
2022,9,187352210
2022,9,187352211
2022,9,185837889
2022,9,185837890
2022,9,185837891
2022,6,182645772
2022,2,186165360
2022,2,186309777
2022,6,182645800
2022,6,186621355
2022,6,186856271
2022,6,182645803
2022,9,195452609
2022,8,182645803
2022,6,182645804
2022,8,182645804
2022,6,182645838
2022,2,187336609
2022,6,182645841
2022,6,182703227
2022,6,187524036
2022,1,182857397
2022,9,187645089
2022,6,182901137
2022,6,188649910
2022,6,182901139
2022,8,182901139
2022,6,182901140
2022,8,182901140
2022,6,182901146
2022,2,188809782
2022,8,182901146
2022,2,182932100
2022,6,183410025
2022,9,194317246
2022,6,188879026
2022,8,182993417
2022,9,188977898
2022,8,183044552
2022,6,183450539
2022,6,183666950
2022,8,183666950
2022,6,183666951
2022,8,183666951
2022,6,183666954
2022,6,184289027
2022,6,184483806
2022,2,184483821
2022,6,185429834
2022,6,185441924
2022,8,185441924
2022,6,185441927
2022,1,185441940
2022,6,185441941
2022,1,186698857
2022,8,186698858
2022,3,186880198
2022,6,186880198
2022,6,186880199
2022,3,187715065
2022,6,190714085
2022,6,187715065
2022,2,187846051
2022,6,189419014
2022,9,189429087
2022,9,190122573
2022,9,189810728
2022,6,187734782
2022,6,187734791
2022,6,190728659
2022,6,190230432
2022,3,187741164
2022,9,190561595
2022,6,191824469
2022,6,191873130
2022,2,194317250
2022,6,192457903
2022,1,192753279
2022,3,192753280
2022,2,192753287
2022,6,187741179
2022,2,187801052
2022,2,194317271
2022,6,194317274
2022,6,194317278
2022,6,194317281
2022,6,187846059
2022,6,187846060
2022,6,187846074
2022,2,196992570
2022,6,190678061
2022,6,190678062
2022,6,176317899
2022,8,181489539
2022,6,181483405
2022,8,184869270
2022,8,184869272
2022,6,184869273
2022,8,185202218
2022,6,187846075
2022,2,189425793
2022,6,190426171
2022,6,190678138
2022,2,190717323
2022,6,190989564
2022,6,191012858
2022,6,191012863
2022,8,192017630
2022,5,199432757
2022,6,198054587
2022,8,192017631
2022,6,192017632
2022,6,192017635
2022,6,192017645
2022,2,192069854
2022,1,192069859
2022,1,192458111
2022,6,192458115
2022,6,192458116
2022,6,192493624
2022,3,192754225
2022,1,194741157
2022,6,194741159
2022,14,194322207
2022,6,194322208
2022,8,194322214
2022,8,194322215
2022,6,194322221
2022,6,195233759
2022,6,194322222
2022,6,194322287
2022,6,190233331
2022,6,190233332
2022,9,190233339
2022,6,190233346
2022,6,190233348
2022,8,194322287
2022,6,194322307
2022,6,190233374
2022,2,194322309
2022,2,194322310
2022,6,194322311
2022,6,194322317
2022,6,190233386
2022,8,194322317
2022,6,195218695
2022,6,190425863
2022,6,190425922
2022,6,195218710
2022,6,190425948
2022,6,190539218
2022,6,195218719
2022,6,190539228
2022,6,190539231
2022,6,195218720
2022,6,195278993
2022,8,195278993
2022,6,195278994
2022,6,196974667
2022,6,190539248
2022,2,196974669
2022,6,190539255
2022,2,196974680
2022,6,190539262
2022,6,190539263
2022,6,196974688
2022,6,199603673
2022,6,190539286
2022,6,190561598
2022,6,190561599
2022,6,190564903
2022,6,199743164
2022,6,190564914
2022,6,199856497
2022,6,190564920
2022,3,199888611
2022,6,190564935
2022,6,190564961
2022,6,190564966
2022,6,190564967
2022,6,190564974
2022,6,190564992
2022,6,197221623
2022,6,197221627
2022,6,197221635
2022,9,199075901
2022,6,197221641
2022,6,199144025
2022,6,199144027
2022,6,199144031
2022,6,197221667
2022,6,197221671
2022,6,197221674
2022,6,197221680
2022,6,199144034
2022,6,195282802
2022,6,199144036
2022,9,199075908
2022,6,195282812
2022,6,199144041
2022,6,199144045
2022,6,199888612
2022,6,201373862
2022,6,195964540
2022,6,195282829
2022,6,199144055
2022,6,194320079
2022,6,192493562
2022,6,201373863
2022,6,194320089
2022,2,201590631
2022,6,201865936
2022,6,202005477
2022,6,202629272
2022,6,202651726
2022,6,202727313
2022,6,199075918
2022,6,200048144
2022,6,194320098
2022,6,194320102
2022,6,199075951
2022,6,195282833
2022,6,202727326
2022,6,199936386
2022,9,176872644
2022,6,195282835
2022,6,199075959
2022,6,199075961
2022,6,199075964
2022,6,195282837
2022,6,195282839
2022,6,195282842
2022,6,200048145
2022,6,194756472
2022,6,194756474
2022,6,199075980
2022,6,194320132
2022,6,199075982
2022,6,199075984
2022,6,194320138
2022,9,177063524
2022,9,177067790
2022,9,177079919
2022,9,177082241
2022,6,177079920
2022,6,177079921
2022,9,177079923
2022,9,177082246
2022,9,177115802
2022,9,177115806
2022,6,177115807
2022,6,177115808
2022,6,177115809
2022,6,177115810
2022,9,177115817
2022,9,177115818
2022,9,177129505
2022,6,177115824
2022,6,177115825
2022,9,177182962
2022,6,177129508
2022,6,177129509
2022,9,177182966
2022,6,177129510
2022,9,177182969
2022,9,177325083
2022,6,177187133
2022,9,177235097
2022,6,177325085
2022,6,177255430
2022,6,177325086
2022,9,177243497
2022,9,177255432
2022,9,177255436
2022,9,177255439
2022,6,201255238
2022,6,201255255
2022,6,201255259
2022,9,177256946
2022,9,177325087
2022,9,177325090
2022,9,177325091
2022,6,177325092
2022,9,177325093
2022,6,177400339
2022,6,177400340
2022,6,177646491
2022,9,177400348
2022,9,181442374
2022,9,177400353
2022,9,177405093
2022,9,177518509
2022,9,177518512
2022,9,178053439
2022,9,177534114
2022,9,177646497
2022,6,177646499
2022,6,177646503
2022,6,177646504
2022,9,177646516
2022,6,177658835
2022,9,177713139
2022,6,201255328
2022,9,202005357
2022,9,179103276
2022,9,179590211
2022,9,177713155
2022,9,178231023
2022,2,177713161
2022,9,178053440
2022,9,178053441
2022,9,178235110
2022,3,178199718
2022,9,178199722
2022,6,178199726
2022,9,178235114
2022,6,178288946
2022,6,178288947
2022,9,179205917
2022,9,178313293
2022,2,178322931
2022,9,178780606
2022,9,178780611
2022,5,178858576
2022,9,178858581
2022,6,178858584
2022,6,178858585
2022,9,178858586
2022,9,178858587
2022,9,178858591
2022,9,178858593
2022,9,179019474
2022,9,179019475
2022,6,179019477
2022,9,179023389
2022,9,179101466
2022,9,179641455
2022,9,179186071
2022,9,179186072
2022,9,179186075
2022,6,179186076
2022,9,179186077
2022,9,179101470
2022,6,179103279
2022,9,179186085
2022,9,179186089
2022,9,179204524
2022,6,179204525
2022,9,179381384
2022,9,179378886
2022,9,179186090
2022,9,179494518
2022,6,179494519
2022,9,179494521
2022,6,179494526
2022,9,179500805
2022,6,179544391
2022,9,179544405
2022,9,179544407
2022,9,179590212
2022,9,179590213
2022,9,179590216
2022,2,179590217
2022,6,179590222
2022,6,179590223
2022,9,179590229
2022,9,179613164
2022,6,179613165
2022,6,179613166
2022,9,179641460
2022,9,179590230
2022,9,179641466
2022,9,179994358
2022,9,179672082
2022,6,179672083
2022,6,179672085
2022,9,179994363
2022,6,180075348
2022,9,180075351
2022,9,180075353
2022,9,180105888
2022,6,180253716
2022,9,180315010
2022,9,180383053
2022,8,176317909
2022,6,175897695
2022,6,176317910
2022,9,178235106
2022,9,177117757
2022,9,177255409
2022,9,178235107
2022,9,178187960
2022,9,178876302
2022,2,178955989
2022,9,179325437
2022,8,179550530
2022,6,179672073
2022,9,180430830
2022,9,180883410
2022,9,180430843
2022,6,189099309
2022,9,181421925
2022,9,180430857
2022,9,182646359
2022,9,182773484
2022,8,182773487
2022,9,183386326
2022,9,183459609
2022,9,184251802
2022,9,185567049
2022,6,187717365
2022,9,187980643
2022,8,194322914
2022,9,189195873
2022,6,190043918
2022,6,190043919
2022,6,190043922
2022,9,190417167
2022,9,190565004
2022,9,180883411
2022,6,180883419
2022,9,180883420
2022,5,180883422
2022,9,180883425
2022,9,180883432
2022,9,180914270
2022,9,181282137
2022,6,190773182
2022,9,191132783
2022,9,191880389
2022,9,191880392
2022,9,191880393
2022,9,195110763
2022,9,192425846
2022,9,192776669
2022,6,194322917
2022,9,183892884
2022,9,181293506
2022,2,181310839
2022,9,181293512
2022,9,181293520
2022,6,181293522
2022,9,181315830
2022,9,181386810
2022,9,181386812
2022,9,181386813
2022,9,181432790
2022,9,183896267
2022,1,181432793
2022,9,181442382
2022,9,181442383
2022,9,181447631
2022,9,181453467
2022,9,181453468
2022,6,181453470
2022,5,181459948
2022,6,181456399
2022,6,181456400
2022,9,181459951
2022,9,181462974
2022,9,181477685
2022,6,181477686
2022,6,181477688
2022,9,181477689
2022,9,181477692
2022,6,181481131
2022,6,181528247
2022,9,181477699
2022,9,181493192
2022,6,181517204
2022,9,181520986
2022,3,201044781
2022,9,194322927
2022,9,194719397
2022,6,195278951
2022,1,187336657
2022,6,181520989
2022,2,184832719
2022,9,181577137
2022,9,181530232
2022,2,181528256
2022,9,181577150
2022,9,182646820
2022,9,181577151
2022,9,181653201
2022,9,181653202
2022,9,181653203
2022,6,187336835
2022,6,187336836
2022,6,181653205
2022,6,181653206
2022,9,181660239
2022,9,181660243
2022,2,183898099
2022,6,182646834
2022,3,187336910
2022,3,187336911
2022,6,182646835
2022,2,182646838
2022,9,182646846
2022,9,182646856
2022,9,182646857
2022,2,182646861
2022,9,182646866
2022,6,182646867
2022,9,182646876
2022,6,182646878
2022,6,182646880
2022,9,182646889
2022,3,187336957
2022,3,187336958
2022,9,182646893
2022,6,182646909
2022,6,187355702
2022,6,182646910
2022,6,182646911
2022,9,182646915
2022,9,182646918
2022,6,187388382
2022,6,182646920
2022,6,182646921
2022,9,182646922
2022,6,182646924
2022,9,182646928
2022,2,182646932
2022,6,182646936
2022,6,183896269
2022,9,182646947
2022,9,182646950
2022,2,182646953
2022,9,182646963
2022,6,182656035
2022,9,182646968
2022,9,182646969
2022,6,182646978
2022,6,182646979
2022,9,182646982
2022,9,182764178
2022,9,182857527
2022,9,182703285
2022,9,182901401
2022,9,182901404
2022,6,182901410
2022,9,182901411
2022,6,182982022
2022,9,182982024
2022,9,183044575
2022,9,182932124
2022,6,182932125
2022,9,182982026
2022,9,182982028
2022,9,183044582
2022,9,183209671
2022,2,183152918
2022,9,183152919
2022,6,183382402
2022,6,183382403
2022,6,183382411
2022,9,183382412
2022,9,183382417
2022,2,183410036
2022,9,183450568
2022,6,183410037
2022,9,183410038
2022,9,183450572
2022,9,183450579
2022,6,183450580
2022,9,183450581
2022,9,183459610
2022,9,183459612
2022,6,183459619
2022,6,183666975
2022,9,183666978
2022,6,183666979
2022,6,183669010
2022,6,183669011
2022,9,183666980
2022,9,183666983
2022,9,183669017
2022,9,183669019
2022,6,183669020
2022,9,183669024
2022,2,183669032
2022,9,183693265
2022,9,183693266
2022,6,183693267
2022,9,183693269
2022,9,183693270
2022,6,188743125
2022,9,183705511
2022,6,183705512
2022,6,183705513
2022,6,183705518
2022,6,183705520
2022,6,183705534
2022,6,188749619
2022,3,189193653
2022,6,183705535
2022,2,183738158
2022,2,183738160
2022,9,183738166
2022,9,183738167
2022,9,183738169
2022,9,183738170
2022,3,189193654
2022,6,183738173
2022,6,183738174
2022,9,183738176
2022,2,183738190
2022,6,183738200
2022,9,183738201
2022,9,183738203
2022,9,183892889
2022,6,183892891
2022,6,183738206
2022,9,183842845
2022,9,183842847
2022,9,183842851
2022,6,183892893
2022,9,183892894
2022,6,183920758
2022,6,183920759
2022,6,183954121
2022,6,183954122
2022,9,187980738
2022,9,183898107
2022,9,183920762
2022,9,183971050
2022,6,183971052
2022,6,183971063
2022,9,183971064
2022,6,183971065
2022,6,183971066
2022,9,183971067
2022,9,183990407
2022,9,184337230
2022,9,184072809
2022,6,184072810
2022,9,184072811
2022,6,189193654
2022,6,184075801
2022,6,184075802
2022,2,184075806
2022,9,184232147
2022,9,184126907
2022,9,184126913
2022,1,189277311
2022,1,189281837
2022,9,184148046
2022,9,184232148
2022,2,184168731
2022,9,184168733
2022,3,189281846
2022,9,184232153
2022,6,184241406
2022,9,184244056
2022,9,184244059
2022,9,184244060
2022,2,184289055
2022,6,184304495
2022,9,184289058
2022,9,184304496
2022,6,184304497
2022,6,184337233
2022,6,184337234
2022,9,184337240
2022,9,184337241
2022,9,184337242
2022,6,184337245
2022,6,184337246
2022,9,184337247
2022,9,184365445
2022,6,184365447
2022,6,184365448
2022,9,184369297
2022,9,184369298
2022,9,184369299
2022,9,184392134
2022,6,184392136
2022,6,184392137
2022,9,184392140
2022,9,184369302
2022,6,184369303
2022,6,184369304
2022,6,184365458
2022,9,184369307
2022,9,184483856
2022,9,184392157
2022,9,184410275
2022,9,184410276
2022,6,184392159
2022,6,184392160
2022,9,187801086
2022,9,184392162
2022,9,184392164
2022,6,184410281
2022,9,184410285
2022,9,184410286
2022,9,184483863
2022,9,184483865
2022,9,184474104
2022,9,184483882
2022,6,189281847
2022,6,184483885
2022,9,184483889
2022,2,184483901
2022,9,184392167
2022,9,184483907
2022,9,184538928
2022,1,189281860
2022,9,184576601
2022,9,184538938
2022,9,184576608
2022,9,184576614
2022,9,184576616
2022,9,184576617
2022,9,184576633
2022,6,184576639
2022,6,184576648
2022,6,184576649
2022,9,184576657
2022,9,184625107
2022,6,184576666
2022,2,189425628
2022,6,184576667
2022,9,184625109
2022,9,184625111
2022,6,184625114
2022,9,184576670
2022,2,184625117
2022,9,184810965
2022,9,184810967
2022,6,184810978
2022,9,186231252
2022,2,200042791
2022,6,189429111
2022,6,185202267
2022,9,185202269
2022,6,185567125
2022,6,185487752
2022,9,185728610
2022,9,185673166
2022,6,185673171
2022,6,185673172
2022,9,185728613
2022,6,185728616
2022,6,185728617
2022,6,185728618
2022,6,185728619
2022,9,186067183
2022,9,186067185
2022,9,186067189
2022,9,186067192
2022,9,186067196
2022,6,185783847
2022,9,186067204
2022,6,186067209
2022,9,186067214
2022,9,186067216
2022,9,186067224
2022,9,186119451
2022,6,186140007
2022,6,186140008
2022,6,186140009
2022,6,186140010
2022,6,186140011
2022,6,186140012
2022,6,186089584
2022,2,190233411
2022,2,186140013
2022,6,186207488
2022,6,186207489
2022,9,186207490
2022,9,186154223
2022,9,186207500
2022,6,190539312
2022,6,186231256
2022,6,186231257
2022,6,186207507
2022,6,186207508
2022,6,186333854
2022,6,186333855
2022,9,186377698
2022,9,186621510
2022,9,186621514
2022,6,186231263
2022,6,186231264
2022,6,186333865
2022,9,186621528
2022,6,186621533
2022,6,186621535
2022,9,186621537
2022,9,186647304
2022,6,186621544
2022,6,186621550
2022,9,186621552
2022,9,186647308
2022,6,186684853
2022,6,186684854
2022,9,186684859
2022,6,190859824
2022,9,186684860
2022,6,186684862
2022,6,186684863
2022,6,186684864
2022,9,186684866
2022,9,186686956
2022,9,186686957
2022,6,186686958
2022,6,186686959
2022,6,186684870
2022,6,186698899
2022,6,190859847
2022,6,186698900
2022,9,186698903
2022,9,186698919
2022,9,186698921
2022,9,186698922
2022,9,186686960
2022,9,186698923
2022,9,186698926
2022,9,186698927
2022,9,186880209
2022,6,186880225
2022,9,186702869
2022,9,186702871
2022,6,186702874
2022,9,186856383
2022,9,186880244
2022,2,186880245
2022,9,186880251
2022,9,186880261
2022,6,186880275
2022,6,186880276
2022,9,187013116
2022,6,187013117
2022,6,187013118
2022,1,187013120
2022,6,187013121
2022,6,187013122
2022,9,187122023
2022,9,187122025
2022,9,187279699
2022,9,187279700
2022,9,187032711
2022,9,187032717
2022,9,187032718
2022,9,187032719
2022,9,187101828
2022,9,187122029
2022,9,187122035
2022,9,187217358
2022,9,187217362
2022,9,187279702
2022,9,187279703
2022,2,187279709
2022,6,187337095
2022,6,187337096
2022,6,187337097
2022,6,187337098
2022,9,187337102
2022,9,187337103
2022,9,187337108
2022,9,187337112
2022,6,187352277
2022,6,187337116
2022,9,187352282
2022,9,187352284
2022,9,187355844
2022,6,187355845
2022,9,187355857
2022,9,187355858
2022,6,187355859
2022,6,187355860
2022,9,187355862
2022,3,187355863
2022,6,187355864
2022,2,187734803
2022,2,187388422
2022,2,187388424
2022,6,187388426
2022,9,187388428
2022,9,187388435
2022,9,187433993
2022,9,187433995
2022,9,187434004
2022,6,187434023
2022,6,194324458
2022,6,187505470
2022,9,187508766
2022,9,187508767
2022,9,189234365
2022,6,194324561
2022,6,187508769
2022,6,187508770
2022,2,187508775
2022,2,187623579
2022,9,187631269
2022,6,187508778
2022,6,187508779
2022,9,187734807
2022,9,187734809
2022,9,187734817
2022,9,187631275
2022,6,187638883
2022,9,187638886
2022,9,187645151
2022,9,187645152
2022,9,187645153
2022,9,187645156
2022,9,187645159
2022,9,187717428
2022,9,187717429
2022,9,187734818
2022,9,187741187
2022,9,187741188
2022,9,187741194
2022,9,187741195
2022,9,187741197
2022,9,187741201
2022,9,187741202
2022,6,187741203
2022,6,187741204
2022,9,187983029
2022,6,187866803
2022,9,187866805
2022,9,189810758
2022,9,187898110
2022,9,187898111
2022,9,187898113
2022,6,187983035
2022,6,187983036
2022,9,188010050
2022,9,188027406
2022,9,188010052
2022,2,188010057
2022,9,190041269
2022,9,188034818
2022,9,188034823
2022,6,188034824
2022,9,188034825
2022,9,188809862
2022,9,188809863
2022,2,188823605
2022,6,195964567
2022,2,186377575
2022,2,186377578
2022,2,188879063
2022,2,186693436
2022,2,186693438
2022,9,188879065
2022,9,188895643
2022,2,186856282
2022,2,186856288
2022,2,186856293
2022,2,186856298
2022,2,186856302
2022,6,188981190
2022,2,186856306
2022,2,186856310
2022,2,186856325
2022,2,186856331
2022,6,188827086
2022,2,186856335
2022,6,188879067
2022,2,186856337
2022,6,188879071
2022,2,186856348
2022,6,188879072
2022,2,186970457
2022,6,188879074
2022,6,188879075
2022,2,186970460
2022,9,188906744
2022,2,186970462
2022,2,187012779
2022,1,187012781
2022,2,187027466
2022,2,187027468
2022,2,187336983
2022,2,187336989
2022,2,187336991
2022,2,187336993
2022,2,187336995
2022,2,187866702
2022,2,187866707
2022,2,187866714
2022,6,187980644
2022,2,188027343
2022,2,188027344
2022,2,188027347
2022,6,188027348
2022,6,188046558
2022,2,188373927
2022,2,188373931
2022,2,188373932
2022,2,188511393
2022,2,188511395
2022,6,188662819
2022,6,188800494
2022,2,188823532
2022,9,188906746
2022,6,188887075
2022,6,188887076
2022,9,188887077
2022,6,188977903
2022,2,188981192
2022,2,189047915
2022,9,188981194
2022,9,189054667
2022,2,189089555
2022,2,189089557
2022,9,189054668
2022,9,188981198
2022,6,189267286
2022,6,189277318
2022,6,189429127
2022,6,189429128
2022,2,190041217
2022,2,190365004
2022,2,190365006
2022,6,191880416
2022,2,192554421
2022,2,192554437
2022,2,199463101
2022,2,194326701
2022,9,189054670
2022,9,189054671
2022,6,189111722
2022,6,189111723
2022,1,189089617
2022,9,189089619
2022,6,195157662
2022,6,196687958
2022,6,197348391
2022,9,189111724
2022,9,189155174
2022,9,189155175
2022,2,198597414
2022,6,198597415
2022,6,199023701
2022,9,189234367
2022,9,189241709
2022,9,189241712
2022,9,189241716
2022,9,189241719
2022,2,200711769
2022,2,201524640
2022,9,189241723
2022,6,189313840
2022,9,189313841
2022,9,189282063
2022,6,189282064
2022,4,201997430
2022,6,189282065
2022,3,189282069
2022,6,189282070
2022,1,182649118
2022,5,182649119
2022,6,189456319
2022,6,189456320
2022,9,189367031
2022,9,189810761
2022,2,189810763
2022,9,189810772
2022,6,189842975
2022,6,189842976
2022,9,189810774
2022,9,189842977
2022,9,189459627
2022,9,189768617
2022,6,189810775
2022,6,189810776
2022,9,189810777
2022,9,189810789
2022,6,189842981
2022,6,189842983
2022,9,189842985
2022,2,189842998
2022,6,189843005
2022,6,189960198
2022,2,198331220
2022,6,189962665
2022,9,189962666
2022,6,189962667
2022,9,189962668
2022,6,189962669
2022,6,189962670
2022,2,189962672
2022,9,189962674
2022,9,190041270
2022,9,190041272
2022,3,190041275
2022,9,190041276
2022,6,190041282
2022,9,190041283
2022,9,190041284
2022,1,190041285
2022,9,190041294
2022,9,190044014
2022,9,190044016
2022,2,190122759
2022,6,181281597
2022,6,181281599
2022,6,181653149
2022,6,181653151
2022,6,183450632
2022,2,183450634
2022,2,183738117
2022,6,185441732
2022,6,185441734
2022,2,185713625
2022,2,185776676
2022,9,190122763
2022,9,190044020
2022,9,190122765
2022,9,190122770
2022,9,190122771
2022,9,190403947
2022,2,190426224
2022,6,190426227
2022,6,190426228
2022,9,190426237
2022,9,190233443
2022,6,190179893
2022,6,189342110
2022,6,192198328
2022,6,192198329
2022,2,192198331
2022,6,194327923
2022,6,190179894
2022,9,190179895
2022,9,190230566
2022,9,190230567
2022,2,190245294
2022,6,197137933
2022,2,190248216
2022,6,198109520
2022,9,190248217
2022,2,190248220
2022,2,190248222
2022,9,190248223
2022,9,190403949
2022,6,190403950
2022,9,190403951
2022,6,190403952
2022,2,190417348
2022,9,190446603
2022,6,190449547
2022,6,190449548
2022,2,190449550
2022,9,190539330
2022,9,190561659
2022,9,190561664
2022,6,198660451
2022,6,190561665
2022,9,190714140
2022,9,190565044
2022,9,190701611
2022,9,190701612
2022,9,190565047
2022,2,199856695
2022,9,190623835
2022,2,190623839
2022,2,199925336
2022,9,190717343
2022,6,190701616
2022,6,190701617
2022,6,190714141
2022,9,190714142
2022,6,200620205
2022,6,200761667
2022,2,200975655
2022,6,201866040
2022,9,190717345
2022,6,190701618
2022,6,190701619
2022,2,190714145
2022,9,190717346
2022,9,190717348
2022,9,190728708
2022,2,190864114
2022,9,190959477
2022,6,190989583
2022,6,190989584
2022,9,190989587
2022,9,190989596
2022,6,191009919
2022,6,191009923
2022,6,191009924
2022,9,191012898
2022,9,191012903
2022,9,191009930
2022,2,202479471
2022,9,191012907
2022,2,202479472
2022,9,191053966
2022,9,191027379
2022,2,191053970
2022,6,191027391
2022,2,191027394
2022,9,195110805
2022,6,191053972
2022,9,191053973
2022,6,191053975
2022,9,191053976
2022,6,191053979
2022,9,191053982
2022,3,191265591
2022,6,191265592
2022,6,191352250
2022,7,202654747
2022,9,191352256
2022,9,191053989
2022,6,191053990
2022,6,191053991
2022,6,191053993
2022,6,191053994
2022,6,191053995
2022,9,191265594
2022,9,191352263
2022,6,191352270
2022,6,191352271
2022,6,191352300
2022,6,191352301
2022,9,191352304
2022,9,191352310
2022,9,191352315
2022,9,191649790
2022,6,191649792
2022,9,191649794
2022,6,191649796
2022,6,191649797
2022,9,191655086
2022,9,191794315
2022,2,175892834
2022,9,175892835
2022,9,175892837
2022,9,191794319
2022,2,175996517
2022,9,191824570
2022,2,175996518
2022,9,191831683
2022,9,191831684
2022,2,176162974
2022,2,191845984
2022,2,176162975
2022,2,176162979
2022,9,176162981
2022,2,176283047
2022,2,176283051
2022,9,191831693
2022,6,191845989
2022,6,191845990
2022,9,191848870
2022,6,191848874
2022,9,191848878
2022,6,191845991
2022,2,192198384
2022,9,191878761
2022,9,191878763
2022,2,176704408
2022,2,176704410
2022,2,176704418
2022,2,176704420
2022,9,176704422
2022,2,177063361
2022,2,177063362
2022,2,177063373
2022,9,178936364
2022,9,177115724
2022,9,191878773
2022,2,177127194
2022,9,177243490
2022,6,191880976
2022,2,177255410
2022,9,191880977
2022,6,191880978
2022,9,191880979
2022,9,191880980
2022,9,177400312
2022,9,192085767
2022,9,192085769
2022,9,177518444
2022,9,178936367
2022,9,177518445
2022,6,192017652
2022,9,177518447
2022,9,192059297
2022,9,177552765
2022,9,192069863
2022,2,177658823
2022,9,178936368
2022,2,178199393
2022,9,178199398
2022,9,192160855
2022,9,192150229
2022,9,178199409
2022,1,192087576
2022,6,192087577
2022,6,192087578
2022,6,192087581
2022,6,192087582
2022,6,192326679
2022,9,178371900
2022,9,178371902
2022,9,181736409
2022,9,192326680
2022,2,178391582
2022,9,192150232
2022,9,192160861
2022,9,178391587
2022,6,192160863
2022,6,192160864
2022,6,192160867
2022,6,192160868
2022,9,192196052
2022,9,192196056
2022,9,178911156
2022,6,192196057
2022,6,192198385
2022,9,192198390
2022,9,178911164
2022,9,192198394
2022,9,179103271
2022,9,192198397
2022,9,179204465
2022,9,179204466
2022,2,192279735
2022,9,179204469
2022,9,192279737
2022,2,179205910
2022,9,192326685
2022,9,181736411
2022,2,179205912
2022,9,192326689
2022,9,179494411
2022,9,192326690
2022,9,192326691
2022,9,192326694
2022,9,179544191
2022,6,192326696
2022,6,192326698
2022,9,192425909
2022,9,179544196
2022,9,179641296
2022,9,179641299
2022,9,179641300
2022,9,192425910
2022,9,192425911
2022,9,192326701
2022,9,180430764
2022,2,192409748
2022,6,192409750
2022,9,181277125
2022,9,192425912
2022,6,192425913
2022,9,192425914
2022,9,192425916
2022,9,181277130
2022,2,192425917
2022,9,181277131
2022,6,192458127
2022,9,180430806
2022,6,192458128
2022,9,192458129
2022,9,192493639
2022,2,181277134
2022,9,192597524
2022,9,181653153
2022,9,192597527
2022,9,181459902
2022,9,181653154
2022,9,181653155
2022,6,192597532
2022,9,181653160
2022,9,192597534
2022,2,181653162
2022,9,181653163
2022,9,192781560
2022,6,192781575
2022,9,181660206
2022,9,192597536
2022,9,192781577
2022,2,181462948
2022,6,192781584
2022,6,192781585
2022,9,181736416
2022,9,192781595
2022,9,181736418
2022,9,181489555
2022,9,194323575
2022,9,181489556
2022,9,181517165
2022,9,181528198
2022,9,181528199
2022,9,197882350
2022,6,181577094
2022,9,195110807
2022,2,182649733
2022,9,182649734
2022,9,182649740
2022,9,182649741
2022,9,182649743
2022,9,182649744
2022,9,194323607
2022,2,194323616
2022,9,194323622
2022,2,182649763
2022,9,182649765
2022,9,194323623
2022,9,182649767
2022,9,194323624
2022,9,194323625
2022,6,194323630
2022,9,182649774
2022,6,194323631
2022,9,182649775
2022,9,194323633
2022,9,194323634
2022,9,194323636
2022,9,194323638
2022,9,197683369
2022,9,182649785
2022,2,182649786
2022,9,182649789
2022,9,194323645
2022,9,194323646
2022,9,182649793
2022,2,194323649
2022,2,182649794
2022,2,182649795
2022,9,194323660
2022,9,182901474
2022,2,182703489
2022,9,194323662
2022,9,194323663
2022,6,194323665
2022,2,194323668
2022,9,194323670
2022,9,194323671
2022,9,194323682
2022,9,183153017
2022,9,194323683
2022,9,183664538
2022,9,194323686
2022,2,183382657
2022,9,183382658
2022,6,194323689
2022,9,183693224
2022,6,194323690
2022,2,183693225
2022,6,194323691
2022,9,194323694
2022,9,194323696
2022,9,194323698
2022,9,194323700
2022,9,183705410
2022,9,194323704
2022,9,184365558
2022,9,194323706
2022,2,184365559
2022,6,194323711
2022,9,184365562
2022,2,184365565
2022,9,194323713
2022,9,194323716
2022,9,184365568
2022,9,194323719
2022,9,184392403
2022,9,194323723
2022,9,184392406
2022,2,184392411
2022,6,194323724
2022,6,194323725
2022,6,194323732
2022,9,201064393
2022,9,194323733
2022,9,194323736
2022,9,184484085
2022,9,184484089
2022,6,194323739
2022,6,194323740
2022,6,194323741
2022,9,194323743
2022,9,194323744
2022,6,194323746
2022,9,184810814
2022,6,194323747
2022,2,194323748
2022,9,184810816
2022,2,194323755
2022,9,184810820
2022,9,194323757
2022,9,184817408
2022,9,184869276
2022,9,194323759
2022,9,184869278
2022,6,194323760
2022,6,194323761
2022,9,194323762
2022,9,184869281
2022,9,194323763
2022,9,194323773
2022,9,184869283
2022,9,184942066
2022,6,194323774
2022,2,194323786
2022,9,184942096
2022,2,184942111
2022,9,184942125
2022,6,194323790
2022,6,194323791
2022,9,185479208
2022,1,194323793
2022,2,184971530
2022,6,194323794
2022,2,195110810
2022,9,184971535
2022,9,194323802
2022,9,194323806
2022,6,194323807
2022,2,194323811
2022,2,198422513
2022,2,194323819
2022,9,185631292
2022,2,194323825
2022,6,194323827
2022,9,194323830
2022,6,194323836
2022,9,185631302
2022,9,194323838
2022,6,194323839
2022,6,194323840
2022,9,194323843
2022,9,194323844
2022,9,194323849
2022,2,200531186
2022,9,186165363
2022,9,186165364
2022,2,200042796
2022,9,186207405
2022,2,194323861
2022,6,194323869
2022,6,194323870
2022,2,194323874
2022,2,194752849
2022,9,186880122
2022,2,202519957
2022,2,187012786
2022,9,187121903
2022,9,187217291
2022,9,187220761
2022,9,187352222
2022,9,187355710
2022,9,187355712
2022,2,187355715
2022,9,187417908
2022,9,187638840
2022,2,187623556
2022,9,187638843
2022,9,188373933
2022,9,188027364
2022,9,188046565
2022,9,188373935
2022,2,202061146
2022,9,188373938
2022,9,188647676
2022,2,188743142
2022,9,194756552
2022,9,194323884
2022,6,194715425
2022,2,202519959
2022,9,194715428
2022,9,194756553
2022,6,194756556
2022,2,194756561
2022,9,194763291
2022,6,194763293
2022,2,195110812
2022,9,194763300
2022,2,195080960
2022,2,195110816
2022,2,195110818
2022,6,195110821
2022,9,195110824
2022,9,195150072
2022,2,195157896
2022,9,195158851
2022,9,195158857
2022,9,195218723
2022,9,189089561
2022,6,189099326
2022,9,189099329
2022,2,189099332
2022,2,189099357
2022,2,189193676
2022,9,189277320
2022,9,189277323
2022,9,189313798
2022,2,189768581
2022,9,189823411
2022,9,189823412
2022,2,190043948
2022,9,202923068
2022,9,190118616
2022,9,190118617
2022,9,190179631
2022,2,190417170
2022,9,190623600
2022,9,195218725
2022,9,190623604
2022,6,196420475
2022,9,190674523
2022,6,196420476
2022,9,196420477
2022,9,190674525
2022,9,195218731
2022,6,195218733
2022,6,195264446
2022,9,190864050
2022,6,195264447
2022,1,195264448
2022,6,195264450
2022,6,195264451
2022,9,190864055
2022,6,195279001
2022,9,191009837
2022,6,195279002
2022,6,195279003
2022,9,195279004
2022,9,195279005
2022,2,191053939
2022,2,200042798
2022,2,191053940
2022,9,191053942
2022,2,195279010
2022,2,191053943
2022,2,195279013
2022,9,191649711
2022,9,195282858
2022,9,191649712
2022,9,191649713
2022,2,199568959
2022,9,191791227
2022,2,195343184
2022,9,195343185
2022,9,191878711
2022,9,195343186
2022,9,195343188
2022,9,195343191
2022,9,192195981
2022,2,195343193
2022,9,195279019
2022,1,195764514
2022,2,195764516
2022,9,195417742
2022,9,192198332
2022,9,195417743
2022,9,192198336
2022,2,195424240
2022,9,192198338
2022,9,192198340
2022,9,195452674
2022,9,192198341
2022,9,192198342
2022,9,192409689
2022,9,192409690
2022,9,194328347
2022,9,192493578
2022,9,195452675
2022,2,192753314
2022,6,195424249
2022,2,192753315
2022,6,195424250
2022,9,195462118
2022,9,195462120
2022,9,192776776
2022,6,195452680
2022,9,192776778
2022,9,192776780
2022,2,195462123
2022,9,195623791
2022,9,194328353
2022,9,194328356
2022,2,195774321
2022,2,195623796
2022,2,195623801
2022,9,194328368
2022,9,195634359
2022,9,194328371
2022,9,195634360
2022,9,194328377
2022,9,195634362
2022,2,195774330
2022,9,194328381
2022,9,194328386
2022,9,195823122
2022,9,194328391
2022,2,195823125
2022,6,195634363
2022,2,195823136
2022,9,194328405
2022,9,194328406
2022,9,194328407
2022,9,194328408
2022,9,194328409
2022,9,194328410
2022,9,195823141
2022,9,194328414
2022,6,195823145
2022,9,194328420
2022,9,194328421
2022,6,194328422
2022,6,195823146
2022,2,195881419
2022,9,194328425
2022,9,194328427
2022,9,195881421
2022,6,195881422
2022,6,195881423
2022,9,195080941
2022,6,195890323
2022,9,195110764
2022,6,195110769
2022,2,195110771
2022,9,195129512
2022,9,195129513
2022,6,195890324
2022,6,195890325
2022,2,196142511
2022,9,195343159
2022,9,196152594
2022,9,195417728
2022,9,195452643
2022,9,195452644
2022,2,183450728
2022,2,183450731
2022,2,182901546
2022,9,182932297
2022,6,196152601
2022,2,182932303
2022,9,196152604
2022,6,196152615
2022,9,183842803
2022,9,183044673
2022,9,196176414
2022,2,196182359
2022,9,196182360
2022,2,199603717
2022,2,196398910
2022,9,196398916
2022,9,196182368
2022,9,196398920
2022,9,196398922
2022,9,196412093
2022,9,196412096
2022,9,196412097
2022,9,196412098
2022,9,196412099
2022,9,196420481
2022,9,182703657
2022,2,196412112
2022,9,183738125
2022,2,196420491
2022,9,196456427
2022,6,196459878
2022,9,196459888
2022,2,182764621
2022,9,196459889
2022,9,196459890
2022,9,196459891
2022,9,196459894
2022,9,196459897
2022,6,196459899
2022,6,183738126
2022,9,189960208
2022,2,183450736
2022,2,183450743
2022,6,183705435
2022,2,183954001
2022,6,184228454
2022,6,184289179
2022,2,184822114
2022,2,185479213
2022,2,186139940
2022,2,187388390
2022,2,187355717
2022,9,187734716
2022,9,187722371
2022,2,187355719
2022,2,187631211
2022,9,188895605
2022,9,189193677
2022,9,189842930
2022,2,190714106
2022,9,189960209
2022,9,189960211
2022,9,189960214
2022,9,189960215
2022,9,189960216
2022,2,194331514
2022,2,194331533
2022,9,194331534
2022,6,194331560
2022,2,194331569
2022,2,194331572
2022,6,194331581
2022,2,195080943
2022,9,189960220
2022,9,189960222
2022,9,189960226
2022,9,189960234
2022,6,189960236
2022,9,189960238
2022,9,189960239
2022,9,189960245
2022,9,189960248
2022,9,189960249
2022,9,189960251
2022,9,189960252
2022,9,189960254
2022,9,189960255
2022,9,189960256
2022,9,189960259
2022,9,189960264
2022,9,189960265
2022,9,189960267
2022,6,178877108
2022,3,178877154
2022,3,178877165
2022,6,178877183
2022,6,178877218
2022,6,178877219
2022,6,178877234
2022,9,189960268
2022,9,189960269
2022,9,189960271
2022,9,189960272
2022,9,189960273
2022,9,189960274
2022,9,189960281
2022,9,189960283
2022,6,179019417
2022,9,189960284
2022,9,189960289
2022,9,189960291
2022,6,179101407
2022,6,179378612
2022,6,179544200
2022,3,182651995
2022,6,181419671
2022,3,181442311
2022,6,181453399
2022,6,181477638
2022,6,181489560
2022,6,182652012
2022,6,182652018
2022,8,182652023
2022,6,182652031
2022,3,182652039
2022,3,182652041
2022,6,182652042
2022,3,182652043
2022,6,182652044
2022,6,182652048
2022,6,182652068
2022,3,182652069
2022,3,182652084
2022,6,182652091
2022,3,182652104
2022,6,182703661
2022,9,189960292
2022,6,184337369
2022,9,189960293
2022,9,189960294
2022,9,189960297
2022,9,189960298
2022,9,189960299
2022,9,189960303
2022,6,182932317
2022,6,182982638
2022,6,183044700
2022,6,183044701
2022,1,183153132
2022,6,183210039
2022,6,183410067
2022,6,183410068
2022,3,183732214
2022,6,183842808
2022,3,183842811
2022,6,183842813
2022,6,183954034
2022,6,183971012
2022,6,183992519
2022,9,189960307
2022,9,189960312
2022,9,189960313
2022,9,189960316
2022,9,189960317
2022,9,189960323
2022,9,189960324
2022,9,189960326
2022,6,184244012
2022,6,184244013
2022,3,184244014
2022,9,189960327
2022,9,189960330
2022,9,189960332
2022,9,189960334
2022,9,189960339
2022,9,189960340
2022,9,189960341
2022,9,189960342
2022,9,189960343
2022,9,189960344
2022,9,190184687
2022,6,184625063
2022,9,190577135
2022,6,184822115
2022,9,190771493
2022,9,190771494
2022,6,191054000
2022,9,191054002
2022,9,191807240
2022,9,191878774
2022,9,191878775
2022,9,191878776
2022,9,191878777
2022,9,192186069
2022,9,192186915
2022,9,192409751
2022,9,194324009
2022,9,192441950
2022,9,192616733
2022,9,194324010
2022,6,194324011
2022,3,194324014
2022,6,185429756
2022,9,194324016
2022,9,194324019
2022,9,194324022
2022,6,186040970
2022,9,195110831
2022,6,195264452
2022,6,195264453
2022,9,195264454
2022,6,186067018
2022,9,195264455
2022,6,186067019
2022,9,195264456
2022,9,195417744
2022,6,196459901
2022,6,186067041
2022,3,186067044
2022,6,189160567
2022,6,186139946
2022,1,187310389
2022,6,189160569
2022,6,189160570
2022,6,189160571
2022,1,187310391
2022,8,187310391
2022,2,189160573
2022,3,186207422
2022,6,189160575
2022,6,187310395
2022,6,189264531
2022,6,186333696
2022,6,186678949
2022,6,198453249
2022,6,187032675
2022,3,187032676
2022,6,187715042
2022,3,187505372
2022,6,187734725
2022,3,187734726
2022,6,187801008
2022,3,187310404
2022,6,187866732
2022,8,187310404
2022,6,187310410
2022,8,187310410
2022,6,189264535
2022,3,188007093
2022,6,189264537
2022,3,188800526
2022,6,189264538
2022,6,189264539
2022,6,189264546
2022,6,189264556
2022,6,189264561
2022,6,188823545
2022,3,188895613
2022,6,189047945
2022,6,189234353
2022,3,189234355
2022,6,189264562
2022,6,189264567
2022,6,189264575
2022,6,189264580
2022,6,189282076
2022,6,189234356
2022,6,189234358
2022,6,189313803
2022,6,189295094
2022,6,189295096
2022,6,189295101
2022,6,189313804
2022,6,189313810
2022,3,189313811
2022,6,189367006
2022,6,189381058
2022,3,189381059
2022,6,189381059
2022,6,189459605
2022,3,189810737
2022,6,189842932
2022,3,189842937
2022,6,190179634
2022,6,189295104
2022,3,190230443
2022,6,189295105
2022,6,189393802
2022,6,189393805
2022,6,189420158
2022,6,197348394
2022,6,190600601
2022,6,190691828
2022,6,191012816
2022,6,191012818
2022,3,191649717
2022,6,189420164
2022,6,189420166
2022,6,189420168
2022,6,189420173
2022,6,189423313
2022,6,192195999
2022,6,189423323
2022,6,189423333
2022,6,194324407
2022,6,190701623
2022,6,190701628
2022,6,190701630
2022,6,194331644
2022,6,190705857
2022,3,202419607
2022,6,192604697
2022,6,192604701
2022,6,198996900
2022,6,194324411
2022,6,196796727
2022,6,194331704
2022,6,194331705
2022,6,196796731
2022,6,196796740
2022,6,196796758
2022,6,199177556
2022,6,194331754
2022,6,185631426
2022,6,195110773
2022,6,195110774
2022,6,194331789
2022,6,194756504
2022,6,195446909
2022,8,185631469
2022,8,185631496
2022,6,185631500
2022,6,178371964
2022,2,187980761
2022,6,187980763
2022,8,187980765
2022,6,187980777
2022,6,187980779
2022,6,178371969
2022,6,187980784
2022,6,187980791
2022,8,187980797
2022,1,187980801
2022,8,187980803
2022,6,187980806
2022,2,187980815
2022,6,197137939
2022,8,197137939
2022,8,187980826
2022,8,187980827
2022,2,187980828
2022,6,187980836
2022,6,187980848
2022,6,187980852
2022,6,187980858
2022,9,190245297
2022,1,187980863
2022,6,187980874
2022,8,187980883
2022,6,187980894
2022,2,187980897
2022,2,187980901
2022,6,187980905
2022,6,190248225
2022,6,190248229
2022,7,190248249
2022,6,190248252
2022,6,190248269
2022,6,190248270
2022,6,190248276
2022,2,190248281
2022,3,190248299
2022,2,197412165
2022,2,190248317
2022,2,190248323
2022,6,178371984
2022,2,190248329
2022,8,190248334
2022,2,190248336
2022,1,190248339
2022,6,190248341
2022,1,194326163
2022,6,194326175
2022,2,194326191
2022,6,194326192
2022,1,194326196
2022,6,194326208
2022,8,194326209
2022,2,194326212
2022,2,194326214
2022,6,194326218
2022,2,194326225
2022,2,194326236
2022,2,194326237
2022,8,178371988
2022,6,194326249
2022,2,194326257
2022,6,194326265
2022,2,194326266
2022,8,194326275
2022,6,197221844
2022,2,197221846
2022,2,197221849
2022,2,197221850
2022,6,197221853
2022,8,197221863
2022,6,197233645
2022,6,197233660
2022,6,197306377
2022,6,182993499
2022,6,197306381
2022,6,197306389
2022,2,197306404
2022,6,197306406
2022,2,192409707
2022,1,197882328
2022,1,197882329
2022,6,197306408
2022,1,185713633
2022,6,187722382
2022,8,197306408
2022,6,178371990
2022,6,199023708
2022,8,178371990
2022,2,197306418
2022,2,197306424
2022,6,184869299
2022,6,184869315
2022,6,185666804
2022,9,197306429
2022,6,186698697
2022,6,186693484
2022,6,186693485
2022,6,186693531
2022,6,186693534
2022,9,197310695
2022,12,197310698
2022,8,197310700
2022,1,178371991
2022,1,197310707
2022,9,197310709
2022,6,187101764
2022,8,197348456
2022,6,190230490
2022,6,197348460
2022,6,197348464
2022,5,190446570
2022,6,190691899
2022,6,197348465
2022,6,190691933
2022,6,192458026
2022,1,194338202
2022,6,197348468
2022,6,196168565
2022,6,196168596
2022,8,197348481
2022,6,197348511
2022,6,189277373
2022,6,192813653
2022,9,179544230
2022,9,179544233
2022,9,179544239
2022,9,179544242
2022,9,179544243
2022,9,179544244
2022,9,182901641
2022,9,182901643
2022,9,182901646
2022,9,182901647
2022,9,182901649
2022,9,182901651
2022,9,182901654
2022,9,182901660
2022,9,182901665
2022,8,197348514
2022,9,182901669
2022,9,182901674
2022,9,182901676
2022,9,182901679
2022,9,182901680
2022,9,182901683
2022,9,182901685
2022,9,182901689
2022,8,182901692
2022,6,182901693
2022,8,182901694
2022,1,182901701
2022,9,182901703
2022,9,182901705
2022,9,182901707
2022,9,182901708
2022,9,182904565
2022,9,182904580
2022,9,187121926
2022,9,187121929
2022,9,187121933
2022,9,187121934
2022,6,187121935
2022,9,187121936
2022,9,187121937
2022,9,187121938
2022,9,187121939
2022,9,187121940
2022,6,187121945
2022,9,187121946
2022,9,187121950
2022,9,187121951
2022,9,187121952
2022,9,187121954
2022,9,187121955
2022,9,187121956
2022,9,187121959
2022,9,187121965
2022,9,187121966
2022,9,190678079
2022,9,190678081
2022,6,190678083
2022,9,190678084
2022,9,190678087
2022,9,190678091
2022,9,190678092
2022,9,190678095
2022,9,190678098
2022,9,190678102
2022,9,191009851
2022,9,191009852
2022,9,191009853
2022,9,197412213
2022,9,191009856
2022,9,191009858
2022,9,191009859
2022,9,191009863
2022,6,191009869
2022,9,191009870
2022,9,191009885
2022,9,191009887
2022,9,192017503
2022,9,192017505
2022,9,192017515
2022,9,192017521
2022,9,192017524
2022,9,192017530
2022,9,192017536
2022,9,192017539
2022,9,192017541
2022,9,194333562
2022,9,194333565
2022,9,194333568
2022,9,194333569
2022,9,194333573
2022,6,194333575
2022,9,194333576
2022,9,194333577
2022,5,196412398
2022,9,195764449
2022,9,195764452
2022,9,195764456
2022,9,195764457
2022,9,195764458
2022,9,195764459
2022,9,195764461
2022,9,195764462
2022,9,195764463
2022,9,195764468
2022,9,195764469
2022,9,195764470
2022,9,195764471
2022,8,178371998
2022,9,195764474
2022,9,196491435
2022,1,197068988
2022,8,197437489
2022,9,196491438
2022,6,197068989
2022,9,196491446
2022,9,197068991
2022,9,196491447
2022,9,196491451
2022,9,196491455
2022,9,196491465
2022,9,196491468
2022,9,184126761
2022,9,184126762
2022,9,190600616
2022,6,184126767
2022,6,184126768
2022,6,184126769
2022,9,184126775
2022,6,184126776
2022,6,184126777
2022,8,184126780
2022,8,184126781
2022,6,184126785
2022,6,202005624
2022,9,202005625
2022,9,202005626
2022,6,184126790
2022,6,184126799
2022,9,197437498
2022,3,199597226
2022,3,199597227
2022,1,199597228
2022,9,184126805
2022,6,184126806
2022,6,184126811
2022,9,194329170
2022,9,184126814
2022,8,184126815
2022,8,184126816
2022,6,184126817
2022,8,184126818
2022,9,184126820
2022,6,184126821
2022,6,184126823
2022,8,184126825
2022,8,184126826
2022,6,184126829
2022,6,184126831
2022,6,184126832
2022,6,184126833
2022,6,184126834
2022,1,184126835
2022,6,184126835
2022,8,184126835
2022,1,184126836
2022,6,184126836
2022,8,184126836
2022,6,184126842
2022,8,184126842
2022,6,184126843
2022,8,184126843
2022,9,184126844
2022,6,184126845
2022,6,184126846
2022,6,184126847
2022,6,184126849
2022,6,185435568
2022,6,184126855
2022,9,184126856
2022,9,184126857
2022,6,190600619
2022,3,190600620
2022,6,190600621
2022,6,184126861
2022,6,184126863
2022,6,184126864
2022,8,190118629
2022,8,190118630
2022,6,184126870
2022,3,190600623
2022,8,197437526
2022,1,184147999
2022,9,185435570
2022,6,184148007
2022,6,184148008
2022,6,184148010
2022,6,184148011
2022,6,184148013
2022,3,184148014
2022,6,184148014
2022,3,184148015
2022,6,184148015
2022,8,184148016
2022,9,184148017
2022,6,184148018
2022,9,184148019
2022,6,184148020
2022,1,185435572
2022,8,184148023
2022,6,184148024
2022,6,184148026
2022,8,184148029
2022,8,184148030
2022,3,185435574
2022,8,185435578
2022,8,185435581
2022,8,185435583
2022,6,185435585
2022,6,185435590
2022,3,185435591
2022,3,185435592
2022,8,185435593
2022,8,180075362
2022,2,197437548
2022,8,189281919
2022,6,185435598
2022,9,185435599
2022,6,190118632
2022,6,190118633
2022,8,197068999
2022,1,185435607
2022,6,197069000
2022,6,197069001
2022,3,185435612
2022,3,185435613
2022,6,185435621
2022,6,185435623
2022,6,185435635
2022,6,197069004
2022,6,197069005
2022,6,185441743
2022,6,185441744
2022,9,185441745
2022,1,185441747
2022,8,185441750
2022,6,185441751
2022,6,185441752
2022,6,185441756
2022,9,185441757
2022,6,191791253
2022,9,185441764
2022,6,186970513
2022,6,185441768
2022,8,185441770
2022,8,197069007
2022,9,199597230
2022,6,199597231
2022,6,185441784
2022,8,185441784
2022,6,185441785
2022,6,185441790
2022,6,185441794
2022,8,185441796
2022,9,185441797
2022,8,186970516
2022,8,186970518
2022,9,186970519
2022,6,194329172
2022,6,194329173
2022,9,185441809
2022,1,185441813
2022,6,185441814
2022,8,185441817
2022,8,185441818
2022,8,185441823
2022,8,185441824
2022,6,185441828
2022,6,185441829
2022,6,185441830
2022,9,185441831
2022,6,185441832
2022,6,186970521
2022,6,185441841
2022,6,185441842
2022,6,187012839
2022,9,187012844
2022,6,187012847
2022,6,187012851
2022,6,187012853
2022,6,187012854
2022,6,187012858
2022,8,187012861
2022,8,197882500
2022,6,187012865
2022,6,187012872
2022,8,187012876
2022,9,197069013
2022,6,187012890
2022,6,187012891
2022,8,187012894
2022,8,187012895
2022,6,197882514
2022,6,187012898
2022,6,187012899
2022,6,187012900
2022,8,197882527
2022,1,187012904
2022,9,187012906
2022,8,197882629
2022,3,187012914
2022,6,187012918
2022,8,187012919
2022,6,187012922
2022,8,189281926
2022,8,189281927
2022,6,187012926
2022,6,187012928
2022,6,187012929
2022,6,187012933
2022,6,197069014
2022,6,197069015
2022,6,187012941
2022,6,187012946
2022,6,187012947
2022,8,197882632
2022,6,180075378
2022,6,187012954
2022,9,187012958
2022,6,187012959
2022,9,187012960
2022,8,187012963
2022,9,187012964
2022,9,182648105
2022,6,187012970
2022,6,187012971
2022,6,178372010
2022,8,180075418
2022,6,180075419
2022,8,182648107
2022,8,182648128
2022,9,199597237
2022,6,187012977
2022,9,199597241
2022,6,199597242
2022,6,182648130
2022,6,187012984
2022,9,187012985
2022,9,182648143
2022,6,187012987
2022,6,187012988
2022,6,187012989
2022,6,187012990
2022,8,197069020
2022,8,182648144
2022,6,182648147
2022,1,182648150
2022,1,182648151
2022,6,182648165
2022,8,183920774
2022,8,180075428
2022,6,183920786
2022,1,183920788
2022,6,183920790
2022,6,178372045
2022,6,183920796
2022,6,183920797
2022,3,183920798
2022,6,183920824
2022,8,183920844
2022,9,185631536
2022,6,199597517
2022,6,189281932
2022,9,187013006
2022,6,187013007
2022,6,187013014
2022,9,187013026
2022,9,187013027
2022,8,187013028
2022,6,187013034
2022,6,199597246
2022,6,187013037
2022,6,187013044
2022,6,187013045
2022,6,187013046
2022,6,189425643
2022,3,189425644
2022,6,189425645
2022,9,187013048
2022,6,199597519
2022,6,187013050
2022,8,199597519
2022,6,190179899
2022,6,194332806
2022,6,194332808
2022,8,176163040
2022,8,176542211
2022,8,176542214
2022,8,177071613
2022,2,177102233
2022,6,177100916
2022,6,177235098
2022,8,177127250
2022,2,177235101
2022,6,179325454
2022,6,199597249
2022,9,199597251
2022,8,189277382
2022,8,189277385
2022,6,190600624
2022,8,189277389
2022,8,189277390
2022,6,189277392
2022,8,189277393
2022,6,199597255
2022,9,199597256
2022,6,199597257
2022,6,179325455
2022,6,179325456
2022,2,179958148
2022,6,180059068
2022,8,181477704
2022,2,182652693
2022,8,181517212
2022,2,181732635
2022,2,182800806
2022,2,182800808
2022,6,184044187
2022,8,182912455
2022,6,182912456
2022,2,185567129
2022,8,183410070
2022,5,189277403
2022,6,189277405
2022,6,189277406
2022,9,189277407
2022,3,189277410
2022,3,189277411
2022,2,184075815
2022,6,189277414
2022,3,189277417
2022,3,189277418
2022,2,184126916
2022,2,184148048
2022,6,184241409
2022,8,184228487
2022,6,184241411
2022,2,184289207
2022,2,199772167
2022,8,184971558
2022,2,185197904
2022,2,185283552
2022,2,187631277
2022,8,186041103
2022,6,186041104
2022,6,186693583
2022,2,189381091
2022,2,187866809
2022,6,188046591
2022,6,188046592
2022,8,187859539
2022,8,187898117
2022,6,188977931
2022,9,189277420
2022,9,189277421
2022,2,189234372
2022,8,189425799
2022,8,189843012
2022,6,189960350
2022,8,190044025
2022,2,190230575
2022,2,190230577
2022,8,190446604
2022,2,192059306
2022,2,190728718
2022,2,191352338
2022,6,191791433
2022,2,195764519
2022,6,191846000
2022,8,192279742
2022,8,192279744
2022,8,194333002
2022,2,194333030
2022,8,194333050
2022,2,194333065
2022,2,195135086
2022,6,189277425
2022,6,189277426
2022,9,189277427
2022,8,202005630
2022,6,202005631
2022,1,189277434
2022,1,189277435
2022,2,195168831
2022,6,188010062
2022,6,188816759
2022,3,189277436
2022,6,189277439
2022,6,199597264
2022,6,199597265
2022,6,188816760
2022,6,188816763
2022,6,188816764
2022,6,188816769
2022,6,188816770
2022,8,188816770
2022,6,188816777
2022,6,188816784
2022,6,188829833
2022,14,188829839
2022,9,189277444
2022,9,189277445
2022,6,188982925
2022,6,188982927
2022,6,188982928
2022,6,188999656
2022,6,188999657
2022,9,189277446
2022,9,189277447
2022,6,189277449
2022,6,189277450
2022,9,189277451
2022,5,189277452
2022,9,189277455
2022,6,189277456
2022,6,189277457
2022,8,189277458
2022,6,188999658
2022,3,189277460
2022,6,194329186
2022,6,194329187
2022,6,190600626
2022,3,191791259
2022,6,189281937
2022,9,189281940
2022,6,189281941
2022,6,189281944
2022,6,188999661
2022,6,188999662
2022,6,188999665
2022,6,188999668
2022,6,188999670
2022,6,188999675
2022,6,188999676
2022,6,189000272
2022,6,189000273
2022,6,189001520
2022,6,189001521
2022,6,189001523
2022,6,189001525
2022,9,202005632
2022,6,202005633
2022,6,202005634
2022,6,202005635
2022,6,190682327
2022,6,190682329
2022,6,190682334
2022,6,190682348
2022,9,189281950
2022,6,190692012
2022,6,189281952
2022,6,189281954
2022,6,190733042
2022,6,190733043
2022,6,190733045
2022,6,190733046
2022,6,190733048
2022,6,190733049
2022,6,189281955
2022,6,190733056
2022,6,190733057
2022,2,190733067
2022,6,190765259
2022,6,190765261
2022,6,190765262
2022,6,192017654
2022,6,192017655
2022,6,192017658
2022,6,192017659
2022,6,192017660
2022,6,194333342
2022,6,194333343
2022,6,194333344
2022,6,194333345
2022,6,194333346
2022,6,194333350
2022,6,194333353
2022,6,201004520
2022,6,202005636
2022,6,202005637
2022,6,196699799
2022,8,189281960
2022,8,189281961
2022,6,189281969
2022,6,196699810
2022,6,196699825
2022,6,199432781
2022,6,199432782
2022,6,196699847
2022,6,196699848
2022,6,196699852
2022,6,196699856
2022,6,188418683
2022,6,189281970
2022,6,189281971
2022,6,189281972
2022,6,188418702
2022,6,188418703
2022,6,188418706
2022,6,188418716
2022,6,188418731
2022,6,188418733
2022,1,194318898
2022,3,189281973
2022,3,189281975
2022,9,189281976
2022,3,189281977
2022,3,194318911
2022,6,194318911
2022,6,194318912
2022,6,194318925
2022,6,194318932
2022,6,194318933
2022,2,195157898
2022,6,195333847
2022,6,189281978
2022,6,195424253
2022,6,195764521
2022,6,195881431
2022,3,198373777
2022,6,198373778
2022,6,198378239
2022,9,189281981
2022,6,189281982
2022,3,191791265
2022,6,191791266
2022,6,198453286
2022,8,188373979
2022,6,188418781
2022,6,189281987
2022,9,189281988
2022,1,191791267
2022,3,188654063
2022,8,189281996
2022,9,189281998
2022,3,188654064
2022,1,188674197
2022,6,188674199
2022,6,188674200
2022,1,188674203
2022,6,191805221
2022,6,196952509
2022,6,175996562
2022,8,189281999
2022,6,189282000
2022,9,197069034
2022,6,175965369
2022,6,175965370
2022,6,176214600
2022,6,176214601
2022,6,176704536
2022,6,176704537
2022,6,177325112
2022,6,177325113
2022,6,177325118
2022,3,178780617
2022,3,189282006
2022,3,189282007
2022,6,189282011
2022,6,189282012
2022,6,189282014
2022,6,178288951
2022,6,178288952
2022,6,178288953
2022,6,179204537
2022,6,178297138
2022,6,178297139
2022,6,181366658
2022,6,178780618
2022,6,178358725
2022,1,189282016
2022,1,189282017
2022,3,178411315
2022,6,179019483
2022,6,179181357
2022,6,179181358
2022,6,179378891
2022,6,179378895
2022,6,189282018
2022,6,180121001
2022,6,189282019
2022,6,197069035
2022,9,189282022
2022,6,189282024
2022,6,189282025
2022,9,194329191
2022,6,194329192
2022,6,189282029
2022,3,189282030
2022,6,189282031
2022,9,189282034
2022,9,189425648
2022,6,189425649
2022,6,189425650
2022,6,189425651
2022,8,189425654
2022,8,189425655
2022,6,189425663
2022,3,189425664
2022,6,189425665
2022,6,190118638
2022,6,190118639
2022,6,189425671
2022,6,189425672
2022,6,189425674
2022,6,189425675
2022,6,189425676
2022,3,190600630
2022,6,189425679
2022,9,189425684
2022,6,189425685
2022,6,189425686
2022,6,189425687
2022,6,189425690
2022,6,189425696
2022,3,189425699
2022,3,189425700
2022,3,189425701
2022,6,189425708
2022,1,189425709
2022,6,189425712
2022,6,189425714
2022,8,189425716
2022,3,189425720
2022,9,189425721
2022,6,180204942
2022,6,189425722
2022,6,189425723
2022,6,189425724
2022,6,180204943
2022,3,181442390
2022,6,189425726
2022,6,189425731
2022,3,189425734
2022,6,189425735
2022,5,181459960
2022,6,189425736
2022,8,189425736
2022,6,189425737
2022,8,189425737
2022,9,189425739
2022,6,189425740
2022,8,189425741
2022,6,189425744
2022,6,189425745
2022,3,189425746
2022,3,181322927
2022,3,189425750
2022,6,181432799
2022,6,191791269
2022,3,181432800
2022,6,189429157
2022,6,181432803
2022,3,189429163
2022,6,197069043
2022,6,191791271
2022,6,181426832
2022,6,189429168
2022,9,189429169
2022,9,189429171
2022,9,189429175
2022,6,190118642
2022,6,190118643
2022,9,190118649
2022,9,190118651
2022,3,190118652
2022,6,190118652
2022,3,190118653
2022,6,190118653
2022,1,190118656
2022,6,194329196
2022,8,190118670
2022,8,190118671
2022,9,190118673
2022,6,190122597
2022,6,190122598
2022,9,190122604
2022,9,190122605
2022,6,190122606
2022,6,190122608
2022,6,190122609
2022,6,190122610
2022,6,190122611
2022,6,190122617
2022,6,190122618
2022,9,197069046
2022,6,190122623
2022,8,190122624
2022,3,190122626
2022,6,190122627
2022,6,190122628
2022,6,190122633
2022,6,190122635
2022,6,190122636
2022,8,190122638
2022,6,190122640
2022,8,190122644
2022,8,190122645
2022,9,190122649
2022,6,199597278
2022,8,190122654
2022,6,199597280
2022,6,190122660
2022,6,194329200
2022,6,190122663
2022,6,190122664
2022,9,190122665
2022,6,190122666
2022,6,190122667
2022,6,194329201
2022,7,190122675
2022,6,190122680
2022,6,190122685
2022,6,190122688
2022,6,190122689
2022,9,190122690
2022,9,190122691
2022,6,190122694
2022,8,190122696
2022,9,190122697
2022,6,190122698
2022,6,197069048
2022,8,190122702
2022,8,190122706
2022,6,181426833
2022,6,181653213
2022,6,190122716
2022,6,181483417
2022,6,190122719
2022,9,190122722
2022,6,181483418
2022,6,181736652
2022,1,191791272
2022,1,191791273
2022,6,190179687
2022,6,190179688
2022,9,190179690
2022,8,190179691
2022,6,181523357
2022,6,190179694
2022,6,190600633
2022,6,190600634
2022,8,190179706
2022,8,190179707
2022,6,182644384
2022,6,181732637
2022,3,181751217
2022,6,190179720
2022,6,181751218
2022,6,182644444
2022,6,190179721
2022,9,190179723
2022,9,199597288
2022,6,197069055
2022,8,190179731
2022,9,190179734
2022,6,190179735
2022,9,202155219
2022,6,190179744
2022,6,199597295
2022,6,190179757
2022,5,182932066
2022,6,190179773
2022,6,190179775
2022,6,190179776
2022,8,190179777
2022,9,190179778
2022,6,190179787
2022,6,190179788
2022,6,197069060
2022,9,191791279
2022,9,190179800
2022,6,187715081
2022,6,187715082
2022,6,182885982
2022,9,190179809
2022,6,190600645
2022,6,190600646
2022,8,190179810
2022,9,190179811
2022,3,182912351
2022,6,182912352
2022,6,183117913
2022,5,183117915
2022,6,186119458
2022,6,184289007
2022,2,183992549
2022,5,184241417
2022,6,183967312
2022,3,189381095
2022,9,190179816
2022,6,190179817
2022,6,190179821
2022,6,190179822
2022,6,190179823
2022,9,190179826
2022,9,190179834
2022,6,190179836
2022,8,190179837
2022,9,190179838
2022,9,194329212
2022,6,194329213
2022,6,183967315
2022,6,183992552
2022,6,183992553
2022,1,185631555
2022,5,186119461
2022,6,199597313
2022,6,191791280
2022,6,190600648
2022,6,190623612
2022,6,190623613
2022,6,190623614
2022,11,199597321
2022,9,191791282
2022,6,184474100
2022,9,190623621
2022,6,190623626
2022,6,190623627
2022,9,190623628
2022,6,191791283
2022,9,194329215
2022,6,202005651
2022,9,191791285
2022,6,190623639
2022,6,184971560
2022,6,199597329
2022,6,184971561
2022,9,190623643
2022,6,184971562
2022,6,190623645
2022,6,185143476
2022,9,190623647
2022,9,190623648
2022,9,190623650
2022,6,190623651
2022,6,190623652
2022,6,190623653
2022,9,190623658
2022,6,190623659
2022,6,190623662
2022,6,190623663
2022,8,191791288
2022,9,190623665
2022,9,190623666
2022,8,199597335
2022,6,190623671
2022,6,190623672
2022,5,185277038
2022,6,194329219
2022,6,185277039
2022,6,185479251
2022,8,190623698
2022,6,185666897
2022,8,190623699
2022,6,190623704
2022,8,190623707
2022,6,185666901
2022,8,190623708
2022,6,190623709
2022,6,186067233
2022,2,190623712
2022,8,190623716
2022,1,197069066
2022,5,185479252
2022,6,185479253
2022,6,185631565
2022,9,190623725
2022,6,186041108
2022,6,190623735
2022,6,190623740
2022,6,190623743
2022,6,190623744
2022,3,186119467
2022,6,190623749
2022,6,190623750
2022,6,186119468
2022,6,190623756
2022,6,186041117
2022,9,190623758
2022,6,190623759
2022,6,190623760
2022,6,197069068
2022,9,190623764
2022,6,190623767
2022,6,190623769
2022,1,190623772
2022,6,190623773
2022,8,190623774
2022,9,190623775
2022,6,190623776
2022,6,190623777
2022,6,190623780
2022,6,190623781
2022,6,190623782
2022,6,190623783
2022,9,190623786
2022,6,190623788
2022,6,191791295
2022,6,191791296
2022,6,191791297
2022,6,191791300
2022,6,191791302
2022,6,191791303
2022,6,186041118
2022,6,194329228
2022,5,186309864
2022,6,186309865
2022,5,186119477
2022,6,191791314
2022,6,191791315
2022,6,186165389
2022,6,186165390
2022,3,195158869
2022,6,186679056
2022,9,199597348
2022,3,187217366
2022,9,194329231
2022,8,191791328
2022,6,191794092
2022,6,187623636
2022,6,191794094
2022,6,191794095
2022,6,191794096
2022,6,191794100
2022,6,191794101
2022,3,197069070
2022,6,191794103
2022,6,191794104
2022,8,197137947
2022,8,197137948
2022,6,199597359
2022,6,191794122
2022,6,191794123
2022,9,199597366
2022,6,194329237
2022,12,187980912
2022,9,191794136
2022,6,191794137
2022,2,187778676
2022,3,194329239
2022,3,194329240
2022,8,194329241
2022,8,194329242
2022,8,191794160
2022,6,187778677
2022,8,191794161
2022,8,191794162
2022,5,188647717
2022,6,199597371
2022,6,191794167
2022,9,191794170
2022,9,202005654
2022,9,191794173
2022,6,191794174
2022,8,191794176
2022,8,191794177
2022,6,191794184
2022,6,187866821
2022,6,191794185
2022,6,191794188
2022,6,191794189
2022,6,197137953
2022,6,187866822
2022,6,188046596
2022,9,191794199
2022,9,191794200
2022,6,187866830
2022,6,199597383
2022,6,199597384
2022,3,191794208
2022,3,191794209
2022,6,187866831
2022,12,188511455
2022,8,191794221
2022,8,191794222
2022,6,188007172
2022,6,188879079
2022,6,191794233
2022,6,194329249
2022,6,188647719
2022,6,194329251
2022,6,194329252
2022,6,194329253
2022,9,194329255
2022,6,188823608
2022,8,197137961
2022,8,197137962
2022,9,194329261
2022,6,194329264
2022,6,194329265
2022,9,194329266
2022,6,194329267
2022,6,194329273
2022,6,194329274
2022,3,188981203
2022,6,191957739
2022,6,194329278
2022,8,197137963
2022,8,197137964
2022,8,194329282
2022,8,194329283
2022,9,202005661
2022,6,194329288
2022,6,194329289
2022,8,194329292
2022,6,197137967
2022,9,194329295
2022,6,194329296
2022,8,194329302
2022,6,194329304
2022,6,194329305
2022,6,199597399
2022,6,199597400
2022,6,199597401
2022,9,199597405
2022,6,199597409
2022,6,199597410
2022,6,191957740
2022,6,190230579
2022,6,190230580
2022,12,189185627
2022,8,194329320
2022,6,194329322
2022,6,189089625
2022,9,202005662
2022,8,202005663
2022,9,202005665
2022,6,199597423
2022,6,194329331
2022,8,194329331
2022,8,194329332
2022,6,194329336
2022,6,194329342
2022,8,194329343
2022,8,194329348
2022,6,194329350
2022,6,202005667
2022,6,202005668
2022,6,194329356
2022,6,194329359
2022,3,194329362
2022,9,194329365
2022,6,194329367
2022,9,194329369
2022,6,194329370
2022,8,194329372
2022,9,197137980
2022,8,194329377
2022,8,194329378
2022,9,194329387
2022,6,194329388
2022,9,194329391
2022,6,194329392
2022,6,194329393
2022,9,197137982
2022,6,197137983
2022,6,194329406
2022,6,194329409
2022,6,194329410
2022,6,194329412
2022,8,194329414
2022,8,194329415
2022,6,197137985
2022,8,194329417
2022,6,197137989
2022,6,197137990
2022,6,197137999
2022,6,197138000
2022,6,197138005
2022,6,197138006
2022,9,197138007
2022,8,199597435
2022,8,197138012
2022,8,197138013
2022,6,197138014
2022,6,189768625
2022,6,197138015
2022,6,202005673
2022,8,199597440
2022,8,199597441
2022,6,189768626
2022,6,189768627
2022,6,197138030
2022,8,197138031
2022,6,197138032
2022,9,197138036
2022,6,197138037
2022,6,197138046
2022,6,197138047
2022,6,197138048
2022,6,190122776
2022,6,197138054
2022,6,197138055
2022,6,190230583
2022,3,190118747
2022,8,197138060
2022,8,197138061
2022,6,199597446
2022,8,199597447
2022,1,202005675
2022,8,197138067
2022,6,190118748
2022,6,190179904
2022,6,197138072
2022,6,189768629
2022,8,197138075
2022,8,197138076
2022,6,199597455
2022,9,199597458
2022,6,197138083
2022,5,197138084
2022,6,197138086
2022,6,197138087
2022,6,189768630
2022,6,190118751
2022,6,197138089
2022,8,199597461
2022,6,190245314
2022,9,199597468
2022,6,199597470
2022,6,190600719
2022,6,202005677
2022,6,197138113
2022,6,197138114
2022,6,197138116
2022,6,197138117
2022,9,197138118
2022,6,197138119
2022,6,197138120
2022,6,197138123
2022,6,197138127
2022,6,197138128
2022,3,190365086
2022,6,190859907
2022,6,197138137
2022,6,190365093
2022,6,190674592
2022,6,202005681
2022,6,202005682
2022,6,199603755
2022,6,190600722
2022,5,199603759
2022,6,190771496
2022,6,199603763
2022,6,199603770
2022,9,199603771
2022,6,201347007
2022,6,199603791
2022,6,199603792
2022,9,202155223
2022,6,202155224
2022,6,199603796
2022,6,199603797
2022,6,199603798
2022,9,199603800
2022,6,199603801
2022,6,199603802
2022,9,199603803
2022,9,199603808
2022,8,199603811
2022,8,199603812
2022,6,199603814
2022,8,199603815
2022,8,199603825
2022,6,199603830
2022,6,199603836
2022,9,199603837
2022,6,202005686
2022,9,199603846
2022,6,199603851
2022,6,199603852
2022,6,199603855
2022,6,199603858
2022,6,201347010
2022,6,192409753
2022,6,191265600
2022,6,191846001
2022,6,191846002
2022,6,191846003
2022,6,191846004
2022,6,191957744
2022,6,191957745
2022,6,191878780
2022,6,201347012
2022,9,199603871
2022,6,199603872
2022,6,199603873
2022,9,199603877
2022,5,192198404
2022,9,199603878
2022,9,199603880
2022,3,192198405
2022,8,199603881
2022,8,199603882
2022,3,192150243
2022,9,199603886
2022,6,199603887
2022,6,199603888
2022,1,192458137
2022,9,199603899
2022,6,199603900
2022,9,199603901
2022,6,199603902
2022,9,199603908
2022,9,199603909
2022,9,199603910
2022,9,199603911
2022,6,199603912
2022,6,194319796
2022,3,194319797
2022,6,194319818
2022,6,194319822
2022,3,194319894
2022,9,182644331
2022,9,182644332
2022,9,182644333
2022,9,182644337
2022,9,182644339
2022,9,182644341
2022,9,182644342
2022,9,183461152
2022,9,182644343
2022,8,182644345
2022,9,182698982
2022,9,182644347
2022,9,182800689
2022,9,182912154
2022,6,194319903
2022,1,183217987
2022,6,183217988
2022,9,183382352
2022,3,194319921
2022,9,183992148
2022,9,184129640
2022,9,184516767
2022,6,195943737
2022,9,184822123
2022,9,184838568
2022,9,185293099
2022,6,194319955
2022,9,185293101
2022,9,185836916
2022,9,187513452
2022,9,185567060
2022,6,185567061
2022,9,185659543
2022,9,185594681
2022,3,191878722
2022,3,191878723
2022,9,185871893
2022,9,186309828
2022,6,194319960
2022,9,188830508
2022,6,195417745
2022,9,187989184
2022,6,187989185
2022,9,187441166
2022,6,187441167
2022,9,187390657
2022,9,187724385
2022,9,188013670
2022,9,188013672
2022,9,188013674
2022,9,189197185
2022,9,188038608
2022,9,188423885
2022,6,195417746
2022,3,195446927
2022,6,195446928
2022,6,195417752
2022,6,195417753
2022,6,195417754
2022,5,195417759
2022,6,182647224
2022,9,189060887
2022,8,182647233
2022,6,184353204
2022,6,184353205
2022,8,184353205
2022,6,182647267
2022,8,182647267
2022,6,182647273
2022,6,183892901
2022,6,184942429
2022,6,184942430
2022,8,187741216
2022,6,197233672
2022,9,189060888
2022,6,190438041
2022,3,190438042
2022,6,189089635
2022,6,189089577
2022,9,188986998
2022,9,189060889
2022,9,190129680
2022,9,190408752
2022,9,190453921
2022,9,190745414
2022,6,189099545
2022,9,190707513
2022,6,190453922
2022,9,190453924
2022,9,190630438
2022,9,190630439
2022,9,192187475
2022,3,200066709
2022,6,200066710
2022,9,194319290
2022,9,194319291
2022,9,197247147
2022,9,194319294
2022,6,194319295
2022,6,194319299
2022,9,194319301
2022,9,194319302
2022,9,192796814
2022,9,194319308
2022,9,194319309
2022,9,194319311
2022,9,194319314
2022,9,194319323
2022,9,194319330
2022,9,194744837
2022,9,195235277
2022,6,189155204
2022,6,181271586
2022,9,181271587
2022,9,181271588
2022,2,181271590
2022,9,181366611
2022,9,181366612
2022,9,181366613
2022,6,181366614
2022,9,182644463
2022,9,182644464
2022,9,183666910
2022,2,190714151
2022,9,183666913
2022,9,183666914
2022,9,184228458
2022,9,184228459
2022,9,185441843
2022,9,185202236
2022,9,185202238
2022,6,185205244
2022,6,185205245
2022,6,185205246
2022,9,185202240
2022,9,185283494
2022,6,185283495
2022,6,186040998
2022,6,186040999
2022,9,187101805
2022,9,188809804
2022,6,201348620
2022,9,189277483
2022,7,189277485
2022,6,197233697
2022,6,201348621
2022,6,190701575
2022,6,201352024
2022,9,190701576
2022,6,190701577
2022,6,190771461
2022,6,191265520
2022,6,197233725
2022,9,191845637
2022,9,191352171
2022,9,191352174
2022,9,191845638
2022,1,194319990
2022,9,194319991
2022,9,194319995
2022,9,194319996
2022,1,194319998
2022,9,194320007
2022,9,194320015
2022,8,194320020
2022,6,195452651
2022,9,194320028
2022,9,194715412
2022,8,195452652
2022,9,195218627
2022,9,195452656
2022,9,195154093
2022,2,195154096
2022,7,195154099
2022,9,195154104
2022,6,195157688
2022,6,195157689
2022,2,195157690
2022,6,195157691
2022,6,195161501
2022,6,195161502
2022,6,195157694
2022,6,195157695
2022,6,195154105
2022,6,195154106
2022,6,195154107
2022,6,195154108
2022,6,195157696
2022,6,195157697
2022,9,195157699
2022,6,195154111
2022,6,195154112
2022,9,195154115
2022,9,195157702
2022,9,195154120
2022,6,195154121
2022,9,195157703
2022,9,195154125
2022,1,195157707
2022,9,195154131
2022,9,195154134
2022,7,195154138
2022,9,195157710
2022,6,195154140
2022,6,195157711
2022,9,195154148
2022,6,195154149
2022,9,195154150
2022,9,195154160
2022,9,195157712
2022,9,195154162
2022,2,195154166
2022,9,195154168
2022,6,197233744
2022,6,195148566
2022,6,195148567
2022,9,195446916
2022,9,195446917
2022,9,176162990
2022,6,177182923
2022,6,177182924
2022,9,177405068
2022,6,177534064
2022,6,178199455
2022,6,178199456
2022,9,194322584
2022,9,177405069
2022,9,180128303
2022,7,177071600
2022,6,177518451
2022,9,177115736
2022,7,177646425
2022,9,182646140
2022,6,177235045
2022,6,177235046
2022,6,182646141
2022,5,177534066
2022,9,177182926
2022,3,177325023
2022,3,177325024
2022,6,182981945
2022,9,177325025
2022,9,177330063
2022,6,177518453
2022,9,178230964
2022,9,178490256
2022,6,177534067
2022,9,199603677
2022,9,178243256
2022,9,177325026
2022,9,178230965
2022,6,180128304
2022,8,180128305
2022,6,178288865
2022,9,178243257
2022,6,197233754
2022,6,197286041
2022,6,177079934
2022,3,180253655
2022,6,179101414
2022,6,179101415
2022,9,190630440
2022,9,179101416
2022,9,179101417
2022,6,202005490
2022,6,179378788
2022,6,179378789
2022,9,179494450
2022,9,179101419
2022,9,179101421
2022,9,190118680
2022,8,181453478
2022,8,182649215
2022,8,183667181
2022,9,189155127
2022,9,194322585
2022,5,179494452
2022,6,183990415
2022,6,182646147
2022,6,182646148
2022,9,179590183
2022,6,184044195
2022,6,184044204
2022,6,187032727
2022,6,197221894
2022,8,197902472
2022,9,197221896
2022,2,197902474
2022,9,197221897
2022,6,197902478
2022,6,197902479
2022,9,197902487
2022,3,197902493
2022,6,197902493
2022,8,197902493
2022,3,197902494
2022,6,197902494
2022,8,197902494
2022,1,197902495
2022,9,178199781
2022,6,180253661
2022,6,180253662
2022,9,179641401
2022,6,180883353
2022,6,180883354
2022,9,194322586
2022,8,181277135
2022,8,181277136
2022,9,181282135
2022,9,178490301
2022,6,181453407
2022,6,181293453
2022,6,181293454
2022,3,182646150
2022,6,182646151
2022,9,183361538
2022,10,179186119
2022,9,183892828
2022,6,185594682
2022,9,179186120
2022,10,178858601
2022,9,182646153
2022,1,195333852
2022,9,181653170
2022,9,181447613
2022,9,195333854
2022,9,181459918
2022,6,195333861
2022,6,183892830
2022,6,183892831
2022,9,195333866
2022,5,181757810
2022,6,181660222
2022,9,183705560
2022,9,182646157
2022,9,181653173
2022,6,181653176
2022,9,181660229
2022,9,201264462
2022,9,182646158
2022,6,183892832
2022,9,195333871
2022,6,188987001
2022,2,183705569
2022,6,183705570
2022,8,183705573
2022,9,201264482
2022,9,201264489
2022,8,201264491
2022,6,195333874
2022,9,201264505
2022,9,186698960
2022,9,201264506
2022,9,195343223
2022,9,190577789
2022,9,201264513
2022,9,190577791
2022,9,187983045
2022,8,187983049
2022,9,190565049
2022,9,189396384
2022,9,189396390
2022,9,195343230
2022,9,195343231
2022,9,199955358
2022,9,195343239
2022,9,192790085
2022,6,201264529
2022,6,188987002
2022,6,182981947
2022,9,194327914
2022,8,194327915
2022,8,195343244
2022,6,195964701
2022,9,182646166
2022,9,182646168
2022,9,201264535
2022,7,191791335
2022,8,191791335
2022,6,191791336
2022,9,189185602
2022,6,182646172
2022,5,182646173
2022,5,182646174
2022,1,198331312
2022,9,182981955
2022,9,183705445
2022,9,182981958
2022,6,182981959
2022,9,201264547
2022,9,182646183
2022,9,182646184
2022,6,182649246
2022,9,182886004
2022,9,184232072
2022,9,183382385
2022,9,182981964
2022,6,183152888
2022,6,183152889
2022,9,183152890
2022,9,183361539
2022,6,183382386
2022,9,184392086
2022,9,194322587
2022,6,185433077
2022,9,183705447
2022,9,194322588
2022,6,194322590
2022,9,185293103
2022,9,194322591
2022,9,184044139
2022,6,184044140
2022,9,183967292
2022,6,184365415
2022,6,184365416
2022,6,184044144
2022,9,184365417
2022,9,183992522
2022,6,184044146
2022,6,184044147
2022,9,184232075
2022,9,184365419
2022,6,184337195
2022,2,184232078
2022,6,184365420
2022,9,184232079
2022,9,184417091
2022,9,194322592
2022,9,184392100
2022,6,185441846
2022,6,190179848
2022,8,185441847
2022,9,186908375
2022,9,185487694
2022,6,185433078
2022,6,186621602
2022,9,185487696
2022,9,194322593
2022,6,186693595
2022,9,185487698
2022,9,185283496
2022,6,195352206
2022,9,185441849
2022,9,185487700
2022,9,185479219
2022,9,189155129
2022,9,201072032
2022,6,201072033
2022,6,194327957
2022,6,194327958
2022,6,195352228
2022,9,179496151
2022,9,189155132
2022,9,185441852
2022,9,194322594
2022,3,186207449
2022,6,194322595
2022,6,194322596
2022,9,196709053
2022,6,196709054
2022,2,190118682
2022,9,186139965
2022,6,187913045
2022,6,200106567
2022,6,200106568
2022,9,186139966
2022,8,186139967
2022,9,185895483
2022,9,186333784
2022,9,185895485
2022,9,186139968
2022,9,186139969
2022,6,187217347
2022,6,187217348
2022,6,186139970
2022,6,186139971
2022,6,186139972
2022,9,186880138
2022,8,186880139
2022,5,187032685
2022,9,186684829
2022,9,189089579
2022,9,187220769
2022,7,186377622
2022,9,187417910
2022,6,189234359
2022,6,187220770
2022,6,187220771
2022,9,187016523
2022,8,187417912
2022,9,187032688
2022,9,187279678
2022,9,187013061
2022,6,189313815
2022,6,187441168
2022,9,187631216
2022,9,187417913
2022,9,187217349
2022,9,194322599
2022,6,187355721
2022,6,187355722
2022,9,187631219
2022,6,192059246
2022,9,187717396
2022,8,187417921
2022,9,179496152
2022,6,189155138
2022,9,179496153
2022,9,182650278
2022,6,187631221
2022,6,187631222
2022,9,182650280
2022,6,187715044
2022,6,187715045
2022,9,179496159
2022,1,187734727
2022,9,189155140
2022,9,179496165
2022,9,194322601
2022,9,179496167
2022,9,179496168
2022,9,179496169
2022,9,182650282
2022,9,179496174
2022,9,200066714
2022,9,179496177
2022,9,188007105
2022,9,179496179
2022,6,201002040
2022,6,201002041
2022,9,179496183
2022,9,187898045
2022,1,188007108
2022,9,179496185
2022,9,179496186
2022,6,179496187
2022,9,179496189
2022,9,179496190
2022,9,179496191
2022,6,188887005
2022,9,179496192
2022,6,192059249
2022,3,188667235
2022,9,188519698
2022,6,187866749
2022,3,188667236
2022,6,187866750
2022,1,179496197
2022,9,179496199
2022,9,187983022
2022,6,189155207
2022,6,189155208
2022,9,189155209
2022,6,189155210
2022,8,179496205
2022,9,179496209
2022,9,179496210
2022,9,179496211
2022,9,179496212
2022,9,179496213
2022,9,179496215
2022,9,188667237
2022,3,188667239
2022,3,188667240
2022,3,188667241
2022,6,188667241
2022,6,188667242
2022,9,179496222
2022,6,188667243
2022,9,188667244
2022,9,179496226
2022,9,179496227
2022,9,179496229
2022,9,179496230
2022,9,182901481
2022,9,179496233
2022,9,179496236
2022,9,188667247
2022,9,179496238
2022,3,188667248
2022,6,188667249
2022,3,188667250
2022,9,179496245
2022,9,179496247
2022,9,179496254
2022,9,179496261
2022,9,179496264
2022,9,182650287
2022,9,179496270
2022,6,182650288
2022,9,182650289
2022,9,179496272
2022,9,179496275
2022,9,179496276
2022,9,179496277
2022,9,182650290
2022,9,182982611
2022,9,179496281
2022,9,179496282
2022,9,179496284
2022,9,179496288
2022,9,188667254
2022,9,179496290
2022,6,179496296
2022,9,179496297
2022,9,188667255
2022,9,183153020
2022,9,188667257
2022,9,179496302
2022,9,183044652
2022,9,179496307
2022,9,183967316
2022,9,179496309
2022,9,179496310
2022,9,179496311
2022,9,179496314
2022,9,179496317
2022,9,179496318
2022,9,179496324
2022,6,189000934
2022,9,179496325
2022,9,183044653
2022,9,191791339
2022,9,179496331
2022,9,194328872
2022,9,179496334
2022,9,179496335
2022,9,179496336
2022,9,182650293
2022,9,188667258
2022,6,182857741
2022,6,182857742
2022,9,188667259
2022,9,179496344
2022,9,182650294
2022,9,188667261
2022,9,179496352
2022,9,179496355
2022,9,179496357
2022,9,179496361
2022,9,179496363
2022,9,179496364
2022,9,179496372
2022,9,179496375
2022,9,179641493
2022,6,188823610
2022,8,188823610
2022,9,182650296
2022,9,182901482
2022,9,179641512
2022,9,180883444
2022,6,179641516
2022,9,179641517
2022,9,179641519
2022,9,179641521
2022,14,188906747
2022,9,188823613
2022,6,188887013
2022,7,189099369
2022,7,189099374
2022,8,189155147
2022,6,189155148
2022,6,189099377
2022,9,189099380
2022,6,190122725
2022,9,190118683
2022,9,179641529
2022,9,179641532
2022,3,188823614
2022,3,188823615
2022,9,181277188
2022,9,179641555
2022,9,179641560
2022,9,179641564
2022,9,179641569
2022,9,182650300
2022,9,183705578
2022,9,179641584
2022,9,179641586
2022,6,197015509
2022,9,197015510
2022,6,197015511
2022,6,179641603
2022,8,179641607
2022,9,179641608
2022,9,189111677
2022,6,179641613
2022,9,179641614
2022,8,191791342
2022,9,188906748
2022,9,189099382
2022,6,188823616
2022,9,189155149
2022,6,188823617
2022,3,188906749
2022,3,188906750
2022,9,179641622
2022,9,179641623
2022,6,179641624
2022,8,179641624
2022,9,179641626
2022,9,179641632
2022,6,179641633
2022,9,182650301
2022,9,179641648
2022,6,188823618
2022,6,188823619
2022,6,188823620
2022,6,188823621
2022,9,179641658
2022,9,179641667
2022,9,179641670
2022,9,179641676
2022,9,179641677
2022,9,179641678
2022,9,179641686
2022,9,179641690
2022,6,189155150
2022,9,179641692
2022,9,179641693
2022,9,179641696
2022,9,179641698
2022,9,179641702
2022,9,179641716
2022,9,179641717
2022,6,179641721
2022,7,179641721
2022,9,179641722
2022,9,179641727
2022,9,179641735
2022,9,182650305
2022,9,179641744
2022,9,180128364
2022,9,179641751
2022,9,182650306
2022,9,179994387
2022,9,179641757
2022,9,183705579
2022,9,182650309
2022,9,179641764
2022,9,180253725
2022,9,179641770
2022,9,179641772
2022,9,180128368
2022,9,179994389
2022,9,179641776
2022,9,179641789
2022,9,179641802
2022,6,188906751
2022,9,188906752
2022,9,179641808
2022,9,182650313
2022,3,188906753
2022,3,188906754
2022,3,188906755
2022,3,188906756
2022,6,189155151
2022,9,189342113
2022,9,179994392
2022,9,179641824
2022,9,179641831
2022,9,179641835
2022,6,183705580
2022,9,179641840
2022,9,180128379
2022,9,179641848
2022,8,189155152
2022,9,182901494
2022,6,194322605
2022,6,190403903
2022,9,189099390
2022,9,179641874
2022,9,179641881
2022,9,179641883
2022,8,189429177
2022,9,179641892
2022,6,189429178
2022,9,182901495
2022,9,179641904
2022,9,182650316
2022,6,179641914
2022,9,182901497
2022,8,179994411
2022,9,182901498
2022,9,182901499
2022,9,179641931
2022,9,179641933
2022,9,182650317
2022,9,182650318
2022,9,179641944
2022,9,180128380
2022,9,179641960
2022,9,179641962
2022,3,188906758
2022,3,188906759
2022,9,179641965
2022,9,179641968
2022,9,179641974
2022,9,179641978
2022,9,179641981
2022,6,188879083
2022,9,188879085
2022,9,182650320
2022,6,189342116
2022,9,179642008
2022,9,182650322
2022,9,179642030
2022,9,179642032
2022,9,188879086
2022,9,179642047
2022,9,179642056
2022,6,179642059
2022,9,179642067
2022,9,179642070
2022,9,181366661
2022,9,181366662
2022,9,181366667
2022,9,181366668
2022,9,181366673
2022,9,181366674
2022,9,181366675
2022,11,181366677
2022,9,181366678
2022,9,181366679
2022,9,181366680
2022,9,181366682
2022,9,183705581
2022,9,181366685
2022,9,181366688
2022,9,181366689
2022,9,181366695
2022,9,181366699
2022,9,181366706
2022,9,181366708
2022,6,189342117
2022,6,189842945
2022,6,189842946
2022,1,181442399
2022,9,181366713
2022,9,181366714
2022,9,181366716
2022,9,189298039
2022,9,181366718
2022,9,181366719
2022,9,181366721
2022,1,181366724
2022,9,181366726
2022,9,181653221
2022,9,181653222
2022,9,181626946
2022,9,181626948
2022,9,181653223
2022,9,181626951
2022,9,181626953
2022,9,181626954
2022,9,181626955
2022,9,181626956
2022,9,181626960
2022,9,181626962
2022,9,181626964
2022,9,181626965
2022,9,181626966
2022,9,181626968
2022,9,181626972
2022,6,188981204
2022,6,188981205
2022,9,181626976
2022,9,181626977
2022,9,181653227
2022,9,182932240
2022,9,183705585
2022,9,182932241
2022,9,181626979
2022,9,181626980
2022,9,181626981
2022,9,181626984
2022,6,181626985
2022,6,181626986
2022,9,181626988
2022,9,181626991
2022,9,181626993
2022,9,181626996
2022,9,181653229
2022,9,181757845
2022,6,189054676
2022,9,181757858
2022,9,181757862
2022,9,181757863
2022,9,181757864
2022,9,181757865
2022,9,181757866
2022,9,181757867
2022,9,181757868
2022,9,181757870
2022,9,181757871
2022,9,181757872
2022,9,181757873
2022,9,181757874
2022,9,181757875
2022,6,200066739
2022,9,200066740
2022,9,181757879
2022,9,181757881
2022,9,181757883
2022,9,181757884
2022,9,181757885
2022,9,181757886
2022,9,181757887
2022,9,181757889
2022,9,181757890
2022,9,181757891
2022,9,181757893
2022,6,189054677
2022,9,182932242
2022,9,181757897
2022,9,181757900
2022,9,181757901
2022,8,181757902
2022,9,181757906
2022,9,181757908
2022,6,189054679
2022,9,189089636
2022,9,181757909
2022,9,181757910
2022,9,189089637
2022,9,189089638
2022,9,181757912
2022,9,181757913
2022,3,181757915
2022,10,181757916
2022,6,195943742
2022,9,195943743
2022,3,181757920
2022,3,181757921
2022,9,181757922
2022,9,181757923
2022,9,181757925
2022,9,189342121
2022,9,194322606
2022,9,201072034
2022,9,201072035
2022,9,192171358
2022,6,192171359
2022,9,189823418
2022,9,190118685
2022,6,190122726
2022,6,190122727
2022,9,189823422
2022,9,190425995
2022,6,190425996
2022,9,190118688
2022,9,198406878
2022,6,190179853
2022,6,190425999
2022,9,194322608
2022,9,192069735
2022,9,190449522
2022,9,190449524
2022,6,190426004
2022,9,194322611
2022,9,195902988
2022,9,191649727
2022,9,194322612
2022,9,194322613
2022,6,196958606
2022,6,196958607
2022,9,190674542
2022,6,192059252
2022,9,194322618
2022,9,194322619
2022,6,190864073
2022,7,191027328
2022,9,190674543
2022,9,194322622
2022,3,194322623
2022,3,194322624
2022,9,190864076
2022,6,192059254
2022,6,192059255
2022,9,192069737
2022,9,181757926
2022,9,181757928
2022,6,192069738
2022,6,192069739
2022,9,181757930
2022,9,192017549
2022,9,181757931
2022,6,182932243
2022,6,191824493
2022,9,182932244
2022,9,181757934
2022,9,181757935
2022,8,192059258
2022,9,181757938
2022,3,192059259
2022,9,181757939
2022,3,192059260
2022,9,181757941
2022,9,181757942
2022,9,192017550
2022,9,189089640
2022,9,181757943
2022,9,189089641
2022,9,194322630
2022,9,189089642
2022,9,192458073
2022,9,192409714
2022,9,181757949
2022,9,194322632
2022,9,181757951
2022,6,194322633
2022,6,194322634
2022,9,181757953
2022,9,194322635
2022,6,195964715
2022,9,195964716
2022,9,189089643
2022,9,194322639
2022,9,181757960
2022,6,194322640
2022,9,181757961
2022,9,195964717
2022,9,181757963
2022,6,181757964
2022,6,182650335
2022,9,194322648
2022,9,182650336
2022,9,181757972
2022,6,194322652
2022,6,181757973
2022,9,194322655
2022,9,181757974
2022,9,181757976
2022,6,194322659
2022,9,182650338
2022,9,182650339
2022,9,182650348
2022,6,194322663
2022,9,196983622
2022,9,194322671
2022,9,182650350
2022,9,182650351
2022,9,182650352
2022,9,195154172
2022,9,182650353
2022,9,182650355
2022,9,194322676
2022,9,182650356
2022,3,189185629
2022,6,194322678
2022,6,194322679
2022,8,194322684
2022,3,189185630
2022,6,194322685
2022,9,182650357
2022,9,182650359
2022,9,194322686
2022,9,182650361
2022,9,183450654
2022,9,194322687
2022,9,194752838
2022,6,194322690
2022,8,182650372
2022,8,199603682
2022,9,182650373
2022,6,182650379
2022,9,195881445
2022,9,182650385
2022,9,194756507
2022,6,182650387
2022,9,194764350
2022,9,189185631
2022,6,194322698
2022,3,194322699
2022,6,194322700
2022,9,183732242
2022,5,195110786
2022,6,195424173
2022,9,182650404
2022,9,195352144
2022,9,183705587
2022,8,194756509
2022,6,194756510
2022,9,195352145
2022,9,182650419
2022,9,195350792
2022,9,195424174
2022,9,183705588
2022,9,183705589
2022,6,182650422
2022,9,182650423
2022,9,186333870
2022,9,182857747
2022,9,182650431
2022,9,182650432
2022,9,182650434
2022,9,182650440
2022,9,182650447
2022,9,182650449
2022,9,182650450
2022,9,189185634
2022,9,197768682
2022,6,196176383
2022,6,182982615
2022,9,195778124
2022,9,201072036
2022,9,182650453
2022,6,195350795
2022,6,195350796
2022,9,182857753
2022,9,195764475
2022,9,189185635
2022,6,195764476
2022,9,195778125
2022,9,195987915
2022,6,195623744
2022,9,195764477
2022,9,195881402
2022,6,195881403
2022,1,199568884
2022,9,178780538
2022,9,178780539
2022,8,178780540
2022,6,178780541
2022,9,178780542
2022,9,178780544
2022,9,178780546
2022,9,178780548
2022,9,178780549
2022,9,178780550
2022,1,178780552
2022,9,179186018
2022,9,178780554
2022,6,181432743
2022,9,178780559
2022,9,178780560
2022,6,178780561
2022,9,181432744
2022,9,178780562
2022,9,179186019
2022,9,179186020
2022,9,179186023
2022,9,179494454
2022,6,179641408
2022,9,180128309
2022,9,180128310
2022,9,181432752
2022,9,181432755
2022,6,181736600
2022,6,181736601
2022,9,182647009
2022,9,190959374
2022,9,181732625
2022,9,182647011
2022,9,182647013
2022,6,182647015
2022,6,182647016
2022,9,182647017
2022,9,182647019
2022,5,182647020
2022,9,182647022
2022,8,182647023
2022,9,182647024
2022,9,182932128
2022,9,182932129
2022,9,182932130
2022,9,184232082
2022,9,184232084
2022,9,184232085
2022,6,184232086
2022,6,184232087
2022,8,184232088
2022,9,184232090
2022,10,184232093
2022,10,184232094
2022,6,184232095
2022,9,185783824
2022,6,184232100
2022,6,184232101
2022,7,184232104
2022,9,184289060
2022,2,184392174
2022,9,185783825
2022,6,184289062
2022,6,190959375
2022,9,184483913
2022,6,190959376
2022,6,185783828
2022,6,185783829
2022,6,185783831
2022,6,185783832
2022,1,185783833
2022,9,185783835
2022,9,182650461
2022,9,187101810
2022,9,189185636
2022,1,187101812
2022,9,187101813
2022,9,182650465
2022,9,182650466
2022,9,182650467
2022,9,182650469
2022,9,187355724
2022,9,190959377
2022,9,182650470
2022,6,183705590
2022,9,190959379
2022,1,187715046
2022,9,182650473
2022,8,182932247
2022,6,190959381
2022,6,190959382
2022,8,182932248
2022,9,182650477
2022,6,189185638
2022,1,188887016
2022,6,189185639
2022,9,182650485
2022,9,182650486
2022,9,182650487
2022,6,188887017
2022,9,182650490
2022,6,188887018
2022,6,182650491
2022,9,182650492
2022,9,182650493
2022,1,188887022
2022,2,182650496
2022,9,190959384
2022,9,182650500
2022,9,182650502
2022,9,182650504
2022,9,182650507
2022,9,182650508
2022,9,182650510
2022,6,182650511
2022,9,182650512
2022,9,182650513
2022,9,182650514
2022,9,182650515
2022,9,182650516
2022,9,182650517
2022,6,182650518
2022,9,197995550
2022,9,182650522
2022,9,182650529
2022,6,188887023
2022,8,190959385
2022,9,182650530
2022,9,189185641
2022,6,190959387
2022,9,182650532
2022,9,190959388
2022,9,182650534
2022,1,190959390
2022,9,182650535
2022,9,190959391
2022,8,190959392
2022,9,182703515
2022,6,190959396
2022,6,196992662
2022,9,196992663
2022,9,182703522
2022,9,190959406
2022,9,182764563
2022,9,190959407
2022,1,190959408
2022,6,190959413
2022,6,190959414
2022,9,190959415
2022,9,182764566
2022,6,190959419
2022,6,190959420
2022,9,182764569
2022,9,182857757
2022,9,182857759
2022,9,190959426
2022,6,190959427
2022,9,182857765
2022,6,190959428
2022,9,182857774
2022,9,190959429
2022,6,189185642
2022,9,190959432
2022,9,189185643
2022,9,192754245
2022,9,192425879
2022,9,192754246
2022,6,195878942
2022,9,192425880
2022,9,182901512
2022,5,192425883
2022,9,182901514
2022,8,192425884
2022,6,182901513
2022,9,192813657
2022,9,182901522
2022,6,194323972
2022,6,194323973
2022,6,195878944
2022,8,194323976
2022,9,182901526
2022,8,194323978
2022,9,182901527
2022,9,194323979
2022,9,182901528
2022,9,194323980
2022,9,194323981
2022,6,182901530
2022,9,197138180
2022,9,194323983
2022,9,194323986
2022,6,194323988
2022,6,194323989
2022,2,194323990
2022,9,195424185
2022,6,195424186
2022,6,195424187
2022,9,195424188
2022,9,195424190
2022,9,195424192
2022,9,195424193
2022,9,196822780
2022,9,196822781
2022,10,196822789
2022,9,196822796
2022,9,188906644
2022,9,188906646
2022,9,182932249
2022,9,182932250
2022,9,182932260
2022,9,182932261
2022,9,182932267
2022,9,189234389
2022,6,188906651
2022,9,182932269
2022,9,189193704
2022,9,188906660
2022,9,182932277
2022,9,188906661
2022,9,199853439
2022,3,192754248
2022,3,192754249
2022,9,182932279
2022,6,192754251
2022,6,192754252
2022,9,192754253
2022,9,188906666
2022,8,189185648
2022,9,189185649
2022,6,189185650
2022,8,188906668
2022,6,182932289
2022,9,182932290
2022,9,183153021
2022,9,182982617
2022,9,183153023
2022,9,183153025
2022,9,183209889
2022,9,183209892
2022,6,183209897
2022,9,183209898
2022,6,189193705
2022,9,188906672
2022,1,188906673
2022,9,189193706
2022,9,184337299
2022,9,183209902
2022,6,183209903
2022,9,183209904
2022,9,183209909
2022,9,183209910
2022,9,183738215
2022,9,183738216
2022,9,183738222
2022,9,183738225
2022,9,183738226
2022,9,183738227
2022,9,183738230
2022,6,189241760
2022,6,189241761
2022,9,188906674
2022,9,188906678
2022,6,188906681
2022,9,188906683
2022,9,188906684
2022,9,188906688
2022,9,183738232
2022,9,183738233
2022,9,189425802
2022,9,183738234
2022,9,183954127
2022,9,183738237
2022,9,183738238
2022,9,189282084
2022,9,188906695
2022,9,188906699
2022,9,183738240
2022,9,183738241
2022,9,183738242
2022,9,183738243
2022,9,184484143
2022,9,183738248
2022,9,183892910
2022,9,183892911
2022,6,183892913
2022,6,183892914
2022,9,183892915
2022,9,188906701
2022,9,183892917
2022,9,188906702
2022,6,183892918
2022,9,183892919
2022,9,183892921
2022,6,188906705
2022,9,184337302
2022,9,188906706
2022,6,183892924
2022,9,189241763
2022,9,183898112
2022,9,183898113
2022,9,183898116
2022,9,189313825
2022,6,183898117
2022,3,183898118
2022,9,183898120
2022,9,189361447
2022,9,189361449
2022,9,183898121
2022,9,183954129
2022,9,183898122
2022,9,183898124
2022,9,189282085
2022,1,189361450
2022,1,189361454
2022,9,190600663
2022,6,190600675
2022,9,192493584
2022,9,192493591
2022,9,192493592
2022,9,192458077
2022,6,194326856
2022,9,194326857
2022,9,194326867
2022,6,195623752
2022,9,195623756
2022,9,183967317
2022,9,195623758
2022,9,201348630
2022,3,183898128
2022,6,183898128
2022,3,183898129
2022,9,183954130
2022,9,183954133
2022,9,183954136
2022,9,183954138
2022,9,183954139
2022,9,191850965
2022,6,183954140
2022,9,191850966
2022,9,184337303
2022,6,184337306
2022,9,191850970
2022,6,184337307
2022,9,195878945
2022,6,196974029
2022,9,196974030
2022,9,191850978
2022,9,184337310
2022,9,189241765
2022,9,184337313
2022,6,191850985
2022,9,184337314
2022,9,184337315
2022,6,191850989
2022,9,184337316
2022,6,191850990
2022,9,184337317
2022,9,184337318
2022,9,187101818
2022,6,187101819
2022,9,184337326
2022,8,187101820
2022,8,187101821
2022,9,187225098
2022,9,184337327
2022,9,187220773
2022,9,184337328
2022,6,184337329
2022,6,187220775
2022,9,184337335
2022,6,187220776
2022,2,187220778
2022,9,189244922
2022,1,187220782
2022,9,187220783
2022,1,187220786
2022,9,187220791
2022,9,187220792
2022,9,187220795
2022,9,187220796
2022,3,187337013
2022,3,187337014
2022,8,187337019
2022,6,187352223
2022,6,187352224
2022,1,187352231
2022,9,187352233
2022,9,188129207
2022,6,188129208
2022,9,188129209
2022,6,188129211
2022,6,188129214
2022,6,188129216
2022,6,188129217
2022,9,188129218
2022,9,189277486
2022,9,184484155
2022,9,184484158
2022,9,184484166
2022,8,184484168
2022,9,184484169
2022,9,184484185
2022,9,184484190
2022,9,184484194
2022,9,184484198
2022,9,196992665
2022,9,184484202
2022,9,184484219
2022,9,184484224
2022,9,184484227
2022,9,184484229
2022,9,189282089
2022,9,184484235
2022,9,184484237
2022,9,184484240
2022,9,184487178
2022,9,184484246
2022,9,184484249
2022,9,184484253
2022,9,184484263
2022,6,184484267
2022,9,184484268
2022,9,184484271
2022,9,184484285
2022,9,184484287
2022,9,184484290
2022,9,184484293
2022,9,184484296
2022,9,184484299
2022,9,189241767
2022,9,184484318
2022,6,189282091
2022,9,184484326
2022,9,184484338
2022,9,184484343
2022,6,184484346
2022,9,189241774
2022,9,188987008
2022,3,189277488
2022,9,189277493
2022,9,189277495
2022,8,189823423
2022,9,189823424
2022,1,189823425
2022,9,190118695
2022,6,190118702
2022,6,190282665
2022,9,190282667
2022,8,190282669
2022,9,190282670
2022,9,190282671
2022,9,190285310
2022,9,192078621
2022,9,192078624
2022,6,192078629
2022,9,192078632
2022,9,184942445
2022,9,192078636
2022,9,184942448
2022,9,184942452
2022,9,184942457
2022,9,189241776
2022,9,184942472
2022,6,192078651
2022,9,189277555
2022,9,184942482
2022,9,192078653
2022,9,192078654
2022,9,192078655
2022,9,192078656
2022,9,184942484
2022,9,192078657
2022,9,184942496
2022,9,192078659
2022,9,192078660
2022,9,184942498
2022,9,184942502
2022,9,187121970
2022,9,184942504
2022,9,184942506
2022,9,184942507
2022,9,187121973
2022,8,189282092
2022,9,188987010
2022,9,189282093
2022,9,187121977
2022,6,187763791
2022,6,187763792
2022,9,195235281
2022,9,190453925
2022,6,187724389
2022,9,187360304
2022,1,187337026
2022,9,187505387
2022,8,194327358
2022,6,198072952
2022,8,187390660
2022,8,190869367
2022,6,190869368
2022,6,187763799
2022,6,187763803
2022,9,188423889
2022,9,188817377
2022,9,189298040
2022,9,188124442
2022,9,188655321
2022,9,188987017
2022,6,188987019
2022,9,189277504
2022,9,190733073
2022,9,184942512
2022,6,184942513
2022,9,184942516
2022,9,184942518
2022,9,184942520
2022,9,184942524
2022,6,184942526
2022,9,184942531
2022,9,184942537
2022,9,184942539
2022,9,184942541
2022,9,184942545
2022,9,190733074
2022,6,190733075
2022,9,184942546
2022,1,184942548
2022,9,184942549
2022,9,184942550
2022,1,188987021
2022,6,184942554
2022,9,202431452
2022,6,185167197
2022,9,188987023
2022,6,185167198
2022,9,184942555
2022,9,189161478
2022,9,184942556
2022,9,189268038
2022,6,190733076
2022,9,189277505
2022,9,190733077
2022,9,184942559
2022,9,184942565
2022,9,189161479
2022,9,184942567
2022,9,190733078
2022,9,184942572
2022,6,189423301
2022,9,184942574
2022,7,190245257
2022,9,184942577
2022,6,190733079
2022,10,189342186
2022,9,184942587
2022,9,192096128
2022,6,184942593
2022,9,190041231
2022,9,184942596
2022,6,189423307
2022,6,184942602
2022,2,190048677
2022,6,190048678
2022,9,189768585
2022,9,190733082
2022,9,189993401
2022,9,190733087
2022,9,189768588
2022,9,190733088
2022,9,191872277
2022,8,190245259
2022,9,191872278
2022,9,191872279
2022,9,191872280
2022,9,192096129
2022,1,191872291
2022,9,191872292
2022,9,192201733
2022,6,194327363
2022,2,191875235
2022,6,194327368
2022,9,191875245
2022,9,192554470
2022,6,194327371
2022,6,194327372
2022,6,194720261
2022,5,194720263
2022,6,194720264
2022,9,190733090
2022,6,190733092
2022,9,190733097
2022,9,190733100
2022,6,195873423
2022,6,192609763
2022,9,194327376
2022,7,199501392
2022,6,194327379
2022,8,194327381
2022,8,194327382
2022,6,194327384
2022,6,194327385
2022,6,194327386
2022,6,194327387
2022,9,194327389
2022,9,194327395
2022,8,194327397
2022,9,190733101
2022,6,195235283
2022,6,195235284
2022,9,190733102
2022,6,195429597
2022,9,190733103
2022,9,194328874
2022,6,190733104
2022,8,194327406
2022,9,190733105
2022,9,195873426
2022,9,190733106
2022,6,195873427
2022,9,190733110
2022,9,194327409
2022,9,190733112
2022,9,190733113
2022,9,194327417
2022,9,194327418
2022,9,195873428
2022,9,194327429
2022,6,195235285
2022,8,199318584
2022,8,199318585
2022,9,195235289
2022,9,195235290
2022,9,195873433
2022,2,195873434
2022,2,196958615
2022,9,195358941
2022,1,195466598
2022,8,195778132
2022,9,197962927
2022,9,187649625
2022,9,182649523
2022,9,182649529
2022,8,176665596
2022,9,176317934
2022,6,179494456
2022,9,176704451
2022,9,176704453
2022,9,178199466
2022,9,182649541
2022,1,178371916
2022,9,182649542
2022,9,178371920
2022,8,178371921
2022,9,178371924
2022,9,182649545
2022,9,178371928
2022,9,178371929
2022,9,178199489
2022,2,179494458
2022,9,178199497
2022,9,190733114
2022,9,190733116
2022,9,178199503
2022,9,178199505
2022,9,194328875
2022,9,178199515
2022,9,190733118
2022,9,190733119
2022,9,178199517
2022,9,182649549
2022,9,182649550
2022,9,178199531
2022,6,179494459
2022,9,178371937
2022,3,183741313
2022,3,187649626
2022,9,182649559
2022,9,182649562
2022,9,182649563
2022,9,182649564
2022,9,178490266
2022,9,178780565
2022,6,179019427
2022,9,178858510
2022,9,178858512
2022,9,178858518
2022,9,182649567
2022,6,182649568
2022,9,179019438
2022,9,179019439
2022,9,201352050
2022,1,179494461
2022,9,182649573
2022,8,179101423
2022,9,179494466
2022,6,182649577
2022,1,179494471
2022,6,179494472
2022,6,179494473
2022,9,182649581
2022,9,179494479
2022,6,179494480
2022,9,183895885
2022,2,181293463
2022,9,182649583
2022,9,182649584
2022,6,182649585
2022,6,182649588
2022,9,198508838
2022,9,181462955
2022,9,182649596
2022,8,182649598
2022,9,182649599
2022,3,182649601
2022,6,195358943
2022,9,190733121
2022,9,182649608
2022,9,190733123
2022,10,190733125
2022,9,190733126
2022,9,190859916
2022,6,196974032
2022,9,182649622
2022,9,182649623
2022,9,196974034
2022,6,190733131
2022,8,182649626
2022,9,182649627
2022,3,190733132
2022,9,182649629
2022,9,182649633
2022,3,190733133
2022,9,202992049
2022,8,182649639
2022,10,182649640
2022,8,182649641
2022,9,182649643
2022,6,182649646
2022,6,182649650
2022,6,182649651
2022,9,182649652
2022,6,181736602
2022,9,182649654
2022,9,182649655
2022,8,182649660
2022,9,182649663
2022,9,182649665
2022,6,182649669
2022,6,182649670
2022,9,182649671
2022,9,183218012
2022,9,182649689
2022,9,194328237
2022,9,182649703
2022,6,182794628
2022,6,184838570
2022,9,182649708
2022,9,182649709
2022,9,182649711
2022,9,182649714
2022,9,182649715
2022,6,183461170
2022,9,182656038
2022,9,186140062
2022,9,185895653
2022,9,185895658
2022,9,185895668
2022,9,185895671
2022,9,185895674
2022,9,186140064
2022,9,185895678
2022,9,185895680
2022,6,185895682
2022,9,185895683
2022,9,185895684
2022,9,185895686
2022,9,185895688
2022,9,191027398
2022,9,185895709
2022,9,185895710
2022,9,185895712
2022,9,185895726
2022,9,185895729
2022,6,191027400
2022,9,191027401
2022,9,185895734
2022,9,185895744
2022,9,185895754
2022,9,185895757
2022,9,194328876
2022,6,185895764
2022,6,185895765
2022,9,185895767
2022,9,191027404
2022,6,191027405
2022,3,191027406
2022,9,191027407
2022,9,185895788
2022,9,185895797
2022,9,185895800
2022,9,185895802
2022,3,191027410
2022,6,191027410
2022,9,185895805
2022,9,185895808
2022,9,185895813
2022,9,200176628
2022,9,189990848
2022,6,182656041
2022,9,183158830
2022,9,182938794
2022,6,183158831
2022,6,183158832
2022,6,183687100
2022,9,183158833
2022,9,182905783
2022,9,183158835
2022,9,182905785
2022,9,183218013
2022,6,183218015
2022,9,182938796
2022,9,183218016
2022,9,183158836
2022,6,183895887
2022,9,183073072
2022,5,183387697
2022,9,183928206
2022,6,183928207
2022,6,183387699
2022,9,183218019
2022,9,186687592
2022,9,183687102
2022,8,183687103
2022,9,183711002
2022,9,183895890
2022,6,184047357
2022,9,183984643
2022,8,183984644
2022,8,184280504
2022,9,186704451
2022,6,186281287
2022,9,184280047
2022,9,184129641
2022,9,184302085
2022,9,184234476
2022,8,184280506
2022,6,184280507
2022,6,184342926
2022,9,184417106
2022,9,184342927
2022,6,184370464
2022,9,187989199
2022,6,187989200
2022,9,184516782
2022,9,184417112
2022,9,184838571
2022,9,184600793
2022,8,185133983
2022,9,185198453
2022,6,186110657
2022,9,185133987
2022,9,185133988
2022,9,185197662
2022,9,185490791
2022,9,185836918
2022,9,185895821
2022,9,185517479
2022,9,185895827
2022,9,185836919
2022,9,185895832
2022,9,194328878
2022,9,190048681
2022,9,185895845
2022,9,185895847
2022,9,185895854
2022,6,186281288
2022,6,186281289
2022,9,185895874
2022,6,186281290
2022,9,186110660
2022,9,186110661
2022,6,185895880
2022,8,186110662
2022,9,185895881
2022,9,185895894
2022,3,200536345
2022,6,200536346
2022,3,200536347
2022,6,191027412
2022,9,186687593
2022,9,186299043
2022,9,186299044
2022,9,186687594
2022,6,191027413
2022,9,185895917
2022,9,186299047
2022,9,195878948
2022,9,187989204
2022,8,186067290
2022,9,186067291
2022,9,186067309
2022,9,187285065
2022,9,186909341
2022,6,187016524
2022,3,190733135
2022,9,186909342
2022,6,186909343
2022,9,186698976
2022,6,199439620
2022,9,187285066
2022,6,186698978
2022,9,186698979
2022,9,186698983
2022,1,188817381
2022,9,186698984
2022,9,186698989
2022,9,187225099
2022,8,187913055
2022,8,187913056
2022,9,186698993
2022,9,187441173
2022,9,186698996
2022,8,187311019
2022,9,190733136
2022,9,197491576
2022,9,186699002
2022,9,187814591
2022,9,186699003
2022,9,186699011
2022,9,187814592
2022,6,187524750
2022,9,186699014
2022,9,188519702
2022,9,186699019
2022,9,187649636
2022,9,187649637
2022,9,186699021
2022,9,186699024
2022,9,187724399
2022,9,186699027
2022,8,187763806
2022,9,186699028
2022,9,186699030
2022,9,187989208
2022,6,187989211
2022,9,187860185
2022,9,187860186
2022,9,186699031
2022,9,186699032
2022,9,194328240
2022,9,187013131
2022,6,187989218
2022,9,188038613
2022,9,190733139
2022,2,188104124
2022,9,188129222
2022,9,188129223
2022,6,188817383
2022,9,189298044
2022,10,188796664
2022,8,188796665
2022,9,188817387
2022,8,189105612
2022,9,188910184
2022,8,188910185
2022,8,190544262
2022,6,188987032
2022,6,189265571
2022,9,189060900
2022,1,189161482
2022,9,194328241
2022,3,190438045
2022,3,190733140
2022,9,190129684
2022,3,190733141
2022,9,195881447
2022,8,189265574
2022,9,189432298
2022,9,186699046
2022,9,187013134
2022,9,187013139
2022,9,189265576
2022,9,187013147
2022,6,189298049
2022,6,189298050
2022,9,187013148
2022,9,187013149
2022,9,187013150
2022,6,190733143
2022,9,189371759
2022,9,190733144
2022,9,195881448
2022,3,201079952
2022,3,201079953
2022,9,187013153
2022,6,201079954
2022,6,196176642
2022,6,190438046
2022,6,190438047
2022,6,196176643
2022,9,190733145
2022,9,189401912
2022,9,190733146
2022,6,190048682
2022,6,195881449
2022,9,190438048
2022,2,190129685
2022,6,189848027
2022,9,195881450
2022,9,187013169
2022,8,189971948
2022,9,187013170
2022,9,190733148
2022,9,190733149
2022,9,190733150
2022,9,190733151
2022,9,195881451
2022,6,190733152
2022,8,190733152
2022,6,190733153
2022,9,200822406
2022,6,194328246
2022,9,190254959
2022,6,190285311
2022,6,190285312
2022,8,190238753
2022,9,190438052
2022,8,190285315
2022,6,190453930
2022,9,190581151
2022,6,191130194
2022,9,190869372
2022,6,190869373
2022,9,190869374
2022,8,190769844
2022,9,190769845
2022,2,190766377
2022,8,190733153
2022,6,190733154
2022,9,190769846
2022,3,191111855
2022,6,191111856
2022,9,191886798
2022,9,191412385
2022,8,191130196
2022,9,190733155
2022,9,190733156
2022,9,190733157
2022,6,201044785
2022,9,191412388
2022,9,191659908
2022,9,191872297
2022,10,192078668
2022,6,192078669
2022,9,192021709
2022,9,194328253
2022,9,192201745
2022,9,192201746
2022,9,192187478
2022,9,192510609
2022,9,192510610
2022,6,192616727
2022,6,192616728
2022,8,194328259
2022,9,192343742
2022,9,194328260
2022,9,192510611
2022,9,192611854
2022,10,194328261
2022,6,194328262
2022,9,194328263
2022,6,192616730
2022,6,192616731
2022,8,194328267
2022,6,187013182
2022,10,194328272
2022,9,194328273
2022,6,194328274
2022,6,194328275
2022,6,194328276
2022,9,190733159
2022,9,196432417
2022,9,196432418
2022,9,194328280
2022,6,194328281
2022,9,194328293
2022,6,194328294
2022,1,195638940
2022,9,194328303
2022,9,187337131
2022,9,187337136
2022,9,187337137
2022,9,191012913
2022,6,191012914
2022,9,191012915
2022,9,187337148
2022,9,187337153
2022,9,189089645
2022,9,187337158
2022,6,187337159
2022,9,187337160
2022,9,187645163
2022,6,189361490
2022,9,187645168
2022,9,187645169
2022,9,187645171
2022,9,189089647
2022,9,191012917
2022,9,187645175
2022,9,187645176
2022,9,187645178
2022,9,187645179
2022,9,187645180
2022,3,197020270
2022,9,189089649
2022,9,197015513
2022,9,191012919
2022,9,187741237
2022,9,187741239
2022,6,199976342
2022,9,200627973
2022,6,194328318
2022,9,194328321
2022,9,194328326
2022,6,194328327
2022,9,194328336
2022,9,195235296
2022,9,187741247
2022,9,194328345
2022,6,194328346
2022,9,187741252
2022,9,187741254
2022,9,187741255
2022,9,187741256
2022,8,187741257
2022,9,187741260
2022,9,187741261
2022,9,191012921
2022,9,187778686
2022,9,187898121
2022,9,187898122
2022,9,187898123
2022,9,196168008
2022,9,187898125
2022,9,187898126
2022,9,187898128
2022,9,189089651
2022,6,196992666
2022,9,189089652
2022,9,189089653
2022,9,188010081
2022,9,196176648
2022,9,189089656
2022,9,188010085
2022,9,188010090
2022,9,188010102
2022,9,191012922
2022,9,188010104
2022,9,188010105
2022,9,188010106
2022,6,188010107
2022,9,188010108
2022,9,191012923
2022,9,188010111
2022,9,188010112
2022,9,188010113
2022,9,188010114
2022,9,191012925
2022,9,188010117
2022,9,188010118
2022,9,188010119
2022,9,188010121
2022,9,188418785
2022,9,189234390
2022,9,202067297
2022,9,188418793
2022,9,202067298
2022,9,188418795
2022,9,188418796
2022,9,188418797
2022,9,195116001
2022,9,188418798
2022,6,195873441
2022,9,188418801
2022,9,194339461
2022,9,188418802
2022,9,188418804
2022,9,188418805
2022,9,188418812
2022,9,194742078
2022,6,195175271
2022,9,188662865
2022,9,195346926
2022,9,188662866
2022,9,188418814
2022,9,188418815
2022,6,188418817
2022,5,195175272
2022,9,188418818
2022,9,188418821
2022,8,195171910
2022,9,188418823
2022,9,188418825
2022,9,195171913
2022,9,188418833
2022,9,195284135
2022,9,188418836
2022,9,188418840
2022,9,195346928
2022,9,195358946
2022,9,188418842
2022,9,195366529
2022,6,188662869
2022,9,195366530
2022,9,188662870
2022,9,188662873
2022,9,188662874
2022,9,195943751
2022,9,189234393
2022,9,188662885
2022,9,188662890
2022,9,188662891
2022,9,188662892
2022,9,188662893
2022,9,188662895
2022,9,188662897
2022,9,188667263
2022,6,188514418
2022,9,189429181
2022,9,189429182
2022,6,188514419
2022,9,189429185
2022,9,190959484
2022,9,188662908
2022,9,189234396
2022,9,189429199
2022,9,189234397
2022,9,189234398
2022,9,188667274
2022,6,188879089
2022,9,188879090
2022,9,188879091
2022,9,189429208
2022,9,188879092
2022,6,194332956
2022,9,190959487
2022,9,190959488
2022,9,196168011
2022,9,188879098
2022,9,188879099
2022,9,189234399
2022,9,188879100
2022,9,188879103
2022,9,188879104
2022,9,188879106
2022,9,188879107
2022,9,189234402
2022,9,189429213
2022,9,189429214
2022,9,189429218
2022,9,189429222
2022,9,190438054
2022,9,190707518
2022,9,194332957
2022,9,192184209
2022,9,190678191
2022,9,188879111
2022,9,188981208
2022,9,188981210
2022,9,196168014
2022,9,188981214
2022,9,188981216
2022,9,189234403
2022,9,197769035
2022,9,195157721
2022,9,195157723
2022,9,195157726
2022,9,195157731
2022,9,195157732
2022,9,195157736
2022,6,195157739
2022,6,195157740
2022,9,195157744
2022,9,195157745
2022,9,195157746
2022,8,195157748
2022,6,195157749
2022,9,195157750
2022,9,195157751
2022,9,195157752
2022,9,195157756
2022,9,195157758
2022,6,195157759
2022,9,195157760
2022,9,195157762
2022,9,195157764
2022,9,195157767
2022,6,195157769
2022,9,195157773
2022,9,195157774
2022,9,195157775
2022,9,195157778
2022,9,195157779
2022,6,195157780
2022,6,195157781
2022,9,195157782
2022,9,195157783
2022,9,188981218
2022,9,195161505
2022,9,188981219
2022,9,195157787
2022,8,195154177
2022,9,195157789
2022,9,189234406
2022,9,189234407
2022,9,195157791
2022,9,188981220
2022,9,189234409
2022,9,188981221
2022,9,195154180
2022,9,190959490
2022,9,195157794
2022,9,195154181
2022,9,188981229
2022,9,195154182
2022,9,195157795
2022,9,195157796
2022,6,195157797
2022,9,188981230
2022,9,195157798
2022,9,188981233
2022,6,195157800
2022,9,188981235
2022,9,195157802
2022,9,195157803
2022,9,188981236
2022,9,195157804
2022,9,189054681
2022,9,195157805
2022,9,195157806
2022,9,195157808
2022,9,195157810
2022,9,195157813
2022,9,195157815
2022,6,195161506
2022,6,195161507
2022,9,195157820
2022,9,195157821
2022,9,195157830
2022,9,195154188
2022,6,195154189
2022,9,195154191
2022,9,195157832
2022,9,195157834
2022,9,195154195
2022,9,195154196
2022,9,195157835
2022,9,195154199
2022,9,195157841
2022,8,195157842
2022,9,195161510
2022,9,195161511
2022,9,195161512
2022,9,195157848
2022,9,195157850
2022,9,195157851
2022,9,195157852
2022,9,195157857
2022,9,195157858
2022,9,195157859
2022,9,195157860
2022,9,195157864
2022,9,195157865
2022,9,195157866
2022,9,195157868
2022,9,195157870
2022,9,195157871
2022,6,202151176
2022,9,199177872
2022,6,195235300
2022,9,195157874
2022,9,195235301
2022,9,195157875
2022,9,195157877
2022,8,195861537
2022,8,195861538
2022,9,195148570
2022,9,195175275
2022,8,195157884
2022,9,195375256
2022,9,195284136
2022,9,189054682
2022,9,189054683
2022,9,189054684
2022,9,189054689
2022,9,190959494
2022,6,194328881
2022,6,194328882
2022,9,189089661
2022,9,189089663
2022,9,189089664
2022,9,189089665
2022,9,190959497
2022,9,189089667
2022,9,189089668
2022,9,189089673
2022,9,199888742
2022,9,199699111
2022,8,195366531
2022,6,195369760
2022,6,195369761
2022,9,200066715
2022,9,199699114
2022,8,201347100
2022,8,182655760
2022,9,182655763
2022,9,182655766
2022,9,182655770
2022,9,182655771
2022,8,186207461
2022,6,182655774
2022,9,189089674
2022,9,189089675
2022,9,189089676
2022,9,190959499
2022,9,189089677
2022,9,198429775
2022,9,189234414
2022,9,189234416
2022,9,184484447
2022,9,189089678
2022,9,189089679
2022,6,189089680
2022,9,198429780
2022,9,198429782
2022,3,198429784
2022,10,198429785
2022,6,198429787
2022,8,198429792
2022,9,190600678
2022,9,198429795
2022,6,198429796
2022,9,198429797
2022,9,198429798
2022,9,198429800
2022,9,202479483
2022,9,183153201
2022,9,183153202
2022,9,183153210
2022,6,183153217
2022,9,183153219
2022,9,183153223
2022,9,185728567
2022,9,183153230
2022,9,183153233
2022,8,183118240
2022,9,190561611
2022,9,183118242
2022,9,183118244
2022,6,202076669
2022,6,183118248
2022,9,183153239
2022,9,189234417
2022,9,190959500
2022,9,189234418
2022,9,183118254
2022,9,183153243
2022,2,183153245
2022,9,183153247
2022,9,189089682
2022,6,185728568
2022,6,183153248
2022,3,183153252
2022,6,183153254
2022,9,187027478
2022,9,183153259
2022,9,183153261
2022,9,190561615
2022,9,185487703
2022,8,190561617
2022,9,187337030
2022,6,187631227
2022,3,187631228
2022,6,202076670
2022,6,187337031
2022,6,187337032
2022,9,187505398
2022,9,189361462
2022,8,189047946
2022,6,189367011
2022,6,202419638
2022,9,189823429
2022,9,190245262
2022,6,190678106
2022,9,192196019
2022,3,191009890
2022,3,191009891
2022,6,194333429
2022,9,194333431
2022,9,190773222
2022,9,191265521
2022,9,196938611
2022,6,191265526
2022,3,190959501
2022,6,191352177
2022,3,190959502
2022,9,191957714
2022,9,189195874
2022,9,194333432
2022,9,189195881
2022,9,189195883
2022,9,196938612
2022,9,190959505
2022,6,194328883
2022,9,194333435
2022,9,194328884
2022,9,194328886
2022,9,194333437
2022,8,194333438
2022,9,190959507
2022,6,190959508
2022,9,190959511
2022,9,194333441
2022,9,190365096
2022,9,194333442
2022,9,189367040
2022,9,189367043
2022,6,194333446
2022,6,189367046
2022,9,189367047
2022,9,189367049
2022,9,189367051
2022,9,189367059
2022,9,197437453
2022,9,194333453
2022,9,194333455
2022,9,189367060
2022,9,194333458
2022,9,195132201
2022,6,194752841
2022,9,196938613
2022,9,194715544
2022,9,194715546
2022,9,194752842
2022,9,194610837
2022,9,195452666
2022,9,195424202
2022,9,196412397
2022,1,201040505
2022,6,202921431
2022,6,191824500
2022,6,197185363
2022,6,197185364
2022,6,197185370
2022,6,197185388
2022,6,197185391
2022,6,197185408
2022,6,197185411
2022,6,197185412
2022,6,197193996
2022,6,197221733
2022,9,189367061
2022,9,189367062
2022,6,197221746
2022,9,189367063
2022,6,195764545
2022,9,189367066
2022,9,195764546
2022,9,189367068
2022,9,189768632
2022,9,189367069
2022,9,189367070
2022,9,189367072
2022,9,189367076
2022,6,197285957
2022,9,189810798
2022,6,197285958
2022,9,189810800
2022,9,189810802
2022,9,189810807
2022,9,189962683
2022,6,197285969
2022,6,197285971
2022,9,189810811
2022,9,189810813
2022,6,189810814
2022,9,189810815
2022,9,189810819
2022,9,189810820
2022,6,189810821
2022,9,189810823
2022,6,189810825
2022,9,189810826
2022,9,189810827
2022,9,189810829
2022,6,197285994
2022,9,189810830
2022,9,189810831
2022,9,189810835
2022,9,189810837
2022,9,189962684
2022,9,189962685
2022,9,189962686
2022,9,189962688
2022,9,189962689
2022,9,189962690
2022,6,197286007
2022,6,197286008
2022,9,189962693
2022,6,197286013
2022,9,190446615
2022,9,189962696
2022,9,189962697
2022,9,189962698
2022,6,189962699
2022,9,189962700
2022,9,189962701
2022,9,189962702
2022,9,189962704
2022,9,189962706
2022,9,190365099
2022,9,190365100
2022,9,197015515
2022,9,195764548
2022,6,195964719
2022,9,195964720
2022,9,190365107
2022,9,190365110
2022,3,194323099
2022,9,190365116
2022,6,197233631
2022,6,194323102
2022,6,194323103
2022,9,190365120
2022,9,190365121
2022,9,190365122
2022,9,190365124
2022,6,194323109
2022,9,190365125
2022,9,190365126
2022,6,190403960
2022,6,194323115
2022,6,194323117
2022,9,190044026
2022,9,190044027
2022,6,194323121
2022,6,190044028
2022,9,190044029
2022,9,190533531
2022,6,194323127
2022,9,190044031
2022,9,190864119
2022,6,195623775
2022,9,190044033
2022,6,194323134
2022,9,190533532
2022,9,195964721
2022,9,190044042
2022,9,190044043
2022,9,190044044
2022,6,194323148
2022,9,190859918
2022,9,190864120
2022,9,190044048
2022,9,190864122
2022,9,190533535
2022,9,190044051
2022,9,190044053
2022,8,195623780
2022,9,190533538
2022,9,190533540
2022,6,190533541
2022,9,190533542
2022,6,195764481
2022,9,190533543
2022,9,190533546
2022,6,195764485
2022,9,190533550
2022,9,190533551
2022,6,190533553
2022,9,190533554
2022,8,190859919
2022,9,190533556
2022,9,190533559
2022,9,190859920
2022,9,190539334
2022,9,190539341
2022,9,192425925
2022,6,190859921
2022,9,190859922
2022,9,190539351
2022,9,190539353
2022,9,190539355
2022,9,190539358
2022,9,190859923
2022,9,190539366
2022,9,190539367
2022,9,190539373
2022,9,190539377
2022,9,196168020
2022,9,190728724
2022,9,190728725
2022,9,190728727
2022,9,190728728
2022,9,196992669
2022,9,197882701
2022,9,190728736
2022,6,176575132
2022,6,176575139
2022,6,176575154
2022,6,177115741
2022,6,177518463
2022,9,183666986
2022,6,177127217
2022,6,177325032
2022,6,177325036
2022,8,177646432
2022,8,177235048
2022,6,194328888
2022,9,183666987
2022,3,183666988
2022,6,194328889
2022,9,200066741
2022,6,190728742
2022,9,190728743
2022,9,177646441
2022,9,178061041
2022,6,178199555
2022,1,178293223
2022,6,179019452
2022,9,179427063
2022,5,179494489
2022,6,179494497
2022,6,179544288
2022,9,190728744
2022,9,191009933
2022,9,191009934
2022,9,191009937
2022,9,192198406
2022,9,191009942
2022,9,191009944
2022,9,192198408
2022,9,192017667
2022,6,191009949
2022,9,191009950
2022,6,191009952
2022,9,191009953
2022,9,191012927
2022,9,191012929
2022,9,191794326
2022,6,191012938
2022,8,191012938
2022,9,191012939
2022,9,191012942
2022,9,195764549
2022,9,191012943
2022,9,195764551
2022,9,191794334
2022,9,191794339
2022,9,191794340
2022,9,191794346
2022,9,191794347
2022,9,195764552
2022,9,191794349
2022,9,195764554
2022,6,195764555
2022,9,191794354
2022,9,191794357
2022,9,191794358
2022,9,191794360
2022,9,191794361
2022,9,191794362
2022,9,191794366
2022,9,195964724
2022,9,191794373
2022,6,191794376
2022,9,191794377
2022,9,191794378
2022,9,191794380
2022,9,191794384
2022,9,191794386
2022,9,180382970
2022,9,191794390
2022,9,192017675
2022,9,196974036
2022,9,195764559
2022,9,191794399
2022,6,195764560
2022,9,195764561
2022,9,195964725
2022,6,192017678
2022,6,200066742
2022,9,191848884
2022,9,191848885
2022,9,191848886
2022,9,191848888
2022,9,191848889
2022,9,191848892
2022,9,191848897
2022,9,191848898
2022,9,191848904
2022,7,181366620
2022,9,191848905
2022,9,191848906
2022,9,191848907
2022,9,191848908
2022,9,191848909
2022,9,192326711
2022,9,183666989
2022,9,181419688
2022,3,194328893
2022,8,181419689
2022,6,181447615
2022,6,181447616
2022,3,194328894
2022,9,192087611
2022,6,181447620
2022,6,181447621
2022,9,194328895
2022,6,181442330
2022,9,192017689
2022,6,183666990
2022,9,192017692
2022,9,192017693
2022,6,197069084
2022,6,181476538
2022,9,192087614
2022,9,192017699
2022,6,194328899
2022,8,181517174
2022,9,194328900
2022,9,192087620
2022,9,194328901
2022,9,194328902
2022,9,194328903
2022,9,192087627
2022,9,192087630
2022,6,192087633
2022,9,194328904
2022,3,181523355
2022,9,194328906
2022,9,192087649
2022,9,192150245
2022,9,183666991
2022,6,197020271
2022,9,197020272
2022,6,182647390
2022,9,192326718
2022,9,192198412
2022,9,182647396
2022,9,195964730
2022,9,192198414
2022,9,194328907
2022,9,194328908
2022,9,192198418
2022,9,194328909
2022,9,192198422
2022,9,194328911
2022,9,192198424
2022,9,192198426
2022,9,192198427
2022,9,194328912
2022,9,192198428
2022,6,182647411
2022,6,194328914
2022,9,192781626
2022,5,192781628
2022,9,192781631
2022,9,192781634
2022,3,195764562
2022,6,195764563
2022,3,195764564
2022,9,192781647
2022,9,192781649
2022,9,192781653
2022,9,195764565
2022,9,192781662
2022,9,192781669
2022,9,182647467
2022,9,192781671
2022,3,194328920
2022,1,182857534
2022,3,194328921
2022,9,192781685
2022,9,199856711
2022,9,192781692
2022,6,182857539
2022,9,194328923
2022,9,194328932
2022,6,182901416
2022,9,194328933
2022,9,194328934
2022,9,194328936
2022,9,194328937
2022,9,194328938
2022,9,194328939
2022,9,194328941
2022,9,183152939
2022,9,194328943
2022,9,194328944
2022,9,194328945
2022,8,200176574
2022,9,194328946
2022,9,194328951
2022,9,194328952
2022,6,194328962
2022,8,183209706
2022,6,194328963
2022,9,194328965
2022,3,183209711
2022,9,194328967
2022,9,183410039
2022,9,194328970
2022,6,194328973
2022,6,194328974
2022,6,194328975
2022,9,194328976
2022,9,194328977
2022,9,194328980
2022,1,183450593
2022,9,194328984
2022,6,183450594
2022,1,183450595
2022,9,194328989
2022,1,183666994
2022,9,194328993
2022,6,183738127
2022,9,194328995
2022,9,183738129
2022,9,194328996
2022,9,195964732
2022,9,194329002
2022,6,183738134
2022,9,183738138
2022,9,194329007
2022,9,183896238
2022,6,194329009
2022,9,194329013
2022,9,194329020
2022,9,194329023
2022,9,194329026
2022,9,197138181
2022,9,194329035
2022,6,197020275
2022,6,197020276
2022,9,194329036
2022,5,184232115
2022,9,194329037
2022,9,194329038
2022,6,195964735
2022,6,195964736
2022,9,194329043
2022,9,197020277
2022,2,184289075
2022,9,194329050
2022,9,194329053
2022,9,194329056
2022,9,184285059
2022,9,197020278
2022,9,194329061
2022,9,194329062
2022,9,195964737
2022,9,194329073
2022,9,184337255
2022,6,184353215
2022,8,194329076
2022,6,184353216
2022,6,194329078
2022,9,194329079
2022,9,194329082
2022,9,194329084
2022,2,184376150
2022,9,195964738
2022,6,184392183
2022,9,194329086
2022,9,194329087
2022,9,194329089
2022,6,197020279
2022,8,197020279
2022,9,197020280
2022,9,194329092
2022,9,194329093
2022,9,194329097
2022,6,194329098
2022,9,194329099
2022,9,194329102
2022,9,194329103
2022,9,194329105
2022,9,194329108
2022,9,194329109
2022,9,194329112
2022,9,194329113
2022,9,194329116
2022,9,195424258
2022,9,195424259
2022,9,195424260
2022,9,194329121
2022,9,195424261
2022,9,195424263
2022,9,194329129
2022,9,195424264
2022,9,194329134
2022,6,196974039
2022,6,185202250
2022,9,194329141
2022,9,194329143
2022,9,194329144
2022,9,194329145
2022,9,194329147
2022,9,195424266
2022,6,185429762
2022,6,185429763
2022,9,194715511
2022,9,194715512
2022,6,197882731
2022,9,194715516
2022,9,195424267
2022,9,194715518
2022,9,194715520
2022,9,194715521
2022,6,185479225
2022,9,194715522
2022,9,194715523
2022,9,195424270
2022,14,197020281
2022,6,194715524
2022,9,194715525
2022,6,195333883
2022,9,195333884
2022,6,185895498
2022,9,195333887
2022,9,195333888
2022,9,195333890
2022,9,197683404
2022,9,195964741
2022,9,195333892
2022,9,195333893
2022,6,186067081
2022,6,186067082
2022,1,195333894
2022,9,195343245
2022,9,195343246
2022,9,197020283
2022,9,195343248
2022,9,195343250
2022,9,195343252
2022,9,186377638
2022,9,187623559
2022,9,195352232
2022,3,195352233
2022,6,195352233
2022,9,195352235
2022,9,195352237
2022,9,195352238
2022,9,195623855
2022,6,186333800
2022,2,186333805
2022,6,186621416
2022,9,195623856
2022,9,195623859
2022,9,195634364
2022,9,187337034
2022,9,195634366
2022,9,196974041
2022,9,195634369
2022,9,195964750
2022,9,195964751
2022,9,195634370
2022,9,195764569
2022,11,195764570
2022,9,195764577
2022,2,187337050
2022,9,195764578
2022,2,195764580
2022,9,195964752
2022,9,195764586
2022,9,195764589
2022,9,195964753
2022,3,196974044
2022,9,195764596
2022,9,195764597
2022,9,197020285
2022,9,196822873
2022,9,187623561
2022,14,183705594
2022,6,187801012
2022,6,187801013
2022,6,187801019
2022,6,187866752
2022,6,188034715
2022,9,188034716
2022,6,188667174
2022,6,188667177
2022,6,188879039
2022,6,184108349
2022,6,184108350
2022,3,186679058
2022,6,187631288
2022,6,188887036
2022,6,188887039
2022,3,202923099
2022,6,192554690
2022,6,192554691
2022,6,181442402
2022,6,188895616
2022,6,188981174
2022,6,189047949
2022,6,189099400
2022,9,189277516
2022,6,189313833
2022,6,189381064
2022,8,189393786
2022,8,189768592
2022,6,189768593
2022,8,189960180
2022,8,189960181
2022,8,189962649
2022,6,190446582
2022,6,190449529
2022,6,190864080
2022,6,190864084
2022,8,190989519
2022,8,191027342
2022,6,191053950
2022,6,191848853
2022,6,183153278
2022,8,192160843
2022,6,192196031
2022,6,192198354
2022,6,192198355
2022,8,192753348
2022,6,192776807
2022,2,192776811
2022,6,192776813
2022,6,194324266
2022,6,194324298
2022,6,194324305
2022,6,194324324
2022,6,194324325
2022,6,184126920
2022,8,194324333
2022,6,194324353
2022,6,194324366
2022,6,184232192
2022,8,194715430
2022,6,194324393
2022,6,184244071
2022,6,184365815
2022,6,195199736
2022,6,195218642
2022,8,195218643
2022,6,184376223
2022,6,185487859
2022,6,187434031
2022,6,187741265
2022,6,189456354
2022,6,190565054
2022,6,190692023
2022,6,190859935
2022,6,191831708
2022,6,191831709
2022,6,192279756
2022,6,194334296
2022,6,181517180
2022,6,194334297
2022,6,194334303
2022,6,194334313
2022,9,181653190
2022,6,194334327
2022,6,195150085
2022,6,195157916
2022,6,192776912
2022,6,195279042
2022,6,195279043
2022,6,196412408
2022,6,196784763
2022,6,196689379
2022,6,175892882
2022,6,192777098
2022,6,192777173
2022,1,177235109
2022,6,176163051
2022,9,192777341
2022,9,192777355
2022,6,177079942
2022,6,192777403
2022,6,177129574
2022,6,178053467
2022,6,192777443
2022,6,178053468
2022,6,178372061
2022,1,179204549
2022,1,181517237
2022,6,181653243
2022,6,182912470
2022,6,192777778
2022,6,181293480
2022,6,192777827
2022,6,192777840
2022,1,184353374
2022,6,192777977
2022,6,185200581
2022,3,185200582
2022,6,186041128
2022,6,186041129
2022,6,187337167
2022,6,192778117
2022,6,188046601
2022,6,189393821
2022,1,189425809
2022,6,190122781
2022,6,192778340
2022,6,190561686
2022,6,190692027
2022,6,191027425
2022,6,192554696
2022,6,194334423
2022,6,192778590
2022,6,192778594
2022,6,192778602
2022,6,192778612
2022,8,194334424
2022,1,195129534
2022,6,195080971
2022,6,192778702
2022,3,195148587
2022,6,176163055
2022,6,192778747
2022,6,183693257
2022,6,183739681
2022,6,192778809
2022,9,181277204
2022,9,183152987
2022,9,182857905
2022,9,194334456
2022,9,194334459
2022,9,194334463
2022,6,192779204
2022,9,194334464
2022,6,192779206
2022,6,194715547
2022,6,192779212
2022,3,180075443
2022,6,184244033
2022,6,192779554
2022,6,180075443
2022,3,180075444
2022,6,180075444
2022,6,180075445
2022,6,192779750
2022,6,192779760
2022,6,185631332
2022,6,185631339
2022,6,192780004
2022,6,178053472
2022,8,178053473
2022,9,182982716
2022,9,180075448
2022,9,178053476
2022,6,181419734
2022,9,188034837
2022,10,181577164
2022,9,181419738
2022,9,185895958
2022,6,182982720
2022,6,182982721
2022,6,182982723
2022,6,180075461
2022,6,192780431
2022,6,192780450
2022,9,189342209
2022,9,183971085
2022,6,192753373
2022,6,192753374
2022,9,202431491
2022,9,181453510
2022,6,192753403
2022,9,182653351
2022,6,181577167
2022,6,181577168
2022,6,181577170
2022,9,181453516
2022,6,182653354
2022,6,182653355
2022,8,181453519
2022,9,181453520
2022,6,181577173
2022,6,181577174
2022,6,181453524
2022,6,181577176
2022,6,181577177
2022,3,181577178
2022,6,192753441
2022,6,181577178
2022,9,182653361
2022,6,183971086
2022,9,183971087
2022,6,182653365
2022,6,182653366
2022,6,182653367
2022,6,182653369
2022,1,182653380
2022,6,182653380
2022,8,182653380
2022,1,182653382
2022,9,182653384
2022,9,182653386
2022,6,182653393
2022,6,192780532
2022,9,183738252
2022,9,182653399
2022,6,192780548
2022,6,192780550
2022,9,182944955
2022,6,182653401
2022,9,183738253
2022,6,182653407
2022,9,182653408
2022,9,183738254
2022,9,182653416
2022,9,182944960
2022,9,182982733
2022,1,182944963
2022,9,182982738
2022,9,182982739
2022,9,183732245
2022,6,183732247
2022,9,183732248
2022,9,183732249
2022,6,185202279
2022,6,199597564
2022,8,183842858
2022,9,183842859
2022,8,183988405
2022,9,183988406
2022,6,183971098
2022,6,192780659
2022,7,183971098
2022,9,183988407
2022,6,184232196
2022,3,185895969
2022,3,185895970
2022,3,185895971
2022,9,185202284
2022,9,202431492
2022,9,190365141
2022,6,192780740
2022,9,186333881
2022,9,188977948
2022,9,190041315
2022,8,188977949
2022,8,188977950
2022,6,190701642
2022,6,190701644
2022,3,188514431
2022,3,188514432
2022,9,187355908
2022,6,195110867
2022,9,188034849
2022,9,188418849
2022,6,189456368
2022,6,189456369
2022,6,189456371
2022,9,188418854
2022,8,189048007
2022,6,189048008
2022,6,192781722
2022,6,192781723
2022,6,188647732
2022,9,189342215
2022,9,190044054
2022,6,190041317
2022,9,194333590
2022,6,195110869
2022,9,195110870
2022,9,191880997
2022,9,190365142
2022,9,190041327
2022,9,196822953
2022,9,196822954
2022,9,202431495
2022,9,191824593
2022,8,191878798
2022,9,190539388
2022,9,191881001
2022,9,191881002
2022,9,194333595
2022,9,196168096
2022,9,191824594
2022,9,192781739
2022,6,192781740
2022,9,191881004
2022,9,191881007
2022,6,192781027
2022,9,191824595
2022,6,194333597
2022,6,192781035
2022,6,194333598
2022,9,194333599
2022,9,191824597
2022,6,192781041
2022,9,191824599
2022,9,191824600
2022,9,192781751
2022,9,194333600
2022,9,191824601
2022,9,192781754
2022,6,192160880
2022,6,192160881
2022,9,194333601
2022,9,192160882
2022,6,192781765
2022,6,192781096
2022,8,192781765
2022,9,192160883
2022,6,192160884
2022,9,192160887
2022,9,201004527
2022,9,194333610
2022,9,194333612
2022,6,192781794
2022,6,192781795
2022,6,192781799
2022,6,192781800
2022,9,194333619
2022,9,192279768
2022,9,194333624
2022,9,194333625
2022,9,194333626
2022,6,194333627
2022,9,194333628
2022,9,194333631
2022,9,194333637
2022,9,194333638
2022,6,194333648
2022,9,194333650
2022,9,194333657
2022,6,195881453
2022,6,195881454
2022,9,194333665
2022,9,197549803
2022,6,192781281
2022,9,194333676
2022,9,194333677
2022,9,194333679
2022,9,202431499
2022,1,195881456
2022,1,195881457
2022,9,194333688
2022,6,196822970
2022,9,195110881
2022,6,196822973
2022,8,196822973
2022,6,196822974
2022,8,196822974
2022,6,196822975
2022,7,196822975
2022,9,195110882
2022,9,196822979
2022,9,196822980
2022,9,194333710
2022,9,194333711
2022,9,198331542
2022,9,195623888
2022,9,199603962
2022,6,192753471
2022,9,196168114
2022,9,195623904
2022,9,198983596
2022,9,195623905
2022,1,195881464
2022,9,202431536
2022,6,183892990
2022,7,179642256
2022,6,191880489
2022,6,181736657
2022,8,181736657
2022,6,182644505
2022,8,182644505
2022,8,182644548
2022,6,182698985
2022,6,183666922
2022,8,183666922
2022,8,183693274
2022,6,184971580
2022,6,191885608
2022,8,184971580
2022,6,187434044
2022,8,187434044
2022,6,187505478
2022,8,187505478
2022,6,187505485
2022,8,187505485
2022,6,188034858
2022,6,191880684
2022,6,190417364
2022,6,191880700
2022,6,190446628
2022,8,190446628
2022,6,190533572
2022,8,190533572
2022,3,190533577
2022,6,190539420
2022,6,194324912
2022,8,190539420
2022,6,190565059
2022,6,194320156
2022,6,194320167
2022,6,191885648
2022,8,194320167
2022,8,194320192
2022,6,194320196
2022,8,196822641
2022,6,191880825
2022,6,191880834
2022,6,191880836
2022,6,191880852
2022,6,191885669
2022,9,191885683
2022,6,191885688
2022,8,197015538
2022,3,197020306
2022,8,197020306
2022,8,197020309
2022,8,183117966
2022,9,183117967
2022,9,183117970
2022,8,183117973
2022,8,183117976
2022,6,191885699
2022,9,183117980
2022,9,184304440
2022,9,183117985
2022,9,183117986
2022,9,183117988
2022,9,183117989
2022,9,183117990
2022,9,183117992
2022,9,183117993
2022,9,183117996
2022,9,183117998
2022,9,183117999
2022,9,183118001
2022,6,183118002
2022,9,183118003
2022,6,183118012
2022,9,183118014
2022,6,183118015
2022,9,183118016
2022,9,183118018
2022,9,183118024
2022,9,183118025
2022,9,183118027
2022,9,183118028
2022,3,190959518
2022,9,184304442
2022,9,184304445
2022,10,184304447
2022,9,184304451
2022,6,184304452
2022,8,184304459
2022,6,184304460
2022,9,184304464
2022,9,184304465
2022,9,184304467
2022,9,184304468
2022,9,184304469
2022,9,184304470
2022,9,184304474
2022,6,192753603
2022,6,184304475
2022,6,184304482
2022,6,184304484
2022,9,184304486
2022,9,184304487
2022,9,186041144
2022,9,184337196
2022,9,184337198
2022,1,184337199
2022,6,184337200
2022,6,184337205
2022,9,184337212
2022,9,190959519
2022,9,186041152
2022,1,186041154
2022,9,186041167
2022,9,189313871
2022,6,192753678
2022,9,186041174
2022,9,186041176
2022,1,186041204
2022,6,190233431
2022,6,192753856
2022,6,192753859
2022,6,192753860
2022,8,186041205
2022,9,186041209
2022,9,186041216
2022,9,189313873
2022,6,192753886
2022,6,192753942
2022,6,192753964
2022,6,192753978
2022,6,192753993
2022,6,192754044
2022,6,192813680
2022,1,191880951
2022,2,186041227
2022,9,186041229
2022,6,186041231
2022,9,186041241
2022,9,186041243
2022,9,186041245
2022,9,187778700
2022,9,187778701
2022,9,187778712
2022,9,189313874
2022,9,187778721
2022,6,192754141
2022,9,187778723
2022,9,187778726
2022,1,187778729
2022,9,187778739
2022,8,187778743
2022,9,187778750
2022,9,187778753
2022,6,187778754
2022,9,187778755
2022,1,187778756
2022,8,187778758
2022,9,187778763
2022,9,187778764
2022,9,187778766
2022,9,187778767
2022,9,187778768
2022,9,187778771
2022,6,187778775
2022,8,187778776
2022,8,187778779
2022,9,187778780
2022,9,187778782
2022,9,187778785
2022,9,189313880
2022,9,189313881
2022,9,189313882
2022,9,189313883
2022,6,194324940
2022,6,194324964
2022,8,189313885
2022,6,199537489
2022,6,194325074
2022,8,189313886
2022,9,189313891
2022,1,189313895
2022,9,189313899
2022,6,189313901
2022,6,199537492
2022,6,189313903
2022,6,198660365
2022,6,198660403
2022,6,189313907
2022,9,189313911
2022,6,189313912
2022,9,189313913
2022,6,198109285
2022,6,198109321
2022,6,198660414
2022,6,198109362
2022,6,198109378
2022,9,189313914
2022,9,189313915
2022,9,189313916
2022,9,189313918
2022,6,198422478
2022,9,189313919
2022,9,189313923
2022,6,196992621
2022,1,189313924
2022,1,189313925
2022,1,189313926
2022,6,192160850
2022,6,199671907
2022,6,194325256
2022,6,194325287
2022,6,194325288
2022,6,195132219
2022,9,189313930
2022,6,189313934
2022,9,190959527
2022,6,190959532
2022,9,190959533
2022,6,190959534
2022,9,190959536
2022,1,190959539
2022,9,190959540
2022,9,190959550
2022,9,190959551
2022,9,192781827
2022,6,192781829
2022,9,192781830
2022,9,190959557
2022,9,190959558
2022,6,190959560
2022,9,190959561
2022,9,190959566
2022,9,195764606
2022,8,192781852
2022,8,192781853
2022,9,192781856
2022,9,192781872
2022,6,195352151
2022,6,194325292
2022,6,197185462
2022,6,196176453
2022,9,192781883
2022,9,192781885
2022,1,192781899
2022,6,196176480
2022,9,192781923
2022,6,192781927
2022,6,192781931
2022,9,195764609
2022,9,198373818
2022,6,195343287
2022,6,183382469
2022,6,196938431
2022,7,201010616
2022,6,196938453
2022,6,196938473
2022,6,194325336
2022,6,194325378
2022,6,195964610
2022,6,195964621
2022,6,189241790
2022,6,200106614
2022,6,200106618
2022,6,200106673
2022,6,199422358
2022,6,194325480
2022,6,199422360
2022,6,199422362
2022,6,199533300
2022,6,194325521
2022,6,199533301
2022,9,189241798
2022,8,189241800
2022,8,189241801
2022,6,189241816
2022,6,189241817
2022,7,189241821
2022,6,189241826
2022,6,199533304
2022,6,194325570
2022,6,194325577
2022,6,199533308
2022,6,194325592
2022,6,199533310
2022,6,199568986
2022,9,189241828
2022,2,189241837
2022,9,190682363
2022,9,190682364
2022,6,190682369
2022,9,190682370
2022,9,201010618
2022,8,192597550
2022,9,195634377
2022,9,192597552
2022,8,192597564
2022,6,195634383
2022,6,197456821
2022,6,199568987
2022,6,199533314
2022,6,194325659
2022,6,194325663
2022,6,199568990
2022,6,199568991
2022,6,199533319
2022,6,199533320
2022,6,199743123
2022,6,199568994
2022,6,199422372
2022,6,194325742
2022,8,195634384
2022,9,195634390
2022,9,195634396
2022,6,194325754
2022,6,195634399
2022,9,195634400
2022,6,196420494
2022,6,199533325
2022,9,201010621
2022,9,196420496
2022,9,196420499
2022,8,196420500
2022,6,196420505
2022,6,194715452
2022,9,201010623
2022,11,196420510
2022,9,201010626
2022,10,198389445
2022,2,196420517
2022,6,199568997
2022,6,199568998
2022,8,184108358
2022,6,199568999
2022,8,184108362
2022,8,184108363
2022,8,184108364
2022,8,184108365
2022,8,184108366
2022,6,184228518
2022,6,184228519
2022,8,184126933
2022,6,184126938
2022,6,184126939
2022,8,184126941
2022,8,184126943
2022,6,188829845
2022,6,199569012
2022,6,199569013
2022,6,198109407
2022,6,198109414
2022,6,199569014
2022,6,199569015
2022,1,188829850
2022,6,198331295
2022,6,199569016
2022,6,199533328
2022,6,199569020
2022,6,198419098
2022,6,199569021
2022,6,199569023
2022,6,199569024
2022,6,199569026
2022,6,199569027
2022,6,199569028
2022,6,199569031
2022,6,199569032
2022,6,199569033
2022,6,199148097
2022,6,199569036
2022,6,199148110
2022,6,199569039
2022,6,190407653
2022,6,195345765
2022,8,195346934
2022,8,199439629
2022,6,195343291
2022,9,189342232
2022,6,199569048
2022,9,195279071
2022,14,191027441
2022,8,192554709
2022,6,199596883
2022,12,183893021
2022,6,199596908
2022,6,199671923
2022,9,186880326
2022,6,199671940
2022,6,199671948
2022,9,186880333
2022,9,183893024
2022,9,190449566
2022,6,182794163
2022,6,199856619
2022,6,199856643
2022,6,199596926
2022,7,182794324
2022,6,185143489
2022,6,199955295
2022,6,199955307
2022,6,199955310
2022,6,185202288
2022,6,185479263
2022,6,200042785
2022,6,200176581
2022,8,185487864
2022,6,200176588
2022,6,185567151
2022,6,201064415
2022,6,200176594
2022,6,185567155
2022,6,185567156
2022,8,185728666
2022,6,185776714
2022,6,200194501
2022,6,186119497
2022,6,195971403
2022,6,195971404
2022,6,200620250
2022,6,188895704
2022,6,200620275
2022,6,201331002
2022,6,201064420
2022,6,201064429
2022,6,188895705
2022,6,189048018
2022,6,189048019
2022,6,196182279
2022,6,190426280
2022,6,190426281
2022,6,190426288
2022,2,190446631
2022,2,190446647
2022,6,190533584
2022,6,190767921
2022,6,201064432
2022,6,201251353
2022,2,190767930
2022,6,190864136
2022,6,201346937
2022,6,197145192
2022,8,197145192
2022,6,194756575
2022,8,194756575
2022,6,194756576
2022,8,194756576
2022,6,194756580
2022,6,194756582
2022,6,197145193
2022,8,197145193
2022,6,197145194
2022,8,197145194
2022,6,195971418
2022,9,183044680
2022,9,183044683
2022,9,183044687
2022,6,183044688
2022,9,183044691
2022,1,183044694
2022,9,183044695
2022,9,183044697
2022,9,183044698
2022,9,183118078
2022,9,183118079
2022,9,183118081
2022,1,183118082
2022,6,183118083
2022,9,183118084
2022,6,191824612
2022,1,183118088
2022,9,183118096
2022,9,183118099
2022,1,183118101
2022,9,183118104
2022,6,183118109
2022,6,183118111
2022,9,183118128
2022,9,183118130
2022,8,183118132
2022,9,183118136
2022,9,183118137
2022,9,183118145
2022,6,183118146
2022,9,183118147
2022,6,183118153
2022,8,183118156
2022,8,183118157
2022,9,183118171
2022,5,183118172
2022,9,183118173
2022,9,183118180
2022,8,183118181
2022,6,183118182
2022,9,183118189
2022,8,183153050
2022,9,183153053
2022,1,183153054
2022,6,183153057
2022,9,183153059
2022,8,183153061
2022,9,183153063
2022,1,183153067
2022,9,183153068
2022,9,183153071
2022,6,191824614
2022,9,183153074
2022,9,183153075
2022,9,183153079
2022,8,183153081
2022,9,183153083
2022,8,183153088
2022,9,183153090
2022,2,183153094
2022,6,183153097
2022,9,183153099
2022,9,183153100
2022,9,183153101
2022,6,183153102
2022,6,183153103
2022,9,183153104
2022,9,183153105
2022,9,183153107
2022,9,183153108
2022,6,183153110
2022,9,183153114
2022,8,183153119
2022,9,183153123
2022,8,183153125
2022,8,183153126
2022,9,183361594
2022,9,183361595
2022,9,183361596
2022,9,184044212
2022,9,183382689
2022,9,184044213
2022,9,183382691
2022,6,183382692
2022,8,183382693
2022,9,183382694
2022,6,183382703
2022,8,183382704
2022,6,183382706
2022,8,183382707
2022,8,183382709
2022,9,183382716
2022,9,183382719
2022,9,183382721
2022,9,183382723
2022,9,183382734
2022,6,201346945
2022,9,183382735
2022,9,183382737
2022,9,183382738
2022,9,183382741
2022,9,183382743
2022,6,183382747
2022,6,183382748
2022,9,183382752
2022,9,183382756
2022,9,183382758
2022,9,183382761
2022,9,183382771
2022,6,202159983
2022,6,183382772
2022,6,183382777
2022,6,183382778
2022,9,183382781
2022,6,202150684
2022,9,183382782
2022,9,183382792
2022,9,183382793
2022,6,183382795
2022,9,183382798
2022,9,183382802
2022,9,183382806
2022,9,183382808
2022,9,183382810
2022,9,183382814
2022,9,184044218
2022,9,183382817
2022,9,183382818
2022,8,183382821
2022,9,183382822
2022,9,183382825
2022,9,183382829
2022,9,183382836
2022,9,183382838
2022,9,183382839
2022,9,183382842
2022,9,183382848
2022,6,202160008
2022,9,183382849
2022,5,183382855
2022,9,183382857
2022,8,183382858
2022,9,183382867
2022,8,183382873
2022,9,184044223
2022,9,183382879
2022,9,183382883
2022,9,183382885
2022,9,183382887
2022,9,183382889
2022,9,183382892
2022,9,183382893
2022,9,183382895
2022,9,183382899
2022,9,183382901
2022,9,183382905
2022,9,183382909
2022,9,183382910
2022,9,183382925
2022,9,183382928
2022,9,183382937
2022,6,181577120
2022,9,183382939
2022,9,183382941
2022,6,183382944
2022,9,183382950
2022,9,183382951
2022,9,183382958
2022,6,184044226
2022,9,183382968
2022,6,182651552
2022,9,183382971
2022,8,183382974
2022,9,183382975
2022,6,182651554
2022,9,183382976
2022,9,183382979
2022,9,183382981
2022,9,183382982
2022,9,183382983
2022,9,183382989
2022,9,183382991
2022,9,183382994
2022,9,183382996
2022,9,183383006
2022,9,183383007
2022,9,183383008
2022,2,183383014
2022,9,183450750
2022,9,182651590
2022,6,182651592
2022,9,183450757
2022,9,183450759
2022,9,183450763
2022,9,183450771
2022,9,183450773
2022,9,184044230
2022,9,183450777
2022,9,183450779
2022,9,183450781
2022,6,182651626
2022,9,183450782
2022,9,183450786
2022,9,183450788
2022,6,182651633
2022,9,183450790
2022,7,183450804
2022,9,183450809
2022,5,182651647
2022,9,183450811
2022,9,183450813
2022,9,183450814
2022,9,183450816
2022,6,183450817
2022,9,183450819
2022,6,183450821
2022,6,187741287
2022,1,182651665
2022,9,183450827
2022,9,183450829
2022,9,183450831
2022,9,183450832
2022,9,183450833
2022,6,183450837
2022,6,182651677
2022,8,183450838
2022,9,183450839
2022,9,183450844
2022,6,182651688
2022,9,183450847
2022,9,183450848
2022,6,183450850
2022,8,183450851
2022,6,183450852
2022,9,183450855
2022,9,183450860
2022,1,182651706
2022,9,183450861
2022,9,184044237
2022,9,183450864
2022,9,187741295
2022,9,183450872
2022,9,183450873
2022,9,183450875
2022,9,184044247
2022,9,184044248
2022,9,184044249
2022,8,184044252
2022,8,184044253
2022,9,184044257
2022,9,184044260
2022,9,184044262
2022,9,184044264
2022,6,182651747
2022,9,184044268
2022,6,182651754
2022,9,184044269
2022,9,184044273
2022,9,184044274
2022,9,198373905
2022,9,184044289
2022,9,184044290
2022,9,184044294
2022,9,184044300
2022,8,184044303
2022,1,182651786
2022,5,182651788
2022,8,184044304
2022,9,184044305
2022,9,184072825
2022,9,184072830
2022,3,184072831
2022,6,184072831
2022,3,184072832
2022,8,184072833
2022,8,187741299
2022,9,184072836
2022,9,184072837
2022,9,184072839
2022,9,184072840
2022,9,184072841
2022,9,184072842
2022,9,184072843
2022,9,184072844
2022,9,184072845
2022,6,184072846
2022,9,184072847
2022,9,184072849
2022,6,184072853
2022,6,184072854
2022,8,184072855
2022,9,184072861
2022,6,184072862
2022,9,184072863
2022,1,184072870
2022,9,184072873
2022,1,183382687
2022,2,186207518
2022,9,184072878
2022,6,184072879
2022,8,184072880
2022,9,184072882
2022,9,184072885
2022,9,184072886
2022,1,184072888
2022,9,184072892
2022,9,184072894
2022,9,184072903
2022,9,184072904
2022,9,184072905
2022,9,184072906
2022,9,186207520
2022,9,184072909
2022,9,184072912
2022,9,184072913
2022,9,184072917
2022,2,184241394
2022,8,184072923
2022,9,184075818
2022,9,184075820
2022,9,184075821
2022,8,184075822
2022,9,184075826
2022,9,184075831
2022,9,184075832
2022,9,184075833
2022,9,184075837
2022,6,185126366
2022,9,184075839
2022,6,185126370
2022,9,186207527
2022,9,184075840
2022,9,184075842
2022,9,184075843
2022,9,184075846
2022,9,184075857
2022,9,186207528
2022,2,185202264
2022,9,186207529
2022,9,184392515
2022,9,184392519
2022,9,184392520
2022,9,184392529
2022,9,184392530
2022,9,184392532
2022,8,184392535
2022,6,184392537
2022,9,184392544
2022,6,185487748
2022,6,185487750
2022,9,184392546
2022,9,195764614
2022,9,184392556
2022,6,184392558
2022,9,184392563
2022,6,184392564
2022,9,186207531
2022,6,186207533
2022,9,184392584
2022,9,184392586
2022,9,184392590
2022,9,184392592
2022,9,184392594
2022,9,195764615
2022,9,184392598
2022,9,186207538
2022,9,184392604
2022,9,184392609
2022,9,184392612
2022,6,186119418
2022,9,184392613
2022,9,184392615
2022,9,184392618
2022,9,187741304
2022,9,186207540
2022,9,186207541
2022,6,186139997
2022,9,184392623
2022,9,184392627
2022,9,184392630
2022,9,184392632
2022,9,184392643
2022,1,186207546
2022,1,198373906
2022,9,186207550
2022,6,186207553
2022,9,186207554
2022,9,186207556
2022,9,186207557
2022,9,186207558
2022,9,186207564
2022,9,186207565
2022,9,186207567
2022,9,186207568
2022,9,186207571
2022,9,187741310
2022,6,186207573
2022,9,186207576
2022,9,186207581
2022,9,186207582
2022,6,187741316
2022,8,187417944
2022,9,187741320
2022,9,187741324
2022,9,186207586
2022,6,187741326
2022,9,187741339
2022,6,187734765
2022,9,187741349
2022,9,187741351
2022,6,188096107
2022,9,191824633
2022,9,187741357
2022,9,187741358
2022,9,187741359
2022,9,187741360
2022,9,191824634
2022,9,187741361
2022,8,187741367
2022,9,187741371
2022,6,188129224
2022,9,187741380
2022,6,188129227
2022,9,187741383
2022,9,187741387
2022,2,189155158
2022,9,187741388
2022,9,187741389
2022,9,187741392
2022,9,187741397
2022,9,187741401
2022,6,188796376
2022,9,187741405
2022,9,191824637
2022,9,187801114
2022,6,187801119
2022,9,187801125
2022,9,187801133
2022,9,187801138
2022,9,187801139
2022,9,187801140
2022,9,187801149
2022,9,187801150
2022,9,187801152
2022,6,187801154
2022,9,195132303
2022,9,187801168
2022,9,187801174
2022,9,187801176
2022,9,187801179
2022,6,187801180
2022,8,187801181
2022,9,187801184
2022,9,187801187
2022,9,187801194
2022,9,187801197
2022,9,187801201
2022,6,187801202
2022,9,187801207
2022,9,187801211
2022,9,187801212
2022,9,187801213
2022,9,187801218
2022,9,187801220
2022,9,187801221
2022,9,195132304
2022,9,187801229
2022,6,191824649
2022,9,187801235
2022,9,187801236
2022,6,187801239
2022,9,187801244
2022,8,187801246
2022,9,187801248
2022,9,187801249
2022,9,191824650
2022,9,187801255
2022,6,191824653
2022,6,187801261
2022,9,187801262
2022,6,187801270
2022,9,187801272
2022,9,187801274
2022,9,187801278
2022,2,189361475
2022,9,187801282
2022,6,189111708
2022,6,187801285
2022,9,187801289
2022,9,187801294
2022,9,187801296
2022,8,187801299
2022,6,189842969
2022,1,194331286
2022,1,194331287
2022,1,194331291
2022,6,194331292
2022,6,194331294
2022,6,194331312
2022,6,194331316
2022,1,199240084
2022,6,194331318
2022,9,187801304
2022,9,191824670
2022,8,187801307
2022,8,191824672
2022,8,191824673
2022,9,191824674
2022,6,191824675
2022,9,187801311
2022,9,187801312
2022,6,191824679
2022,6,191824683
2022,8,191824683
2022,8,191824684
2022,9,191824692
2022,9,191824694
2022,9,191824695
2022,6,194331345
2022,9,191824696
2022,9,191824700
2022,8,191824701
2022,9,191824702
2022,9,191824703
2022,9,191824710
2022,9,191824721
2022,8,191824724
2022,1,191824730
2022,9,191824739
2022,9,191824740
2022,9,191824750
2022,6,195129525
2022,9,191824751
2022,9,191824754
2022,9,191824764
2022,1,191824769
2022,9,191824773
2022,9,191824775
2022,1,191824780
2022,8,191824782
2022,8,191824789
2022,9,191824791
2022,6,191824797
2022,6,191824802
2022,6,185435663
2022,6,191824804
2022,9,191824805
2022,8,191824807
2022,8,191824808
2022,9,191824811
2022,8,191824814
2022,6,191824815
2022,9,191824821
2022,9,191824824
2022,8,191824834
2022,9,191824835
2022,8,191824838
2022,9,191824839
2022,9,191824843
2022,9,191824844
2022,9,191824845
2022,9,191824852
2022,9,191824855
2022,9,191824858
2022,9,191824860
2022,8,191824862
2022,9,191824864
2022,6,191824866
2022,9,191824868
2022,9,191824870
2022,9,191824874
2022,9,191824878
2022,9,191824879
2022,9,191824881
2022,14,189456246
2022,9,177189342
2022,6,178187978
2022,9,184353364
2022,9,175892870
2022,9,175892871
2022,3,175996548
2022,9,175996549
2022,6,176043864
2022,9,176283072
2022,6,176608020
2022,6,176317962
2022,6,176542183
2022,9,176317970
2022,9,176542193
2022,6,176608022
2022,9,176608024
2022,9,176665604
2022,9,177063521
2022,9,181477671
2022,8,177127235
2022,6,177127237
2022,6,177127238
2022,6,177127239
2022,9,177182947
2022,9,177518491
2022,6,177254264
2022,6,177182950
2022,9,177325078
2022,6,177325081
2022,9,185143444
2022,6,177518497
2022,6,177518498
2022,9,191831720
2022,6,177646456
2022,6,177646457
2022,6,177646459
2022,6,177646460
2022,9,178053405
2022,9,180339143
2022,6,180339144
2022,6,179494499
2022,6,179494500
2022,6,178053409
2022,9,185143446
2022,6,178187979
2022,6,178199624
2022,6,178199625
2022,6,178288941
2022,9,185143448
2022,9,180883395
2022,9,178490292
2022,9,178780575
2022,9,178780576
2022,6,178858550
2022,6,178858552
2022,9,185143449
2022,6,181366642
2022,9,178957179
2022,9,178957182
2022,9,185143450
2022,9,179095765
2022,9,185143451
2022,9,185143453
2022,6,179200970
2022,9,179378869
2022,6,179378870
2022,9,179544334
2022,9,179378874
2022,9,179534861
2022,14,191012853
2022,6,179544336
2022,6,179544337
2022,6,179561094
2022,6,179561095
2022,9,179625798
2022,9,191831722
2022,10,191831723
2022,9,191831727
2022,9,191831729
2022,9,191831737
2022,6,191831738
2022,3,191831749
2022,3,191831750
2022,9,191831751
2022,8,191831753
2022,9,191831754
2022,6,191831758
2022,8,191831759
2022,8,191831760
2022,9,191831763
2022,8,191831768
2022,9,191831771
2022,9,191831778
2022,9,191831783
2022,9,191831787
2022,9,191831789
2022,9,191831797
2022,6,191831805
2022,9,191831807
2022,9,191831813
2022,9,191831816
2022,9,195132313
2022,6,191831823
2022,9,191831827
2022,9,191831828
2022,9,191831829
2022,9,191831834
2022,9,191831836
2022,5,195132317
2022,9,191831844
2022,9,191831845
2022,9,191831846
2022,9,191831851
2022,9,191831852
2022,9,191831853
2022,9,191831856
2022,9,191831857
2022,9,191831866
2022,9,191831869
2022,9,191831871
2022,9,191831875
2022,6,191831880
2022,9,191831881
2022,9,191831886
2022,9,191831889
2022,9,191831890
2022,6,191831891
2022,9,191831892
2022,9,191831902
2022,9,191831905
2022,9,191846020
2022,6,191846022
2022,8,191846022
2022,8,191846023
2022,6,191846024
2022,9,191846029
2022,9,179994314
2022,9,179994315
2022,9,191846031
2022,9,191846032
2022,9,191846033
2022,9,195132322
2022,8,191846038
2022,9,191846040
2022,9,191846043
2022,9,191846047
2022,9,191846049
2022,6,191846051
2022,8,191846052
2022,9,191846056
2022,8,191846062
2022,9,191846063
2022,9,191846064
2022,5,191846069
2022,9,191846077
2022,9,191846084
2022,9,191846086
2022,9,200066750
2022,7,195764618
2022,6,191846094
2022,1,191846095
2022,9,191846111
2022,9,191846112
2022,9,191846115
2022,1,195764620
2022,9,191846121
2022,6,191846124
2022,6,191846126
2022,9,191846133
2022,9,191846134
2022,9,191846140
2022,9,191846142
2022,6,195132347
2022,9,191846150
2022,9,191846153
2022,9,195132351
2022,9,191846159
2022,9,195132355
2022,6,180075337
2022,6,195132356
2022,8,195132357
2022,9,195132358
2022,9,195132359
2022,9,195132362
2022,9,195132363
2022,8,195132365
2022,9,195132367
2022,9,195132369
2022,9,195132370
2022,9,195132371
2022,9,195132372
2022,9,195132375
2022,8,195132377
2022,9,195132378
2022,9,195132380
2022,9,195132381
2022,8,195132385
2022,9,195132392
2022,9,200066752
2022,9,195132397
2022,9,195132400
2022,6,195132403
2022,6,195132405
2022,9,195132410
2022,9,195132412
2022,9,195132414
2022,9,195132418
2022,9,195132422
2022,9,195132423
2022,1,195132427
2022,9,195132428
2022,9,195132432
2022,9,195132433
2022,9,195132434
2022,9,195132436
2022,8,195132445
2022,9,195132450
2022,8,195132455
2022,9,195132458
2022,9,195132460
2022,9,195132475
2022,9,195132479
2022,6,180075338
2022,9,195132483
2022,9,195132487
2022,9,195132491
2022,9,195132499
2022,9,182654068
2022,8,195132502
2022,8,200066757
2022,9,180383023
2022,8,195132506
2022,9,195132507
2022,6,195132508
2022,9,200066758
2022,9,195132510
2022,9,195132511
2022,8,195132512
2022,9,195132513
2022,9,195132514
2022,9,195132515
2022,9,195132516
2022,6,195132520
2022,9,195132522
2022,6,195132528
2022,6,195132529
2022,9,195132530
2022,9,195764626
2022,9,195132534
2022,9,200066760
2022,9,195132535
2022,9,200066762
2022,9,198373930
2022,2,195132538
2022,1,195132542
2022,1,195132543
2022,9,195764627
2022,9,195132546
2022,6,195132550
2022,9,195132555
2022,6,201647533
2022,8,201647534
2022,9,201647535
2022,9,180339151
2022,9,201647537
2022,9,201647539
2022,9,201647551
2022,9,201647553
2022,9,201647558
2022,9,201647560
2022,9,201647561
2022,9,201647562
2022,2,201647566
2022,9,201647570
2022,9,201647572
2022,9,201647573
2022,9,201647574
2022,9,201647576
2022,9,201647579
2022,9,201647596
2022,9,201647597
2022,6,201647598
2022,8,201647599
2022,8,201647611
2022,6,180339152
2022,9,201647613
2022,9,201647616
2022,9,201647621
2022,9,201647624
2022,9,201647626
2022,9,201647627
2022,6,201647631
2022,9,201647632
2022,1,201647633
2022,9,201647635
2022,9,201647636
2022,9,201647644
2022,6,201647646
2022,9,201647649
2022,9,201647652
2022,9,201647653
2022,9,201647660
2022,9,201647664
2022,9,201647665
2022,9,201647668
2022,9,178199871
2022,9,182647060
2022,9,180383026
2022,9,182647062
2022,9,180883399
2022,9,184483917
2022,6,180883400
2022,3,182654069
2022,6,182654070
2022,9,184483935
2022,9,181293482
2022,9,181293483
2022,9,181293484
2022,9,184483954
2022,6,181293487
2022,9,181293488
2022,9,185169414
2022,6,185169417
2022,10,185169426
2022,6,181315794
2022,6,181653199
2022,8,185433083
2022,14,189456250
2022,9,181653200
2022,6,181442357
2022,9,185433085
2022,9,185433087
2022,6,185433088
2022,9,185433089
2022,9,185433090
2022,9,181453425
2022,9,185433094
2022,6,181453426
2022,9,181453428
2022,6,181453430
2022,9,185433102
2022,9,181477673
2022,9,181477674
2022,9,187037858
2022,9,181477678
2022,9,181477679
2022,9,181477682
2022,9,187037880
2022,9,185143454
2022,6,181483415
2022,3,182654073
2022,6,182654074
2022,9,187037898
2022,9,181736632
2022,9,190533600
2022,6,191027365
2022,14,189456253
2022,3,182654077
2022,6,182654078
2022,9,190533605
2022,6,181736648
2022,6,181736650
2022,9,190533606
2022,9,190533607
2022,9,190533614
2022,1,190533617
2022,9,190533626
2022,9,185143456
2022,6,182654080
2022,9,190533627
2022,9,185143457
2022,9,191054011
2022,9,182654091
2022,6,182654092
2022,9,182654094
2022,9,182654095
2022,9,191054012
2022,6,191054014
2022,9,182654100
2022,9,191054024
2022,9,182654102
2022,9,192409783
2022,9,182654109
2022,9,182654113
2022,6,182654114
2022,9,185143458
2022,9,195446954
2022,9,182654131
2022,9,182654132
2022,9,185143459
2022,9,182654134
2022,6,182654135
2022,6,182654136
2022,9,185143461
2022,9,182654150
2022,9,182654153
2022,9,195446962
2022,9,182654157
2022,9,182654158
2022,9,182654161
2022,9,195446964
2022,9,182703675
2022,9,195446972
2022,3,184228477
2022,3,184228478
2022,6,184228479
2022,14,189456258
2022,6,197549814
2022,9,182764754
2022,6,197549815
2022,6,197549816
2022,9,195446978
2022,6,195446981
2022,14,189456262
2022,7,195446981
2022,6,197549817
2022,9,182857882
2022,9,195446987
2022,6,182886076
2022,6,182886077
2022,9,195446990
2022,1,195446991
2022,9,195446995
2022,9,182912460
2022,8,195446996
2022,8,195446997
2022,6,195447000
2022,9,195447005
2022,9,182993494
2022,9,201004538
2022,9,201004539
2022,9,201004545
2022,9,183153274
2022,9,201004548
2022,9,183361603
2022,9,201004550
2022,9,201004551
2022,6,201004553
2022,6,201004554
2022,6,201004556
2022,9,183693263
2022,9,201004557
2022,6,183705488
2022,9,201004558
2022,9,183705489
2022,9,201004562
2022,9,183705490
2022,9,185143464
2022,9,201004563
2022,9,201004564
2022,9,201004570
2022,6,183896263
2022,9,201004571
2022,6,178780735
2022,6,183954102
2022,6,183954104
2022,9,185143466
2022,9,184126899
2022,6,183988390
2022,1,180253730
2022,12,191012854
2022,9,184148039
2022,6,184228482
2022,6,184228483
2022,9,184228484
2022,6,184241399
2022,6,184241400
2022,9,185143467
2022,9,184365806
2022,9,184365811
2022,9,184474241
2022,6,184376219
2022,6,184376220
2022,9,184810939
2022,9,185143468
2022,9,184942330
2022,9,185167179
2022,9,184942334
2022,9,186119439
2022,9,185283537
2022,6,185283538
2022,9,185283539
2022,6,185441902
2022,6,185567099
2022,9,185631403
2022,9,185631405
2022,9,185631407
2022,9,185631408
2022,9,186165377
2022,9,185895572
2022,6,185895573
2022,6,186067169
2022,6,202985303
2022,9,189768607
2022,9,186377680
2022,9,186377682
2022,9,187505440
2022,9,186856367
2022,9,187352268
2022,6,188511436
2022,9,187352270
2022,9,187352273
2022,6,180253730
2022,9,187355812
2022,6,181523361
2022,9,190230557
2022,9,187377917
2022,9,187377920
2022,6,181577185
2022,8,181577185
2022,6,181736658
2022,8,181736658
2022,1,182654209
2022,1,183044732
2022,9,187388416
2022,9,187631251
2022,9,187631252
2022,9,187631255
2022,6,187631256
2022,6,185429860
2022,9,188879054
2022,9,187715056
2022,9,187715059
2022,9,187983028
2022,9,188007148
2022,6,187715088
2022,9,188027401
2022,6,188027403
2022,6,188647705
2022,9,188800564
2022,6,194334084
2022,9,188809855
2022,9,188823588
2022,6,188823591
2022,6,188823593
2022,6,188823594
2022,6,188823595
2022,6,188823599
2022,6,188823600
2022,9,188879056
2022,9,188895637
2022,6,188879058
2022,9,188895638
2022,9,188895640
2022,9,188895642
2022,3,190691999
2022,6,195110894
2022,6,195373354
2022,6,190733166
2022,6,189185616
2022,6,189185618
2022,9,189381080
2022,9,189277517
2022,6,189277520
2022,6,189277525
2022,6,189277527
2022,6,189277528
2022,6,189277529
2022,3,189277530
2022,9,194333937
2022,3,189381082
2022,6,189425787
2022,9,189425788
2022,6,189768609
2022,9,189823450
2022,9,190118739
2022,9,190118741
2022,9,190118742
2022,9,190623832
2022,9,190230559
2022,9,190230561
2022,9,190233435
2022,9,190365070
2022,9,190403922
2022,9,190403923
2022,6,190403924
2022,6,190403929
2022,6,190417343
2022,6,190674562
2022,9,190674568
2022,6,190674570
2022,9,190678128
2022,6,190678130
2022,9,190692000
2022,9,190692002
2022,6,190714136
2022,6,195373299
2022,9,190714137
2022,6,190714139
2022,9,190771466
2022,9,190771471
2022,9,190771474
2022,9,190864105
2022,9,190959463
2022,9,191027369
2022,6,191027370
2022,9,191265558
2022,6,191265559
2022,9,191265560
2022,9,191824563
2022,9,191649765
2022,6,191649766
2022,9,191791419
2022,9,192554526
2022,9,191791421
2022,9,191824564
2022,6,191845972
2022,6,191878749
2022,6,191878750
2022,9,191878755
2022,9,191880971
2022,6,191880972
2022,9,192059276
2022,6,192059277
2022,6,192069842
2022,9,192085765
2022,9,192198374
2022,9,192326670
2022,9,192409724
2022,6,192409725
2022,6,192409726
2022,6,192409728
2022,6,192409729
2022,9,192409730
2022,6,192409731
2022,9,192409733
2022,6,192458091
2022,6,192458092
2022,9,192458097
2022,3,194333938
2022,9,192754183
2022,9,194333941
2022,6,194333944
2022,6,179672138
2022,9,194333949
2022,6,194333950
2022,3,194333953
2022,3,194333960
2022,6,194333961
2022,6,194333962
2022,6,194333963
2022,6,194333964
2022,6,194333965
2022,6,194333970
2022,6,194333976
2022,9,194333980
2022,9,194333984
2022,6,194333985
2022,6,194333987
2022,9,194333988
2022,9,194333995
2022,6,194333999
2022,9,194334002
2022,9,194334004
2022,9,194334006
2022,6,194334007
2022,6,194334021
2022,8,179910108
2022,6,194334028
2022,6,194334032
2022,9,195110793
2022,9,194756529
2022,6,194334037
2022,9,194334038
2022,9,194334041
2022,9,194334046
2022,6,183895125
2022,6,194334047
2022,6,194334048
2022,6,194334049
2022,9,194334050
2022,9,194334055
2022,9,194334057
2022,9,194334063
2022,6,194334064
2022,9,194334066
2022,1,185490172
2022,6,195370715
2022,9,195370718
2022,6,186067367
2022,6,195157891
2022,9,195157892
2022,6,195350801
2022,6,195350802
2022,9,195350803
2022,9,195373301
2022,6,177400380
2022,6,177400388
2022,6,177400389
2022,6,177518520
2022,6,180253743
2022,6,181736661
2022,6,181736677
2022,6,181736678
2022,6,181736679
2022,6,183664467
2022,6,183664468
2022,6,183664469
2022,6,183664472
2022,6,183664473
2022,6,183664482
2022,6,194337958
2022,6,183664484
2022,6,183664485
2022,6,183664489
2022,6,184337116
2022,9,194337988
2022,6,194338003
2022,6,194338004
2022,6,184337124
2022,6,184337125
2022,6,184337128
2022,6,194338014
2022,6,186333895
2022,6,186333896
2022,6,187778787
2022,6,187778799
2022,6,187778817
2022,3,195370722
2022,6,189313940
2022,6,189313941
2022,6,189313960
2022,6,190864142
2022,6,190864147
2022,6,190864149
2022,6,190864152
2022,6,194319720
2022,6,194319721
2022,6,194319731
2022,6,195157920
2022,6,195157921
2022,6,197145200
2022,6,199555995
2022,3,199555996
2022,6,199555996
2022,3,199561750
2022,6,199561750
2022,1,199790904
2022,6,199948930
2022,8,182859805
2022,1,182859830
2022,6,200620323
2022,6,182859896
2022,6,180339157
2022,8,182860011
2022,8,182860038
2022,6,182860082
2022,3,182860106
2022,8,182860142
2022,6,182860146
2022,3,182860183
2022,3,183153322
2022,6,183153323
2022,6,180383094
2022,8,182860319
2022,1,183732231
2022,8,183920749
2022,8,183954110
2022,8,183954115
2022,6,180339193
2022,6,184168721
2022,6,184168722
2022,6,183954177
2022,6,184285119
2022,6,183954186
2022,6,187013194
2022,1,184832702
2022,8,184832714
2022,6,185167181
2022,8,185429828
2022,8,185567104
2022,8,185567110
2022,6,185783837
2022,8,185783841
2022,6,186333842
2022,6,187013200
2022,8,187388418
2022,6,187013213
2022,6,188511476
2022,8,188034772
2022,6,188511477
2022,6,190426371
2022,6,196176348
2022,6,194320041
2022,6,194320052
2022,6,196491363
2022,1,189282042
2022,6,189282043
2022,8,181757993
2022,6,181757996
2022,8,182645874
2022,6,182699020
2022,6,190044009
2022,6,182699026
2022,6,184126946
2022,6,182912375
2022,6,184082025
2022,6,183954191
2022,6,184353194
2022,5,190561647
2022,6,191805231
2022,6,197213999
2022,6,191805232
2022,6,191824889
2022,6,192554731
2022,6,194322340
2022,6,190577793
2022,6,194322349
2022,6,190577794
2022,6,192425931
2022,6,191127034
2022,6,191133601
2022,6,191127035
2022,6,191881010
2022,6,194322358
2022,6,192059284
2022,6,194322364
2022,6,194322370
2022,6,176709514
2022,6,192198379
2022,6,192326677
2022,6,194756592
2022,6,177127267
2022,6,178235127
2022,6,181366797
2022,6,194338103
2022,6,181366798
2022,8,181366804
2022,6,181366808
2022,6,181366810
2022,6,181366813
2022,6,183214528
2022,6,183214549
2022,6,183214550
2022,6,185728677
2022,6,195110796
2022,6,187122069
2022,8,195218687
2022,6,195278982
2022,6,187122070
2022,6,187122078
2022,6,187279723
2022,6,195282850
2022,6,188879128
2022,1,195352177
2022,6,195373310
2022,3,195452669
2022,6,188879130
2022,6,188879137
2022,6,188887094
2022,6,190678210
2022,6,181456286
2022,6,191881017
2022,6,181456289
2022,6,181456294
2022,6,181456295
2022,6,182644351
2022,6,182644355
2022,6,183892869
2022,6,183892870
2022,6,192409821
2022,6,184087988
2022,6,185441908
2022,6,185441909
2022,12,185441910
2022,6,192409835
2022,6,187013097
2022,6,187013098
2022,6,187013099
2022,6,187013101
2022,6,187013102
2022,6,187013103
2022,6,192493670
2022,6,188743171
2022,6,188743172
2022,6,192493671
2022,6,194323901
2022,6,188743176
2022,6,188743177
2022,6,188743179
2022,8,188743181
2022,6,188743183
2022,6,188749647
2022,6,188827080
2022,6,194323902
2022,6,194323908
2022,6,194323909
2022,6,194323928
2022,6,194323932
2022,6,194323941
2022,6,194323942
2022,6,194323946
2022,6,195764632
2022,6,195764633
2022,6,195764636
2022,6,195764638
2022,6,195764639
2022,6,195764643
2022,6,195764657
2022,6,195764658
2022,6,185487877
2022,2,188906736
2022,6,188906739
2022,6,185487878
2022,9,187756770
2022,6,188123579
2022,9,189001338
2022,6,192781947
2022,6,192196065
2022,9,192813905
2022,6,189266369
2022,9,198983432
2022,6,189267290
2022,9,178199937
2022,6,189267294
2022,6,189810755
2022,6,189810757
2022,6,190365081
2022,6,190403943
2022,6,190403944
2022,8,178780758
2022,6,190989556
2022,6,190989557
2022,6,182647902
2022,6,192615490
2022,2,182647904
2022,6,192615499
2022,1,182647910
2022,6,194319347
2022,6,194319348
2022,6,194319349
2022,6,194319350
2022,6,194319352
2022,2,182647913
2022,6,194319355
2022,6,194319357
2022,6,194319358
2022,2,184232221
2022,6,194319370
2022,6,194319379
2022,2,184232223
2022,6,194319384
2022,6,194319385
2022,2,188010132
2022,6,195158843
2022,6,195158844
2022,6,195158845
2022,6,195158846
2022,6,195158848
2022,2,188027434
2022,6,195370736
2022,2,191791442
2022,6,195373328
2022,6,195373329
2022,6,195373330
2022,6,195373332
2022,6,195373333
2022,6,195373334
2022,2,194325795
2022,6,196491327
2022,6,196491328
2022,6,196491329
2022,9,195129536
2022,2,195132592
2022,9,177279211
2022,6,189342286
2022,2,177279213
2022,9,177279216
2022,9,177279220
2022,6,177279313
2022,9,179550557
2022,9,179550562
2022,9,179550563
2022,9,179550568
2022,9,181653264
2022,9,181653267
2022,9,181653269
2022,9,181653271
2022,9,181653272
2022,9,182800729
2022,6,182800730
2022,2,182800733
2022,9,182800744
2022,9,182857597
2022,9,182857600
2022,9,184241449
2022,6,184241451
2022,9,184241452
2022,9,184241454
2022,9,184241455
2022,6,184241457
2022,9,185799462
2022,8,189342287
2022,8,189342288
2022,9,192160912
2022,6,202154972
2022,9,187715095
2022,2,202154974
2022,9,187715096
2022,6,187715100
2022,6,187717459
2022,9,189185661
2022,9,190628282
2022,6,192597566
2022,6,192604721
2022,6,195466616
2022,6,182886024
2022,9,187032755
2022,9,187032757
2022,9,187032758
2022,9,187032759
2022,9,187032762
2022,9,187032764
2022,9,187032769
2022,9,187032773
2022,9,187032776
2022,9,187032777
2022,6,184244091
2022,6,187032778
2022,9,187032783
2022,9,187032786
2022,6,184244092
2022,6,185896054
2022,6,187032793
2022,9,187032794
2022,6,185896062
2022,6,185896065
2022,9,187032804
2022,6,185896073
2022,6,185896075
2022,6,185896077
2022,6,185896079
2022,6,185896084
2022,9,187032812
2022,6,187638907
2022,6,187638908
2022,9,187032815
2022,6,187638910
2022,9,187032817
2022,6,187638911
2022,6,187638915
2022,6,187638916
2022,6,187638920
2022,6,189277566
2022,9,187032834
2022,9,187032837
2022,9,187032839
2022,6,189277567
2022,6,189277569
2022,6,191791450
2022,6,191791453
2022,6,191791454
2022,9,188906769
2022,6,191791456
2022,6,191791457
2022,6,191791459
2022,6,194327127
2022,6,188418869
2022,6,188418870
2022,6,194327130
2022,6,194327132
2022,6,194327138
2022,6,194327141
2022,6,194327147
2022,6,194327152
2022,6,194327154
2022,6,194327155
2022,6,194327158
2022,6,195764666
2022,6,195764673
2022,6,195764674
2022,6,182649212
2022,6,187715106
2022,6,189361507
2022,6,191386959
2022,9,188906775
2022,9,195333910
2022,9,190041342
2022,9,190417384
2022,9,190417385
2022,6,190449584
2022,6,194316757
2022,9,195466624
2022,6,195466625
2022,9,195466631
2022,6,195638951
2022,9,195466632
2022,6,190717380
2022,9,195466636
2022,9,190717382
2022,9,191655096
2022,6,195466639
2022,9,191655097
2022,9,195638954
2022,9,191655101
2022,6,191655102
2022,9,195522676
2022,9,191655103
2022,9,195522680
2022,9,191655110
2022,9,195466654
2022,9,192279790
2022,6,192279791
2022,8,195466655
2022,9,183960291
2022,9,194316770
2022,9,186669731
2022,9,194316777
2022,1,187041243
2022,9,189432299
2022,9,194316783
2022,9,192279802
2022,3,200829803
2022,6,178372072
2022,9,194316791
2022,9,194316795
2022,9,194316796
2022,9,194316797
2022,9,194316800
2022,9,194316803
2022,9,194316804
2022,6,194316805
2022,6,194316810
2022,9,194316813
2022,9,195424303
2022,8,197020324
2022,1,197020325
2022,9,195424310
2022,9,195424312
2022,9,195964786
2022,9,195964789
2022,9,195964791
2022,6,197020327
2022,9,197020328
2022,6,197020333
2022,6,183990437
2022,6,183990439
2022,6,176872658
2022,6,181315913
2022,6,185126494
2022,6,185126495
2022,6,178231051
2022,9,179590258
2022,6,179590261
2022,6,179590262
2022,6,178231052
2022,6,178780760
2022,6,179590268
2022,6,179590269
2022,6,178053478
2022,6,178372074
2022,2,181736712
2022,9,179590282
2022,6,178231053
2022,3,179590283
2022,9,179590284
2022,8,184232254
2022,12,182654897
2022,6,184232232
2022,9,179590287
2022,6,179590290
2022,6,179590293
2022,9,179590296
2022,9,179590298
2022,6,179590302
2022,9,179590304
2022,6,179590305
2022,6,179204551
2022,6,179590310
2022,6,179590311
2022,6,179019499
2022,6,179204553
2022,6,184365570
2022,6,184369319
2022,10,182649851
2022,6,183209863
2022,6,183209865
2022,6,182649855
2022,6,182649860
2022,6,189155211
2022,6,184337293
2022,6,182649881
2022,6,182649882
2022,6,184337298
2022,3,183209870
2022,8,180253755
2022,9,179590312
2022,9,179590315
2022,6,183209870
2022,6,183842873
2022,9,179590317
2022,14,179590319
2022,6,183209881
2022,6,179590322
2022,1,179590325
2022,6,180253756
2022,6,183967330
2022,6,183971107
2022,6,184126959
2022,6,184392461
2022,6,185631657
2022,2,187983058
2022,6,180253757
2022,6,187434097
2022,9,180253761
2022,6,180253767
2022,6,180253768
2022,2,187983065
2022,6,187983068
2022,6,189185673
2022,6,189962707
2022,6,189459664
2022,6,189962709
2022,6,190864160
2022,9,180253770
2022,6,190864161
2022,6,191265613
2022,6,191649800
2022,6,191649801
2022,6,192017710
2022,6,194328485
2022,6,192017714
2022,6,192198440
2022,6,192150273
2022,2,192160901
2022,4,192425943
2022,6,196176623
2022,6,194328492
2022,6,194328500
2022,6,195218746
2022,6,180253776
2022,6,196412276
2022,1,180253777
2022,9,180253789
2022,9,180253791
2022,2,195964760
2022,6,196412292
2022,9,180253797
2022,9,180253798
2022,6,196412293
2022,6,196412299
2022,6,202171493
2022,6,202431561
2022,9,180253799
2022,9,181736714
2022,9,180253808
2022,6,180253809
2022,6,180253813
2022,6,190179946
2022,6,180253814
2022,9,181736715
2022,6,180253819
2022,6,181315922
2022,9,181315924
2022,9,181315927
2022,9,181315928
2022,8,190179946
2022,6,190179947
2022,6,190179950
2022,6,190179953
2022,7,190449580
2022,6,190539425
2022,6,192069883
2022,6,192069884
2022,8,192085797
2022,6,191655090
2022,8,192059321
2022,6,192069888
2022,5,192069889
2022,6,192069894
2022,6,192085815
2022,6,192425948
2022,6,192458163
2022,8,192458163
2022,6,192458164
2022,6,192458168
2022,8,192458168
2022,6,192458169
2022,6,192458178
2022,12,194328792
2022,1,195132600
2022,6,197138212
2022,6,197185523
2022,6,194332114
2022,9,176606692
2022,9,176606694
2022,9,176082596
2022,9,176082600
2022,6,177732338
2022,9,176547569
2022,9,181458355
2022,9,194332116
2022,9,177759911
2022,8,177759912
2022,9,178215571
2022,8,177668768
2022,9,177668769
2022,9,177817342
2022,9,181387880
2022,9,177817344
2022,9,177817346
2022,9,178294926
2022,9,179559722
2022,9,178294927
2022,1,178353508
2022,9,178504683
2022,9,178938296
2022,9,181277211
2022,6,194332122
2022,2,187778829
2022,9,194332124
2022,9,181315937
2022,1,181315940
2022,6,181315941
2022,9,181315947
2022,9,194335106
2022,9,181315958
2022,9,181315959
2022,6,181315966
2022,6,181315967
2022,9,181315972
2022,9,181315973
2022,9,181315977
2022,9,181453547
2022,6,181315984
2022,6,181315985
2022,6,181315986
2022,6,181453550
2022,6,181315992
2022,8,181315993
2022,9,181315995
2022,6,181453555
2022,6,181453556
2022,2,181453558
2022,9,181453559
2022,9,181453563
2022,6,181453566
2022,9,181453570
2022,6,181453571
2022,9,181453575
2022,9,181453577
2022,9,181453582
2022,9,181453583
2022,9,181453584
2022,9,181453585
2022,9,181453586
2022,6,181453587
2022,9,181453598
2022,9,181453606
2022,9,181453608
2022,6,181736721
2022,2,181453618
2022,9,181736722
2022,8,181736723
2022,9,181736726
2022,9,180108660
2022,9,194332125
2022,9,180483249
2022,9,184811013
2022,9,181433053
2022,9,181387885
2022,9,181449879
2022,9,181433054
2022,9,181464698
2022,8,181482929
2022,8,181482931
2022,9,182652202
2022,9,181606219
2022,9,182652207
2022,4,181736728
2022,9,187778830
2022,9,182652212
2022,9,182652219
2022,9,182652232
2022,9,182652238
2022,9,182652245
2022,9,184818504
2022,6,184818505
2022,9,188104125
2022,9,182764634
2022,9,183741321
2022,9,183732262
2022,9,182794636
2022,9,182794638
2022,9,182795516
2022,9,182905792
2022,9,183732264
2022,9,183210047
2022,9,183073839
2022,6,187814602
2022,9,183387708
2022,9,181736733
2022,9,183461174
2022,9,181736734
2022,6,181736735
2022,9,181736739
2022,6,184838574
2022,6,181736741
2022,9,183669644
2022,9,184172635
2022,9,183732267
2022,8,181736750
2022,6,181736752
2022,6,181736757
2022,9,181736760
2022,9,183741330
2022,9,185896105
2022,6,181736766
2022,9,183908497
2022,6,181736775
2022,9,183992152
2022,9,182654903
2022,9,181736780
2022,9,181736783
2022,9,184044308
2022,9,184044309
2022,9,184086555
2022,6,181736788
2022,9,182654904
2022,8,182654906
2022,6,184086556
2022,6,184255956
2022,9,182654914
2022,9,182654916
2022,6,182654917
2022,9,184129643
2022,6,182654918
2022,9,184129644
2022,6,182654921
2022,9,184370465
2022,6,182654922
2022,9,182654926
2022,9,182654929
2022,6,182654934
2022,6,182654935
2022,9,182703762
2022,6,182654940
2022,9,182654944
2022,6,182654946
2022,9,182654947
2022,9,184600797
2022,6,182703763
2022,6,182703764
2022,6,182703765
2022,9,182654952
2022,9,182654954
2022,9,185133991
2022,6,182654955
2022,9,182654959
2022,9,182654965
2022,9,182654966
2022,12,182654970
2022,9,185169934
2022,9,182654975
2022,9,182654977
2022,9,187778832
2022,9,182654981
2022,9,185293116
2022,9,182654987
2022,9,182654988
2022,1,185631680
2022,9,185441967
2022,11,189848029
2022,9,182655002
2022,9,185490796
2022,9,185490797
2022,9,182703779
2022,9,185594684
2022,6,182703785
2022,8,182703791
2022,9,185517482
2022,8,182703793
2022,9,182703794
2022,9,182703796
2022,9,185839031
2022,6,182703798
2022,9,182703801
2022,9,182703802
2022,9,182703803
2022,9,182703810
2022,8,182703812
2022,9,182703813
2022,9,182703814
2022,9,185928528
2022,6,185928529
2022,1,187778838
2022,9,185928533
2022,9,187801336
2022,9,194332133
2022,9,186704463
2022,9,187801337
2022,9,186909344
2022,9,187225101
2022,9,194332135
2022,2,187128896
2022,9,195116005
2022,9,187128899
2022,9,187441180
2022,1,194332136
2022,9,187340125
2022,9,187801344
2022,9,194332137
2022,6,194332138
2022,9,187390663
2022,9,187524752
2022,9,189111754
2022,9,182901770
2022,6,182703817
2022,9,187635430
2022,9,187635431
2022,9,182703822
2022,1,187778842
2022,9,182703823
2022,2,187778844
2022,9,182703827
2022,9,187724410
2022,9,182703828
2022,9,182703831
2022,1,194332142
2022,9,182703832
2022,9,182703834
2022,6,184392770
2022,6,184392771
2022,9,194332143
2022,9,194332144
2022,6,183450919
2022,6,183450920
2022,9,187989227
2022,6,182703848
2022,6,182703855
2022,9,188038616
2022,6,182703856
2022,9,182703857
2022,9,182703860
2022,6,182703862
2022,9,188423891
2022,8,182703863
2022,9,194332147
2022,9,182703872
2022,6,182703873
2022,6,182703874
2022,9,182703889
2022,9,182703899
2022,9,182703901
2022,9,182703905
2022,6,182703913
2022,9,182703914
2022,9,188890931
2022,1,183450929
2022,9,189060909
2022,6,182703932
2022,9,182703933
2022,6,183450931
2022,6,183450932
2022,8,182703936
2022,6,183450933
2022,9,194332149
2022,9,189249833
2022,8,185126497
2022,9,189464281
2022,9,189456385
2022,9,195452725
2022,9,189432302
2022,9,189815506
2022,9,189815507
2022,9,189815509
2022,9,189848036
2022,9,190245319
2022,9,190048688
2022,9,190129691
2022,9,190238755
2022,9,190408768
2022,9,190573710
2022,9,190766381
2022,9,190766383
2022,9,190766384
2022,9,190859943
2022,1,191001088
2022,6,191655093
2022,9,191649807
2022,5,199766941
2022,6,191875254
2022,9,191886802
2022,9,194332159
2022,8,194720280
2022,9,192326751
2022,9,196432426
2022,6,196432427
2022,9,192343746
2022,9,192201749
2022,9,192201751
2022,9,194332165
2022,9,194332168
2022,9,192441960
2022,9,192613271
2022,9,194332170
2022,6,194332173
2022,9,194332174
2022,9,194332185
2022,9,194332187
2022,9,195452726
2022,9,194332201
2022,9,196432431
2022,9,196432432
2022,9,201647808
2022,9,194332218
2022,9,196194675
2022,9,194332219
2022,9,194332221
2022,9,194332224
2022,9,201747891
2022,9,194332241
2022,6,182901789
2022,9,194715534
2022,9,182901790
2022,8,182901791
2022,9,182901796
2022,9,194332252
2022,9,182945036
2022,9,182945037
2022,9,195375258
2022,9,182945039
2022,9,194332262
2022,9,182945040
2022,9,182945044
2022,9,182945045
2022,9,194332273
2022,9,182945048
2022,8,182945050
2022,9,182945052
2022,9,194742081
2022,6,182945062
2022,6,182945063
2022,9,184392775
2022,9,182945069
2022,1,183450940
2022,1,182945077
2022,9,183450943
2022,9,195447008
2022,9,195161516
2022,6,184044352
2022,6,184044353
2022,9,195171916
2022,9,183450958
2022,9,183450959
2022,9,195235306
2022,6,184044354
2022,2,195235312
2022,8,184044355
2022,9,183450975
2022,9,195284139
2022,9,183450977
2022,1,195346941
2022,9,199772235
2022,6,184044356
2022,6,184044357
2022,6,183450985
2022,9,196972841
2022,9,183450986
2022,9,183450989
2022,6,185126513
2022,6,185126514
2022,9,184044361
2022,9,183450997
2022,9,195129539
2022,6,184044372
2022,9,184044374
2022,7,184044375
2022,7,184044376
2022,6,184044381
2022,9,184044387
2022,9,184044389
2022,6,184044396
2022,6,184044402
2022,11,184044408
2022,9,184044411
2022,3,184232263
2022,6,184232264
2022,9,184044417
2022,9,184044418
2022,6,184392782
2022,9,184044426
2022,9,184044432
2022,9,184044433
2022,9,182653175
2022,9,184044435
2022,6,184044437
2022,9,184044439
2022,9,184044441
2022,9,184044445
2022,6,184044449
2022,3,194333287
2022,9,184044314
2022,6,184044320
2022,6,184044321
2022,9,184044325
2022,9,184044329
2022,9,184044333
2022,6,184148054
2022,9,184044334
2022,11,184044335
2022,9,187858655
2022,9,184392784
2022,6,185126515
2022,6,185126516
2022,9,184232271
2022,9,184046551
2022,6,184232272
2022,9,195365679
2022,8,184232273
2022,9,184232274
2022,1,187858660
2022,6,187858667
2022,9,184232279
2022,9,184232280
2022,9,184232281
2022,9,184232282
2022,9,190285319
2022,9,184232291
2022,6,184232293
2022,9,190285327
2022,9,184232294
2022,9,184232295
2022,9,184232296
2022,9,184392796
2022,6,190285334
2022,9,184232304
2022,6,190285337
2022,6,184232308
2022,9,184232310
2022,6,194333295
2022,9,184392800
2022,9,184232312
2022,9,194333300
2022,9,184232316
2022,9,184232317
2022,6,195365685
2022,9,184232323
2022,9,184232324
2022,6,184392812
2022,6,195365689
2022,9,184392815
2022,8,181528266
2022,12,184392820
2022,9,184392825
2022,6,185126519
2022,6,185126520
2022,10,184392829
2022,8,184392838
2022,6,184392840
2022,8,184392841
2022,9,184392855
2022,9,184392871
2022,9,184392874
2022,9,184392875
2022,9,184392881
2022,6,185896116
2022,9,184392898
2022,9,186699071
2022,6,184392903
2022,6,184392904
2022,6,184392919
2022,6,184392920
2022,9,184392923
2022,9,187638935
2022,6,185126524
2022,9,184392935
2022,9,184392937
2022,9,185126528
2022,9,185126531
2022,6,185126532
2022,9,185126536
2022,9,185126545
2022,9,185126552
2022,9,185126554
2022,9,185126559
2022,9,185126562
2022,9,185126567
2022,9,185126569
2022,6,185126585
2022,9,185896126
2022,1,185126597
2022,9,185126599
2022,9,185896129
2022,9,185126602
2022,9,185896131
2022,9,185896136
2022,6,185896151
2022,6,185896152
2022,6,185896155
2022,6,185896156
2022,9,185896179
2022,9,185896186
2022,9,185896202
2022,9,185896204
2022,8,185896208
2022,9,185896214
2022,9,185896220
2022,9,185896227
2022,6,185896232
2022,6,188007241
2022,6,188007242
2022,6,186699078
2022,6,185896259
2022,6,185896260
2022,3,185896270
2022,3,185896271
2022,3,182653224
2022,3,184811018
2022,9,185896284
2022,6,185896285
2022,9,185896294
2022,9,185896307
2022,3,185896309
2022,8,185896309
2022,6,185896310
2022,9,185896334
2022,9,185896339
2022,9,185896344
2022,9,185896350
2022,9,185896359
2022,9,185896361
2022,6,185896374
2022,9,186699084
2022,6,185896389
2022,6,185896390
2022,6,185896392
2022,6,185896393
2022,6,185896397
2022,6,185896398
2022,9,185896402
2022,9,185896421
2022,6,187638939
2022,6,187638940
2022,6,188662916
2022,6,188662917
2022,8,186699093
2022,8,186699096
2022,3,185631686
2022,9,186699097
2022,9,186699105
2022,9,186699107
2022,9,186699108
2022,9,186699112
2022,9,186699115
2022,6,186699116
2022,6,186699117
2022,6,186699118
2022,9,186699119
2022,9,186699124
2022,9,186699125
2022,3,186856417
2022,9,186699130
2022,9,186699131
2022,9,186699133
2022,9,187638941
2022,3,187220872
2022,9,186699148
2022,1,187352301
2022,9,186699151
2022,9,186699155
2022,6,186699156
2022,6,186699157
2022,9,186699160
2022,8,186699170
2022,3,188373999
2022,6,186699188
2022,9,186699192
2022,5,189381103
2022,3,186699218
2022,3,186699219
2022,9,186699222
2022,5,186699223
2022,8,186699227
2022,9,186699241
2022,9,187220878
2022,9,188007243
2022,6,187220880
2022,9,186699252
2022,9,186699256
2022,9,186699268
2022,6,178411328
2022,6,187638942
2022,6,187638943
2022,9,187220883
2022,9,186699285
2022,9,187220893
2022,9,187220895
2022,9,198373973
2022,9,187220907
2022,6,187220910
2022,6,187220911
2022,6,187638945
2022,6,187638946
2022,9,187220919
2022,9,187220936
2022,9,187220937
2022,9,187220940
2022,9,187220943
2022,9,187638950
2022,9,187638952
2022,9,187638956
2022,9,187638976
2022,9,187638977
2022,9,188007261
2022,9,187638978
2022,9,187638979
2022,9,187638983
2022,6,187638987
2022,9,188007263
2022,9,187638988
2022,9,187638993
2022,9,187638996
2022,8,187638998
2022,6,187639003
2022,6,187639005
2022,6,187639006
2022,9,187639019
2022,9,187639020
2022,9,187639024
2022,8,187639031
2022,3,194335109
2022,6,194335110
2022,9,187639042
2022,9,187639045
2022,9,187639049
2022,9,187639057
2022,1,188007285
2022,6,187639063
2022,6,188007297
2022,6,188007300
2022,9,188007302
2022,1,188007303
2022,9,188007313
2022,6,191352433
2022,9,188007319
2022,2,188007324
2022,9,188007325
2022,9,188007330
2022,6,188662925
2022,9,188007340
2022,9,188007341
2022,6,188662927
2022,8,188007345
2022,8,188007350
2022,9,188007354
2022,8,188007357
2022,9,188007358
2022,9,188007364
2022,9,189361512
2022,6,188007366
2022,9,188007371
2022,9,188007379
2022,9,188007392
2022,9,188662939
2022,6,182655636
2022,6,189111762
2022,6,188906787
2022,6,188662951
2022,9,188662955
2022,8,188662958
2022,9,188662959
2022,9,188662963
2022,6,188662964
2022,9,190230596
2022,9,188662972
2022,9,188662973
2022,8,188662978
2022,9,188662984
2022,9,188662989
2022,8,188662993
2022,9,188662997
2022,8,188663000
2022,6,188663001
2022,6,183741332
2022,6,190567294
2022,6,194338418
2022,6,189361516
2022,9,188663004
2022,6,189111763
2022,6,194338422
2022,8,188663012
2022,9,192441984
2022,9,188906805
2022,9,188906808
2022,9,188906809
2022,8,188906810
2022,9,188906812
2022,6,191009966
2022,8,191009967
2022,9,189361519
2022,9,188906821
2022,9,189111764
2022,8,188906827
2022,8,188906831
2022,6,194319565
2022,6,178215603
2022,1,179755151
2022,9,188906834
2022,6,188906836
2022,3,195158892
2022,6,195158893
2022,6,192186094
2022,6,181764604
2022,6,189111766
2022,6,192198518
2022,6,189361523
2022,9,182938760
2022,6,189361524
2022,8,189111772
2022,1,183072911
2022,6,192425999
2022,9,192335759
2022,9,183687114
2022,8,183967393
2022,9,189111787
2022,9,184082033
2022,8,190714175
2022,6,184280368
2022,2,189111797
2022,8,192503454
2022,6,189361530
2022,6,185283899
2022,6,189111803
2022,6,185836794
2022,9,185713735
2022,8,192183658
2022,8,192183659
2022,9,192200842
2022,1,192196380
2022,6,189361532
2022,6,189361533
2022,9,189111820
2022,6,187756787
2022,9,189361547
2022,9,189361550
2022,9,189361551
2022,9,189823471
2022,6,187859867
2022,1,192503458
2022,6,188829852
2022,9,192200843
2022,9,192181598
2022,9,190407656
2022,8,190578263
2022,9,190722115
2022,9,189361552
2022,9,190777987
2022,6,189361553
2022,6,189361554
2022,9,194319571
2022,9,186140040
2022,9,189361555
2022,8,189361559
2022,8,189361560
2022,9,189361562
2022,8,189361563
2022,8,189361564
2022,6,189361566
2022,8,189361566
2022,9,189361569
2022,6,189361572
2022,9,184353300
2022,6,189361585
2022,6,194335111
2022,6,194335112
2022,9,190678183
2022,9,192554677
2022,9,194333094
2022,9,189361592
2022,6,189823481
2022,6,189823482
2022,9,194333097
2022,9,189823485
2022,9,202005963
2022,9,189823488
2022,9,189823490
2022,9,189823493
2022,9,189823494
2022,1,189823505
2022,6,189823509
2022,6,189823510
2022,9,189823517
2022,6,189823518
2022,9,189823520
2022,9,184353319
2022,9,184353322
2022,9,190230602
2022,9,184353328
2022,6,194335113
2022,6,194335114
2022,9,184365702
2022,9,195158894
2022,9,189823537
2022,9,190539432
2022,9,189823540
2022,9,190230606
2022,6,189823542
2022,6,189823543
2022,9,189823544
2022,6,190230607
2022,8,190230607
2022,14,191009970
2022,6,190230612
2022,8,190230615
2022,9,190230620
2022,6,190230621
2022,9,184365706
2022,6,192085822
2022,6,192085823
2022,8,190230623
2022,6,184365710
2022,6,190230629
2022,9,184365733
2022,1,191009972
2022,9,190230636
2022,9,190230637
2022,9,190230640
2022,1,190230646
2022,9,184365737
2022,9,190230653
2022,9,184365746
2022,9,190230654
2022,9,190230662
2022,9,184365780
2022,9,190230668
2022,9,190230675
2022,9,190539440
2022,9,190539444
2022,8,190539446
2022,8,190539447
2022,8,190539448
2022,9,190539454
2022,9,190714177
2022,9,181758135
2022,9,190674604
2022,9,190714178
2022,9,190714179
2022,9,190539458
2022,9,192085824
2022,9,190539459
2022,9,190674607
2022,9,190539461
2022,8,190539463
2022,9,190539464
2022,8,194335115
2022,9,190539475
2022,8,191824904
2022,9,190539481
2022,9,190674609
2022,9,190674613
2022,9,190674614
2022,9,190714181
2022,6,190714183
2022,3,181758137
2022,6,181758139
2022,9,190714188
2022,6,181758142
2022,6,181758143
2022,12,181758144
2022,9,190714193
2022,12,181758145
2022,6,181758149
2022,1,181758152
2022,6,181758153
2022,9,190674615
2022,6,181758155
2022,6,181517425
2022,9,190714204
2022,6,181517426
2022,2,184044535
2022,12,181758162
2022,7,181758165
2022,6,181758172
2022,9,191009977
2022,12,191009978
2022,6,181758173
2022,8,181758174
2022,6,181758183
2022,9,190714221
2022,8,196176941
2022,1,181758184
2022,3,181758185
2022,6,181758197
2022,6,190714225
2022,6,190714226
2022,9,190714227
2022,3,181758198
2022,3,181758199
2022,9,190714234
2022,3,181758200
2022,6,181758201
2022,1,181758205
2022,9,191009983
2022,9,191009984
2022,6,181758206
2022,3,194335117
2022,6,194335117
2022,3,194335118
2022,6,194335118
2022,8,181758212
2022,6,181758214
2022,9,182654516
2022,9,192458184
2022,9,182654518
2022,8,182654519
2022,9,191009992
2022,9,182654520
2022,1,182654521
2022,8,182654521
2022,7,182654523
2022,9,191009996
2022,8,191824909
2022,9,182654524
2022,8,182654525
2022,9,191009999
2022,9,182654526
2022,12,182654532
2022,9,191010001
2022,9,191010006
2022,12,182654533
2022,9,191010007
2022,6,182654534
2022,6,182654536
2022,6,181489798
2022,6,182654543
2022,9,191010020
2022,6,182654544
2022,8,182654546
2022,8,182654547
2022,3,182654550
2022,9,191010028
2022,3,182654555
2022,6,191010031
2022,6,191010032
2022,7,182654555
2022,6,182654556
2022,9,191824914
2022,7,182654556
2022,4,182654562
2022,8,182654564
2022,6,192458186
2022,6,192458187
2022,3,182654567
2022,6,182654571
2022,6,191010050
2022,6,191010051
2022,9,182654572
2022,9,191824917
2022,6,182654575
2022,6,192458188
2022,9,182654576
2022,6,192458190
2022,6,192458191
2022,9,182654590
2022,9,191824919
2022,9,191824924
2022,6,194335119
2022,6,194335120
2022,9,191824927
2022,9,182654593
2022,1,182654595
2022,6,191824934
2022,6,191824935
2022,3,182654598
2022,9,191824936
2022,9,182654601
2022,9,191824939
2022,6,182654602
2022,6,182654603
2022,6,182654607
2022,9,191824943
2022,3,182654615
2022,8,191824947
2022,3,181758215
2022,9,181758216
2022,6,181758219
2022,6,181758229
2022,9,181758232
2022,9,191824965
2022,7,181758238
2022,3,181758243
2022,6,181758248
2022,6,192085842
2022,9,192085853
2022,9,192085863
2022,9,192085864
2022,9,192458194
2022,9,192458195
2022,9,192085866
2022,9,200531232
2022,9,192085869
2022,9,192458196
2022,9,192085871
2022,9,192085878
2022,9,192458200
2022,5,192085883
2022,9,192085885
2022,6,192085886
2022,9,192458201
2022,6,192085887
2022,6,192085888
2022,9,192458205
2022,9,192085895
2022,6,192458207
2022,6,192458208
2022,9,192458218
2022,9,192458220
2022,6,194335122
2022,9,192458221
2022,9,192458222
2022,8,192458224
2022,9,192458240
2022,9,192458246
2022,9,192458251
2022,6,181758249
2022,6,181758251
2022,8,181758255
2022,7,181758259
2022,9,192458260
2022,9,181758269
2022,9,192458263
2022,9,181758276
2022,3,181758285
2022,3,181758290
2022,9,181758297
2022,9,181758302
2022,6,181322938
2022,9,192458299
2022,9,192458300
2022,6,194335127
2022,3,194335128
2022,6,194335128
2022,8,194335130
2022,6,194335133
2022,9,194335148
2022,6,194335150
2022,9,194335159
2022,9,194335166
2022,9,194335177
2022,6,194335182
2022,6,194335188
2022,1,194335190
2022,9,194335195
2022,6,194335197
2022,6,194335199
2022,6,194335200
2022,9,194335212
2022,9,194335220
2022,9,194335229
2022,9,194335230
2022,9,194335231
2022,9,194335236
2022,6,194335237
2022,6,194335238
2022,4,194335240
2022,6,194335245
2022,9,194335250
2022,9,195148592
2022,6,194335261
2022,6,194335262
2022,9,194335266
2022,6,194335280
2022,9,194335284
2022,9,194335287
2022,8,194335297
2022,9,194335298
2022,9,194335308
2022,8,194335312
2022,9,194335317
2022,6,194335319
2022,6,194335320
2022,6,195158895
2022,6,195158896
2022,6,195158897
2022,6,195158898
2022,9,194335335
2022,9,194335342
2022,8,194335346
2022,9,194335349
2022,9,181758305
2022,9,194335353
2022,9,194335363
2022,9,194335366
2022,9,194335384
2022,6,194335390
2022,9,194335398
2022,9,194335408
2022,6,194335409
2022,8,194335409
2022,9,194335411
2022,9,194335415
2022,8,194335416
2022,9,194335417
2022,9,194335437
2022,9,194335442
2022,9,194335444
2022,6,195158900
2022,6,195158901
2022,9,194335454
2022,9,194335461
2022,8,194335462
2022,6,195148598
2022,6,194335474
2022,9,194335475
2022,9,194335482
2022,9,194335502
2022,6,194335505
2022,6,195452736
2022,2,194335511
2022,9,194335519
2022,9,194335520
2022,9,194335521
2022,9,195148603
2022,2,195148604
2022,9,195148606
2022,6,195148608
2022,6,195148609
2022,9,195148610
2022,9,195148612
2022,6,195148616
2022,6,195148617
2022,9,195148623
2022,9,195148624
2022,9,195148626
2022,9,196176947
2022,9,195148627
2022,6,195148630
2022,6,195148642
2022,6,195452740
2022,8,195148649
2022,9,181758309
2022,9,195148655
2022,6,195148657
2022,8,181758313
2022,2,195452742
2022,9,181758316
2022,6,181758320
2022,6,181489802
2022,6,181758323
2022,6,181758324
2022,3,181758326
2022,12,181758330
2022,6,195148680
2022,9,195148681
2022,6,181758332
2022,6,196176948
2022,6,196176949
2022,8,181489806
2022,9,195148686
2022,9,181758337
2022,9,181758338
2022,8,195148692
2022,8,181758341
2022,9,181758343
2022,6,195452747
2022,6,195452748
2022,9,195452749
2022,1,181758344
2022,9,181758348
2022,9,195452755
2022,6,195452759
2022,9,182654617
2022,9,195452761
2022,9,181758349
2022,6,181483456
2022,6,181483458
2022,6,195452768
2022,6,181489811
2022,6,195452769
2022,9,196176953
2022,3,181758356
2022,9,181758361
2022,9,195452775
2022,9,195452776
2022,9,195452777
2022,3,181758363
2022,9,195452780
2022,6,181758365
2022,9,195452781
2022,3,181758368
2022,9,195452784
2022,6,181758373
2022,9,195452785
2022,8,195452788
2022,3,181758374
2022,6,181758376
2022,2,181758378
2022,3,181758379
2022,1,181758380
2022,9,181758382
2022,9,181758383
2022,1,181758384
2022,8,195452800
2022,8,181758385
2022,9,181758386
2022,9,196176959
2022,9,181758388
2022,6,181758390
2022,6,181758391
2022,9,181758392
2022,9,195452809
2022,9,195452811
2022,9,195452813
2022,9,196177004
2022,9,196177055
2022,12,199477050
2022,12,196809393
2022,9,197882818
2022,12,197882913
2022,6,190179966
2022,6,186669742
2022,6,181758394
2022,9,186669743
2022,6,181758395
2022,6,181758396
2022,3,181758400
2022,9,190544270
2022,6,190544272
2022,9,181758405
2022,9,199766957
2022,9,181758409
2022,6,181758410
2022,3,181758411
2022,8,181758412
2022,12,181758416
2022,6,181758421
2022,6,181758422
2022,6,181758424
2022,9,181758426
2022,9,181758429
2022,6,181758432
2022,6,181758433
2022,3,181758450
2022,6,194324739
2022,9,181758452
2022,3,181758454
2022,1,181758455
2022,3,181758457
2022,6,181758460
2022,9,178372084
2022,9,181758461
2022,6,181758462
2022,8,181758466
2022,9,178372087
2022,9,178372088
2022,6,179500809
2022,12,181758467
2022,3,178372089
2022,9,181758468
2022,6,181758480
2022,9,178372091
2022,9,179500812
2022,9,179500813
2022,9,179500814
2022,6,179500816
2022,9,181758481
2022,8,181758482
2022,3,181758484
2022,1,181758486
2022,9,178372094
2022,6,181758488
2022,6,181366827
2022,6,181758493
2022,9,180914330
2022,9,181758494
2022,6,181406884
2022,3,181758495
2022,6,181406885
2022,6,181758498
2022,6,181758502
2022,7,181758503
2022,9,180883466
2022,8,181758507
2022,9,180914338
2022,9,180883469
2022,6,181758508
2022,2,181758509
2022,6,181758513
2022,12,181758514
2022,9,181758517
2022,9,182647498
2022,9,182647500
2022,6,181758519
2022,6,181758520
2022,6,181758523
2022,12,181758527
2022,9,182647507
2022,3,181758533
2022,3,182647513
2022,6,181758535
2022,9,182647515
2022,12,181758536
2022,6,181758542
2022,6,181758545
2022,9,182647522
2022,9,183907286
2022,6,181758548
2022,8,181758549
2022,6,181758550
2022,9,181758551
2022,6,183907287
2022,6,181758554
2022,9,181758557
2022,3,184108383
2022,8,181758560
2022,9,181758561
2022,9,185202318
2022,6,181758564
2022,6,185202319
2022,1,181758568
2022,6,185202322
2022,9,185516549
2022,6,181758571
2022,9,185516750
2022,9,181758573
2022,9,181758574
2022,9,187032844
2022,3,181751259
2022,9,187032849
2022,9,181751263
2022,8,181751264
2022,9,181758579
2022,6,187417972
2022,9,181758582
2022,6,187434109
2022,8,181758583
2022,9,187434114
2022,6,181758586
2022,9,181758590
2022,8,181758591
2022,9,198433606
2022,6,181758592
2022,6,181758594
2022,2,198433608
2022,6,181758599
2022,9,189459676
2022,6,181758602
2022,9,189823549
2022,3,181758609
2022,6,181758611
2022,6,181758613
2022,9,187128295
2022,6,181758614
2022,6,187128298
2022,6,181758615
2022,6,181758617
2022,9,187128303
2022,8,181758618
2022,8,183410080
2022,6,187128310
2022,6,187128313
2022,2,181758629
2022,9,187128321
2022,9,187217370
2022,6,181758630
2022,9,187217371
2022,8,181758630
2022,6,181758631
2022,5,181758634
2022,9,181758639
2022,9,187217377
2022,8,181758640
2022,3,181758641
2022,9,189823559
2022,6,181758642
2022,6,181758643
2022,8,181758644
2022,9,189988579
2022,8,181758645
2022,3,181758648
2022,3,189988581
2022,9,189988584
2022,6,181758649
2022,9,181758650
2022,9,181758653
2022,1,181758655
2022,8,181758659
2022,6,182654619
2022,3,182654625
2022,6,182654626
2022,6,182654627
2022,6,182654628
2022,3,183450905
2022,9,182654629
2022,6,182654630
2022,9,182654634
2022,9,182654635
2022,9,182654636
2022,8,182654637
2022,9,182654639
2022,6,182654644
2022,6,182654650
2022,9,182654652
2022,1,182654654
2022,8,182654655
2022,9,182654658
2022,6,182654659
2022,6,182654661
2022,6,182654664
2022,6,183664550
2022,9,182654666
2022,1,182654669
2022,9,182654671
2022,9,182654672
2022,6,182654673
2022,6,182654674
2022,6,182654675
2022,6,182654676
2022,9,182654678
2022,3,183664553
2022,6,183664553
2022,8,182654680
2022,9,182654681
2022,9,183693342
2022,8,182654684
2022,3,182654685
2022,6,182654685
2022,6,182654686
2022,3,182654687
2022,9,182654689
2022,4,182654690
2022,8,183693346
2022,6,182654693
2022,6,182654697
2022,6,182654698
2022,1,182654700
2022,6,182654700
2022,8,182654700
2022,9,183693349
2022,6,182654703
2022,9,182654707
2022,1,182654708
2022,8,182654708
2022,9,182654709
2022,12,182654710
2022,6,183693352
2022,1,183705703
2022,12,182654711
2022,7,183705704
2022,9,182654716
2022,9,182654717
2022,9,183705705
2022,6,182654720
2022,6,183705706
2022,6,182654721
2022,3,182654722
2022,3,182654723
2022,9,183705707
2022,4,183705708
2022,8,182654729
2022,6,182654730
2022,9,183705709
2022,6,183705710
2022,1,183705711
2022,6,182654735
2022,8,182654738
2022,8,182654739
2022,1,182654740
2022,6,182654741
2022,6,183732320
2022,6,182654745
2022,8,182654749
2022,9,182654751
2022,9,182654753
2022,3,183732322
2022,6,182654757
2022,9,182654759
2022,9,182654761
2022,6,182654763
2022,6,182654764
2022,6,183738325
2022,6,182654765
2022,9,182654766
2022,8,182654768
2022,1,183738326
2022,6,182654769
2022,8,182654771
2022,9,182654772
2022,7,182654775
2022,9,182654776
2022,1,183842918
2022,1,183842919
2022,6,182654783
2022,9,189988587
2022,9,182654787
2022,3,190561704
2022,9,190561705
2022,9,183842925
2022,9,190561706
2022,9,182654788
2022,9,190565078
2022,3,182654789
2022,9,182654790
2022,9,190565080
2022,9,183842926
2022,6,190565081
2022,9,183893112
2022,6,182654792
2022,9,183893113
2022,9,190565088
2022,9,183893114
2022,9,183893119
2022,9,190565091
2022,6,182654796
2022,9,182654797
2022,6,183893120
2022,9,183893121
2022,6,190577145
2022,12,183893122
2022,6,183896336
2022,6,190577798
2022,6,190580390
2022,9,190580392
2022,6,182654802
2022,9,190580394
2022,9,182654804
2022,9,190580395
2022,9,190580396
2022,9,182654805
2022,8,183896341
2022,9,190766017
2022,6,183896342
2022,9,190766018
2022,9,183896345
2022,8,183896347
2022,9,182654806
2022,12,183896353
2022,9,190767933
2022,3,182654807
2022,8,183899447
2022,8,183450910
2022,9,183450911
2022,6,191655122
2022,9,183450912
2022,8,183450913
2022,9,183899449
2022,9,183450916
2022,9,191655128
2022,6,183450917
2022,9,191655129
2022,9,183899451
2022,9,191655130
2022,3,191655131
2022,6,183899452
2022,7,183899454
2022,9,183899460
2022,9,192059325
2022,8,183899461
2022,9,183899462
2022,9,192059332
2022,6,183899465
2022,9,192059334
2022,9,183899468
2022,9,183899469
2022,9,183899470
2022,9,183899477
2022,9,192059341
2022,9,192059345
2022,3,183899478
2022,9,192059348
2022,9,183899480
2022,9,192059350
2022,9,183899483
2022,9,192059353
2022,9,183899484
2022,9,192069899
2022,6,183917396
2022,9,192069900
2022,9,183917398
2022,9,192069902
2022,9,183917399
2022,6,183917400
2022,7,183917405
2022,9,192069906
2022,9,192069907
2022,9,183917407
2022,9,192069910
2022,8,183917408
2022,9,192614829
2022,1,183920893
2022,9,183920895
2022,9,192069917
2022,9,183920896
2022,9,192069918
2022,9,183920901
2022,9,192069922
2022,6,183920902
2022,9,192069924
2022,12,183920903
2022,6,183920904
2022,6,183920905
2022,8,183920908
2022,6,183920909
2022,9,192160922
2022,9,183920910
2022,6,183920911
2022,9,192160925
2022,2,183920914
2022,9,192181595
2022,8,183920915
2022,9,183954319
2022,9,192614831
2022,1,183954321
2022,9,183954328
2022,9,192614835
2022,9,194324745
2022,9,194324746
2022,3,183954331
2022,6,183954334
2022,9,194324752
2022,9,194324754
2022,6,183954335
2022,9,194324755
2022,6,183954337
2022,9,194324756
2022,9,194324757
2022,6,183954338
2022,3,183954339
2022,9,194324759
2022,3,183954340
2022,6,183954341
2022,3,183954342
2022,6,183954343
2022,9,194324763
2022,3,183954344
2022,9,194324764
2022,9,183954345
2022,6,194324766
2022,9,183954346
2022,1,183954348
2022,6,183954354
2022,6,183954356
2022,9,194324775
2022,9,194324776
2022,6,183954360
2022,9,194324781
2022,6,183954361
2022,9,194324782
2022,8,183954362
2022,6,183954363
2022,9,194324785
2022,6,183954365
2022,9,183967381
2022,9,194324788
2022,9,194324789
2022,3,183967387
2022,9,194324793
2022,7,183967388
2022,3,183967390
2022,6,183967390
2022,3,183967391
2022,6,183967391
2022,6,183967392
2022,8,183971226
2022,6,183971227
2022,6,183971228
2022,9,194610148
2022,3,183971229
2022,9,194715434
2022,6,183971232
2022,9,190245520
2022,9,195174107
2022,9,190248499
2022,9,195174109
2022,9,190248502
2022,1,190248503
2022,9,195174114
2022,8,190248506
2022,6,195174115
2022,9,195174116
2022,9,190248508
2022,6,190248511
2022,9,195174121
2022,9,195174122
2022,6,190248516
2022,6,195811232
2022,9,195811237
2022,6,190248519
2022,9,190248520
2022,9,195811242
2022,6,190248527
2022,9,196459914
2022,6,196459916
2022,6,190248528
2022,9,196459917
2022,3,190248529
2022,2,196459918
2022,9,190248531
2022,9,190248538
2022,9,196459922
2022,9,196459924
2022,9,190248540
2022,2,190248541
2022,6,190248544
2022,9,190248545
2022,6,190248551
2022,6,190561721
2022,9,190561727
2022,8,190561728
2022,6,190561729
2022,6,190561733
2022,8,190561733
2022,6,190561736
2022,3,190561737
2022,6,190561737
2022,1,190561739
2022,1,190561740
2022,9,190561741
2022,3,190565189
2022,6,190565191
2022,9,190565192
2022,6,190565194
2022,6,190565195
2022,8,190565196
2022,6,190565199
2022,9,180075495
2022,6,190565202
2022,9,180075496
2022,9,180075497
2022,12,190565203
2022,9,190565204
2022,9,190565205
2022,9,190565211
2022,9,190565216
2022,8,190565217
2022,6,190565220
2022,9,190565221
2022,1,190565236
2022,8,190565236
2022,9,190565237
2022,1,190565238
2022,9,190565241
2022,6,190565242
2022,9,190565243
2022,8,190565244
2022,12,190728800
2022,9,180075499
2022,9,180075502
2022,6,190728801
2022,3,190728803
2022,6,190728804
2022,6,190728807
2022,6,190728809
2022,9,190728812
2022,9,190728817
2022,9,180075504
2022,12,190728818
2022,9,180075505
2022,9,180075507
2022,8,190728820
2022,9,180075511
2022,8,190728823
2022,9,190728824
2022,6,190728826
2022,9,190728827
2022,9,190728829
2022,6,190728834
2022,3,190728835
2022,9,190728836
2022,6,190728839
2022,9,180075513
2022,9,180075516
2022,9,180075519
2022,1,190728841
2022,9,180075533
2022,6,190728842
2022,9,190728843
2022,9,185479281
2022,9,180075539
2022,6,180075542
2022,6,180075543
2022,6,180075544
2022,9,180075545
2022,8,180075546
2022,9,180075547
2022,9,180075548
2022,9,180075553
2022,9,180075554
2022,9,180075556
2022,9,180075560
2022,6,180075562
2022,9,180075563
2022,9,180075564
2022,9,180075567
2022,9,180075570
2022,9,190728848
2022,9,190728849
2022,6,190728850
2022,6,190728860
2022,9,180075571
2022,5,190728861
2022,9,180075577
2022,9,180075578
2022,9,180075580
2022,9,180075583
2022,8,180339205
2022,6,180339209
2022,8,180339210
2022,8,180339212
2022,6,182647926
2022,9,182647927
2022,9,180339252
2022,9,180339254
2022,9,180339260
2022,9,180339261
2022,6,190728862
2022,9,180339268
2022,6,180339287
2022,9,180339290
2022,9,182647937
2022,6,190728864
2022,6,190728867
2022,9,182647947
2022,3,190728870
2022,15,190728871
2022,8,182647955
2022,9,182647961
2022,9,182647966
2022,9,182647972
2022,9,182647973
2022,9,182647977
2022,9,188977968
2022,9,199148164
2022,1,182993444
2022,9,182993447
2022,9,182993449
2022,8,182993452
2022,9,182993453
2022,9,182993456
2022,9,182993457
2022,9,182993459
2022,9,183044602
2022,8,183044603
2022,9,183044604
2022,6,185479284
2022,9,185479285
2022,9,183044613
2022,9,183044619
2022,9,183044622
2022,2,185479288
2022,6,185479291
2022,9,199148167
2022,9,185479300
2022,8,185479311
2022,8,185479312
2022,9,185479317
2022,9,185479318
2022,14,185479325
2022,6,185479327
2022,6,185479328
2022,14,185479330
2022,8,192160929
2022,9,185479338
2022,9,185479342
2022,9,188977971
2022,6,188977972
2022,1,185479350
2022,12,188977976
2022,6,188977977
2022,6,188977979
2022,8,188977982
2022,8,188977983
2022,9,188977986
2022,9,190733200
2022,9,188977987
2022,8,188977989
2022,8,190733203
2022,6,190733204
2022,6,188977990
2022,9,190733208
2022,6,190733209
2022,9,190733210
2022,5,190733211
2022,9,194334643
2022,9,194334644
2022,6,194334655
2022,9,194334657
2022,9,194334658
2022,8,194334661
2022,9,194334666
2022,9,194334667
2022,3,194334668
2022,9,194334671
2022,8,194334679
2022,9,194334681
2022,9,194334682
2022,6,194334686
2022,9,194334687
2022,6,194334691
2022,3,194334695
2022,3,194334696
2022,6,194334697
2022,1,194334698
2022,9,194334700
2022,3,194334702
2022,3,194334703
2022,9,194334704
2022,6,188977995
2022,9,188977996
2022,9,188977997
2022,9,188978001
2022,9,199148170
2022,9,188978004
2022,9,188978005
2022,9,188978010
2022,9,188978016
2022,9,188978018
2022,9,188978022
2022,9,188978028
2022,8,188978030
2022,9,188978031
2022,1,188978034
2022,6,196167819
2022,8,188978043
2022,12,188978044
2022,8,188978048
2022,9,188978049
2022,9,188978050
2022,8,188978051
2022,9,188978057
2022,9,188978060
2022,2,188978061
2022,8,188978063
2022,9,188978064
2022,12,188978074
2022,12,188978076
2022,6,192160933
2022,9,188978081
2022,9,188978084
2022,6,188978088
2022,9,188978089
2022,12,199148172
2022,2,188978094
2022,12,188978095
2022,12,188978097
2022,9,188978099
2022,9,188978101
2022,1,188978102
2022,9,188978103
2022,12,188978104
2022,8,192160935
2022,12,188978114
2022,9,188978116
2022,12,188978117
2022,8,192160943
2022,9,192160948
2022,3,192160956
2022,9,192160963
2022,9,192160969
2022,6,192160970
2022,12,192160972
2022,9,192160984
2022,9,192160988
2022,9,192160989
2022,9,192160990
2022,8,192160991
2022,9,192161000
2022,12,199148174
2022,9,199148175
2022,9,192458302
2022,9,196167822
2022,9,202076692
2022,9,192458329
2022,9,196167825
2022,9,199148177
2022,6,192458341
2022,9,192458344
2022,9,192458348
2022,9,192458349
2022,9,192458351
2022,8,192458357
2022,9,192458362
2022,9,196167842
2022,2,196167860
2022,9,199148180
2022,9,196167872
2022,10,196167878
2022,9,196167883
2022,9,196167898
2022,9,196167903
2022,8,196167912
2022,9,196167914
2022,6,196167916
2022,6,196167917
2022,9,196167919
2022,9,196167929
2022,9,196167931
2022,9,196167950
2022,12,196167952
2022,9,202076695
2022,9,196398947
2022,9,196398957
2022,6,196398958
2022,6,196398964
2022,9,196398970
2022,9,199148183
2022,9,196398975
2022,9,199148185
2022,9,199148186
2022,8,196398998
2022,6,196399007
2022,1,196399010
2022,9,196399014
2022,12,199148187
2022,9,199148193
2022,3,199148196
2022,8,199148199
2022,6,199148200
2022,8,199148203
2022,9,199148227
2022,9,199148230
2022,1,199148231
2022,1,199148232
2022,9,199148234
2022,9,199148235
2022,9,178199975
2022,9,178199980
2022,8,178199985
2022,7,178199986
2022,8,178199995
2022,9,178199998
2022,9,179994546
2022,9,182647986
2022,6,179994554
2022,6,179994555
2022,8,179994564
2022,6,179994572
2022,8,179994576
2022,8,179994577
2022,6,179994584
2022,9,179994585
2022,8,182647987
2022,9,182647988
2022,6,182647990
2022,6,182647991
2022,6,182647992
2022,6,182647993
2022,3,182647995
2022,8,182647996
2022,8,182857578
2022,9,182857581
2022,9,182857584
2022,1,184241464
2022,3,184241464
2022,6,184241464
2022,8,184241465
2022,8,184241468
2022,6,184241469
2022,9,184241470
2022,6,184241471
2022,8,184241472
2022,9,194325801
2022,9,184241474
2022,9,184241476
2022,6,184241478
2022,9,186684890
2022,8,186684891
2022,9,186684892
2022,1,186684894
2022,9,187639068
2022,6,187639069
2022,6,187639075
2022,6,187639076
2022,6,187639077
2022,6,189429253
2022,8,189429254
2022,8,189429255
2022,6,189429257
2022,6,189429258
2022,9,189429261
2022,3,190600748
2022,6,189429267
2022,9,190600756
2022,9,192279807
2022,9,192279812
2022,9,194325802
2022,9,192279814
2022,6,192279818
2022,8,194325804
2022,8,194325805
2022,9,194325808
2022,8,194325809
2022,9,195417777
2022,9,183667058
2022,6,194325814
2022,9,179994611
2022,6,183667060
2022,3,187013242
2022,8,187013243
2022,9,179642432
2022,6,180883483
2022,6,180883484
2022,1,179642461
2022,6,179642461
2022,6,179642462
2022,9,179642472
2022,8,179994644
2022,6,179994665
2022,6,180883490
2022,6,180883491
2022,9,180883493
2022,9,180883497
2022,9,180883500
2022,9,180883513
2022,6,181459993
2022,8,181459995
2022,6,181419785
2022,9,181419787
2022,6,187898178
2022,9,181419790
2022,9,181419791
2022,6,181419801
2022,6,181419802
2022,3,181577189
2022,3,181577190
2022,9,181419812
2022,9,181459999
2022,9,181419815
2022,8,181460000
2022,6,181419822
2022,6,181419826
2022,6,181460001
2022,9,181419830
2022,6,181577192
2022,9,181419832
2022,8,181419834
2022,6,181419836
2022,6,181419837
2022,9,181419842
2022,9,181419845
2022,9,181460003
2022,9,181460006
2022,6,181653278
2022,6,181653279
2022,9,181460020
2022,9,181460023
2022,9,181477933
2022,3,181477934
2022,1,181477936
2022,9,181477937
2022,6,181477939
2022,9,181577206
2022,9,181577223
2022,6,181653284
2022,9,182648005
2022,9,181653291
2022,6,182648008
2022,2,182648015
2022,9,182648018
2022,10,182648020
2022,9,182764212
2022,6,182764213
2022,8,182648041
2022,9,182648044
2022,9,182648053
2022,9,182648055
2022,9,182648056
2022,9,182648059
2022,6,182648061
2022,9,182648072
2022,6,182648073
2022,8,182648087
2022,6,182764226
2022,9,182648094
2022,6,182648095
2022,9,182648097
2022,9,182764227
2022,6,182764239
2022,6,182764242
2022,9,182764244
2022,9,182764247
2022,9,182764251
2022,9,182764259
2022,9,182764264
2022,6,182764274
2022,9,182764288
2022,9,182764292
2022,9,182764295
2022,9,182764301
2022,9,187631317
2022,9,182764312
2022,8,183667069
2022,9,183667070
2022,9,183667071
2022,9,183667074
2022,9,183667076
2022,9,183667078
2022,1,183667079
2022,1,183667080
2022,8,183667083
2022,9,183667086
2022,6,183959547
2022,6,183959548
2022,9,183667099
2022,8,183667107
2022,9,183667109
2022,9,183667113
2022,12,183667117
2022,9,183667119
2022,6,184244099
2022,9,183667123
2022,9,183667126
2022,9,183667127
2022,8,183667128
2022,8,183667129
2022,9,183667132
2022,9,183667141
2022,9,183667144
2022,9,183667145
2022,9,183667146
2022,6,183667149
2022,9,183667152
2022,6,183667154
2022,6,183959550
2022,6,183959551
2022,9,183705615
2022,9,183705620
2022,6,183705622
2022,9,183705626
2022,9,183959552
2022,6,183959554
2022,9,183705633
2022,9,183959561
2022,12,183959563
2022,9,184244103
2022,9,183959581
2022,6,184244104
2022,1,184244105
2022,6,184244105
2022,6,184244106
2022,8,185197555
2022,3,184244108
2022,6,184244108
2022,6,184244109
2022,9,183959604
2022,8,184244117
2022,9,184244120
2022,9,184244123
2022,3,184244131
2022,6,184244131
2022,3,184244132
2022,6,184244133
2022,9,184244134
2022,8,184244139
2022,9,184244144
2022,1,190565094
2022,1,190565095
2022,9,184244149
2022,9,184244153
2022,3,185838464
2022,6,185838464
2022,6,185838465
2022,9,184244166
2022,9,184244172
2022,3,184289120
2022,3,184289121
2022,9,184244181
2022,9,184289128
2022,1,184811031
2022,6,184811031
2022,8,184811036
2022,8,184811037
2022,8,184811038
2022,10,184296540
2022,9,184296542
2022,6,184811049
2022,6,184811058
2022,9,184811059
2022,8,184811064
2022,9,184811068
2022,2,184811070
2022,9,184811076
2022,9,184811077
2022,9,184811081
2022,3,201331055
2022,9,184811085
2022,9,186333918
2022,9,184811091
2022,1,185197562
2022,9,184811094
2022,6,185197563
2022,9,185197564
2022,6,185197565
2022,6,184811104
2022,6,185197566
2022,9,185197567
2022,9,184811115
2022,9,194325818
2022,6,194325819
2022,9,185197574
2022,9,185197585
2022,6,185838471
2022,9,185197597
2022,3,185838474
2022,6,185838474
2022,3,185838475
2022,6,185838475
2022,6,185838478
2022,6,185197603
2022,9,185197604
2022,9,185838483
2022,6,187013244
2022,3,187013245
2022,9,185197608
2022,6,185838489
2022,6,185838507
2022,9,185838519
2022,9,185838524
2022,8,185838533
2022,6,185838534
2022,6,186333921
2022,6,186333922
2022,9,185838539
2022,9,186333923
2022,9,185838540
2022,9,185838557
2022,1,186333924
2022,9,185838569
2022,9,185838575
2022,2,185838596
2022,1,185838597
2022,9,186333927
2022,6,186333928
2022,8,186333934
2022,9,186333936
2022,6,186333937
2022,9,186856429
2022,9,201331056
2022,3,187631320
2022,6,187631320
2022,3,186334015
2022,6,186334015
2022,6,186334016
2022,9,194325822
2022,9,187013248
2022,9,186856435
2022,9,186856439
2022,9,186334047
2022,9,186856490
2022,9,187013252
2022,9,187631324
2022,6,187631325
2022,9,186856547
2022,9,186856553
2022,8,186856566
2022,9,187013256
2022,9,187013259
2022,9,191027456
2022,9,187279739
2022,9,187279748
2022,9,187279752
2022,9,187898182
2022,9,187631334
2022,8,187279770
2022,6,187339117
2022,9,187339122
2022,6,198665860
2022,9,199861630
2022,3,187631342
2022,9,188418885
2022,6,187898188
2022,6,187898189
2022,9,187631371
2022,8,187898190
2022,8,187898192
2022,9,187631380
2022,6,187631381
2022,9,187631383
2022,8,187631384
2022,9,187631386
2022,9,187898194
2022,6,187631389
2022,6,187631390
2022,6,187631391
2022,9,187631392
2022,9,187898206
2022,9,187898214
2022,6,187898215
2022,9,190041357
2022,8,190041358
2022,6,188418892
2022,9,188418894
2022,9,188418912
2022,9,188816793
2022,9,188418925
2022,9,188816795
2022,9,188418933
2022,8,201198629
2022,9,188816820
2022,6,188816832
2022,9,188816842
2022,1,188816851
2022,3,189393840
2022,6,189393840
2022,6,189393841
2022,6,189393842
2022,6,189060421
2022,6,189060422
2022,9,189060425
2022,9,189393843
2022,9,189060434
2022,9,189060437
2022,9,189060440
2022,8,189060442
2022,9,189393845
2022,9,189060449
2022,9,189060453
2022,9,189393846
2022,6,189060460
2022,9,189425827
2022,9,189393855
2022,8,190600774
2022,6,189393858
2022,6,189393859
2022,9,189393860
2022,6,189393861
2022,8,189393861
2022,9,189393862
2022,8,190565099
2022,9,189393876
2022,9,189393877
2022,9,189393878
2022,9,189393880
2022,9,196983667
2022,8,196983668
2022,9,189393884
2022,6,189393891
2022,6,189393892
2022,9,189393901
2022,9,189393908
2022,9,189393911
2022,9,189393914
2022,9,190600775
2022,9,189425836
2022,6,190041363
2022,6,190041364
2022,6,189425839
2022,6,190041366
2022,9,189425843
2022,6,190565101
2022,9,190041389
2022,9,190041399
2022,9,190041404
2022,6,190041415
2022,9,190600778
2022,3,191027462
2022,6,191027462
2022,3,191027463
2022,6,191027463
2022,6,190041443
2022,1,190041458
2022,9,190245329
2022,9,190245330
2022,6,190245331
2022,11,192597581
2022,9,190245342
2022,8,190245343
2022,8,190245366
2022,9,190565120
2022,9,190565122
2022,9,194325837
2022,9,190600784
2022,9,190600785
2022,9,190565134
2022,6,190565135
2022,9,190600788
2022,8,191027468
2022,9,190600789
2022,8,190565149
2022,9,190565156
2022,9,190600795
2022,9,190600797
2022,6,190600798
2022,9,191265618
2022,9,191027477
2022,8,191027481
2022,9,190600828
2022,9,191027487
2022,9,191027490
2022,1,198109422
2022,9,191027493
2022,3,191027511
2022,6,191027511
2022,3,191027512
2022,6,191027512
2022,9,191027516
2022,9,191027517
2022,9,191265621
2022,6,192161014
2022,9,191027534
2022,9,191027537
2022,9,191265623
2022,3,195370759
2022,6,195370759
2022,3,195370760
2022,6,195370760
2022,9,191027550
2022,6,191027560
2022,8,191027560
2022,8,194325844
2022,6,192597588
2022,9,191265636
2022,9,191878816
2022,9,191265640
2022,9,191265642
2022,8,191878822
2022,3,192161017
2022,6,192161017
2022,3,192161018
2022,6,192161018
2022,9,191878854
2022,10,191878860
2022,6,191878861
2022,9,192161021
2022,8,192161029
2022,6,192161036
2022,9,192597591
2022,8,192161037
2022,6,194325848
2022,8,194325849
2022,6,192161043
2022,9,201331059
2022,9,192196079
2022,6,192196082
2022,9,194325850
2022,6,192597605
2022,9,192597607
2022,8,194325852
2022,9,192597612
2022,9,192597623
2022,8,192781980
2022,6,192781981
2022,9,194325858
2022,9,192781990
2022,9,194325861
2022,9,192781998
2022,8,192782000
2022,9,192782012
2022,6,192782014
2022,8,194325865
2022,3,194325869
2022,6,194325873
2022,9,194325875
2022,9,194325895
2022,9,194325898
2022,8,194325900
2022,9,194325901
2022,6,194325914
2022,9,194325919
2022,9,194325920
2022,9,194325924
2022,6,194325950
2022,1,194325955
2022,9,194325960
2022,6,194325961
2022,9,194325965
2022,9,198665865
2022,8,194325989
2022,9,194326006
2022,6,194326009
2022,9,194326012
2022,9,200176667
2022,9,194326025
2022,9,194326030
2022,9,194326034
2022,9,194326038
2022,6,194326040
2022,9,194326044
2022,6,194326061
2022,8,194715468
2022,8,194715470
2022,9,194326093
2022,6,194756595
2022,3,195370764
2022,6,195370764
2022,6,195370765
2022,9,194326112
2022,9,196945529
2022,9,194326116
2022,9,194326119
2022,9,194326124
2022,9,194715475
2022,9,194715476
2022,9,194756596
2022,6,194756597
2022,9,194715483
2022,9,194715487
2022,9,195370766
2022,9,194756598
2022,6,194715492
2022,6,194715493
2022,9,194715495
2022,8,194715496
2022,9,194715502
2022,9,194756601
2022,6,194756604
2022,6,194756605
2022,9,194756607
2022,8,194756608
2022,9,194756610
2022,9,194756612
2022,9,195370775
2022,6,195370776
2022,6,195370792
2022,8,195370792
2022,6,195370793
2022,6,195370794
2022,9,195878972
2022,6,195370805
2022,9,195370809
2022,9,195370813
2022,9,195370815
2022,9,195370821
2022,1,195370822
2022,9,195370828
2022,6,195370829
2022,6,195878976
2022,9,195878985
2022,9,195881479
2022,2,201331064
2022,9,196952530
2022,9,196952531
2022,9,187898257
2022,9,187898259
2022,3,187980935
2022,9,187980936
2022,9,187980937
2022,9,187980938
2022,9,187980939
2022,9,187898265
2022,9,187898266
2022,9,187898269
2022,9,187898274
2022,9,187898275
2022,9,187980941
2022,9,182648750
2022,9,187980942
2022,6,187980943
2022,9,187980946
2022,9,187980949
2022,6,187983074
2022,9,187980951
2022,9,187983076
2022,9,187983078
2022,9,184392285
2022,9,187983079
2022,9,187983082
2022,9,187983083
2022,9,182648751
2022,6,184392287
2022,6,188374005
2022,6,195881523
2022,9,187027494
2022,1,187866883
2022,9,184392293
2022,1,182648755
2022,9,183898167
2022,9,183898168
2022,9,183898169
2022,9,183898170
2022,9,187866884
2022,5,184392302
2022,9,183898184
2022,9,184392312
2022,9,187027499
2022,9,184392315
2022,9,184392330
2022,9,184392333
2022,9,187866902
2022,9,187866906
2022,9,188034872
2022,8,187866907
2022,9,187866909
2022,9,188034875
2022,9,188034877
2022,9,187032875
2022,6,187032876
2022,9,187032878
2022,8,187032882
2022,9,187032891
2022,9,188034893
2022,6,188034894
2022,9,188034902
2022,9,188034908
2022,9,188034910
2022,9,188034913
2022,12,189048056
2022,9,188034921
2022,9,189048059
2022,9,190248394
2022,8,189048069
2022,1,190248397
2022,9,190248398
2022,9,189048082
2022,9,189048089
2022,6,192458392
2022,8,190248412
2022,9,190248421
2022,9,190248423
2022,9,190248424
2022,9,190248426
2022,9,190248431
2022,9,190248435
2022,9,202057138
2022,9,190248442
2022,9,190248443
2022,6,190248445
2022,1,192458420
2022,9,192458438
2022,9,194326589
2022,9,194326591
2022,9,194326593
2022,6,194326595
2022,8,194326597
2022,9,194326609
2022,9,194326630
2022,9,195881551
2022,9,195881566
2022,6,195881572
2022,9,195881573
2022,9,195881575
2022,9,202057142
2022,9,202957208
2022,8,202057144
2022,9,202057149
2022,9,202057159
2022,9,202057168
2022,9,202057174
2022,9,202057180
2022,6,184126968
2022,8,184126968
2022,6,184126969
2022,8,184126969
2022,8,188010139
2022,8,188010142
2022,8,194326875
2022,8,194326876
2022,6,181277223
2022,6,181277235
2022,6,181277236
2022,6,181277237
2022,8,182648979
2022,9,181433061
2022,6,181277241
2022,8,181277242
2022,9,181277245
2022,9,181433064
2022,9,182648980
2022,1,196721921
2022,6,181277250
2022,9,182648983
2022,6,181277255
2022,3,181277256
2022,3,181277257
2022,6,181277263
2022,6,181277264
2022,6,181277265
2022,6,181277273
2022,8,181277274
2022,9,181277275
2022,6,181277287
2022,9,181277292
2022,6,181277295
2022,6,181433071
2022,6,181433072
2022,12,182648986
2022,6,182648988
2022,6,182648989
2022,6,181433075
2022,6,181433076
2022,1,182648990
2022,9,184168741
2022,9,181277308
2022,9,182648997
2022,3,182648999
2022,11,182649000
2022,6,182649005
2022,6,182649006
2022,9,181433084
2022,9,181433085
2022,9,182649012
2022,11,182649013
2022,6,182649018
2022,1,182649019
2022,3,182649023
2022,3,182649024
2022,6,182649026
2022,6,182649027
2022,6,182649028
2022,9,184168746
2022,9,182649036
2022,6,182649039
2022,12,182649040
2022,9,187032901
2022,9,187032902
2022,8,182649042
2022,6,182649045
2022,8,182649049
2022,9,182649053
2022,12,182649054
2022,6,182649060
2022,6,182649061
2022,8,184168748
2022,9,182649070
2022,8,182649074
2022,6,182649076
2022,6,187032904
2022,9,191957765
2022,6,191957766
2022,3,182649081
2022,6,182649082
2022,6,185202323
2022,8,184168753
2022,8,184168754
2022,9,184168755
2022,8,184168756
2022,8,184168757
2022,6,184168758
2022,6,184168759
2022,9,182649092
2022,6,184168788
2022,2,184168794
2022,9,184168796
2022,9,184168798
2022,6,185202331
2022,6,185202332
2022,6,185202333
2022,9,187032908
2022,9,185202337
2022,6,185202340
2022,9,185202344
2022,6,185202345
2022,9,185202346
2022,12,185202349
2022,6,185202355
2022,6,185202359
2022,6,185202360
2022,6,185202366
2022,8,185202367
2022,9,185202372
2022,6,185202373
2022,6,185202375
2022,9,185202376
2022,8,185202377
2022,8,185202378
2022,6,185202381
2022,6,185202382
2022,6,187032927
2022,9,187032929
2022,8,187032931
2022,9,185202388
2022,9,185202391
2022,12,185202394
2022,6,187032937
2022,6,187032942
2022,3,187032943
2022,8,187032946
2022,9,187032947
2022,3,187032948
2022,6,199597035
2022,9,187032954
2022,3,189089719
2022,3,189089720
2022,3,194327198
2022,8,187032970
2022,9,191957769
2022,5,187032979
2022,9,187032981
2022,9,187032990
2022,9,187032996
2022,9,187033007
2022,7,194327201
2022,9,189089742
2022,6,189089750
2022,9,189089751
2022,9,196721925
2022,3,189089755
2022,3,189089756
2022,3,189089757
2022,9,189089758
2022,9,189089761
2022,9,189089762
2022,6,189089763
2022,6,189089764
2022,9,189089775
2022,12,189089783
2022,6,189089791
2022,6,189089792
2022,9,189089798
2022,6,191957772
2022,6,190122802
2022,6,190122803
2022,9,190122805
2022,9,189089808
2022,6,194327206
2022,6,194327207
2022,9,189089818
2022,9,189089819
2022,9,190122816
2022,7,191957773
2022,6,191957774
2022,9,190122820
2022,6,190122821
2022,6,190122828
2022,6,190122829
2022,9,191957779
2022,9,190122835
2022,9,191957796
2022,9,196721926
2022,6,191957798
2022,9,194327210
2022,9,191957801
2022,8,191957811
2022,9,191957828
2022,9,191957830
2022,6,194327218
2022,9,196721928
2022,6,194327223
2022,8,194327224
2022,6,194327226
2022,9,194327235
2022,9,194327236
2022,6,194327237
2022,12,194327239
2022,6,194327245
2022,8,194327246
2022,6,194327247
2022,9,194327248
2022,6,194327263
2022,6,194327272
2022,6,194327273
2022,9,194327276
2022,6,199597054
2022,6,199597055
2022,6,194327287
2022,6,194327288
2022,9,194327289
2022,9,194327295
2022,12,194327296
2022,9,194327298
2022,6,194327300
2022,9,196721933
2022,6,196721934
2022,9,194327311
2022,9,194327312
2022,6,194327325
2022,9,196721936
2022,9,196721948
2022,9,196721949
2022,1,196721953
2022,6,196721971
2022,6,196721982
2022,6,196721984
2022,6,199597067
2022,6,199597068
2022,6,199597069
2022,9,199597071
2022,6,179590329
2022,6,187980954
2022,6,189267313
2022,1,177405097
2022,6,182651911
2022,6,182651940
2022,6,182651941
2022,8,184241479
2022,8,184241480
2022,8,184168820
2022,8,184168821
2022,8,190248448
2022,8,190248449
2022,8,191831926
2022,8,191831927
2022,8,192813910
2022,8,192813911
2022,8,194331603
2022,8,194331604
2022,9,179590334
2022,6,179590338
2022,6,179590340
2022,6,180883528
2022,6,180883529
2022,5,197549823
2022,3,182651948
2022,8,182651949
2022,9,184971599
2022,3,188007402
2022,3,186693601
2022,9,188879147
2022,9,190714239
2022,8,190446652
2022,6,190446653
2022,9,190446654
2022,9,194331608
2022,9,195417784
2022,9,200761782
2022,9,177235131
2022,9,177079950
2022,6,179019509
2022,6,180253831
2022,9,180253834
2022,9,180253844
2022,6,181653296
2022,6,181653298
2022,6,181653299
2022,6,181653300
2022,9,180253851
2022,9,182652676
2022,9,182652677
2022,8,183738264
2022,9,183992558
2022,9,185487884
2022,9,184832840
2022,9,185487885
2022,9,186119538
2022,9,186119541
2022,9,187801348
2022,9,186119555
2022,9,187033032
2022,9,187033033
2022,9,187033045
2022,6,187801349
2022,9,187801350
2022,9,187801351
2022,9,187980964
2022,9,188827095
2022,9,188418950
2022,9,188827098
2022,9,188827099
2022,9,190122849
2022,9,189282108
2022,9,190122854
2022,6,190600839
2022,8,190600840
2022,9,190600841
2022,9,192161054
2022,9,192161055
2022,9,192161056
2022,6,192161062
2022,9,194332965
2022,9,194332966
2022,9,194332972
2022,9,195352242
2022,9,195352243
2022,9,194332982
2022,9,194332983
2022,9,194332986
2022,6,195352248
2022,9,195764686
2022,9,177115911
2022,6,178200015
2022,6,178200016
2022,9,178200018
2022,3,194333901
2022,6,181605983
2022,6,181605984
2022,9,180105894
2022,6,181605985
2022,9,180105895
2022,9,181606221
2022,6,181606222
2022,9,180105897
2022,6,181606223
2022,6,181606224
2022,6,181606225
2022,3,181606226
2022,6,181606227
2022,6,181606228
2022,9,181606229
2022,6,181606230
2022,6,181606231
2022,9,181606232
2022,6,181606233
2022,6,182654020
2022,9,182654021
2022,9,181606238
2022,9,181606240
2022,6,181606241
2022,6,181606242
2022,9,181606243
2022,9,181606245
2022,9,181606246
2022,9,181606247
2022,6,182654022
2022,9,182879489
2022,6,182879492
2022,6,182879493
2022,9,182795256
2022,6,182879494
2022,9,182879495
2022,6,182879498
2022,8,182879499
2022,6,182879500
2022,6,182879501
2022,9,182879502
2022,6,182879503
2022,3,182879504
2022,6,182879504
2022,6,182879505
2022,6,182879506
2022,9,182879514
2022,6,182879515
2022,6,182654028
2022,6,182654029
2022,9,182654031
2022,9,182654035
2022,6,182795257
2022,9,182654037
2022,9,202778633
2022,9,182654039
2022,3,182654041
2022,3,182654042
2022,6,182654045
2022,9,182654046
2022,6,182654047
2022,9,182654049
2022,6,195150096
2022,6,195150098
2022,1,182654054
2022,9,184600124
2022,6,183920873
2022,9,183705639
2022,6,182904586
2022,6,182795270
2022,6,183705641
2022,6,183705642
2022,6,183705645
2022,6,183705646
2022,9,184600127
2022,9,183920874
2022,9,184600129
2022,9,187337199
2022,6,187337200
2022,9,184600132
2022,6,184600133
2022,3,184600606
2022,3,184600607
2022,1,187337201
2022,1,187337202
2022,6,185634973
2022,6,184600137
2022,3,185836524
2022,9,184600139
2022,6,184836243
2022,6,184836244
2022,6,185634974
2022,8,185634974
2022,9,184600144
2022,6,184600145
2022,6,184600146
2022,9,185634975
2022,9,184600150
2022,9,187337203
2022,9,184600152
2022,6,185836527
2022,9,185836528
2022,1,189295108
2022,8,189295108
2022,1,187645205
2022,6,184600614
2022,9,184836246
2022,9,184600618
2022,9,184836249
2022,9,185836531
2022,6,185634982
2022,9,187337208
2022,9,186622031
2022,9,195150099
2022,6,195150100
2022,9,185836534
2022,9,185836537
2022,9,185634991
2022,6,185634992
2022,9,187337209
2022,9,185634994
2022,6,185836539
2022,6,185836540
2022,9,185836541
2022,9,186622040
2022,6,185836544
2022,9,185836545
2022,6,185836547
2022,6,185836548
2022,6,186622044
2022,9,185836550
2022,9,192813912
2022,9,187337213
2022,9,187337215
2022,6,187337217
2022,9,186622061
2022,9,188809882
2022,9,187337219
2022,9,188809883
2022,6,188809884
2022,9,188809885
2022,9,187645208
2022,9,187337220
2022,8,187337221
2022,9,192813913
2022,6,187337225
2022,9,188809889
2022,9,188809890
2022,9,188809891
2022,9,187645209
2022,9,188809893
2022,8,187645211
2022,8,187645212
2022,9,189295109
2022,9,188809894
2022,9,188809896
2022,9,194333908
2022,6,188809898
2022,9,188809899
2022,9,188809901
2022,9,188809902
2022,9,194333910
2022,9,188809907
2022,9,189295114
2022,6,189295115
2022,9,188809916
2022,9,188809918
2022,9,189295116
2022,6,189295117
2022,6,191873134
2022,8,191873134
2022,6,191873135
2022,8,191873135
2022,9,189295120
2022,9,188809927
2022,9,194333911
2022,9,194333912
2022,9,189295121
2022,9,188809930
2022,9,189295122
2022,9,189295124
2022,9,192813915
2022,6,190365192
2022,9,190365195
2022,6,189295132
2022,9,190365196
2022,9,191873139
2022,9,190365199
2022,9,189295137
2022,9,190365201
2022,6,190365202
2022,9,190365203
2022,9,190365204
2022,6,190580399
2022,6,190580400
2022,9,190365209
2022,9,192185209
2022,9,191873142
2022,9,194333914
2022,6,194333915
2022,9,191873145
2022,9,190580402
2022,6,191873146
2022,9,191873147
2022,6,191873148
2022,9,191873149
2022,9,192813916
2022,6,192813917
2022,6,192813918
2022,6,192186084
2022,3,195365998
2022,3,195365999
2022,9,191873160
2022,9,194333916
2022,6,192186086
2022,9,192186088
2022,6,192813921
2022,6,192813922
2022,6,192813923
2022,9,192813924
2022,6,194333917
2022,9,194333919
2022,9,194763301
2022,9,203229211
2022,9,194743603
2022,9,194763302
2022,9,194333922
2022,9,194333923
2022,9,194333928
2022,9,194763305
2022,9,195864505
2022,9,194743607
2022,9,194743608
2022,9,194743611
2022,9,195174124
2022,6,195864511
2022,6,195864512
2022,9,195218758
2022,9,195864514
2022,6,195864518
2022,9,178960543
2022,6,185372243
2022,9,185834796
2022,9,185834799
2022,9,188981249
2022,9,194741173
2022,9,192069930
2022,9,190771500
2022,8,192069933
2022,9,195522689
2022,3,196459936
2022,6,182654204
2022,6,192096144
2022,6,194334069
2022,6,194334070
2022,3,196152647
2022,8,182654423
2022,6,182654425
2022,6,182654426
2022,9,182654427
2022,9,182654428
2022,9,182654433
2022,6,197683450
2022,6,197683451
2022,6,177405099
2022,6,177405100
2022,6,177518526
2022,1,178235135
2022,6,178322942
2022,6,179103305
2022,6,179103306
2022,6,179642509
2022,6,179642530
2022,6,179672148
2022,6,180024491
2022,6,181493247
2022,6,181489711
2022,6,181489712
2022,6,182654510
2022,6,183920885
2022,6,183920886
2022,6,183990451
2022,3,185429878
2022,6,185441977
2022,6,187801363
2022,6,187801365
2022,6,187717466
2022,6,188823648
2022,6,187801366
2022,6,187801370
2022,6,188007407
2022,6,188096126
2022,6,188514442
2022,6,188823657
2022,6,190230676
2022,6,189155218
2022,6,189393920
2022,6,189810860
2022,6,190989610
2022,6,191824975
2022,6,192059360
2022,6,192087752
2022,6,194334555
2022,6,194334558
2022,6,194334564
2022,6,194334574
2022,6,194334624
2022,6,195279086
2022,9,175996806
2022,9,175996807
2022,9,175996808
2022,9,175996809
2022,6,176163093
2022,9,176163094
2022,9,176163096
2022,6,176150192
2022,9,176608054
2022,6,176608055
2022,6,176608056
2022,6,176608057
2022,6,176608058
2022,9,176608059
2022,9,176607262
2022,9,176665611
2022,9,176771653
2022,9,177115920
2022,9,177127279
2022,9,177127280
2022,9,177127282
2022,9,177189343
2022,9,177325149
2022,9,178053480
2022,9,181316009
2022,9,178053481
2022,9,178053482
2022,9,178053483
2022,9,178053484
2022,9,178053485
2022,9,178219907
2022,9,178219908
2022,9,178219909
2022,9,178289004
2022,9,178372096
2022,6,178372097
2022,6,178957190
2022,9,178957191
2022,6,178957192
2022,9,178976157
2022,6,179378930
2022,9,179590345
2022,9,179590346
2022,9,179958203
2022,9,180075584
2022,6,180883531
2022,6,180781479
2022,9,180781480
2022,9,181312624
2022,9,181312626
2022,9,181419849
2022,9,181419850
2022,9,181419851
2022,9,181451738
2022,9,181489714
2022,9,181483422
2022,9,181483423
2022,9,181483424
2022,9,181483426
2022,9,181653321
2022,9,181653322
2022,9,181751224
2022,9,182643626
2022,9,182643627
2022,6,182643630
2022,9,182643631
2022,6,182643633
2022,9,182643636
2022,6,182931956
2022,6,182912148
2022,9,182912149
2022,9,182981679
2022,9,183117893
2022,6,186684897
2022,9,183361520
2022,9,183693288
2022,9,183693290
2022,9,183693291
2022,9,183954196
2022,9,183954198
2022,9,183954199
2022,9,183954200
2022,9,183988408
2022,9,184087654
2022,9,184087655
2022,9,184126971
2022,9,184126972
2022,9,184126973
2022,9,184148061
2022,6,185896473
2022,6,184285042
2022,9,184285043
2022,9,184285045
2022,6,185871945
2022,9,184811117
2022,9,184811118
2022,9,184832855
2022,6,184832856
2022,9,184869410
2022,9,185200593
2022,9,185277050
2022,6,185277051
2022,9,185429887
2022,9,185631688
2022,9,185666949
2022,6,185666950
2022,9,185896475
2022,9,186067414
2022,9,186334067
2022,9,186309883
2022,9,186309884
2022,9,186622085
2022,6,186679092
2022,9,187337239
2022,9,187337240
2022,9,187337246
2022,6,187337248
2022,9,187337249
2022,6,187337250
2022,9,187337251
2022,9,187337252
2022,9,187337253
2022,9,187352306
2022,9,187377987
2022,6,187417974
2022,9,187623694
2022,9,187623698
2022,9,187623701
2022,9,187639085
2022,6,188374008
2022,3,188374010
2022,9,188423894
2022,9,188809948
2022,9,189089824
2022,9,188800579
2022,9,188800580
2022,9,188800581
2022,9,189155221
2022,9,189155223
2022,9,188879151
2022,9,189054709
2022,6,189155224
2022,6,189266391
2022,6,189266392
2022,9,189266393
2022,9,189266395
2022,6,189361595
2022,6,189425854
2022,9,190771506
2022,9,189425855
2022,9,189425856
2022,6,189425857
2022,6,189456389
2022,9,189456390
2022,9,189456391
2022,9,189768642
2022,9,189823563
2022,9,189823564
2022,9,189843016
2022,9,192279828
2022,9,190041626
2022,9,190179978
2022,2,190365235
2022,6,190403973
2022,9,190365240
2022,9,190365241
2022,9,190365242
2022,9,190417393
2022,9,190600843
2022,9,190623884
2022,9,190600847
2022,6,190600848
2022,6,190771511
2022,9,190771512
2022,9,190771513
2022,9,190959572
2022,9,190959573
2022,9,191265646
2022,9,191265647
2022,6,191265649
2022,9,191649817
2022,9,191649818
2022,9,191824979
2022,6,191957833
2022,9,191957834
2022,9,191957837
2022,6,192059364
2022,6,192198460
2022,9,192198464
2022,9,192196096
2022,6,192458479
2022,9,192458481
2022,9,192754266
2022,9,192813929
2022,9,192813930
2022,6,196621787
2022,9,194316695
2022,9,194316698
2022,9,194316699
2022,9,194316703
2022,6,194316704
2022,9,194316705
2022,9,194316706
2022,9,198419152
2022,9,194316709
2022,9,194316710
2022,3,194316711
2022,9,194316713
2022,9,194316714
2022,9,194316715
2022,9,194316717
2022,9,194316720
2022,6,194316721
2022,9,195370838
2022,6,195370839
2022,9,194316722
2022,9,202987012
2022,9,195132607
2022,9,195132608
2022,6,195129540
2022,9,195373383
2022,9,195373384
2022,9,195373385
2022,9,195373387
2022,6,195373389
2022,6,195373390
2022,3,195373391
2022,9,195373392
2022,9,195373394
2022,6,195110922
2022,6,195110936
2022,6,195110937
2022,6,195110940
2022,6,195110943
2022,8,175965373
2022,9,192201753
2022,8,176954670
2022,6,177273029
2022,6,177273030
2022,9,192201754
2022,9,178200061
2022,6,178200062
2022,6,178200070
2022,9,178200072
2022,9,178659955
2022,9,178831004
2022,9,186089596
2022,6,178957197
2022,8,181530236
2022,6,180024496
2022,8,181530237
2022,9,180033063
2022,8,181530238
2022,6,180033064
2022,8,181530241
2022,8,181530242
2022,8,181530245
2022,9,181424506
2022,8,181530248
2022,8,181530250
2022,8,181530252
2022,3,181464705
2022,6,181464706
2022,8,181530253
2022,8,181530257
2022,8,181530259
2022,8,182643868
2022,8,182643870
2022,9,182643871
2022,6,182643872
2022,8,182643874
2022,8,182643877
2022,8,182643879
2022,8,182643880
2022,9,182643886
2022,9,182643887
2022,6,183047622
2022,9,183047625
2022,9,183117899
2022,8,183710226
2022,9,183710227
2022,9,183710228
2022,6,183710229
2022,9,183710230
2022,9,183842876
2022,9,183927740
2022,9,183944708
2022,8,183944709
2022,6,184817409
2022,6,184817410
2022,9,185434129
2022,9,186089602
2022,8,186089606
2022,9,187223889
2022,9,187223890
2022,9,201590714
2022,9,187505515
2022,9,188654067
2022,9,188654068
2022,9,188674206
2022,9,189001662
2022,9,189001663
2022,6,189369533
2022,6,189369534
2022,9,189423555
2022,8,189423556
2022,8,190041635
2022,8,190248454
2022,8,190446659
2022,8,190600852
2022,8,190600856
2022,8,191850992
2022,9,192096145
2022,6,192096146
2022,8,192077915
2022,6,192343754
2022,6,194317291
2022,9,194317292
2022,9,194317294
2022,9,194317296
2022,8,194317300
2022,8,194317302
2022,8,194317303
2022,8,194317304
2022,8,194317306
2022,8,195365300
2022,8,194317311
2022,8,194740311
2022,8,195136763
2022,8,195365301
2022,6,195365302
2022,9,195365303
2022,8,195365304
2022,6,176076959
2022,6,176872660
2022,6,176872661
2022,9,177518527
2022,6,177400518
2022,9,177518528
2022,3,178372098
2022,9,178313344
2022,9,178372099
2022,6,178372104
2022,3,180883533
2022,9,180383202
2022,9,181458743
2022,6,181758002
2022,9,182647039
2022,6,182647040
2022,6,183044584
2022,6,183152921
2022,9,183990456
2022,6,184811121
2022,9,184474106
2022,9,185441978
2022,9,184942730
2022,9,185200595
2022,9,185429888
2022,9,187741417
2022,9,185871946
2022,9,186309885
2022,9,187352307
2022,6,187377989
2022,6,189367084
2022,9,190403974
2022,9,190446661
2022,6,190714242
2022,6,190674616
2022,6,191846173
2022,9,192196097
2022,9,194323996
2022,9,195764689
2022,6,180383218
2022,9,182651800
2022,9,190449595
2022,9,199780791
2022,9,176167337
2022,9,178053488
2022,9,176167338
2022,9,176167339
2022,9,176167340
2022,9,176167341
2022,9,176167342
2022,9,176318138
2022,9,176318146
2022,6,177713164
2022,6,177713165
2022,6,177713166
2022,9,176542244
2022,9,176542247
2022,9,176542249
2022,9,176542251
2022,1,176542254
2022,9,178061079
2022,6,176704630
2022,9,176704636
2022,9,176704640
2022,1,176704647
2022,1,176771655
2022,9,176708497
2022,9,176872670
2022,6,176872672
2022,9,177063715
2022,9,177063716
2022,9,177063717
2022,9,177079954
2022,6,177079957
2022,9,177079959
2022,9,177079960
2022,9,177079961
2022,9,177115921
2022,9,177115927
2022,9,177115928
2022,9,177115929
2022,6,177115936
2022,9,179625807
2022,6,177115942
2022,9,177115943
2022,9,177127284
2022,6,177127286
2022,6,177127288
2022,9,177127289
2022,9,177129587
2022,9,177182996
2022,9,177182997
2022,9,177183001
2022,6,177183004
2022,9,177183012
2022,9,179625808
2022,9,177187138
2022,9,177235139
2022,9,177235140
2022,9,177235144
2022,9,177235146
2022,9,177255468
2022,6,177255469
2022,6,177255470
2022,9,179625811
2022,9,177255473
2022,9,177325157
2022,9,179625812
2022,9,177325166
2022,1,177325168
2022,9,177325173
2022,9,177330076
2022,9,177400521
2022,9,177400523
2022,9,177518529
2022,9,177518530
2022,6,177518531
2022,6,177520823
2022,9,177534159
2022,9,177534162
2022,9,177552775
2022,9,177552776
2022,9,178053496
2022,9,177646539
2022,9,177646542
2022,9,177646543
2022,9,177646545
2022,9,177646547
2022,9,177646551
2022,9,177646555
2022,9,177646556
2022,9,177646558
2022,9,177713168
2022,9,180075591
2022,9,178210852
2022,9,178210853
2022,9,178210859
2022,9,178210860
2022,9,178210861
2022,9,178231067
2022,9,178231068
2022,6,178231069
2022,9,178231071
2022,9,178231074
2022,1,178231075
2022,9,180128398
2022,9,178372105
2022,9,178022598
2022,6,178372110
2022,9,178372111
2022,9,178372112
2022,9,178372132
2022,9,178372135
2022,6,178780819
2022,9,178372136
2022,6,178372140
2022,6,178372142
2022,9,178372147
2022,9,178780820
2022,9,178490339
2022,9,178780821
2022,9,178780829
2022,9,178780833
2022,9,178858708
2022,9,180128399
2022,9,178780834
2022,9,178858717
2022,9,178877280
2022,9,178911273
2022,1,178911283
2022,9,179019516
2022,9,180128400
2022,9,179019518
2022,9,179019519
2022,9,179019520
2022,9,180128401
2022,9,179019526
2022,6,179019527
2022,9,179101523
2022,9,179101524
2022,9,179544478
2022,9,179101529
2022,9,179103314
2022,9,179181361
2022,9,179186156
2022,9,179186157
2022,9,179186162
2022,9,178780837
2022,9,179186164
2022,9,179186167
2022,9,179196568
2022,9,179196570
2022,9,179204555
2022,9,179204556
2022,9,179378933
2022,9,179378934
2022,1,179378935
2022,9,179378936
2022,9,179381395
2022,6,179496409
2022,9,179496410
2022,9,179496411
2022,9,179544479
2022,9,179544480
2022,9,179544481
2022,9,179544483
2022,9,179544493
2022,9,179544496
2022,9,179544500
2022,6,179544503
2022,9,179544504
2022,9,179550569
2022,9,179590353
2022,9,179590354
2022,9,179590361
2022,9,179642578
2022,1,179642584
2022,9,179642595
2022,1,179642618
2022,9,179672155
2022,9,179994734
2022,9,179994738
2022,9,179994740
2022,9,179994745
2022,9,179994750
2022,9,179994754
2022,9,179994777
2022,13,182652263
2022,9,181277324
2022,1,181277327
2022,9,181293537
2022,9,182652264
2022,9,181293543
2022,9,181293546
2022,6,181293558
2022,6,181293559
2022,9,181293562
2022,9,181310855
2022,9,181366828
2022,9,181366837
2022,9,181366838
2022,9,181419859
2022,9,181419862
2022,9,182652265
2022,9,181419869
2022,9,181433090
2022,9,181433092
2022,9,181433098
2022,9,181433099
2022,9,181433100
2022,9,181438872
2022,9,181438873
2022,9,181438874
2022,9,181442435
2022,9,181442437
2022,9,181442439
2022,9,181442440
2022,6,182652266
2022,9,181453629
2022,6,181453630
2022,6,181453635
2022,9,181453636
2022,9,181453637
2022,6,181453639
2022,9,181458744
2022,1,181460027
2022,9,181460031
2022,9,181477946
2022,9,181477956
2022,9,181477957
2022,9,181477958
2022,9,181481184
2022,6,181481187
2022,6,181489719
2022,9,181489724
2022,9,181493264
2022,6,181513403
2022,6,181517262
2022,9,181517269
2022,9,181520999
2022,6,181521002
2022,10,181528271
2022,6,181528272
2022,6,181528274
2022,9,181528275
2022,9,181528281
2022,9,181577240
2022,6,181584834
2022,9,181653324
2022,9,181653325
2022,9,181653326
2022,9,181653327
2022,9,181653328
2022,6,181653335
2022,9,181653336
2022,6,181653337
2022,9,181653338
2022,9,181653339
2022,9,181653340
2022,6,181660282
2022,9,181660283
2022,9,181736795
2022,9,181736799
2022,9,181736802
2022,9,182652267
2022,9,182652271
2022,6,181477965
2022,6,181477966
2022,6,181477967
2022,9,182652272
2022,9,182652282
2022,9,182652284
2022,9,182652285
2022,9,182652289
2022,9,182652291
2022,9,182652292
2022,9,182652294
2022,6,181476549
2022,9,182652299
2022,9,182652301
2022,9,182652302
2022,9,182652305
2022,10,182652307
2022,9,182652309
2022,9,182652310
2022,9,182652311
2022,9,182652312
2022,9,182652313
2022,9,182652315
2022,9,182652317
2022,9,182652320
2022,9,182652322
2022,9,182652327
2022,1,182652333
2022,9,182652335
2022,9,182652336
2022,6,182652338
2022,6,182652345
2022,9,182652352
2022,9,182652353
2022,9,181653341
2022,9,181653342
2022,9,182652354
2022,9,182652357
2022,9,182652359
2022,9,182652360
2022,9,182652361
2022,9,182652362
2022,9,191831936
2022,9,182652365
2022,9,182652366
2022,9,182652372
2022,1,182652377
2022,9,182652380
2022,9,182652381
2022,9,182652382
2022,6,182652386
2022,9,182652387
2022,9,182652390
2022,6,182652391
2022,9,182652395
2022,9,182652400
2022,1,182652406
2022,9,182652407
2022,9,182652409
2022,9,182652410
2022,9,182652414
2022,9,182652415
2022,9,182652416
2022,9,182652423
2022,6,182652425
2022,9,182652430
2022,9,182652431
2022,9,182652433
2022,9,182652439
2022,9,182652443
2022,9,182652444
2022,6,182652445
2022,9,182652446
2022,9,182652448
2022,9,182652453
2022,9,182652454
2022,9,182652456
2022,9,182652459
2022,9,182652461
2022,9,182652462
2022,9,182699084
2022,9,182699086
2022,9,182703663
2022,9,182857826
2022,9,182703668
2022,9,182703671
2022,9,182764636
2022,9,182857828
2022,9,182857832
2022,9,182857835
2022,6,182857838
2022,9,182879484
2022,9,182886051
2022,9,182901588
2022,9,182901591
2022,9,182901592
2022,6,182901598
2022,6,182901599
2022,9,182901600
2022,9,182901609
2022,6,182993472
2022,6,182993473
2022,9,183153151
2022,9,182912454
2022,9,182932322
2022,9,182932323
2022,9,182932325
2022,9,182932328
2022,9,182932330
2022,9,182982644
2022,6,182982646
2022,9,182982656
2022,9,182982664
2022,9,182982671
2022,9,182982676
2022,9,182982684
2022,9,182993478
2022,6,183044708
2022,1,183044710
2022,9,183118193
2022,9,183118194
2022,9,183118196
2022,9,183118197
2022,6,183118199
2022,6,183210048
2022,9,183210049
2022,9,183210054
2022,9,183210060
2022,9,183210061
2022,9,183210065
2022,9,183210066
2022,9,183383044
2022,9,183383051
2022,9,183383055
2022,9,183383056
2022,9,183383057
2022,9,183967333
2022,9,183954204
2022,9,183954206
2022,9,183954207
2022,6,182944935
2022,9,183954208
2022,9,183954211
2022,9,183954217
2022,9,183967334
2022,9,183971115
2022,9,183971116
2022,9,183971117
2022,9,183971120
2022,9,183988412
2022,9,183988414
2022,9,183990457
2022,9,183990458
2022,9,183990459
2022,9,188879153
2022,9,184075884
2022,9,183990461
2022,9,184072943
2022,9,184075885
2022,6,184075893
2022,9,184075903
2022,6,184126974
2022,9,184126975
2022,9,184126981
2022,9,184126991
2022,9,184148062
2022,9,184148063
2022,9,184168825
2022,9,184168826
2022,9,184168828
2022,9,184228542
2022,9,184228544
2022,9,184232327
2022,9,184241485
2022,9,184304569
2022,9,184244199
2022,6,184244201
2022,6,184244202
2022,9,184244208
2022,9,184304570
2022,9,184304572
2022,9,184304573
2022,9,184304576
2022,9,184304577
2022,9,184304578
2022,9,184304582
2022,9,184337374
2022,9,184337376
2022,9,184337380
2022,9,184811122
2022,9,184337382
2022,9,184337388
2022,9,184337390
2022,9,184337396
2022,9,184337397
2022,6,184353278
2022,9,184353282
2022,9,184353286
2022,9,184365663
2022,9,184365664
2022,9,184365670
2022,9,184365672
2022,9,184365674
2022,9,184365675
2022,9,184365676
2022,9,184376198
2022,9,184392675
2022,9,184392677
2022,9,184392686
2022,9,184392688
2022,9,184392689
2022,9,184392692
2022,9,184474228
2022,6,184474229
2022,6,184474231
2022,9,184474232
2022,6,184484375
2022,9,184484383
2022,9,184484389
2022,6,184484391
2022,6,184484397
2022,6,184484398
2022,6,184484399
2022,9,184484403
2022,9,184484406
2022,9,184484409
2022,9,184484412
2022,9,184625159
2022,9,184625163
2022,9,184625167
2022,9,184625169
2022,9,184811123
2022,9,184811124
2022,9,184811127
2022,9,184811128
2022,9,184811129
2022,9,190179980
2022,9,184942732
2022,9,184228547
2022,9,184942740
2022,9,185126612
2022,9,185126613
2022,9,185126616
2022,6,185126617
2022,6,185126618
2022,9,185126621
2022,9,185143501
2022,9,185167204
2022,9,185277052
2022,9,185277054
2022,6,185283732
2022,6,184353287
2022,9,185372249
2022,9,185372250
2022,6,185372252
2022,9,186679098
2022,9,185429891
2022,6,185429892
2022,9,185429895
2022,9,185429897
2022,9,185429898
2022,9,185551351
2022,9,185551354
2022,9,185567167
2022,9,185567169
2022,9,186679100
2022,9,185567171
2022,9,185567172
2022,9,185567174
2022,6,185567178
2022,9,185567179
2022,9,185567180
2022,9,185567181
2022,6,185567183
2022,9,185631693
2022,9,185631697
2022,9,185631698
2022,9,185631699
2022,9,185631701
2022,9,185631710
2022,6,185666955
2022,9,185673220
2022,6,185713694
2022,6,185728736
2022,6,185728737
2022,9,185728740
2022,9,185776724
2022,9,185783872
2022,9,185871948
2022,9,185871949
2022,6,185871950
2022,9,185871952
2022,9,185871955
2022,9,185896485
2022,9,185896489
2022,9,185896496
2022,6,185896499
2022,1,186041276
2022,9,186041282
2022,9,186067421
2022,9,186119581
2022,9,186067431
2022,9,186119586
2022,9,186140081
2022,6,186140083
2022,9,186165410
2022,9,186165411
2022,9,186165412
2022,9,186207605
2022,9,186207606
2022,9,186207608
2022,9,186207609
2022,9,186207610
2022,10,192458484
2022,6,185551357
2022,9,186309891
2022,9,186334071
2022,9,186334072
2022,9,186334082
2022,9,186334084
2022,9,186334086
2022,1,186334087
2022,9,186622089
2022,6,186622091
2022,9,186622098
2022,6,186622104
2022,6,186622105
2022,6,185776726
2022,9,186679102
2022,9,186693606
2022,9,186693607
2022,9,186693608
2022,9,186693610
2022,9,186699305
2022,9,188879154
2022,9,186699306
2022,9,186880358
2022,9,187027509
2022,9,187027511
2022,9,187027512
2022,9,187033059
2022,9,187033064
2022,9,187101846
2022,9,187101854
2022,9,187101855
2022,6,185871958
2022,9,187122096
2022,9,187122097
2022,6,187122098
2022,6,187122099
2022,9,187122101
2022,9,187217390
2022,9,187220961
2022,9,187220967
2022,9,187220970
2022,9,187220972
2022,9,187220975
2022,9,187279783
2022,9,187355918
2022,9,187337259
2022,9,187337260
2022,9,187337264
2022,6,187337269
2022,6,187337270
2022,9,187337271
2022,9,187337272
2022,9,187337274
2022,9,187337276
2022,9,187337278
2022,9,187352313
2022,9,187352317
2022,9,187352318
2022,9,187355922
2022,9,187355924
2022,9,187355926
2022,9,187388459
2022,6,187388461
2022,6,187388462
2022,6,187388463
2022,9,187866930
2022,9,188879156
2022,6,187417980
2022,6,187417981
2022,9,187417982
2022,9,187417983
2022,9,187434127
2022,9,187866933
2022,9,187866935
2022,9,187866937
2022,9,187866938
2022,9,188879157
2022,9,187898287
2022,4,187898289
2022,9,187898290
2022,9,187898291
2022,9,187898297
2022,9,187898308
2022,9,187980974
2022,9,187980976
2022,6,187980977
2022,9,187980978
2022,9,187980979
2022,9,187980980
2022,9,187980982
2022,10,198109649
2022,10,188879158
2022,6,187983104
2022,9,187983105
2022,9,187983106
2022,9,188007409
2022,9,188007410
2022,9,188007411
2022,9,188007412
2022,6,188007415
2022,9,188007417
2022,6,188879159
2022,9,188007419
2022,9,188007420
2022,9,188010147
2022,9,188010152
2022,9,188027442
2022,9,188027462
2022,9,188027465
2022,9,188800583
2022,9,188800586
2022,6,188800587
2022,6,188800588
2022,9,188800596
2022,9,188800599
2022,6,188809951
2022,6,188809955
2022,6,188809956
2022,9,188809957
2022,9,188823660
2022,9,188895718
2022,6,188823661
2022,9,188823666
2022,9,188823671
2022,9,188823672
2022,9,188823678
2022,9,188827132
2022,9,188895719
2022,9,188895720
2022,9,188895721
2022,9,188895723
2022,9,188906860
2022,9,188906868
2022,3,189089826
2022,9,189089830
2022,9,189089831
2022,6,189089832
2022,9,189089836
2022,6,189099649
2022,9,189099652
2022,9,189099661
2022,9,189099666
2022,9,189099669
2022,9,189099674
2022,9,189111828
2022,9,189111829
2022,9,189111830
2022,9,189111831
2022,9,189155231
2022,9,189155232
2022,9,189185683
2022,9,189193714
2022,9,189193718
2022,9,189193719
2022,9,189193720
2022,9,189193721
2022,6,189193726
2022,9,189193728
2022,9,189234446
2022,9,189241861
2022,10,189241871
2022,9,189277584
2022,6,189277586
2022,6,189277588
2022,9,189277589
2022,9,189277590
2022,9,189282114
2022,9,189282115
2022,9,189282116
2022,9,189313970
2022,9,189313972
2022,9,189313975
2022,9,189367086
2022,9,190179989
2022,9,189342297
2022,6,189342301
2022,9,189342302
2022,9,189361603
2022,6,189361607
2022,9,189367087
2022,6,189381131
2022,1,189456402
2022,6,189456403
2022,9,189456404
2022,9,189456406
2022,9,189459678
2022,9,189459679
2022,9,189768648
2022,9,189768650
2022,9,189768651
2022,9,189768652
2022,9,189810862
2022,9,189810864
2022,9,191831937
2022,9,189823571
2022,9,189823573
2022,9,189823574
2022,6,189843023
2022,9,189843024
2022,9,189962721
2022,9,189962722
2022,6,189962727
2022,9,189962729
2022,9,190179990
2022,9,190041651
2022,9,190041666
2022,9,190041675
2022,6,190041690
2022,6,190044062
2022,9,190044070
2022,9,190044073
2022,9,190044074
2022,9,189111832
2022,9,190044081
2022,9,190044082
2022,9,190044084
2022,9,190044086
2022,9,190118770
2022,9,190118772
2022,9,190118779
2022,9,190122860
2022,9,190122861
2022,9,190122867
2022,6,190122868
2022,6,190122869
2022,9,190230680
2022,9,190230683
2022,9,190230684
2022,9,190230685
2022,6,190230687
2022,9,190233464
2022,6,190233469
2022,6,190233470
2022,9,190248457
2022,9,190248458
2022,9,190365244
2022,9,190365245
2022,9,190365251
2022,9,190403976
2022,9,191824981
2022,9,191824982
2022,9,190403980
2022,9,190403982
2022,9,190446663
2022,9,190446664
2022,9,190446666
2022,9,190446667
2022,9,190446668
2022,9,191824983
2022,10,195447014
2022,6,190449604
2022,9,190449607
2022,9,190533654
2022,9,190539486
2022,9,190539490
2022,9,190623887
2022,6,190623891
2022,9,190623894
2022,9,190674617
2022,6,190674620
2022,9,190678222
2022,6,190674622
2022,9,190674623
2022,9,190678226
2022,9,190728753
2022,9,190733178
2022,9,190728756
2022,6,190733181
2022,9,190859948
2022,9,190859950
2022,9,190859951
2022,9,190864181
2022,9,190959576
2022,9,190959578
2022,6,190959587
2022,9,190989621
2022,9,190989623
2022,6,190989625
2022,9,191010061
2022,6,191010064
2022,9,191010066
2022,6,191010067
2022,9,191012978
2022,6,191012980
2022,6,191012981
2022,9,191791470
2022,6,191012982
2022,9,191012983
2022,9,191012984
2022,9,191054047
2022,9,191054052
2022,9,191054058
2022,6,191054061
2022,9,191054062
2022,9,191054065
2022,9,191054067
2022,9,191054073
2022,9,191054074
2022,9,191054076
2022,9,191054082
2022,9,191265651
2022,9,191265662
2022,9,191265663
2022,9,191265665
2022,9,191265669
2022,9,191265670
2022,9,191265674
2022,9,191824985
2022,9,191265675
2022,6,191265676
2022,9,191352519
2022,9,191352521
2022,6,191352524
2022,9,191352525
2022,9,191352541
2022,9,191352550
2022,6,191352554
2022,6,191352557
2022,6,191352558
2022,6,191831938
2022,6,191791475
2022,9,191794434
2022,9,191824986
2022,6,191791476
2022,9,191791477
2022,6,191791478
2022,9,191791479
2022,9,191791480
2022,9,191791481
2022,9,191791484
2022,9,191791487
2022,9,191791488
2022,9,191794435
2022,9,191794447
2022,9,191794449
2022,6,191805239
2022,9,191805241
2022,9,191805246
2022,9,191824996
2022,9,191824997
2022,9,191825002
2022,9,191825005
2022,9,191848927
2022,9,191848928
2022,9,191848929
2022,9,191848930
2022,9,191848931
2022,6,191878877
2022,6,191878878
2022,9,191878880
2022,9,191878881
2022,9,191881031
2022,9,191881035
2022,9,191881038
2022,9,191957844
2022,9,191957847
2022,6,192017719
2022,9,192059366
2022,9,192059368
2022,9,192059372
2022,9,192059373
2022,6,190859962
2022,9,192059374
2022,6,192069940
2022,6,192069941
2022,9,192069942
2022,9,190959589
2022,9,192085900
2022,9,192069946
2022,6,192085906
2022,9,192085908
2022,6,192085910
2022,9,192087762
2022,9,192087765
2022,9,192087768
2022,9,192150282
2022,9,192150284
2022,6,192150286
2022,9,192150287
2022,9,192150288
2022,9,192150289
2022,9,192150291
2022,9,192161072
2022,9,192196099
2022,9,192196102
2022,9,192196105
2022,6,192196106
2022,6,192196107
2022,9,194332286
2022,9,192409852
2022,9,192409856
2022,9,192425957
2022,9,192458492
2022,6,192458503
2022,9,192458504
2022,9,192458510
2022,9,192554767
2022,6,192554778
2022,9,192554785
2022,9,192597634
2022,9,192554793
2022,9,194332287
2022,9,192597636
2022,9,192597637
2022,9,192597639
2022,6,192754271
2022,6,192754272
2022,9,192754273
2022,6,192754277
2022,6,192754278
2022,9,192754279
2022,9,192754280
2022,6,194332293
2022,6,194332298
2022,6,194332299
2022,9,194332300
2022,9,194332301
2022,9,194332304
2022,9,194332305
2022,9,194332309
2022,9,194332310
2022,9,194332311
2022,9,194332314
2022,9,194332322
2022,9,194332327
2022,9,194332331
2022,6,194332336
2022,6,194332337
2022,6,194332338
2022,9,194332342
2022,9,194332348
2022,9,194332353
2022,9,194332354
2022,9,197683464
2022,9,194332357
2022,9,194332358
2022,9,194332363
2022,9,194332364
2022,9,194332366
2022,9,194332368
2022,6,194332371
2022,6,194332372
2022,9,194332377
2022,9,194332378
2022,9,194332380
2022,9,194332391
2022,9,194332395
2022,9,194332396
2022,9,194332401
2022,9,194332414
2022,9,194332420
2022,6,194752854
2022,6,194332423
2022,6,194332424
2022,6,194332426
2022,9,194332427
2022,9,194332428
2022,6,194332432
2022,6,194332433
2022,6,194332434
2022,6,194332435
2022,6,194332436
2022,9,194332437
2022,6,194332438
2022,6,194332439
2022,9,194332441
2022,9,194332442
2022,9,194332444
2022,9,194332445
2022,6,194332446
2022,6,194332447
2022,9,194332450
2022,9,194332455
2022,9,194332460
2022,9,194332463
2022,9,194332465
2022,9,194332467
2022,9,194332468
2022,9,194332470
2022,9,194332473
2022,6,194332475
2022,9,194756617
2022,9,194332491
2022,9,194332494
2022,9,194332498
2022,9,194332500
2022,9,194332502
2022,9,194332505
2022,9,194332508
2022,6,194332509
2022,6,194332510
2022,9,194332514
2022,9,194332515
2022,9,194332516
2022,9,194332518
2022,6,194332519
2022,9,194332521
2022,6,194332523
2022,9,194332524
2022,9,194332526
2022,9,194332532
2022,9,194332538
2022,9,194332540
2022,9,194332542
2022,9,194332547
2022,9,194332555
2022,9,194332556
2022,9,194332558
2022,6,194332562
2022,9,194332563
2022,9,194332564
2022,9,194332565
2022,9,194332572
2022,9,194332573
2022,9,194332576
2022,6,194332577
2022,9,194332580
2022,9,194332584
2022,9,194332588
2022,9,194332589
2022,9,194332594
2022,9,194332596
2022,9,194332597
2022,9,194332600
2022,9,194332605
2022,9,194332609
2022,6,194332614
2022,9,194332615
2022,9,194332622
2022,9,194332623
2022,9,194332624
2022,9,194332625
2022,9,194332628
2022,9,194332636
2022,9,194332646
2022,9,194332647
2022,9,195623913
2022,6,194332659
2022,6,194332660
2022,6,194332673
2022,9,194752857
2022,9,194756619
2022,9,194756634
2022,9,196722032
2022,9,195132609
2022,9,195150102
2022,9,195150104
2022,9,195150106
2022,9,195199810
2022,9,195218765
2022,9,195218766
2022,9,195218769
2022,9,195264489
2022,9,195264494
2022,6,195264496
2022,6,195279090
2022,9,195279094
2022,9,195279096
2022,9,195333917
2022,6,195333918
2022,9,195333919
2022,9,195343327
2022,9,195343329
2022,9,195343331
2022,9,195343333
2022,9,195343334
2022,9,195343335
2022,9,195343338
2022,6,195343340
2022,6,195343341
2022,9,195350809
2022,9,195350810
2022,9,195424314
2022,6,195424318
2022,9,195424319
2022,9,195424323
2022,9,195424325
2022,9,195424327
2022,6,195447016
2022,9,195447017
2022,9,195452839
2022,6,195452844
2022,9,196412379
2022,9,195452845
2022,9,195522697
2022,9,195623921
2022,6,195623926
2022,9,196412380
2022,6,195279100
2022,6,196412381
2022,6,196412382
2022,9,195878999
2022,9,195879000
2022,9,195881583
2022,9,195881590
2022,9,195881593
2022,6,195881594
2022,9,195881595
2022,9,195943773
2022,9,195964808
2022,9,196412383
2022,9,196412384
2022,9,195964809
2022,9,195964810
2022,9,195964811
2022,9,195964814
2022,9,195964815
2022,9,196074018
2022,9,196074024
2022,9,196074027
2022,9,196142542
2022,9,196168053
2022,9,197348636
2022,9,196168060
2022,6,196176904
2022,9,196176908
2022,6,196176914
2022,6,196399156
2022,6,196399158
2022,6,196399159
2022,6,196412385
2022,9,196412387
2022,9,196412391
2022,3,177520829
2022,6,181322931
2022,6,178053501
2022,6,178053502
2022,6,178490340
2022,5,183450887
2022,4,187980988
2022,3,199569155
2022,8,200160000
2022,6,180253864
2022,1,192017729
2022,6,192017730
2022,6,194333248
2022,1,194333259
2022,1,196412393
2022,6,196784740
2022,3,178289005
2022,9,178289006
2022,9,178289008
2022,6,180075610
2022,6,181528289
2022,9,181530266
2022,9,184244210
2022,2,184337461
2022,9,185143505
2022,2,187378019
2022,3,190122882
2022,2,190533661
2022,6,194337263
2022,9,199439637
2022,9,178294928
2022,6,178397335
2022,9,175914772
2022,6,177135793
2022,6,177135794
2022,6,177135795
2022,6,177135796
2022,8,178215583
2022,8,182655315
2022,6,176287886
2022,9,176709539
2022,9,176709540
2022,6,176709541
2022,9,181460050
2022,9,179933811
2022,6,182655316
2022,6,182655317
2022,6,179835799
2022,6,179835800
2022,9,176709546
2022,6,179561098
2022,9,176709547
2022,9,180180486
2022,6,177400541
2022,6,177400542
2022,9,177407037
2022,9,177235155
2022,6,177102492
2022,9,177068829
2022,9,177188876
2022,6,177188877
2022,9,177235156
2022,9,177118986
2022,9,177118989
2022,9,177400543
2022,9,177102493
2022,6,177258154
2022,6,177258155
2022,6,181294004
2022,6,178200094
2022,6,178289010
2022,6,178289011
2022,9,177522333
2022,9,199439638
2022,9,179104714
2022,9,178326018
2022,9,179019530
2022,9,182655325
2022,9,189298101
2022,9,177553970
2022,6,178237079
2022,9,178237080
2022,8,178397336
2022,6,178938305
2022,6,178938306
2022,9,178215596
2022,9,178215597
2022,9,180075615
2022,9,178397337
2022,6,178068443
2022,9,178237088
2022,9,178237090
2022,8,178237091
2022,9,182655331
2022,6,181440181
2022,6,181440182
2022,9,178294940
2022,1,178372158
2022,9,178326022
2022,1,182655333
2022,1,187814631
2022,9,178354285
2022,9,178397343
2022,9,182655337
2022,9,178504695
2022,9,178809306
2022,6,180383246
2022,9,178878711
2022,9,178938311
2022,9,194337423
2022,3,194337424
2022,1,185551358
2022,6,181294006
2022,6,181294007
2022,9,182655342
2022,9,179025492
2022,6,189298139
2022,9,182938820
2022,9,179238632
2022,9,179383069
2022,9,194337425
2022,9,179383072
2022,9,179559733
2022,6,180949188
2022,6,188760262
2022,6,188760263
2022,8,181319547
2022,9,181286943
2022,6,181294008
2022,6,181294009
2022,6,180180498
2022,6,180180499
2022,6,180180500
2022,9,180180502
2022,6,181748961
2022,6,181764590
2022,1,182982853
2022,1,180483268
2022,6,182655357
2022,6,181534334
2022,9,181286947
2022,9,180573853
2022,9,180573856
2022,9,181387890
2022,9,181482939
2022,9,181494687
2022,9,181494688
2022,9,181522657
2022,6,182655369
2022,9,182655370
2022,9,182655371
2022,9,182912500
2022,9,181449886
2022,9,184129665
2022,9,181664372
2022,9,182982857
2022,9,182655395
2022,9,181475504
2022,9,182655397
2022,9,182982859
2022,6,200138531
2022,6,200138532
2022,6,182764782
2022,9,181522664
2022,6,194337428
2022,9,181764596
2022,1,183387714
2022,9,191001100
2022,6,191001101
2022,9,182655410
2022,9,181664378
2022,9,182982862
2022,9,182655412
2022,9,181664380
2022,9,182655414
2022,9,181664381
2022,9,181664385
2022,9,181764600
2022,6,194337433
2022,9,182655430
2022,6,182655431
2022,8,182655438
2022,9,182655443
2022,6,182655449
2022,6,182655450
2022,9,183895893
2022,8,183895894
2022,9,182764783
2022,9,189197205
2022,9,182655460
2022,6,182655462
2022,6,182655467
2022,9,182655468
2022,8,194337438
2022,6,183711009
2022,6,182655477
2022,6,182655478
2022,9,182655480
2022,9,182655481
2022,8,182901817
2022,9,182655487
2022,9,182780579
2022,9,183218030
2022,6,182655499
2022,6,182655500
2022,9,182655508
2022,8,183383095
2022,1,194337439
2022,9,182655510
2022,6,182655512
2022,6,182655513
2022,9,197919409
2022,3,192441963
2022,3,192441964
2022,6,184234483
2022,9,182655517
2022,9,182655519
2022,6,182780584
2022,6,182780585
2022,8,182780586
2022,9,182656060
2022,6,182655525
2022,6,182655526
2022,6,182655527
2022,9,182655531
2022,9,187388465
2022,8,187388466
2022,6,182655538
2022,6,182655539
2022,6,183218033
2022,9,182655540
2022,9,183461183
2022,9,182655543
2022,9,182656061
2022,8,182656062
2022,9,182988531
2022,1,194337441
2022,9,182795523
2022,9,182880621
2022,9,182708815
2022,9,182938831
2022,6,183073840
2022,6,183073841
2022,9,182794642
2022,6,183218036
2022,6,183218037
2022,6,186110671
2022,6,186110672
2022,9,182988537
2022,6,192458527
2022,6,192458528
2022,9,183928229
2022,6,201264561
2022,6,201264562
2022,9,182905804
2022,1,185551360
2022,6,185551361
2022,6,185551362
2022,9,183387720
2022,9,183669666
2022,9,183073842
2022,6,183158850
2022,6,183158851
2022,9,187128905
2022,9,183387722
2022,9,183741361
2022,9,183461190
2022,6,183928230
2022,9,185713696
2022,9,187724411
2022,6,194337452
2022,6,194337453
2022,1,194337454
2022,9,189350256
2022,9,197247161
2022,9,183992571
2022,9,194337456
2022,5,194337457
2022,9,184129666
2022,9,184129667
2022,9,184129668
2022,6,184129669
2022,9,183944711
2022,6,184082750
2022,9,187360313
2022,6,187360314
2022,9,184342933
2022,6,184082751
2022,6,184082752
2022,1,187635432
2022,6,187814634
2022,6,187814635
2022,9,184280513
2022,6,184172643
2022,6,184172644
2022,9,184088483
2022,9,188677918
2022,8,188677919
2022,8,188677920
2022,9,184474257
2022,9,184234489
2022,9,184353380
2022,8,184353381
2022,9,196958636
2022,6,184417122
2022,9,195987934
2022,6,195987935
2022,9,184255967
2022,9,187505520
2022,9,195987936
2022,6,184342937
2022,6,184342938
2022,6,184342939
2022,9,185206034
2022,6,188890937
2022,6,188890938
2022,6,188890939
2022,1,187724415
2022,9,194337461
2022,6,194337462
2022,9,184417127
2022,3,185659568
2022,9,185896503
2022,9,184600798
2022,9,184947274
2022,8,195429620
2022,8,195429621
2022,8,195429622
2022,9,184838593
2022,6,185134003
2022,9,190544275
2022,9,188013721
2022,6,185704761
2022,6,185704762
2022,9,185198467
2022,9,185169947
2022,9,185198469
2022,9,185198472
2022,6,185659579
2022,3,196709064
2022,6,187814638
2022,9,185444944
2022,6,185820657
2022,6,185820658
2022,6,185820660
2022,6,185820661
2022,6,188910205
2022,9,191412397
2022,9,185820662
2022,9,187041251
2022,9,185551365
2022,9,185517487
2022,9,185835904
2022,9,190044088
2022,1,186884572
2022,9,194337466
2022,8,194337468
2022,9,187360318
2022,9,186237608
2022,9,186237609
2022,9,199439642
2022,9,185928551
2022,8,185839039
2022,6,185896506
2022,8,186041289
2022,9,186299054
2022,6,187505522
2022,6,189464292
2022,8,187352327
2022,9,189971968
2022,6,187340135
2022,9,187352328
2022,9,189000937
2022,6,186704482
2022,9,187016537
2022,6,187309613
2022,9,194337473
2022,6,194339466
2022,9,187635436
2022,9,187635437
2022,6,188013724
2022,1,188013725
2022,6,188013726
2022,9,187417985
2022,6,187340140
2022,9,187340142
2022,6,187340143
2022,9,188104127
2022,9,187311049
2022,9,187513464
2022,6,187724422
2022,6,187724423
2022,9,194337477
2022,9,187360329
2022,9,190544277
2022,9,187858930
2022,9,190248459
2022,6,187898323
2022,6,187898324
2022,6,187898325
2022,9,187635443
2022,6,187763814
2022,6,187763815
2022,9,188519718
2022,6,188817397
2022,6,188817398
2022,6,188817399
2022,2,194337480
2022,9,187913067
2022,9,187763822
2022,9,187989246
2022,9,189197212
2022,6,189197214
2022,9,188038619
2022,9,191111902
2022,9,189367089
2022,6,189367090
2022,9,188038621
2022,9,188129239
2022,8,197491589
2022,8,197491590
2022,6,189815515
2022,9,188511494
2022,9,188129245
2022,6,195447030
2022,9,188655343
2022,9,189000938
2022,9,194337483
2022,9,188677930
2022,8,188760271
2022,6,194337484
2022,6,194337485
2022,9,195466676
2022,6,189161500
2022,6,189161501
2022,9,189265577
2022,9,189371769
2022,6,188817409
2022,6,188817410
2022,9,200994826
2022,2,188890950
2022,9,189371770
2022,9,190048694
2022,6,190048695
2022,6,190048696
2022,6,199972492
2022,6,189197218
2022,9,189060916
2022,6,189060918
2022,9,189060919
2022,9,189298165
2022,9,192161074
2022,6,192161075
2022,6,189161507
2022,6,189161508
2022,9,191859107
2022,9,190248461
2022,9,195116008
2022,6,189432320
2022,6,189432321
2022,9,194337496
2022,6,194337498
2022,6,194337499
2022,6,194337500
2022,9,197919411
2022,9,189971977
2022,9,189371777
2022,6,189990859
2022,9,194337503
2022,6,191881040
2022,9,197206440
2022,9,189962736
2022,6,189993414
2022,6,194337510
2022,6,189971985
2022,6,189971986
2022,9,194337512
2022,6,190180001
2022,6,189990861
2022,1,201608383
2022,9,189815518
2022,9,200829813
2022,9,194337516
2022,1,191412410
2022,6,194337519
2022,6,194337520
2022,9,190408774
2022,9,190745432
2022,9,194337521
2022,8,194337523
2022,9,190129705
2022,8,190254978
2022,6,190254980
2022,1,194337525
2022,9,194337526
2022,6,194337527
2022,6,190544290
2022,6,190544291
2022,9,190453951
2022,9,192441966
2022,9,190777974
2022,9,190544297
2022,9,190581156
2022,6,191807245
2022,9,191015697
2022,1,191859113
2022,9,191886808
2022,6,191659919
2022,6,191659920
2022,6,190777976
2022,9,191001111
2022,9,190869382
2022,6,190869383
2022,9,191835944
2022,9,191001114
2022,9,192161076
2022,9,192161077
2022,9,194337538
2022,6,194337539
2022,9,194337540
2022,1,194337542
2022,9,191807247
2022,9,192150308
2022,6,191015701
2022,6,191015702
2022,6,191835947
2022,9,192796836
2022,9,191111916
2022,9,191134999
2022,9,191130203
2022,6,191412418
2022,6,191412419
2022,9,191835949
2022,9,194337546
2022,9,192343766
2022,6,191835953
2022,9,194337548
2022,6,191859120
2022,9,192096158
2022,6,192021725
2022,6,191859126
2022,6,191859127
2022,6,191872305
2022,6,191872306
2022,9,191872307
2022,6,198129430
2022,9,191875256
2022,6,192021729
2022,9,194337557
2022,6,198129431
2022,6,198129432
2022,9,194337561
2022,9,197066796
2022,6,194337564
2022,6,194337565
2022,6,192510641
2022,6,192510642
2022,9,196159429
2022,9,192343780
2022,9,197006592
2022,6,194337572
2022,6,197491593
2022,9,197491594
2022,9,194337577
2022,8,194337578
2022,8,194337579
2022,1,194337591
2022,6,194337596
2022,9,194337597
2022,9,194337598
2022,9,194337599
2022,9,194337602
2022,9,194337605
2022,9,196823048
2022,6,196823049
2022,6,194337608
2022,6,194337609
2022,6,194337610
2022,6,194337615
2022,6,194337616
2022,9,194337619
2022,9,199972493
2022,6,194337625
2022,6,194337626
2022,9,194337629
2022,9,196938668
2022,6,194337632
2022,6,194337633
2022,9,194337638
2022,9,197293609
2022,9,194337646
2022,9,194337647
2022,6,194337654
2022,1,194337656
2022,6,194337662
2022,6,194337663
2022,9,194337667
2022,9,194337671
2022,6,194337672
2022,9,194337674
2022,9,194337676
2022,6,194337679
2022,6,194337680
2022,9,194337681
2022,8,194337682
2022,9,194337686
2022,9,194337691
2022,9,194337697
2022,6,194337699
2022,6,194337700
2022,9,195136770
2022,8,195136771
2022,2,194337711
2022,9,194337713
2022,6,194337716
2022,6,194337717
2022,9,196938669
2022,9,194337734
2022,6,194337735
2022,9,194337751
2022,9,194337753
2022,6,195284147
2022,6,195284148
2022,9,194339467
2022,6,195136773
2022,9,194337756
2022,9,194756635
2022,9,194337763
2022,6,194337772
2022,6,194337773
2022,9,194337774
2022,9,198358585
2022,9,194337777
2022,6,196823052
2022,6,197006593
2022,6,194337780
2022,6,194337781
2022,6,194337782
2022,9,194337783
2022,9,197716520
2022,6,195116020
2022,9,199880950
2022,6,195116026
2022,9,199582748
2022,9,194720294
2022,9,194742084
2022,6,195284155
2022,9,195429629
2022,9,194744861
2022,9,196806404
2022,9,195116031
2022,6,195136778
2022,9,195429631
2022,9,200562981
2022,8,200562982
2022,6,195235323
2022,9,199699147
2022,9,198129437
2022,6,201892756
2022,1,199155102
2022,9,195764699
2022,9,195764700
2022,6,195764701
2022,9,196159434
2022,6,195369764
2022,6,195638967
2022,6,180121041
2022,6,180121042
2022,9,182945126
2022,2,182886096
2022,6,182901829
2022,9,184241490
2022,8,184241496
2022,8,187631432
2022,8,189361609
2022,3,189361611
2022,6,189267314
2022,6,190771515
2022,8,194338045
2022,8,195447035
2022,6,195764703
2022,9,176606426
2022,9,176606427
2022,9,176606432
2022,9,177518550
2022,9,177518551
2022,9,177599993
2022,9,179239154
2022,9,179590367
2022,9,180483277
2022,9,181530271
2022,9,181530272
2022,9,181426842
2022,9,181530278
2022,6,181475506
2022,9,182655781
2022,9,182655782
2022,9,186908717
2022,9,184128388
2022,9,184128390
2022,9,186154242
2022,9,186377821
2022,9,186377841
2022,9,186377853
2022,6,186908720
2022,9,186377868
2022,9,186377904
2022,9,186110676
2022,9,186908722
2022,9,186909177
2022,9,187128912
2022,9,187217397
2022,9,187388470
2022,9,188007426
2022,9,188007427
2022,9,188007428
2022,9,188007431
2022,9,189249878
2022,9,189246269
2022,9,189246272
2022,9,188908769
2022,9,189246274
2022,9,189246275
2022,9,189991939
2022,9,189991940
2022,9,191805247
2022,9,191805254
2022,9,194338593
2022,9,194338594
2022,9,194338595
2022,9,194338602
2022,9,194611015
2022,6,183907288
2022,6,183907418
2022,6,183907426
2022,3,183907430
2022,3,183907435
2022,6,183907436
2022,6,183907437
2022,3,183907465
2022,6,183907468
2022,3,183907479
2022,3,183907481
2022,3,200609236
2022,6,183907493
2022,6,183907505
2022,6,183907506
2022,6,183907512
2022,6,183907515
2022,6,183907519
2022,6,183907525
2022,3,183907548
2022,6,183907565
2022,2,183907584
2022,6,187417988
2022,6,184126995
2022,6,184289200
2022,6,184822159
2022,6,184822165
2022,3,185631733
2022,6,185783877
2022,6,185783886
2022,6,186165419
2022,6,186165421
2022,6,186378114
2022,6,187337279
2022,6,188046614
2022,6,189282134
2022,2,188096136
2022,6,188046619
2022,1,188046622
2022,2,189361613
2022,2,189282169
2022,8,189282174
2022,8,189425862
2022,6,190118784
2022,6,191010075
2022,6,191825015
2022,6,197138239
2022,6,200609244
2022,6,200620371
2022,6,200620372
2022,6,194332933
2022,6,195114698
2022,3,200620374
2022,6,195881600
2022,6,184484417
2022,6,184484418
2022,6,184484419
2022,6,184474238
2022,6,184625189
2022,6,184625190
2022,6,184811143
2022,6,184811147
2022,6,184811149
2022,6,184811150
2022,6,184811155
2022,6,184811156
2022,6,184811157
2022,6,184817413
2022,6,184832864
2022,6,184832876
2022,6,184869421
2022,6,184942765
2022,6,184942766
2022,8,184971609
2022,6,184971610
2022,6,184971611
2022,6,187013289
2022,6,187013293
2022,6,187013299
2022,6,187013300
2022,6,187220979
2022,6,187220980
2022,6,188827133
2022,6,188827134
2022,6,188823685
2022,6,188823686
2022,6,188823687
2022,6,188827152
2022,6,188827158
2022,6,188827159
2022,3,190628293
2022,6,190628293
2022,3,190628294
2022,6,190628294
2022,2,191848936
2022,6,194332818
2022,6,195890352
2022,3,195890362
2022,6,195890362
2022,3,195890363
2022,6,195890363
2022,6,183907704
2022,2,183907705
2022,6,183907737
2022,3,183907739
2022,6,183907739
2022,6,183907743
2022,6,183907748
2022,6,183907758
2022,6,183907765
2022,6,184127016
2022,6,184168834
2022,6,184168836
2022,6,184241504
2022,14,184241505
2022,6,184241507
2022,6,184244215
2022,6,185487890
2022,6,186693616
2022,6,187220984
2022,6,187220986
2022,6,187220988
2022,6,187220991
2022,6,187220996
2022,6,187220998
2022,6,187337282
2022,6,195132613
2022,6,188010164
2022,6,188010165
2022,6,188010166
2022,6,188010170
2022,6,188010171
2022,6,188010172
2022,2,188511497
2022,6,188511498
2022,6,189342324
2022,6,189342325
2022,6,189361619
2022,6,189361620
2022,6,189361627
2022,8,189361628
2022,6,189381135
2022,6,190365272
2022,6,191831947
2022,6,191831948
2022,6,192279831
2022,1,192554808
2022,6,194333769
2022,6,194333773
2022,6,195150110
2022,6,195150111
2022,6,194333775
2022,6,194333780
2022,6,194333787
2022,6,194333790
2022,6,194333792
2022,6,194333794
2022,6,194333796
2022,6,194333797
2022,6,194333798
2022,3,194333801
2022,6,194333802
2022,6,194333804
2022,6,194333817
2022,6,194333818
2022,6,201004709
2022,6,201004710
2022,6,194333825
2022,6,194333830
2022,3,194333832
2022,6,194333841
2022,6,194333848
2022,6,195080975
2022,6,195132616
2022,6,195132617
2022,6,195150112
2022,1,195157931
2022,1,195157932
2022,3,195157932
2022,6,195333929
2022,6,196689275
2022,3,196822988
2022,6,196689277
2022,3,196938615
2022,6,196938617
2022,6,196945858
2022,6,197437612
2022,6,197437613
2022,6,197221931
2022,6,183907821
2022,6,183907839
2022,6,183907862
2022,6,183907864
2022,8,183907864
2022,6,183907874
2022,7,183907891
2022,6,183907892
2022,6,183907900
2022,6,183907908
2022,12,183907913
2022,6,184087443
2022,6,187279785
2022,6,187309529
2022,6,188422502
2022,6,188519730
2022,1,188816859
2022,1,189848053
2022,6,189992814
2022,6,190235681
2022,1,192796844
2022,6,194318808
2022,12,194318809
2022,6,188823689
2022,6,190701677
2022,6,177189344
2022,6,176704669
2022,6,182643775
2022,6,184044457
2022,6,195173319
2022,2,190180009
2022,2,194317140
2022,6,194317146
2022,6,187352335
2022,6,178659959
2022,6,179994816
2022,8,187355930
2022,6,180883539
2022,6,181517282
2022,8,182932141
2022,8,182932144
2022,8,185713698
2022,6,182800721
2022,6,183209687
2022,6,184410293
2022,6,183693296
2022,8,183693297
2022,6,183693298
2022,6,183693299
2022,6,187355933
2022,6,194324023
2022,6,189313991
2022,6,184289064
2022,6,185631751
2022,6,185631752
2022,6,194324024
2022,6,185896512
2022,12,187639090
2022,6,187417990
2022,6,187417991
2022,6,187337286
2022,6,187639095
2022,6,187639096
2022,6,188007440
2022,3,187866951
2022,6,187866953
2022,6,187866955
2022,6,188027473
2022,6,188511504
2022,6,189054710
2022,6,189054711
2022,8,190674630
2022,6,188895734
2022,6,189313995
2022,8,190728762
2022,6,189089846
2022,8,190623905
2022,8,190623907
2022,8,190728763
2022,6,190180012
2022,6,190230692
2022,6,190230693
2022,6,190245374
2022,6,190245375
2022,6,190417401
2022,6,190600859
2022,6,191957861
2022,6,191957862
2022,8,191846183
2022,8,191846184
2022,6,194324051
2022,6,194324052
2022,6,192813936
2022,6,194324070
2022,6,194324074
2022,12,194324083
2022,6,194324086
2022,6,194324091
2022,6,194324092
2022,8,195424335
2022,6,178022603
2022,6,178022604
2022,3,178022605
2022,1,177648135
2022,6,195424350
2022,6,178022607
2022,6,178490349
2022,8,180383263
2022,8,180383264
2022,6,182651819
2022,6,182651840
2022,1,182982621
2022,1,182982623
2022,6,184244216
2022,6,184168839
2022,8,184289174
2022,6,186041304
2022,6,187378046
2022,6,187645238
2022,6,187645239
2022,6,187981000
2022,6,189111838
2022,6,189282184
2022,8,189314000
2022,6,189314001
2022,6,190561711
2022,6,191010086
2022,6,191825019
2022,2,194331486
2022,2,195132621
2022,6,178957214
2022,6,178957215
2022,6,178957216
2022,6,181294017
2022,6,181294019
2022,6,181294020
2022,6,181294022
2022,6,184600358
2022,6,184600359
2022,2,186699333
2022,6,186699339
2022,2,189263051
2022,6,191834705
2022,2,191834706
2022,2,191834715
2022,6,194337264
2022,2,194337276
2022,6,194337279
2022,9,176705050
2022,9,176771657
2022,6,177115987
2022,6,177325221
2022,6,177325222
2022,9,177599998
2022,6,178289018
2022,9,178297141
2022,1,179019548
2022,6,179204559
2022,6,179204560
2022,6,179378939
2022,8,179590382
2022,9,181422154
2022,9,181517288
2022,8,182655260
2022,8,182912486
2022,9,183954246
2022,9,183992575
2022,6,184365874
2022,6,184971621
2022,6,184971622
2022,6,187337301
2022,8,190714256
2022,8,191352570
2022,6,191825023
2022,9,192069953
2022,8,192754293
2022,8,194337339
2022,6,195129543
2022,6,195174134
2022,6,196168504
2022,2,181277339
2022,3,181277339
2022,6,181277339
2022,6,181277340
2022,6,181294023
2022,8,182646109
2022,3,183382384
2022,6,184108394
2022,6,184108395
2022,8,184108395
2022,6,184108397
2022,6,184108398
2022,8,184108398
2022,6,185728745
2022,6,185728746
2022,3,190446694
2022,6,198419170
2022,6,181758009
2022,6,181758010
2022,8,183893053
2022,2,197221940
2022,9,176044025
2022,9,177115996
2022,9,179325464
2022,9,177552790
2022,9,179101546
2022,9,181441112
2022,9,181441115
2022,9,181441116
2022,9,181476574
2022,9,181476576
2022,9,182647003
2022,9,182647007
2022,9,182647008
2022,9,182857529
2022,9,182857530
2022,9,183693300
2022,9,183693302
2022,9,184625219
2022,9,185372261
2022,9,185666968
2022,9,185666972
2022,9,186378536
2022,9,186378618
2022,9,186622143
2022,9,186622145
2022,9,187417996
2022,9,188823693
2022,9,188823695
2022,9,188823697
2022,9,189459681
2022,9,189314003
2022,9,190561712
2022,9,190561713
2022,9,194323961
2022,9,194752882
2022,9,194756646
2022,9,195964822
2022,9,195964825
2022,9,196686562
2022,6,180059078
2022,6,182647482
2022,6,184625227
2022,6,188514445
2022,9,188514447
2022,9,188514448
2022,6,190041812
2022,6,198597409
2022,2,179544747
2022,6,179544775
2022,3,179544781
2022,6,181460065
2022,2,182651542
2022,6,184822174
2022,6,185429914
2022,6,189823580
2022,3,190180021
2022,6,190180022
2022,6,190692044
2022,3,194331225
2022,1,176545676
2022,6,179186175
2022,1,181433117
2022,8,181453648
2022,6,181528298
2022,1,181530289
2022,1,181530291
2022,6,182654438
2022,6,182654441
2022,1,184942780
2022,6,183971134
2022,6,184241513
2022,6,185429925
2022,6,185429926
2022,6,196822994
2022,6,196822995
2022,6,196822996
2022,1,189423338
2022,6,189423339
2022,6,189423340
2022,1,189429284
2022,1,190041847
2022,2,190600875
2022,1,190600877
2022,6,191957875
2022,1,195218783
2022,8,177235158
2022,1,184108402
2022,8,185167211
2022,8,186699345
2022,8,194334638
2022,6,195129552
2022,6,195129554
2022,6,177532762
2022,8,176954674
2022,8,177532763
2022,8,181477984
2022,6,181477985
2022,8,182655015
2022,6,182699106
2022,6,189361630
2022,6,196689444
2022,6,183072908
2022,2,183072909
2022,7,183072909
2022,14,187633930
2022,6,190127553
2022,6,199307064
2022,6,192611349
2022,6,194317012
2022,6,196491300
2022,9,199925042
2022,9,182644182
2022,8,182644183
2022,9,191825025
2022,1,182644190
2022,3,199776632
2022,3,182644207
2022,6,182644210
2022,6,182644215
2022,6,182644221
2022,6,182644230
2022,9,182644231
2022,6,182644234
2022,4,199925046
2022,6,182644236
2022,6,182764087
2022,6,182644237
2022,8,182644238
2022,6,198983365
2022,6,183450364
2022,9,185728748
2022,9,185728752
2022,6,187631442
2022,6,199776641
2022,8,189099686
2022,2,199955138
2022,8,199856436
2022,6,199856439
2022,8,190714258
2022,9,191881056
2022,4,199307077
2022,8,199925051
2022,9,199240127
2022,9,194319233
2022,3,194319235
2022,3,195279160
2022,9,194319266
2022,1,194319267
2022,2,190417411
2022,8,190417412
2022,6,190417422
2022,8,190417448
2022,6,190417457
2022,6,190417473
2022,6,190417476
2022,6,190417481
2022,6,190417483
2022,6,190417486
2022,6,190417501
2022,3,190417534
2022,3,190417564
2022,2,190417565
2022,6,190417568
2022,6,190417592
2022,6,190417602
2022,1,190417614
2022,2,190417619
2022,2,190417631
2022,6,190417646
2022,2,190417650
2022,6,190417674
2022,6,190417681
2022,6,190417684
2022,2,190417690
2022,6,190417697
2022,2,190417699
2022,2,190417718
2022,6,190417728
2022,6,190417737
2022,6,190417738
2022,8,190417758
2022,6,190417779
2022,2,190417811
2022,6,190417812
2022,2,190417815
2022,6,190417823
2022,6,190728765
2022,6,190859976
2022,6,191878910
2022,6,192279835
2022,6,192754296
2022,6,192813938
2022,8,194752887
2022,6,176214606
2022,9,176214607
2022,6,176011093
2022,6,176011094
2022,6,176163116
2022,1,176214612
2022,1,176214617
2022,1,176214618
2022,6,176214624
2022,6,176214625
2022,6,176872685
2022,6,176283395
2022,6,176283403
2022,6,176283404
2022,6,176283408
2022,6,176318160
2022,6,176872687
2022,1,176318180
2022,1,176872691
2022,1,176608065
2022,6,176608069
2022,6,176608073
2022,6,176608076
2022,1,176608077
2022,6,176608084
2022,3,176608090
2022,6,176608093
2022,6,176608094
2022,6,176771667
2022,6,176872694
2022,6,181277348
2022,6,176872707
2022,6,176872708
2022,1,176872711
2022,1,176872716
2022,6,176872718
2022,6,176954683
2022,6,176954686
2022,6,176954690
2022,6,177067833
2022,6,181442451
2022,6,177116003
2022,6,177116004
2022,1,177105328
2022,6,177105329
2022,6,177105331
2022,1,177105332
2022,3,177105338
2022,6,178372176
2022,6,178372177
2022,6,177116014
2022,1,177116017
2022,3,177116024
2022,6,177116025
2022,6,177116027
2022,6,177116043
2022,6,177116045
2022,6,177116046
2022,1,177117775
2022,1,177125652
2022,6,177125656
2022,6,177125657
2022,6,177125660
2022,6,177127315
2022,6,177183017
2022,8,178780853
2022,1,178780854
2022,1,177235182
2022,1,177282622
2022,1,178797796
2022,1,178780857
2022,1,177282625
2022,6,177325233
2022,6,177330099
2022,6,177330100
2022,6,181294025
2022,1,178797799
2022,6,177400557
2022,1,177400558
2022,1,177405111
2022,3,177511607
2022,1,177518593
2022,3,177532773
2022,6,177532775
2022,1,177534183
2022,6,177534188
2022,1,178391617
2022,6,178391620
2022,6,178411344
2022,8,179186185
2022,6,178490360
2022,1,178490364
2022,1,178490372
2022,6,178490374
2022,3,178490375
2022,6,178780858
2022,6,180024507
2022,6,179186186
2022,6,178858741
2022,1,178955994
2022,3,178957225
2022,6,178957231
2022,1,178957234
2022,1,178957246
2022,1,178957248
2022,1,178957250
2022,6,178976158
2022,6,178976167
2022,3,179022099
2022,1,179022100
2022,1,180075634
2022,1,179101552
2022,6,179022110
2022,3,179095781
2022,3,179095782
2022,1,179101588
2022,6,179101594
2022,6,181442452
2022,6,179101601
2022,6,181442453
2022,1,179181371
2022,6,179181372
2022,1,179181376
2022,1,179181378
2022,6,181442454
2022,6,179186196
2022,3,179325469
2022,6,179325470
2022,3,179325473
2022,6,179325474
2022,6,179325475
2022,3,179378959
2022,6,179325490
2022,6,179378961
2022,6,179378962
2022,6,179378970
2022,6,179378971
2022,6,179379000
2022,6,179379018
2022,1,179379029
2022,6,179381399
2022,3,179381403
2022,6,179381413
2022,6,179427082
2022,6,179427089
2022,6,179427091
2022,6,179427096
2022,6,179427097
2022,6,179496430
2022,6,179496431
2022,6,179496433
2022,1,179496436
2022,6,181442458
2022,6,181442459
2022,6,181442460
2022,6,186679120
2022,6,179496456
2022,6,180883570
2022,3,179496482
2022,6,179500828
2022,6,182644981
2022,6,181736828
2022,1,179590417
2022,3,179590423
2022,6,179590428
2022,1,179590430
2022,1,179590432
2022,3,179958223
2022,6,179958226
2022,8,179958235
2022,8,179958237
2022,6,179958245
2022,6,179958246
2022,8,179994947
2022,6,179994994
2022,1,179995069
2022,6,179995073
2022,6,179995084
2022,1,181294032
2022,14,180059089
2022,6,180059101
2022,6,180059102
2022,6,180059103
2022,6,180128411
2022,6,180128412
2022,6,182644984
2022,6,180128422
2022,3,180253906
2022,6,180253907
2022,6,182644985
2022,6,180253919
2022,3,180253922
2022,6,180253932
2022,6,182644986
2022,1,180883571
2022,6,181277355
2022,1,181294057
2022,6,181294060
2022,6,181294061
2022,8,181316037
2022,6,181312639
2022,6,181312642
2022,1,181408336
2022,6,181419905
2022,1,181408346
2022,1,181442466
2022,1,181408350
2022,1,181419908
2022,1,181442468
2022,1,181419911
2022,6,181426868
2022,6,181433148
2022,1,181433159
2022,6,181442473
2022,3,181442478
2022,3,181442480
2022,1,181441129
2022,1,181453656
2022,6,181451753
2022,6,181477995
2022,6,181477997
2022,6,181476583
2022,1,181653358
2022,3,181478014
2022,6,181478015
2022,6,181481199
2022,8,181489740
2022,1,181513408
2022,6,181517296
2022,1,181489746
2022,3,202174083
2022,6,202174084
2022,1,181517303
2022,1,181517305
2022,6,182644994
2022,6,181528300
2022,6,181523371
2022,3,181528308
2022,1,182644995
2022,6,181523374
2022,1,181523378
2022,6,181528309
2022,6,181528313
2022,6,181528315
2022,1,181653359
2022,1,181653360
2022,1,181528328
2022,1,181528329
2022,6,182644996
2022,1,181653361
2022,6,181627023
2022,6,181627024
2022,6,181627028
2022,1,181627029
2022,6,181653369
2022,6,181736830
2022,3,181736838
2022,6,181758037
2022,3,181758038
2022,6,181758039
2022,1,181751232
2022,6,182901101
2022,6,182645007
2022,6,182645011
2022,1,182645013
2022,3,182645014
2022,6,182645021
2022,3,182645024
2022,3,182645029
2022,6,182645039
2022,6,182645045
2022,6,182901103
2022,6,182645064
2022,6,182645073
2022,9,182645074
2022,3,182645086
2022,1,182645142
2022,6,182645150
2022,6,182645151
2022,6,182645152
2022,6,182645157
2022,6,182645171
2022,6,182645174
2022,1,182645181
2022,6,182645185
2022,1,182645188
2022,6,182645203
2022,6,182645205
2022,6,182645206
2022,6,182645215
2022,6,182645248
2022,6,182645249
2022,6,182645272
2022,6,182645273
2022,6,182645281
2022,6,182645282
2022,6,182645283
2022,8,182645284
2022,8,182645290
2022,8,182645302
2022,3,182645310
2022,6,182645311
2022,6,182645329
2022,3,182645330
2022,6,182645350
2022,6,182645352
2022,6,182645373
2022,6,182645374
2022,6,182645397
2022,6,182645398
2022,1,182645400
2022,6,182645412
2022,6,182645413
2022,1,182698994
2022,3,182703191
2022,6,182703200
2022,8,182857308
2022,6,182857310
2022,3,183152870
2022,6,182800705
2022,6,182800709
2022,6,182857330
2022,1,182885998
2022,6,182886001
2022,6,182886003
2022,6,182901132
2022,6,202174085
2022,6,182932078
2022,6,182932082
2022,6,182932092
2022,6,182932093
2022,1,182932094
2022,6,182944865
2022,6,182981795
2022,6,182981804
2022,6,183117937
2022,1,183738274
2022,1,183117938
2022,6,183117939
2022,8,183117947
2022,6,183117948
2022,6,183117949
2022,1,183117954
2022,3,183209608
2022,6,183361529
2022,6,183361531
2022,6,183361532
2022,6,183382356
2022,6,183382357
2022,6,183382368
2022,6,183382377
2022,6,183410011
2022,1,183410012
2022,1,183738277
2022,1,183738278
2022,1,183738279
2022,6,183450412
2022,6,183450415
2022,1,183693318
2022,6,183693322
2022,3,183693324
2022,6,183705667
2022,6,183705668
2022,6,183693329
2022,6,183693330
2022,6,183842891
2022,1,183842896
2022,3,183896283
2022,3,183896284
2022,6,183896285
2022,8,183896287
2022,6,183896293
2022,6,183896298
2022,6,183896303
2022,3,183954275
2022,6,183954282
2022,1,183954289
2022,3,183954299
2022,6,183954300
2022,6,183954301
2022,6,183954307
2022,6,183967349
2022,6,184832916
2022,6,183967356
2022,6,183967357
2022,3,183967361
2022,6,183967364
2022,6,183967365
2022,6,183971145
2022,6,183988433
2022,6,183990463
2022,6,183990475
2022,6,183990476
2022,6,183990478
2022,6,183990479
2022,3,183990481
2022,8,183988445
2022,1,183992589
2022,3,183990492
2022,1,183990494
2022,6,183992592
2022,6,183992593
2022,3,184087672
2022,6,184087673
2022,6,184108423
2022,3,184108424
2022,6,184127032
2022,6,189823588
2022,6,184148085
2022,6,184148089
2022,6,184148090
2022,3,184148095
2022,6,184148096
2022,6,184148104
2022,6,184228568
2022,6,184228573
2022,6,184228574
2022,6,184289019
2022,6,184289020
2022,6,184289021
2022,6,184289022
2022,6,184337151
2022,6,184337152
2022,6,184337170
2022,1,184337181
2022,6,186309906
2022,6,184353182
2022,6,184353183
2022,6,184353190
2022,6,184353191
2022,8,184625312
2022,8,185673232
2022,6,202987041
2022,6,186309908
2022,8,184811192
2022,6,184811198
2022,6,184822187
2022,6,184942787
2022,6,184942829
2022,6,184971639
2022,6,184971643
2022,1,184971652
2022,1,185713714
2022,6,184971655
2022,6,186309911
2022,6,185126631
2022,6,185200633
2022,1,185283755
2022,6,185283759
2022,8,185202417
2022,6,186309912
2022,6,185429983
2022,6,185430000
2022,6,186309913
2022,6,185435887
2022,3,185435902
2022,6,185435903
2022,3,185631803
2022,6,185631804
2022,6,185667015
2022,6,185667016
2022,6,185667039
2022,8,185667054
2022,6,185673239
2022,6,185673251
2022,6,185713719
2022,6,185728755
2022,6,185728756
2022,6,185837900
2022,6,185838602
2022,3,185838604
2022,6,185838605
2022,6,185838607
2022,8,185838616
2022,6,185871988
2022,6,185896532
2022,6,185896539
2022,1,185896549
2022,8,186119616
2022,1,190180026
2022,3,186119627
2022,6,186119628
2022,6,186309951
2022,1,186334134
2022,1,186334136
2022,6,186334141
2022,6,186334142
2022,6,186380142
2022,1,186380471
2022,6,186622160
2022,1,186622173
2022,1,186679150
2022,1,186679167
2022,6,186684921
2022,6,186684925
2022,3,186679169
2022,3,186693648
2022,6,186693649
2022,6,186970564
2022,6,186970571
2022,6,186970572
2022,6,186970573
2022,6,186970579
2022,6,186970580
2022,1,186970581
2022,1,187013317
2022,1,187013320
2022,3,187013323
2022,6,187027554
2022,6,187027583
2022,6,187101873
2022,1,187101879
2022,6,187101883
2022,6,187101884
2022,6,187101885
2022,1,187217426
2022,3,187337311
2022,6,187337312
2022,6,187337313
2022,6,187352365
2022,1,187355971
2022,6,187378049
2022,6,187378062
2022,6,187378105
2022,6,187378106
2022,6,187741422
2022,1,187434173
2022,6,187434176
2022,3,187524763
2022,6,187631445
2022,1,187623826
2022,6,187639119
2022,6,187639130
2022,1,187639133
2022,6,187715155
2022,6,187717471
2022,3,187717491
2022,6,187717492
2022,6,187717493
2022,6,187734924
2022,1,188895766
2022,6,187734943
2022,6,187734945
2022,6,187866994
2022,3,187866999
2022,6,187867000
2022,3,187981014
2022,6,187981015
2022,9,187983120
2022,6,187983126
2022,6,188007456
2022,3,188007465
2022,6,188027489
2022,6,188027493
2022,6,188034956
2022,3,188511513
2022,3,188514470
2022,6,188514489
2022,6,188647774
2022,6,188647784
2022,6,188647785
2022,6,188647789
2022,6,188663028
2022,1,188800644
2022,6,188800650
2022,6,188800652
2022,6,188796674
2022,6,188796675
2022,3,188823717
2022,3,188827204
2022,6,188879178
2022,6,188879187
2022,1,188879188
2022,3,188895814
2022,6,188895815
2022,3,189048129
2022,6,189048132
2022,6,189048142
2022,3,189048146
2022,6,189048147
2022,6,189054718
2022,3,189054722
2022,1,190180031
2022,6,189054736
2022,6,189054747
2022,6,189054752
2022,6,189089861
2022,1,189099802
2022,6,189155242
2022,6,189277620
2022,6,189185710
2022,6,189267318
2022,3,189266408
2022,1,190180034
2022,1,190180035
2022,3,189282195
2022,1,189277628
2022,6,189282208
2022,6,189282209
2022,6,189361661
2022,3,189361669
2022,6,189367098
2022,3,189425887
2022,6,189425889
2022,1,189425892
2022,6,189425893
2022,6,189425897
2022,1,189425903
2022,6,189456434
2022,6,189456435
2022,6,189456436
2022,1,189456449
2022,1,189456457
2022,3,189768676
2022,3,189768679
2022,6,189768692
2022,6,189768693
2022,6,189768694
2022,6,189843029
2022,6,189843035
2022,6,189843036
2022,1,189823605
2022,3,189823606
2022,6,190041883
2022,1,190041886
2022,6,190041892
2022,6,190041919
2022,3,190041962
2022,6,190041963
2022,6,190118789
2022,1,190118803
2022,8,190122903
2022,6,190122906
2022,6,190122907
2022,6,190180038
2022,6,190180040
2022,6,190180045
2022,1,190180050
2022,6,190180052
2022,6,190230702
2022,6,190230709
2022,6,190230710
2022,6,190365327
2022,1,190365340
2022,6,190404007
2022,6,190404008
2022,6,190404012
2022,6,190426428
2022,6,190446711
2022,1,190446716
2022,6,190449635
2022,1,190539498
2022,6,190692058
2022,3,190539502
2022,6,190539503
2022,1,190600895
2022,1,190600921
2022,6,190600929
2022,6,190623920
2022,6,190674640
2022,1,190674645
2022,6,190674650
2022,6,190674651
2022,1,190674654
2022,6,190623937
2022,6,190623938
2022,6,190623939
2022,6,190678251
2022,6,190692062
2022,1,194320630
2022,1,194320631
2022,6,190717395
2022,3,190717405
2022,6,190717406
2022,6,190773280
2022,6,190771540
2022,6,190859989
2022,6,190859990
2022,6,190859997
2022,3,190864201
2022,6,191352579
2022,1,190864218
2022,6,190959617
2022,1,190959624
2022,6,190989638
2022,6,190989657
2022,6,190989658
2022,3,191012989
2022,6,194320634
2022,6,191010109
2022,6,191265704
2022,6,191265710
2022,1,195150124
2022,6,191791501
2022,6,191791513
2022,6,191791515
2022,6,191791524
2022,3,191791529
2022,1,194320642
2022,6,191831955
2022,1,191825032
2022,6,191878911
2022,6,191878917
2022,6,191878922
2022,6,191878929
2022,6,194320645
2022,6,191878940
2022,1,191881080
2022,6,191957897
2022,6,191957906
2022,6,191957909
2022,6,192017784
2022,6,192059394
2022,6,192069972
2022,3,192069975
2022,6,192085942
2022,6,192085943
2022,1,194320650
2022,1,192198474
2022,1,194320651
2022,3,192196136
2022,6,192196138
2022,1,192196139
2022,6,192279842
2022,6,192279850
2022,3,192279851
2022,6,192279852
2022,1,192326784
2022,6,192279877
2022,1,192458622
2022,6,192458624
2022,6,192425980
2022,6,192458656
2022,1,195150127
2022,6,192493724
2022,3,192493726
2022,6,192754316
2022,6,192754317
2022,6,194320659
2022,1,192782085
2022,6,192813964
2022,6,194320669
2022,6,194320672
2022,6,194320689
2022,6,194320690
2022,6,194320721
2022,3,194320730
2022,6,194320731
2022,8,194320759
2022,6,194320761
2022,6,194320769
2022,6,194320782
2022,6,194320789
2022,6,194320793
2022,6,194320826
2022,3,194320875
2022,6,194320887
2022,1,194320891
2022,3,194320903
2022,6,194320926
2022,6,194320931
2022,6,194320932
2022,6,194320933
2022,1,194320999
2022,6,194321016
2022,1,195150136
2022,6,194321060
2022,3,194321085
2022,6,194321128
2022,6,194321147
2022,1,194321168
2022,6,194321173
2022,6,194321177
2022,6,194321214
2022,6,194321230
2022,3,194321248
2022,3,194321251
2022,1,194321256
2022,6,194321274
2022,1,194321388
2022,6,194321410
2022,6,194321441
2022,6,194321461
2022,6,194321466
2022,6,194321520
2022,3,194321525
2022,6,194321526
2022,3,194321528
2022,6,194321529
2022,6,194321530
2022,6,194321538
2022,6,194321556
2022,3,194321557
2022,6,194321559
2022,6,194321563
2022,6,194752915
2022,1,195080999
2022,1,195218790
2022,1,199925070
2022,1,195173329
2022,1,195199879
2022,6,195218794
2022,6,195218810
2022,1,195264530
2022,1,195279192
2022,6,195333935
2022,6,195333936
2022,3,195333939
2022,6,195417828
2022,1,195417830
2022,1,195417836
2022,1,195417838
2022,6,199925074
2022,6,195447050
2022,6,195447057
2022,6,195447058
2022,8,196784405
2022,6,196784409
2022,6,196784410
2022,6,196784413
2022,6,196784414
2022,6,196822673
2022,6,196784423
2022,6,196784424
2022,6,196784438
2022,6,196784441
2022,9,176708507
2022,7,177127326
2022,7,177325251
2022,7,177325254
2022,9,177330101
2022,7,177325257
2022,9,177330103
2022,7,177400586
2022,6,176705081
2022,7,177400588
2022,9,177400590
2022,9,177405114
2022,6,176705082
2022,7,177520840
2022,7,177552794
2022,7,177552796
2022,7,177552800
2022,7,178022614
2022,7,178200157
2022,7,178200165
2022,9,178200184
2022,7,178200198
2022,7,178210863
2022,7,178210865
2022,7,178210869
2022,6,177116051
2022,7,178210872
2022,9,178219919
2022,7,178219922
2022,7,178231086
2022,7,178231093
2022,7,178235139
2022,7,178235143
2022,9,178235145
2022,6,178243275
2022,6,178243276
2022,7,178243279
2022,7,178243281
2022,7,178243283
2022,6,178501380
2022,7,181277367
2022,7,181277371
2022,7,181422160
2022,7,181433167
2022,7,181433169
2022,7,181433172
2022,7,181433175
2022,9,181433178
2022,7,181438887
2022,7,181438897
2022,7,181438900
2022,7,181441131
2022,9,181453661
2022,9,179101608
2022,6,179101609
2022,7,181442483
2022,7,181442487
2022,7,181442493
2022,7,181442497
2022,6,178780863
2022,7,181447668
2022,7,181451766
2022,9,181451769
2022,7,181451776
2022,7,181451779
2022,9,181453688
2022,6,179101610
2022,7,181453693
2022,7,181453702
2022,7,179196573
2022,6,181453710
2022,6,181456414
2022,7,181653386
2022,7,181653390
2022,7,181660294
2022,7,181736859
2022,7,181736862
2022,7,195081001
2022,6,181478033
2022,6,181478035
2022,6,181478037
2022,9,181758047
2022,6,181438904
2022,7,181758051
2022,6,181277376
2022,7,181762365
2022,6,181277378
2022,6,181478039
2022,9,182647325
2022,7,182647334
2022,7,182647337
2022,9,182647345
2022,6,183896309
2022,6,183899426
2022,7,183971157
2022,7,183978924
2022,9,183978932
2022,7,184044467
2022,9,184044468
2022,6,182982064
2022,6,182982065
2022,6,182647368
2022,9,182647369
2022,6,183152926
2022,9,184044478
2022,8,184087694
2022,9,183152929
2022,6,183152930
2022,9,184088002
2022,7,184088010
2022,9,184088019
2022,6,182932149
2022,6,185202429
2022,6,183152935
2022,6,185202432
2022,6,183152937
2022,6,185277076
2022,7,185283771
2022,7,185288587
2022,6,185430038
2022,6,183967367
2022,9,183967368
2022,6,183954309
2022,6,183954310
2022,9,184168844
2022,9,185435908
2022,7,185435910
2022,6,184241522
2022,9,186970582
2022,9,187122114
2022,7,187122120
2022,6,187033109
2022,6,187033110
2022,9,189367103
2022,7,187221039
2022,6,186684946
2022,9,188879198
2022,7,188887121
2022,6,186693657
2022,9,189099809
2022,6,186693659
2022,6,186684950
2022,6,189111870
2022,9,189155266
2022,7,189266426
2022,7,189266429
2022,6,188034981
2022,6,188027505
2022,6,188027506
2022,6,188027507
2022,6,189768696
2022,6,189823613
2022,9,189823616
2022,6,189823617
2022,6,188827223
2022,9,190122908
2022,6,190122911
2022,9,189048157
2022,6,189367104
2022,6,190230724
2022,6,189429311
2022,6,191794462
2022,6,189429313
2022,6,191831962
2022,6,190230726
2022,6,190230727
2022,9,190446730
2022,6,190864239
2022,6,190864241
2022,6,190864243
2022,6,194324129
2022,6,190864245
2022,9,194324134
2022,9,194324137
2022,9,194324168
2022,6,194324169
2022,6,192425984
2022,6,194324178
2022,9,194324189
2022,6,194752944
2022,6,194756664
2022,9,194756672
2022,12,195081013
2022,9,196491396
2022,6,194324242
2022,6,194324243
2022,6,196491404
2022,6,194324245
2022,9,196621866
2022,9,196721841
2022,6,196176421
2022,6,196487331
2022,6,196487334
2022,5,196487336
2022,9,196487337
2022,6,196487338
2022,9,178313361
2022,9,182647887
2022,2,182647892
2022,2,182647893
2022,6,184337268
2022,9,187505558
2022,6,191133611
2022,6,191873168
2022,6,201337084
2022,6,201348624
2022,9,201352033
2022,8,201352040
2022,9,201352042
2022,6,201352043
2022,8,201352045
2022,9,201590729
2022,9,201598051
2022,6,183907957
2022,6,183907958
2022,14,186684955
2022,6,188649994
2022,6,195110993
2022,8,197221954
2022,6,175996866
2022,6,176575332
2022,6,177116054
2022,6,177552802
2022,6,179186206
2022,6,179496488
2022,8,180383337
2022,6,181277379
2022,6,181366840
2022,6,182652731
2022,3,182652733
2022,8,183118210
2022,6,183153154
2022,2,184228577
2022,6,184365789
2022,6,184365790
2022,6,184822195
2022,6,185487901
2022,6,185783892
2022,6,187122128
2022,8,186684962
2022,8,188514497
2022,6,188743199
2022,6,188823739
2022,6,189277636
2022,6,190041984
2022,6,190230735
2022,6,190245382
2022,6,190245384
2022,6,190565178
2022,6,190678259
2022,8,191352620
2022,6,191054102
2022,6,192198485
2022,1,194333116
2022,6,194333127
2022,6,194333130
2022,6,195110996
2022,6,198109672
2022,6,195343352
2022,2,179101621
2022,6,179101622
2022,6,179101629
2022,2,179496491
2022,8,181453716
2022,2,181453717
2022,8,182653242
2022,9,182653249
2022,6,182653253
2022,2,183210104
2022,1,184822198
2022,6,188749680
2022,6,190426431
2022,2,192279882
2022,2,192279883
2022,2,192279887
2022,1,194333417
2022,2,182654003
2022,6,182654008
2022,6,182654011
2022,6,182944966
2022,6,182944967
2022,8,186679172
2022,1,186684965
2022,4,189193764
2022,2,189277647
2022,2,189282241
2022,6,190118837
2022,2,191010112
2022,6,191831977
2022,6,194333855
2022,6,194333858
2022,6,194333869
2022,6,194333877
2022,8,194333887
2022,1,194333895
2022,6,202655062
2022,2,182654446
2022,7,182654446
2022,1,179379035
2022,3,179379035
2022,6,179379035
2022,6,179544817
2022,6,181277382
2022,2,181489775
2022,6,181758060
2022,1,182654458
2022,6,182654458
2022,6,182654459
2022,6,182654460
2022,1,182654477
2022,6,182654477
2022,7,182654489
2022,8,184971678
2022,1,183705684
2022,6,183705684
2022,6,198959278
2022,6,198959279
2022,2,195447064
2022,2,184832946
2022,2,192409884
2022,2,189048162
2022,6,185631863
2022,6,188650020
2022,6,186334164
2022,6,187631458
2022,1,198959280
2022,6,198959280
2022,6,198959281
2022,6,187715162
2022,6,187867020
2022,6,188007475
2022,6,188027522
2022,6,188418972
2022,6,188743204
2022,6,194334483
2022,6,188978143
2022,6,189054756
2022,6,189193769
2022,6,189234481
2022,6,189234484
2022,1,189381147
2022,6,189381147
2022,1,189425920
2022,6,189425920
2022,6,190533697
2022,6,189456470
2022,6,190122927
2022,6,190122929
2022,7,190122929
2022,6,199976416
2022,6,190533708
2022,6,196144118
2022,6,190692072
2022,1,198959283
2022,6,198959283
2022,6,198959284
2022,6,198959285
2022,6,190692082
2022,6,191013016
2022,6,191054107
2022,6,191881095
2022,6,195881658
2022,6,194334496
2022,6,192326808
2022,6,192754329
2022,6,192554817
2022,6,192554818
2022,6,194334504
2022,6,194334522
2022,6,194334523
2022,6,194334531
2022,6,194334545
2022,1,195447067
2022,6,195447067
2022,6,195110997
2022,6,195111005
2022,14,195447068
2022,6,195522717
2022,6,197069206
2022,6,199949093
2022,9,188827242
2022,8,188827245
2022,2,188827269
2022,9,188879232
2022,9,188879254
2022,3,189048208
2022,3,189048211
2022,2,189048213
2022,2,189048214
2022,3,189048226
2022,6,189193800
2022,6,189193824
2022,6,189282341
2022,6,189282345
2022,9,189367117
2022,6,189823632
2022,6,189843062
2022,6,189843067
2022,9,188827301
2022,6,190233487
2022,6,190404017
2022,6,190449654
2022,9,190539508
2022,6,191791546
2022,9,191791547
2022,6,191794469
2022,9,192409894
2022,6,192425988
2022,9,192813967
2022,6,194335529
2022,6,194335535
2022,9,194335539
2022,6,194335561
2022,6,194335575
2022,9,194335590
2022,9,194335591
2022,9,194335594
2022,6,194335598
2022,9,194335615
2022,9,194335631
2022,6,194335662
2022,6,194335669
2022,6,194335670
2022,6,194335677
2022,6,194335681
2022,6,194335691
2022,6,194335696
2022,6,194756695
2022,6,195111023
2022,6,195111026
2022,6,195132653
2022,6,195352269
2022,6,195881669
2022,6,195881684
2022,6,196144128
2022,6,196177079
2022,6,196823017
2022,3,196823020
2022,9,181758063
2022,6,183361614
2022,6,182655602
2022,6,182655603
2022,3,182655620
2022,1,184304629
2022,8,185283778
2022,9,185673280
2022,8,187715170
2022,1,188010213
2022,1,190692098
2022,3,191881102
2022,6,192017791
2022,8,194338386
2022,8,197221968
2022,6,177100180
2022,9,186067536
2022,9,183693334
2022,9,185728777
2022,9,189185726
2022,6,177235216
2022,3,177235221
2022,6,177235222
2022,6,177235223
2022,6,177235233
2022,6,177235237
2022,8,177235238
2022,6,177235244
2022,3,177235246
2022,3,177235268
2022,6,177235269
2022,6,177235286
2022,6,184869473
2022,8,177255496
2022,6,177255497
2022,3,177255498
2022,3,177255499
2022,3,177255500
2022,3,177255501
2022,6,177255504
2022,6,177255515
2022,6,177255528
2022,6,177255529
2022,6,177255531
2022,6,184869474
2022,6,177325286
2022,3,177325320
2022,6,177325321
2022,6,177325340
2022,6,177325346
2022,3,177325353
2022,3,177518627
2022,6,177518628
2022,6,184869475
2022,3,177518631
2022,3,177518640
2022,6,177518641
2022,3,177518650
2022,3,177518651
2022,6,177518654
2022,3,177518674
2022,6,177518675
2022,6,184869477
2022,3,177534218
2022,6,177534223
2022,6,177534256
2022,6,177534264
2022,6,177534267
2022,3,177534269
2022,3,177648298
2022,3,177648300
2022,3,177648302
2022,6,177648312
2022,3,178053533
2022,6,184942851
2022,6,184869479
2022,3,178053559
2022,3,178053562
2022,6,178053581
2022,6,178187996
2022,3,178200231
2022,3,178200234
2022,3,178200237
2022,3,178200239
2022,6,178200298
2022,6,178200304
2022,6,178200305
2022,6,184942853
2022,3,178200329
2022,6,178200334
2022,3,178200337
2022,6,184942855
2022,6,178200344
2022,6,178231121
2022,6,178231124
2022,3,178231134
2022,3,178231136
2022,3,178231137
2022,3,178231139
2022,3,178231141
2022,3,178231151
2022,3,178289071
2022,3,178289072
2022,3,178289073
2022,3,178289074
2022,3,178289075
2022,6,178289084
2022,6,178289086
2022,6,178289089
2022,6,178289101
2022,6,184869480
2022,3,178289106
2022,6,184942857
2022,6,178289131
2022,3,178372229
2022,3,178372231
2022,6,178372246
2022,3,178372247
2022,6,178372248
2022,6,184869482
2022,3,178372265
2022,6,178372266
2022,6,178372293
2022,6,178372310
2022,3,178372312
2022,3,178490418
2022,3,178490419
2022,6,184942859
2022,3,178490425
2022,6,178490426
2022,6,178490427
2022,6,184869483
2022,3,178490431
2022,3,178490455
2022,3,178490457
2022,6,184942861
2022,6,184942863
2022,6,178490472
2022,6,178490476
2022,3,178490480
2022,3,178490481
2022,3,178490483
2022,6,178490487
2022,6,178780903
2022,6,178780905
2022,3,178780911
2022,3,178780912
2022,3,178780916
2022,6,178780923
2022,3,178780925
2022,6,178780947
2022,6,178780958
2022,3,178780962
2022,6,178858817
2022,6,184869485
2022,6,184869486
2022,3,178858842
2022,3,178858846
2022,3,178858850
2022,6,178858852
2022,6,178858854
2022,3,178858857
2022,3,178911304
2022,3,178911305
2022,3,178911306
2022,3,178911307
2022,6,178957314
2022,6,179022137
2022,3,179022146
2022,3,179022148
2022,6,184942866
2022,6,179022179
2022,6,179022185
2022,6,179022197
2022,3,179101679
2022,3,179101680
2022,3,179101681
2022,6,184942868
2022,6,179101685
2022,6,179101686
2022,6,179101693
2022,6,179101694
2022,6,179101701
2022,6,179101705
2022,6,179101706
2022,6,184869488
2022,6,179181395
2022,6,179186210
2022,6,179186214
2022,6,179186221
2022,6,179186222
2022,3,179186223
2022,6,179186225
2022,6,179186253
2022,3,179186263
2022,3,179379042
2022,3,179379050
2022,3,179379051
2022,3,179379052
2022,3,179379053
2022,6,184942870
2022,6,179379063
2022,6,179379072
2022,6,179379074
2022,6,179379075
2022,3,179625818
2022,6,179625819
2022,6,184942872
2022,6,184869489
2022,6,184869491
2022,6,184869492
2022,6,184869493
2022,6,185631879
2022,6,184942874
2022,6,184942876
2022,6,184942878
2022,6,179995384
2022,6,179995400
2022,6,179995408
2022,6,179995424
2022,6,184869497
2022,6,179995457
2022,3,179995470
2022,6,179995478
2022,6,185631880
2022,3,179995547
2022,6,179995548
2022,6,179995555
2022,6,184869499
2022,3,180075697
2022,3,180075698
2022,6,180075699
2022,6,180075711
2022,3,180075734
2022,3,180075737
2022,6,180075755
2022,6,180075757
2022,6,180075759
2022,3,180075773
2022,6,180075777
2022,3,180253986
2022,6,180254001
2022,6,180254005
2022,6,180254006
2022,3,180254007
2022,6,180254009
2022,6,180254030
2022,6,180254037
2022,6,184869500
2022,3,180254063
2022,6,180254065
2022,6,181271639
2022,3,181271640
2022,6,184869502
2022,6,181291123
2022,3,181294080
2022,3,181294081
2022,6,184869503
2022,6,184869506
2022,6,184869507
2022,3,181294100
2022,6,181316059
2022,6,181316075
2022,3,181316081
2022,6,181316116
2022,6,181316122
2022,3,181316126
2022,6,184869508
2022,3,181419956
2022,3,181419957
2022,6,181419959
2022,6,181419962
2022,6,181419964
2022,6,184869511
2022,6,184869512
2022,6,184942882
2022,6,181419971
2022,6,181419982
2022,6,181419983
2022,3,181419988
2022,3,181419989
2022,3,181419999
2022,6,181420000
2022,6,181420002
2022,6,181420003
2022,3,181433190
2022,3,181433191
2022,6,181433197
2022,6,181433201
2022,6,184942884
2022,6,181433205
2022,3,181433212
2022,6,181433214
2022,6,181442537
2022,6,181442538
2022,3,181442539
2022,3,181442540
2022,6,181442549
2022,3,181478048
2022,6,181478063
2022,6,181478066
2022,3,181478073
2022,3,181478076
2022,6,184942886
2022,6,184942888
2022,6,184942889
2022,6,181476591
2022,6,181476593
2022,6,181478101
2022,6,181478120
2022,3,181478121
2022,6,181478122
2022,3,181489778
2022,3,181489779
2022,6,184942892
2022,3,181517320
2022,3,181517322
2022,3,181517323
2022,6,181517358
2022,6,181517365
2022,6,184942894
2022,3,181517393
2022,3,181517394
2022,6,181517410
2022,6,181517411
2022,6,181517413
2022,3,181517414
2022,6,181517415
2022,6,181517419
2022,3,181528337
2022,3,181528338
2022,6,181528342
2022,6,181528352
2022,6,184942897
2022,3,181653420
2022,6,181653421
2022,6,181653430
2022,6,184942900
2022,3,181653437
2022,6,181653441
2022,6,181653446
2022,6,181653462
2022,6,181653467
2022,6,181736900
2022,6,181736902
2022,3,181736907
2022,6,181736927
2022,6,181736934
2022,3,181736937
2022,3,181736941
2022,3,181736945
2022,6,181736952
2022,6,181736990
2022,6,181758072
2022,6,181758074
2022,6,181758078
2022,6,181758089
2022,3,181758092
2022,6,181758109
2022,6,182650593
2022,6,184942903
2022,6,184942905
2022,3,182650597
2022,3,182650598
2022,6,182650602
2022,3,182650616
2022,6,182650618
2022,6,184942907
2022,6,182650640
2022,6,182650646
2022,3,182650648
2022,3,182650650
2022,6,182650653
2022,6,182650680
2022,3,182650681
2022,3,182650682
2022,6,182650690
2022,3,182650694
2022,6,182650707
2022,3,182650723
2022,6,182650733
2022,3,182650734
2022,6,184942909
2022,6,182650746
2022,6,182650748
2022,6,182650757
2022,6,184942911
2022,3,182650775
2022,3,182650776
2022,6,184942912
2022,6,182650808
2022,6,182650809
2022,6,182650813
2022,6,182650817
2022,6,182650838
2022,6,182650864
2022,6,184942916
2022,6,182650895
2022,6,184942918
2022,6,184942921
2022,6,182650909
2022,6,182650911
2022,6,182650912
2022,3,182650922
2022,3,182650924
2022,3,182650926
2022,6,182650945
2022,3,182650947
2022,6,184942923
2022,3,182650952
2022,6,182650958
2022,6,184942926
2022,3,182651018
2022,3,182651019
2022,3,182651020
2022,3,182651028
2022,3,182651029
2022,6,182651031
2022,6,182651032
2022,6,182651068
2022,6,182651072
2022,6,182651076
2022,6,182651084
2022,6,184942928
2022,3,182651099
2022,3,182651102
2022,3,182651105
2022,3,182651112
2022,6,182651116
2022,3,182651161
2022,6,182651162
2022,6,184942930
2022,3,182651184
2022,6,182651186
2022,6,182651187
2022,3,182651188
2022,3,182651189
2022,6,182651229
2022,6,182651283
2022,6,182651305
2022,6,182651312
2022,6,184942932
2022,6,184942934
2022,6,182651329
2022,3,182651331
2022,6,184942936
2022,6,184942938
2022,3,182651365
2022,3,182651366
2022,3,182651367
2022,3,182651368
2022,3,182651369
2022,3,182651370
2022,3,182651371
2022,3,182651372
2022,3,182651373
2022,6,182651378
2022,6,182651393
2022,3,182651394
2022,6,182651446
2022,3,182651448
2022,6,182651449
2022,6,182651451
2022,3,182651453
2022,6,182651454
2022,6,182651460
2022,6,182651480
2022,6,182651483
2022,6,182651487
2022,6,182651523
2022,6,182651529
2022,6,182699062
2022,6,182703529
2022,6,182703535
2022,3,182703538
2022,3,182703543
2022,3,182703547
2022,5,182703548
2022,3,182764580
2022,6,182764581
2022,3,182764583
2022,6,182764584
2022,3,182764585
2022,6,182764586
2022,6,182764590
2022,3,182764594
2022,6,182764595
2022,3,183209918
2022,6,183209968
2022,6,183209970
2022,3,183209974
2022,6,183450676
2022,6,183450677
2022,6,183450679
2022,3,183450688
2022,3,183450689
2022,3,183450690
2022,6,183450694
2022,6,183450697
2022,6,183450708
2022,6,183450710
2022,6,183971174
2022,6,183971176
2022,6,183971178
2022,6,183971190
2022,6,183971195
2022,6,183971197
2022,6,185126642
2022,6,185126644
2022,6,185126645
2022,6,185126646
2022,6,185126648
2022,6,185126649
2022,6,185126650
2022,6,185126651
2022,6,185126652
2022,3,183971207
2022,6,183990533
2022,6,183990534
2022,3,183990536
2022,3,183990537
2022,6,183990562
2022,3,184044485
2022,3,184044486
2022,3,184044487
2022,6,184044504
2022,6,184044506
2022,3,184044509
2022,6,185126653
2022,6,185126654
2022,6,184044513
2022,6,184075936
2022,6,184075937
2022,3,184075959
2022,6,184075960
2022,3,184075969
2022,3,184127074
2022,3,184148116
2022,3,184148117
2022,3,184148118
2022,3,184148119
2022,3,184148120
2022,6,184148121
2022,3,184148122
2022,3,184148123
2022,3,184148124
2022,3,184148125
2022,3,184148126
2022,3,184148127
2022,3,184148128
2022,3,184228580
2022,6,184228581
2022,6,184228582
2022,3,184228583
2022,3,184228584
2022,3,184228585
2022,3,184228586
2022,3,184127075
2022,3,184127076
2022,6,184148129
2022,3,184148130
2022,3,184148131
2022,3,184148132
2022,3,184148133
2022,3,184228587
2022,3,184228588
2022,6,184228591
2022,3,184228593
2022,6,184168889
2022,6,184244244
2022,6,184244246
2022,6,184168893
2022,6,184244250
2022,6,184244252
2022,6,184228596
2022,3,184148141
2022,6,185126656
2022,6,184228619
2022,6,184228620
2022,3,184148149
2022,6,185126657
2022,14,184228623
2022,6,184228626
2022,6,184228633
2022,6,184228637
2022,6,184244261
2022,6,184244263
2022,6,184811214
2022,6,184811249
2022,6,184811256
2022,6,184822207
2022,6,185126661
2022,6,185126663
2022,6,185126667
2022,6,185126668
2022,6,184971680
2022,6,184971682
2022,6,185202452
2022,6,185126695
2022,6,185126696
2022,6,185126697
2022,6,185126698
2022,6,185126700
2022,6,185202454
2022,6,185126710
2022,6,185126750
2022,6,185126751
2022,6,185202475
2022,6,185202477
2022,6,185202513
2022,3,185202521
2022,6,185202521
2022,6,185202522
2022,6,185202523
2022,6,185202524
2022,6,185202526
2022,6,185202530
2022,6,185202531
2022,6,185202533
2022,6,185202534
2022,6,185202538
2022,6,185202541
2022,6,185202546
2022,6,185283781
2022,6,185283785
2022,6,185283842
2022,6,185283844
2022,3,185283847
2022,6,185283848
2022,3,185283851
2022,6,185283852
2022,6,185283857
2022,6,185283858
2022,6,185283860
2022,6,185283861
2022,6,185283875
2022,6,185283883
2022,6,185283888
2022,6,185372330
2022,6,185372338
2022,6,185372344
2022,6,185430066
2022,6,185430090
2022,6,185430094
2022,6,185430097
2022,6,185430099
2022,6,185430100
2022,6,185442009
2022,6,185442018
2022,6,185442020
2022,6,185442022
2022,6,185442023
2022,6,185442024
2022,6,185442028
2022,6,185435914
2022,6,185442035
2022,6,185442049
2022,6,185442051
2022,6,185567218
2022,6,185631889
2022,6,185631891
2022,6,185631892
2022,6,185631893
2022,6,185631896
2022,6,185631897
2022,6,185631899
2022,6,185631900
2022,6,185631901
2022,6,185631904
2022,6,185631906
2022,6,185631926
2022,6,185631940
2022,6,185631941
2022,6,185631948
2022,6,185631951
2022,6,185631952
2022,6,185631954
2022,6,185631959
2022,6,185631961
2022,6,185631963
2022,6,185631964
2022,6,185631967
2022,6,185631972
2022,6,185631975
2022,6,185631977
2022,6,185631980
2022,6,185631984
2022,6,185631985
2022,6,185631990
2022,6,185631992
2022,6,185631994
2022,6,185631996
2022,6,185631998
2022,6,185632002
2022,6,185728786
2022,6,185728797
2022,3,185728798
2022,6,185728799
2022,6,185728800
2022,6,185728801
2022,6,185728803
2022,6,185728807
2022,6,185728810
2022,6,185896563
2022,3,185896565
2022,6,185896566
2022,6,185896567
2022,3,185896568
2022,3,185896569
2022,6,185896570
2022,3,185896571
2022,6,185896574
2022,3,185896575
2022,3,185896576
2022,3,185896577
2022,3,185896580
2022,3,185896581
2022,3,185896583
2022,6,185896584
2022,3,185896585
2022,3,185896586
2022,6,185896588
2022,3,185896589
2022,3,185896590
2022,3,185896591
2022,3,185896592
2022,4,185896593
2022,3,185896594
2022,3,185896596
2022,3,185896597
2022,3,185896598
2022,3,185896600
2022,3,185896601
2022,6,185896602
2022,3,185896603
2022,3,185896605
2022,3,185896611
2022,3,185896617
2022,6,185896621
2022,3,185896628
2022,3,185896631
2022,3,185896637
2022,6,185896642
2022,6,185896648
2022,6,185896649
2022,6,186067579
2022,6,186165441
2022,6,186165448
2022,6,186165456
2022,6,186165481
2022,6,186309965
2022,6,186334187
2022,6,186334207
2022,6,186334222
2022,6,186334231
2022,6,186699374
2022,6,186693663
2022,6,186699377
2022,6,186699381
2022,6,186699383
2022,6,187122134
2022,6,186699385
2022,6,186699386
2022,3,186699387
2022,6,186699388
2022,6,186699390
2022,6,186699391
2022,6,186699392
2022,6,186699396
2022,6,186699397
2022,6,186699399
2022,6,186699400
2022,6,186699401
2022,6,186699428
2022,6,186699439
2022,6,186699448
2022,6,186699454
2022,6,187013336
2022,6,187013339
2022,6,187013345
2022,6,187013349
2022,6,187013351
2022,6,188046638
2022,6,187013361
2022,6,187013367
2022,6,187013371
2022,6,187013374
2022,6,187013375
2022,6,187033179
2022,6,187033181
2022,6,187122146
2022,6,187122154
2022,6,187122166
2022,6,187122178
2022,6,187221045
2022,6,187221050
2022,6,187221055
2022,6,187221058
2022,6,187221059
2022,6,187352413
2022,6,187352421
2022,6,187352459
2022,6,187352473
2022,6,187352478
2022,6,187352484
2022,6,187352487
2022,6,187352505
2022,1,188879296
2022,6,198373868
2022,6,187434240
2022,6,187434241
2022,3,187434269
2022,6,187434291
2022,6,187434293
2022,3,187434306
2022,6,187434308
2022,6,187434325
2022,6,187434334
2022,6,187434339
2022,6,187434347
2022,6,187434362
2022,6,187434392
2022,6,187434420
2022,6,188879308
2022,6,188823743
2022,6,188046647
2022,6,188046649
2022,6,188046651
2022,6,188879322
2022,6,188879326
2022,6,188823749
2022,6,188046657
2022,6,188046660
2022,6,188823753
2022,6,188823754
2022,6,198373869
2022,3,188823757
2022,6,188046675
2022,6,188046676
2022,3,188823758
2022,6,188823759
2022,6,188823761
2022,6,188046679
2022,6,188046683
2022,6,188879357
2022,6,188879359
2022,3,188823765
2022,6,188879368
2022,3,188046690
2022,6,188046691
2022,6,188046692
2022,6,188046693
2022,3,188823766
2022,3,188823767
2022,6,188046696
2022,6,188046702
2022,6,188823768
2022,3,188823769
2022,3,188823770
2022,6,188879387
2022,3,188046716
2022,6,188046717
2022,6,188046721
2022,6,188823774
2022,6,188823776
2022,3,188823777
2022,6,188046736
2022,6,188823778
2022,6,188046746
2022,6,188046749
2022,6,188046753
2022,3,188823782
2022,3,188823783
2022,6,198373870
2022,6,198373873
2022,6,188046756
2022,6,188046758
2022,3,188823789
2022,6,188823792
2022,3,188823793
2022,6,188046780
2022,6,188046781
2022,6,188046783
2022,6,188046795
2022,6,188046797
2022,3,188823801
2022,3,188823804
2022,3,188823805
2022,6,188046812
2022,6,188823812
2022,3,188823813
2022,3,188823814
2022,3,188823815
2022,6,188046823
2022,3,188823819
2022,6,188823821
2022,6,188879435
2022,6,188823826
2022,6,188046838
2022,6,188046840
2022,6,188046842
2022,6,188046844
2022,6,188823830
2022,6,188823831
2022,6,188046851
2022,6,188046856
2022,3,188823834
2022,3,188823839
2022,3,188823840
2022,6,188823841
2022,3,188823842
2022,3,188823843
2022,6,188046880
2022,6,188046881
2022,6,188046882
2022,6,188046883
2022,3,188046884
2022,6,188046885
2022,6,188046887
2022,6,188046888
2022,6,188046896
2022,3,188046899
2022,6,188046903
2022,6,188046908
2022,6,188046912
2022,6,188046913
2022,3,189962747
2022,3,189962748
2022,6,190533735
2022,6,189393930
2022,6,189393931
2022,6,189393938
2022,6,189962751
2022,6,198419198
2022,3,189962768
2022,3,189962769
2022,6,190533738
2022,6,190533744
2022,6,189393940
2022,6,189393945
2022,6,189962782
2022,6,189393952
2022,6,189393953
2022,3,189393954
2022,6,189393955
2022,6,189393956
2022,6,190533770
2022,6,189393967
2022,6,189393971
2022,6,189393978
2022,6,189393982
2022,6,189393990
2022,6,198109601
2022,3,189962784
2022,6,189962785
2022,6,189962786
2022,6,189393997
2022,6,189393998
2022,6,189394000
2022,6,189394006
2022,6,189394009
2022,6,189394017
2022,3,189962787
2022,3,189394020
2022,6,189394021
2022,3,189394023
2022,6,189394024
2022,6,189394028
2022,6,189394030
2022,3,189962788
2022,3,189962789
2022,3,189962790
2022,3,189962791
2022,6,190533806
2022,6,190533807
2022,6,190533808
2022,6,190533809
2022,6,190533810
2022,6,189394040
2022,6,189394044
2022,6,189962792
2022,3,189394048
2022,6,189394049
2022,6,189394055
2022,6,190533819
2022,6,190533821
2022,6,190245405
2022,6,190245407
2022,6,190245410
2022,6,198419199
2022,6,190533831
2022,6,190245415
2022,6,190245420
2022,6,190245421
2022,6,190180125
2022,3,189962797
2022,6,190533850
2022,3,189962798
2022,3,189962799
2022,6,189962800
2022,6,189962801
2022,6,189962802
2022,3,189962803
2022,3,189962804
2022,6,190533860
2022,6,190245438
2022,6,190245439
2022,3,190245440
2022,6,190245441
2022,6,190180131
2022,6,190180136
2022,3,189962805
2022,3,189962806
2022,6,189962807
2022,3,189962808
2022,6,190245447
2022,6,190245455
2022,6,190180145
2022,3,190533911
2022,3,190533913
2022,3,190042041
2022,3,190042062
2022,6,190042076
2022,6,190042082
2022,3,190042087
2022,3,190042095
2022,3,190042100
2022,3,190533914
2022,3,190533915
2022,3,190533916
2022,6,190533917
2022,3,190533918
2022,3,190533919
2022,3,190533920
2022,3,190533921
2022,3,190533922
2022,3,190533923
2022,6,190533924
2022,3,190533925
2022,3,190533926
2022,6,190533928
2022,6,190533959
2022,6,190180153
2022,6,190245460
2022,6,190245461
2022,3,190245469
2022,6,190245470
2022,6,190245480
2022,6,190245481
2022,6,190245482
2022,3,190245483
2022,6,190245484
2022,6,190533983
2022,6,190449661
2022,6,190449662
2022,6,190533998
2022,6,190449664
2022,6,190449665
2022,6,190449666
2022,6,190449667
2022,6,190449672
2022,6,190449698
2022,6,190449699
2022,6,190449700
2022,5,190449701
2022,6,190449702
2022,6,190449704
2022,6,190449705
2022,6,190534046
2022,6,190449721
2022,3,190449722
2022,6,190449723
2022,6,190449725
2022,6,190449729
2022,6,190426496
2022,3,190534061
2022,6,190446734
2022,6,190446739
2022,6,190446746
2022,6,190446748
2022,6,190446757
2022,6,190446765
2022,6,190446772
2022,6,190446776
2022,6,190446781
2022,6,190449740
2022,6,190449743
2022,6,190449744
2022,3,190449746
2022,6,190449747
2022,6,190449751
2022,6,192150337
2022,6,192196142
2022,3,192150339
2022,6,190534064
2022,6,190534091
2022,6,190534094
2022,6,190534095
2022,6,190539517
2022,6,190561718
2022,1,192196144
2022,1,192196145
2022,6,192150345
2022,6,198312261
2022,6,198312265
2022,6,198312268
2022,6,198312270
2022,6,196399050
2022,6,198312273
2022,3,191054121
2022,3,192150349
2022,3,192150350
2022,3,192150351
2022,1,192150352
2022,3,192150353
2022,3,192150354
2022,6,192150355
2022,3,192150356
2022,3,192150357
2022,3,192150358
2022,3,192150359
2022,3,192150360
2022,3,192150361
2022,3,192150362
2022,3,192150363
2022,3,192150364
2022,3,192150365
2022,3,192150366
2022,3,192150367
2022,6,192150368
2022,3,192150369
2022,3,192150370
2022,3,192150371
2022,3,192150372
2022,3,192150373
2022,6,192150374
2022,6,192150375
2022,6,192150376
2022,3,192150377
2022,3,192150378
2022,3,192150379
2022,6,192150380
2022,6,192150383
2022,6,198312276
2022,6,198312279
2022,6,198312282
2022,6,192150385
2022,6,192150387
2022,6,191054125
2022,6,198312285
2022,6,192196156
2022,3,192196157
2022,6,198312291
2022,6,192196162
2022,6,198312297
2022,6,192150393
2022,6,192150395
2022,6,192150401
2022,6,192150403
2022,6,191054138
2022,6,192150442
2022,6,192150445
2022,6,192150452
2022,6,192150480
2022,6,192493748
2022,6,191054172
2022,6,191054175
2022,6,191054184
2022,6,191054186
2022,6,191054188
2022,6,191054214
2022,3,191054215
2022,6,191054216
2022,6,191054217
2022,6,191054219
2022,6,191054232
2022,6,191054233
2022,6,191054256
2022,3,191054261
2022,6,191054262
2022,6,191054263
2022,6,191054276
2022,6,192196173
2022,3,192196174
2022,6,192196175
2022,6,192196180
2022,6,192196184
2022,6,192196198
2022,6,192196199
2022,6,192196200
2022,6,192196201
2022,6,192196202
2022,6,192196204
2022,6,192196205
2022,6,192196206
2022,6,192196207
2022,6,192196208
2022,6,192196209
2022,6,192196210
2022,6,192196211
2022,6,192196214
2022,6,192196232
2022,6,192196240
2022,6,192196241
2022,6,194329448
2022,6,198312303
2022,6,194329450
2022,6,192196260
2022,6,192196266
2022,6,198312308
2022,6,197775232
2022,6,192196277
2022,6,192196337
2022,6,192196341
2022,6,192196345
2022,6,192196358
2022,6,192198491
2022,6,192493749
2022,3,192198493
2022,6,192198494
2022,6,192198495
2022,6,192198499
2022,6,192198504
2022,6,192198506
2022,6,192198511
2022,6,192198513
2022,6,192198516
2022,6,192493760
2022,6,192493780
2022,6,192493782
2022,3,192493790
2022,6,192493791
2022,6,192493792
2022,6,192493805
2022,6,192493806
2022,6,192493816
2022,6,192554891
2022,6,192493826
2022,6,192493837
2022,6,192493838
2022,6,192493839
2022,6,192493843
2022,6,192493847
2022,6,192493848
2022,6,192493851
2022,6,192493853
2022,6,197775329
2022,6,192493889
2022,3,192493890
2022,6,192493891
2022,6,192493893
2022,6,192493907
2022,6,194329455
2022,6,192554985
2022,6,192554990
2022,6,192555002
2022,6,194329457
2022,6,192614842
2022,6,192614844
2022,6,192614850
2022,6,192614856
2022,6,192614857
2022,6,192615509
2022,6,192615512
2022,6,192615515
2022,6,192615517
2022,6,192615520
2022,6,192615526
2022,3,192782092
2022,6,192782093
2022,3,192782094
2022,3,192782095
2022,3,192782097
2022,3,192782098
2022,3,192782099
2022,3,192782100
2022,3,192782101
2022,3,192782102
2022,3,192782103
2022,6,192782104
2022,3,192782105
2022,3,192782106
2022,6,192782107
2022,3,192782109
2022,6,194329470
2022,3,194329471
2022,6,194329472
2022,6,194329473
2022,6,194329474
2022,6,198312317
2022,6,194329478
2022,6,194329486
2022,6,194329488
2022,6,192782137
2022,6,192782141
2022,6,194329490
2022,6,194329492
2022,6,194329495
2022,6,194329497
2022,6,192813978
2022,6,198433621
2022,6,192813989
2022,6,194329506
2022,6,194329513
2022,3,194329515
2022,6,194329522
2022,6,194329525
2022,3,194329537
2022,6,194329538
2022,6,194329542
2022,6,198312323
2022,6,194329558
2022,6,194329559
2022,3,194329560
2022,6,194329561
2022,6,194329571
2022,6,194329579
2022,6,194329580
2022,6,194329584
2022,3,194329586
2022,6,194329587
2022,6,194329606
2022,6,194329611
2022,6,194329630
2022,6,194329631
2022,6,194329633
2022,6,194329677
2022,6,194329678
2022,6,194329679
2022,6,194329686
2022,6,194329691
2022,6,194329706
2022,6,194329791
2022,6,194329798
2022,6,194329800
2022,3,194329802
2022,6,194329803
2022,6,194329813
2022,6,194329828
2022,6,194329841
2022,3,194329867
2022,6,194329868
2022,6,194329869
2022,6,194329876
2022,6,194329877
2022,6,194329899
2022,6,194329901
2022,6,194329906
2022,6,194329910
2022,3,194329956
2022,3,194329957
2022,6,194329958
2022,6,194329967
2022,3,194329988
2022,6,194329989
2022,6,194329992
2022,6,194329995
2022,3,194329999
2022,3,194330000
2022,6,198312335
2022,6,194330008
2022,6,194330012
2022,3,194330022
2022,3,194330023
2022,6,198312341
2022,6,194330032
2022,6,194330037
2022,6,194330041
2022,3,194330042
2022,3,194330043
2022,3,194330054
2022,6,194330055
2022,6,194330066
2022,3,194330074
2022,6,194330091
2022,6,194330092
2022,6,194330093
2022,3,194330099
2022,3,194330108
2022,6,194330109
2022,6,194330111
2022,6,194330112
2022,6,194330113
2022,6,194330119
2022,3,194330120
2022,3,194330151
2022,6,194330156
2022,3,194330160
2022,6,194330177
2022,6,194330183
2022,6,194330185
2022,6,194330186
2022,3,194330187
2022,3,194330212
2022,6,194330213
2022,6,194330215
2022,3,194330233
2022,6,194330236
2022,6,194330238
2022,6,194330250
2022,6,194330255
2022,6,194330257
2022,6,194330263
2022,6,194330264
2022,6,194330266
2022,6,194330267
2022,6,194330272
2022,6,194330279
2022,6,194330300
2022,6,194330305
2022,6,194330308
2022,6,194330311
2022,6,194330315
2022,6,194330318
2022,3,194330330
2022,3,194330331
2022,6,194330332
2022,6,194330333
2022,6,198312357
2022,6,194330353
2022,6,194330364
2022,3,194330366
2022,6,194330371
2022,6,194330379
2022,6,194330382
2022,6,194330384
2022,6,194330386
2022,6,194330388
2022,6,194330399
2022,3,194330400
2022,6,194330407
2022,6,194330415
2022,6,194330418
2022,6,194330430
2022,3,194330432
2022,6,194330445
2022,6,194330446
2022,6,194330451
2022,6,194330452
2022,6,194330453
2022,3,194330454
2022,3,194330455
2022,6,194330466
2022,6,194330469
2022,6,194330471
2022,6,194330487
2022,3,194330489
2022,6,194330492
2022,6,194330493
2022,6,194330494
2022,3,194330496
2022,3,194330497
2022,3,194330498
2022,6,194330499
2022,6,194330513
2022,6,194330514
2022,3,194330517
2022,6,198312366
2022,6,194330521
2022,6,194330529
2022,3,194330544
2022,6,194330547
2022,6,194330560
2022,6,194330562
2022,3,194330564
2022,6,194330567
2022,3,194330568
2022,6,194330573
2022,6,194330574
2022,6,194330577
2022,6,194330583
2022,6,194330610
2022,3,194330611
2022,6,194330612
2022,6,194330613
2022,6,194330614
2022,6,194330616
2022,6,194330617
2022,6,194330618
2022,3,194330624
2022,6,194330625
2022,3,194330626
2022,3,194330627
2022,3,194330628
2022,3,194330629
2022,3,194330630
2022,3,194330631
2022,3,194330632
2022,3,194330633
2022,3,194330634
2022,3,194330635
2022,3,194330636
2022,6,194330639
2022,3,194330640
2022,3,194330641
2022,3,194330642
2022,3,194330643
2022,3,194330644
2022,3,194330645
2022,3,194330646
2022,3,194330647
2022,3,194330648
2022,3,194330649
2022,3,194330650
2022,3,194330651
2022,3,194330652
2022,3,194330653
2022,6,195132673
2022,6,194330657
2022,6,198312378
2022,6,194330658
2022,3,194330660
2022,6,194330662
2022,6,198312401
2022,6,194330678
2022,6,194330681
2022,6,194330728
2022,6,194330729
2022,6,194330730
2022,6,194330731
2022,6,194330744
2022,6,194330813
2022,6,194330814
2022,6,194330816
2022,6,194330817
2022,6,194330818
2022,6,194330819
2022,6,194330822
2022,3,194330824
2022,6,194330825
2022,6,194330827
2022,6,194330828
2022,6,194330829
2022,6,194330831
2022,3,194330833
2022,6,194330835
2022,6,194330841
2022,6,194330849
2022,6,194330853
2022,6,194330858
2022,6,194330862
2022,6,194330864
2022,6,194330866
2022,6,194330962
2022,6,194330981
2022,6,194331023
2022,6,194331036
2022,6,194331047
2022,6,194331052
2022,6,194331076
2022,6,194331081
2022,6,194331129
2022,6,194331130
2022,6,194331144
2022,6,194331166
2022,6,194331173
2022,6,194331218
2022,6,194756742
2022,6,201866101
2022,6,194756751
2022,6,194756755
2022,6,194756760
2022,6,194756762
2022,6,194756764
2022,6,194756766
2022,1,195132677
2022,14,195132685
2022,14,195132687
2022,6,195132688
2022,6,195132690
2022,6,195132691
2022,6,195132693
2022,6,195132710
2022,6,195132729
2022,6,195964890
2022,6,195132738
2022,6,195132740
2022,6,195132743
2022,6,195132750
2022,6,195132752
2022,6,195132754
2022,6,195132757
2022,3,195132761
2022,3,198422645
2022,3,195158915
2022,3,195158916
2022,6,195158917
2022,6,195158918
2022,6,195158919
2022,3,195158920
2022,3,195158921
2022,3,195158922
2022,3,195158923
2022,6,195158924
2022,3,195158925
2022,3,195158926
2022,3,195158927
2022,3,195158928
2022,3,195158929
2022,3,195158930
2022,3,195158931
2022,3,195158932
2022,3,195158933
2022,3,195158934
2022,3,195158935
2022,3,195158936
2022,6,195158937
2022,3,195158938
2022,3,195158939
2022,3,195158940
2022,6,195158944
2022,6,195158946
2022,6,198312424
2022,6,198312426
2022,6,198312429
2022,6,198312432
2022,3,195158957
2022,6,195158959
2022,6,195158983
2022,6,195158984
2022,3,195158985
2022,6,195158986
2022,6,195158987
2022,3,195158988
2022,6,195158989
2022,6,195522742
2022,6,196399052
2022,6,195279234
2022,6,198312446
2022,6,198312448
2022,6,198312451
2022,6,195279243
2022,6,195279245
2022,6,198312458
2022,6,195343387
2022,6,198312462
2022,3,195343415
2022,6,195343416
2022,6,195343419
2022,6,195343424
2022,6,195343425
2022,6,195343426
2022,6,195343427
2022,3,195343428
2022,6,195343429
2022,6,195343430
2022,6,195343431
2022,6,195343432
2022,6,195343433
2022,6,195343434
2022,6,195343436
2022,6,195343437
2022,6,195343438
2022,6,195343442
2022,6,195343444
2022,6,195343446
2022,6,195452935
2022,6,195522774
2022,6,195522777
2022,6,195522780
2022,6,195522784
2022,6,195452948
2022,6,195522807
2022,6,195522812
2022,6,195522820
2022,6,195764731
2022,6,196176762
2022,6,195764739
2022,6,195764747
2022,6,195764753
2022,6,195764758
2022,6,195764767
2022,6,195764771
2022,3,196176823
2022,6,198312512
2022,6,196399054
2022,6,196399055
2022,6,196399057
2022,6,196399058
2022,6,196399060
2022,6,196399061
2022,6,196399063
2022,6,196399064
2022,6,196399084
2022,6,196399085
2022,6,196399086
2022,3,196399091
2022,3,196399092
2022,3,196399093
2022,3,196399094
2022,3,196399095
2022,3,196399097
2022,3,196399098
2022,3,196399100
2022,3,196399101
2022,3,196399102
2022,1,196399104
2022,6,196399105
2022,3,196399106
2022,6,196399108
2022,3,196399109
2022,3,196399111
2022,3,196399112
2022,3,196399114
2022,3,196399115
2022,3,196399117
2022,3,196399118
2022,3,196399120
2022,3,196399121
2022,3,196399122
2022,3,196399124
2022,6,196399125
2022,3,196399127
2022,3,196399128
2022,3,196399129
2022,6,196399131
2022,6,196399133
2022,6,196399134
2022,6,196399136
2022,6,196399138
2022,6,196399142
2022,3,196399143
2022,6,196412350
2022,6,196412352
2022,6,196784583
2022,6,196784589
2022,6,196784600
2022,6,196784618
2022,6,196784639
2022,6,196784650
2022,6,196784698
2022,6,196784701
2022,6,197412414
2022,6,197177186
2022,6,197177211
2022,6,197412417
2022,6,197412421
2022,6,197412424
2022,6,197177222
2022,6,197177257
2022,6,197177258
2022,6,197177259
2022,6,197549882
2022,3,197549883
2022,6,197549884
2022,6,197456996
2022,6,197456997
2022,6,197412431
2022,6,197412433
2022,6,197457032
2022,6,197457035
2022,3,197457036
2022,6,197457037
2022,6,197457038
2022,6,197457041
2022,6,197457044
2022,6,197457045
2022,6,197177296
2022,6,197457046
2022,6,197457047
2022,6,197412439
2022,6,198422653
2022,6,197457048
2022,6,197457049
2022,3,197457050
2022,6,197457051
2022,3,197457052
2022,6,197457053
2022,6,197457054
2022,6,197457055
2022,6,197457056
2022,6,197457058
2022,6,197412461
2022,6,197457060
2022,14,197457082
2022,6,197457085
2022,6,197457090
2022,6,197457115
2022,6,197457127
2022,6,197549916
2022,6,197549952
2022,6,197775831
2022,6,197775948
2022,6,197776562
2022,6,197776884
2022,6,197777738
2022,3,197883396
2022,6,197883400
2022,6,197883404
2022,6,197883405
2022,6,197883411
2022,6,197963007
2022,3,197963010
2022,6,197963016
2022,6,197963017
2022,6,198419203
2022,6,198419204
2022,6,199853710
2022,3,199853711
2022,6,201866118
2022,6,201866119
2022,6,201866120
2022,6,201866121
2022,6,196142578
2022,6,196142580
2022,6,196142582
2022,9,196142585
2022,8,196142586
2022,6,196142587
2022,6,196142589
2022,6,196142590
2022,6,196142591
2022,9,196142593
2022,6,196142594
2022,6,196142598
2022,6,196142601
2022,9,196142602
2022,9,196142605
2022,6,196142610
2022,6,196142613
2022,6,196142615
2022,6,196142616
2022,9,196142617
2022,6,196142618
2022,6,196142620
2022,6,196142621
2022,6,196142622
2022,6,196142625
2022,6,196142629
2022,6,196142631
2022,6,196142638
2022,6,196142641
2022,6,196142642
2022,9,196142643
2022,8,196142649
2022,6,196142650
2022,6,196142652
2022,6,196142653
2022,6,196142658
2022,3,196142659
2022,6,196142665
2022,6,196142667
2022,7,196142671
2022,9,196142672
2022,6,196142673
2022,6,196142675
2022,6,196142677
2022,6,196142682
2022,6,196142690
2022,6,196142696
2022,6,196142698
2022,6,196142702
2022,6,196142704
2022,6,196142705
2022,6,196142708
2022,6,196142710
2022,6,196142711
2022,7,196142713
2022,6,196142714
2022,6,196142717
2022,6,196142719
2022,6,196142723
2022,9,196142724
2022,9,196142725
2022,6,196142732
2022,9,196142737
2022,6,196142738
2022,6,196142747
2022,9,196142755
2022,6,196142756
2022,7,196142765
2022,6,196142766
2022,9,196142770
2022,6,196142774
2022,6,196142776
2022,6,196142778
2022,6,196142780
2022,6,196142781
2022,9,201506229
2022,6,196142785
2022,6,196142787
2022,6,196142791
2022,6,196142797
2022,6,196142807
2022,6,196142809
2022,6,196142810
2022,6,196142812
2022,6,196142813
2022,9,196142817
2022,6,196142818
2022,9,196142820
2022,9,201506231
2022,9,196142827
2022,9,196142839
2022,9,196142842
2022,6,196142843
2022,6,196142849
2022,6,196142851
2022,9,196142863
2022,6,196142867
2022,7,196142872
2022,6,196142877
2022,6,196142881
2022,8,196142885
2022,1,196142889
2022,6,196142890
2022,9,196142891
2022,6,196142893
2022,6,196142901
2022,6,196142907
2022,6,196142909
2022,6,196142914
2022,9,196142919
2022,6,196142920
2022,6,196142922
2022,6,196142925
2022,7,196142927
2022,6,196142930
2022,1,196142939
2022,1,196142940
2022,6,196142942
2022,9,196142954
2022,6,196142955
2022,5,196142956
2022,6,196142958
2022,6,196142959
2022,6,196142960
2022,6,196142962
2022,6,196142968
2022,6,196142969
2022,6,196142970
2022,9,196142974
2022,9,196142975
2022,6,196142976
2022,9,196142979
2022,6,196142988
2022,3,196142989
2022,6,196142992
2022,6,196142999
2022,6,196143004
2022,9,196143020
2022,6,196143025
2022,6,196143031
2022,6,196143037
2022,6,196143049
2022,6,196143050
2022,1,196143051
2022,6,196143066
2022,6,196143067
2022,8,196143071
2022,6,196143088
2022,9,196143089
2022,6,196143093
2022,6,196143102
2022,6,196143104
2022,6,196143106
2022,8,196143114
2022,6,196143116
2022,6,196143120
2022,6,196143121
2022,6,196143122
2022,6,196143125
2022,6,196143126
2022,3,196143130
2022,6,196143133
2022,6,196143138
2022,9,196143139
2022,6,196143148
2022,6,196143153
2022,6,196143155
2022,6,196143162
2022,6,196143163
2022,9,196143165
2022,6,196143172
2022,6,196143175
2022,6,196143177
2022,1,196143185
2022,6,196143189
2022,9,196143191
2022,6,196143192
2022,6,196143199
2022,9,196143200
2022,6,196143201
2022,6,196143203
2022,6,196143206
2022,6,196143213
2022,6,196143214
2022,9,196143218
2022,6,196143223
2022,6,196143227
2022,6,196143229
2022,7,196143232
2022,6,196143233
2022,9,196143236
2022,6,196143237
2022,9,196143241
2022,8,196143252
2022,6,196143256
2022,2,196143263
2022,6,196143265
2022,6,196143272
2022,6,196143273
2022,9,196143274
2022,6,196143279
2022,6,196143282
2022,6,196143289
2022,6,196143290
2022,6,196143291
2022,6,196143295
2022,9,196143296
2022,6,196143312
2022,9,196143315
2022,8,196143326
2022,6,196143330
2022,1,196143331
2022,6,196143338
2022,6,196143344
2022,6,196143348
2022,8,196143353
2022,6,196143357
2022,6,196143358
2022,1,196143361
2022,6,196143364
2022,6,196143369
2022,2,196143374
2022,6,196143375
2022,6,196143386
2022,6,196143390
2022,6,196143404
2022,6,196143406
2022,6,196143415
2022,6,196143416
2022,6,196143421
2022,6,196143424
2022,6,196143425
2022,6,196143426
2022,6,196143427
2022,6,196143428
2022,6,196143431
2022,9,196143432
2022,9,196143436
2022,6,196143440
2022,9,196143442
2022,6,196143443
2022,6,196143454
2022,6,196143458
2022,9,196143466
2022,6,196143467
2022,6,196143469
2022,6,196143470
2022,6,196143471
2022,6,196143477
2022,9,196143487
2022,6,196143490
2022,9,196143495
2022,6,196143497
2022,6,196143500
2022,6,196143503
2022,9,196143511
2022,6,196143530
2022,8,196143532
2022,6,196143533
2022,9,201506250
2022,6,196143537
2022,6,196143541
2022,6,196143543
2022,6,196143545
2022,6,196143547
2022,6,196143551
2022,6,196143553
2022,9,196143554
2022,9,196143555
2022,6,196143573
2022,3,196143574
2022,6,196143575
2022,8,196143579
2022,6,196143580
2022,6,196143582
2022,6,196143588
2022,6,196143590
2022,9,196143591
2022,6,196143597
2022,7,196143599
2022,9,196143600
2022,5,196143602
2022,6,196143608
2022,6,196143609
2022,6,196143613
2022,6,201506255
2022,6,196143623
2022,6,196143629
2022,6,196143631
2022,6,196143632
2022,6,196143633
2022,6,196143637
2022,6,196143638
2022,6,196143639
2022,6,196143642
2022,6,196143644
2022,6,196143646
2022,6,196143647
2022,6,196143649
2022,6,196143652
2022,9,196143654
2022,6,196143662
2022,6,196143664
2022,6,196143665
2022,6,196143681
2022,6,196143686
2022,6,196143695
2022,6,196143699
2022,9,196143706
2022,6,196143714
2022,6,196143719
2022,9,196143720
2022,9,196143721
2022,6,196143722
2022,6,196143725
2022,6,196143727
2022,6,196143729
2022,6,196143730
2022,6,196143731
2022,6,196143732
2022,6,196143740
2022,9,201506261
2022,6,201506262
2022,9,196143746
2022,9,196143748
2022,6,196143749
2022,6,196143757
2022,8,196143759
2022,6,196143760
2022,6,196143762
2022,9,196143769
2022,6,196143773
2022,6,196143774
2022,6,196143781
2022,6,196143782
2022,6,196143784
2022,6,196143796
2022,6,196143799
2022,6,196143800
2022,6,196143804
2022,9,201506268
2022,6,196143820
2022,6,196143822
2022,8,196143824
2022,5,196143827
2022,6,196143829
2022,6,196143831
2022,6,196143832
2022,6,196143839
2022,6,196143840
2022,6,196143844
2022,8,196143845
2022,6,196143847
2022,6,196143849
2022,6,196143851
2022,6,196143853
2022,6,196143862
2022,6,196143870
2022,9,196143878
2022,6,196143883
2022,6,196143885
2022,6,196143886
2022,6,196143888
2022,7,201506275
2022,9,196143900
2022,6,196143901
2022,6,196143907
2022,9,196143914
2022,6,196143919
2022,6,196143920
2022,6,196143930
2022,6,196143932
2022,6,196143941
2022,6,196143946
2022,6,196143949
2022,6,196143950
2022,6,196143951
2022,6,196143953
2022,6,201506284
2022,1,196143961
2022,6,196143962
2022,6,196143964
2022,6,196143965
2022,6,196143966
2022,9,196143974
2022,8,196143976
2022,6,196143977
2022,6,196143982
2022,6,196143983
2022,6,196143984
2022,6,196143994
2022,9,196143998
2022,6,196144003
2022,6,196144016
2022,6,196144020
2022,6,196144025
2022,6,196144028
2022,6,196144033
2022,6,196144035
2022,3,196144038
2022,6,196144041
2022,6,196144042
2022,6,196144046
2022,1,196144047
2022,6,196144050
2022,6,196144054
2022,6,196144055
2022,6,196144056
2022,6,196144060
2022,1,196144066
2022,9,196144073
